dataset_record_id,tweet_id,system,model,model_version_or_revision,generated_translation,generation_status,generation_timestamp,run_id,input_sha256,record_input_sha256,output_sha256,attempted,runtime_seconds,error_code,metadata_json
record:003712eeeaf4e0ac0acb572a2f47c98f64d4977230e6b2fef776e20a964e53d4,850191645064560640,ollama,qwen2.5:3b-instruct,UNAVAILABLE_NOT_RETURNED,,BLOCKED_NOT_ATTEMPTED,,20260912_blind_v5,8d8f5fcab9e03c6a1dfc90d5a2bfc7a3f92959df7f202b8e9bd65a169f2d9337,ed2d35a24398bc6a04242f91498d197fb9cbccbb96d91808b30898d165b94907,,False,,HOST_NOT_CONFIGURED,{}
record:0037cfef513b8b1d6236a619600f9491b4844e66c31ce53e7806d0db8ea2b6e6,974924644963663873,ollama,qwen2.5:3b-instruct,UNAVAILABLE_NOT_RETURNED,,BLOCKED_NOT_ATTEMPTED,,20260912_blind_v5,8d8f5fcab9e03c6a1dfc90d5a2bfc7a3f92959df7f202b8e9bd65a169f2d9337,40e4a7c780469389f458e9b3bcd7b071df01d13814979a62da25d6bdc2c369da,,False,,HOST_NOT_CONFIGURED,{}
record:008cce2313de31d6f12c13ea168dbb8c8d19eaf42cc591bead300050bd840d4b,856808492279234562,ollama,qwen2.5:3b-instruct,UNAVAILABLE_NOT_RETURNED,,BLOCKED_NOT_ATTEMPTED,,20260912_blind_v5,8d8f5fcab9e03c6a1dfc90d5a2bfc7a3f92959df7f202b8e9bd65a169f2d9337,1e396b241da029143f221cd74bfde4f8ca82d8d37327f8e1b6eff7951df3bf08,,False,,HOST_NOT_CONFIGURED,{}
record:009f3c4b06cb02a6cbbcccf665c464d3019f5d86ae82b22ba6ae6dbd197fad43,603213557346492417,ollama,qwen2.5:3b-instruct,UNAVAILABLE_NOT_RETURNED,,BLOCKED_NOT_ATTEMPTED,,20260912_blind_v5,8d8f5fcab9e03c6a1dfc90d5a2bfc7a3f92959df7f202b8e9bd65a169f2d9337,bdb4513743d94b6895a516cf3bc3d102e2dfbc6c611091cfdc6ae1383adf1a7d,,False,,HOST_NOT_CONFIGURED,{}
record:00a14b5a4b645d36f40752e6fd06487a1f6cf5da789b8733b3caa204a0f41d30,1034288796135710722,ollama,qwen2.5:3b-instruct,UNAVAILABLE_NOT_RETURNED,,BLOCKED_NOT_ATTEMPTED,,20260912_blind_v5,8d8f5fcab9e03c6a1dfc90d5a2bfc7a3f92959df7f202b8e9bd65a169f2d9337,3517ce0bb5b6ee15d2d2a26c63f1f0ae5cc5873616a16756cff8fdd8c6f86ab5,,False,,HOST_NOT_CONFIGURED,{}
record:01171e96f8b011732b64baffa12845aeba3410e2f9262e4412893bbf601759f2,912642447083134977,ollama,qwen2.5:3b-instruct,UNAVAILABLE_NOT_RETURNED,,BLOCKED_NOT_ATTEMPTED,,20260912_blind_v5,8d8f5fcab9e03c6a1dfc90d5a2bfc7a3f92959df7f202b8e9bd65a169f2d9337,d5e6c613d9f637d179c514213832a52154d22745aa24858a5bf9a223d56fffcf,,False,,HOST_NOT_CONFIGURED,{}
record:014e210f271c9832417fd9d7b9e1459940c2280559cd9c10c2b490f78175df5b,1098445625295663104,ollama,qwen2.5:3b-instruct,UNAVAILABLE_NOT_RETURNED,,BLOCKED_NOT_ATTEMPTED,,20260912_blind_v5,8d8f5fcab9e03c6a1dfc90d5a2bfc7a3f92959df7f202b8e9bd65a169f2d9337,d79a3a0aadcfa232d9272ba9a2960974ef1644392b2632e425825ba2e5870e25,,False,,HOST_NOT_CONFIGURED,{}
record:016c7be173e295ea00e1f29572d51ed4f98282b3be8fa4f436f7cf531647a6d3,933193259106516997,ollama,qwen2.5:3b-instruct,UNAVAILABLE_NOT_RETURNED,,BLOCKED_NOT_ATTEMPTED,,20260912_blind_v5,8d8f5fcab9e03c6a1dfc90d5a2bfc7a3f92959df7f202b8e9bd65a169f2d9337,8fd7d560bd36d2903255b400629ba7876076a92e72b9b0c2b6b025d62323078b,,False,,HOST_NOT_CONFIGURED,{}
record:01ba32715b986a5e8d20e1a6feb1516297f8f3095485a2d6eca68dd43a81988e,1078866338800693249,ollama,qwen2.5:3b-instruct,UNAVAILABLE_NOT_RETURNED,,BLOCKED_NOT_ATTEMPTED,,20260912_blind_v5,8d8f5fcab9e03c6a1dfc90d5a2bfc7a3f92959df7f202b8e9bd65a169f2d9337,cd7f6f22c5233f00d4e8df537ff9a3bbbcada800617f6fde27863c0c5d2e61fe,,False,,HOST_NOT_CONFIGURED,{}
record:01d0d7212414c72d029ce2c8635690eb00c2dd7e9783eee76efc2515c4e31adb,1038744495427223552,ollama,qwen2.5:3b-instruct,UNAVAILABLE_NOT_RETURNED,,BLOCKED_NOT_ATTEMPTED,,20260912_blind_v5,8d8f5fcab9e03c6a1dfc90d5a2bfc7a3f92959df7f202b8e9bd65a169f2d9337,9721d217b0845b2ec4fd61bc6f1f4b37a1f33449c2e79a4e37e4d3feab6b9558,,False,,HOST_NOT_CONFIGURED,{}
record:0234568c6ce1663dda23ac25b090bae893cb884083f6dbd149c7e01034073c99,621241334414864384,ollama,qwen2.5:3b-instruct,UNAVAILABLE_NOT_RETURNED,,BLOCKED_NOT_ATTEMPTED,,20260912_blind_v5,8d8f5fcab9e03c6a1dfc90d5a2bfc7a3f92959df7f202b8e9bd65a169f2d9337,0519d8144e311aa9c0dae3ec918fd21418b7eaedd2a7a7bdfec8e139327fb040,,False,,HOST_NOT_CONFIGURED,{}
record:02f6a69f3714c2ec41b69b760691e1d937446bd26a14077a00b2fb97daa5bce7,634055024218349568,ollama,qwen2.5:3b-instruct,UNAVAILABLE_NOT_RETURNED,,BLOCKED_NOT_ATTEMPTED,,20260912_blind_v5,8d8f5fcab9e03c6a1dfc90d5a2bfc7a3f92959df7f202b8e9bd65a169f2d9337,d5dfece38517f41633a7708125f5f7d53038c61a79ec8958a48a9b2719cd7414,,False,,HOST_NOT_CONFIGURED,{}
record:036d26903d2857c224ed35eb270587542cf316c2f829c743c5486c7966669d71,995890159148187648,ollama,qwen2.5:3b-instruct,UNAVAILABLE_NOT_RETURNED,,BLOCKED_NOT_ATTEMPTED,,20260912_blind_v5,8d8f5fcab9e03c6a1dfc90d5a2bfc7a3f92959df7f202b8e9bd65a169f2d9337,e06646908cd23cc4ebcb7e09d1c14e4a49a2fcc417e2f88a137b616292e397cf,,False,,HOST_NOT_CONFIGURED,{}
record:03c4544c9af1bb2ac907e3428853af688f6ca353ee23e410bec18ff1eb425591,1048051847926181889,ollama,qwen2.5:3b-instruct,UNAVAILABLE_NOT_RETURNED,,BLOCKED_NOT_ATTEMPTED,,20260912_blind_v5,8d8f5fcab9e03c6a1dfc90d5a2bfc7a3f92959df7f202b8e9bd65a169f2d9337,d380c40383e8def2a61ba5d797f7214c2fc369cb838c38ddfbae1432e720e092,,False,,HOST_NOT_CONFIGURED,{}
record:03cdcabe605526e9940472d4294e269cc22ed288cd88eda176113752db0fb010,536128531601051648,ollama,qwen2.5:3b-instruct,UNAVAILABLE_NOT_RETURNED,,BLOCKED_NOT_ATTEMPTED,,20260912_blind_v5,8d8f5fcab9e03c6a1dfc90d5a2bfc7a3f92959df7f202b8e9bd65a169f2d9337,a526240de58e6eea7ba719618adfcca72e6bc8f992f2fde00e42527f44f7624a,,False,,HOST_NOT_CONFIGURED,{}
record:040d055c5573b4252b30b8ea60de43d31f81e79213c16228b27fa29fda9e4af9,1100647791880110080,ollama,qwen2.5:3b-instruct,UNAVAILABLE_NOT_RETURNED,,BLOCKED_NOT_ATTEMPTED,,20260912_blind_v5,8d8f5fcab9e03c6a1dfc90d5a2bfc7a3f92959df7f202b8e9bd65a169f2d9337,ae7b4323692f4c2d52d16669deadb887ccf796f02374b2392078b064dc43d77f,,False,,HOST_NOT_CONFIGURED,{}
record:0413e9a4c0cf7592e18ee298db28dc47b2bc04c77c44f6ca14dbf272ca30a9dc,548787346703802369,ollama,qwen2.5:3b-instruct,UNAVAILABLE_NOT_RETURNED,,BLOCKED_NOT_ATTEMPTED,,20260912_blind_v5,8d8f5fcab9e03c6a1dfc90d5a2bfc7a3f92959df7f202b8e9bd65a169f2d9337,e64421d0db90f7abb2334838d9d41ccb9802a49f68365111ff1dd2e932f75576,,False,,HOST_NOT_CONFIGURED,{}
record:0470f9069ba574a17cf80e575330eef53a21478b82f6460e231c59e3d60341fe,1034284847991152640,ollama,qwen2.5:3b-instruct,UNAVAILABLE_NOT_RETURNED,,BLOCKED_NOT_ATTEMPTED,,20260912_blind_v5,8d8f5fcab9e03c6a1dfc90d5a2bfc7a3f92959df7f202b8e9bd65a169f2d9337,4f49c9c3ae016e7f21e3e8f6f2250b40dad8789d85ab809d903faa2b3d7d6379,,False,,HOST_NOT_CONFIGURED,{}
record:04dcc41c5b5504bcbf6a1c20d842ffd4b549e983b6c87c87825ce153d432a9d5,953887088369283072,ollama,qwen2.5:3b-instruct,UNAVAILABLE_NOT_RETURNED,,BLOCKED_NOT_ATTEMPTED,,20260912_blind_v5,8d8f5fcab9e03c6a1dfc90d5a2bfc7a3f92959df7f202b8e9bd65a169f2d9337,094f8c22be327f7e2fe4d012cd9cd234eb62a9cdab09ed642d98eb1d5c9b6651,,False,,HOST_NOT_CONFIGURED,{}
record:04ef9c5af384ee8aa19280fd79dcf7bcdc6ac95f3fe1aeb1015dc7d0518f202a,878463358973820929,ollama,qwen2.5:3b-instruct,UNAVAILABLE_NOT_RETURNED,,BLOCKED_NOT_ATTEMPTED,,20260912_blind_v5,8d8f5fcab9e03c6a1dfc90d5a2bfc7a3f92959df7f202b8e9bd65a169f2d9337,8b7a1a2df88f707e2dd202631bce2f8d66690e879c4c7a712875edc994df78ac,,False,,HOST_NOT_CONFIGURED,{}
record:0522079a7a0a87ee535420a6479574043688d2a4f7fa18ea6071bebdcb9a9803,591901089814814720,ollama,qwen2.5:3b-instruct,UNAVAILABLE_NOT_RETURNED,,BLOCKED_NOT_ATTEMPTED,,20260912_blind_v5,8d8f5fcab9e03c6a1dfc90d5a2bfc7a3f92959df7f202b8e9bd65a169f2d9337,e0e8ca02288eee1fbc52733323739e893cad42f9db38df5c87eae984eca7bd6b,,False,,HOST_NOT_CONFIGURED,{}
record:05296071fa67983f5590d8c7c8da50cd67d25ba2ed17646b710545f64cc39b0f,1022703284400807936,ollama,qwen2.5:3b-instruct,UNAVAILABLE_NOT_RETURNED,,BLOCKED_NOT_ATTEMPTED,,20260912_blind_v5,8d8f5fcab9e03c6a1dfc90d5a2bfc7a3f92959df7f202b8e9bd65a169f2d9337,8b474d0a0933d1fff94d09374a2be43cccc02f0c911f3bbb3b9e878168375175,,False,,HOST_NOT_CONFIGURED,{}
record:05343dfa1bbaebffbead5f45e82f2dc0fd9a0c303f4d8fe4dc3e496f7a28a6fb,1056105892255547392,ollama,qwen2.5:3b-instruct,UNAVAILABLE_NOT_RETURNED,,BLOCKED_NOT_ATTEMPTED,,20260912_blind_v5,8d8f5fcab9e03c6a1dfc90d5a2bfc7a3f92959df7f202b8e9bd65a169f2d9337,fe9a3e0f4f62def428a919d0b891de4419ab2a0c9090a7425d5a522657a504ac,,False,,HOST_NOT_CONFIGURED,{}
record:05885681e260b47b9d185ced9624fc8fb9540177544e35fd99ac0e41f798bd8f,619836374477336576,ollama,qwen2.5:3b-instruct,UNAVAILABLE_NOT_RETURNED,,BLOCKED_NOT_ATTEMPTED,,20260912_blind_v5,8d8f5fcab9e03c6a1dfc90d5a2bfc7a3f92959df7f202b8e9bd65a169f2d9337,dee17dfe6fd7f84a201b93da93beaaef515e921265813e38eaf20af9fdfe566b,,False,,HOST_NOT_CONFIGURED,{}
record:05c53039655fbf68bb1d52d853f7ddb1e872024368daa32d47c9c4ec1f803219,629690451868692480,ollama,qwen2.5:3b-instruct,UNAVAILABLE_NOT_RETURNED,,BLOCKED_NOT_ATTEMPTED,,20260912_blind_v5,8d8f5fcab9e03c6a1dfc90d5a2bfc7a3f92959df7f202b8e9bd65a169f2d9337,b8fd9e11ebd893be23f3946672a1f0ff620e61ececea4c381302bc085b6d195f,,False,,HOST_NOT_CONFIGURED,{}
record:05df792c5e1a982e5b436ce7ad13536a8a7a89efd35be2517ee980ae10fecd9f,821709779492081664,ollama,qwen2.5:3b-instruct,UNAVAILABLE_NOT_RETURNED,,BLOCKED_NOT_ATTEMPTED,,20260912_blind_v5,8d8f5fcab9e03c6a1dfc90d5a2bfc7a3f92959df7f202b8e9bd65a169f2d9337,524c620907d9801b1330cfea4bf35d6a193aeac34aff882c93f63af8797b45f6,,False,,HOST_NOT_CONFIGURED,{}
record:071b9cf8d3e09e11b8db9f1727d23334d97fe17e2dc24bb442b471d4d5525c71,616131716223225856,ollama,qwen2.5:3b-instruct,UNAVAILABLE_NOT_RETURNED,,BLOCKED_NOT_ATTEMPTED,,20260912_blind_v5,8d8f5fcab9e03c6a1dfc90d5a2bfc7a3f92959df7f202b8e9bd65a169f2d9337,fcdf6e6d6de2368c77ac960abf026d9743d6305ee85a4bbee165307f190afeb1,,False,,HOST_NOT_CONFIGURED,{}
record:0738a85d890c87c92e3471154f9bb18cd4c8a4c1915e71c639ef8f3ae2fe224c,1031393915981766656,ollama,qwen2.5:3b-instruct,UNAVAILABLE_NOT_RETURNED,,BLOCKED_NOT_ATTEMPTED,,20260912_blind_v5,8d8f5fcab9e03c6a1dfc90d5a2bfc7a3f92959df7f202b8e9bd65a169f2d9337,1da16269c1104a37d3232a33ecf044a71be5aceaf6c20988364c0d167113b6d8,,False,,HOST_NOT_CONFIGURED,{}
record:0790a3ef456b26ae7b5ab3af09d40c4586a52cb6b75b8f381c14f86a640b547a,582879562201112576,ollama,qwen2.5:3b-instruct,UNAVAILABLE_NOT_RETURNED,,BLOCKED_NOT_ATTEMPTED,,20260912_blind_v5,8d8f5fcab9e03c6a1dfc90d5a2bfc7a3f92959df7f202b8e9bd65a169f2d9337,d7c7be050199381b59edb647c0537ac193d953fa606a9ae4013778ab5bede7b0,,False,,HOST_NOT_CONFIGURED,{}
record:0805c4df93687026c0d2d0cc3b7cb728e1179b9a1256429e743edf1e9a647204,604166199300214785,ollama,qwen2.5:3b-instruct,UNAVAILABLE_NOT_RETURNED,,BLOCKED_NOT_ATTEMPTED,,20260912_blind_v5,8d8f5fcab9e03c6a1dfc90d5a2bfc7a3f92959df7f202b8e9bd65a169f2d9337,972e8851302b878472956a51125f9c713060c6f327b5de202f421d738b1af5e4,,False,,HOST_NOT_CONFIGURED,{}
record:0834fdea512fafcdf55d156e3cf3b53edfed37faa59253a63a133a203b475ac8,870502396211863555,ollama,qwen2.5:3b-instruct,UNAVAILABLE_NOT_RETURNED,,BLOCKED_NOT_ATTEMPTED,,20260912_blind_v5,8d8f5fcab9e03c6a1dfc90d5a2bfc7a3f92959df7f202b8e9bd65a169f2d9337,07cce3eb9c91d1052d1ec0a2c76a8736f281e0bdd482a8fd2d039dcc5eb0301a,,False,,HOST_NOT_CONFIGURED,{}
record:08df4a1082f11a05799823f05178d3520a210610ff6bbf191791117c71d74adb,1078879051035463680,ollama,qwen2.5:3b-instruct,UNAVAILABLE_NOT_RETURNED,,BLOCKED_NOT_ATTEMPTED,,20260912_blind_v5,8d8f5fcab9e03c6a1dfc90d5a2bfc7a3f92959df7f202b8e9bd65a169f2d9337,58d634842a18a125064767afa2b6c551b159132646a1238562a275ed959c20cc,,False,,HOST_NOT_CONFIGURED,{}
record:09039291546e0ff0a2d6b522849525d1afab80f195046c5bb09a6af40f6a2dcf,597688272341626881,ollama,qwen2.5:3b-instruct,UNAVAILABLE_NOT_RETURNED,,BLOCKED_NOT_ATTEMPTED,,20260912_blind_v5,8d8f5fcab9e03c6a1dfc90d5a2bfc7a3f92959df7f202b8e9bd65a169f2d9337,8c00725f3800e285eb1141070a4bbb699f78ebf002ffc808125ff341c667b151,,False,,HOST_NOT_CONFIGURED,{}
record:0967f02b2f7677c6375c16c6faf08af168c51c227786c26383e3efbb2ab74a05,918329103152955392,ollama,qwen2.5:3b-instruct,UNAVAILABLE_NOT_RETURNED,,BLOCKED_NOT_ATTEMPTED,,20260912_blind_v5,8d8f5fcab9e03c6a1dfc90d5a2bfc7a3f92959df7f202b8e9bd65a169f2d9337,349c1ea112d478bbe0a3af22f10f9f237f5d27222ac9c909acedf976c246f893,,False,,HOST_NOT_CONFIGURED,{}
record:099833ed67f590e7ff451ff977fc29d13b0a195a6891d9b7e121942a0b24b7c4,591963713801859072,ollama,qwen2.5:3b-instruct,UNAVAILABLE_NOT_RETURNED,,BLOCKED_NOT_ATTEMPTED,,20260912_blind_v5,8d8f5fcab9e03c6a1dfc90d5a2bfc7a3f92959df7f202b8e9bd65a169f2d9337,f99bc8f58c60fa5aaf3a0b3422662b1d6ef8d01bf279f8f8b020591cac7e8606,,False,,HOST_NOT_CONFIGURED,{}
record:0a50c6e802bd86144666643b18440cbb7cc5ba7e4bc4d4da542c52cd45cf87a8,866469775924281344,ollama,qwen2.5:3b-instruct,UNAVAILABLE_NOT_RETURNED,,BLOCKED_NOT_ATTEMPTED,,20260912_blind_v5,8d8f5fcab9e03c6a1dfc90d5a2bfc7a3f92959df7f202b8e9bd65a169f2d9337,5b1a28058cda5c9e95731df9b467b270af08914b9267b1b7c7a9994f88992362,,False,,HOST_NOT_CONFIGURED,{}
record:0ab209585b1358b60720ba9de6d216032538e4cbcbb7fc2277dd19d0958f8fff,900231841785020416,ollama,qwen2.5:3b-instruct,UNAVAILABLE_NOT_RETURNED,,BLOCKED_NOT_ATTEMPTED,,20260912_blind_v5,8d8f5fcab9e03c6a1dfc90d5a2bfc7a3f92959df7f202b8e9bd65a169f2d9337,dafbfe22865b955bec473faca62e53677b2fbb60e95897672993aef0116c08c2,,False,,HOST_NOT_CONFIGURED,{}
record:0b7953a077204ec02695fd090989915c1dbadcd0178d887a0b1ce374e60d7207,911452250869948416,ollama,qwen2.5:3b-instruct,UNAVAILABLE_NOT_RETURNED,,BLOCKED_NOT_ATTEMPTED,,20260912_blind_v5,8d8f5fcab9e03c6a1dfc90d5a2bfc7a3f92959df7f202b8e9bd65a169f2d9337,0544080e5b633895068631ffcae5da48d18a9ac12275e6f5e57e22f59466a090,,False,,HOST_NOT_CONFIGURED,{}
record:0bf3a7736a780481db66a03f35e3a65e98eedab97acc2ad3513b59ba146ef1af,613315135952842752,ollama,qwen2.5:3b-instruct,UNAVAILABLE_NOT_RETURNED,,BLOCKED_NOT_ATTEMPTED,,20260912_blind_v5,8d8f5fcab9e03c6a1dfc90d5a2bfc7a3f92959df7f202b8e9bd65a169f2d9337,95cdee7cc87994832eaa5a3c9b7d8979e0275599b07241e0b2d6d1599ad6f75d,,False,,HOST_NOT_CONFIGURED,{}
record:0d4d9d3b03adf5739e6c5776abccc110db836255074843645f9c6a05a69e66a3,879915782288809984,ollama,qwen2.5:3b-instruct,UNAVAILABLE_NOT_RETURNED,,BLOCKED_NOT_ATTEMPTED,,20260912_blind_v5,8d8f5fcab9e03c6a1dfc90d5a2bfc7a3f92959df7f202b8e9bd65a169f2d9337,76adc3817ebcfaab85d5af3f2512e77e728f4bd1bba32f778c004960a4aeee66,,False,,HOST_NOT_CONFIGURED,{}
record:0d61472bbb98c0e7da0bb7c2330be93d4ee76dbc4a65bcc011fed147f4b3e9a6,621873574270398464,ollama,qwen2.5:3b-instruct,UNAVAILABLE_NOT_RETURNED,,BLOCKED_NOT_ATTEMPTED,,20260912_blind_v5,8d8f5fcab9e03c6a1dfc90d5a2bfc7a3f92959df7f202b8e9bd65a169f2d9337,c5abcaf1d3988562d892db1ce53f695ba0735123d83e71e9c1cc246ed101719d,,False,,HOST_NOT_CONFIGURED,{}
record:0d73847b17b3e611c460953500a02e6e69d6676cec042bd35e350e9a8238938a,1082613947742728193,ollama,qwen2.5:3b-instruct,UNAVAILABLE_NOT_RETURNED,,BLOCKED_NOT_ATTEMPTED,,20260912_blind_v5,8d8f5fcab9e03c6a1dfc90d5a2bfc7a3f92959df7f202b8e9bd65a169f2d9337,bef93554876c01e720df096bff0525f856befafa29a499f8bc913e2a29168ed6,,False,,HOST_NOT_CONFIGURED,{}
record:0d861ff5cb921080fc74354e17558cf6ed9905508ff0758342439836dfcd5211,1013039835500535808,ollama,qwen2.5:3b-instruct,UNAVAILABLE_NOT_RETURNED,,BLOCKED_NOT_ATTEMPTED,,20260912_blind_v5,8d8f5fcab9e03c6a1dfc90d5a2bfc7a3f92959df7f202b8e9bd65a169f2d9337,00df4cb96c8d94e9ed7b86476c779c481827760b7628874d7999f186e8b121f6,,False,,HOST_NOT_CONFIGURED,{}
record:0d939a44689b6af1523b7709e14b49dcd330f6b480a6c4fa9754a3c324e01515,590811969600495617,ollama,qwen2.5:3b-instruct,UNAVAILABLE_NOT_RETURNED,,BLOCKED_NOT_ATTEMPTED,,20260912_blind_v5,8d8f5fcab9e03c6a1dfc90d5a2bfc7a3f92959df7f202b8e9bd65a169f2d9337,c56f4ab13cee1657e5c8abdf3f12bbb58bb169315b1da56f1221497dd88fdc71,,False,,HOST_NOT_CONFIGURED,{}
record:0d9e770d5ef57f1870de84f5750f0a8bf2af9aca21f0f4662c64bd7b5dd9fc64,836779724437393408,ollama,qwen2.5:3b-instruct,UNAVAILABLE_NOT_RETURNED,,BLOCKED_NOT_ATTEMPTED,,20260912_blind_v5,8d8f5fcab9e03c6a1dfc90d5a2bfc7a3f92959df7f202b8e9bd65a169f2d9337,6a966d3c9e6bdccd4ab93df21716967a0e9710f9e840f6c21521b6449a320e5d,,False,,HOST_NOT_CONFIGURED,{}
record:0dd0837b3d29e619d2a84a116930cec25624c624e1722309b9336fae22a6447e,1043778186230738944,ollama,qwen2.5:3b-instruct,UNAVAILABLE_NOT_RETURNED,,BLOCKED_NOT_ATTEMPTED,,20260912_blind_v5,8d8f5fcab9e03c6a1dfc90d5a2bfc7a3f92959df7f202b8e9bd65a169f2d9337,65ecdfbfe7a85daffe8cb960200ef4961a887325a43f95eac18d93f53a16c69c,,False,,HOST_NOT_CONFIGURED,{}
record:0e267547edeedbd0e657f955bee1fa95639857441deecdb26d73c5bc9f4de7af,586499809307156480,ollama,qwen2.5:3b-instruct,UNAVAILABLE_NOT_RETURNED,,BLOCKED_NOT_ATTEMPTED,,20260912_blind_v5,8d8f5fcab9e03c6a1dfc90d5a2bfc7a3f92959df7f202b8e9bd65a169f2d9337,ddf853a71e420d5cb05b42de215cf7d7a29912e51fcb72ee953f92fff249e618,,False,,HOST_NOT_CONFIGURED,{}
record:0e6aa1c99ff3fef74a51606a68fbd47bb30a133617c500b5add728f2b3f4e81e,919470663508705280,ollama,qwen2.5:3b-instruct,UNAVAILABLE_NOT_RETURNED,,BLOCKED_NOT_ATTEMPTED,,20260912_blind_v5,8d8f5fcab9e03c6a1dfc90d5a2bfc7a3f92959df7f202b8e9bd65a169f2d9337,23194983e6815790e4c6ade8aed9748510b5b275b3a2f7e528b5dfa2616f3b79,,False,,HOST_NOT_CONFIGURED,{}
record:0eca44d4b0e59c2fa5e386afcbfe1b0fcee7441237349fc956cf4f85018a7ea4,809585050429702144,ollama,qwen2.5:3b-instruct,UNAVAILABLE_NOT_RETURNED,,BLOCKED_NOT_ATTEMPTED,,20260912_blind_v5,8d8f5fcab9e03c6a1dfc90d5a2bfc7a3f92959df7f202b8e9bd65a169f2d9337,c445895d661756957f9ad7e65a7db75097b13f808aa94b9cf253dea55f47bd2c,,False,,HOST_NOT_CONFIGURED,{}
record:0ed3962f2933a8107a35d0ad02004395d7d0cec920ac54bb70cb8ad832fc7eb3,805993905674067968,ollama,qwen2.5:3b-instruct,UNAVAILABLE_NOT_RETURNED,,BLOCKED_NOT_ATTEMPTED,,20260912_blind_v5,8d8f5fcab9e03c6a1dfc90d5a2bfc7a3f92959df7f202b8e9bd65a169f2d9337,da40bc2603fd6371ee8ada6ddb606252bab2dc457ec539251d2ae55468e2349c,,False,,HOST_NOT_CONFIGURED,{}
record:0f0a57dc4d166a8945420d2d7c0ee0fb72441efe93a853a1417f20fc4ae68320,1125378676655157250,ollama,qwen2.5:3b-instruct,UNAVAILABLE_NOT_RETURNED,,BLOCKED_NOT_ATTEMPTED,,20260912_blind_v5,8d8f5fcab9e03c6a1dfc90d5a2bfc7a3f92959df7f202b8e9bd65a169f2d9337,333bdf4a21b85e5dde7bcbc814bcb87fd96f1036a98e425b5e12551b0bd69545,,False,,HOST_NOT_CONFIGURED,{}
record:0f2bcd206151826403a64e5f0c1dda5e9b3ba22f03858ad6d825aeed93cea15c,1070766780895772673,ollama,qwen2.5:3b-instruct,UNAVAILABLE_NOT_RETURNED,,BLOCKED_NOT_ATTEMPTED,,20260912_blind_v5,8d8f5fcab9e03c6a1dfc90d5a2bfc7a3f92959df7f202b8e9bd65a169f2d9337,8c3e5d767d2a51af2d2bf9a5c5a0c09bd5a7cbb2eee4dd54dbc2e37edd15f1ac,,False,,HOST_NOT_CONFIGURED,{}
record:0f4c3e429103c2ff5301ff04605ed24436b11ce01b57f053f3b74c548582385e,611024126656974849,ollama,qwen2.5:3b-instruct,UNAVAILABLE_NOT_RETURNED,,BLOCKED_NOT_ATTEMPTED,,20260912_blind_v5,8d8f5fcab9e03c6a1dfc90d5a2bfc7a3f92959df7f202b8e9bd65a169f2d9337,2617d993d799775e61fa761ceb2810b3f00588423807c95056e5dc63ca335495,,False,,HOST_NOT_CONFIGURED,{}
record:0fab20db3ad845b768158a8cf936a1db434d8b0f4a20119f4e1338c33d5dcca1,937892487485579270,ollama,qwen2.5:3b-instruct,UNAVAILABLE_NOT_RETURNED,,BLOCKED_NOT_ATTEMPTED,,20260912_blind_v5,8d8f5fcab9e03c6a1dfc90d5a2bfc7a3f92959df7f202b8e9bd65a169f2d9337,a664afd8866173bfb237d63fab51df1899115e372cebc5ca8472faf6602897b1,,False,,HOST_NOT_CONFIGURED,{}
record:101fd3acc5a049ec1de684fb3371e5028522174b67eef287043ae5d7b9f848c7,1089838078028644352,ollama,qwen2.5:3b-instruct,UNAVAILABLE_NOT_RETURNED,,BLOCKED_NOT_ATTEMPTED,,20260912_blind_v5,8d8f5fcab9e03c6a1dfc90d5a2bfc7a3f92959df7f202b8e9bd65a169f2d9337,7e09fe78162a47acd6b58782d6346b65f0e6213c108e3d2403b851c274bf6d42,,False,,HOST_NOT_CONFIGURED,{}
record:1058579f3c50bb74e7610b14b680d4d2a67dd8fec3c57b7401beea81f6e87d96,786163714034589696,ollama,qwen2.5:3b-instruct,UNAVAILABLE_NOT_RETURNED,,BLOCKED_NOT_ATTEMPTED,,20260912_blind_v5,8d8f5fcab9e03c6a1dfc90d5a2bfc7a3f92959df7f202b8e9bd65a169f2d9337,8a7c6af28b6d57503901a62c3b81762563e4c89b30718d1ee2c586aae9fb12cd,,False,,HOST_NOT_CONFIGURED,{}
record:105c1d64df24e625c8ea5937916df7beb8bf5748330b1e19ddaf519e68d95268,1054362503675830272,ollama,qwen2.5:3b-instruct,UNAVAILABLE_NOT_RETURNED,,BLOCKED_NOT_ATTEMPTED,,20260912_blind_v5,8d8f5fcab9e03c6a1dfc90d5a2bfc7a3f92959df7f202b8e9bd65a169f2d9337,fd240692142d63fc6223b33d49b53b8f886e92c9e554b0b48d43d6948e2b5f67,,False,,HOST_NOT_CONFIGURED,{}
record:10ba835cb7f9aa136f8131bc362de44870f21ae296c4fe5c8d7ee48fc62a5e08,1065889532111962112,ollama,qwen2.5:3b-instruct,UNAVAILABLE_NOT_RETURNED,,BLOCKED_NOT_ATTEMPTED,,20260912_blind_v5,8d8f5fcab9e03c6a1dfc90d5a2bfc7a3f92959df7f202b8e9bd65a169f2d9337,6f80773dcd6b4982b6e4e3654081fdcaa1297fbc3f87115e29ca8ce8f7dcbfc7,,False,,HOST_NOT_CONFIGURED,{}
record:12078f51b9e8e0ca67a1939e138bcc61aa6a7288a015208cc4bba4434df2a264,932439417125351424,ollama,qwen2.5:3b-instruct,UNAVAILABLE_NOT_RETURNED,,BLOCKED_NOT_ATTEMPTED,,20260912_blind_v5,8d8f5fcab9e03c6a1dfc90d5a2bfc7a3f92959df7f202b8e9bd65a169f2d9337,27d5f2482487020feb2aa587a50e4526a25bd0e46f44332324a9e761949540b9,,False,,HOST_NOT_CONFIGURED,{}
record:13486bc3816a500eb3754a710cbd2107f4ff666a2162b256d2970e13ab0c8c4d,898761955086749697,ollama,qwen2.5:3b-instruct,UNAVAILABLE_NOT_RETURNED,,BLOCKED_NOT_ATTEMPTED,,20260912_blind_v5,8d8f5fcab9e03c6a1dfc90d5a2bfc7a3f92959df7f202b8e9bd65a169f2d9337,2b457930ddc89ffb46696ba7b7abfe2cc8ac12302ce41a8b6d06dd07ab852a6b,,False,,HOST_NOT_CONFIGURED,{}
record:13537cd33b31b547433d42ad4f5379dd614b11447df721b5ec9a0af50fab8da5,824895340323106817,ollama,qwen2.5:3b-instruct,UNAVAILABLE_NOT_RETURNED,,BLOCKED_NOT_ATTEMPTED,,20260912_blind_v5,8d8f5fcab9e03c6a1dfc90d5a2bfc7a3f92959df7f202b8e9bd65a169f2d9337,e1f40aa3e4777548123855bee2d118f9be51c389dbe6f6c3732d706deda7b5a8,,False,,HOST_NOT_CONFIGURED,{}
record:1370c9e2932c7aa9f12535eea1a39ef49ca59eb65d37a15177f6cc1ebf8b3103,1070782110879739905,ollama,qwen2.5:3b-instruct,UNAVAILABLE_NOT_RETURNED,,BLOCKED_NOT_ATTEMPTED,,20260912_blind_v5,8d8f5fcab9e03c6a1dfc90d5a2bfc7a3f92959df7f202b8e9bd65a169f2d9337,698031c3d0cb12a3546137f5428ed040ae60ef60cf69eab60970dd4949203655,,False,,HOST_NOT_CONFIGURED,{}
record:1391d84fc5442b3da10dae4625a7171d638d22b232693554676f2e46b0fd66b5,851630432496037889,ollama,qwen2.5:3b-instruct,UNAVAILABLE_NOT_RETURNED,,BLOCKED_NOT_ATTEMPTED,,20260912_blind_v5,8d8f5fcab9e03c6a1dfc90d5a2bfc7a3f92959df7f202b8e9bd65a169f2d9337,9b00d9a9fd878395ed8927d909b303dfa968d9fe266fb21e6c1314ff996b0284,,False,,HOST_NOT_CONFIGURED,{}
record:139d219de34131d806968f77dfae72c32538340104edc0508b2ad8e3bfb1366c,1005440255925747712,ollama,qwen2.5:3b-instruct,UNAVAILABLE_NOT_RETURNED,,BLOCKED_NOT_ATTEMPTED,,20260912_blind_v5,8d8f5fcab9e03c6a1dfc90d5a2bfc7a3f92959df7f202b8e9bd65a169f2d9337,523a377ca53acd75908cb4c97aa4c462c7641ab67ad704fa55310c457d9cd253,,False,,HOST_NOT_CONFIGURED,{}
record:1450b3573290c0e2aac6e6efb7cf1f69e3823097e67e5b191e5c32d75ac1fc80,794513313342181377,ollama,qwen2.5:3b-instruct,UNAVAILABLE_NOT_RETURNED,,BLOCKED_NOT_ATTEMPTED,,20260912_blind_v5,8d8f5fcab9e03c6a1dfc90d5a2bfc7a3f92959df7f202b8e9bd65a169f2d9337,f1dc3ba659e3b9ee8612464095cccff2ec50f088e0ecd8eb36ae7325c935f617,,False,,HOST_NOT_CONFIGURED,{}
record:14baa78ac3f1c1b74c9115dd863432f03395e9691b60e0520a80caaf83f7eba0,864089977109401601,ollama,qwen2.5:3b-instruct,UNAVAILABLE_NOT_RETURNED,,BLOCKED_NOT_ATTEMPTED,,20260912_blind_v5,8d8f5fcab9e03c6a1dfc90d5a2bfc7a3f92959df7f202b8e9bd65a169f2d9337,a22ab834991b10cbc7ec47a506ea71ff7cfe671fd7f16badeb151ac9c7aaba29,,False,,HOST_NOT_CONFIGURED,{}
record:14ec43a9a8e7f2147361cbf389d5cdec9361606f66ea315f8816308bc99f9706,1068383323423092736,ollama,qwen2.5:3b-instruct,UNAVAILABLE_NOT_RETURNED,,BLOCKED_NOT_ATTEMPTED,,20260912_blind_v5,8d8f5fcab9e03c6a1dfc90d5a2bfc7a3f92959df7f202b8e9bd65a169f2d9337,5fea2e65622e1def2418ba76d55fb05db202d78cbd25873b3744b14162701f6e,,False,,HOST_NOT_CONFIGURED,{}
record:14f0f0dd9822c1997fdb5c71088a542cefd1dc847c818c4c844422055de1d93d,804675923479961600,ollama,qwen2.5:3b-instruct,UNAVAILABLE_NOT_RETURNED,,BLOCKED_NOT_ATTEMPTED,,20260912_blind_v5,8d8f5fcab9e03c6a1dfc90d5a2bfc7a3f92959df7f202b8e9bd65a169f2d9337,d71c2cce839f3203082a7a76dd4018f224dfd23a97ee6338a56dc7467f10793b,,False,,HOST_NOT_CONFIGURED,{}
record:1540931bec8da7ac7cdfc95a741653a2a5ffa5896eae895b62c93bf110b0303f,847425607931539457,ollama,qwen2.5:3b-instruct,UNAVAILABLE_NOT_RETURNED,,BLOCKED_NOT_ATTEMPTED,,20260912_blind_v5,8d8f5fcab9e03c6a1dfc90d5a2bfc7a3f92959df7f202b8e9bd65a169f2d9337,76cbedf55ee5cdac33719fe3c93257811caff09bdc4eac3e00e9fa934e5d58fa,,False,,HOST_NOT_CONFIGURED,{}
record:1585a81e7c43de3f7e94f66c8f287fc0fa12d20903e71519ed517f945636b283,1040818907584647168,ollama,qwen2.5:3b-instruct,UNAVAILABLE_NOT_RETURNED,,BLOCKED_NOT_ATTEMPTED,,20260912_blind_v5,8d8f5fcab9e03c6a1dfc90d5a2bfc7a3f92959df7f202b8e9bd65a169f2d9337,e5995d759f5bf09dd56207b4c2078058b45a52fac1f54c8620c861b1cbfdefac,,False,,HOST_NOT_CONFIGURED,{}
record:158a89ef4b0cadfcd83c02a4811fdd6db836fd58dd7622a5b808d72866d50925,574173814558449664,ollama,qwen2.5:3b-instruct,UNAVAILABLE_NOT_RETURNED,,BLOCKED_NOT_ATTEMPTED,,20260912_blind_v5,8d8f5fcab9e03c6a1dfc90d5a2bfc7a3f92959df7f202b8e9bd65a169f2d9337,9ed947ca9d688e641c2a0ba44faa33433bf4450dd71c5e10b871408fca2c6df8,,False,,HOST_NOT_CONFIGURED,{}
record:15c4fd50f565a64f3824f89b2a694d692744a895196f49c723ba2e5a14237761,1063630642372579329,ollama,qwen2.5:3b-instruct,UNAVAILABLE_NOT_RETURNED,,BLOCKED_NOT_ATTEMPTED,,20260912_blind_v5,8d8f5fcab9e03c6a1dfc90d5a2bfc7a3f92959df7f202b8e9bd65a169f2d9337,501d8d963395474d4c86f93aa2032efa83ba854175ca1c84ae5010a0a09ffbdd,,False,,HOST_NOT_CONFIGURED,{}
record:161c0455e17e2b67a749efca794a1c9924a11a075cc44672fa084b9773392263,1022677612416651264,ollama,qwen2.5:3b-instruct,UNAVAILABLE_NOT_RETURNED,,BLOCKED_NOT_ATTEMPTED,,20260912_blind_v5,8d8f5fcab9e03c6a1dfc90d5a2bfc7a3f92959df7f202b8e9bd65a169f2d9337,ac65f79f77dba463661e9864f515d8427ae151fe0812f5132a4ff4010139a26a,,False,,HOST_NOT_CONFIGURED,{}
record:16573389191f24ce8b972db56aefd4d5f36d26d001732692350a9a5fb73e081c,1107861582254477312,ollama,qwen2.5:3b-instruct,UNAVAILABLE_NOT_RETURNED,,BLOCKED_NOT_ATTEMPTED,,20260912_blind_v5,8d8f5fcab9e03c6a1dfc90d5a2bfc7a3f92959df7f202b8e9bd65a169f2d9337,107272fec9a8dd4b73798ca6b7e272c27305b8bb31557551c761d4f428d652c8,,False,,HOST_NOT_CONFIGURED,{}
record:169bf5f472118a532be61cbf39bb0dc4496585e8bfedad98f5d5eedb64023aaf,1096962432210165765,ollama,qwen2.5:3b-instruct,UNAVAILABLE_NOT_RETURNED,,BLOCKED_NOT_ATTEMPTED,,20260912_blind_v5,8d8f5fcab9e03c6a1dfc90d5a2bfc7a3f92959df7f202b8e9bd65a169f2d9337,d089a5f35d68628d135b362df7fa67cbafb5587cd8e4ea5a92b0e17fbf626059,,False,,HOST_NOT_CONFIGURED,{}
record:16c1b023d2004619788e9f7936148b056b92b9c26ec38d5c86698968f0c559cf,1017791513265410048,ollama,qwen2.5:3b-instruct,UNAVAILABLE_NOT_RETURNED,,BLOCKED_NOT_ATTEMPTED,,20260912_blind_v5,8d8f5fcab9e03c6a1dfc90d5a2bfc7a3f92959df7f202b8e9bd65a169f2d9337,f32e1a31a7f807e957db628d196cac70a1b75ccfd7c091c203dad6b64e0c0a6e,,False,,HOST_NOT_CONFIGURED,{}
record:1769f4d39816e0c765f0e483baa8e4fd9f6a06bd503acbf85caec6c800306b53,1119640406734467073,ollama,qwen2.5:3b-instruct,UNAVAILABLE_NOT_RETURNED,,BLOCKED_NOT_ATTEMPTED,,20260912_blind_v5,8d8f5fcab9e03c6a1dfc90d5a2bfc7a3f92959df7f202b8e9bd65a169f2d9337,89d21f13f01634a9b052203e432d1a7eb9db06986e78628ed9e489e5e0e4770b,,False,,HOST_NOT_CONFIGURED,{}
record:17e9316f891f0841b2f5471c947b3a1e05c1fd34733854850ca9fe1f448a5454,910529773985607680,ollama,qwen2.5:3b-instruct,UNAVAILABLE_NOT_RETURNED,,BLOCKED_NOT_ATTEMPTED,,20260912_blind_v5,8d8f5fcab9e03c6a1dfc90d5a2bfc7a3f92959df7f202b8e9bd65a169f2d9337,563a36e1b996a75481bf07075ca74f3f6444fa0e11ec9c2906fbda2091e262d7,,False,,HOST_NOT_CONFIGURED,{}
record:180463b87b781e27ebe99ddde6a175fcbbd75bc4c927892371b6749b58f6ea3d,561515306070585344,ollama,qwen2.5:3b-instruct,UNAVAILABLE_NOT_RETURNED,,BLOCKED_NOT_ATTEMPTED,,20260912_blind_v5,8d8f5fcab9e03c6a1dfc90d5a2bfc7a3f92959df7f202b8e9bd65a169f2d9337,c812b63474bf7c7b286584249016e2015fa8d115063fffbe3e70363afd323dc2,,False,,HOST_NOT_CONFIGURED,{}
record:1804d74e49d7c25c0bdbc2c654fea928661d0de599bb744ce2000c29788b7fc5,1046326539703316481,ollama,qwen2.5:3b-instruct,UNAVAILABLE_NOT_RETURNED,,BLOCKED_NOT_ATTEMPTED,,20260912_blind_v5,8d8f5fcab9e03c6a1dfc90d5a2bfc7a3f92959df7f202b8e9bd65a169f2d9337,703fdabeb5470f879cb2241c453a691317964dd018998de19208d32a927aec7f,,False,,HOST_NOT_CONFIGURED,{}
record:18da3dc0ce3d14a78e39ecfcb6389ff136a48d30d2c148fbd3b1d5cbb17bc531,788402021934075905,ollama,qwen2.5:3b-instruct,UNAVAILABLE_NOT_RETURNED,,BLOCKED_NOT_ATTEMPTED,,20260912_blind_v5,8d8f5fcab9e03c6a1dfc90d5a2bfc7a3f92959df7f202b8e9bd65a169f2d9337,964481719bec7ca8ddb003cb40c52199478e45d505a7003f8b423877b5717a0a,,False,,HOST_NOT_CONFIGURED,{}
record:1978b1fce2f864904b56b457337061278b1b2b7af1477b8d0547d73cb581b73c,778426576387969024,ollama,qwen2.5:3b-instruct,UNAVAILABLE_NOT_RETURNED,,BLOCKED_NOT_ATTEMPTED,,20260912_blind_v5,8d8f5fcab9e03c6a1dfc90d5a2bfc7a3f92959df7f202b8e9bd65a169f2d9337,d8a9df890f67865929ada853483dd673e0ecdd510a8536550780893418750dc1,,False,,HOST_NOT_CONFIGURED,{}
record:198deb37640f3b7519805ce64fed8a891adfb25acd654cba4b840550a72d07bd,1031107231373131776,ollama,qwen2.5:3b-instruct,UNAVAILABLE_NOT_RETURNED,,BLOCKED_NOT_ATTEMPTED,,20260912_blind_v5,8d8f5fcab9e03c6a1dfc90d5a2bfc7a3f92959df7f202b8e9bd65a169f2d9337,bc10a8c479056763236f1efc7bc47d689ef49cb653d0755b3833fdf43ccdb27c,,False,,HOST_NOT_CONFIGURED,{}
record:19ac5d28a543a8c600519bc78e2e22d81b901d29527387d8a636ed0e71aacb39,1010430944547876864,ollama,qwen2.5:3b-instruct,UNAVAILABLE_NOT_RETURNED,,BLOCKED_NOT_ATTEMPTED,,20260912_blind_v5,8d8f5fcab9e03c6a1dfc90d5a2bfc7a3f92959df7f202b8e9bd65a169f2d9337,c11b0ec03ba7f9abc2bcee5b8d8ce4c950f8fe1690174f3a8f9fe3c2a960ad06,,False,,HOST_NOT_CONFIGURED,{}
record:19ea4c5af8a53cc88879b200607bfa39a83f2a1eafab3c20ed231057545f34cc,774539770177257473,ollama,qwen2.5:3b-instruct,UNAVAILABLE_NOT_RETURNED,,BLOCKED_NOT_ATTEMPTED,,20260912_blind_v5,8d8f5fcab9e03c6a1dfc90d5a2bfc7a3f92959df7f202b8e9bd65a169f2d9337,a44c291c71bc98aa998973ed4b3496087de4f4e6f20dd145638338600f96d006,,False,,HOST_NOT_CONFIGURED,{}
record:19fed3cf77bf221d4bc278d94f23300e54e9b0ef248b0a6370c30f2544156940,1003062433949204480,ollama,qwen2.5:3b-instruct,UNAVAILABLE_NOT_RETURNED,,BLOCKED_NOT_ATTEMPTED,,20260912_blind_v5,8d8f5fcab9e03c6a1dfc90d5a2bfc7a3f92959df7f202b8e9bd65a169f2d9337,86f9bcf4bded8b00efe7b23b3a05b86eb9146f849ec014483dca91662a269be4,,False,,HOST_NOT_CONFIGURED,{}
record:1a185cea2b94f0ca5396a5e0bf758e802ffd78fca6b587f0176de879629b9175,619786649325670400,ollama,qwen2.5:3b-instruct,UNAVAILABLE_NOT_RETURNED,,BLOCKED_NOT_ATTEMPTED,,20260912_blind_v5,8d8f5fcab9e03c6a1dfc90d5a2bfc7a3f92959df7f202b8e9bd65a169f2d9337,6e4f373ff3a39c820ae7939c6a9a1dc4ea74294722e536ca272e02aa6f0baaa7,,False,,HOST_NOT_CONFIGURED,{}
record:1a2d2fa7032bf8fbb9123130970942b381c049228495b201bded4522b745ec12,907458397187932160,ollama,qwen2.5:3b-instruct,UNAVAILABLE_NOT_RETURNED,,BLOCKED_NOT_ATTEMPTED,,20260912_blind_v5,8d8f5fcab9e03c6a1dfc90d5a2bfc7a3f92959df7f202b8e9bd65a169f2d9337,ce707befcfcb4d0eaa7f59571f723744c527fbb91114b2633b45fe55d8488a9a,,False,,HOST_NOT_CONFIGURED,{}
record:1a6412ca0808c787fe06a957abdea55f0922ed28745a75e09a4dfe40abb2b929,612819892660740096,ollama,qwen2.5:3b-instruct,UNAVAILABLE_NOT_RETURNED,,BLOCKED_NOT_ATTEMPTED,,20260912_blind_v5,8d8f5fcab9e03c6a1dfc90d5a2bfc7a3f92959df7f202b8e9bd65a169f2d9337,d3a4a26aea2681356240e0e1afcf35fb898fd6d94c69cc383fbf2e08cb7fce09,,False,,HOST_NOT_CONFIGURED,{}
record:1ac37beef1333e065645d6d9934c904b71f229d8b0663ac16ce75cbc7102dfd2,1033289558874640390,ollama,qwen2.5:3b-instruct,UNAVAILABLE_NOT_RETURNED,,BLOCKED_NOT_ATTEMPTED,,20260912_blind_v5,8d8f5fcab9e03c6a1dfc90d5a2bfc7a3f92959df7f202b8e9bd65a169f2d9337,4073cc1d4682bf4dcc4437bf342a0822cf17cc021810cdda02560922644e3368,,False,,HOST_NOT_CONFIGURED,{}
record:1ac46b4b33a0100d987220d80f38e95694c6165e6b229094e335a0385831922b,565832116580392960,ollama,qwen2.5:3b-instruct,UNAVAILABLE_NOT_RETURNED,,BLOCKED_NOT_ATTEMPTED,,20260912_blind_v5,8d8f5fcab9e03c6a1dfc90d5a2bfc7a3f92959df7f202b8e9bd65a169f2d9337,50a26d0164eb6435b255d7656549be894e15c96b8df3f85b5d14867d446fb00f,,False,,HOST_NOT_CONFIGURED,{}
record:1b69e82131be49ac8e98161588a1459a7b95a92e403b836f80507b34c406b2f5,1014826036926693376,ollama,qwen2.5:3b-instruct,UNAVAILABLE_NOT_RETURNED,,BLOCKED_NOT_ATTEMPTED,,20260912_blind_v5,8d8f5fcab9e03c6a1dfc90d5a2bfc7a3f92959df7f202b8e9bd65a169f2d9337,a60141b8a4ccb18b404ff2702d63662479aa362df4a04eb595b420ac4a6eb5cf,,False,,HOST_NOT_CONFIGURED,{}
record:1c433b5e6356c0e2cae27f4136c2127d058d465cbccb2c22688609c179a5df87,876650752206295040,ollama,qwen2.5:3b-instruct,UNAVAILABLE_NOT_RETURNED,,BLOCKED_NOT_ATTEMPTED,,20260912_blind_v5,8d8f5fcab9e03c6a1dfc90d5a2bfc7a3f92959df7f202b8e9bd65a169f2d9337,a4cc84a6f4ea4a5b75f42ff80f145cbe0c3140fbeda02511f2d5cf1b050c3e61,,False,,HOST_NOT_CONFIGURED,{}
record:1d32da55d8f97b143eac31ba29056b588eb8097a544b1ec7a8f632193804ec2a,1068088517476048896,ollama,qwen2.5:3b-instruct,UNAVAILABLE_NOT_RETURNED,,BLOCKED_NOT_ATTEMPTED,,20260912_blind_v5,8d8f5fcab9e03c6a1dfc90d5a2bfc7a3f92959df7f202b8e9bd65a169f2d9337,71da2df077b673471868d02f64bb970b060cbab11e80ef0a94b19a2b26ae5f44,,False,,HOST_NOT_CONFIGURED,{}
record:1d9ce28aad2f76ac73de34ef6d3cb3950bbd64fd944fb7ee06116d22e999d92d,1113028204967616512,ollama,qwen2.5:3b-instruct,UNAVAILABLE_NOT_RETURNED,,BLOCKED_NOT_ATTEMPTED,,20260912_blind_v5,8d8f5fcab9e03c6a1dfc90d5a2bfc7a3f92959df7f202b8e9bd65a169f2d9337,8908d8b1411a449fd3cf1c1e759a00398c05742615552c46af72b78b175196db,,False,,HOST_NOT_CONFIGURED,{}
record:1e76edc29d0275831b5f9339ab483fda25497b23c21886456120f1ed5b8d646a,602084095590604800,ollama,qwen2.5:3b-instruct,UNAVAILABLE_NOT_RETURNED,,BLOCKED_NOT_ATTEMPTED,,20260912_blind_v5,8d8f5fcab9e03c6a1dfc90d5a2bfc7a3f92959df7f202b8e9bd65a169f2d9337,b3fefa03bf9cf3e9de6a69b206bef73d6eb267cfc0676d99a01af108fb37627b,,False,,HOST_NOT_CONFIGURED,{}
record:1e8c84ad718a905f9bf43018f55fc13513c2c7618fb9735aae9b4fb6300fd887,1089159257625251840,ollama,qwen2.5:3b-instruct,UNAVAILABLE_NOT_RETURNED,,BLOCKED_NOT_ATTEMPTED,,20260912_blind_v5,8d8f5fcab9e03c6a1dfc90d5a2bfc7a3f92959df7f202b8e9bd65a169f2d9337,b3877dd3e4925bf69c63539107011dbd7181986e6afd76c1cb2a7db0fd2df414,,False,,HOST_NOT_CONFIGURED,{}
record:1eaa2a93ab5870488dd50f6541184d17d78a99c3bb4e330478727a45163c4fd9,915174866537529344,ollama,qwen2.5:3b-instruct,UNAVAILABLE_NOT_RETURNED,,BLOCKED_NOT_ATTEMPTED,,20260912_blind_v5,8d8f5fcab9e03c6a1dfc90d5a2bfc7a3f92959df7f202b8e9bd65a169f2d9337,0b6632cc7b8c52c6266fb0e4496e21182298d9b1eb2705e642b5bc0168513c1d,,False,,HOST_NOT_CONFIGURED,{}
record:1eaea1bdf3c9c6adb0eba3395988ba16221a76b4b0a24c9894978f2d1663f571,1072336992942415872,ollama,qwen2.5:3b-instruct,UNAVAILABLE_NOT_RETURNED,,BLOCKED_NOT_ATTEMPTED,,20260912_blind_v5,8d8f5fcab9e03c6a1dfc90d5a2bfc7a3f92959df7f202b8e9bd65a169f2d9337,82c1e3e65ce8cf81b5a670303ea8113ea0074a3428cb1629800001f032cd5209,,False,,HOST_NOT_CONFIGURED,{}
record:1f38661aa7cad46e1857dd1968e8f5c0976c6b4635ed1884830cf1c526e76d75,779887344505815040,ollama,qwen2.5:3b-instruct,UNAVAILABLE_NOT_RETURNED,,BLOCKED_NOT_ATTEMPTED,,20260912_blind_v5,8d8f5fcab9e03c6a1dfc90d5a2bfc7a3f92959df7f202b8e9bd65a169f2d9337,d55a6582f5c8d98167af92a8ea2d1cf4b135a39c3c9ddf506a0f9d9e9b580228,,False,,HOST_NOT_CONFIGURED,{}
record:1fdc7f506e5edecfa529d2ec5ff0f8c6c7d5dd4b61afd33a86000289dc161b74,1075950667221622784,ollama,qwen2.5:3b-instruct,UNAVAILABLE_NOT_RETURNED,,BLOCKED_NOT_ATTEMPTED,,20260912_blind_v5,8d8f5fcab9e03c6a1dfc90d5a2bfc7a3f92959df7f202b8e9bd65a169f2d9337,2c5c75f06e97fd305ce765bef4b89b7017263612a4e03f8a6e2f53a2d701569a,,False,,HOST_NOT_CONFIGURED,{}
record:1fe19da70e890b07fd75005ca5fd641c0000fa550cfdefcd51d09130d70db61f,1097771097628372992,ollama,qwen2.5:3b-instruct,UNAVAILABLE_NOT_RETURNED,,BLOCKED_NOT_ATTEMPTED,,20260912_blind_v5,8d8f5fcab9e03c6a1dfc90d5a2bfc7a3f92959df7f202b8e9bd65a169f2d9337,dd5ebed7ac9379f83fd68d40992c04da58d9c51f6ff0fe6d69855c94c1e7278f,,False,,HOST_NOT_CONFIGURED,{}
record:1fe30d84a8a87aae78ef703dd39e53e654efb669e77c9ad5a3f30b1c67751349,885716959131713536,ollama,qwen2.5:3b-instruct,UNAVAILABLE_NOT_RETURNED,,BLOCKED_NOT_ATTEMPTED,,20260912_blind_v5,8d8f5fcab9e03c6a1dfc90d5a2bfc7a3f92959df7f202b8e9bd65a169f2d9337,cbc05ab0396935bb20203eedc1687e3868b82b699ef24d32039f7f9ac10a6d0a,,False,,HOST_NOT_CONFIGURED,{}
record:207f50ba5aafc2962c5a4c69ed42cc9ea6da4364a74824462fd936e3d0a3bdbe,911515605500489728,ollama,qwen2.5:3b-instruct,UNAVAILABLE_NOT_RETURNED,,BLOCKED_NOT_ATTEMPTED,,20260912_blind_v5,8d8f5fcab9e03c6a1dfc90d5a2bfc7a3f92959df7f202b8e9bd65a169f2d9337,2f5050bcffc8711eb6dcb48e78b7d7220864565fc44ca0996ca1bfd7d824229c,,False,,HOST_NOT_CONFIGURED,{}
record:2099e094ad6f88dd803d759b80e66e0ac5a6048fa161ab87dd8a0a8464340250,1075958018976768000,ollama,qwen2.5:3b-instruct,UNAVAILABLE_NOT_RETURNED,,BLOCKED_NOT_ATTEMPTED,,20260912_blind_v5,8d8f5fcab9e03c6a1dfc90d5a2bfc7a3f92959df7f202b8e9bd65a169f2d9337,7d2ab1ab114ddc75ccd65de686919a9b1ebb41024d84e5d9fc0fd442a8484658,,False,,HOST_NOT_CONFIGURED,{}
record:2133726f824db096ff82196002cab3f6247602d95d707b4d5ed7bd10848ac4ec,565142986968035328,ollama,qwen2.5:3b-instruct,UNAVAILABLE_NOT_RETURNED,,BLOCKED_NOT_ATTEMPTED,,20260912_blind_v5,8d8f5fcab9e03c6a1dfc90d5a2bfc7a3f92959df7f202b8e9bd65a169f2d9337,fd15761c1d60a30c6d7007357c86348eb67f0fd3121211fb755b9c072f73f9e6,,False,,HOST_NOT_CONFIGURED,{}
record:21420511a450f36ce3f470f2682dcc43a2b74fabf64a60c2a4989153774359f3,547730864256589826,ollama,qwen2.5:3b-instruct,UNAVAILABLE_NOT_RETURNED,,BLOCKED_NOT_ATTEMPTED,,20260912_blind_v5,8d8f5fcab9e03c6a1dfc90d5a2bfc7a3f92959df7f202b8e9bd65a169f2d9337,991a74abc890754bb0b8d2532b65c657f108efd4b9b2d9f6ac0e5c915cc1553e,,False,,HOST_NOT_CONFIGURED,{}
record:214bd96347a28e5aae6c8649e99d72b7b8855ca82d840d24618107f63e19b862,1088076799584522240,ollama,qwen2.5:3b-instruct,UNAVAILABLE_NOT_RETURNED,,BLOCKED_NOT_ATTEMPTED,,20260912_blind_v5,8d8f5fcab9e03c6a1dfc90d5a2bfc7a3f92959df7f202b8e9bd65a169f2d9337,2fe6d14e2894eff7d2c304f33549d83a705a8655ccb9432d5cdf7b8ac95c003d,,False,,HOST_NOT_CONFIGURED,{}
record:216d79ac08393b630efd1adff6e0823556542f0d1bd58c60982bddfebe8f1af3,1067225904378597377,ollama,qwen2.5:3b-instruct,UNAVAILABLE_NOT_RETURNED,,BLOCKED_NOT_ATTEMPTED,,20260912_blind_v5,8d8f5fcab9e03c6a1dfc90d5a2bfc7a3f92959df7f202b8e9bd65a169f2d9337,6edb83fe5f1d85bc9d4769b7fee323f23f408a459f9a86b60f73fe02f2680cf3,,False,,HOST_NOT_CONFIGURED,{}
record:21758d03430a6ce6f09d29b872f6be7eb7c81a3f2f2e1f63470a2d1b3634b1f7,1063751418748776454,ollama,qwen2.5:3b-instruct,UNAVAILABLE_NOT_RETURNED,,BLOCKED_NOT_ATTEMPTED,,20260912_blind_v5,8d8f5fcab9e03c6a1dfc90d5a2bfc7a3f92959df7f202b8e9bd65a169f2d9337,5fd919e6784121d1ad4b143583cb140d42171469cf15a47c16d4616bd8aac734,,False,,HOST_NOT_CONFIGURED,{}
record:228887e2b70dbf58a2de28996967d417fe98a0734e2c2811670c224e563e1db5,920655518414249989,ollama,qwen2.5:3b-instruct,UNAVAILABLE_NOT_RETURNED,,BLOCKED_NOT_ATTEMPTED,,20260912_blind_v5,8d8f5fcab9e03c6a1dfc90d5a2bfc7a3f92959df7f202b8e9bd65a169f2d9337,220413ad636b04a8c7efa2a10513e3537a1cf569b4887fded88c55eec594f8dc,,False,,HOST_NOT_CONFIGURED,{}
record:22ff48bd68f5d3a87694f1c5eddeea8d381638ae8d52c283e6c7a7808b97da42,916916177850343424,ollama,qwen2.5:3b-instruct,UNAVAILABLE_NOT_RETURNED,,BLOCKED_NOT_ATTEMPTED,,20260912_blind_v5,8d8f5fcab9e03c6a1dfc90d5a2bfc7a3f92959df7f202b8e9bd65a169f2d9337,c26af401bb4dac2dffabcb59eb91e8f3f12a8151d1f52468dec5bfe6b848294a,,False,,HOST_NOT_CONFIGURED,{}
record:2318f4ebf3eb4aef7a59c4ee287814a96c5094fd1485b7eb11c86abc4668cbc0,1051132093235978241,ollama,qwen2.5:3b-instruct,UNAVAILABLE_NOT_RETURNED,,BLOCKED_NOT_ATTEMPTED,,20260912_blind_v5,8d8f5fcab9e03c6a1dfc90d5a2bfc7a3f92959df7f202b8e9bd65a169f2d9337,6999a177110868d9eea694b2c919dac2befd9c4b09e1048a912dd85d8be29820,,False,,HOST_NOT_CONFIGURED,{}
record:234e5f621a73ad7ba9884b4ff0af3730cdab29fb34105bc5a3203a85a7750659,623865786541719552,ollama,qwen2.5:3b-instruct,UNAVAILABLE_NOT_RETURNED,,BLOCKED_NOT_ATTEMPTED,,20260912_blind_v5,8d8f5fcab9e03c6a1dfc90d5a2bfc7a3f92959df7f202b8e9bd65a169f2d9337,56ab69533dc94aa9333690c1725fc1e564156fe0cba9808d15a07a54fdaeba7b,,False,,HOST_NOT_CONFIGURED,{}
record:238b6217771f8c867f1bebbe1b2eaae4476ac935e2cefab54ce99829b036c4ad,1021042965828067330,ollama,qwen2.5:3b-instruct,UNAVAILABLE_NOT_RETURNED,,BLOCKED_NOT_ATTEMPTED,,20260912_blind_v5,8d8f5fcab9e03c6a1dfc90d5a2bfc7a3f92959df7f202b8e9bd65a169f2d9337,822e7cbcde3c0210b9342146a1c05b51797a05af7726e3a1605b580f4689ce0a,,False,,HOST_NOT_CONFIGURED,{}
record:240f5e09d8923ca5ff21d1e30f8906fc44a339c5cd9407df36b15982635fc199,868689079373750272,ollama,qwen2.5:3b-instruct,UNAVAILABLE_NOT_RETURNED,,BLOCKED_NOT_ATTEMPTED,,20260912_blind_v5,8d8f5fcab9e03c6a1dfc90d5a2bfc7a3f92959df7f202b8e9bd65a169f2d9337,f938936102a72cd3b2defd6eeaac0a364cf826499360afe1e9597a4658820884,,False,,HOST_NOT_CONFIGURED,{}
record:241074e778c604f2098475101c5e8e580d1652b53157a1b6f7e4d6df70556ff5,877088616106741761,ollama,qwen2.5:3b-instruct,UNAVAILABLE_NOT_RETURNED,,BLOCKED_NOT_ATTEMPTED,,20260912_blind_v5,8d8f5fcab9e03c6a1dfc90d5a2bfc7a3f92959df7f202b8e9bd65a169f2d9337,4215e72731ccbd172576d50ed0fed28b8fe87fd739758568a4b6876d5d237c30,,False,,HOST_NOT_CONFIGURED,{}
record:245941331d0b2ee59e0c18e372232a536545e54b1516c5bce9b15af629171f97,784231107742969857,ollama,qwen2.5:3b-instruct,UNAVAILABLE_NOT_RETURNED,,BLOCKED_NOT_ATTEMPTED,,20260912_blind_v5,8d8f5fcab9e03c6a1dfc90d5a2bfc7a3f92959df7f202b8e9bd65a169f2d9337,a7ea94e213968341b0a71c7e98001c34d522100dbc1bc3a14a3b0bd8053c4bc9,,False,,HOST_NOT_CONFIGURED,{}
record:249181b62a8b707852663815b69fcbe5cb51dc7eaaeb71ec0afd90e6bde709de,1037904556997242882,ollama,qwen2.5:3b-instruct,UNAVAILABLE_NOT_RETURNED,,BLOCKED_NOT_ATTEMPTED,,20260912_blind_v5,8d8f5fcab9e03c6a1dfc90d5a2bfc7a3f92959df7f202b8e9bd65a169f2d9337,a4eb2212e4590d2e8f18d719de9be4b0f622398ad77011fd76ae2c99420e6ecc,,False,,HOST_NOT_CONFIGURED,{}
record:24d9ebddfe83db5b19eeb8dffa006bff6890edda053a1df5192ca4972661370b,629581188433342464,ollama,qwen2.5:3b-instruct,UNAVAILABLE_NOT_RETURNED,,BLOCKED_NOT_ATTEMPTED,,20260912_blind_v5,8d8f5fcab9e03c6a1dfc90d5a2bfc7a3f92959df7f202b8e9bd65a169f2d9337,7a5a68e3c5d65d65f14e8c215d0a8e5c7eb81a4233099b6ffacfc66229507574,,False,,HOST_NOT_CONFIGURED,{}
record:2524dbca9b38410194bf38caeeac2f64ae9e7b4df657db38b0047d68854b18b3,1123916760082722817,ollama,qwen2.5:3b-instruct,UNAVAILABLE_NOT_RETURNED,,BLOCKED_NOT_ATTEMPTED,,20260912_blind_v5,8d8f5fcab9e03c6a1dfc90d5a2bfc7a3f92959df7f202b8e9bd65a169f2d9337,1e4a9b9f09a520fa9ca72ffb06dfb93d706f4f14424513cfa1a41326ef08aac9,,False,,HOST_NOT_CONFIGURED,{}
record:2551327d2996c57a1a360b1f954315e31e3c11d0c47c29c77577c20af2dcae28,903455364120698884,ollama,qwen2.5:3b-instruct,UNAVAILABLE_NOT_RETURNED,,BLOCKED_NOT_ATTEMPTED,,20260912_blind_v5,8d8f5fcab9e03c6a1dfc90d5a2bfc7a3f92959df7f202b8e9bd65a169f2d9337,592c7d51a2b12d837ea0d00e911d57a10ca48fe0f37123954c74558ba8d927dd,,False,,HOST_NOT_CONFIGURED,{}
record:26119785699255f41b89e26b0c365b2da18f40fa8ae0834e856694c73d865550,569719704299937793,ollama,qwen2.5:3b-instruct,UNAVAILABLE_NOT_RETURNED,,BLOCKED_NOT_ATTEMPTED,,20260912_blind_v5,8d8f5fcab9e03c6a1dfc90d5a2bfc7a3f92959df7f202b8e9bd65a169f2d9337,ff59d5fd34b480eba68eb21b32381930c23253ce77173a9cf6c4a08aaa49be92,,False,,HOST_NOT_CONFIGURED,{}
record:2699f63954be2c88dd84d73adfc2dd3a6a76af8c26395557fc28e6da833271f6,1022722355821330433,ollama,qwen2.5:3b-instruct,UNAVAILABLE_NOT_RETURNED,,BLOCKED_NOT_ATTEMPTED,,20260912_blind_v5,8d8f5fcab9e03c6a1dfc90d5a2bfc7a3f92959df7f202b8e9bd65a169f2d9337,9ec7b6a433e78a819581a1933d0a967ed11e088962b8c7d01bc2dab891f9279d,,False,,HOST_NOT_CONFIGURED,{}
record:26de91cd74203822911fe274075efdc5677186a29e9fb7fd4e7c8b55e9091cc9,786068001841881089,ollama,qwen2.5:3b-instruct,UNAVAILABLE_NOT_RETURNED,,BLOCKED_NOT_ATTEMPTED,,20260912_blind_v5,8d8f5fcab9e03c6a1dfc90d5a2bfc7a3f92959df7f202b8e9bd65a169f2d9337,753346b1ff6158a87b5c2c225c785320b86c9483a7ca8c66b4fd27c4ceef7e57,,False,,HOST_NOT_CONFIGURED,{}
record:2718978cf8a4134d2c58ebaf3876db13385c86addd5d3d0a6d4fcb43ad54da33,874652116605743104,ollama,qwen2.5:3b-instruct,UNAVAILABLE_NOT_RETURNED,,BLOCKED_NOT_ATTEMPTED,,20260912_blind_v5,8d8f5fcab9e03c6a1dfc90d5a2bfc7a3f92959df7f202b8e9bd65a169f2d9337,5e4d51491dfc32394c0fa482c8f18a7b5cd5c4e71db6ccecb5b0a6298b53a012,,False,,HOST_NOT_CONFIGURED,{}
record:2750c39216515d8f2c56953d3090688d7f27a2d2dab08ef932bb16dbc5fc665a,557956093884628992,ollama,qwen2.5:3b-instruct,UNAVAILABLE_NOT_RETURNED,,BLOCKED_NOT_ATTEMPTED,,20260912_blind_v5,8d8f5fcab9e03c6a1dfc90d5a2bfc7a3f92959df7f202b8e9bd65a169f2d9337,7f0e24ea44e4d47e44b79338d03a73064ac8a3f8d82c43e1d5bd42a661a3624e,,False,,HOST_NOT_CONFIGURED,{}
record:2783800cec0fb1851ddd4c8f1cf3f47e37935af4f5d40cd9fd6e67ab6490b53e,1104749740783255552,ollama,qwen2.5:3b-instruct,UNAVAILABLE_NOT_RETURNED,,BLOCKED_NOT_ATTEMPTED,,20260912_blind_v5,8d8f5fcab9e03c6a1dfc90d5a2bfc7a3f92959df7f202b8e9bd65a169f2d9337,6436963fea3561d8b317377d87edb31cb0262741ad54fa3fa29323973697ed60,,False,,HOST_NOT_CONFIGURED,{}
record:28403a409e56a19b7c664b1e247f4a8b93ec039f5585f95ca1e7ecf95cf9a302,1097747383364988928,ollama,qwen2.5:3b-instruct,UNAVAILABLE_NOT_RETURNED,,BLOCKED_NOT_ATTEMPTED,,20260912_blind_v5,8d8f5fcab9e03c6a1dfc90d5a2bfc7a3f92959df7f202b8e9bd65a169f2d9337,70da6155fda2407844660134a640d4d42da03c848bff7abff21f570003fcf274,,False,,HOST_NOT_CONFIGURED,{}
record:2874263367aeb5c1ba189071042b6c9b274cd49b7c11443f6ddffbed730f04f3,1108415082474672128,ollama,qwen2.5:3b-instruct,UNAVAILABLE_NOT_RETURNED,,BLOCKED_NOT_ATTEMPTED,,20260912_blind_v5,8d8f5fcab9e03c6a1dfc90d5a2bfc7a3f92959df7f202b8e9bd65a169f2d9337,e46683432cef21195f88545e88e526f1db43a9997f374d2d9c877e2f8f1bcfc6,,False,,HOST_NOT_CONFIGURED,{}
record:28f6a5bdc365043c7a9d3acfeddd67429ac4ff667f0a65484d59ee0550044bb4,1068161610496110592,ollama,qwen2.5:3b-instruct,UNAVAILABLE_NOT_RETURNED,,BLOCKED_NOT_ATTEMPTED,,20260912_blind_v5,8d8f5fcab9e03c6a1dfc90d5a2bfc7a3f92959df7f202b8e9bd65a169f2d9337,e0c0524d3236e12e9515d8298a34587cb2861bf0699de1ab51f08cc48a39ca4f,,False,,HOST_NOT_CONFIGURED,{}
record:297da3b5a6eeb8d4c36e5db0c9567017f1851608be803a0e5d760e3512c468d9,579298282813435904,ollama,qwen2.5:3b-instruct,UNAVAILABLE_NOT_RETURNED,,BLOCKED_NOT_ATTEMPTED,,20260912_blind_v5,8d8f5fcab9e03c6a1dfc90d5a2bfc7a3f92959df7f202b8e9bd65a169f2d9337,25b23353a2a894d4dd52a55569fd9fbbab35f762c38c2382ff674bd7d9b6e172,,False,,HOST_NOT_CONFIGURED,{}
record:29ec66a4d7b2242aa0fa2831fe619bf4bd9cf206368c1d20a95023ea120d312b,548888778723442689,ollama,qwen2.5:3b-instruct,UNAVAILABLE_NOT_RETURNED,,BLOCKED_NOT_ATTEMPTED,,20260912_blind_v5,8d8f5fcab9e03c6a1dfc90d5a2bfc7a3f92959df7f202b8e9bd65a169f2d9337,0f04211bb9a1deda8edd1db87ee647ee54862e6f8767fad8441bfb564a05643d,,False,,HOST_NOT_CONFIGURED,{}
record:2a365aa6661060b3785edb256598e90abcd047922983cf041d1481ac6d7c29f2,1067414947712376832,ollama,qwen2.5:3b-instruct,UNAVAILABLE_NOT_RETURNED,,BLOCKED_NOT_ATTEMPTED,,20260912_blind_v5,8d8f5fcab9e03c6a1dfc90d5a2bfc7a3f92959df7f202b8e9bd65a169f2d9337,0da17d69802ba0c5baaf3565586ca84fc42b0ae6014d7ce6f8a847cadafa2271,,False,,HOST_NOT_CONFIGURED,{}
record:2b2ccb6e4bb8809e6264a680535d5cd2683ee00894bb421dc9dbaf6bbb2dd551,1028538848823762946,ollama,qwen2.5:3b-instruct,UNAVAILABLE_NOT_RETURNED,,BLOCKED_NOT_ATTEMPTED,,20260912_blind_v5,8d8f5fcab9e03c6a1dfc90d5a2bfc7a3f92959df7f202b8e9bd65a169f2d9337,52a01a5a000e25cd1b23049be173f469257173aaa5e1da3852884bae6b0baa8d,,False,,HOST_NOT_CONFIGURED,{}
record:2bbd2dae192264c51ca9f718dd3f9ccc29e0ddf6fff2b537a878d3fcb1a8d913,1070599220141256714,ollama,qwen2.5:3b-instruct,UNAVAILABLE_NOT_RETURNED,,BLOCKED_NOT_ATTEMPTED,,20260912_blind_v5,8d8f5fcab9e03c6a1dfc90d5a2bfc7a3f92959df7f202b8e9bd65a169f2d9337,863705b97c08bd25e381b0e7d312953c5ed5c447165276d467c2ef0e0dd38c44,,False,,HOST_NOT_CONFIGURED,{}
record:2be8791e18c4d64d9cad976cb68c87ee3ac7a9cac7004a39920a34ae0462fd77,808572546857607168,ollama,qwen2.5:3b-instruct,UNAVAILABLE_NOT_RETURNED,,BLOCKED_NOT_ATTEMPTED,,20260912_blind_v5,8d8f5fcab9e03c6a1dfc90d5a2bfc7a3f92959df7f202b8e9bd65a169f2d9337,05917351478826e53c6fdc01f06a0b92896a432ac5a273dd52c583748d2355a7,,False,,HOST_NOT_CONFIGURED,{}
record:2cb55243067f4e71b8bca163fed899b94e8bc6a6b8544f21f2e287fbcb3db922,1018029846893477888,ollama,qwen2.5:3b-instruct,UNAVAILABLE_NOT_RETURNED,,BLOCKED_NOT_ATTEMPTED,,20260912_blind_v5,8d8f5fcab9e03c6a1dfc90d5a2bfc7a3f92959df7f202b8e9bd65a169f2d9337,6f3f64c824425c9799be44a99400352431ccba122a9f3be307485100253292fe,,False,,HOST_NOT_CONFIGURED,{}
record:2cbfa7311617a9d695c0b49cb2a85a99956cf74134c0645dd5d111a65597d4f5,633927353337425921,ollama,qwen2.5:3b-instruct,UNAVAILABLE_NOT_RETURNED,,BLOCKED_NOT_ATTEMPTED,,20260912_blind_v5,8d8f5fcab9e03c6a1dfc90d5a2bfc7a3f92959df7f202b8e9bd65a169f2d9337,f4ed2a956ac4a3a665a797e4780973e318a49486ccc46613a82783d0d6dac912,,False,,HOST_NOT_CONFIGURED,{}
record:2e975d612278fb755ba125a93c7771776dd7c73c0a5a211b464ab3e2ec908acd,997332421493243907,ollama,qwen2.5:3b-instruct,UNAVAILABLE_NOT_RETURNED,,BLOCKED_NOT_ATTEMPTED,,20260912_blind_v5,8d8f5fcab9e03c6a1dfc90d5a2bfc7a3f92959df7f202b8e9bd65a169f2d9337,716f591ca554681130797ad40fd5717c39621cd28a4657b88328461ad957e0c9,,False,,HOST_NOT_CONFIGURED,{}
record:2f021de510dbb78a625d048b3f8675228ad806e5801045d3108310ecd9de383a,907073316371828736,ollama,qwen2.5:3b-instruct,UNAVAILABLE_NOT_RETURNED,,BLOCKED_NOT_ATTEMPTED,,20260912_blind_v5,8d8f5fcab9e03c6a1dfc90d5a2bfc7a3f92959df7f202b8e9bd65a169f2d9337,5906055d8a8bb5d0be438ac48c2ccb87fa76ada505c989a052579150ebe828b0,,False,,HOST_NOT_CONFIGURED,{}
record:2f35e2c0aece84baf0f180fc66009fff48f6479f784ae3c9d44f8b869d67c55f,619834739940327424,ollama,qwen2.5:3b-instruct,UNAVAILABLE_NOT_RETURNED,,BLOCKED_NOT_ATTEMPTED,,20260912_blind_v5,8d8f5fcab9e03c6a1dfc90d5a2bfc7a3f92959df7f202b8e9bd65a169f2d9337,de80da24fdc856a21592ad36c2b92c0aed1aa55528353ea885339fa1181b3de8,,False,,HOST_NOT_CONFIGURED,{}
record:2f4ed9e0f4a3aa0894048e7dc2339ac5f30a8f9902a45c2fad0c6e70c147f021,776314493768839169,ollama,qwen2.5:3b-instruct,UNAVAILABLE_NOT_RETURNED,,BLOCKED_NOT_ATTEMPTED,,20260912_blind_v5,8d8f5fcab9e03c6a1dfc90d5a2bfc7a3f92959df7f202b8e9bd65a169f2d9337,01915f1b53782263242807d2b5110f7b342d262afb8ec8228675d69a74c7941d,,False,,HOST_NOT_CONFIGURED,{}
record:2fa1e20f9dfa3e60a5e154d1773f2112a16ac4b4eab5053060437d761821c591,1063627998564360194,ollama,qwen2.5:3b-instruct,UNAVAILABLE_NOT_RETURNED,,BLOCKED_NOT_ATTEMPTED,,20260912_blind_v5,8d8f5fcab9e03c6a1dfc90d5a2bfc7a3f92959df7f202b8e9bd65a169f2d9337,7a60b8d536b11f4c8b82aa230c4cc2bacb52d1eec3eb5e39227e4e91b228d3bc,,False,,HOST_NOT_CONFIGURED,{}
record:3009efb4bac5508c235a12e449fd31b8dae90bb66ade175bdfa04027ce9b47e8,880711791457828864,ollama,qwen2.5:3b-instruct,UNAVAILABLE_NOT_RETURNED,,BLOCKED_NOT_ATTEMPTED,,20260912_blind_v5,8d8f5fcab9e03c6a1dfc90d5a2bfc7a3f92959df7f202b8e9bd65a169f2d9337,ea513395b323baedac682c7951ec7f755663a142855ea203e03605fe834812ca,,False,,HOST_NOT_CONFIGURED,{}
record:30f211501c1bf909698a34448e863c622290fa90d69a1e49e0d9bc5f4e9aaf40,563993168635756544,ollama,qwen2.5:3b-instruct,UNAVAILABLE_NOT_RETURNED,,BLOCKED_NOT_ATTEMPTED,,20260912_blind_v5,8d8f5fcab9e03c6a1dfc90d5a2bfc7a3f92959df7f202b8e9bd65a169f2d9337,44e7b7ff443513885d321f4a3843cc604f0121f3a2ee07e78c906576736b2c24,,False,,HOST_NOT_CONFIGURED,{}
record:3113c7f3f3ac1ec8519070ebed52ae45b0f84bba2bc8f15b195a9170d3b9f45a,880712401984860160,ollama,qwen2.5:3b-instruct,UNAVAILABLE_NOT_RETURNED,,BLOCKED_NOT_ATTEMPTED,,20260912_blind_v5,8d8f5fcab9e03c6a1dfc90d5a2bfc7a3f92959df7f202b8e9bd65a169f2d9337,e4dba9cc362ccb3f182ad11b764ea3a8d6bca261376ad52f951bd06613a04dab,,False,,HOST_NOT_CONFIGURED,{}
record:312afb611d61a091650de4dba41fda31601720766864d491a2a561438605009c,592269954336083968,ollama,qwen2.5:3b-instruct,UNAVAILABLE_NOT_RETURNED,,BLOCKED_NOT_ATTEMPTED,,20260912_blind_v5,8d8f5fcab9e03c6a1dfc90d5a2bfc7a3f92959df7f202b8e9bd65a169f2d9337,ce29cb07da145c2695cbf609626e8805d84e0021ce0a038f0323d051a6b923af,,False,,HOST_NOT_CONFIGURED,{}
record:31848676bb697a995ff1d23842b2af7c79a863b59d9fe2f4fa10950d5e100e84,1097099501813125120,ollama,qwen2.5:3b-instruct,UNAVAILABLE_NOT_RETURNED,,BLOCKED_NOT_ATTEMPTED,,20260912_blind_v5,8d8f5fcab9e03c6a1dfc90d5a2bfc7a3f92959df7f202b8e9bd65a169f2d9337,3e87fc6c648f8f881cdc55f1d485034db5d0e1da8ee7326f0242971b5dda8f5a,,False,,HOST_NOT_CONFIGURED,{}
record:31cfa141fdf035f26b590a32c24da149f86fb971b2e91a61f788f24ceb2a909a,886181947290009600,ollama,qwen2.5:3b-instruct,UNAVAILABLE_NOT_RETURNED,,BLOCKED_NOT_ATTEMPTED,,20260912_blind_v5,8d8f5fcab9e03c6a1dfc90d5a2bfc7a3f92959df7f202b8e9bd65a169f2d9337,5d4770489810f968213da2989afcab267de8ae2c4a68c0b9bdde528bf0e8d27f,,False,,HOST_NOT_CONFIGURED,{}
record:32511bca5665567050e853d9a994d6e2fcc0509275abbb65db456e480c54e851,1017766906177183745,ollama,qwen2.5:3b-instruct,UNAVAILABLE_NOT_RETURNED,,BLOCKED_NOT_ATTEMPTED,,20260912_blind_v5,8d8f5fcab9e03c6a1dfc90d5a2bfc7a3f92959df7f202b8e9bd65a169f2d9337,94858d3b30e4ea0f58eab43513bec0ecd8a988a43d60db1c1a757a1a3870b221,,False,,HOST_NOT_CONFIGURED,{}
record:326968ded1205feb1b7ecfe5b209bbb18222c579fa66b01a79dec2caf1bdeb79,1005457446880493568,ollama,qwen2.5:3b-instruct,UNAVAILABLE_NOT_RETURNED,,BLOCKED_NOT_ATTEMPTED,,20260912_blind_v5,8d8f5fcab9e03c6a1dfc90d5a2bfc7a3f92959df7f202b8e9bd65a169f2d9337,e0f0afad586bb9079fb5b387af88df5bcaba9aa1bcb63b3a3fc1ef1b81f13f82,,False,,HOST_NOT_CONFIGURED,{}
record:32e69c58bc0dcf65a727f1339c76a63cf5b810f8890070855d8d271b2f028a1b,1072331080039129088,ollama,qwen2.5:3b-instruct,UNAVAILABLE_NOT_RETURNED,,BLOCKED_NOT_ATTEMPTED,,20260912_blind_v5,8d8f5fcab9e03c6a1dfc90d5a2bfc7a3f92959df7f202b8e9bd65a169f2d9337,e171076998937c7ab98bd63c3fccaccedf75d93a5d002ddaceb486a8b15a8f9a,,False,,HOST_NOT_CONFIGURED,{}
record:337f67bc529fe2aa02704bb2e747cee97af33db92323032ed495e958e05170e5,1085185815829897217,ollama,qwen2.5:3b-instruct,UNAVAILABLE_NOT_RETURNED,,BLOCKED_NOT_ATTEMPTED,,20260912_blind_v5,8d8f5fcab9e03c6a1dfc90d5a2bfc7a3f92959df7f202b8e9bd65a169f2d9337,84e7ecbb4a3d544366d3db7c80d05efbcaf2cedfb1e1f6fa7dff4471c7d33650,,False,,HOST_NOT_CONFIGURED,{}
record:33874e1f5cd721b03c2ecedd782130d21701713f8da646421b46c0d70b2e6a2d,622620356331880448,ollama,qwen2.5:3b-instruct,UNAVAILABLE_NOT_RETURNED,,BLOCKED_NOT_ATTEMPTED,,20260912_blind_v5,8d8f5fcab9e03c6a1dfc90d5a2bfc7a3f92959df7f202b8e9bd65a169f2d9337,8d587800068dc4a0afdc201ecb84670f097f72c2be7da015c9be82aacffaf7c0,,False,,HOST_NOT_CONFIGURED,{}
record:33ae00ba8e08af1625688294cd88effbc4075ebd2655220f1d6f810b18fc7737,627099040191221760,ollama,qwen2.5:3b-instruct,UNAVAILABLE_NOT_RETURNED,,BLOCKED_NOT_ATTEMPTED,,20260912_blind_v5,8d8f5fcab9e03c6a1dfc90d5a2bfc7a3f92959df7f202b8e9bd65a169f2d9337,b0893934d893cba77e47a7964890edd412b2ad28ab06631e38e723da95de7657,,False,,HOST_NOT_CONFIGURED,{}
record:33dd644d19909f327e82a3995db734c805846033ebe1b8f6306a98ef5e5954d0,897006099026632704,ollama,qwen2.5:3b-instruct,UNAVAILABLE_NOT_RETURNED,,BLOCKED_NOT_ATTEMPTED,,20260912_blind_v5,8d8f5fcab9e03c6a1dfc90d5a2bfc7a3f92959df7f202b8e9bd65a169f2d9337,81a94855c7cd84622b381854f0e9289735ac0ad0fd3f148f0a03587b245cd4f5,,False,,HOST_NOT_CONFIGURED,{}
record:33e5d33f299c2c12125b9914e1dbb39ec66c2a7e29a3aaa711ce1efd1d58bdfe,989204239342751744,ollama,qwen2.5:3b-instruct,UNAVAILABLE_NOT_RETURNED,,BLOCKED_NOT_ATTEMPTED,,20260912_blind_v5,8d8f5fcab9e03c6a1dfc90d5a2bfc7a3f92959df7f202b8e9bd65a169f2d9337,9c354d7fd5987d94edfe5ad6112f015503e65f77871ca7e3145d7c7532f70b44,,False,,HOST_NOT_CONFIGURED,{}
record:34374bd474ece22f80758272a235df39a8e2d2ed9f429c33546ef94ab239e1b9,1068397302824517632,ollama,qwen2.5:3b-instruct,UNAVAILABLE_NOT_RETURNED,,BLOCKED_NOT_ATTEMPTED,,20260912_blind_v5,8d8f5fcab9e03c6a1dfc90d5a2bfc7a3f92959df7f202b8e9bd65a169f2d9337,3d6ed9d4b496f755378216b295c92b6a488a6901462ec37bde81b95822afcda0,,False,,HOST_NOT_CONFIGURED,{}
record:3442f1ecce97b93f392ce65d0b34340ed034f92b995fb017a6b81ccb21a177df,771565151036190720,ollama,qwen2.5:3b-instruct,UNAVAILABLE_NOT_RETURNED,,BLOCKED_NOT_ATTEMPTED,,20260912_blind_v5,8d8f5fcab9e03c6a1dfc90d5a2bfc7a3f92959df7f202b8e9bd65a169f2d9337,fb7e39400e2e18084c035410bbf2ac91b637db0458fc4c7888839e3706db594a,,False,,HOST_NOT_CONFIGURED,{}
record:344fc89fccef86c8f35db1e7083f267ae4d54d5b848b1be623574712ee76e1f1,903573483463917569,ollama,qwen2.5:3b-instruct,UNAVAILABLE_NOT_RETURNED,,BLOCKED_NOT_ATTEMPTED,,20260912_blind_v5,8d8f5fcab9e03c6a1dfc90d5a2bfc7a3f92959df7f202b8e9bd65a169f2d9337,def12fd7789164512149e7c380531905b5168dddd18389a104ef0e40d7ef52b5,,False,,HOST_NOT_CONFIGURED,{}
record:3477ed9729c507c4064b1134afd1257aafcda3f76708fd7fb449ded903eaea3d,1034354010478858243,ollama,qwen2.5:3b-instruct,UNAVAILABLE_NOT_RETURNED,,BLOCKED_NOT_ATTEMPTED,,20260912_blind_v5,8d8f5fcab9e03c6a1dfc90d5a2bfc7a3f92959df7f202b8e9bd65a169f2d9337,0b53d1bb131be77e8abeab0c3015e945da59e735838f0ec5eba11733aba3317d,,False,,HOST_NOT_CONFIGURED,{}
record:347af658e8b22ab0f9f9421b3aad7b6eb451e2edfb5f4e89f408c034b7f26aef,1071338201812365312,ollama,qwen2.5:3b-instruct,UNAVAILABLE_NOT_RETURNED,,BLOCKED_NOT_ATTEMPTED,,20260912_blind_v5,8d8f5fcab9e03c6a1dfc90d5a2bfc7a3f92959df7f202b8e9bd65a169f2d9337,f22d7fc953a9d4f324dc962882b349bc529464d1b2220b21767a7b7e1b6a18e6,,False,,HOST_NOT_CONFIGURED,{}
record:347ec6a7afa5ce71b79f28566bdb3fd4bec8d8e154bea56cda36e23cf02ac96a,610809736695418880,ollama,qwen2.5:3b-instruct,UNAVAILABLE_NOT_RETURNED,,BLOCKED_NOT_ATTEMPTED,,20260912_blind_v5,8d8f5fcab9e03c6a1dfc90d5a2bfc7a3f92959df7f202b8e9bd65a169f2d9337,946b61de1fbec7e6371fdfd53d06809c836ecc20775ae200f45ad66e3e9d7d96,,False,,HOST_NOT_CONFIGURED,{}
record:349115ef1b3d9afa15db552548a9432eff6a6ddb722a4ac703bee7257590e89c,1124176885951242240,ollama,qwen2.5:3b-instruct,UNAVAILABLE_NOT_RETURNED,,BLOCKED_NOT_ATTEMPTED,,20260912_blind_v5,8d8f5fcab9e03c6a1dfc90d5a2bfc7a3f92959df7f202b8e9bd65a169f2d9337,be5f25d92d5418c4b2ce5264c3f18746d6bc4c49798fc6a97c57142a87e529b8,,False,,HOST_NOT_CONFIGURED,{}
record:3496c0dddadb02aba3e6323d959d1f687cc23f79fea0e650ca61e7844bf4cda3,877744620045615104,ollama,qwen2.5:3b-instruct,UNAVAILABLE_NOT_RETURNED,,BLOCKED_NOT_ATTEMPTED,,20260912_blind_v5,8d8f5fcab9e03c6a1dfc90d5a2bfc7a3f92959df7f202b8e9bd65a169f2d9337,d3a7b5f054f3fb5b56bd590c984e5bde18070cc89ca3f3d9dfe170ba707c577b,,False,,HOST_NOT_CONFIGURED,{}
record:34b6ef8d9c3f2990e2f25c77007fe531ae10bc30ef15453c47d71217edebe2f3,1113006786825478144,ollama,qwen2.5:3b-instruct,UNAVAILABLE_NOT_RETURNED,,BLOCKED_NOT_ATTEMPTED,,20260912_blind_v5,8d8f5fcab9e03c6a1dfc90d5a2bfc7a3f92959df7f202b8e9bd65a169f2d9337,2fe8c368ebf39212e64c103564a08a01ce51ad4836fd3df45e592996b8c4ac1b,,False,,HOST_NOT_CONFIGURED,{}
record:34f4a42acab34d8a09b29b6db4dcb73dc36ff1e036ea90189e153d3175549dc3,547019854730231809,ollama,qwen2.5:3b-instruct,UNAVAILABLE_NOT_RETURNED,,BLOCKED_NOT_ATTEMPTED,,20260912_blind_v5,8d8f5fcab9e03c6a1dfc90d5a2bfc7a3f92959df7f202b8e9bd65a169f2d9337,9536f2d3b22e88bfc30b3152b1f4d9efd8bdc6396e32ce8cb9520129b41871d2,,False,,HOST_NOT_CONFIGURED,{}
record:35224e4497a51b88e36014ca481678ed54c329ab36ecd68190160877e6a6e01a,1073881294013108224,ollama,qwen2.5:3b-instruct,UNAVAILABLE_NOT_RETURNED,,BLOCKED_NOT_ATTEMPTED,,20260912_blind_v5,8d8f5fcab9e03c6a1dfc90d5a2bfc7a3f92959df7f202b8e9bd65a169f2d9337,f6126213b80ff4602d109d102d99a5c31f38d8d7590a6db72157c86bd549115b,,False,,HOST_NOT_CONFIGURED,{}
record:35340d511f907da62b706b455c132e199888e77b39b7b615f02123b45e013d87,855627492828340225,ollama,qwen2.5:3b-instruct,UNAVAILABLE_NOT_RETURNED,,BLOCKED_NOT_ATTEMPTED,,20260912_blind_v5,8d8f5fcab9e03c6a1dfc90d5a2bfc7a3f92959df7f202b8e9bd65a169f2d9337,836a081ba6ea906b93fd793328b1cc9360e8bb30c407f091b6be93d6eba56483,,False,,HOST_NOT_CONFIGURED,{}
record:35f0c395f27507dac3853608ffd572bde952c5d5c41de41801e3468d2f7ff566,867596142774595584,ollama,qwen2.5:3b-instruct,UNAVAILABLE_NOT_RETURNED,,BLOCKED_NOT_ATTEMPTED,,20260912_blind_v5,8d8f5fcab9e03c6a1dfc90d5a2bfc7a3f92959df7f202b8e9bd65a169f2d9337,4f06045191109310ca426feae9e49a478acc0f064cba481e9565dbf457ec8c00,,False,,HOST_NOT_CONFIGURED,{}
record:367e599c415bdaf5bf5567efb68a98886d3bd284c41b72cbdbdeaa11a5fa6222,977393816419422208,ollama,qwen2.5:3b-instruct,UNAVAILABLE_NOT_RETURNED,,BLOCKED_NOT_ATTEMPTED,,20260912_blind_v5,8d8f5fcab9e03c6a1dfc90d5a2bfc7a3f92959df7f202b8e9bd65a169f2d9337,b94319efaa558f611da2cc53dc0664f30d68944eacafdbf36391bf43aaed64c5,,False,,HOST_NOT_CONFIGURED,{}
record:3696bcecdf7f0c94b968a4eb99a70c2b8ebad948f01cd5fcc247044bdb14703b,894444117777727488,ollama,qwen2.5:3b-instruct,UNAVAILABLE_NOT_RETURNED,,BLOCKED_NOT_ATTEMPTED,,20260912_blind_v5,8d8f5fcab9e03c6a1dfc90d5a2bfc7a3f92959df7f202b8e9bd65a169f2d9337,9256ddf8e507e28285c91965a25a5d70cee32cbcbe095abed9fb298961382d60,,False,,HOST_NOT_CONFIGURED,{}
record:36c536ca5661d63455668dbf9e662f836624614795009388e4914687db6ff40a,955267638711726080,ollama,qwen2.5:3b-instruct,UNAVAILABLE_NOT_RETURNED,,BLOCKED_NOT_ATTEMPTED,,20260912_blind_v5,8d8f5fcab9e03c6a1dfc90d5a2bfc7a3f92959df7f202b8e9bd65a169f2d9337,a6296b64f4c5c6ccb389c437e409c79c6140894f99dd959922524461a8fe249f,,False,,HOST_NOT_CONFIGURED,{}
record:36cb70fbe2af2d2f0692d6566f9fcf222f347bf91dd4b261a56b25a84149b534,931488159531012096,ollama,qwen2.5:3b-instruct,UNAVAILABLE_NOT_RETURNED,,BLOCKED_NOT_ATTEMPTED,,20260912_blind_v5,8d8f5fcab9e03c6a1dfc90d5a2bfc7a3f92959df7f202b8e9bd65a169f2d9337,73c139ac733af0dd37a6277ec6d9d34eb4e89996aaca9086bfc476d02787ade4,,False,,HOST_NOT_CONFIGURED,{}
record:36fd81a4218f2cb7a7759fd15a5a3adfc40c181334a7e04d6c1a5385a50aa714,1048517753013825537,ollama,qwen2.5:3b-instruct,UNAVAILABLE_NOT_RETURNED,,BLOCKED_NOT_ATTEMPTED,,20260912_blind_v5,8d8f5fcab9e03c6a1dfc90d5a2bfc7a3f92959df7f202b8e9bd65a169f2d9337,9790c301dccdb6cf26fc39dfafe9eb5427fd760fc7eed68c2b35870ad8d6d2d6,,False,,HOST_NOT_CONFIGURED,{}
record:371d349499416091aa9689d0ff87f8a9c9b55655d23f8df2e4feef89d6971e5d,1023089127078735872,ollama,qwen2.5:3b-instruct,UNAVAILABLE_NOT_RETURNED,,BLOCKED_NOT_ATTEMPTED,,20260912_blind_v5,8d8f5fcab9e03c6a1dfc90d5a2bfc7a3f92959df7f202b8e9bd65a169f2d9337,9aa9e1d13ff70b53d6ace6a00df86b8556ae719ddf0d21eee6ac3e05d855c98c,,False,,HOST_NOT_CONFIGURED,{}
record:37586ee4c1d159510093618bab492abf0a8bb627e5c27195ac22a80e2523ab2a,572222658206699521,ollama,qwen2.5:3b-instruct,UNAVAILABLE_NOT_RETURNED,,BLOCKED_NOT_ATTEMPTED,,20260912_blind_v5,8d8f5fcab9e03c6a1dfc90d5a2bfc7a3f92959df7f202b8e9bd65a169f2d9337,866f5492ca04a0816194688b9ff5373c2ed3480a7ef1d8bfacc14710a027a932,,False,,HOST_NOT_CONFIGURED,{}
record:376fed02537f83d538bbd800a5c3cf6a77f9b6418166cae341e15402eacb718f,852386303480020992,ollama,qwen2.5:3b-instruct,UNAVAILABLE_NOT_RETURNED,,BLOCKED_NOT_ATTEMPTED,,20260912_blind_v5,8d8f5fcab9e03c6a1dfc90d5a2bfc7a3f92959df7f202b8e9bd65a169f2d9337,0d0724c8c9d22fece50157e4b534b635602bf9db0b89cb4cf491c69c16af715e,,False,,HOST_NOT_CONFIGURED,{}
record:37c7dfbd3390b38e5e16abb135ec70569ce7e31a24209be5390083d9d405f33a,573056364974456834,ollama,qwen2.5:3b-instruct,UNAVAILABLE_NOT_RETURNED,,BLOCKED_NOT_ATTEMPTED,,20260912_blind_v5,8d8f5fcab9e03c6a1dfc90d5a2bfc7a3f92959df7f202b8e9bd65a169f2d9337,1f7c60772198520c063e98329ed3893f04bc3a5fb80b42ad7fbe4875d65237b5,,False,,HOST_NOT_CONFIGURED,{}
record:3851c00420ea32cc9e0bf27ee89911748f1d34ddb5e96d3d734dce6ee205e915,829192216807477248,ollama,qwen2.5:3b-instruct,UNAVAILABLE_NOT_RETURNED,,BLOCKED_NOT_ATTEMPTED,,20260912_blind_v5,8d8f5fcab9e03c6a1dfc90d5a2bfc7a3f92959df7f202b8e9bd65a169f2d9337,f2d93ce54381028b7ac7b5e57828cac5843b1d9a30e7844cf720d13f8e198c44,,False,,HOST_NOT_CONFIGURED,{}
record:3884e1fb790d338755f81fdf44d40ec9aab9de2953fad611d22e16a5de80cf41,586410652865957888,ollama,qwen2.5:3b-instruct,UNAVAILABLE_NOT_RETURNED,,BLOCKED_NOT_ATTEMPTED,,20260912_blind_v5,8d8f5fcab9e03c6a1dfc90d5a2bfc7a3f92959df7f202b8e9bd65a169f2d9337,e89d2ede12e6c25bf394c3f494dd118b468027804f66be78cae7d157486deef1,,False,,HOST_NOT_CONFIGURED,{}
record:39d589183358299cccd8693e6dc1561d09f7c037e8ce5f7471b6574b65251777,1076801744007385090,ollama,qwen2.5:3b-instruct,UNAVAILABLE_NOT_RETURNED,,BLOCKED_NOT_ATTEMPTED,,20260912_blind_v5,8d8f5fcab9e03c6a1dfc90d5a2bfc7a3f92959df7f202b8e9bd65a169f2d9337,f4e99a8c1746faef5c87a073d702550cd07beb2069bee5079621691b16c69221,,False,,HOST_NOT_CONFIGURED,{}
record:3ad2b13fa47cef23bc3577208b728dfa56375f2a4b4b93b95437ae2642cafd69,619654423585931265,ollama,qwen2.5:3b-instruct,UNAVAILABLE_NOT_RETURNED,,BLOCKED_NOT_ATTEMPTED,,20260912_blind_v5,8d8f5fcab9e03c6a1dfc90d5a2bfc7a3f92959df7f202b8e9bd65a169f2d9337,51c4f28b7d666f82d8f67b388c146a48ebecfc7eeaf750ff7214b2967e031390,,False,,HOST_NOT_CONFIGURED,{}
record:3b400cea0bd5b731536938aac5946fedc3dc6d154cec143f1d7f91acd43b729e,1110779132772843520,ollama,qwen2.5:3b-instruct,UNAVAILABLE_NOT_RETURNED,,BLOCKED_NOT_ATTEMPTED,,20260912_blind_v5,8d8f5fcab9e03c6a1dfc90d5a2bfc7a3f92959df7f202b8e9bd65a169f2d9337,4e0422a49f9fdad8a913e0c3a76f66d701996ac3e5219c0218f0dd9ff44c9018,,False,,HOST_NOT_CONFIGURED,{}
record:3b52582053a93ce8240deef56de474da7900a84d11cfc8699fd6c6b76787c4df,1008196396946677761,ollama,qwen2.5:3b-instruct,UNAVAILABLE_NOT_RETURNED,,BLOCKED_NOT_ATTEMPTED,,20260912_blind_v5,8d8f5fcab9e03c6a1dfc90d5a2bfc7a3f92959df7f202b8e9bd65a169f2d9337,4bc45b1e32714fa368a8f9a1d9e3078cf4bc6dc6e4b7b9f57051b3a66c56da2c,,False,,HOST_NOT_CONFIGURED,{}
record:3c4163cec4d8d49d379f3db98bf4a712e04af18785ebd49bf4c89b21a6ee96ef,1073889707220656133,ollama,qwen2.5:3b-instruct,UNAVAILABLE_NOT_RETURNED,,BLOCKED_NOT_ATTEMPTED,,20260912_blind_v5,8d8f5fcab9e03c6a1dfc90d5a2bfc7a3f92959df7f202b8e9bd65a169f2d9337,03fd24df100a51bb8bfbf0cc736768ffbbe95bdbfe602afd083cd80ea9b3e045,,False,,HOST_NOT_CONFIGURED,{}
record:3c41a4753f5b289dc4b9879e10697dc55181aaebfa0678db162788755bb295df,1035464570998087680,ollama,qwen2.5:3b-instruct,UNAVAILABLE_NOT_RETURNED,,BLOCKED_NOT_ATTEMPTED,,20260912_blind_v5,8d8f5fcab9e03c6a1dfc90d5a2bfc7a3f92959df7f202b8e9bd65a169f2d9337,18cc69e1c8002018f32e03d77709a1d737419dd66dd97f80830ce23be96fa8de,,False,,HOST_NOT_CONFIGURED,{}
record:3cb80f7794d82b30ff132bd91fa1579090a361ab1537e05270b22a3066fd87b7,541086424775540736,ollama,qwen2.5:3b-instruct,UNAVAILABLE_NOT_RETURNED,,BLOCKED_NOT_ATTEMPTED,,20260912_blind_v5,8d8f5fcab9e03c6a1dfc90d5a2bfc7a3f92959df7f202b8e9bd65a169f2d9337,2e34f6c37ecac48427290a585aaff3052eb143f8e38b993624c13ff59f2e2f78,,False,,HOST_NOT_CONFIGURED,{}
record:3d6493be497be004e5e24e17b10fe58efbf83b2e4685d28b6c81342580e96420,825314107796512769,ollama,qwen2.5:3b-instruct,UNAVAILABLE_NOT_RETURNED,,BLOCKED_NOT_ATTEMPTED,,20260912_blind_v5,8d8f5fcab9e03c6a1dfc90d5a2bfc7a3f92959df7f202b8e9bd65a169f2d9337,ded0fba36cbfc5ea7d78d52d66e3d15846d0e0cb14fdc2f712bedb5300af1e5b,,False,,HOST_NOT_CONFIGURED,{}
record:3dbc9bb6c08016a9da9b7451e9294045856d58eb2969ce55d12d40a0ca82b75f,1024156961955184640,ollama,qwen2.5:3b-instruct,UNAVAILABLE_NOT_RETURNED,,BLOCKED_NOT_ATTEMPTED,,20260912_blind_v5,8d8f5fcab9e03c6a1dfc90d5a2bfc7a3f92959df7f202b8e9bd65a169f2d9337,ed80d67ddfdcc606591adef33cc8811ff22486d1027cb7c0e7ea191be981f660,,False,,HOST_NOT_CONFIGURED,{}
record:3dcf43b1a20d059750f594b23f5988f852bde663f3c580cd75b625c91b6daf8c,1077110709245394944,ollama,qwen2.5:3b-instruct,UNAVAILABLE_NOT_RETURNED,,BLOCKED_NOT_ATTEMPTED,,20260912_blind_v5,8d8f5fcab9e03c6a1dfc90d5a2bfc7a3f92959df7f202b8e9bd65a169f2d9337,92183cad494fb7f76b6aff98d23c291f5e59effd1f3b85b2bfa7b0bb2eb43cd4,,False,,HOST_NOT_CONFIGURED,{}
record:3e4ebdbf842687113a13ce7617dbee1e586bf6bb06db2fb6dfc57894cf86d0c4,580368752409112579,ollama,qwen2.5:3b-instruct,UNAVAILABLE_NOT_RETURNED,,BLOCKED_NOT_ATTEMPTED,,20260912_blind_v5,8d8f5fcab9e03c6a1dfc90d5a2bfc7a3f92959df7f202b8e9bd65a169f2d9337,c150dd9f3ab19836c51a4a5984baa24401e2bd2c91e135d4c39190a2681c0a55,,False,,HOST_NOT_CONFIGURED,{}
record:3f19660301c47e4052db0ac667e1e2ec111d9b5c6facbef4ff2cefeb7381fcfa,1097367667336335362,ollama,qwen2.5:3b-instruct,UNAVAILABLE_NOT_RETURNED,,BLOCKED_NOT_ATTEMPTED,,20260912_blind_v5,8d8f5fcab9e03c6a1dfc90d5a2bfc7a3f92959df7f202b8e9bd65a169f2d9337,8dc6eb94aa0db1978a4aeca81796a20aadc5cbb9883731ca2ab46c883210541e,,False,,HOST_NOT_CONFIGURED,{}
record:3f8f963a8c0b38aa0c5e62b58ac334b08ff4c61a1651ff807172e54d76e1b10d,557129654545678336,ollama,qwen2.5:3b-instruct,UNAVAILABLE_NOT_RETURNED,,BLOCKED_NOT_ATTEMPTED,,20260912_blind_v5,8d8f5fcab9e03c6a1dfc90d5a2bfc7a3f92959df7f202b8e9bd65a169f2d9337,8063e509f2c3e504b69aa83727d0387cc59238c33902d5fb4935e10997f7691e,,False,,HOST_NOT_CONFIGURED,{}
record:3fc8d189b69eca06ff39eff51612c26e1f3a2e61daef4faa0d0df6b980ec2ad8,1114563446329237507,ollama,qwen2.5:3b-instruct,UNAVAILABLE_NOT_RETURNED,,BLOCKED_NOT_ATTEMPTED,,20260912_blind_v5,8d8f5fcab9e03c6a1dfc90d5a2bfc7a3f92959df7f202b8e9bd65a169f2d9337,5935e85e285a7eed9b1b21b007688b0425477df9d522f5f826461bfd2f2ef319,,False,,HOST_NOT_CONFIGURED,{}
record:3fd044582626ed82fc7ff6cf04e4e081d58b8b3bb4cc7cac45160fc75516c898,1052942739027968007,ollama,qwen2.5:3b-instruct,UNAVAILABLE_NOT_RETURNED,,BLOCKED_NOT_ATTEMPTED,,20260912_blind_v5,8d8f5fcab9e03c6a1dfc90d5a2bfc7a3f92959df7f202b8e9bd65a169f2d9337,2120da10940df6f5d6a05c655d633aa64d172b135ebbedca415dc6a1c491e49f,,False,,HOST_NOT_CONFIGURED,{}
record:406fd55350c47c4f072aa87de7917a455394ac4f02c45aabd885be5ba3e30c31,1034290277207298048,ollama,qwen2.5:3b-instruct,UNAVAILABLE_NOT_RETURNED,,BLOCKED_NOT_ATTEMPTED,,20260912_blind_v5,8d8f5fcab9e03c6a1dfc90d5a2bfc7a3f92959df7f202b8e9bd65a169f2d9337,b98cae5c46bc21ce596b3fd0fcaaba2d6867c60799c6e66b628cc36cad05809a,,False,,HOST_NOT_CONFIGURED,{}
record:40b55dc41dad1a3dc494c7c4479955fdda66ca40cd93349a5719c9a717357043,771895411858608128,ollama,qwen2.5:3b-instruct,UNAVAILABLE_NOT_RETURNED,,BLOCKED_NOT_ATTEMPTED,,20260912_blind_v5,8d8f5fcab9e03c6a1dfc90d5a2bfc7a3f92959df7f202b8e9bd65a169f2d9337,8bb70981724ffa4b10005193953c824fcd167e855ab77af993725474c2bdfbee,,False,,HOST_NOT_CONFIGURED,{}
record:40ed001df574cfbc5f075bdf22005531133fa70c68ffd7fbe0889afa6b4c4fe1,881446647766564864,ollama,qwen2.5:3b-instruct,UNAVAILABLE_NOT_RETURNED,,BLOCKED_NOT_ATTEMPTED,,20260912_blind_v5,8d8f5fcab9e03c6a1dfc90d5a2bfc7a3f92959df7f202b8e9bd65a169f2d9337,56d1a5bb8d32a0deee24985bd1a20c4f2feb8dc4f97ad0a7cff21d0f1ed550b5,,False,,HOST_NOT_CONFIGURED,{}
record:40f285b449a09595e5e7ed24033323746bc2ff87e22b44c57526241b5565a87b,1068369975948259328,ollama,qwen2.5:3b-instruct,UNAVAILABLE_NOT_RETURNED,,BLOCKED_NOT_ATTEMPTED,,20260912_blind_v5,8d8f5fcab9e03c6a1dfc90d5a2bfc7a3f92959df7f202b8e9bd65a169f2d9337,5e8b6ad6c3de518fd5738db9656ed17dc7d8c8a2cd47345834bd1e97a1df58e0,,False,,HOST_NOT_CONFIGURED,{}
record:41eaa7ac25b2b28e6d54e1d92219e10f9a82a1e5989238a1f0b7a9357bb0c078,836879150640156673,ollama,qwen2.5:3b-instruct,UNAVAILABLE_NOT_RETURNED,,BLOCKED_NOT_ATTEMPTED,,20260912_blind_v5,8d8f5fcab9e03c6a1dfc90d5a2bfc7a3f92959df7f202b8e9bd65a169f2d9337,304ef84684c2fcb2d74650c44ef87e83a44281662f282cf764d96c21e0d3e3b4,,False,,HOST_NOT_CONFIGURED,{}
record:4273d8c28afcd068edec8ab2430717171e23ed215a244aabad69859d7f978131,1097739094359138304,ollama,qwen2.5:3b-instruct,UNAVAILABLE_NOT_RETURNED,,BLOCKED_NOT_ATTEMPTED,,20260912_blind_v5,8d8f5fcab9e03c6a1dfc90d5a2bfc7a3f92959df7f202b8e9bd65a169f2d9337,8cabf90199ea0db68c7c2c00d5656967e745c7878a43fa62e35edef22b92ff87,,False,,HOST_NOT_CONFIGURED,{}
record:42792c78ddb7df8902838124b6c589e3838d1b767047c667aa4ffa5a468641e1,1050652884121997313,ollama,qwen2.5:3b-instruct,UNAVAILABLE_NOT_RETURNED,,BLOCKED_NOT_ATTEMPTED,,20260912_blind_v5,8d8f5fcab9e03c6a1dfc90d5a2bfc7a3f92959df7f202b8e9bd65a169f2d9337,758539f561704218a7df8d4e4bff20b38bce25191b9a70b5f800fc31c98ebd64,,False,,HOST_NOT_CONFIGURED,{}
record:4280eb3b0b03f33742931d75ad082789f68f58a181ec6b1f7b0f7505c13f4a51,1123918692474028033,ollama,qwen2.5:3b-instruct,UNAVAILABLE_NOT_RETURNED,,BLOCKED_NOT_ATTEMPTED,,20260912_blind_v5,8d8f5fcab9e03c6a1dfc90d5a2bfc7a3f92959df7f202b8e9bd65a169f2d9337,b48f49d62a011bfe8e5bb6d145fa2cc13e3c3b7951e04c5a9da1cb51e178bd8c,,False,,HOST_NOT_CONFIGURED,{}
record:42b2318749302976ebbd0defc3af34949b60673fd2ce374cd7c0422d091b63b8,1073817516584116224,ollama,qwen2.5:3b-instruct,UNAVAILABLE_NOT_RETURNED,,BLOCKED_NOT_ATTEMPTED,,20260912_blind_v5,8d8f5fcab9e03c6a1dfc90d5a2bfc7a3f92959df7f202b8e9bd65a169f2d9337,8d39275198295e2249ba127d2441bf3700c0c1e8ddf138b33a281350def35ea0,,False,,HOST_NOT_CONFIGURED,{}
record:42c2b332ed61cbcfd3d80041ad066662e55275cf28a4a3f316fc2676d1e203e5,846690403130716160,ollama,qwen2.5:3b-instruct,UNAVAILABLE_NOT_RETURNED,,BLOCKED_NOT_ATTEMPTED,,20260912_blind_v5,8d8f5fcab9e03c6a1dfc90d5a2bfc7a3f92959df7f202b8e9bd65a169f2d9337,cd22496b9d3910b38e4289ee98afe48a66b5125282376a3e13f1b8a5f91e5fef,,False,,HOST_NOT_CONFIGURED,{}
record:42e74c3e25ec66a8190fc1f27b310a968447d3f0bac14c0acac2b62df3e106c1,1077478571134853120,ollama,qwen2.5:3b-instruct,UNAVAILABLE_NOT_RETURNED,,BLOCKED_NOT_ATTEMPTED,,20260912_blind_v5,8d8f5fcab9e03c6a1dfc90d5a2bfc7a3f92959df7f202b8e9bd65a169f2d9337,77931373382fe7bc2cdfa2d0ab72d875c60c413d509445be7b8b73ba7b5247c3,,False,,HOST_NOT_CONFIGURED,{}
record:42e8437f7c5e14ab1431e9fa46122acd7ac3bea5d254ae4995ded4daf6957355,1070623402757517312,ollama,qwen2.5:3b-instruct,UNAVAILABLE_NOT_RETURNED,,BLOCKED_NOT_ATTEMPTED,,20260912_blind_v5,8d8f5fcab9e03c6a1dfc90d5a2bfc7a3f92959df7f202b8e9bd65a169f2d9337,89cc2757565d9d8286d1e2393e795e6b2d8b59de70319c57d7aec13d93507ece,,False,,HOST_NOT_CONFIGURED,{}
record:4387446d33c84603d238c67adeab7124ad909ad5efda1e51edf168597c0b8889,996553495820910592,ollama,qwen2.5:3b-instruct,UNAVAILABLE_NOT_RETURNED,,BLOCKED_NOT_ATTEMPTED,,20260912_blind_v5,8d8f5fcab9e03c6a1dfc90d5a2bfc7a3f92959df7f202b8e9bd65a169f2d9337,10d7a88f1c2095499cf09b8d04fa02bd1647955648880ac3a7de0c78c3cc0c20,,False,,HOST_NOT_CONFIGURED,{}
record:43a3646d1632e04402c6348945c795ad1675f6b76fcfa74d4ab4d52a1e21107e,1022706503201898496,ollama,qwen2.5:3b-instruct,UNAVAILABLE_NOT_RETURNED,,BLOCKED_NOT_ATTEMPTED,,20260912_blind_v5,8d8f5fcab9e03c6a1dfc90d5a2bfc7a3f92959df7f202b8e9bd65a169f2d9337,3fb74eba9c7aa9ce4a3ec52e6a3e891bcd61158efd18b9d0ab1ab58348248fd1,,False,,HOST_NOT_CONFIGURED,{}
record:43f51b641022e1926ef9582d3f11310c5695163a45f3d16cd18d176b53a1288b,1068008730929889280,ollama,qwen2.5:3b-instruct,UNAVAILABLE_NOT_RETURNED,,BLOCKED_NOT_ATTEMPTED,,20260912_blind_v5,8d8f5fcab9e03c6a1dfc90d5a2bfc7a3f92959df7f202b8e9bd65a169f2d9337,0cd1d1a6a76875d19bb280e32a5762b2057b3d8c10915a6ac16875e125b9d3d6,,False,,HOST_NOT_CONFIGURED,{}
record:446404355513e5de27daa2512a5d26bf4f30a675a39e462759c79a0e85271d79,938253727147819009,ollama,qwen2.5:3b-instruct,UNAVAILABLE_NOT_RETURNED,,BLOCKED_NOT_ATTEMPTED,,20260912_blind_v5,8d8f5fcab9e03c6a1dfc90d5a2bfc7a3f92959df7f202b8e9bd65a169f2d9337,3026f4031f56b6a086b100c7483ea37fc69d27e74a0928bf2d9d06de5dcb2e0e,,False,,HOST_NOT_CONFIGURED,{}
record:446daf785135f4ed18cfa6454f47def8bfaaa3d5474041aa5c52dcf5d89407b4,799498136188256256,ollama,qwen2.5:3b-instruct,UNAVAILABLE_NOT_RETURNED,,BLOCKED_NOT_ATTEMPTED,,20260912_blind_v5,8d8f5fcab9e03c6a1dfc90d5a2bfc7a3f92959df7f202b8e9bd65a169f2d9337,4796d529b43549aab129299707c6314c18d0638009c5a14fbcf0e169bfff5621,,False,,HOST_NOT_CONFIGURED,{}
record:44a7efdb4f48d02a8e78941da318e709fc3f78eb556258a9cc42acdd3f40290d,1093729403257978880,ollama,qwen2.5:3b-instruct,UNAVAILABLE_NOT_RETURNED,,BLOCKED_NOT_ATTEMPTED,,20260912_blind_v5,8d8f5fcab9e03c6a1dfc90d5a2bfc7a3f92959df7f202b8e9bd65a169f2d9337,f41c52132e8136b0b4a1f7229bbfb8dafd40ae74810ad3aa8a4ca944679b0139,,False,,HOST_NOT_CONFIGURED,{}
record:44b0a78315fdc5a316d4337efe34f8e8b7068ef46d8549966397f0da8a1920c8,619835855885176832,ollama,qwen2.5:3b-instruct,UNAVAILABLE_NOT_RETURNED,,BLOCKED_NOT_ATTEMPTED,,20260912_blind_v5,8d8f5fcab9e03c6a1dfc90d5a2bfc7a3f92959df7f202b8e9bd65a169f2d9337,2946c3e9d1a8b2bb0d8fb40efca7ed948ee54be3cb7c2d7a576d0abec699057f,,False,,HOST_NOT_CONFIGURED,{}
record:44f1645694aa34a0a5ed679dac0c9c5ebf9ef067de5185aeb2c688f9115efc8b,906343424055328769,ollama,qwen2.5:3b-instruct,UNAVAILABLE_NOT_RETURNED,,BLOCKED_NOT_ATTEMPTED,,20260912_blind_v5,8d8f5fcab9e03c6a1dfc90d5a2bfc7a3f92959df7f202b8e9bd65a169f2d9337,7a25cf780d910a7e14959eb0e63aa643e0bb60241f54f670c8e996d46b1c3b58,,False,,HOST_NOT_CONFIGURED,{}
record:451722bdb7288796054b24b2b4be4712881211bdbf7993953ed957bdeb16532d,1093698032149774336,ollama,qwen2.5:3b-instruct,UNAVAILABLE_NOT_RETURNED,,BLOCKED_NOT_ATTEMPTED,,20260912_blind_v5,8d8f5fcab9e03c6a1dfc90d5a2bfc7a3f92959df7f202b8e9bd65a169f2d9337,91035bb1f4bc9796980e602f23f841559760ad1d4f1fa5b7eef6a8b61dbbff9c,,False,,HOST_NOT_CONFIGURED,{}
record:4522d989608851336e9efc54e9502220ee32050bf4e83b0041d926e022ec4b6c,996554165714210816,ollama,qwen2.5:3b-instruct,UNAVAILABLE_NOT_RETURNED,,BLOCKED_NOT_ATTEMPTED,,20260912_blind_v5,8d8f5fcab9e03c6a1dfc90d5a2bfc7a3f92959df7f202b8e9bd65a169f2d9337,1933162b6d17aa6b35ab99f1ac385da808c22f9b2b15a43271fb6ac2bb66a809,,False,,HOST_NOT_CONFIGURED,{}
record:45a471d451e08d7cdc21fb922e3cba93cbfc33df7a87439dc34e2fc827a783e9,1059283806891454464,ollama,qwen2.5:3b-instruct,UNAVAILABLE_NOT_RETURNED,,BLOCKED_NOT_ATTEMPTED,,20260912_blind_v5,8d8f5fcab9e03c6a1dfc90d5a2bfc7a3f92959df7f202b8e9bd65a169f2d9337,8addd02bf4d78ba1a9de05d48a10766442b53797bf33013edbd4b52a3ccf69da,,False,,HOST_NOT_CONFIGURED,{}
record:460b9158a2277cded312a6c2dac2854dc1935b62404b8e4e85a9c34c02f749c5,632241412990496769,ollama,qwen2.5:3b-instruct,UNAVAILABLE_NOT_RETURNED,,BLOCKED_NOT_ATTEMPTED,,20260912_blind_v5,8d8f5fcab9e03c6a1dfc90d5a2bfc7a3f92959df7f202b8e9bd65a169f2d9337,1d99325ba18397355fd61305f699703a154b477960bc7d9dfc58a448090ae289,,False,,HOST_NOT_CONFIGURED,{}
record:4700ebb49739e6fbdd82c686160306a0af8383c4335fd245d7fc1587dbb3841e,571907738890080258,ollama,qwen2.5:3b-instruct,UNAVAILABLE_NOT_RETURNED,,BLOCKED_NOT_ATTEMPTED,,20260912_blind_v5,8d8f5fcab9e03c6a1dfc90d5a2bfc7a3f92959df7f202b8e9bd65a169f2d9337,201009e85d5c5cd0125e215d8ac9d8054a96ebf16b6df36a29aee1bdb664c68c,,False,,HOST_NOT_CONFIGURED,{}
record:4710a991f6a6f69cd8dc1e2446619fa9c895a0669c27a01aefabdccd1a1a7fd5,848706400859586563,ollama,qwen2.5:3b-instruct,UNAVAILABLE_NOT_RETURNED,,BLOCKED_NOT_ATTEMPTED,,20260912_blind_v5,8d8f5fcab9e03c6a1dfc90d5a2bfc7a3f92959df7f202b8e9bd65a169f2d9337,f316ebbe8d8443ed5a62129c5f459351ad09ab30555a244a4d5183c8a820a444,,False,,HOST_NOT_CONFIGURED,{}
record:483bc1faf3c1103023c69a65cc614f65b0576506286d9e24453b7edabe04e9c2,602695597796302849,ollama,qwen2.5:3b-instruct,UNAVAILABLE_NOT_RETURNED,,BLOCKED_NOT_ATTEMPTED,,20260912_blind_v5,8d8f5fcab9e03c6a1dfc90d5a2bfc7a3f92959df7f202b8e9bd65a169f2d9337,43855f1594c304fc10288c9dc50f22be6f82fa4b74b664c478dc57205ab28553,,False,,HOST_NOT_CONFIGURED,{}
record:485e6150cc6aceb4d27e0e78b8bafebda66bf2c7ac40b0246825b37d4e67840f,621953488625516544,ollama,qwen2.5:3b-instruct,UNAVAILABLE_NOT_RETURNED,,BLOCKED_NOT_ATTEMPTED,,20260912_blind_v5,8d8f5fcab9e03c6a1dfc90d5a2bfc7a3f92959df7f202b8e9bd65a169f2d9337,e4f2c3f3589eca6fde6a97df35f4bef0f55db5f41f4acacc83465d3b03dd9c92,,False,,HOST_NOT_CONFIGURED,{}
record:486ee35e64c768483d1e23531c7c970d5fee04247c9feda4db1f56c624846e16,544875651925164033,ollama,qwen2.5:3b-instruct,UNAVAILABLE_NOT_RETURNED,,BLOCKED_NOT_ATTEMPTED,,20260912_blind_v5,8d8f5fcab9e03c6a1dfc90d5a2bfc7a3f92959df7f202b8e9bd65a169f2d9337,5f2967c5105152ecac97c92d4309cb6c5b2db87ad9ade7a543d79bdc6c6bba38,,False,,HOST_NOT_CONFIGURED,{}
record:488080177b0a8d9a7d0d07fe523f7d1975e42ab337db8a7eb5612b3980717112,1093368446891356160,ollama,qwen2.5:3b-instruct,UNAVAILABLE_NOT_RETURNED,,BLOCKED_NOT_ATTEMPTED,,20260912_blind_v5,8d8f5fcab9e03c6a1dfc90d5a2bfc7a3f92959df7f202b8e9bd65a169f2d9337,0ea1048abb7f85041462cc175dbff7dca0e499c5bd234edbee9fc430c6ca0269,,False,,HOST_NOT_CONFIGURED,{}
record:4888e48a9b79993d5595cfb9cfad4a067a0ca080aebafbdad027dfa58fb99a80,544876520309678080,ollama,qwen2.5:3b-instruct,UNAVAILABLE_NOT_RETURNED,,BLOCKED_NOT_ATTEMPTED,,20260912_blind_v5,8d8f5fcab9e03c6a1dfc90d5a2bfc7a3f92959df7f202b8e9bd65a169f2d9337,a44ed29d762bfcd58dd31013421b920a0abf200f0bc4f515ddab0e8404e8aaa2,,False,,HOST_NOT_CONFIGURED,{}
record:499c3ac9d1900e9b234452cec10d777a12458f5b6de114b93b006e01b7bf6934,1052201601794863104,ollama,qwen2.5:3b-instruct,UNAVAILABLE_NOT_RETURNED,,BLOCKED_NOT_ATTEMPTED,,20260912_blind_v5,8d8f5fcab9e03c6a1dfc90d5a2bfc7a3f92959df7f202b8e9bd65a169f2d9337,5503c042273dba173a4475a841053447248596f98f79cbc52b9ba84b453a9486,,False,,HOST_NOT_CONFIGURED,{}
record:49b25bb4e1b9a5cfce5c3c430eb6d56137efa7c555dc887d0449ba5b2fe065a7,1083831424539475968,ollama,qwen2.5:3b-instruct,UNAVAILABLE_NOT_RETURNED,,BLOCKED_NOT_ATTEMPTED,,20260912_blind_v5,8d8f5fcab9e03c6a1dfc90d5a2bfc7a3f92959df7f202b8e9bd65a169f2d9337,c31b26ada53a54cf9ef00a6eef5336b8cec5ab69d42068e45c0d89307cacd7ad,,False,,HOST_NOT_CONFIGURED,{}
record:49d2bd5d6f48c608fd9fcd6a1b87c3e17b8b0d074b4e268455a594f9c33ef18b,939063039613050880,ollama,qwen2.5:3b-instruct,UNAVAILABLE_NOT_RETURNED,,BLOCKED_NOT_ATTEMPTED,,20260912_blind_v5,8d8f5fcab9e03c6a1dfc90d5a2bfc7a3f92959df7f202b8e9bd65a169f2d9337,73d5bec67167195c983cca0df538c93de5b3e4282352c55a3ae2e7f220921b42,,False,,HOST_NOT_CONFIGURED,{}
record:4a16c096a8433fb725bb67c3e2c11576dd1ed2450165ec80a7dbdd1796bce365,939449042710380549,ollama,qwen2.5:3b-instruct,UNAVAILABLE_NOT_RETURNED,,BLOCKED_NOT_ATTEMPTED,,20260912_blind_v5,8d8f5fcab9e03c6a1dfc90d5a2bfc7a3f92959df7f202b8e9bd65a169f2d9337,65be51f4110a107d0c0f2678420be944618ec1e107d2b1f8ee2c0787887e4c78,,False,,HOST_NOT_CONFIGURED,{}
record:4a51441c42d7d549a651c33a9e59d6fa5d8a8b35cf8c3604ad52bd21e74f4967,1093776397036711938,ollama,qwen2.5:3b-instruct,UNAVAILABLE_NOT_RETURNED,,BLOCKED_NOT_ATTEMPTED,,20260912_blind_v5,8d8f5fcab9e03c6a1dfc90d5a2bfc7a3f92959df7f202b8e9bd65a169f2d9337,605452d3fbf70d149611a4a375a86683dea0ed55d5ef43f839b906ed8f7f668e,,False,,HOST_NOT_CONFIGURED,{}
record:4a61d98d86f08b5e5b90261f7dffc7e679d21867df666911d39fc30033a4251a,903283937778077697,ollama,qwen2.5:3b-instruct,UNAVAILABLE_NOT_RETURNED,,BLOCKED_NOT_ATTEMPTED,,20260912_blind_v5,8d8f5fcab9e03c6a1dfc90d5a2bfc7a3f92959df7f202b8e9bd65a169f2d9337,21f1c9f56b0e326e8600755b32e1ee14651c908bf0a8b8d1201ca21a2f82db54,,False,,HOST_NOT_CONFIGURED,{}
record:4a6c69c682a74ae72102f58ca8f82f8543cc7605338f4b82b8cb0f681e70e283,850945733842747394,ollama,qwen2.5:3b-instruct,UNAVAILABLE_NOT_RETURNED,,BLOCKED_NOT_ATTEMPTED,,20260912_blind_v5,8d8f5fcab9e03c6a1dfc90d5a2bfc7a3f92959df7f202b8e9bd65a169f2d9337,de438cfea5e07e62b16e95a6add062f0d3cec46463977584a5927f65855b49f9,,False,,HOST_NOT_CONFIGURED,{}
record:4a7159f500db15800f3067256dc70eaef0a212abb67bb4e08b55b71106174cb2,561010745157365761,ollama,qwen2.5:3b-instruct,UNAVAILABLE_NOT_RETURNED,,BLOCKED_NOT_ATTEMPTED,,20260912_blind_v5,8d8f5fcab9e03c6a1dfc90d5a2bfc7a3f92959df7f202b8e9bd65a169f2d9337,db72897317910320319ea6f0cc57dcd7c5fa99a12eb0454f6dac0ec111342fa2,,False,,HOST_NOT_CONFIGURED,{}
record:4a83c1cebbd9d0f616b2eab8c26efbf9b5d1ab0112eb6e574540865876af788c,1068372481038118913,ollama,qwen2.5:3b-instruct,UNAVAILABLE_NOT_RETURNED,,BLOCKED_NOT_ATTEMPTED,,20260912_blind_v5,8d8f5fcab9e03c6a1dfc90d5a2bfc7a3f92959df7f202b8e9bd65a169f2d9337,d88093d62695a2d7bb67c443965444b4f5d0ead102650a9d9cb1c78c461274be,,False,,HOST_NOT_CONFIGURED,{}
record:4afe819d5e21abe5aff72ff33c6ec926e5770d0c1b469fb9ff64a36182c5f372,560435841475280896,ollama,qwen2.5:3b-instruct,UNAVAILABLE_NOT_RETURNED,,BLOCKED_NOT_ATTEMPTED,,20260912_blind_v5,8d8f5fcab9e03c6a1dfc90d5a2bfc7a3f92959df7f202b8e9bd65a169f2d9337,b7a8404fcd31694187929aa9396e65cd29e916b2d2b3e7c0337dbade83b25311,,False,,HOST_NOT_CONFIGURED,{}
record:4b05ad65563bbceccdfc1332328a3a70460c6432d73ed58fe5e5afcab5d76605,1071670010576338944,ollama,qwen2.5:3b-instruct,UNAVAILABLE_NOT_RETURNED,,BLOCKED_NOT_ATTEMPTED,,20260912_blind_v5,8d8f5fcab9e03c6a1dfc90d5a2bfc7a3f92959df7f202b8e9bd65a169f2d9337,84de731e54dc847a15d7401b51bda6fbcec26b85d0a1765e5bc720dbe3595013,,False,,HOST_NOT_CONFIGURED,{}
record:4b4588054cc5607b5c5b5b8b34d4d6c4983fbdb7716413f4c75fa586a8830986,539046643128348672,ollama,qwen2.5:3b-instruct,UNAVAILABLE_NOT_RETURNED,,BLOCKED_NOT_ATTEMPTED,,20260912_blind_v5,8d8f5fcab9e03c6a1dfc90d5a2bfc7a3f92959df7f202b8e9bd65a169f2d9337,4160a93b65520d769be00b1dbabd1a0631c4d30d44fb167f4cbb92c6e3151dc0,,False,,HOST_NOT_CONFIGURED,{}
record:4bab48b83e6c4c0488591548f515743af120e313dd0fa5cd8afda676349b928c,949838789605654533,ollama,qwen2.5:3b-instruct,UNAVAILABLE_NOT_RETURNED,,BLOCKED_NOT_ATTEMPTED,,20260912_blind_v5,8d8f5fcab9e03c6a1dfc90d5a2bfc7a3f92959df7f202b8e9bd65a169f2d9337,8133cc8f0dae117063511bebed08cdf20549aadc7fda97d1dc517ebbe6c17bac,,False,,HOST_NOT_CONFIGURED,{}
record:4bc4a0a810fe8f192157bd972fb39febf8bbffa6754aae6b7499b4d4cf666d8a,1097673977785274369,ollama,qwen2.5:3b-instruct,UNAVAILABLE_NOT_RETURNED,,BLOCKED_NOT_ATTEMPTED,,20260912_blind_v5,8d8f5fcab9e03c6a1dfc90d5a2bfc7a3f92959df7f202b8e9bd65a169f2d9337,f894bca0f104c543037bbdb1727cd58638cad331f54bda25ef9cbf372712a217,,False,,HOST_NOT_CONFIGURED,{}
record:4bd1d15a2e8df5acf870e960dc730c951947fc60e162a228612347a698572847,923473093296660480,ollama,qwen2.5:3b-instruct,UNAVAILABLE_NOT_RETURNED,,BLOCKED_NOT_ATTEMPTED,,20260912_blind_v5,8d8f5fcab9e03c6a1dfc90d5a2bfc7a3f92959df7f202b8e9bd65a169f2d9337,6d0d03927935ebc26caa6a6c8857f439cdf4050e17c42dba1ba0170f48d3ff02,,False,,HOST_NOT_CONFIGURED,{}
record:4c0f6cd394c5d93672febf785e825c9914bd60879bf8dc817e7c6110be66510a,1022687466984222720,ollama,qwen2.5:3b-instruct,UNAVAILABLE_NOT_RETURNED,,BLOCKED_NOT_ATTEMPTED,,20260912_blind_v5,8d8f5fcab9e03c6a1dfc90d5a2bfc7a3f92959df7f202b8e9bd65a169f2d9337,4c4898033bc572b25666789958e980cf62ec2cd2b38525bbf76cff48868996c4,,False,,HOST_NOT_CONFIGURED,{}
record:4ca4b4b30b6fe64be0d4049532c4a6383e6f2e94d90962d60a7585a0edd64e00,811400009577009152,ollama,qwen2.5:3b-instruct,UNAVAILABLE_NOT_RETURNED,,BLOCKED_NOT_ATTEMPTED,,20260912_blind_v5,8d8f5fcab9e03c6a1dfc90d5a2bfc7a3f92959df7f202b8e9bd65a169f2d9337,fef9207c88d9a1dfcf243edf81076cac94015059e946dcb85609ac07d1a19f79,,False,,HOST_NOT_CONFIGURED,{}
record:4ca521b25942749878330404fbd061bae37f4b7a2e441b23ac7251b9c10890f2,558811604566179840,ollama,qwen2.5:3b-instruct,UNAVAILABLE_NOT_RETURNED,,BLOCKED_NOT_ATTEMPTED,,20260912_blind_v5,8d8f5fcab9e03c6a1dfc90d5a2bfc7a3f92959df7f202b8e9bd65a169f2d9337,148a4a2cf732745036fae30c44123cf767eb8ba031e64ad7bef7b635db06f02c,,False,,HOST_NOT_CONFIGURED,{}
record:4cc2a408c4205eec278dd9bf12dcf76daa09d6b6d92565de28fab98694461eed,793748665638674433,ollama,qwen2.5:3b-instruct,UNAVAILABLE_NOT_RETURNED,,BLOCKED_NOT_ATTEMPTED,,20260912_blind_v5,8d8f5fcab9e03c6a1dfc90d5a2bfc7a3f92959df7f202b8e9bd65a169f2d9337,56968ba11f3aef465770bd5a9d03b167d86578cbd16f2f1ccdf8179fcc88fc9d,,False,,HOST_NOT_CONFIGURED,{}
record:4cdc9694a869f948ea6bae8fdbfeda33a8000f04cb9a6965aaea01a17d4a5e46,1068380663026524160,ollama,qwen2.5:3b-instruct,UNAVAILABLE_NOT_RETURNED,,BLOCKED_NOT_ATTEMPTED,,20260912_blind_v5,8d8f5fcab9e03c6a1dfc90d5a2bfc7a3f92959df7f202b8e9bd65a169f2d9337,7773f2e924c4fac10f7fa498986eb0a19836543bc0ed4933029eb67d98db6c13,,False,,HOST_NOT_CONFIGURED,{}
record:4d285ed5ed00a75dad17744da21e50f97c9f8541655da9c6658810dd0ddafb17,1046227325908668417,ollama,qwen2.5:3b-instruct,UNAVAILABLE_NOT_RETURNED,,BLOCKED_NOT_ATTEMPTED,,20260912_blind_v5,8d8f5fcab9e03c6a1dfc90d5a2bfc7a3f92959df7f202b8e9bd65a169f2d9337,06825e2e78cfd6656a590d0db9c79f38a1ce70501dfb680b34ae0ff86ae6e0eb,,False,,HOST_NOT_CONFIGURED,{}
record:4dfdd23dafac655c3e69feeef0b979a1f4affdac485c292f4aebad1a3bf799dc,1116661198173298688,ollama,qwen2.5:3b-instruct,UNAVAILABLE_NOT_RETURNED,,BLOCKED_NOT_ATTEMPTED,,20260912_blind_v5,8d8f5fcab9e03c6a1dfc90d5a2bfc7a3f92959df7f202b8e9bd65a169f2d9337,ab7c55d5aa41b48763dc2649ad292b07919e6066bca4a884a7a3773bb406677c,,False,,HOST_NOT_CONFIGURED,{}
record:4e8377d586629767af1f069e6cfbc93bc0d998476d9f9dc57c30446c4ff5a93b,1043743834990161920,ollama,qwen2.5:3b-instruct,UNAVAILABLE_NOT_RETURNED,,BLOCKED_NOT_ATTEMPTED,,20260912_blind_v5,8d8f5fcab9e03c6a1dfc90d5a2bfc7a3f92959df7f202b8e9bd65a169f2d9337,a2cd8b77488dd0c569d9db72bd10f87db36f03193ae0d82ab90a3e8f440fbad3,,False,,HOST_NOT_CONFIGURED,{}
record:4ed899f23f69a3172d3993a4eb290885ff6370b3383dddd90068a4cc34c311c7,1087931703270821890,ollama,qwen2.5:3b-instruct,UNAVAILABLE_NOT_RETURNED,,BLOCKED_NOT_ATTEMPTED,,20260912_blind_v5,8d8f5fcab9e03c6a1dfc90d5a2bfc7a3f92959df7f202b8e9bd65a169f2d9337,f01a077ad33d902cb229687808374e4a016c1d531a64598a643579886b3bb49b,,False,,HOST_NOT_CONFIGURED,{}
record:4f11827848eb67a5fa9655df58e0bde309061f2c3f01c029302c24a61f49e8c2,1093409998493777920,ollama,qwen2.5:3b-instruct,UNAVAILABLE_NOT_RETURNED,,BLOCKED_NOT_ATTEMPTED,,20260912_blind_v5,8d8f5fcab9e03c6a1dfc90d5a2bfc7a3f92959df7f202b8e9bd65a169f2d9337,de398d3bbb6b59b1b98fe677942ff5944f285edb44eceecf5ec27135a34d625f,,False,,HOST_NOT_CONFIGURED,{}
record:4f17e94f099fbf214d453bfebd75a1c5979c141dfee8f78dcd256dcbfd8ff0f4,1072369605442715649,ollama,qwen2.5:3b-instruct,UNAVAILABLE_NOT_RETURNED,,BLOCKED_NOT_ATTEMPTED,,20260912_blind_v5,8d8f5fcab9e03c6a1dfc90d5a2bfc7a3f92959df7f202b8e9bd65a169f2d9337,9c64a9f45d5bcfc690df7fbe10dfd384fd98968a6b14e1b476f5cc8958c3b5ee,,False,,HOST_NOT_CONFIGURED,{}
record:4f842a2f2ccd806ae30af41fb59d1fc0e1395a71f5d8a643ce49aa584486d3b2,1031101629473464320,ollama,qwen2.5:3b-instruct,UNAVAILABLE_NOT_RETURNED,,BLOCKED_NOT_ATTEMPTED,,20260912_blind_v5,8d8f5fcab9e03c6a1dfc90d5a2bfc7a3f92959df7f202b8e9bd65a169f2d9337,596cd3b47a3e6732742b69f1e29fefd690a93eb300fa0a03303173e0e7bf7e54,,False,,HOST_NOT_CONFIGURED,{}
record:4f847b13b25de772b9bce745f4ae186bea6baef93136e71f57f40161b3afe040,1043346420428926977,ollama,qwen2.5:3b-instruct,UNAVAILABLE_NOT_RETURNED,,BLOCKED_NOT_ATTEMPTED,,20260912_blind_v5,8d8f5fcab9e03c6a1dfc90d5a2bfc7a3f92959df7f202b8e9bd65a169f2d9337,71f41b17acb9b7014161af66e0ca671ffd7a7aa86b890c7e30fba91dea0f02ce,,False,,HOST_NOT_CONFIGURED,{}
record:4fc15c6ee5fa73063cf83dd244d1f22a0859c140ea9fcf0b5f68837a50ec6820,885078367648849922,ollama,qwen2.5:3b-instruct,UNAVAILABLE_NOT_RETURNED,,BLOCKED_NOT_ATTEMPTED,,20260912_blind_v5,8d8f5fcab9e03c6a1dfc90d5a2bfc7a3f92959df7f202b8e9bd65a169f2d9337,cdd21c5bbf4564e71696267020ea0b277339762689d11543fff79c58c1b83c0b,,False,,HOST_NOT_CONFIGURED,{}
record:4ffc4df720d2eba975c01e2c9e356ff544879ff48f96eca71aef2e6820e67213,1024545772639899648,ollama,qwen2.5:3b-instruct,UNAVAILABLE_NOT_RETURNED,,BLOCKED_NOT_ATTEMPTED,,20260912_blind_v5,8d8f5fcab9e03c6a1dfc90d5a2bfc7a3f92959df7f202b8e9bd65a169f2d9337,31f9284de665689330d5226b304ca5cd73d88ea23546bb8252b84859359075c7,,False,,HOST_NOT_CONFIGURED,{}
record:5002ee7ba776fed5662441064955763c57ed5e6f4547c1be88c0ad3be726f861,587582074980327424,ollama,qwen2.5:3b-instruct,UNAVAILABLE_NOT_RETURNED,,BLOCKED_NOT_ATTEMPTED,,20260912_blind_v5,8d8f5fcab9e03c6a1dfc90d5a2bfc7a3f92959df7f202b8e9bd65a169f2d9337,f602260e095215f5d3067367ff03bc201e76deb0a7cb94738f6d0b21407467dc,,False,,HOST_NOT_CONFIGURED,{}
record:5018c4b12ba2d7dce0436918493854fa89690bb4e97b5a8dee688d8ff25dfa85,616069649990582272,ollama,qwen2.5:3b-instruct,UNAVAILABLE_NOT_RETURNED,,BLOCKED_NOT_ATTEMPTED,,20260912_blind_v5,8d8f5fcab9e03c6a1dfc90d5a2bfc7a3f92959df7f202b8e9bd65a169f2d9337,cc1d59c30daabbe2750b42986ced3d46341f7db2ce809004cce8f32bb493ad9c,,False,,HOST_NOT_CONFIGURED,{}
record:501ad45dd3f17aae6f80287a846fe1455900b54628895b216af5d8b4fb54e0b0,951707840367935488,ollama,qwen2.5:3b-instruct,UNAVAILABLE_NOT_RETURNED,,BLOCKED_NOT_ATTEMPTED,,20260912_blind_v5,8d8f5fcab9e03c6a1dfc90d5a2bfc7a3f92959df7f202b8e9bd65a169f2d9337,144d5b25f3dbf250475445951c4c087a8ebd5bc04ba47aa158cd5c16984d69d9,,False,,HOST_NOT_CONFIGURED,{}
record:5061a97dc3a3cbfa703e6feb9541c63497cd748ae95e8d547dfcd8f065a5757d,1026805620727529472,ollama,qwen2.5:3b-instruct,UNAVAILABLE_NOT_RETURNED,,BLOCKED_NOT_ATTEMPTED,,20260912_blind_v5,8d8f5fcab9e03c6a1dfc90d5a2bfc7a3f92959df7f202b8e9bd65a169f2d9337,1d851bc296b1b660ff205790c3247a9aafa7ab1d98a058c5e0326a6e694574ff,,False,,HOST_NOT_CONFIGURED,{}
record:50ca3485c94bf690bf49ec46ccd82a90c76b3da68bcce749afe324077f670197,907411210504511490,ollama,qwen2.5:3b-instruct,UNAVAILABLE_NOT_RETURNED,,BLOCKED_NOT_ATTEMPTED,,20260912_blind_v5,8d8f5fcab9e03c6a1dfc90d5a2bfc7a3f92959df7f202b8e9bd65a169f2d9337,16f32286c4435c2bb26116bc553b08c56a9f9b2fd02b3c7623f85ca9ee86b981,,False,,HOST_NOT_CONFIGURED,{}
record:529fbcca1d7d66ecf7db40dec764dc364204a20607bd7605230da5d863cefb55,565098436220162048,ollama,qwen2.5:3b-instruct,UNAVAILABLE_NOT_RETURNED,,BLOCKED_NOT_ATTEMPTED,,20260912_blind_v5,8d8f5fcab9e03c6a1dfc90d5a2bfc7a3f92959df7f202b8e9bd65a169f2d9337,6c8e06c136ef320a166d8f7cb88f913cb226a17cebbbf15484d26f030429d114,,False,,HOST_NOT_CONFIGURED,{}
record:530e31e1b3f431b620377fe889404ee8c009e40ebe40686ee06da9c384c4c5d5,879176229546369025,ollama,qwen2.5:3b-instruct,UNAVAILABLE_NOT_RETURNED,,BLOCKED_NOT_ATTEMPTED,,20260912_blind_v5,8d8f5fcab9e03c6a1dfc90d5a2bfc7a3f92959df7f202b8e9bd65a169f2d9337,ca0937b1315988f1ce8b42445f36a2a50e14e0bbb3599bf41d17bf9851fa204f,,False,,HOST_NOT_CONFIGURED,{}
record:5338ff9561f3b9407e10fb17abcf5de1e0054b7be0cfeb03e6eb9102f1ee1f6d,1039698620881231873,ollama,qwen2.5:3b-instruct,UNAVAILABLE_NOT_RETURNED,,BLOCKED_NOT_ATTEMPTED,,20260912_blind_v5,8d8f5fcab9e03c6a1dfc90d5a2bfc7a3f92959df7f202b8e9bd65a169f2d9337,ada7a5adff7ed7ca86674869ebc3011eb677dde4ac16d2ca8c22d160b909f7bb,,False,,HOST_NOT_CONFIGURED,{}
record:5364d618ed75ef57f5660f9118b6b438654bdd76c94d7640c7fe3088c95e6e7e,1084370452791812096,ollama,qwen2.5:3b-instruct,UNAVAILABLE_NOT_RETURNED,,BLOCKED_NOT_ATTEMPTED,,20260912_blind_v5,8d8f5fcab9e03c6a1dfc90d5a2bfc7a3f92959df7f202b8e9bd65a169f2d9337,ceea96cb1aa4cb001cc50c3f72a72347448d80cd7df74371d8e8f061742feee4,,False,,HOST_NOT_CONFIGURED,{}
record:53678687985cdab7c2fd1786fb2a6d6066032145e84c57b004880f7466a8b615,879181687170547712,ollama,qwen2.5:3b-instruct,UNAVAILABLE_NOT_RETURNED,,BLOCKED_NOT_ATTEMPTED,,20260912_blind_v5,8d8f5fcab9e03c6a1dfc90d5a2bfc7a3f92959df7f202b8e9bd65a169f2d9337,21fdc001bc74f72e7617dc9c439df9abd5367894609f3f781854359833d58eb2,,False,,HOST_NOT_CONFIGURED,{}
record:538d5e4cb4939821b48398744fca3be7eebf14e52246a66b53b1afeec00a536c,856742651378376706,ollama,qwen2.5:3b-instruct,UNAVAILABLE_NOT_RETURNED,,BLOCKED_NOT_ATTEMPTED,,20260912_blind_v5,8d8f5fcab9e03c6a1dfc90d5a2bfc7a3f92959df7f202b8e9bd65a169f2d9337,8b54c44f0e80c5e91c31d2f2a9ff56f2bec231865cf3822be2de89469627a363,,False,,HOST_NOT_CONFIGURED,{}
record:53906657b4369daf2e788e517361dd177bdd7fda2f725fbbbe3d2dc19a0f274b,993672478433169408,ollama,qwen2.5:3b-instruct,UNAVAILABLE_NOT_RETURNED,,BLOCKED_NOT_ATTEMPTED,,20260912_blind_v5,8d8f5fcab9e03c6a1dfc90d5a2bfc7a3f92959df7f202b8e9bd65a169f2d9337,aaf5c4319f618d0078219aeba48319aeaa0789371222325ee6b9b73fcb10dfcd,,False,,HOST_NOT_CONFIGURED,{}
record:53d24e89e76da5b894ae126f0ec799c4d0d2d078d93043c44f87efd04889d1be,1019470998272266241,ollama,qwen2.5:3b-instruct,UNAVAILABLE_NOT_RETURNED,,BLOCKED_NOT_ATTEMPTED,,20260912_blind_v5,8d8f5fcab9e03c6a1dfc90d5a2bfc7a3f92959df7f202b8e9bd65a169f2d9337,faf57abb208f4507f2441fa93cfdf8cbfce8170b9befd3e20f56efeb1e43e5bc,,False,,HOST_NOT_CONFIGURED,{}
record:5442ccb899ce9685c5aa1ee026332d00654ec8db14fc0dec14d4810d7ee4227a,867918781258977280,ollama,qwen2.5:3b-instruct,UNAVAILABLE_NOT_RETURNED,,BLOCKED_NOT_ATTEMPTED,,20260912_blind_v5,8d8f5fcab9e03c6a1dfc90d5a2bfc7a3f92959df7f202b8e9bd65a169f2d9337,d9686b217db44835440f6016cfc05fad8a8291d8a5ca53ed82c82f111e4d116f,,False,,HOST_NOT_CONFIGURED,{}
record:5466b161f60fe1eaafebe7e9ceb74e35eb16c8cc8fc4962d197db83a367a0d88,1065900064688619521,ollama,qwen2.5:3b-instruct,UNAVAILABLE_NOT_RETURNED,,BLOCKED_NOT_ATTEMPTED,,20260912_blind_v5,8d8f5fcab9e03c6a1dfc90d5a2bfc7a3f92959df7f202b8e9bd65a169f2d9337,4e1967cd70dd6a3af43177a6d6990eacc4581b560804bb1816461f6a9df4f818,,False,,HOST_NOT_CONFIGURED,{}
record:546bb5a97212a8b9a6aeb559acbc9dfb0b959faf1a5af25f25d2dd3e29745307,1043785350747959298,ollama,qwen2.5:3b-instruct,UNAVAILABLE_NOT_RETURNED,,BLOCKED_NOT_ATTEMPTED,,20260912_blind_v5,8d8f5fcab9e03c6a1dfc90d5a2bfc7a3f92959df7f202b8e9bd65a169f2d9337,65913ee80b53b4972807b7e6035b91b97b505082457271841173ae355e7240b9,,False,,HOST_NOT_CONFIGURED,{}
record:54b736d07300a9cf2aeebe4b0be22e54011081a67ee7b34533eb907ad17fc05b,1092275186798379008,ollama,qwen2.5:3b-instruct,UNAVAILABLE_NOT_RETURNED,,BLOCKED_NOT_ATTEMPTED,,20260912_blind_v5,8d8f5fcab9e03c6a1dfc90d5a2bfc7a3f92959df7f202b8e9bd65a169f2d9337,968551a681d0b91214f533e30a828437ff2d559bd4d0faa27a905bfcb2a63a11,,False,,HOST_NOT_CONFIGURED,{}
record:55022f9edc22ec8b8a8610bce11898dc6d5abbbe4f9b49503fcaca75966425be,982145857871949824,ollama,qwen2.5:3b-instruct,UNAVAILABLE_NOT_RETURNED,,BLOCKED_NOT_ATTEMPTED,,20260912_blind_v5,8d8f5fcab9e03c6a1dfc90d5a2bfc7a3f92959df7f202b8e9bd65a169f2d9337,3ddbcc04fac9c568e2bf71b04cdf3ea93abe4e9efe05d93c4f8eed87aaabed09,,False,,HOST_NOT_CONFIGURED,{}
record:5584fb9449f343318a90ae1716b7e737bb04cc5f224ff60e1ad9836296d1468c,1046230447959814144,ollama,qwen2.5:3b-instruct,UNAVAILABLE_NOT_RETURNED,,BLOCKED_NOT_ATTEMPTED,,20260912_blind_v5,8d8f5fcab9e03c6a1dfc90d5a2bfc7a3f92959df7f202b8e9bd65a169f2d9337,dd99a7f6989bf3a24299956b306e21bbecc17b41bee182e85fb5b0bafb9b7c2f,,False,,HOST_NOT_CONFIGURED,{}
record:55907fb25af319ff43c4084b74b4b7ed925abbdb2d1a5a8dbbd22f7c912b23a6,570216529809289216,ollama,qwen2.5:3b-instruct,UNAVAILABLE_NOT_RETURNED,,BLOCKED_NOT_ATTEMPTED,,20260912_blind_v5,8d8f5fcab9e03c6a1dfc90d5a2bfc7a3f92959df7f202b8e9bd65a169f2d9337,8d60acea1dc0155930c8b9b9f7b831f80aefc5c86e0655ab58614ec36190416b,,False,,HOST_NOT_CONFIGURED,{}
record:55bf92ba1de53933b2ed103c37dc8740fdf7ec0eae46c27ff9a4e9e1b7451346,786527887608340482,ollama,qwen2.5:3b-instruct,UNAVAILABLE_NOT_RETURNED,,BLOCKED_NOT_ATTEMPTED,,20260912_blind_v5,8d8f5fcab9e03c6a1dfc90d5a2bfc7a3f92959df7f202b8e9bd65a169f2d9337,f5992af55b42a193185adf95dc8b4041f86523a6ce9054a7359398568f2ea603,,False,,HOST_NOT_CONFIGURED,{}
record:561a6c43b45ca4ee16df70cd9cb2c3d2f20f49c86b2fdd8618a0f12d0f08f7da,597416825094336512,ollama,qwen2.5:3b-instruct,UNAVAILABLE_NOT_RETURNED,,BLOCKED_NOT_ATTEMPTED,,20260912_blind_v5,8d8f5fcab9e03c6a1dfc90d5a2bfc7a3f92959df7f202b8e9bd65a169f2d9337,4218f660d906d7d5aa4dca018b09e19a693839a15a91d3e2076e980d887e967f,,False,,HOST_NOT_CONFIGURED,{}
record:56c806aad2499502f3232ad1d8e612f9c6825f89588eb76d363390c238ef6047,576241627729113088,ollama,qwen2.5:3b-instruct,UNAVAILABLE_NOT_RETURNED,,BLOCKED_NOT_ATTEMPTED,,20260912_blind_v5,8d8f5fcab9e03c6a1dfc90d5a2bfc7a3f92959df7f202b8e9bd65a169f2d9337,0477878bcea6841831f2b24a3414bf153fe9ef7eb8631eeffd3e92dec0b30bb3,,False,,HOST_NOT_CONFIGURED,{}
record:56f26bbb091fe0e105a782791825282ce05d0a55401da3f5693441ee1b35f5ca,1005683544146862080,ollama,qwen2.5:3b-instruct,UNAVAILABLE_NOT_RETURNED,,BLOCKED_NOT_ATTEMPTED,,20260912_blind_v5,8d8f5fcab9e03c6a1dfc90d5a2bfc7a3f92959df7f202b8e9bd65a169f2d9337,f8b2769f7d9adc0f4b6cca513f29dbb8b3789330121d5c6e6293a0749f9307d9,,False,,HOST_NOT_CONFIGURED,{}
record:577930a41248106eec753173fe665ee8239a8f9b176fe29adffae584b8bc75fc,1080020814177562625,ollama,qwen2.5:3b-instruct,UNAVAILABLE_NOT_RETURNED,,BLOCKED_NOT_ATTEMPTED,,20260912_blind_v5,8d8f5fcab9e03c6a1dfc90d5a2bfc7a3f92959df7f202b8e9bd65a169f2d9337,46d1658afa6b8e2134d9be412abffcc32a2f08b29382a643b367e8331649f4ee,,False,,HOST_NOT_CONFIGURED,{}
record:57b369b0e2083cc01c90de554240f7ad0af6223d343196d2556304f83cd8dd5c,935819217277927424,ollama,qwen2.5:3b-instruct,UNAVAILABLE_NOT_RETURNED,,BLOCKED_NOT_ATTEMPTED,,20260912_blind_v5,8d8f5fcab9e03c6a1dfc90d5a2bfc7a3f92959df7f202b8e9bd65a169f2d9337,4a512a78bac98022c481a6e0131b55906877fc3062f5ea75300a5aae1465e6fe,,False,,HOST_NOT_CONFIGURED,{}
record:57bf22523c173597a2ccaa95400d3529a64ab94b092a9a1fe0d4213496479130,875529797060804609,ollama,qwen2.5:3b-instruct,UNAVAILABLE_NOT_RETURNED,,BLOCKED_NOT_ATTEMPTED,,20260912_blind_v5,8d8f5fcab9e03c6a1dfc90d5a2bfc7a3f92959df7f202b8e9bd65a169f2d9337,2fc27f90904a84bd9eac3962486f683d9941f2af238c68979ba8437077cc29ce,,False,,HOST_NOT_CONFIGURED,{}
record:583792226dc4dfd21c8cf21b6fdbc0348a53dcf9549bce8f3c0999992823c829,1046259774080212996,ollama,qwen2.5:3b-instruct,UNAVAILABLE_NOT_RETURNED,,BLOCKED_NOT_ATTEMPTED,,20260912_blind_v5,8d8f5fcab9e03c6a1dfc90d5a2bfc7a3f92959df7f202b8e9bd65a169f2d9337,c5a7bc887dd70372151faa0cf992c35776f9a69272c24942570198baded12ead,,False,,HOST_NOT_CONFIGURED,{}
record:58cb57892fce318c637095fc62512357299169e179f692a922407f9cecab8c31,1095869776092553217,ollama,qwen2.5:3b-instruct,UNAVAILABLE_NOT_RETURNED,,BLOCKED_NOT_ATTEMPTED,,20260912_blind_v5,8d8f5fcab9e03c6a1dfc90d5a2bfc7a3f92959df7f202b8e9bd65a169f2d9337,bd172f1d62d118b475ea423b99b9811f189c90f3a8edde6f77c9078d9b6a806c,,False,,HOST_NOT_CONFIGURED,{}
record:5a0a68acca6b174747efebad33b17d9b1bc4fa8fd037e4591ab216cc7278f764,1070682863006171136,ollama,qwen2.5:3b-instruct,UNAVAILABLE_NOT_RETURNED,,BLOCKED_NOT_ATTEMPTED,,20260912_blind_v5,8d8f5fcab9e03c6a1dfc90d5a2bfc7a3f92959df7f202b8e9bd65a169f2d9337,1da96a8a6761b4aa146db2d64dccf4c0e961027a751a52478303989360e6beae,,False,,HOST_NOT_CONFIGURED,{}
record:5a8084acb17202f6ed0fd169cb00f359d91ddc3fe05e4f2939af80c68cb890f1,894555301432631296,ollama,qwen2.5:3b-instruct,UNAVAILABLE_NOT_RETURNED,,BLOCKED_NOT_ATTEMPTED,,20260912_blind_v5,8d8f5fcab9e03c6a1dfc90d5a2bfc7a3f92959df7f202b8e9bd65a169f2d9337,365f1f2b4734966ddc16d6e0a96da5388ae696d2812555ece168f6568f54e855,,False,,HOST_NOT_CONFIGURED,{}
record:5b5d05c6f8d81688938d0f4e32e2fb0172ac397dd71543ab935f9e4c44462cbe,931468941334949889,ollama,qwen2.5:3b-instruct,UNAVAILABLE_NOT_RETURNED,,BLOCKED_NOT_ATTEMPTED,,20260912_blind_v5,8d8f5fcab9e03c6a1dfc90d5a2bfc7a3f92959df7f202b8e9bd65a169f2d9337,d3de1bc4ac4b5b700ca60601b319702853e5ffa59500719f29da74e69ff246b9,,False,,HOST_NOT_CONFIGURED,{}
record:5b6d998f4df0ae3f91255bf3b7d00efcc92dd2182159c99257fd450bf09acd67,1031094253688999936,ollama,qwen2.5:3b-instruct,UNAVAILABLE_NOT_RETURNED,,BLOCKED_NOT_ATTEMPTED,,20260912_blind_v5,8d8f5fcab9e03c6a1dfc90d5a2bfc7a3f92959df7f202b8e9bd65a169f2d9337,d23d301e97075dd66994d68166076e5d330f725d7b12026b2229a2a7ee962350,,False,,HOST_NOT_CONFIGURED,{}
record:5b702e1ec3d7777db8ca4a8a8d099939655b19f31f758e5791bc54627ac8496f,632897621393338368,ollama,qwen2.5:3b-instruct,UNAVAILABLE_NOT_RETURNED,,BLOCKED_NOT_ATTEMPTED,,20260912_blind_v5,8d8f5fcab9e03c6a1dfc90d5a2bfc7a3f92959df7f202b8e9bd65a169f2d9337,0387a17fc75f6c9970993d6b5427a32c56080c2961fb2692c03fc637a38990ae,,False,,HOST_NOT_CONFIGURED,{}
record:5b7dc889a84229ee61e2fcb09679f362ac439b02f7e92a190cb4615f5a5f4425,1034323864954621952,ollama,qwen2.5:3b-instruct,UNAVAILABLE_NOT_RETURNED,,BLOCKED_NOT_ATTEMPTED,,20260912_blind_v5,8d8f5fcab9e03c6a1dfc90d5a2bfc7a3f92959df7f202b8e9bd65a169f2d9337,e88e8ff806191cea214b65cdbb7ff7d19b384d06d7c3da43896da0ec9ec9774c,,False,,HOST_NOT_CONFIGURED,{}
record:5c049952fcb2dc9d10471ad7c4352a30411f9c1240bfff835e79acbb956203a2,983264639235444737,ollama,qwen2.5:3b-instruct,UNAVAILABLE_NOT_RETURNED,,BLOCKED_NOT_ATTEMPTED,,20260912_blind_v5,8d8f5fcab9e03c6a1dfc90d5a2bfc7a3f92959df7f202b8e9bd65a169f2d9337,2276479b294730f4c5c5da17f7653ff5836e76d626917831f74bec4e2358875c,,False,,HOST_NOT_CONFIGURED,{}
record:5c2499e739f046577a8986eef21d3d7e627807e448b629520504b4218868ae8a,783179858436325376,ollama,qwen2.5:3b-instruct,UNAVAILABLE_NOT_RETURNED,,BLOCKED_NOT_ATTEMPTED,,20260912_blind_v5,8d8f5fcab9e03c6a1dfc90d5a2bfc7a3f92959df7f202b8e9bd65a169f2d9337,872e31959df8ef44a40d43cb0299d843a45138813e247511f82d3f708eac9281,,False,,HOST_NOT_CONFIGURED,{}
record:5cb1db6439c1a759d4c391753f46da03d07aeb0e943f7701b167a2dd665a73d0,553928475317256193,ollama,qwen2.5:3b-instruct,UNAVAILABLE_NOT_RETURNED,,BLOCKED_NOT_ATTEMPTED,,20260912_blind_v5,8d8f5fcab9e03c6a1dfc90d5a2bfc7a3f92959df7f202b8e9bd65a169f2d9337,20b0d623f33dfd4d2aa6b668712916091871b4dd54d832482bff10f27cb9351c,,False,,HOST_NOT_CONFIGURED,{}
record:5cbae87af81d7752867f346f2bc73e7a0848427719d88c9892461067ccaf1bef,894166963131342848,ollama,qwen2.5:3b-instruct,UNAVAILABLE_NOT_RETURNED,,BLOCKED_NOT_ATTEMPTED,,20260912_blind_v5,8d8f5fcab9e03c6a1dfc90d5a2bfc7a3f92959df7f202b8e9bd65a169f2d9337,bc703deb78ff8d5ae6ba8d6b054f0ab67503622cbb3430f41269a166dc9ea161,,False,,HOST_NOT_CONFIGURED,{}
record:5cd70434513c1de586dd83af6463d48e4ab003ba750b3bf1027b00331b3b0344,981845305212657665,ollama,qwen2.5:3b-instruct,UNAVAILABLE_NOT_RETURNED,,BLOCKED_NOT_ATTEMPTED,,20260912_blind_v5,8d8f5fcab9e03c6a1dfc90d5a2bfc7a3f92959df7f202b8e9bd65a169f2d9337,3003f16ed6687de40e630b5edf1b8e4e01822842097578e1ad0122915f6163e5,,False,,HOST_NOT_CONFIGURED,{}
record:5d8cb8b3c67deeff71fe3339921bb0aae3fb8779fd43f4ff1bf006ecb469419b,1068109520797192193,ollama,qwen2.5:3b-instruct,UNAVAILABLE_NOT_RETURNED,,BLOCKED_NOT_ATTEMPTED,,20260912_blind_v5,8d8f5fcab9e03c6a1dfc90d5a2bfc7a3f92959df7f202b8e9bd65a169f2d9337,307138c92b56e1477afd39de286eba964b271a4622df6dd152e661e9bda0e3c8,,False,,HOST_NOT_CONFIGURED,{}
record:5d99d507b872756b8ccd5418fb19bf3bad5c654773d64049ca0683576c60f7fc,780655910058397696,ollama,qwen2.5:3b-instruct,UNAVAILABLE_NOT_RETURNED,,BLOCKED_NOT_ATTEMPTED,,20260912_blind_v5,8d8f5fcab9e03c6a1dfc90d5a2bfc7a3f92959df7f202b8e9bd65a169f2d9337,f4561dc512655ae7ff13ec70bf4bcd295003132f9e91336eb02a4a208317211b,,False,,HOST_NOT_CONFIGURED,{}
record:5e3cd3a950ccf140088f692e5752d202e08d7093e6c0135676c2e715a07f083f,786193756202475521,ollama,qwen2.5:3b-instruct,UNAVAILABLE_NOT_RETURNED,,BLOCKED_NOT_ATTEMPTED,,20260912_blind_v5,8d8f5fcab9e03c6a1dfc90d5a2bfc7a3f92959df7f202b8e9bd65a169f2d9337,917b778f5e0b2a56dae834d2fc1379b24bb375725ee09c9b3e6adb08f68d8ab2,,False,,HOST_NOT_CONFIGURED,{}
record:5e5f90c368272ab0a8507568fccc641c4ad1a600cd9748d37182a2c46fca19ea,790418583507656705,ollama,qwen2.5:3b-instruct,UNAVAILABLE_NOT_RETURNED,,BLOCKED_NOT_ATTEMPTED,,20260912_blind_v5,8d8f5fcab9e03c6a1dfc90d5a2bfc7a3f92959df7f202b8e9bd65a169f2d9337,dcbd0532b6e19af37b3829e5f37da6fd285a7feed5ce9a90daf80b873ad55d8f,,False,,HOST_NOT_CONFIGURED,{}
record:5e60d16d237c880d446bb744f5ef16ae6286eb50a119075287751c91806e2aeb,904245659640803328,ollama,qwen2.5:3b-instruct,UNAVAILABLE_NOT_RETURNED,,BLOCKED_NOT_ATTEMPTED,,20260912_blind_v5,8d8f5fcab9e03c6a1dfc90d5a2bfc7a3f92959df7f202b8e9bd65a169f2d9337,3fb78ffd599ba0b10d2f2fda96aad120f9f9a21f4ff2f990cb6e2a6a4bf6fd9c,,False,,HOST_NOT_CONFIGURED,{}
record:5ec2ac7d0b8886a266be0c42b52770370f4711bfd64cb06a2e5266182cbc4b1a,548784755244683265,ollama,qwen2.5:3b-instruct,UNAVAILABLE_NOT_RETURNED,,BLOCKED_NOT_ATTEMPTED,,20260912_blind_v5,8d8f5fcab9e03c6a1dfc90d5a2bfc7a3f92959df7f202b8e9bd65a169f2d9337,75a536cc6344a880e003f2b0a3704abc541c7017a8375f2b4a46ac24d11a34bd,,False,,HOST_NOT_CONFIGURED,{}
record:5ee75688ff08d3aa6f0596b42d4df77ecd87d5e50fbbfcdb9a6db0c20982f64a,1073842073298554882,ollama,qwen2.5:3b-instruct,UNAVAILABLE_NOT_RETURNED,,BLOCKED_NOT_ATTEMPTED,,20260912_blind_v5,8d8f5fcab9e03c6a1dfc90d5a2bfc7a3f92959df7f202b8e9bd65a169f2d9337,153fe993c19c06e60b074299a410a13fcbb7fe02435ab60719ac7c795314529a,,False,,HOST_NOT_CONFIGURED,{}
record:5ef65cf69c01e74999299ed05c947128ab1739911066f518cd061ab894940014,797279268678041601,ollama,qwen2.5:3b-instruct,UNAVAILABLE_NOT_RETURNED,,BLOCKED_NOT_ATTEMPTED,,20260912_blind_v5,8d8f5fcab9e03c6a1dfc90d5a2bfc7a3f92959df7f202b8e9bd65a169f2d9337,dcb5bed494b58c8b29ec26242884f462f99c2343bc76df7cade34a9ac9982d76,,False,,HOST_NOT_CONFIGURED,{}
record:5f041c71636115bbc9b2acc45138995e0608c72623a634dc683bcdde6aa81247,1036474068709470208,ollama,qwen2.5:3b-instruct,UNAVAILABLE_NOT_RETURNED,,BLOCKED_NOT_ATTEMPTED,,20260912_blind_v5,8d8f5fcab9e03c6a1dfc90d5a2bfc7a3f92959df7f202b8e9bd65a169f2d9337,178b7ef590c0e56cb7165cfa86f82dd5cfa19442840cf6e8210195b693fe39b0,,False,,HOST_NOT_CONFIGURED,{}
record:5fb2dedfdd8df072c72389b0523c2a2b7a9026097a639cf7fd0e549cedad5d71,1068090335530758144,ollama,qwen2.5:3b-instruct,UNAVAILABLE_NOT_RETURNED,,BLOCKED_NOT_ATTEMPTED,,20260912_blind_v5,8d8f5fcab9e03c6a1dfc90d5a2bfc7a3f92959df7f202b8e9bd65a169f2d9337,a81b38384b8399fad31a6431d0e3912a682cd88e2be891cfe5efefd21c51ba7e,,False,,HOST_NOT_CONFIGURED,{}
record:60370129b3a2124ecd65a4859930987a4a67017075ab23295a9af510e8393e48,805399998879830016,ollama,qwen2.5:3b-instruct,UNAVAILABLE_NOT_RETURNED,,BLOCKED_NOT_ATTEMPTED,,20260912_blind_v5,8d8f5fcab9e03c6a1dfc90d5a2bfc7a3f92959df7f202b8e9bd65a169f2d9337,bc7bd08354e4dbca911a6d33bf1f402efae301a124d60637d4ac39519ebea28f,,False,,HOST_NOT_CONFIGURED,{}
record:60444bb9dd6cb46f6482a531d553a30d11f5bc4942a9d87bece9bc2902ae4b32,611051687726444544,ollama,qwen2.5:3b-instruct,UNAVAILABLE_NOT_RETURNED,,BLOCKED_NOT_ATTEMPTED,,20260912_blind_v5,8d8f5fcab9e03c6a1dfc90d5a2bfc7a3f92959df7f202b8e9bd65a169f2d9337,52c190bdf4529a81339d0000808f2a45168286efd1a9d9f801394675fb986644,,False,,HOST_NOT_CONFIGURED,{}
record:6074a2416fb654a1944eb982ed89824aaba109bf758e65ecda6e5aa4b8ea9aa6,833991564171046912,ollama,qwen2.5:3b-instruct,UNAVAILABLE_NOT_RETURNED,,BLOCKED_NOT_ATTEMPTED,,20260912_blind_v5,8d8f5fcab9e03c6a1dfc90d5a2bfc7a3f92959df7f202b8e9bd65a169f2d9337,000a38f1efb558e9e32fee3c0129ab7d118efa7b1c80688c1689a72d00221dff,,False,,HOST_NOT_CONFIGURED,{}
record:60eeb0fa984d0c3987d15ece64fc991a2a066e4bdd6bf081f3bd925eabb1d120,1105727847178661888,ollama,qwen2.5:3b-instruct,UNAVAILABLE_NOT_RETURNED,,BLOCKED_NOT_ATTEMPTED,,20260912_blind_v5,8d8f5fcab9e03c6a1dfc90d5a2bfc7a3f92959df7f202b8e9bd65a169f2d9337,2f4957e094f5123e94a1312804191fae91074a503fa3388b310bb0c3b351278d,,False,,HOST_NOT_CONFIGURED,{}
record:611d00414f8d82bfab18492a5283a87af98802348e38f7c30758ac3e0783dcff,1059410320916004864,ollama,qwen2.5:3b-instruct,UNAVAILABLE_NOT_RETURNED,,BLOCKED_NOT_ATTEMPTED,,20260912_blind_v5,8d8f5fcab9e03c6a1dfc90d5a2bfc7a3f92959df7f202b8e9bd65a169f2d9337,2059b07f80fc53c7f22e15a7846c3d245c221f23bb514eb82e08435d8ec1e918,,False,,HOST_NOT_CONFIGURED,{}
record:61502af3bd8b2cadb1eb1118c428320536522e2594a75ff35e44839c20f08d29,542006894512984066,ollama,qwen2.5:3b-instruct,UNAVAILABLE_NOT_RETURNED,,BLOCKED_NOT_ATTEMPTED,,20260912_blind_v5,8d8f5fcab9e03c6a1dfc90d5a2bfc7a3f92959df7f202b8e9bd65a169f2d9337,f8d60d50dfb26851a69740f1dc4b6798f614cbcbe1a95c0c35c17a6b6e102c76,,False,,HOST_NOT_CONFIGURED,{}
record:61bc2284ca747d161ad8ec1ecdf3195c343ca6245ac2705624d654077072a19d,619788138668523520,ollama,qwen2.5:3b-instruct,UNAVAILABLE_NOT_RETURNED,,BLOCKED_NOT_ATTEMPTED,,20260912_blind_v5,8d8f5fcab9e03c6a1dfc90d5a2bfc7a3f92959df7f202b8e9bd65a169f2d9337,f3263720d31f08498d95d7f41eda60d015dd0da1bf1cb6d64425d372aa781f9b,,False,,HOST_NOT_CONFIGURED,{}
record:6231a03733cab66b98f52ecef04398761b09957ced8e3e161d877de6e3024dc9,1072424726289616896,ollama,qwen2.5:3b-instruct,UNAVAILABLE_NOT_RETURNED,,BLOCKED_NOT_ATTEMPTED,,20260912_blind_v5,8d8f5fcab9e03c6a1dfc90d5a2bfc7a3f92959df7f202b8e9bd65a169f2d9337,bfd6005e3d9627ca7857d2899e3a82108788b1b3ae456ff6dd457eb82909354e,,False,,HOST_NOT_CONFIGURED,{}
record:62326cb5ab47f6609e8d5205a0bbc6a77665fb8ad11e70d6575b3752f4be3b54,1096967471091802112,ollama,qwen2.5:3b-instruct,UNAVAILABLE_NOT_RETURNED,,BLOCKED_NOT_ATTEMPTED,,20260912_blind_v5,8d8f5fcab9e03c6a1dfc90d5a2bfc7a3f92959df7f202b8e9bd65a169f2d9337,6af19fb18308320a0683b349bc20f726c9b1341a9a6a64c742edebe8c795d02c,,False,,HOST_NOT_CONFIGURED,{}
record:626ace28570f0d70dfd7237afd01ffcee2ac4d7eea0211a609af4eba5d0500c5,536149320106774528,ollama,qwen2.5:3b-instruct,UNAVAILABLE_NOT_RETURNED,,BLOCKED_NOT_ATTEMPTED,,20260912_blind_v5,8d8f5fcab9e03c6a1dfc90d5a2bfc7a3f92959df7f202b8e9bd65a169f2d9337,f56e12e77dda35fefc3a49ba47124de48a83e6b4166021aaa93021c901624c28,,False,,HOST_NOT_CONFIGURED,{}
record:62bac9398017202a65b5507f9ef35233c7f37c87585c91a8d0156ca6a357a457,1034290036219568130,ollama,qwen2.5:3b-instruct,UNAVAILABLE_NOT_RETURNED,,BLOCKED_NOT_ATTEMPTED,,20260912_blind_v5,8d8f5fcab9e03c6a1dfc90d5a2bfc7a3f92959df7f202b8e9bd65a169f2d9337,6c57058913f5aee345e8b093c1b91c6dcd5268245594376eea84ac99ada0e87d,,False,,HOST_NOT_CONFIGURED,{}
record:62deeb8cb40f93b47016dde78cb87ef46fa9f5390303798307c8e3bc7e1a81d5,570217717753630720,ollama,qwen2.5:3b-instruct,UNAVAILABLE_NOT_RETURNED,,BLOCKED_NOT_ATTEMPTED,,20260912_blind_v5,8d8f5fcab9e03c6a1dfc90d5a2bfc7a3f92959df7f202b8e9bd65a169f2d9337,5999656500ab0e8098edfd0b26f26784dbad2dc8fb1f8149575640f9aa4c1013,,False,,HOST_NOT_CONFIGURED,{}
record:630551a30b96a159fc3b222eda1e15619f5eb135245124e28d7c685ec7a531f5,878930813320024064,ollama,qwen2.5:3b-instruct,UNAVAILABLE_NOT_RETURNED,,BLOCKED_NOT_ATTEMPTED,,20260912_blind_v5,8d8f5fcab9e03c6a1dfc90d5a2bfc7a3f92959df7f202b8e9bd65a169f2d9337,276858e462ae3bd33ebf5fe4b26dfcb7adbf537f58bf5cc8b08453a53fa4c066,,False,,HOST_NOT_CONFIGURED,{}
record:63595ec2a7f31057483ae963e82bcd548494aad5fd25794afe59987ab7feca50,931359159022264320,ollama,qwen2.5:3b-instruct,UNAVAILABLE_NOT_RETURNED,,BLOCKED_NOT_ATTEMPTED,,20260912_blind_v5,8d8f5fcab9e03c6a1dfc90d5a2bfc7a3f92959df7f202b8e9bd65a169f2d9337,742aacc7b36d7f077d364d913ceba6aca328bc5da0f89b68a18e4f1ba7475bae,,False,,HOST_NOT_CONFIGURED,{}
record:639670a6258ddfc78ca2e0a01a03710427c2d8237bf726a6d03bbe040f5b3a5c,1091287319422926848,ollama,qwen2.5:3b-instruct,UNAVAILABLE_NOT_RETURNED,,BLOCKED_NOT_ATTEMPTED,,20260912_blind_v5,8d8f5fcab9e03c6a1dfc90d5a2bfc7a3f92959df7f202b8e9bd65a169f2d9337,d2374df76d181e5ca59d98ce14696cd53053f4716af22f58ad25619c2442e75e,,False,,HOST_NOT_CONFIGURED,{}
record:6396b11b6468e00850ed739fe129789cd08528571200c5b6e8a4496dad3e4a3c,594167561484378112,ollama,qwen2.5:3b-instruct,UNAVAILABLE_NOT_RETURNED,,BLOCKED_NOT_ATTEMPTED,,20260912_blind_v5,8d8f5fcab9e03c6a1dfc90d5a2bfc7a3f92959df7f202b8e9bd65a169f2d9337,6cdf2241936acd05eecc65dbed675e495cb727b624fa17579fe080ff3abbe3b3,,False,,HOST_NOT_CONFIGURED,{}
record:63c3a30f9195f11f84516099dc0418ef51284b4c22c51ed7a5e0cc357c8b98d4,916142925666324480,ollama,qwen2.5:3b-instruct,UNAVAILABLE_NOT_RETURNED,,BLOCKED_NOT_ATTEMPTED,,20260912_blind_v5,8d8f5fcab9e03c6a1dfc90d5a2bfc7a3f92959df7f202b8e9bd65a169f2d9337,36e09ceb2e24795c3100d0e520302b05de5a1db7a969abbc6862efa55375a217,,False,,HOST_NOT_CONFIGURED,{}
record:63ff45942b707feb242252edc78f16bf17886103af8e937812e21ad33db1474a,1022688317417168896,ollama,qwen2.5:3b-instruct,UNAVAILABLE_NOT_RETURNED,,BLOCKED_NOT_ATTEMPTED,,20260912_blind_v5,8d8f5fcab9e03c6a1dfc90d5a2bfc7a3f92959df7f202b8e9bd65a169f2d9337,0194fc856ff79426389ada542042c6ef6ca397501c4c5ff238bb85f23cacde13,,False,,HOST_NOT_CONFIGURED,{}
record:640d20d0d61979ad65de958d07403395179e2ffe6aeed67ee81191ad4b43a8b5,919871036027322368,ollama,qwen2.5:3b-instruct,UNAVAILABLE_NOT_RETURNED,,BLOCKED_NOT_ATTEMPTED,,20260912_blind_v5,8d8f5fcab9e03c6a1dfc90d5a2bfc7a3f92959df7f202b8e9bd65a169f2d9337,b05db3f42093b16ca66034f726b58ab52c028ee48cb534bad619c0503eb87ef4,,False,,HOST_NOT_CONFIGURED,{}
record:64ec63a554c08a303c531371390acf6ee4e8a8b6116111a6881074412dbfdc5a,1072703669207007232,ollama,qwen2.5:3b-instruct,UNAVAILABLE_NOT_RETURNED,,BLOCKED_NOT_ATTEMPTED,,20260912_blind_v5,8d8f5fcab9e03c6a1dfc90d5a2bfc7a3f92959df7f202b8e9bd65a169f2d9337,01b48211b346a21fdcaae9e826d9c43e00c02237cf344f271c8e6564100add51,,False,,HOST_NOT_CONFIGURED,{}
record:6506e041968a6214acf502f15b8c63902c462c161dae83426940d683e355fec9,887192837619564544,ollama,qwen2.5:3b-instruct,UNAVAILABLE_NOT_RETURNED,,BLOCKED_NOT_ATTEMPTED,,20260912_blind_v5,8d8f5fcab9e03c6a1dfc90d5a2bfc7a3f92959df7f202b8e9bd65a169f2d9337,43765ff3ce7485f86b7b96ca05f12be611ae4e75e69e693d2cb0516293f378df,,False,,HOST_NOT_CONFIGURED,{}
record:654777e3e153716080ee162cf27f817c2a8f1cdeff41a487ee1eed8f8a1decbe,1068392751803195394,ollama,qwen2.5:3b-instruct,UNAVAILABLE_NOT_RETURNED,,BLOCKED_NOT_ATTEMPTED,,20260912_blind_v5,8d8f5fcab9e03c6a1dfc90d5a2bfc7a3f92959df7f202b8e9bd65a169f2d9337,dcbfdff73c4aee04b8ff2fd2a6b00a7a3c4a5ccc842fa7c68218392b7c971c61,,False,,HOST_NOT_CONFIGURED,{}
record:657ba968cc5ff2a31a7f8f4b2d63db845d110e12fbf2bdb426d176d24e8a0bef,1050017683113152512,ollama,qwen2.5:3b-instruct,UNAVAILABLE_NOT_RETURNED,,BLOCKED_NOT_ATTEMPTED,,20260912_blind_v5,8d8f5fcab9e03c6a1dfc90d5a2bfc7a3f92959df7f202b8e9bd65a169f2d9337,37acb83c7f6eadefaa5c7e345a696ded65ba7acd1bc0c742a4d865d20612fb43,,False,,HOST_NOT_CONFIGURED,{}
record:657f2a278d5d3fd3128588a03689d90f522f00e850b55e2df1c3905dd852d626,1123217990789373952,ollama,qwen2.5:3b-instruct,UNAVAILABLE_NOT_RETURNED,,BLOCKED_NOT_ATTEMPTED,,20260912_blind_v5,8d8f5fcab9e03c6a1dfc90d5a2bfc7a3f92959df7f202b8e9bd65a169f2d9337,2560087624f15beab1992d76bb450d0083a22f825ede40abb0ef845240a4bb4d,,False,,HOST_NOT_CONFIGURED,{}
record:6598c8efeba7b3c26cf0d1c62f6403e0a2ef2fc4b7641ac5a0513f65a835ee33,619786969623695360,ollama,qwen2.5:3b-instruct,UNAVAILABLE_NOT_RETURNED,,BLOCKED_NOT_ATTEMPTED,,20260912_blind_v5,8d8f5fcab9e03c6a1dfc90d5a2bfc7a3f92959df7f202b8e9bd65a169f2d9337,e6b24657ac3fab9bdde010a76ee315ee2d46971cd91ad89c5e12ca2edcff7e1c,,False,,HOST_NOT_CONFIGURED,{}
record:6611daf7a7e623fa18bc64bbae12ff89546b5042e645c9bf103437bfaec487eb,584254463549939712,ollama,qwen2.5:3b-instruct,UNAVAILABLE_NOT_RETURNED,,BLOCKED_NOT_ATTEMPTED,,20260912_blind_v5,8d8f5fcab9e03c6a1dfc90d5a2bfc7a3f92959df7f202b8e9bd65a169f2d9337,2b1c1cf693aadecc76e98493ace6edf0c6b5291b94f8198fa6468b8652f02669,,False,,HOST_NOT_CONFIGURED,{}
record:66b414368e2cd84e0407dc2ce37587a9f8305957ad469a20c5743233094215fa,816309525128978433,ollama,qwen2.5:3b-instruct,UNAVAILABLE_NOT_RETURNED,,BLOCKED_NOT_ATTEMPTED,,20260912_blind_v5,8d8f5fcab9e03c6a1dfc90d5a2bfc7a3f92959df7f202b8e9bd65a169f2d9337,93a7ecb81e474ad8911c7af7f4c7681908cf05e0fe0c9435636dd3ca7e0829bb,,False,,HOST_NOT_CONFIGURED,{}
record:66b6bc072a63f8cacfc36b9d96e744d2a7276c3c38108f402b6043fe614dcee4,1031143492565655552,ollama,qwen2.5:3b-instruct,UNAVAILABLE_NOT_RETURNED,,BLOCKED_NOT_ATTEMPTED,,20260912_blind_v5,8d8f5fcab9e03c6a1dfc90d5a2bfc7a3f92959df7f202b8e9bd65a169f2d9337,175af6ef9a5c6646d718f42e4b2fe225c316e4046b049508139ffbabadd1989e,,False,,HOST_NOT_CONFIGURED,{}
record:66f57e52c753c42d66afa4925ea48c2cedbc04393414209d9bc21fe2f3299dd5,803906475173154816,ollama,qwen2.5:3b-instruct,UNAVAILABLE_NOT_RETURNED,,BLOCKED_NOT_ATTEMPTED,,20260912_blind_v5,8d8f5fcab9e03c6a1dfc90d5a2bfc7a3f92959df7f202b8e9bd65a169f2d9337,61bc51a187962cc9765479ac4fb3d7547d2acfd2d3555251c1df58093d5e1b9c,,False,,HOST_NOT_CONFIGURED,{}
record:672b4f7eea07218ffaae3a68498ccf3c2f9d8e11a1055c391821c1880123efff,850535883778531328,ollama,qwen2.5:3b-instruct,UNAVAILABLE_NOT_RETURNED,,BLOCKED_NOT_ATTEMPTED,,20260912_blind_v5,8d8f5fcab9e03c6a1dfc90d5a2bfc7a3f92959df7f202b8e9bd65a169f2d9337,0dd470720249055c1e1cfc4eeba2426bd385fd218be5bf74748a9f53e771482f,,False,,HOST_NOT_CONFIGURED,{}
record:673176211d9cefe170bd5f56a47cc41ff4becdbc398fb6223896b51f3dd20fb6,987600089228001280,ollama,qwen2.5:3b-instruct,UNAVAILABLE_NOT_RETURNED,,BLOCKED_NOT_ATTEMPTED,,20260912_blind_v5,8d8f5fcab9e03c6a1dfc90d5a2bfc7a3f92959df7f202b8e9bd65a169f2d9337,e240c5af07accbf2c7f18594e5df46cbf3816f325db30fbd4f1ebda994ad0177,,False,,HOST_NOT_CONFIGURED,{}
record:6735f16ee5e137964d44c22bf51e8baa570a69858c63f4e8770b4b3422e2fa20,619788353970548736,ollama,qwen2.5:3b-instruct,UNAVAILABLE_NOT_RETURNED,,BLOCKED_NOT_ATTEMPTED,,20260912_blind_v5,8d8f5fcab9e03c6a1dfc90d5a2bfc7a3f92959df7f202b8e9bd65a169f2d9337,5342c1b51a3a4a018be3ddac895adcb55d9fab1ec2b2eab081dceed71ca44cfa,,False,,HOST_NOT_CONFIGURED,{}
record:67759cd2bcc0ed91f182cb44cfbd6793955b7c75e4bb1234518da32d9c65b612,928839054090690560,ollama,qwen2.5:3b-instruct,UNAVAILABLE_NOT_RETURNED,,BLOCKED_NOT_ATTEMPTED,,20260912_blind_v5,8d8f5fcab9e03c6a1dfc90d5a2bfc7a3f92959df7f202b8e9bd65a169f2d9337,47a03a5542e22848ab5986f6de520e7ee7c0eec0be55d44d0cf0ee45aa9086a5,,False,,HOST_NOT_CONFIGURED,{}
record:679173c161f040d17e431a29377b5497585dfdbb239ed80dfee78a80dbf04891,1009278604650471424,ollama,qwen2.5:3b-instruct,UNAVAILABLE_NOT_RETURNED,,BLOCKED_NOT_ATTEMPTED,,20260912_blind_v5,8d8f5fcab9e03c6a1dfc90d5a2bfc7a3f92959df7f202b8e9bd65a169f2d9337,dd0963da722b2f98cc51fa196d0a74e3e3814ea97c6fd5423b2741426b909218,,False,,HOST_NOT_CONFIGURED,{}
record:67a24cde596615b95d58bc0087194430e61be434be4215867dccc209ccb8f76c,789667261506211844,ollama,qwen2.5:3b-instruct,UNAVAILABLE_NOT_RETURNED,,BLOCKED_NOT_ATTEMPTED,,20260912_blind_v5,8d8f5fcab9e03c6a1dfc90d5a2bfc7a3f92959df7f202b8e9bd65a169f2d9337,960e988c0e681b66d46ae003d3cbbfa321480d465f4d4f0273abdff69c5e3c98,,False,,HOST_NOT_CONFIGURED,{}
record:67d6271e6d2344cd5def5075e62c8f542b08345fe48e3e3b2b269f137c653241,1040963717490520064,ollama,qwen2.5:3b-instruct,UNAVAILABLE_NOT_RETURNED,,BLOCKED_NOT_ATTEMPTED,,20260912_blind_v5,8d8f5fcab9e03c6a1dfc90d5a2bfc7a3f92959df7f202b8e9bd65a169f2d9337,dd43e599f6383cb33f16145fa5de68616e73f9ec14dec44003071dcdbc250325,,False,,HOST_NOT_CONFIGURED,{}
record:67fa2fbf8500bc5f0e421f8013410650cefbe38d29594f19c4a434f732ffe911,1093386879162957824,ollama,qwen2.5:3b-instruct,UNAVAILABLE_NOT_RETURNED,,BLOCKED_NOT_ATTEMPTED,,20260912_blind_v5,8d8f5fcab9e03c6a1dfc90d5a2bfc7a3f92959df7f202b8e9bd65a169f2d9337,51ff3eb5073ca155b120ce582b79af1b861e4ea8b1ce67c51cf483acc7a4bb04,,False,,HOST_NOT_CONFIGURED,{}
record:68244a3f3e46608b52dcf3174b36ffdd34305c17bab8430f6604011b99f8f9ff,1118194758675910662,ollama,qwen2.5:3b-instruct,UNAVAILABLE_NOT_RETURNED,,BLOCKED_NOT_ATTEMPTED,,20260912_blind_v5,8d8f5fcab9e03c6a1dfc90d5a2bfc7a3f92959df7f202b8e9bd65a169f2d9337,9f0cc99e4c3ce507ef980b71b137d61b8fb5c927c41fadf82ba27fa4b491885f,,False,,HOST_NOT_CONFIGURED,{}
record:687d4d98f94f3e5ebd0fa7c7aff01bc84925f7abfadfccc5c5e47050052415b8,1063975255956434944,ollama,qwen2.5:3b-instruct,UNAVAILABLE_NOT_RETURNED,,BLOCKED_NOT_ATTEMPTED,,20260912_blind_v5,8d8f5fcab9e03c6a1dfc90d5a2bfc7a3f92959df7f202b8e9bd65a169f2d9337,fe2bcc98547067d4324a23ff426d464e84fb2ed4bb50d6271b77d8ea4c941d48,,False,,HOST_NOT_CONFIGURED,{}
record:6923336339633ffd5f2b40882cad704e30166a62eec1509a31fe15f0d08057b5,847312330018897920,ollama,qwen2.5:3b-instruct,UNAVAILABLE_NOT_RETURNED,,BLOCKED_NOT_ATTEMPTED,,20260912_blind_v5,8d8f5fcab9e03c6a1dfc90d5a2bfc7a3f92959df7f202b8e9bd65a169f2d9337,982b8115747df166ab819d4a4b875075da531cf0464950806584a9fd290a01db,,False,,HOST_NOT_CONFIGURED,{}
record:693a6d1a2e8d019b4682004f2c869cb393151ca7a6ec2badb8b6093400cad64b,1048212815713095681,ollama,qwen2.5:3b-instruct,UNAVAILABLE_NOT_RETURNED,,BLOCKED_NOT_ATTEMPTED,,20260912_blind_v5,8d8f5fcab9e03c6a1dfc90d5a2bfc7a3f92959df7f202b8e9bd65a169f2d9337,3262d5cacc3cbd7257a665ec6291016441a33cdce36f464ae4e32a55a4b30a57,,False,,HOST_NOT_CONFIGURED,{}
record:69435319597519956092b6c58ffb113569d29346de7d79251954222048eb7128,923508883045302272,ollama,qwen2.5:3b-instruct,UNAVAILABLE_NOT_RETURNED,,BLOCKED_NOT_ATTEMPTED,,20260912_blind_v5,8d8f5fcab9e03c6a1dfc90d5a2bfc7a3f92959df7f202b8e9bd65a169f2d9337,936b2698faf0b39365e730878613666fc8d1206e7be6fb671c12c1d3844fbfe6,,False,,HOST_NOT_CONFIGURED,{}
record:6944ee75faf2f3e83b861c3a5e01feee850c3ae8808eb72e99decdc5b77b892d,630316752589746176,ollama,qwen2.5:3b-instruct,UNAVAILABLE_NOT_RETURNED,,BLOCKED_NOT_ATTEMPTED,,20260912_blind_v5,8d8f5fcab9e03c6a1dfc90d5a2bfc7a3f92959df7f202b8e9bd65a169f2d9337,47b5a2efb1afb215bcea719172d0e6918d8739057f2d6ec8c52bd80251920a73,,False,,HOST_NOT_CONFIGURED,{}
record:6990c223fd43c839beb25f991bca5dd3e4f7c3476d7ae82542568938e04e9eca,1095634424224407552,ollama,qwen2.5:3b-instruct,UNAVAILABLE_NOT_RETURNED,,BLOCKED_NOT_ATTEMPTED,,20260912_blind_v5,8d8f5fcab9e03c6a1dfc90d5a2bfc7a3f92959df7f202b8e9bd65a169f2d9337,20cc0d924b894a6968b1a7d45138d3bb33880e3a631d46568b5472e379716a2b,,False,,HOST_NOT_CONFIGURED,{}
record:699efef31dbd79dbe70f100d67714ff6e39b2d5d956ab0ca5252a852e78dc8f2,837156765179527168,ollama,qwen2.5:3b-instruct,UNAVAILABLE_NOT_RETURNED,,BLOCKED_NOT_ATTEMPTED,,20260912_blind_v5,8d8f5fcab9e03c6a1dfc90d5a2bfc7a3f92959df7f202b8e9bd65a169f2d9337,f3f83b0efeb36b0020d31cbf671c9cf6d3cf81ca78de819c87eebb943d47d0f4,,False,,HOST_NOT_CONFIGURED,{}
record:69ae9d41850fcc4d90d4c7386b5600398815d6716dd772dc8eaefa3fb6eb3473,570441986328678400,ollama,qwen2.5:3b-instruct,UNAVAILABLE_NOT_RETURNED,,BLOCKED_NOT_ATTEMPTED,,20260912_blind_v5,8d8f5fcab9e03c6a1dfc90d5a2bfc7a3f92959df7f202b8e9bd65a169f2d9337,29d365bf22736de019632f2394fba3d715e84bc54a5a02209319481df020e931,,False,,HOST_NOT_CONFIGURED,{}
record:6a47e5b2dad0e8e36b4ca08e0762fe5606c93511b2e910df82795d3441ab5240,786209310451703808,ollama,qwen2.5:3b-instruct,UNAVAILABLE_NOT_RETURNED,,BLOCKED_NOT_ATTEMPTED,,20260912_blind_v5,8d8f5fcab9e03c6a1dfc90d5a2bfc7a3f92959df7f202b8e9bd65a169f2d9337,8c02bbabcb2eff9054171caef17bcb3d71e18780098ad310ea904c7c08d60f2e,,False,,HOST_NOT_CONFIGURED,{}
record:6a5adcff2ba7cc75b6682f61bd294a378fe08f8ad8b2a7b0da94a09bde5f8b33,1022675850574082048,ollama,qwen2.5:3b-instruct,UNAVAILABLE_NOT_RETURNED,,BLOCKED_NOT_ATTEMPTED,,20260912_blind_v5,8d8f5fcab9e03c6a1dfc90d5a2bfc7a3f92959df7f202b8e9bd65a169f2d9337,39bc3b57c81c83bc6c7c87afaf916544cfda64a9b1921753e5947b03ce6ee5be,,False,,HOST_NOT_CONFIGURED,{}
record:6aa7eb83dddd44a57ab4bb5636d258d847768f32d6f5d9e73f5755fd5f3e851e,1106187994099146752,ollama,qwen2.5:3b-instruct,UNAVAILABLE_NOT_RETURNED,,BLOCKED_NOT_ATTEMPTED,,20260912_blind_v5,8d8f5fcab9e03c6a1dfc90d5a2bfc7a3f92959df7f202b8e9bd65a169f2d9337,16783db6ce30ccad3ace671ed1fee59d7b23cc4ee758fe2b7e3fd35d005314f1,,False,,HOST_NOT_CONFIGURED,{}
record:6bc2c8d3a0ff977337379d72c735b0b8425a8f10010bcda0808316c449ad7e03,898058358178983936,ollama,qwen2.5:3b-instruct,UNAVAILABLE_NOT_RETURNED,,BLOCKED_NOT_ATTEMPTED,,20260912_blind_v5,8d8f5fcab9e03c6a1dfc90d5a2bfc7a3f92959df7f202b8e9bd65a169f2d9337,74fe9b53d287c2f68ba322b1267ea0cefef32c84458fdda402b2bc9da195b257,,False,,HOST_NOT_CONFIGURED,{}
record:6c474cb6ce5faf05094763b4f6510019bf1c3b660714fafb1388c9a36ecc1206,1064747363628023808,ollama,qwen2.5:3b-instruct,UNAVAILABLE_NOT_RETURNED,,BLOCKED_NOT_ATTEMPTED,,20260912_blind_v5,8d8f5fcab9e03c6a1dfc90d5a2bfc7a3f92959df7f202b8e9bd65a169f2d9337,f6386cc8f1c9491ed630caa64f04fb00914ed01a393a2f106da5fa09a39b2b08,,False,,HOST_NOT_CONFIGURED,{}
record:6c47c102c8df248e1b64b99e15fd435d56fedd1f24cf302cf6701cfc76d0c5b2,1044411267723587585,ollama,qwen2.5:3b-instruct,UNAVAILABLE_NOT_RETURNED,,BLOCKED_NOT_ATTEMPTED,,20260912_blind_v5,8d8f5fcab9e03c6a1dfc90d5a2bfc7a3f92959df7f202b8e9bd65a169f2d9337,19db7529aeb07b3faf552da5853c5802df9b2b4b6a2d2728381d1f370f77f9a1,,False,,HOST_NOT_CONFIGURED,{}
record:6c544ffc4d8f8a2cdb3110e5dd5e729b0fe59010c5ecbe2b3257cd7c30466d92,1096450638546792448,ollama,qwen2.5:3b-instruct,UNAVAILABLE_NOT_RETURNED,,BLOCKED_NOT_ATTEMPTED,,20260912_blind_v5,8d8f5fcab9e03c6a1dfc90d5a2bfc7a3f92959df7f202b8e9bd65a169f2d9337,81a79bc0d08a207012218e81c1e6dc16b7c049985b409826162b95a82605e59e,,False,,HOST_NOT_CONFIGURED,{}
record:6c599739f76def6a59eb324ddeaf83f299db5c58c64c913d8c23612a2529fea3,875569483204616194,ollama,qwen2.5:3b-instruct,UNAVAILABLE_NOT_RETURNED,,BLOCKED_NOT_ATTEMPTED,,20260912_blind_v5,8d8f5fcab9e03c6a1dfc90d5a2bfc7a3f92959df7f202b8e9bd65a169f2d9337,60e8f554aec301141c965570b34b5c2ab843588b7898b68a6e9aacf0585c7dd2,,False,,HOST_NOT_CONFIGURED,{}
record:6c80adcca14a1046828b2814496ca6c07eb18de09355153accbb6b6d5ea35fa7,619835246763208704,ollama,qwen2.5:3b-instruct,UNAVAILABLE_NOT_RETURNED,,BLOCKED_NOT_ATTEMPTED,,20260912_blind_v5,8d8f5fcab9e03c6a1dfc90d5a2bfc7a3f92959df7f202b8e9bd65a169f2d9337,ef19bd818f3eb9a33706fe8c1bb1e1ea54aff0dc263256d89e230b699bde1a3c,,False,,HOST_NOT_CONFIGURED,{}
record:6cd8765f4fb1d446fec58e85d9f28e7ca11e5fc6a9a82fa7087b30523c5d9fea,595957165510230016,ollama,qwen2.5:3b-instruct,UNAVAILABLE_NOT_RETURNED,,BLOCKED_NOT_ATTEMPTED,,20260912_blind_v5,8d8f5fcab9e03c6a1dfc90d5a2bfc7a3f92959df7f202b8e9bd65a169f2d9337,b6ee3a97653987e0fd2cd18f939d8a840320cfd6cc17150ad6cb9bfda12ce7d6,,False,,HOST_NOT_CONFIGURED,{}
record:6ce8d3e344e064788d0ad112dc6d7db3c14be7678984f9aea2406d891b6c8fea,863981063386705920,ollama,qwen2.5:3b-instruct,UNAVAILABLE_NOT_RETURNED,,BLOCKED_NOT_ATTEMPTED,,20260912_blind_v5,8d8f5fcab9e03c6a1dfc90d5a2bfc7a3f92959df7f202b8e9bd65a169f2d9337,830760be24617537baf9a9fc4d662a05b1424ee457e03177f3fc2cfaf65ff01f,,False,,HOST_NOT_CONFIGURED,{}
record:6d384a4676a975c129b6a1dfffeec41c7a35b98eebbbb939252f874081adeb77,883495424585105408,ollama,qwen2.5:3b-instruct,UNAVAILABLE_NOT_RETURNED,,BLOCKED_NOT_ATTEMPTED,,20260912_blind_v5,8d8f5fcab9e03c6a1dfc90d5a2bfc7a3f92959df7f202b8e9bd65a169f2d9337,6dbffbb7b5ff855c7b004063002d58e6ce3e71c6468889591f48834b222cdfce,,False,,HOST_NOT_CONFIGURED,{}
record:6d650b45f6d9508e22fc1b073395f03c78c2d3fba9a630c20906ece2c499d268,581743230364086272,ollama,qwen2.5:3b-instruct,UNAVAILABLE_NOT_RETURNED,,BLOCKED_NOT_ATTEMPTED,,20260912_blind_v5,8d8f5fcab9e03c6a1dfc90d5a2bfc7a3f92959df7f202b8e9bd65a169f2d9337,9aa25c766da27d24a583cd9920ee4625d5e799f5484370d0ff53411765ad43d4,,False,,HOST_NOT_CONFIGURED,{}
record:6d9272248805ff364f1f7fb6812db5baf4641f0e60de5853bf790eb1a9ae1503,882875442474004480,ollama,qwen2.5:3b-instruct,UNAVAILABLE_NOT_RETURNED,,BLOCKED_NOT_ATTEMPTED,,20260912_blind_v5,8d8f5fcab9e03c6a1dfc90d5a2bfc7a3f92959df7f202b8e9bd65a169f2d9337,70e925caec07ac6cb44427d593ef3e27ef00dde6829f8041d08ceb52cbc79a1b,,False,,HOST_NOT_CONFIGURED,{}
record:6e3ab54dd5ec80334514e0caa08fbdb1d14d5406f7109eb37213ba7b6601b4ef,1036511295745355778,ollama,qwen2.5:3b-instruct,UNAVAILABLE_NOT_RETURNED,,BLOCKED_NOT_ATTEMPTED,,20260912_blind_v5,8d8f5fcab9e03c6a1dfc90d5a2bfc7a3f92959df7f202b8e9bd65a169f2d9337,0f502cb3ff8ce8d31e50e1f242582debda33dc96696ecae1516b90ee6316116d,,False,,HOST_NOT_CONFIGURED,{}
record:6e40bf891f1df71306b4e987fd9a5529a3e77961015cb5117ca1f82fe9d98700,993853734546432000,ollama,qwen2.5:3b-instruct,UNAVAILABLE_NOT_RETURNED,,BLOCKED_NOT_ATTEMPTED,,20260912_blind_v5,8d8f5fcab9e03c6a1dfc90d5a2bfc7a3f92959df7f202b8e9bd65a169f2d9337,95603a98d15fad10c8ddf9481b6bc309d4344d8932ee5aa15a2228a854cf5ceb,,False,,HOST_NOT_CONFIGURED,{}
record:6ee4a49241ab1e9444111b6e1acff735d55ba89649f09d0da73458886cdebd99,923735809861099520,ollama,qwen2.5:3b-instruct,UNAVAILABLE_NOT_RETURNED,,BLOCKED_NOT_ATTEMPTED,,20260912_blind_v5,8d8f5fcab9e03c6a1dfc90d5a2bfc7a3f92959df7f202b8e9bd65a169f2d9337,d8c374b6bd8a61b52cf744bd1535050e31541b1ab31091595268e4635aeccfd2,,False,,HOST_NOT_CONFIGURED,{}
record:6fad3caa020e63c1cef9ee8cfae7ef3d09548f61156a4f19e0bc7cafbefa3b29,1106967987548938240,ollama,qwen2.5:3b-instruct,UNAVAILABLE_NOT_RETURNED,,BLOCKED_NOT_ATTEMPTED,,20260912_blind_v5,8d8f5fcab9e03c6a1dfc90d5a2bfc7a3f92959df7f202b8e9bd65a169f2d9337,ce7a33e4710b16ead5bf3af6ca524a766d30496d4f2c4eac02f51d078a10c903,,False,,HOST_NOT_CONFIGURED,{}
record:7000b15d2e28460388dc650f60b3b6d890bac0c766fdf67d3baa9922d4cdabe5,903106731567222784,ollama,qwen2.5:3b-instruct,UNAVAILABLE_NOT_RETURNED,,BLOCKED_NOT_ATTEMPTED,,20260912_blind_v5,8d8f5fcab9e03c6a1dfc90d5a2bfc7a3f92959df7f202b8e9bd65a169f2d9337,444ac367bb1f601d3c4cb233d00f1be48db693183b56302addf69d2c9a94fb81,,False,,HOST_NOT_CONFIGURED,{}
record:704e95563bd1b411937d01eb3af48f7a6934473f6cffa85585ddd74f3625d44a,1087600307536748545,ollama,qwen2.5:3b-instruct,UNAVAILABLE_NOT_RETURNED,,BLOCKED_NOT_ATTEMPTED,,20260912_blind_v5,8d8f5fcab9e03c6a1dfc90d5a2bfc7a3f92959df7f202b8e9bd65a169f2d9337,8c272037948734e6a84ba5afff473404288cf1a3665fccc3cc0ad66d5d4f8f1e,,False,,HOST_NOT_CONFIGURED,{}
record:706c62aeb3fff27909939849296d1e08aa62ab795e5ef9fb3b98f314865da841,593377641010503681,ollama,qwen2.5:3b-instruct,UNAVAILABLE_NOT_RETURNED,,BLOCKED_NOT_ATTEMPTED,,20260912_blind_v5,8d8f5fcab9e03c6a1dfc90d5a2bfc7a3f92959df7f202b8e9bd65a169f2d9337,a7610287630988f74415b027351590326c91599b34d1ce3ca7aa42d58cfcf1a6,,False,,HOST_NOT_CONFIGURED,{}
record:706d2896fd2f6038c831aad27e295885368764cecc9bb5f15a09a28800f4efaf,875573729144610825,ollama,qwen2.5:3b-instruct,UNAVAILABLE_NOT_RETURNED,,BLOCKED_NOT_ATTEMPTED,,20260912_blind_v5,8d8f5fcab9e03c6a1dfc90d5a2bfc7a3f92959df7f202b8e9bd65a169f2d9337,8b2529dc895f7022db39d128152050fe53f897146a92e79d7502c2cd465922eb,,False,,HOST_NOT_CONFIGURED,{}
record:71275a515b22c780c8b7998318a24c7ef69defe2947254e8c10acb00102063f3,1097768354360758272,ollama,qwen2.5:3b-instruct,UNAVAILABLE_NOT_RETURNED,,BLOCKED_NOT_ATTEMPTED,,20260912_blind_v5,8d8f5fcab9e03c6a1dfc90d5a2bfc7a3f92959df7f202b8e9bd65a169f2d9337,77652e619c18faa2221b5aeb124fa2021bcfe16f37b4481e46166c09a92eb292,,False,,HOST_NOT_CONFIGURED,{}
record:7188eaea9bb118f4484d39ea927b615d34b70b2f63e738dd35d66ac500421c3f,1051825294561165313,ollama,qwen2.5:3b-instruct,UNAVAILABLE_NOT_RETURNED,,BLOCKED_NOT_ATTEMPTED,,20260912_blind_v5,8d8f5fcab9e03c6a1dfc90d5a2bfc7a3f92959df7f202b8e9bd65a169f2d9337,b4fbb301f0e53ecc8bc323c4e895dac8c5be61068d6f179c5a9b6a93cd760dc4,,False,,HOST_NOT_CONFIGURED,{}
record:71fe9e8ee2c343988ff4f46aff1d4e9ac20e9c1d31a5142ebe81c99042b20c36,1068034868750180353,ollama,qwen2.5:3b-instruct,UNAVAILABLE_NOT_RETURNED,,BLOCKED_NOT_ATTEMPTED,,20260912_blind_v5,8d8f5fcab9e03c6a1dfc90d5a2bfc7a3f92959df7f202b8e9bd65a169f2d9337,f294faf6325fba2a681b9ceb82ac0f2522bf1afca05b74d99ea4a0f61a706b0a,,False,,HOST_NOT_CONFIGURED,{}
record:72b5771afdde0755867bfe18d9b72dfb9b1f2134ed90b7dfd6d4ed53d756cd99,1017738146715447296,ollama,qwen2.5:3b-instruct,UNAVAILABLE_NOT_RETURNED,,BLOCKED_NOT_ATTEMPTED,,20260912_blind_v5,8d8f5fcab9e03c6a1dfc90d5a2bfc7a3f92959df7f202b8e9bd65a169f2d9337,822735be2e291eab93525830a57de0f77df73e84ba0f3a8fb21efad35748b6e4,,False,,HOST_NOT_CONFIGURED,{}
record:72dd7681f277a88d2488402df979909157067030968c278963e5a71ce2f838fb,1077526862459396096,ollama,qwen2.5:3b-instruct,UNAVAILABLE_NOT_RETURNED,,BLOCKED_NOT_ATTEMPTED,,20260912_blind_v5,8d8f5fcab9e03c6a1dfc90d5a2bfc7a3f92959df7f202b8e9bd65a169f2d9337,3eef8463bdd41d446e58387a10396aed3f89422dcb60be4d7935877284d5e59d,,False,,HOST_NOT_CONFIGURED,{}
record:731aed9c37f976fc8595b29c441cd4e01ce4a2f0e70684591501b3c0100e2740,574455578841477120,ollama,qwen2.5:3b-instruct,UNAVAILABLE_NOT_RETURNED,,BLOCKED_NOT_ATTEMPTED,,20260912_blind_v5,8d8f5fcab9e03c6a1dfc90d5a2bfc7a3f92959df7f202b8e9bd65a169f2d9337,af48fd1d8a8fa6096c3e75970c0fe23d1f6356e22f313d2c7e5ecde1c717bae8,,False,,HOST_NOT_CONFIGURED,{}
record:7352781c490e5d1bbabf4a3bc4f07e2ea02a06ed857d80769262bcc26e03ef94,576297828135370753,ollama,qwen2.5:3b-instruct,UNAVAILABLE_NOT_RETURNED,,BLOCKED_NOT_ATTEMPTED,,20260912_blind_v5,8d8f5fcab9e03c6a1dfc90d5a2bfc7a3f92959df7f202b8e9bd65a169f2d9337,f874c59948bef71f2eab6458a9dcfc95a360006c5445c785d09677b422eea046,,False,,HOST_NOT_CONFIGURED,{}
record:742b2a9baa7098ea4f7f9a5e58e3a9258d6cff76b72a953af12a3645bfaf5e73,1093374393676312576,ollama,qwen2.5:3b-instruct,UNAVAILABLE_NOT_RETURNED,,BLOCKED_NOT_ATTEMPTED,,20260912_blind_v5,8d8f5fcab9e03c6a1dfc90d5a2bfc7a3f92959df7f202b8e9bd65a169f2d9337,ec7e80e7833acc6a9a43b2ef6f80d602b3b0d6d4c14cbabb2379dfdc02ef6d3b,,False,,HOST_NOT_CONFIGURED,{}
record:7487fde21d6609f9f617b71de06a5670302de280f37999c3ff24177ba723b013,1081889601126420480,ollama,qwen2.5:3b-instruct,UNAVAILABLE_NOT_RETURNED,,BLOCKED_NOT_ATTEMPTED,,20260912_blind_v5,8d8f5fcab9e03c6a1dfc90d5a2bfc7a3f92959df7f202b8e9bd65a169f2d9337,08c3fb7477f7bff8cbf737e42cd33c3108437ba3ec84c0c417791780f0a8b2e8,,False,,HOST_NOT_CONFIGURED,{}
record:749a5e62c5fb45a3f3e2697172b204563dc3b659f7bc93268186fce5aaf942d0,619802267370319873,ollama,qwen2.5:3b-instruct,UNAVAILABLE_NOT_RETURNED,,BLOCKED_NOT_ATTEMPTED,,20260912_blind_v5,8d8f5fcab9e03c6a1dfc90d5a2bfc7a3f92959df7f202b8e9bd65a169f2d9337,7c87d52988bb6f3f8b02e58ec19413cd6c05602175490f5f5e562fb2234eba4b,,False,,HOST_NOT_CONFIGURED,{}
record:74cbe5bd2e567279a44c6bff7091147e3383ea37c8f96cbf962f039ec123c0a9,560399756586135552,ollama,qwen2.5:3b-instruct,UNAVAILABLE_NOT_RETURNED,,BLOCKED_NOT_ATTEMPTED,,20260912_blind_v5,8d8f5fcab9e03c6a1dfc90d5a2bfc7a3f92959df7f202b8e9bd65a169f2d9337,c19ddf5071d24b77f392a392fd3538e2d5b91c36ef9188dade62d8961894941b,,False,,HOST_NOT_CONFIGURED,{}
record:7575a11f3ea8774473784537e06a692483e88953325246954bd9734f1edb918b,1027079728610521094,ollama,qwen2.5:3b-instruct,UNAVAILABLE_NOT_RETURNED,,BLOCKED_NOT_ATTEMPTED,,20260912_blind_v5,8d8f5fcab9e03c6a1dfc90d5a2bfc7a3f92959df7f202b8e9bd65a169f2d9337,71314ccd0d9825173c57c980e37a2f4ef9774c83bd2c292a8c8cb7a18b278747,,False,,HOST_NOT_CONFIGURED,{}
record:757c4b9b60d303b41864a8e94ada0c83a36a9c60593faa22362ff0fed9c8ff2b,570196759642832897,ollama,qwen2.5:3b-instruct,UNAVAILABLE_NOT_RETURNED,,BLOCKED_NOT_ATTEMPTED,,20260912_blind_v5,8d8f5fcab9e03c6a1dfc90d5a2bfc7a3f92959df7f202b8e9bd65a169f2d9337,879a9c60475d87a9f490b671fafe08d2c4fb961f3fa273c49f1a8634fd655d97,,False,,HOST_NOT_CONFIGURED,{}
record:757eff7aef9176bb1fceea08ca4314252112c877d7df88eec1403d4d34427e5d,983630222674161664,ollama,qwen2.5:3b-instruct,UNAVAILABLE_NOT_RETURNED,,BLOCKED_NOT_ATTEMPTED,,20260912_blind_v5,8d8f5fcab9e03c6a1dfc90d5a2bfc7a3f92959df7f202b8e9bd65a169f2d9337,85705e1d86390a19dc8635494fb8fe9bb540758fa33ab4dce02104e6d78c890b,,False,,HOST_NOT_CONFIGURED,{}
record:759150ce57cf298a0bdf09adecb87add4333168a2d3642a47b8dbefec46599ca,1034346647231320064,ollama,qwen2.5:3b-instruct,UNAVAILABLE_NOT_RETURNED,,BLOCKED_NOT_ATTEMPTED,,20260912_blind_v5,8d8f5fcab9e03c6a1dfc90d5a2bfc7a3f92959df7f202b8e9bd65a169f2d9337,9de60b289cd9de20b0385614962aabbb0fece8d7dd1b6a7f7f941a4597ed6abb,,False,,HOST_NOT_CONFIGURED,{}
record:759750f47b31687e3fb246595e4a0954cb64abebd25629a40cdbb4d12ef1df29,594015510100090880,ollama,qwen2.5:3b-instruct,UNAVAILABLE_NOT_RETURNED,,BLOCKED_NOT_ATTEMPTED,,20260912_blind_v5,8d8f5fcab9e03c6a1dfc90d5a2bfc7a3f92959df7f202b8e9bd65a169f2d9337,ecb1519239d129c354952241cd8de23a2ca01a58fff980016dcb5547c05d21b9,,False,,HOST_NOT_CONFIGURED,{}
record:7625c4b2064b20680a0dd7ed208c26aa7f960111ab25356161edea7885a3dd6e,1044078336786468864,ollama,qwen2.5:3b-instruct,UNAVAILABLE_NOT_RETURNED,,BLOCKED_NOT_ATTEMPTED,,20260912_blind_v5,8d8f5fcab9e03c6a1dfc90d5a2bfc7a3f92959df7f202b8e9bd65a169f2d9337,52f5bfd2f8e8706514dc77b5216469a072a70c0d7c6d36164aca3ac35c5977b5,,False,,HOST_NOT_CONFIGURED,{}
record:76a72161acb622f6f3f7053338f8d5010ace3e3d91ff06c2815778b0fc88642b,1101804412819791872,ollama,qwen2.5:3b-instruct,UNAVAILABLE_NOT_RETURNED,,BLOCKED_NOT_ATTEMPTED,,20260912_blind_v5,8d8f5fcab9e03c6a1dfc90d5a2bfc7a3f92959df7f202b8e9bd65a169f2d9337,1e4027cdb1249aad2bb1578a5009bd271c624d85e3c2dbb6d55ae817f6a52154,,False,,HOST_NOT_CONFIGURED,{}
record:7758868d7b1d6af2985e8f390ff9c485cea43a63a7ca7c0bdf32b221cf4ad8fe,866282304338931712,ollama,qwen2.5:3b-instruct,UNAVAILABLE_NOT_RETURNED,,BLOCKED_NOT_ATTEMPTED,,20260912_blind_v5,8d8f5fcab9e03c6a1dfc90d5a2bfc7a3f92959df7f202b8e9bd65a169f2d9337,3c6febe1398a12b991adcd1a0cddd329236c65c6c5041f5ea96effbcf600d60f,,False,,HOST_NOT_CONFIGURED,{}
record:7777eae119060004b734e7e3907f6e4d74ab72222f68e9c1772dce82b00d5991,825647742437380096,ollama,qwen2.5:3b-instruct,UNAVAILABLE_NOT_RETURNED,,BLOCKED_NOT_ATTEMPTED,,20260912_blind_v5,8d8f5fcab9e03c6a1dfc90d5a2bfc7a3f92959df7f202b8e9bd65a169f2d9337,901eab8e3f510834c8c306459ee04900d0d2bab34d092750ee3bc325d1b9a3bb,,False,,HOST_NOT_CONFIGURED,{}
record:77897778940ea31b7a3033a2d47fd01ada7cff9537999e4cb5de1f656fbd9a06,1022704201447743488,ollama,qwen2.5:3b-instruct,UNAVAILABLE_NOT_RETURNED,,BLOCKED_NOT_ATTEMPTED,,20260912_blind_v5,8d8f5fcab9e03c6a1dfc90d5a2bfc7a3f92959df7f202b8e9bd65a169f2d9337,07326868b2349c6bb5b006a6440b2f90ac674ba85b4d226bc5ac5fee1610f57b,,False,,HOST_NOT_CONFIGURED,{}
record:77fee9f163db25185860cdcd096dd1bcbd4859c30a3518d2936f9cdd89ecd5f9,1070543130942943232,ollama,qwen2.5:3b-instruct,UNAVAILABLE_NOT_RETURNED,,BLOCKED_NOT_ATTEMPTED,,20260912_blind_v5,8d8f5fcab9e03c6a1dfc90d5a2bfc7a3f92959df7f202b8e9bd65a169f2d9337,42cbae6e985cddaf2e59e10111850db9ae8a1463b62218ef3770fd7cf8672315,,False,,HOST_NOT_CONFIGURED,{}
record:7875c1f17a949c90ca432ea1771263fcd182cd5db66de06d90ecf49ebecd882a,884439550268907520,ollama,qwen2.5:3b-instruct,UNAVAILABLE_NOT_RETURNED,,BLOCKED_NOT_ATTEMPTED,,20260912_blind_v5,8d8f5fcab9e03c6a1dfc90d5a2bfc7a3f92959df7f202b8e9bd65a169f2d9337,598924ac7020e558511c9d99111b343144caf46fee27d3261c45d2aaa87e00cf,,False,,HOST_NOT_CONFIGURED,{}
record:787d4c128eb5304abdde28adfcaee8892f190c0c4447299e7479e0e634523417,886568186547535873,ollama,qwen2.5:3b-instruct,UNAVAILABLE_NOT_RETURNED,,BLOCKED_NOT_ATTEMPTED,,20260912_blind_v5,8d8f5fcab9e03c6a1dfc90d5a2bfc7a3f92959df7f202b8e9bd65a169f2d9337,ef6374efbaa42e0e60620bcb717254aad9b4a5483f9bfb054af9d45e4098586e,,False,,HOST_NOT_CONFIGURED,{}
record:78cc4ef798039269bef14e7ca53533d17881930e20acdc5e919a1c8a650e0c1c,985055231896514560,ollama,qwen2.5:3b-instruct,UNAVAILABLE_NOT_RETURNED,,BLOCKED_NOT_ATTEMPTED,,20260912_blind_v5,8d8f5fcab9e03c6a1dfc90d5a2bfc7a3f92959df7f202b8e9bd65a169f2d9337,b46172c58a64e604a406b23cc6d737b4e9fab4303387a97784c82f61e4a6bd79,,False,,HOST_NOT_CONFIGURED,{}
record:78fcd4370a5c4712eeb1c513e2c2eef3ae6a3e2c2ba797bdf6bd416e98c4c7ec,592320732882989056,ollama,qwen2.5:3b-instruct,UNAVAILABLE_NOT_RETURNED,,BLOCKED_NOT_ATTEMPTED,,20260912_blind_v5,8d8f5fcab9e03c6a1dfc90d5a2bfc7a3f92959df7f202b8e9bd65a169f2d9337,6967da5ad688c1f51220d643fbed2fb0a744cb7ff759b9d661b8fcd44ce21ed1,,False,,HOST_NOT_CONFIGURED,{}
record:791e7371be1a28b95ce187a44d84db4a333bc820b19ed912a88e6f1e762d60b5,875560829256581120,ollama,qwen2.5:3b-instruct,UNAVAILABLE_NOT_RETURNED,,BLOCKED_NOT_ATTEMPTED,,20260912_blind_v5,8d8f5fcab9e03c6a1dfc90d5a2bfc7a3f92959df7f202b8e9bd65a169f2d9337,9b06b2b9122adf6583d7e78a5c2c00ee5e5dd8172c2a89133f84245d7f94a5ed,,False,,HOST_NOT_CONFIGURED,{}
record:792dd7df5aff1c58950aaa0f2a19f6be5fb0978dae3db6cfc1f045e6eb4d0ccc,1064011016802000897,ollama,qwen2.5:3b-instruct,UNAVAILABLE_NOT_RETURNED,,BLOCKED_NOT_ATTEMPTED,,20260912_blind_v5,8d8f5fcab9e03c6a1dfc90d5a2bfc7a3f92959df7f202b8e9bd65a169f2d9337,3ae67c92914dec5054b0381ec7a346aea3162e083a0afdb9acbf86d53a85483e,,False,,HOST_NOT_CONFIGURED,{}
record:7959aadc2c6b0d8199d99fdfcefe6553fd57598d70c57488d18c1e5924f2f8e9,1068042620385914880,ollama,qwen2.5:3b-instruct,UNAVAILABLE_NOT_RETURNED,,BLOCKED_NOT_ATTEMPTED,,20260912_blind_v5,8d8f5fcab9e03c6a1dfc90d5a2bfc7a3f92959df7f202b8e9bd65a169f2d9337,df0401b80d3e57aff76e9ba441d1b64313c908578a4a4a81676c479c182eb771,,False,,HOST_NOT_CONFIGURED,{}
record:7982ca8310417afa35a0718ad9f074fee9b5eba2c30c6d19486631af3273ec2b,875534354251866114,ollama,qwen2.5:3b-instruct,UNAVAILABLE_NOT_RETURNED,,BLOCKED_NOT_ATTEMPTED,,20260912_blind_v5,8d8f5fcab9e03c6a1dfc90d5a2bfc7a3f92959df7f202b8e9bd65a169f2d9337,c2e457e46ce38562183e23e3f4d778f669bd557839f6a7e1ec10e5cbc85ab325,,False,,HOST_NOT_CONFIGURED,{}
record:7a2a45d260e1ce9b5c38bdab5c2fff35f88b2cadc26a805d825ec8445d513a0f,931368475443916802,ollama,qwen2.5:3b-instruct,UNAVAILABLE_NOT_RETURNED,,BLOCKED_NOT_ATTEMPTED,,20260912_blind_v5,8d8f5fcab9e03c6a1dfc90d5a2bfc7a3f92959df7f202b8e9bd65a169f2d9337,356d21aa47dd6d1af621464eab4d768b109425f5acd9e49b17c3070dc1ebe19b,,False,,HOST_NOT_CONFIGURED,{}
record:7a62ad79598b9fedc7092a31f6ba61dbdfbe78b5758077c1d4245681ce3acd4e,820983232346918912,ollama,qwen2.5:3b-instruct,UNAVAILABLE_NOT_RETURNED,,BLOCKED_NOT_ATTEMPTED,,20260912_blind_v5,8d8f5fcab9e03c6a1dfc90d5a2bfc7a3f92959df7f202b8e9bd65a169f2d9337,8067fcac07456fadff45a9639dfe456140e762ddb6f03e20824e5130a59615d7,,False,,HOST_NOT_CONFIGURED,{}
record:7b4faf2ce067b0e3e5a450e2c0573b9148b07e1b13906a0d97f8cd022017b1d8,563697719945207809,ollama,qwen2.5:3b-instruct,UNAVAILABLE_NOT_RETURNED,,BLOCKED_NOT_ATTEMPTED,,20260912_blind_v5,8d8f5fcab9e03c6a1dfc90d5a2bfc7a3f92959df7f202b8e9bd65a169f2d9337,3b9c1e2afc99110f08f6f170fdad02ba64ea0dc4fc6bb62e8223398eb4acdde1,,False,,HOST_NOT_CONFIGURED,{}
record:7b695b0e5b33d5071f6f9bc5fc637a910c422f8951d5435cfe7d8f03c622a49e,790382413012692994,ollama,qwen2.5:3b-instruct,UNAVAILABLE_NOT_RETURNED,,BLOCKED_NOT_ATTEMPTED,,20260912_blind_v5,8d8f5fcab9e03c6a1dfc90d5a2bfc7a3f92959df7f202b8e9bd65a169f2d9337,d1208d94aff8e62b3c0e172b7cba19ecdd244b4a6cfd879630bfa2056797a5ee,,False,,HOST_NOT_CONFIGURED,{}
record:7baa034c78b71d638d2e619529d6955c1b75eeb18de5ad59df008ecbcc3c35eb,996550725629919232,ollama,qwen2.5:3b-instruct,UNAVAILABLE_NOT_RETURNED,,BLOCKED_NOT_ATTEMPTED,,20260912_blind_v5,8d8f5fcab9e03c6a1dfc90d5a2bfc7a3f92959df7f202b8e9bd65a169f2d9337,5f08a769a22b06bccd8976be384237a37f1c1e154861343d98236e56c9864f6c,,False,,HOST_NOT_CONFIGURED,{}
record:7bb59d3128817a135ea2656722d5e4dd13ed371d443f05658b9dc18186dfd564,538343621289062400,ollama,qwen2.5:3b-instruct,UNAVAILABLE_NOT_RETURNED,,BLOCKED_NOT_ATTEMPTED,,20260912_blind_v5,8d8f5fcab9e03c6a1dfc90d5a2bfc7a3f92959df7f202b8e9bd65a169f2d9337,98cb074e0959997bf5720651d82b5d9e172bef95353461255999d8b832367dd5,,False,,HOST_NOT_CONFIGURED,{}
record:7be445a69b3d10e15b02c5d740b678e9ce7f6aca9c6976ae1a544ed15e37bede,613951248434397184,ollama,qwen2.5:3b-instruct,UNAVAILABLE_NOT_RETURNED,,BLOCKED_NOT_ATTEMPTED,,20260912_blind_v5,8d8f5fcab9e03c6a1dfc90d5a2bfc7a3f92959df7f202b8e9bd65a169f2d9337,079b822313c4e372e70c11cb5d6a6bd8ab3905bd72822cf94e8f439fd1649128,,False,,HOST_NOT_CONFIGURED,{}
record:7caff7ad74636dfccdf23740fa62efbeac7ba44808c2411227b113f81e11e48c,1069543915559272448,ollama,qwen2.5:3b-instruct,UNAVAILABLE_NOT_RETURNED,,BLOCKED_NOT_ATTEMPTED,,20260912_blind_v5,8d8f5fcab9e03c6a1dfc90d5a2bfc7a3f92959df7f202b8e9bd65a169f2d9337,f2cef321f959f900f6249801359d0326f8dea1a387ff44837da745905e4513a4,,False,,HOST_NOT_CONFIGURED,{}
record:7cbe730d5cbbe37c4243abc202c76d17394e4f9d35beeeb06daed872a5d3fcf7,903125520308568064,ollama,qwen2.5:3b-instruct,UNAVAILABLE_NOT_RETURNED,,BLOCKED_NOT_ATTEMPTED,,20260912_blind_v5,8d8f5fcab9e03c6a1dfc90d5a2bfc7a3f92959df7f202b8e9bd65a169f2d9337,c6ba1affca6784c875307f7a90b0acb6e5e19a770b6ee8b7265e189fa1761694,,False,,HOST_NOT_CONFIGURED,{}
record:7cf9d24f2923385e444ec3162f053a74612eceefb67685672a01c7d22f7c582f,773425830840111108,ollama,qwen2.5:3b-instruct,UNAVAILABLE_NOT_RETURNED,,BLOCKED_NOT_ATTEMPTED,,20260912_blind_v5,8d8f5fcab9e03c6a1dfc90d5a2bfc7a3f92959df7f202b8e9bd65a169f2d9337,a6f1d08d783090dc4db36d476a72e5b69fac5be945b059738f9ad664ee95d845,,False,,HOST_NOT_CONFIGURED,{}
record:7d19a66a9da00e558d2e74f0ab5dc3a42e59106a7a109d819c64db80def9d94d,1026359777822167040,ollama,qwen2.5:3b-instruct,UNAVAILABLE_NOT_RETURNED,,BLOCKED_NOT_ATTEMPTED,,20260912_blind_v5,8d8f5fcab9e03c6a1dfc90d5a2bfc7a3f92959df7f202b8e9bd65a169f2d9337,842cba64cd0f1ba601ae16afba6827ceedc83bd4d73f7d04f083662235c6a144,,False,,HOST_NOT_CONFIGURED,{}
record:7db77070effcce34e601e904f6517b06c4815074367612383ca02425aaaaab60,1101137693948428289,ollama,qwen2.5:3b-instruct,UNAVAILABLE_NOT_RETURNED,,BLOCKED_NOT_ATTEMPTED,,20260912_blind_v5,8d8f5fcab9e03c6a1dfc90d5a2bfc7a3f92959df7f202b8e9bd65a169f2d9337,2e081e4a9eeecd720c393bf9a116ba4a21e44c3497fb710d000bc78dd2d8cd71,,False,,HOST_NOT_CONFIGURED,{}
record:7de20d5a65a652fab68bd846018792d81947d65b3be83e3fb0f8c554cc5e4fa8,1091332665909731328,ollama,qwen2.5:3b-instruct,UNAVAILABLE_NOT_RETURNED,,BLOCKED_NOT_ATTEMPTED,,20260912_blind_v5,8d8f5fcab9e03c6a1dfc90d5a2bfc7a3f92959df7f202b8e9bd65a169f2d9337,de958b0b079ffaddf02628b25037a9651b22ca7fcc013f827264e91c84b8b0d6,,False,,HOST_NOT_CONFIGURED,{}
record:7e0c5efdf764ca7c4fd10e5e99aa14177c9cb5278bd501dda2a724667aeb9724,1020608798287806467,ollama,qwen2.5:3b-instruct,UNAVAILABLE_NOT_RETURNED,,BLOCKED_NOT_ATTEMPTED,,20260912_blind_v5,8d8f5fcab9e03c6a1dfc90d5a2bfc7a3f92959df7f202b8e9bd65a169f2d9337,fa247e01cbd89aea1538b646b3ec4fbc16b881c61e4458c973de0052e1d20dc1,,False,,HOST_NOT_CONFIGURED,{}
record:7e30cd0db4f98844e737dd21a38f8fd5ca5ec541e625f50d365f39ae0c03e5fb,1087692086747561985,ollama,qwen2.5:3b-instruct,UNAVAILABLE_NOT_RETURNED,,BLOCKED_NOT_ATTEMPTED,,20260912_blind_v5,8d8f5fcab9e03c6a1dfc90d5a2bfc7a3f92959df7f202b8e9bd65a169f2d9337,363a692fd3344cc1ef4468b4bb5cb98f3712b201180f8db3eab82a7cb443d4a7,,False,,HOST_NOT_CONFIGURED,{}
record:7e31a0f0a9c57379b669976458138e0e59111ef48c675724630fd4d9fa24095a,869062458270302208,ollama,qwen2.5:3b-instruct,UNAVAILABLE_NOT_RETURNED,,BLOCKED_NOT_ATTEMPTED,,20260912_blind_v5,8d8f5fcab9e03c6a1dfc90d5a2bfc7a3f92959df7f202b8e9bd65a169f2d9337,6e09ab93380358f6b16b740034b5f0304a66f19f967f6154976d698ab03ed51a,,False,,HOST_NOT_CONFIGURED,{}
record:7e5b2c6db0a91eb1b06b49438e7b2ad870aa9e9953178b25074d738c020b2996,1088794558945742848,ollama,qwen2.5:3b-instruct,UNAVAILABLE_NOT_RETURNED,,BLOCKED_NOT_ATTEMPTED,,20260912_blind_v5,8d8f5fcab9e03c6a1dfc90d5a2bfc7a3f92959df7f202b8e9bd65a169f2d9337,9d18369b87dd68dcc123fcbed0f090fe1f1648021cf1c86b1b65dd8dd5dc5b95,,False,,HOST_NOT_CONFIGURED,{}
record:7e5c2bb4e926a8369707e46930397f764e07baaeba5f64d5dc125a66c157470c,1017740594343317504,ollama,qwen2.5:3b-instruct,UNAVAILABLE_NOT_RETURNED,,BLOCKED_NOT_ATTEMPTED,,20260912_blind_v5,8d8f5fcab9e03c6a1dfc90d5a2bfc7a3f92959df7f202b8e9bd65a169f2d9337,d5b902f42fb85e40f0db76eb6e83c2819d36e05efce3ad2acff37e7e4e26e237,,False,,HOST_NOT_CONFIGURED,{}
record:7e84c496e0d33f9af3e691ce8959c4911a98cb08929da5de691e25236f23a555,829684930619772928,ollama,qwen2.5:3b-instruct,UNAVAILABLE_NOT_RETURNED,,BLOCKED_NOT_ATTEMPTED,,20260912_blind_v5,8d8f5fcab9e03c6a1dfc90d5a2bfc7a3f92959df7f202b8e9bd65a169f2d9337,3df7b2a6e035d9ab5f82d24297d282e98b9e3f4fd0bf8dd92a88aa16cec2bf5c,,False,,HOST_NOT_CONFIGURED,{}
record:7e8b1522a2de5b36e3a0c00be6e06edfb5dd74c91eb370d598558f9c4958b26d,1094578751244062720,ollama,qwen2.5:3b-instruct,UNAVAILABLE_NOT_RETURNED,,BLOCKED_NOT_ATTEMPTED,,20260912_blind_v5,8d8f5fcab9e03c6a1dfc90d5a2bfc7a3f92959df7f202b8e9bd65a169f2d9337,8e5585e7deea48827dddf0a4dc570e0dffd7ee514d9b271e851b116996fb2563,,False,,HOST_NOT_CONFIGURED,{}
record:7ec4e21d77deb8dbece7949fbd4806e8180b7ee7ba615a47bdacd65f0bc05acb,1059407770053562368,ollama,qwen2.5:3b-instruct,UNAVAILABLE_NOT_RETURNED,,BLOCKED_NOT_ATTEMPTED,,20260912_blind_v5,8d8f5fcab9e03c6a1dfc90d5a2bfc7a3f92959df7f202b8e9bd65a169f2d9337,cf1280222765752df83876096b95ad6b9fa0fcc1373af36cc7247c8572ed1d86,,False,,HOST_NOT_CONFIGURED,{}
record:80ba01155f69409b4a689455298cb59cf4b76a34a9e60cd57fc6221e3cb3c39a,945162367431618560,ollama,qwen2.5:3b-instruct,UNAVAILABLE_NOT_RETURNED,,BLOCKED_NOT_ATTEMPTED,,20260912_blind_v5,8d8f5fcab9e03c6a1dfc90d5a2bfc7a3f92959df7f202b8e9bd65a169f2d9337,6821fbaa4974fbae776387cb3c32df8bb081d786c434baea13e121d426dfe6a2,,False,,HOST_NOT_CONFIGURED,{}
record:813c52bdd788a36b03474df8fd7f9af9b10f8a368cbe8e94c7576d696b9c4f52,847806726225121282,ollama,qwen2.5:3b-instruct,UNAVAILABLE_NOT_RETURNED,,BLOCKED_NOT_ATTEMPTED,,20260912_blind_v5,8d8f5fcab9e03c6a1dfc90d5a2bfc7a3f92959df7f202b8e9bd65a169f2d9337,333300254ef263b387d9735c3ff1bc8c2d1dbfaaff8147aa1d1e1b134721bf76,,False,,HOST_NOT_CONFIGURED,{}
record:81410d37f7187382e7387f3a986cafbf14024dfdd7e0a8dfc020047aac2eea05,875732360255250433,ollama,qwen2.5:3b-instruct,UNAVAILABLE_NOT_RETURNED,,BLOCKED_NOT_ATTEMPTED,,20260912_blind_v5,8d8f5fcab9e03c6a1dfc90d5a2bfc7a3f92959df7f202b8e9bd65a169f2d9337,ec3135370eb0e479449135b4e44266276b2d59e5f4ab176d7b9d6f31115c4e49,,False,,HOST_NOT_CONFIGURED,{}
record:8148717e041da3a8b344c95bd36a5b2fc4400cd50220a338b16c168dd09e7a65,1068475981554438144,ollama,qwen2.5:3b-instruct,UNAVAILABLE_NOT_RETURNED,,BLOCKED_NOT_ATTEMPTED,,20260912_blind_v5,8d8f5fcab9e03c6a1dfc90d5a2bfc7a3f92959df7f202b8e9bd65a169f2d9337,fb9211622cefc1c98279acac45cf180e3b23dd2a496a2606e490d1d205060d5d,,False,,HOST_NOT_CONFIGURED,{}
record:8149076702e0c98c5dfd86b32fdd3aae932401630b35cb462f974d25cba26a6e,563672502153801729,ollama,qwen2.5:3b-instruct,UNAVAILABLE_NOT_RETURNED,,BLOCKED_NOT_ATTEMPTED,,20260912_blind_v5,8d8f5fcab9e03c6a1dfc90d5a2bfc7a3f92959df7f202b8e9bd65a169f2d9337,2c7d9694931486c20cb0ae31be7102acef458c234f1173b13abbcdd38ac36c54,,False,,HOST_NOT_CONFIGURED,{}
record:8152ee49434803cdbd85ae2f29d63d57a9e1c2de78f37953e967b63e7a542919,547019677063708672,ollama,qwen2.5:3b-instruct,UNAVAILABLE_NOT_RETURNED,,BLOCKED_NOT_ATTEMPTED,,20260912_blind_v5,8d8f5fcab9e03c6a1dfc90d5a2bfc7a3f92959df7f202b8e9bd65a169f2d9337,ab3ef7f3746bd03e3b7603785f31b2a4ec4374513ac800ce7ff1a756da65e5c0,,False,,HOST_NOT_CONFIGURED,{}
record:81cf129207ab5250aaee66bb7446a97c14b2234feea94fc06bf3d2f3d35ba6cc,773031551319748608,ollama,qwen2.5:3b-instruct,UNAVAILABLE_NOT_RETURNED,,BLOCKED_NOT_ATTEMPTED,,20260912_blind_v5,8d8f5fcab9e03c6a1dfc90d5a2bfc7a3f92959df7f202b8e9bd65a169f2d9337,b6322e218947dd9a1bf978554faa8d2db96b14391bcab1c622dbf520835f0d8b,,False,,HOST_NOT_CONFIGURED,{}
record:822ed4946515b20ed46969ddace06bf6210a91b6674e035ec869128908d2b9fb,964359646986162176,ollama,qwen2.5:3b-instruct,UNAVAILABLE_NOT_RETURNED,,BLOCKED_NOT_ATTEMPTED,,20260912_blind_v5,8d8f5fcab9e03c6a1dfc90d5a2bfc7a3f92959df7f202b8e9bd65a169f2d9337,92864b6ba7e01c8f3f2ee399e25e0cb98a3c71dd1ba6cb54a26b300306e38064,,False,,HOST_NOT_CONFIGURED,{}
record:82a093cc92ce34aedc995c664a7dd63fba35344b95f4ad36b6c7007e8f6ff875,903444412583182336,ollama,qwen2.5:3b-instruct,UNAVAILABLE_NOT_RETURNED,,BLOCKED_NOT_ATTEMPTED,,20260912_blind_v5,8d8f5fcab9e03c6a1dfc90d5a2bfc7a3f92959df7f202b8e9bd65a169f2d9337,63fadc5c2dfa8e280e0b3133e8bc1284413505a72cdd38cf64a58f6cfe488bf3,,False,,HOST_NOT_CONFIGURED,{}
record:82ff50f6067e80c65e9727cc8653c18e36405f62153c4399d2f2f39ebf8be251,1011424281404870656,ollama,qwen2.5:3b-instruct,UNAVAILABLE_NOT_RETURNED,,BLOCKED_NOT_ATTEMPTED,,20260912_blind_v5,8d8f5fcab9e03c6a1dfc90d5a2bfc7a3f92959df7f202b8e9bd65a169f2d9337,25acddbb3a24181041dcfce413a299c20246fdf10f20fae1ca98de63b5644298,,False,,HOST_NOT_CONFIGURED,{}
record:83c57880876ed3c6ca7df784b5bc78a49a9bd398781a0ee4333d919b4bbed911,773684127509913600,ollama,qwen2.5:3b-instruct,UNAVAILABLE_NOT_RETURNED,,BLOCKED_NOT_ATTEMPTED,,20260912_blind_v5,8d8f5fcab9e03c6a1dfc90d5a2bfc7a3f92959df7f202b8e9bd65a169f2d9337,7cfc13fe66ea62b3ed1089e27e6e9530d06cd036c5e8ee8043a70e3591b545bf,,False,,HOST_NOT_CONFIGURED,{}
record:84733b70ae8ad43a557969301019af9c93485c92e8e5c6c07c99e73861f6df40,1106536442505900034,ollama,qwen2.5:3b-instruct,UNAVAILABLE_NOT_RETURNED,,BLOCKED_NOT_ATTEMPTED,,20260912_blind_v5,8d8f5fcab9e03c6a1dfc90d5a2bfc7a3f92959df7f202b8e9bd65a169f2d9337,166ce2dcd849f9bc79b5a9fa4c98d55dcdb4bcfde8ce66d4bd1ef22dc4aecae9,,False,,HOST_NOT_CONFIGURED,{}
record:84bc9210f381bf4b4b4eeb1bb61633b2772596c4146ba834a4f5c35afb9510d5,1044080421888303104,ollama,qwen2.5:3b-instruct,UNAVAILABLE_NOT_RETURNED,,BLOCKED_NOT_ATTEMPTED,,20260912_blind_v5,8d8f5fcab9e03c6a1dfc90d5a2bfc7a3f92959df7f202b8e9bd65a169f2d9337,f6cc94ff1a7bebf96e61189fd4cfdcb50e0cce6983a05a8243cd272a1410149d,,False,,HOST_NOT_CONFIGURED,{}
record:84d198e9bbd4b0f4ca83efd047e1c58024095c11ae9c7bc0148188abc7795e1c,1068390533184204800,ollama,qwen2.5:3b-instruct,UNAVAILABLE_NOT_RETURNED,,BLOCKED_NOT_ATTEMPTED,,20260912_blind_v5,8d8f5fcab9e03c6a1dfc90d5a2bfc7a3f92959df7f202b8e9bd65a169f2d9337,f068d30ddda49f3b5907c4650835ddcc4cf037ed0870ab429d9348a4a22ded98,,False,,HOST_NOT_CONFIGURED,{}
record:8575654e9572bbdea4f460c5d9cdbfc3a15c2ccf742ddbc964f1874998bb7bee,1077068042964688896,ollama,qwen2.5:3b-instruct,UNAVAILABLE_NOT_RETURNED,,BLOCKED_NOT_ATTEMPTED,,20260912_blind_v5,8d8f5fcab9e03c6a1dfc90d5a2bfc7a3f92959df7f202b8e9bd65a169f2d9337,01c4e36e2ab16986ce1eb9ae5d86a33bbd6a0aa9d9950755aff0a2cb5e1f5091,,False,,HOST_NOT_CONFIGURED,{}
record:859de0f3fcbb6577d279e49f98f445b6b80568fd04d10eea4a3030c2334a9cab,1082491836617408512,ollama,qwen2.5:3b-instruct,UNAVAILABLE_NOT_RETURNED,,BLOCKED_NOT_ATTEMPTED,,20260912_blind_v5,8d8f5fcab9e03c6a1dfc90d5a2bfc7a3f92959df7f202b8e9bd65a169f2d9337,3aef20d7fec9555205270a5c5a3224d492024e0f265a7612604bae1ded58c40b,,False,,HOST_NOT_CONFIGURED,{}
record:863da408d7916dbc24d4f8db269c8d039334ec0fc08b97246d6337748df5689a,1084094604050259968,ollama,qwen2.5:3b-instruct,UNAVAILABLE_NOT_RETURNED,,BLOCKED_NOT_ATTEMPTED,,20260912_blind_v5,8d8f5fcab9e03c6a1dfc90d5a2bfc7a3f92959df7f202b8e9bd65a169f2d9337,68f6c0c736c8490833e21656490f4aaa0401fc4203da4e908c1a3093b2549e17,,False,,HOST_NOT_CONFIGURED,{}
record:865bd68c288bbed00925e733b0afa1b8bcd1c8ce7b540505364eabb0b0355984,880771856072036352,ollama,qwen2.5:3b-instruct,UNAVAILABLE_NOT_RETURNED,,BLOCKED_NOT_ATTEMPTED,,20260912_blind_v5,8d8f5fcab9e03c6a1dfc90d5a2bfc7a3f92959df7f202b8e9bd65a169f2d9337,1c0f84bcdd6e5dd5fc351f108d1810b61ee11d91172810eb08a1130bc38a4d6f,,False,,HOST_NOT_CONFIGURED,{}
record:866745dae00e9dd247d6d7aa4375ef51a6b0fff2424cd7a9e89dbc11cc651952,1104550569518149632,ollama,qwen2.5:3b-instruct,UNAVAILABLE_NOT_RETURNED,,BLOCKED_NOT_ATTEMPTED,,20260912_blind_v5,8d8f5fcab9e03c6a1dfc90d5a2bfc7a3f92959df7f202b8e9bd65a169f2d9337,634b62c2aa8a584bd329f37a04ecc9c0e6f8395624ebd4b47ea015ee3ed28c1e,,False,,HOST_NOT_CONFIGURED,{}
record:86847349bdb254352ade4fcaa13bfc53ae53cc9d2a283dc3a2a9cd17f8c61bc0,1025995436711075841,ollama,qwen2.5:3b-instruct,UNAVAILABLE_NOT_RETURNED,,BLOCKED_NOT_ATTEMPTED,,20260912_blind_v5,8d8f5fcab9e03c6a1dfc90d5a2bfc7a3f92959df7f202b8e9bd65a169f2d9337,60310e78fe8f8812c9e6ea7c54c462606a9914c628fbfb49136200b4568709c9,,False,,HOST_NOT_CONFIGURED,{}
record:8782102761acfd941db8f74b1cf59986bf507240730865e9f1aa275af8fbd4e6,868057446333284352,ollama,qwen2.5:3b-instruct,UNAVAILABLE_NOT_RETURNED,,BLOCKED_NOT_ATTEMPTED,,20260912_blind_v5,8d8f5fcab9e03c6a1dfc90d5a2bfc7a3f92959df7f202b8e9bd65a169f2d9337,0a14e53074bc7841c52e74305bcf71dba09eb7cd4c7322aedcbb388b484bf8ee,,False,,HOST_NOT_CONFIGURED,{}
record:87aae242b6ea469c71f79a6932977a47522cbf08b865636b8fe1d7abb25b4248,903097005337067521,ollama,qwen2.5:3b-instruct,UNAVAILABLE_NOT_RETURNED,,BLOCKED_NOT_ATTEMPTED,,20260912_blind_v5,8d8f5fcab9e03c6a1dfc90d5a2bfc7a3f92959df7f202b8e9bd65a169f2d9337,7839261d27c6166a9e34d30e47e38e74dc89189cabea1294ea9b6fdf6bcfe3a7,,False,,HOST_NOT_CONFIGURED,{}
record:87f7f6bdd05e3ecba3246ca3914b30780340b15331b3dd11d1a92976870f46ff,817549217145065472,ollama,qwen2.5:3b-instruct,UNAVAILABLE_NOT_RETURNED,,BLOCKED_NOT_ATTEMPTED,,20260912_blind_v5,8d8f5fcab9e03c6a1dfc90d5a2bfc7a3f92959df7f202b8e9bd65a169f2d9337,2040ae9ffb2252b660031d2e19e78184c1e8d83064e51919cd490579e54dfaa7,,False,,HOST_NOT_CONFIGURED,{}
record:883a9879ec4b5c91eb35ee85fee9b088dfcebc4d549f15a64267689e2426f536,1047011304102420480,ollama,qwen2.5:3b-instruct,UNAVAILABLE_NOT_RETURNED,,BLOCKED_NOT_ATTEMPTED,,20260912_blind_v5,8d8f5fcab9e03c6a1dfc90d5a2bfc7a3f92959df7f202b8e9bd65a169f2d9337,e009e36f9de5397e346ab5b19f228f03576855af7479a74645b58c1ef7a82d4c,,False,,HOST_NOT_CONFIGURED,{}
record:8899ecccc32f36c578f04a63bee014761b4aae5c799485cc529710eb6b40b957,1034323999323373568,ollama,qwen2.5:3b-instruct,UNAVAILABLE_NOT_RETURNED,,BLOCKED_NOT_ATTEMPTED,,20260912_blind_v5,8d8f5fcab9e03c6a1dfc90d5a2bfc7a3f92959df7f202b8e9bd65a169f2d9337,de4a4aaa72f518c4394c8549f92c0391a2570931f8187f9811521fe357108adb,,False,,HOST_NOT_CONFIGURED,{}
record:894f97e45953e40c0f8b2caf119624269ea00f9ec13ac66cbce7266b23516635,1091352590133198850,ollama,qwen2.5:3b-instruct,UNAVAILABLE_NOT_RETURNED,,BLOCKED_NOT_ATTEMPTED,,20260912_blind_v5,8d8f5fcab9e03c6a1dfc90d5a2bfc7a3f92959df7f202b8e9bd65a169f2d9337,05331b3f1208bf28c3bfd4896be8d6ce4cf95189b86394b8338c87c89a5f4f67,,False,,HOST_NOT_CONFIGURED,{}
record:89b64649a0c6654f9bf4191b81822cab0300bf2c30cff832664adc818950d4f2,1117617399652503553,ollama,qwen2.5:3b-instruct,UNAVAILABLE_NOT_RETURNED,,BLOCKED_NOT_ATTEMPTED,,20260912_blind_v5,8d8f5fcab9e03c6a1dfc90d5a2bfc7a3f92959df7f202b8e9bd65a169f2d9337,7dab28289704dae995e86cc96cd5aaf1b3cffe2f610a8dd31e47f385c5deac4e,,False,,HOST_NOT_CONFIGURED,{}
record:8a0a2660b4645ccabbb7831e1c1f9d1c9838933cd02097f3c615070f679ae486,887265875820032001,ollama,qwen2.5:3b-instruct,UNAVAILABLE_NOT_RETURNED,,BLOCKED_NOT_ATTEMPTED,,20260912_blind_v5,8d8f5fcab9e03c6a1dfc90d5a2bfc7a3f92959df7f202b8e9bd65a169f2d9337,1c0ca4dc3ad7bf2bc337f5604ca3a4ce3459d4a23d05b6ffe537c0e7e34f4066,,False,,HOST_NOT_CONFIGURED,{}
record:8addd6040297578b05c1e83c66975bc5256371f7e5ff141861d33737d5a719b3,1121620211377950721,ollama,qwen2.5:3b-instruct,UNAVAILABLE_NOT_RETURNED,,BLOCKED_NOT_ATTEMPTED,,20260912_blind_v5,8d8f5fcab9e03c6a1dfc90d5a2bfc7a3f92959df7f202b8e9bd65a169f2d9337,4c0a48e1ebb9edea7f290fd8461432c0ab6b35d1e5c5b040e63f2469deaad869,,False,,HOST_NOT_CONFIGURED,{}
record:8b4acf865048c85422a232ff86a2530bd7b56be2fe34faf0cf4619fd1beeb0af,892016002120077314,ollama,qwen2.5:3b-instruct,UNAVAILABLE_NOT_RETURNED,,BLOCKED_NOT_ATTEMPTED,,20260912_blind_v5,8d8f5fcab9e03c6a1dfc90d5a2bfc7a3f92959df7f202b8e9bd65a169f2d9337,07a25c198c91cc124df78b159c5cce24dd74739dd259c1dfd3b7510d86fa75e8,,False,,HOST_NOT_CONFIGURED,{}
record:8bcfdaf1609ef837c4eaecf9e947a483f4d0af158f3065008b5669daeae6f60d,907058053815472129,ollama,qwen2.5:3b-instruct,UNAVAILABLE_NOT_RETURNED,,BLOCKED_NOT_ATTEMPTED,,20260912_blind_v5,8d8f5fcab9e03c6a1dfc90d5a2bfc7a3f92959df7f202b8e9bd65a169f2d9337,592ba035db7be34ff444dd357e436a759a40e5330fc4e6ab5a4b4f04a519c1fd,,False,,HOST_NOT_CONFIGURED,{}
record:8bf988ac4ae6ac8c9aa6216e1d4f4d399e09da48e437630b7cab500864bc5b90,1089499637428428800,ollama,qwen2.5:3b-instruct,UNAVAILABLE_NOT_RETURNED,,BLOCKED_NOT_ATTEMPTED,,20260912_blind_v5,8d8f5fcab9e03c6a1dfc90d5a2bfc7a3f92959df7f202b8e9bd65a169f2d9337,cec54c970b94db98d5e9131559ce351d704b7d9719019b56e3e08992b168e62c,,False,,HOST_NOT_CONFIGURED,{}
record:8c3c65e2b2c19510b0525f838f0ac68fec15f4d3ee64137fe321d985729b5500,895945934026153984,ollama,qwen2.5:3b-instruct,UNAVAILABLE_NOT_RETURNED,,BLOCKED_NOT_ATTEMPTED,,20260912_blind_v5,8d8f5fcab9e03c6a1dfc90d5a2bfc7a3f92959df7f202b8e9bd65a169f2d9337,d762a2f43031a71992f92c166be34712bd7105882b7bdd1d73af2baf07f60f26,,False,,HOST_NOT_CONFIGURED,{}
record:8c3dbc3b96ee8a8923f8e60a3b0d8bf5fbf42d9c72493f33553843b2b788a659,980638565943005184,ollama,qwen2.5:3b-instruct,UNAVAILABLE_NOT_RETURNED,,BLOCKED_NOT_ATTEMPTED,,20260912_blind_v5,8d8f5fcab9e03c6a1dfc90d5a2bfc7a3f92959df7f202b8e9bd65a169f2d9337,129ef1c260e58a202460f845e0cd7e4e6b257a6a740af7f1c60d84bbb71a59b8,,False,,HOST_NOT_CONFIGURED,{}
record:8c63db653345752ccf3c66b074f101697a22d5fc4950d786708b3115c986c34b,892033173479014402,ollama,qwen2.5:3b-instruct,UNAVAILABLE_NOT_RETURNED,,BLOCKED_NOT_ATTEMPTED,,20260912_blind_v5,8d8f5fcab9e03c6a1dfc90d5a2bfc7a3f92959df7f202b8e9bd65a169f2d9337,bc2515f1f165882b202c3c2dd663cf61d4c6b24ee2689bcac80ca540f68bc0a5,,False,,HOST_NOT_CONFIGURED,{}
record:8c99b9bb5c6e6cf42b85ad39c602b10658feb7687f0dbdea75972ed1221ee7a5,1095030100167483394,ollama,qwen2.5:3b-instruct,UNAVAILABLE_NOT_RETURNED,,BLOCKED_NOT_ATTEMPTED,,20260912_blind_v5,8d8f5fcab9e03c6a1dfc90d5a2bfc7a3f92959df7f202b8e9bd65a169f2d9337,ba56a6afbbe6aeca3ea9ecdda5ea03dab655a8345a0cce609d2696ce90cdbe36,,False,,HOST_NOT_CONFIGURED,{}
record:8cd5ad1f686250b20fb3cb44590cfd56abbe8fa300e253cf5139d63396968c2e,1034372822204731392,ollama,qwen2.5:3b-instruct,UNAVAILABLE_NOT_RETURNED,,BLOCKED_NOT_ATTEMPTED,,20260912_blind_v5,8d8f5fcab9e03c6a1dfc90d5a2bfc7a3f92959df7f202b8e9bd65a169f2d9337,4f611b85977a9f97c0edce6d9a105f5e5016ae6c9a0b43abe41b69387650b225,,False,,HOST_NOT_CONFIGURED,{}
record:8d6cac32eaa85dd13e7f24600a39314ab637f51cccbaf1e2afaec15e9d344906,591567918887870464,ollama,qwen2.5:3b-instruct,UNAVAILABLE_NOT_RETURNED,,BLOCKED_NOT_ATTEMPTED,,20260912_blind_v5,8d8f5fcab9e03c6a1dfc90d5a2bfc7a3f92959df7f202b8e9bd65a169f2d9337,3456cb8cd6bec6393d2ff28e3d2499cc443ba2e16d490ebd77c5cecdb29bcbd6,,False,,HOST_NOT_CONFIGURED,{}
record:8e251ec003d71501537e998499da2368f311f686668d4077c955d4552f7081f6,774423039245115393,ollama,qwen2.5:3b-instruct,UNAVAILABLE_NOT_RETURNED,,BLOCKED_NOT_ATTEMPTED,,20260912_blind_v5,8d8f5fcab9e03c6a1dfc90d5a2bfc7a3f92959df7f202b8e9bd65a169f2d9337,22f41ac871aac3d8e24f89b3d8ba6f4089fbe2217bcde9395d70e5dfc9e53c89,,False,,HOST_NOT_CONFIGURED,{}
record:8e42a9466bd59531bf48c453bcec309613e028465fcc24b2b02666bbb437fd1f,964532310136700928,ollama,qwen2.5:3b-instruct,UNAVAILABLE_NOT_RETURNED,,BLOCKED_NOT_ATTEMPTED,,20260912_blind_v5,8d8f5fcab9e03c6a1dfc90d5a2bfc7a3f92959df7f202b8e9bd65a169f2d9337,9c8402a818f5b9ac04b350ce7cecbd952a1dd43c1b9f2fe57b05b3d0006e76f3,,False,,HOST_NOT_CONFIGURED,{}
record:8ecd97a7f0d017562003763a0e989fcfce18bad6be9165303d113d6cda31ad2b,997139544863457283,ollama,qwen2.5:3b-instruct,UNAVAILABLE_NOT_RETURNED,,BLOCKED_NOT_ATTEMPTED,,20260912_blind_v5,8d8f5fcab9e03c6a1dfc90d5a2bfc7a3f92959df7f202b8e9bd65a169f2d9337,71cc7bcb551f2c48aa1ac9360c9faa0b99ebdee7ba8ed14c9a9782a488a104f7,,False,,HOST_NOT_CONFIGURED,{}
record:8f3ec0a91d9afd66d9be13911da126400528c03fc0a5136d77da14efa36be158,1022028054053507072,ollama,qwen2.5:3b-instruct,UNAVAILABLE_NOT_RETURNED,,BLOCKED_NOT_ATTEMPTED,,20260912_blind_v5,8d8f5fcab9e03c6a1dfc90d5a2bfc7a3f92959df7f202b8e9bd65a169f2d9337,0fcb54a4fba0d33053cf519a4e12d20f7caf0f99b1fe06f11b174aec814a3857,,False,,HOST_NOT_CONFIGURED,{}
record:8f8378166ce188460187e1b24db6a5c85d92bb77ac99dfc2c786639bf6acc914,1036508161048338438,ollama,qwen2.5:3b-instruct,UNAVAILABLE_NOT_RETURNED,,BLOCKED_NOT_ATTEMPTED,,20260912_blind_v5,8d8f5fcab9e03c6a1dfc90d5a2bfc7a3f92959df7f202b8e9bd65a169f2d9337,baa164f2da61085df384b0bb9b185376f0d2ece26d5a25ae659ce8ae65b344f2,,False,,HOST_NOT_CONFIGURED,{}
record:8fa8369389bfaab6049e8a9344f59f39ae2387300d271f026f837d6da45b50bc,996552465137917953,ollama,qwen2.5:3b-instruct,UNAVAILABLE_NOT_RETURNED,,BLOCKED_NOT_ATTEMPTED,,20260912_blind_v5,8d8f5fcab9e03c6a1dfc90d5a2bfc7a3f92959df7f202b8e9bd65a169f2d9337,c3d57cd41d31cd36c0e43f1799266f1fb666d65cdae041a897beb12fdc18f51b,,False,,HOST_NOT_CONFIGURED,{}
record:8fd1631b0d51ba932ca7961d1b746e86749dd75826ca0e326bb03160ffe0cdb7,937885600027258880,ollama,qwen2.5:3b-instruct,UNAVAILABLE_NOT_RETURNED,,BLOCKED_NOT_ATTEMPTED,,20260912_blind_v5,8d8f5fcab9e03c6a1dfc90d5a2bfc7a3f92959df7f202b8e9bd65a169f2d9337,a5bf04ed42ebe088d94d42600a421984678b35157d8a92834cfb5404645619c7,,False,,HOST_NOT_CONFIGURED,{}
record:9061c38fea4f904bd5406ad486380e07e21a912c8c3c39e6145add741f68d40f,1095017915047243776,ollama,qwen2.5:3b-instruct,UNAVAILABLE_NOT_RETURNED,,BLOCKED_NOT_ATTEMPTED,,20260912_blind_v5,8d8f5fcab9e03c6a1dfc90d5a2bfc7a3f92959df7f202b8e9bd65a169f2d9337,71a1e8bebab0970d862d40c33f6a20fc5b4aef6bd945539c14dd75146adb0eff,,False,,HOST_NOT_CONFIGURED,{}
record:90b5e9d04763a7182a2accb3a74f5eea42675dd70ae427daf92ae5886cff0099,832914049415380992,ollama,qwen2.5:3b-instruct,UNAVAILABLE_NOT_RETURNED,,BLOCKED_NOT_ATTEMPTED,,20260912_blind_v5,8d8f5fcab9e03c6a1dfc90d5a2bfc7a3f92959df7f202b8e9bd65a169f2d9337,dfd2926e8ccd778b39eab8081c3d88b0826d340f43d057a177f32bc2bf9eb6e8,,False,,HOST_NOT_CONFIGURED,{}
record:90f675c01a0560f288aee0c75cba695508a0be8318f1b311a153ea57068efd8e,895639854016479232,ollama,qwen2.5:3b-instruct,UNAVAILABLE_NOT_RETURNED,,BLOCKED_NOT_ATTEMPTED,,20260912_blind_v5,8d8f5fcab9e03c6a1dfc90d5a2bfc7a3f92959df7f202b8e9bd65a169f2d9337,6dd6e26b9950a0bb8812fa9dbc041efbdec363e1fe9dcf6075a34e04b2e2b7f4,,False,,HOST_NOT_CONFIGURED,{}
record:918334c486a00497e7107743832112b862ee481537558312d9feec029d94b414,1097768996697300992,ollama,qwen2.5:3b-instruct,UNAVAILABLE_NOT_RETURNED,,BLOCKED_NOT_ATTEMPTED,,20260912_blind_v5,8d8f5fcab9e03c6a1dfc90d5a2bfc7a3f92959df7f202b8e9bd65a169f2d9337,cb8a4f6e3b45e2044a3a27209e3572c6639d95027c3b30e288f09ecf264fb6cc,,False,,HOST_NOT_CONFIGURED,{}
record:91ead1bffbcad3375b9bd98f534de2ff346e1bee054eeea187119e61af70a997,1036178228845715457,ollama,qwen2.5:3b-instruct,UNAVAILABLE_NOT_RETURNED,,BLOCKED_NOT_ATTEMPTED,,20260912_blind_v5,8d8f5fcab9e03c6a1dfc90d5a2bfc7a3f92959df7f202b8e9bd65a169f2d9337,58abb0c9baa3cec464103220b5552dff9463f4749862811149fe761ce15530d1,,False,,HOST_NOT_CONFIGURED,{}
record:91efb1849da2b15ac9621667bbf56473c5fa1da2cdec3ac782cc21d34dd52faa,1051690576196853762,ollama,qwen2.5:3b-instruct,UNAVAILABLE_NOT_RETURNED,,BLOCKED_NOT_ATTEMPTED,,20260912_blind_v5,8d8f5fcab9e03c6a1dfc90d5a2bfc7a3f92959df7f202b8e9bd65a169f2d9337,e0c481c2a880a401bf116a5c1e22988be02935051815b90e70907d25d5822b05,,False,,HOST_NOT_CONFIGURED,{}
record:9388df9e2cc2b7fa6e1766682261b0b887863d0c09aad66d7dfc8284915c73b9,592162477787348992,ollama,qwen2.5:3b-instruct,UNAVAILABLE_NOT_RETURNED,,BLOCKED_NOT_ATTEMPTED,,20260912_blind_v5,8d8f5fcab9e03c6a1dfc90d5a2bfc7a3f92959df7f202b8e9bd65a169f2d9337,4988073a569c2f5fc5c15dfd31900ced6ca4914af077988a46d62eb64303377d,,False,,HOST_NOT_CONFIGURED,{}
record:93d5843c1720e0f0dd6ff713135592da45715c263297a2e87710b3e86d8224c1,595933462697226240,ollama,qwen2.5:3b-instruct,UNAVAILABLE_NOT_RETURNED,,BLOCKED_NOT_ATTEMPTED,,20260912_blind_v5,8d8f5fcab9e03c6a1dfc90d5a2bfc7a3f92959df7f202b8e9bd65a169f2d9337,3b40209662718a9ec38954a8a04bfbfb106c6f5001ecc8646e10f038b8147fa8,,False,,HOST_NOT_CONFIGURED,{}
record:9430f6731003ba1a4f9a59f688d2ae92d5208790cf568e8e4f5d682fcc30ea7d,623023191204720640,ollama,qwen2.5:3b-instruct,UNAVAILABLE_NOT_RETURNED,,BLOCKED_NOT_ATTEMPTED,,20260912_blind_v5,8d8f5fcab9e03c6a1dfc90d5a2bfc7a3f92959df7f202b8e9bd65a169f2d9337,656cff99d14245cf662d880e321d36a3f9d327d6086fd09b05a22e3de749863c,,False,,HOST_NOT_CONFIGURED,{}
record:943291e1d9cbf65063f87ea8d95e188243a1813c368e2faedd4b979761c1c86a,1070883718519123973,ollama,qwen2.5:3b-instruct,UNAVAILABLE_NOT_RETURNED,,BLOCKED_NOT_ATTEMPTED,,20260912_blind_v5,8d8f5fcab9e03c6a1dfc90d5a2bfc7a3f92959df7f202b8e9bd65a169f2d9337,a297bc17a41fd51616dbaeb012ea582c8b19e8d336ddd79291e4407c5c85ecd3,,False,,HOST_NOT_CONFIGURED,{}
record:9463851a11210459677114af132ce47c0eff33bb9e369b44706516689055b2b1,581699642330628096,ollama,qwen2.5:3b-instruct,UNAVAILABLE_NOT_RETURNED,,BLOCKED_NOT_ATTEMPTED,,20260912_blind_v5,8d8f5fcab9e03c6a1dfc90d5a2bfc7a3f92959df7f202b8e9bd65a169f2d9337,b9d5394c629e6c6d17b9b4c6f2db062084bf2eafcd18f786c8239482adc45568,,False,,HOST_NOT_CONFIGURED,{}
record:94de5bdc1318d567088043953c8c20795dc740f870ac0727cd36b5eb5fd76122,1090608305989476357,ollama,qwen2.5:3b-instruct,UNAVAILABLE_NOT_RETURNED,,BLOCKED_NOT_ATTEMPTED,,20260912_blind_v5,8d8f5fcab9e03c6a1dfc90d5a2bfc7a3f92959df7f202b8e9bd65a169f2d9337,9ef09b520c58fdc48b63c803b01d23ee13e60e60bc9b731b2f13e7e006e06b37,,False,,HOST_NOT_CONFIGURED,{}
record:95340c14e49c90fc30b56cfc167431d52e8a394de40e9bc9b55ba0e634733131,1067051072152252416,ollama,qwen2.5:3b-instruct,UNAVAILABLE_NOT_RETURNED,,BLOCKED_NOT_ATTEMPTED,,20260912_blind_v5,8d8f5fcab9e03c6a1dfc90d5a2bfc7a3f92959df7f202b8e9bd65a169f2d9337,28b5efb4c4471cffac39e8ffc9f2c10901586913b081b9e37241b2f66848564f,,False,,HOST_NOT_CONFIGURED,{}
record:9582f8ec0882bb27e9ff46fa77127777c61994bd014c64a4606a7075af7bdafd,987173464799723521,ollama,qwen2.5:3b-instruct,UNAVAILABLE_NOT_RETURNED,,BLOCKED_NOT_ATTEMPTED,,20260912_blind_v5,8d8f5fcab9e03c6a1dfc90d5a2bfc7a3f92959df7f202b8e9bd65a169f2d9337,0ba5dfefb5dda902df8b0935ab605226b92e901b7d18faad5278fe5e570dd207,,False,,HOST_NOT_CONFIGURED,{}
record:9599de2bd9f212c46827d99eb80c23cf25f157f3bedc922540820cd08978aede,901456489486860288,ollama,qwen2.5:3b-instruct,UNAVAILABLE_NOT_RETURNED,,BLOCKED_NOT_ATTEMPTED,,20260912_blind_v5,8d8f5fcab9e03c6a1dfc90d5a2bfc7a3f92959df7f202b8e9bd65a169f2d9337,0cb94e729a280043bb5064a83beff221ef2cce5c5d12d34b9f5c4517fcddf637,,False,,HOST_NOT_CONFIGURED,{}
record:963f47e13c9a7889d4d7331b6fa5a3f7145f23a5144cc8c4da160a61b5ab8e0b,1026654265647886336,ollama,qwen2.5:3b-instruct,UNAVAILABLE_NOT_RETURNED,,BLOCKED_NOT_ATTEMPTED,,20260912_blind_v5,8d8f5fcab9e03c6a1dfc90d5a2bfc7a3f92959df7f202b8e9bd65a169f2d9337,4f2dd262f6a66ebadc8f7ad864f511a7c5948cd480cff0e3a01a87762ff38864,,False,,HOST_NOT_CONFIGURED,{}
record:964bce71efdf7d9f206da4f7d0f43f0badeb88fd63a539e9dfb970f35b61f472,548886990297391104,ollama,qwen2.5:3b-instruct,UNAVAILABLE_NOT_RETURNED,,BLOCKED_NOT_ATTEMPTED,,20260912_blind_v5,8d8f5fcab9e03c6a1dfc90d5a2bfc7a3f92959df7f202b8e9bd65a169f2d9337,5697cda09c6f3049936fbb7c92805e019d9d1cb604490663690e3232ed13ffa3,,False,,HOST_NOT_CONFIGURED,{}
record:96894c990771d4f41b9ed0c8a523d3244553ab31667f6a6198ae82828c6899d4,1044074814971895808,ollama,qwen2.5:3b-instruct,UNAVAILABLE_NOT_RETURNED,,BLOCKED_NOT_ATTEMPTED,,20260912_blind_v5,8d8f5fcab9e03c6a1dfc90d5a2bfc7a3f92959df7f202b8e9bd65a169f2d9337,5a567c0b7bb32bf426d27efd3177f7994d6c98be511c1a6caa86808139326301,,False,,HOST_NOT_CONFIGURED,{}
record:970a8c132c1d361b484e369c6bc83c26b542309834c915e3bdb998f7568f49ae,1084373745769299968,ollama,qwen2.5:3b-instruct,UNAVAILABLE_NOT_RETURNED,,BLOCKED_NOT_ATTEMPTED,,20260912_blind_v5,8d8f5fcab9e03c6a1dfc90d5a2bfc7a3f92959df7f202b8e9bd65a169f2d9337,ffd7022ec86dd32ec0402f235271b38f026cc607d47152a37793f1b22ac06959,,False,,HOST_NOT_CONFIGURED,{}
record:97314e55236ad4e5eaf5e16fb965ba9dfeb3823ee24cdb47434719d4a3293fab,862597096972599296,ollama,qwen2.5:3b-instruct,UNAVAILABLE_NOT_RETURNED,,BLOCKED_NOT_ATTEMPTED,,20260912_blind_v5,8d8f5fcab9e03c6a1dfc90d5a2bfc7a3f92959df7f202b8e9bd65a169f2d9337,49e25196a3b4d8a002c71d8c56b535d14d868c411ab0eabf6674b89078570c53,,False,,HOST_NOT_CONFIGURED,{}
record:97386e5c497bbea8b6524557b1a7ca59f51178f5411e5e2a15ee885ba69d534c,781836286709694464,ollama,qwen2.5:3b-instruct,UNAVAILABLE_NOT_RETURNED,,BLOCKED_NOT_ATTEMPTED,,20260912_blind_v5,8d8f5fcab9e03c6a1dfc90d5a2bfc7a3f92959df7f202b8e9bd65a169f2d9337,adb8cb8a3ec527329264be12cdb6f208b003bdde0faa5250770bf84f16090ca3,,False,,HOST_NOT_CONFIGURED,{}
record:974e44386d4fb32eae61dedb3dd0dd481f3554314dbbd7424cb7d416b687f436,948471758436294656,ollama,qwen2.5:3b-instruct,UNAVAILABLE_NOT_RETURNED,,BLOCKED_NOT_ATTEMPTED,,20260912_blind_v5,8d8f5fcab9e03c6a1dfc90d5a2bfc7a3f92959df7f202b8e9bd65a169f2d9337,f1dcf728ae9722a9918574ab0bb10b79f435d2b8cc132b313acb1caed446ae63,,False,,HOST_NOT_CONFIGURED,{}
record:9786c5ac3bd527d89130d346aa8e7ca7672d178aee31d57973c593cd1dd74060,615692065993850880,ollama,qwen2.5:3b-instruct,UNAVAILABLE_NOT_RETURNED,,BLOCKED_NOT_ATTEMPTED,,20260912_blind_v5,8d8f5fcab9e03c6a1dfc90d5a2bfc7a3f92959df7f202b8e9bd65a169f2d9337,112275a2a7e9f562aa0dc5ba3156fe07e5989e51b985ce69d8f67deabe13b527,,False,,HOST_NOT_CONFIGURED,{}
record:979d1b8e0e7c448b7ba02faace718578388dd85adf8e516ae730ce4c5686cafe,1079962562664361984,ollama,qwen2.5:3b-instruct,UNAVAILABLE_NOT_RETURNED,,BLOCKED_NOT_ATTEMPTED,,20260912_blind_v5,8d8f5fcab9e03c6a1dfc90d5a2bfc7a3f92959df7f202b8e9bd65a169f2d9337,d71cd2390103f76248925a7bffe71ef8b8084e6b8a5a586b287c291f310529c9,,False,,HOST_NOT_CONFIGURED,{}
record:97b7f549312c09b5a83a58e0d347e6b0adb14102ab45c919211776063defa643,539771865884270592,ollama,qwen2.5:3b-instruct,UNAVAILABLE_NOT_RETURNED,,BLOCKED_NOT_ATTEMPTED,,20260912_blind_v5,8d8f5fcab9e03c6a1dfc90d5a2bfc7a3f92959df7f202b8e9bd65a169f2d9337,ecc0322d145fdd3d1136e239ead860f43c0c122eda52e571d91d49b42279ebc0,,False,,HOST_NOT_CONFIGURED,{}
record:97ed35c5d0ab5ddefe819654977d1c8808bffdccecf9dac050042d9d4fd16641,586353934706446336,ollama,qwen2.5:3b-instruct,UNAVAILABLE_NOT_RETURNED,,BLOCKED_NOT_ATTEMPTED,,20260912_blind_v5,8d8f5fcab9e03c6a1dfc90d5a2bfc7a3f92959df7f202b8e9bd65a169f2d9337,f401a90a41a731809c3ee5ac47870a46e0f72b00cf8fce2d209889edae4deb90,,False,,HOST_NOT_CONFIGURED,{}
record:9860beead691ff734d251973cb09521adc9890210d07425432be9c4d5b4ab924,1011878790597959681,ollama,qwen2.5:3b-instruct,UNAVAILABLE_NOT_RETURNED,,BLOCKED_NOT_ATTEMPTED,,20260912_blind_v5,8d8f5fcab9e03c6a1dfc90d5a2bfc7a3f92959df7f202b8e9bd65a169f2d9337,5a132aab436789ec6c17626b9242a4a8ae8ccdf9e31afcb7ddcf356e3b73dee7,,False,,HOST_NOT_CONFIGURED,{}
record:98a7d446383eb93e9e17f37d7043924d31640fdb636db5ab276981ec825d9fc6,536712493356564480,ollama,qwen2.5:3b-instruct,UNAVAILABLE_NOT_RETURNED,,BLOCKED_NOT_ATTEMPTED,,20260912_blind_v5,8d8f5fcab9e03c6a1dfc90d5a2bfc7a3f92959df7f202b8e9bd65a169f2d9337,0c44bab14b4d9f16aa81f60d300dca157c698e0b836ea9be104411b187e12baf,,False,,HOST_NOT_CONFIGURED,{}
record:98be27b4eade262006d9765cdcf6fb6f1bd09f00a79e1c8c79b9a4f6f7dad27e,872692508114931713,ollama,qwen2.5:3b-instruct,UNAVAILABLE_NOT_RETURNED,,BLOCKED_NOT_ATTEMPTED,,20260912_blind_v5,8d8f5fcab9e03c6a1dfc90d5a2bfc7a3f92959df7f202b8e9bd65a169f2d9337,3c0eff509c904df2688f42b5178a29f8cb7974f06f51f3d407d29662e53d42f8,,False,,HOST_NOT_CONFIGURED,{}
record:98ed9ea7533914bb5289f9e3345ae4be1602bcd95fb0cd0ed46af18960fe08c2,1071380897016901633,ollama,qwen2.5:3b-instruct,UNAVAILABLE_NOT_RETURNED,,BLOCKED_NOT_ATTEMPTED,,20260912_blind_v5,8d8f5fcab9e03c6a1dfc90d5a2bfc7a3f92959df7f202b8e9bd65a169f2d9337,cf66bc4ca75fe9e79ed9884ce7c3d10014b7fe0e4fd029642527ca963547ce9b,,False,,HOST_NOT_CONFIGURED,{}
record:992a62b0cc3d401d4d3a5490a47b79765fb7ce8e50f37147e2d326a8f51bed3a,833976890113269760,ollama,qwen2.5:3b-instruct,UNAVAILABLE_NOT_RETURNED,,BLOCKED_NOT_ATTEMPTED,,20260912_blind_v5,8d8f5fcab9e03c6a1dfc90d5a2bfc7a3f92959df7f202b8e9bd65a169f2d9337,6dfd32444f7a484ff602c1c546e950ca460ec3f5d95c48b711e98ba5058b0c4f,,False,,HOST_NOT_CONFIGURED,{}
record:9956fb30aa009714aa475eb742bad24438dcc3f1856963372bdf8bb6e8864fe3,548887867519283200,ollama,qwen2.5:3b-instruct,UNAVAILABLE_NOT_RETURNED,,BLOCKED_NOT_ATTEMPTED,,20260912_blind_v5,8d8f5fcab9e03c6a1dfc90d5a2bfc7a3f92959df7f202b8e9bd65a169f2d9337,1f9e0188d293b4e8de33b65dce67137ae6138b9eca4d548d772f854dc5878600,,False,,HOST_NOT_CONFIGURED,{}
record:9967c10e5d61190512c5eb4d43ef23c6bbcb1336bc1eca170cc85e86fc69b803,890905665836797952,ollama,qwen2.5:3b-instruct,UNAVAILABLE_NOT_RETURNED,,BLOCKED_NOT_ATTEMPTED,,20260912_blind_v5,8d8f5fcab9e03c6a1dfc90d5a2bfc7a3f92959df7f202b8e9bd65a169f2d9337,f0054e360eac7f4cbd91587bd078d586db172d1db10512780205150477b79142,,False,,HOST_NOT_CONFIGURED,{}
record:99b439b91782c6ccee8d2a288997ed8203bb38bb0906e0100630f2ebf4499a62,542518134863716353,ollama,qwen2.5:3b-instruct,UNAVAILABLE_NOT_RETURNED,,BLOCKED_NOT_ATTEMPTED,,20260912_blind_v5,8d8f5fcab9e03c6a1dfc90d5a2bfc7a3f92959df7f202b8e9bd65a169f2d9337,d5ea6f0a784886b11dbe67b9c19136556f70eb9e8face5c5f4ad69508f8cf065,,False,,HOST_NOT_CONFIGURED,{}
record:9a167553fbeec0b8ff5a5256e66df905ca2a72ab334929082821b563335b171d,1079245192949985280,ollama,qwen2.5:3b-instruct,UNAVAILABLE_NOT_RETURNED,,BLOCKED_NOT_ATTEMPTED,,20260912_blind_v5,8d8f5fcab9e03c6a1dfc90d5a2bfc7a3f92959df7f202b8e9bd65a169f2d9337,baf7c08cad97c9b2320f254087ab0a3b34409465ddb05fc5aece799751a63814,,False,,HOST_NOT_CONFIGURED,{}
record:9a175fb84fd7af6e0572a0699fc0c10e5ce4bf9152171f4990974be9271ed4cc,1075569402530062336,ollama,qwen2.5:3b-instruct,UNAVAILABLE_NOT_RETURNED,,BLOCKED_NOT_ATTEMPTED,,20260912_blind_v5,8d8f5fcab9e03c6a1dfc90d5a2bfc7a3f92959df7f202b8e9bd65a169f2d9337,e3eb808e760d973d8e3b13de2b93fb4dbf0b6bf1417bdaedad66f524eaffd3d3,,False,,HOST_NOT_CONFIGURED,{}
record:9a35bdd133d91ee178280bb47dfebe0fd1ee0d11ea6f75094b338349b13b28f1,1070562031030329344,ollama,qwen2.5:3b-instruct,UNAVAILABLE_NOT_RETURNED,,BLOCKED_NOT_ATTEMPTED,,20260912_blind_v5,8d8f5fcab9e03c6a1dfc90d5a2bfc7a3f92959df7f202b8e9bd65a169f2d9337,bc885d211de8b675b409830293018d7f0512af5cdb99e836ed8b010490483df7,,False,,HOST_NOT_CONFIGURED,{}
record:9abbb44bd2a21c448df495bd3242843ee18c80db747ab521fb8bcf7b609af71c,897799290789036032,ollama,qwen2.5:3b-instruct,UNAVAILABLE_NOT_RETURNED,,BLOCKED_NOT_ATTEMPTED,,20260912_blind_v5,8d8f5fcab9e03c6a1dfc90d5a2bfc7a3f92959df7f202b8e9bd65a169f2d9337,23f7e83a97132b4d0dbe0916b7236e8171689dac924ef193d480106d3febb0c3,,False,,HOST_NOT_CONFIGURED,{}
record:9affa1ecdf872cd4fe4af200b4d8109086f0670fd37d981f7ceb2293bd44eda1,1086100544387637248,ollama,qwen2.5:3b-instruct,UNAVAILABLE_NOT_RETURNED,,BLOCKED_NOT_ATTEMPTED,,20260912_blind_v5,8d8f5fcab9e03c6a1dfc90d5a2bfc7a3f92959df7f202b8e9bd65a169f2d9337,dd8d2468c3636aa447ec509754e1350c454e0cac59699d306b2b0fd7da439a6d,,False,,HOST_NOT_CONFIGURED,{}
record:9b651d1d172f0191302bc6e728c741978aae9960d6fbd5503526e17b7640fd5c,832442250256715776,ollama,qwen2.5:3b-instruct,UNAVAILABLE_NOT_RETURNED,,BLOCKED_NOT_ATTEMPTED,,20260912_blind_v5,8d8f5fcab9e03c6a1dfc90d5a2bfc7a3f92959df7f202b8e9bd65a169f2d9337,b11f0be135e27fd04af1d7781765e8d8624ae75243ed18d96329b543d9758986,,False,,HOST_NOT_CONFIGURED,{}
record:9ba05a751db82a8c643cee3664b5d07123c2c5c0bfd5947dda70f002d8962a14,938698627094003712,ollama,qwen2.5:3b-instruct,UNAVAILABLE_NOT_RETURNED,,BLOCKED_NOT_ATTEMPTED,,20260912_blind_v5,8d8f5fcab9e03c6a1dfc90d5a2bfc7a3f92959df7f202b8e9bd65a169f2d9337,a6280da6645336358d7344b8579f6283aba65f9c23810ad0a8a3afc58aa7c9b3,,False,,HOST_NOT_CONFIGURED,{}
record:9bb27ccfdd4f68ad4bb8e177bf9f4925be2a190f7dd483a906d250984d6e0231,780379077802856448,ollama,qwen2.5:3b-instruct,UNAVAILABLE_NOT_RETURNED,,BLOCKED_NOT_ATTEMPTED,,20260912_blind_v5,8d8f5fcab9e03c6a1dfc90d5a2bfc7a3f92959df7f202b8e9bd65a169f2d9337,b32a9fb97e57f5b83c0600d01c533e4ba8396bcca6cf13154e3470def50bf116,,False,,HOST_NOT_CONFIGURED,{}
record:9ce006e8dd2a08e1b59d6db8c50ffb92762fb90de6d7f2653e7125002a86888d,891132092314034177,ollama,qwen2.5:3b-instruct,UNAVAILABLE_NOT_RETURNED,,BLOCKED_NOT_ATTEMPTED,,20260912_blind_v5,8d8f5fcab9e03c6a1dfc90d5a2bfc7a3f92959df7f202b8e9bd65a169f2d9337,d41ccaf4d463a5cd733ba99aa38e054b4ea7cb2c15cb2be7e09fbe4f12541995,,False,,HOST_NOT_CONFIGURED,{}
record:9d1b6ce73eda14ce4f16406e3ec507b84da51d36ebdd9725d76258ee845717d2,619802498728087552,ollama,qwen2.5:3b-instruct,UNAVAILABLE_NOT_RETURNED,,BLOCKED_NOT_ATTEMPTED,,20260912_blind_v5,8d8f5fcab9e03c6a1dfc90d5a2bfc7a3f92959df7f202b8e9bd65a169f2d9337,77f186d3a4690bd2ac00c29a46d4b338b7a66a9b164d31e93822c02669a93bf9,,False,,HOST_NOT_CONFIGURED,{}
record:9d8fb08973964f6f5bd8e0f30cd9632594f3d7a4e4666156a01f66558e1b7a6a,1085186844491280384,ollama,qwen2.5:3b-instruct,UNAVAILABLE_NOT_RETURNED,,BLOCKED_NOT_ATTEMPTED,,20260912_blind_v5,8d8f5fcab9e03c6a1dfc90d5a2bfc7a3f92959df7f202b8e9bd65a169f2d9337,afb095e10949c70d0f75243034ed5d071de17a0f4553914cbdfa7b9c270aaf61,,False,,HOST_NOT_CONFIGURED,{}
record:9dcae2bcf04f263906b47eeecf9f4f80ecd0fc5f8e69e5b261aeba4cf5dc9d76,1034337813150412802,ollama,qwen2.5:3b-instruct,UNAVAILABLE_NOT_RETURNED,,BLOCKED_NOT_ATTEMPTED,,20260912_blind_v5,8d8f5fcab9e03c6a1dfc90d5a2bfc7a3f92959df7f202b8e9bd65a169f2d9337,5aeb4dc4db5133db1bb882c9c361618e768203f4b17912d771a95e5e60b7cd8e,,False,,HOST_NOT_CONFIGURED,{}
record:9dd6886fc7713f7df2fa50b2257534e62cfcd36a6a017ea288bdee63da574047,1078845286817153025,ollama,qwen2.5:3b-instruct,UNAVAILABLE_NOT_RETURNED,,BLOCKED_NOT_ATTEMPTED,,20260912_blind_v5,8d8f5fcab9e03c6a1dfc90d5a2bfc7a3f92959df7f202b8e9bd65a169f2d9337,435804604ffc9c068d0710aab7a5b3c490e0d3f4457c974bdd6fab0fd17fa2be,,False,,HOST_NOT_CONFIGURED,{}
record:9e1c6e853c7c1fa309899c7c5ef0aaf4bfcfbaa01c4c2ad2620f4678fb23b1b4,923755985964908544,ollama,qwen2.5:3b-instruct,UNAVAILABLE_NOT_RETURNED,,BLOCKED_NOT_ATTEMPTED,,20260912_blind_v5,8d8f5fcab9e03c6a1dfc90d5a2bfc7a3f92959df7f202b8e9bd65a169f2d9337,43f4cf7a5f304d6078abfa601208828777fcf8b127a157edc4c5f5aac1b85d28,,False,,HOST_NOT_CONFIGURED,{}
record:9e58acb40d8d8fdb9d40dadcd079ecc6e2852fa7033f4fdb96c209d0c5b15ef6,884236954451156993,ollama,qwen2.5:3b-instruct,UNAVAILABLE_NOT_RETURNED,,BLOCKED_NOT_ATTEMPTED,,20260912_blind_v5,8d8f5fcab9e03c6a1dfc90d5a2bfc7a3f92959df7f202b8e9bd65a169f2d9337,e6771d2b13fe3ac74c4cc6fdb91fbcddbd1e16dca52103a11085069c45649760,,False,,HOST_NOT_CONFIGURED,{}
record:9fa7dc1c7d3756b722248ca91dae2c67ce8838d17105d97c4e6b311599c4425d,628978727238635524,ollama,qwen2.5:3b-instruct,UNAVAILABLE_NOT_RETURNED,,BLOCKED_NOT_ATTEMPTED,,20260912_blind_v5,8d8f5fcab9e03c6a1dfc90d5a2bfc7a3f92959df7f202b8e9bd65a169f2d9337,40fc9ce9158590c4cb74c60dcc5cdfef3d8b05a8c80b11630b47d77e4be44ea2,,False,,HOST_NOT_CONFIGURED,{}
record:9fceb4c98502043a4ea91bedc80696ae16a432e443314bbd170807272c577890,923734316630163457,ollama,qwen2.5:3b-instruct,UNAVAILABLE_NOT_RETURNED,,BLOCKED_NOT_ATTEMPTED,,20260912_blind_v5,8d8f5fcab9e03c6a1dfc90d5a2bfc7a3f92959df7f202b8e9bd65a169f2d9337,c1b188a004efaacb9280ce47ea9cb3e462751b4585f8b19e5102582ef32a7588,,False,,HOST_NOT_CONFIGURED,{}
record:9fd4d986e7cfcf2a03dc10d4575ea750e402964fad26b37898cdb49b5e5862b9,919777213574127616,ollama,qwen2.5:3b-instruct,UNAVAILABLE_NOT_RETURNED,,BLOCKED_NOT_ATTEMPTED,,20260912_blind_v5,8d8f5fcab9e03c6a1dfc90d5a2bfc7a3f92959df7f202b8e9bd65a169f2d9337,3138fc7430388fe996bf1b4ecd7cadcd680bb7ed04703421e66d14c6082bbefc,,False,,HOST_NOT_CONFIGURED,{}
record:a03409d2cb77845fbdb5baff88e4dd56131f38423f37b9c30e5e3c8004796ef1,1026806496888115200,ollama,qwen2.5:3b-instruct,UNAVAILABLE_NOT_RETURNED,,BLOCKED_NOT_ATTEMPTED,,20260912_blind_v5,8d8f5fcab9e03c6a1dfc90d5a2bfc7a3f92959df7f202b8e9bd65a169f2d9337,34fd477569876ecc885b8bca200304a33166aa3f3837be0a080283d440711009,,False,,HOST_NOT_CONFIGURED,{}
record:a07a3a84a11c9203ccd6560c21f71a51c24b6aa8e6dfe32b8cb2d0324153830f,947672206435168257,ollama,qwen2.5:3b-instruct,UNAVAILABLE_NOT_RETURNED,,BLOCKED_NOT_ATTEMPTED,,20260912_blind_v5,8d8f5fcab9e03c6a1dfc90d5a2bfc7a3f92959df7f202b8e9bd65a169f2d9337,ddffc57bbc8f4985314e42d827df835b00beafeaebd27c29de3a7b590c75eb23,,False,,HOST_NOT_CONFIGURED,{}
record:a0d4e54e038edb99db4a6b1e0dc2e19c5114a420a2e8559264d69cfb77f6e290,928593183021326336,ollama,qwen2.5:3b-instruct,UNAVAILABLE_NOT_RETURNED,,BLOCKED_NOT_ATTEMPTED,,20260912_blind_v5,8d8f5fcab9e03c6a1dfc90d5a2bfc7a3f92959df7f202b8e9bd65a169f2d9337,d1791ea8519013b404e3f8f858d41bb09f2d7af71f34076f2a7fa12c7c61c829,,False,,HOST_NOT_CONFIGURED,{}
record:a1565627db54cab1d9557929b057cc2177d06edce23fb346b4c1c2dad8654543,870909818642481154,ollama,qwen2.5:3b-instruct,UNAVAILABLE_NOT_RETURNED,,BLOCKED_NOT_ATTEMPTED,,20260912_blind_v5,8d8f5fcab9e03c6a1dfc90d5a2bfc7a3f92959df7f202b8e9bd65a169f2d9337,cdd84d70f21b114413feabeebc594ee5b63f620b2d7b08e876342c6dda679a62,,False,,HOST_NOT_CONFIGURED,{}
record:a19c398e28f2b822ddb94311343ef8ce66c62bb3a3515f77356dec5a9e8c3753,1046077961521299456,ollama,qwen2.5:3b-instruct,UNAVAILABLE_NOT_RETURNED,,BLOCKED_NOT_ATTEMPTED,,20260912_blind_v5,8d8f5fcab9e03c6a1dfc90d5a2bfc7a3f92959df7f202b8e9bd65a169f2d9337,46dac418fdf84164a29b838d05b3019dc389f751e08230517d99455cb960a203,,False,,HOST_NOT_CONFIGURED,{}
record:a19c63fd60f70369809d1ba30432c71d1e6242fa4fcd3b5712532c1a6f4f6f29,619881558078550016,ollama,qwen2.5:3b-instruct,UNAVAILABLE_NOT_RETURNED,,BLOCKED_NOT_ATTEMPTED,,20260912_blind_v5,8d8f5fcab9e03c6a1dfc90d5a2bfc7a3f92959df7f202b8e9bd65a169f2d9337,946f108636e8560f00981d2dc77501849ca565a501ef3d254ff45ba6590f72fa,,False,,HOST_NOT_CONFIGURED,{}
record:a1d6780acabe2674442292f5d1a4c656609176ac0458087a1d9d6ed3189dbd30,613233334991368192,ollama,qwen2.5:3b-instruct,UNAVAILABLE_NOT_RETURNED,,BLOCKED_NOT_ATTEMPTED,,20260912_blind_v5,8d8f5fcab9e03c6a1dfc90d5a2bfc7a3f92959df7f202b8e9bd65a169f2d9337,cbf3e82d3790736ab8ab412b4ff1e28d2bf15d8a5f85a41a806b2d068779e2bb,,False,,HOST_NOT_CONFIGURED,{}
record:a22d3fb068f60c8462a6bc1d5eba5ee2a5b77d4be3eb1a6886836b71bd460c59,1075765224530034689,ollama,qwen2.5:3b-instruct,UNAVAILABLE_NOT_RETURNED,,BLOCKED_NOT_ATTEMPTED,,20260912_blind_v5,8d8f5fcab9e03c6a1dfc90d5a2bfc7a3f92959df7f202b8e9bd65a169f2d9337,992eb438e6b75b2520e5952e8f98517bdd0c12abd97fd6228f21da5ac9e05639,,False,,HOST_NOT_CONFIGURED,{}
record:a24cb0ccdc4dab4144f5c485b81f3db2c73db4fc81892835ac6feed5f44fda6a,575944067986636800,ollama,qwen2.5:3b-instruct,UNAVAILABLE_NOT_RETURNED,,BLOCKED_NOT_ATTEMPTED,,20260912_blind_v5,8d8f5fcab9e03c6a1dfc90d5a2bfc7a3f92959df7f202b8e9bd65a169f2d9337,6216192e343d90f4a395ab72888350ef819b3168063c7a37c9fdecb4828f400f,,False,,HOST_NOT_CONFIGURED,{}
record:a2ec1fc12efe42999dbf0f3c44be446f157c4b6a8dc566bb9c7236d29ad9a2f0,1035474410667483136,ollama,qwen2.5:3b-instruct,UNAVAILABLE_NOT_RETURNED,,BLOCKED_NOT_ATTEMPTED,,20260912_blind_v5,8d8f5fcab9e03c6a1dfc90d5a2bfc7a3f92959df7f202b8e9bd65a169f2d9337,f2bf1101f9a43b5805a445f33d35d0be4581701969af2927eaf987dfb3742a73,,False,,HOST_NOT_CONFIGURED,{}
record:a303805ef2f0fa3366295e110989400351fe556d44856c9dadc8a9dcbea545bb,878095462598705152,ollama,qwen2.5:3b-instruct,UNAVAILABLE_NOT_RETURNED,,BLOCKED_NOT_ATTEMPTED,,20260912_blind_v5,8d8f5fcab9e03c6a1dfc90d5a2bfc7a3f92959df7f202b8e9bd65a169f2d9337,d05d63cf58f3851a276476ae1e0d05a2e13e0c3ac281ca08b6022ece41862ffd,,False,,HOST_NOT_CONFIGURED,{}
record:a32616a682e3d695cf30560276c54d0927e0a9ef33dca70fcf14d42de266e013,932839319756161024,ollama,qwen2.5:3b-instruct,UNAVAILABLE_NOT_RETURNED,,BLOCKED_NOT_ATTEMPTED,,20260912_blind_v5,8d8f5fcab9e03c6a1dfc90d5a2bfc7a3f92959df7f202b8e9bd65a169f2d9337,54e13534992dda5e2b6be856bc3b460bdf11b3cdeedd093d525893f7afe46209,,False,,HOST_NOT_CONFIGURED,{}
record:a3cc61119f8db0e6ec001974d9d76d6c936d7d97c30d4f43eb08b38b5a41cab0,1026806898375315456,ollama,qwen2.5:3b-instruct,UNAVAILABLE_NOT_RETURNED,,BLOCKED_NOT_ATTEMPTED,,20260912_blind_v5,8d8f5fcab9e03c6a1dfc90d5a2bfc7a3f92959df7f202b8e9bd65a169f2d9337,d2d3d1a05426c5e32c30c8007fdacbc3efd36eecbd280e18c2b740c8307b3069,,False,,HOST_NOT_CONFIGURED,{}
record:a46ecee95b332a85d8d5ff89b55167d17e99ebae750c4c5e9e96d1e15149a432,1100682780382392321,ollama,qwen2.5:3b-instruct,UNAVAILABLE_NOT_RETURNED,,BLOCKED_NOT_ATTEMPTED,,20260912_blind_v5,8d8f5fcab9e03c6a1dfc90d5a2bfc7a3f92959df7f202b8e9bd65a169f2d9337,663d9a3bcd12b2ec9604088845f12070a6bde18d0aa5dd3c84c6c33f86a6ac48,,False,,HOST_NOT_CONFIGURED,{}
record:a483975cb2a4bb736417ac988dca520965408cb60662cc6b9e89dacbf43e7c56,563673536800497665,ollama,qwen2.5:3b-instruct,UNAVAILABLE_NOT_RETURNED,,BLOCKED_NOT_ATTEMPTED,,20260912_blind_v5,8d8f5fcab9e03c6a1dfc90d5a2bfc7a3f92959df7f202b8e9bd65a169f2d9337,3b7dc9bf35125854a435968cdedcfe0b557b8076045d3384f78a8197e7757e4b,,False,,HOST_NOT_CONFIGURED,{}
record:a48de85a89a73273c656e58304b6ab21fd13122ae7d7667c4faf4cdfcd4f6da1,1091880973761794048,ollama,qwen2.5:3b-instruct,UNAVAILABLE_NOT_RETURNED,,BLOCKED_NOT_ATTEMPTED,,20260912_blind_v5,8d8f5fcab9e03c6a1dfc90d5a2bfc7a3f92959df7f202b8e9bd65a169f2d9337,82bdf3c51ac6f209faac008a3d6470cfa51bb230f8be3f116a10941242944fb0,,False,,HOST_NOT_CONFIGURED,{}
record:a48f6c5d4d2480e5dc28f176a90212f5501f21f2f00870bbf60d597f192d74bb,576282008046940160,ollama,qwen2.5:3b-instruct,UNAVAILABLE_NOT_RETURNED,,BLOCKED_NOT_ATTEMPTED,,20260912_blind_v5,8d8f5fcab9e03c6a1dfc90d5a2bfc7a3f92959df7f202b8e9bd65a169f2d9337,0ed04dbf6df4c7533872b9c07205b335d35cef55ed8ca7ad8c729887cc0d8cc0,,False,,HOST_NOT_CONFIGURED,{}
record:a58e4587f80f9a086bd93ad2847fabcac7fef7289384a335a59ec3337f3b8bd0,1034323676991291392,ollama,qwen2.5:3b-instruct,UNAVAILABLE_NOT_RETURNED,,BLOCKED_NOT_ATTEMPTED,,20260912_blind_v5,8d8f5fcab9e03c6a1dfc90d5a2bfc7a3f92959df7f202b8e9bd65a169f2d9337,e268b83218d8f88e619590b03dfc33c3a37caaf4c4ba9153ac70ef819ee20e19,,False,,HOST_NOT_CONFIGURED,{}
record:a5d448013b81c45819232787df42d5287d141c9e2459beff620d6e6fc1c91c43,979710959705993221,ollama,qwen2.5:3b-instruct,UNAVAILABLE_NOT_RETURNED,,BLOCKED_NOT_ATTEMPTED,,20260912_blind_v5,8d8f5fcab9e03c6a1dfc90d5a2bfc7a3f92959df7f202b8e9bd65a169f2d9337,822ba9042c3c50a8bfea486d4e08e99c5eccae388a230b81a5a2d3ed27b2a295,,False,,HOST_NOT_CONFIGURED,{}
record:a69c81ea859e8819680467ac131e793a77473250b21d24efd4182f715c2385d8,1093699398066937856,ollama,qwen2.5:3b-instruct,UNAVAILABLE_NOT_RETURNED,,BLOCKED_NOT_ATTEMPTED,,20260912_blind_v5,8d8f5fcab9e03c6a1dfc90d5a2bfc7a3f92959df7f202b8e9bd65a169f2d9337,e2348530d19fca5886817be2f4c693d64376dff79592edb86836629e23d5961d,,False,,HOST_NOT_CONFIGURED,{}
record:a6a9dc7afac0ce3e6beda1784acd11309187d990d67daa05ac55608010462523,1083980478376484864,ollama,qwen2.5:3b-instruct,UNAVAILABLE_NOT_RETURNED,,BLOCKED_NOT_ATTEMPTED,,20260912_blind_v5,8d8f5fcab9e03c6a1dfc90d5a2bfc7a3f92959df7f202b8e9bd65a169f2d9337,f3a993c231520c9fb596b9821c63dd9ef629d2e051b0ed541b5d01054e7007d3,,False,,HOST_NOT_CONFIGURED,{}
record:a6b18fc6decf9675f16bbecc56e7a8bc421b8a37e008518bc6d9b57935236741,593398083389652992,ollama,qwen2.5:3b-instruct,UNAVAILABLE_NOT_RETURNED,,BLOCKED_NOT_ATTEMPTED,,20260912_blind_v5,8d8f5fcab9e03c6a1dfc90d5a2bfc7a3f92959df7f202b8e9bd65a169f2d9337,8751ebfde6ece3d4b217505ae816dc747722000272b5b169a8e8db35016b364f,,False,,HOST_NOT_CONFIGURED,{}
record:a6e7aa68119e15173e71fd50090658dc5b9e686d0544f2f22ab8252782f7cb46,1064581448349364225,ollama,qwen2.5:3b-instruct,UNAVAILABLE_NOT_RETURNED,,BLOCKED_NOT_ATTEMPTED,,20260912_blind_v5,8d8f5fcab9e03c6a1dfc90d5a2bfc7a3f92959df7f202b8e9bd65a169f2d9337,4a33fb2ac40ab72ce6684cff9eac1f65b120138e512c282afee12f2640688a68,,False,,HOST_NOT_CONFIGURED,{}
record:a76fc84d1eb6f747d37dec3e1b303cf31807571c1866ebbde908db0f4b21c15c,1097828517402730496,ollama,qwen2.5:3b-instruct,UNAVAILABLE_NOT_RETURNED,,BLOCKED_NOT_ATTEMPTED,,20260912_blind_v5,8d8f5fcab9e03c6a1dfc90d5a2bfc7a3f92959df7f202b8e9bd65a169f2d9337,631302c58af60f48f74c42e104dcd88feeeb0b297c590089ae173305080b9bad,,False,,HOST_NOT_CONFIGURED,{}
record:a848721a4719e8785f20f16034b26f098771114f188cce2f51c4811cbb9dc6d1,593026537449881601,ollama,qwen2.5:3b-instruct,UNAVAILABLE_NOT_RETURNED,,BLOCKED_NOT_ATTEMPTED,,20260912_blind_v5,8d8f5fcab9e03c6a1dfc90d5a2bfc7a3f92959df7f202b8e9bd65a169f2d9337,54cfd280cd324c9e5fd5d3340049d2b48032bbcc9f3f391d18a3d8cf3356afa5,,False,,HOST_NOT_CONFIGURED,{}
record:a84eebb2c95802f237985a4ed9c1df09f3d6043d1d373013ba7ae7e18e6298ec,849788706324045824,ollama,qwen2.5:3b-instruct,UNAVAILABLE_NOT_RETURNED,,BLOCKED_NOT_ATTEMPTED,,20260912_blind_v5,8d8f5fcab9e03c6a1dfc90d5a2bfc7a3f92959df7f202b8e9bd65a169f2d9337,a725f0015e083fa29bbfa8bd20342347e2988eed5f7dfbff202dde942c58898a,,False,,HOST_NOT_CONFIGURED,{}
record:a8bf7f580db2def95ddc3680236c2ca5f2e1f1dcfc1ffd0267667a9af1370e91,965233207250534401,ollama,qwen2.5:3b-instruct,UNAVAILABLE_NOT_RETURNED,,BLOCKED_NOT_ATTEMPTED,,20260912_blind_v5,8d8f5fcab9e03c6a1dfc90d5a2bfc7a3f92959df7f202b8e9bd65a169f2d9337,692f3c981fe6d49f02d4aeb71fbef000648fe60d07d6d10afa2dde88dbe29662,,False,,HOST_NOT_CONFIGURED,{}
record:a8c5faf1d1574ff02dd8822b26cb3e5bc6eebacea7750fa8c40fdb05f33c9a15,829203116633575424,ollama,qwen2.5:3b-instruct,UNAVAILABLE_NOT_RETURNED,,BLOCKED_NOT_ATTEMPTED,,20260912_blind_v5,8d8f5fcab9e03c6a1dfc90d5a2bfc7a3f92959df7f202b8e9bd65a169f2d9337,88143344674d77e1b246f600d66643508acca1c70908a512934fb2cd6bae0ac5,,False,,HOST_NOT_CONFIGURED,{}
record:a97ad8b053ca1d99055fd07ccd3439cfd63d58be91be873ae84717a64fc71c56,869076728370429952,ollama,qwen2.5:3b-instruct,UNAVAILABLE_NOT_RETURNED,,BLOCKED_NOT_ATTEMPTED,,20260912_blind_v5,8d8f5fcab9e03c6a1dfc90d5a2bfc7a3f92959df7f202b8e9bd65a169f2d9337,3f8e17d420f86deb10de1a015667af51686cb62554f568c2c93f789781c9db91,,False,,HOST_NOT_CONFIGURED,{}
record:a9c864d6b77ce1e831d6e1bb046ef44a8351f60646636188ac83657c9b468ea2,1058643629818863618,ollama,qwen2.5:3b-instruct,UNAVAILABLE_NOT_RETURNED,,BLOCKED_NOT_ATTEMPTED,,20260912_blind_v5,8d8f5fcab9e03c6a1dfc90d5a2bfc7a3f92959df7f202b8e9bd65a169f2d9337,33deb1a1fa3075a9a09268f6f3535d34df4b163cb89ec1fd0c3e6ce7134e3667,,False,,HOST_NOT_CONFIGURED,{}
record:aa3d6d31235bbdbc305096a55498522de16ac38e23491b7dcb9d95fb370f56cc,560058645854322689,ollama,qwen2.5:3b-instruct,UNAVAILABLE_NOT_RETURNED,,BLOCKED_NOT_ATTEMPTED,,20260912_blind_v5,8d8f5fcab9e03c6a1dfc90d5a2bfc7a3f92959df7f202b8e9bd65a169f2d9337,d83c6ef92f279f74172a27188a16adc59f8219dfe295493da55487917116c4c7,,False,,HOST_NOT_CONFIGURED,{}
record:ab1eea081f28474efe4a012f9ba1ccbfee3e73cd4f1ada233a2c8e689b928d9a,1048598821528326146,ollama,qwen2.5:3b-instruct,UNAVAILABLE_NOT_RETURNED,,BLOCKED_NOT_ATTEMPTED,,20260912_blind_v5,8d8f5fcab9e03c6a1dfc90d5a2bfc7a3f92959df7f202b8e9bd65a169f2d9337,5852925988c3819c3a12d4d1f3b32d6d3be2fc94177c5cb57ccc0e934db5b25d,,False,,HOST_NOT_CONFIGURED,{}
record:ab63de54d85f4af855727600622f599b2ca5e20ab5f037babdc73a6b58058a6a,950388309494153217,ollama,qwen2.5:3b-instruct,UNAVAILABLE_NOT_RETURNED,,BLOCKED_NOT_ATTEMPTED,,20260912_blind_v5,8d8f5fcab9e03c6a1dfc90d5a2bfc7a3f92959df7f202b8e9bd65a169f2d9337,90a948d0005e80c17edb0388de4db5d8462cb8958353fba60a606a54f238a232,,False,,HOST_NOT_CONFIGURED,{}
record:ab6d2e8a4797caeb2c7802e604423868752b5072124e4ce588fdecb3f0fd9cc5,611948081786036224,ollama,qwen2.5:3b-instruct,UNAVAILABLE_NOT_RETURNED,,BLOCKED_NOT_ATTEMPTED,,20260912_blind_v5,8d8f5fcab9e03c6a1dfc90d5a2bfc7a3f92959df7f202b8e9bd65a169f2d9337,0104ba2ff90fd9b4623094dab18be83980f47a2968f022a9e82a103fbb09e20d,,False,,HOST_NOT_CONFIGURED,{}
record:acf375f31e112117b74996b813eaa6e64c812e4248f4aeca397ad2002bb45f89,609529080908775424,ollama,qwen2.5:3b-instruct,UNAVAILABLE_NOT_RETURNED,,BLOCKED_NOT_ATTEMPTED,,20260912_blind_v5,8d8f5fcab9e03c6a1dfc90d5a2bfc7a3f92959df7f202b8e9bd65a169f2d9337,eeae9a1ad9002acf65e648078542b42127fba895a774524475a2092c6c9f6be6,,False,,HOST_NOT_CONFIGURED,{}
record:ad0239f909f659cf782ae6c0fce0c80a90f9adbc4da58fcddfd317464afed76b,1022702704752320512,ollama,qwen2.5:3b-instruct,UNAVAILABLE_NOT_RETURNED,,BLOCKED_NOT_ATTEMPTED,,20260912_blind_v5,8d8f5fcab9e03c6a1dfc90d5a2bfc7a3f92959df7f202b8e9bd65a169f2d9337,f7e6e94d8bd114aaf37c25a304f44716d4185cc6a28dc116972b100200daab35,,False,,HOST_NOT_CONFIGURED,{}
record:ad5d4a881d7790b9b37ed683b9712f419a4b91bae722f443d072747727037323,983933175289151489,ollama,qwen2.5:3b-instruct,UNAVAILABLE_NOT_RETURNED,,BLOCKED_NOT_ATTEMPTED,,20260912_blind_v5,8d8f5fcab9e03c6a1dfc90d5a2bfc7a3f92959df7f202b8e9bd65a169f2d9337,9a927dbcb77de99b3bbc6970fdabe0b71498744ad288a0340d24905fefccb594,,False,,HOST_NOT_CONFIGURED,{}
record:ad9277c68053f54a3a062b38a4aa74287b9efc5acb34a1ca2e07aa000f059123,596657073632485376,ollama,qwen2.5:3b-instruct,UNAVAILABLE_NOT_RETURNED,,BLOCKED_NOT_ATTEMPTED,,20260912_blind_v5,8d8f5fcab9e03c6a1dfc90d5a2bfc7a3f92959df7f202b8e9bd65a169f2d9337,9914e661610ea9af74cb7eeb41546a9057d362b24b06feaa120741bf5d6fff08,,False,,HOST_NOT_CONFIGURED,{}
record:ae207cbce4f2df1c6c11655bcbe58af0450bae07092f22396e73e5c5ca0fb52e,817285910492385280,ollama,qwen2.5:3b-instruct,UNAVAILABLE_NOT_RETURNED,,BLOCKED_NOT_ATTEMPTED,,20260912_blind_v5,8d8f5fcab9e03c6a1dfc90d5a2bfc7a3f92959df7f202b8e9bd65a169f2d9337,a7c4b112d7a5222fc18874034caa4599b2b9b690a0ff6dd0adaf1421db70df6c,,False,,HOST_NOT_CONFIGURED,{}
record:ae659d8a729cd840981543dda7c6054f250ddf3eb07818ae6170de6ee4d12a24,1106935100237733889,ollama,qwen2.5:3b-instruct,UNAVAILABLE_NOT_RETURNED,,BLOCKED_NOT_ATTEMPTED,,20260912_blind_v5,8d8f5fcab9e03c6a1dfc90d5a2bfc7a3f92959df7f202b8e9bd65a169f2d9337,ca15dcd953893bafee8d2f1786239874205993b3e55a2c397158bd4e2f1333cf,,False,,HOST_NOT_CONFIGURED,{}
record:aedf9104ebf2e30aa8ade9a0a0f0bbe12f3d213fdcefb74eeb4423c39c2e64ad,568084589996085249,ollama,qwen2.5:3b-instruct,UNAVAILABLE_NOT_RETURNED,,BLOCKED_NOT_ATTEMPTED,,20260912_blind_v5,8d8f5fcab9e03c6a1dfc90d5a2bfc7a3f92959df7f202b8e9bd65a169f2d9337,a9221983cf0b1b55bd8d62ac652d1c526525578950c9f4df4b39e446be5c1002,,False,,HOST_NOT_CONFIGURED,{}
record:af3326885da4855b587ad2c889bc693fc4020a1ceea35461323edf37a47ca3c2,1071632520163188737,ollama,qwen2.5:3b-instruct,UNAVAILABLE_NOT_RETURNED,,BLOCKED_NOT_ATTEMPTED,,20260912_blind_v5,8d8f5fcab9e03c6a1dfc90d5a2bfc7a3f92959df7f202b8e9bd65a169f2d9337,221b9825e80bfd0364aaf3efe12f3cfe229feffbae8d88033d1ee16bf7859c93,,False,,HOST_NOT_CONFIGURED,{}
record:af55389c7f31e69741f4516a5ee4a9b85681120b2b1bf5a30b9e21438cf2e77c,955019363303661568,ollama,qwen2.5:3b-instruct,UNAVAILABLE_NOT_RETURNED,,BLOCKED_NOT_ATTEMPTED,,20260912_blind_v5,8d8f5fcab9e03c6a1dfc90d5a2bfc7a3f92959df7f202b8e9bd65a169f2d9337,b1c00b33f91ee89eebf8acefe9ee747222e88b5b10aa49f65166f50a914a2e35,,False,,HOST_NOT_CONFIGURED,{}
record:afa38a3429e3a86288c4b879555906ff75326498936e48b846bb1c8e3fbe3139,1022689664346595328,ollama,qwen2.5:3b-instruct,UNAVAILABLE_NOT_RETURNED,,BLOCKED_NOT_ATTEMPTED,,20260912_blind_v5,8d8f5fcab9e03c6a1dfc90d5a2bfc7a3f92959df7f202b8e9bd65a169f2d9337,05baaf6fc6d0e3ec42ad86da9fb0bcf3cbdbf0951a08d3a8160951bc99fd37e3,,False,,HOST_NOT_CONFIGURED,{}
record:b01a5a86ad708ea187ae5713f9b714e52b2d940451b18a19d976efc427730f46,1095631993365159936,ollama,qwen2.5:3b-instruct,UNAVAILABLE_NOT_RETURNED,,BLOCKED_NOT_ATTEMPTED,,20260912_blind_v5,8d8f5fcab9e03c6a1dfc90d5a2bfc7a3f92959df7f202b8e9bd65a169f2d9337,0f46b64b7ada48050f0cf016929d3660bab010f5c71aa202b1f3a604e781bbb4,,False,,HOST_NOT_CONFIGURED,{}
record:b0bf37e7d032d59805180e35ad9ea60452738e255a58b6a06761d401c6af654f,1070545622304989185,ollama,qwen2.5:3b-instruct,UNAVAILABLE_NOT_RETURNED,,BLOCKED_NOT_ATTEMPTED,,20260912_blind_v5,8d8f5fcab9e03c6a1dfc90d5a2bfc7a3f92959df7f202b8e9bd65a169f2d9337,e6604084c7dae1d5fb3215dde4adcc63ee680b6eb655e647253e3fbc5e6941dc,,False,,HOST_NOT_CONFIGURED,{}
record:b149df92237476a594456632239427481c7e64ed969cbac07c85aaad80d4d490,870193728551440384,ollama,qwen2.5:3b-instruct,UNAVAILABLE_NOT_RETURNED,,BLOCKED_NOT_ATTEMPTED,,20260912_blind_v5,8d8f5fcab9e03c6a1dfc90d5a2bfc7a3f92959df7f202b8e9bd65a169f2d9337,fb24f97561c1fa3aab779c32139e7e182203ea013adad3ee84b9c2a41ad3185e,,False,,HOST_NOT_CONFIGURED,{}
record:b1a098eaef980c854f91ca8602d7254bb1345065431a56678859f6f6f8d6c1b2,1034289564804820992,ollama,qwen2.5:3b-instruct,UNAVAILABLE_NOT_RETURNED,,BLOCKED_NOT_ATTEMPTED,,20260912_blind_v5,8d8f5fcab9e03c6a1dfc90d5a2bfc7a3f92959df7f202b8e9bd65a169f2d9337,0e733d87a07a1d82419b940aadd4defdd7ea5e42a9c670d886748978b53a7112,,False,,HOST_NOT_CONFIGURED,{}
record:b20b7ed32da881834a74f702299515ab887e007096b19184bac24284291418ec,790543670139195393,ollama,qwen2.5:3b-instruct,UNAVAILABLE_NOT_RETURNED,,BLOCKED_NOT_ATTEMPTED,,20260912_blind_v5,8d8f5fcab9e03c6a1dfc90d5a2bfc7a3f92959df7f202b8e9bd65a169f2d9337,7ee5561420c5b53abca0cd8f6a0929387435bdeae13b07bba1149cb66debe67a,,False,,HOST_NOT_CONFIGURED,{}
record:b223fc9c1376b97aa3977c688f2a7fe5adf1c63bb2526194eda11ebc5a818cc5,786135796000534528,ollama,qwen2.5:3b-instruct,UNAVAILABLE_NOT_RETURNED,,BLOCKED_NOT_ATTEMPTED,,20260912_blind_v5,8d8f5fcab9e03c6a1dfc90d5a2bfc7a3f92959df7f202b8e9bd65a169f2d9337,5005132c78551bb8dbfe59a0fcc46556b238635ca7ae0718eae0ee00be72dc5b,,False,,HOST_NOT_CONFIGURED,{}
record:b25c5584630707634a2cbec503c114581ca6d80f3227e0b6f5be4d03a51e6656,1093389655192584192,ollama,qwen2.5:3b-instruct,UNAVAILABLE_NOT_RETURNED,,BLOCKED_NOT_ATTEMPTED,,20260912_blind_v5,8d8f5fcab9e03c6a1dfc90d5a2bfc7a3f92959df7f202b8e9bd65a169f2d9337,4bd13ff909c724d013637639da88d6fcd4d2f2030c2d9d759abee62cd8a0c4db,,False,,HOST_NOT_CONFIGURED,{}
record:b3b25b289abff7a4c520fe3a9eb84c38b0f48ff5b89541a3fbb6ae6737b32bcf,609200929234141184,ollama,qwen2.5:3b-instruct,UNAVAILABLE_NOT_RETURNED,,BLOCKED_NOT_ATTEMPTED,,20260912_blind_v5,8d8f5fcab9e03c6a1dfc90d5a2bfc7a3f92959df7f202b8e9bd65a169f2d9337,e2b3934321685b4626c72c57068e6851a667d4713193f9010958819d591380ae,,False,,HOST_NOT_CONFIGURED,{}
record:b445ac885d2b96908dec547a5baba53d9f231ab50a094a78c326bb375d92b178,872284641524305920,ollama,qwen2.5:3b-instruct,UNAVAILABLE_NOT_RETURNED,,BLOCKED_NOT_ATTEMPTED,,20260912_blind_v5,8d8f5fcab9e03c6a1dfc90d5a2bfc7a3f92959df7f202b8e9bd65a169f2d9337,0bca6e31c088d0b24a7982e8a0fe0c520269c4b754992154cbd4ad6a95421928,,False,,HOST_NOT_CONFIGURED,{}
record:b4550aada4842adba659c8a9b1ee47681958b867f2dfc235a38c1aa890a69cc1,957890111135399936,ollama,qwen2.5:3b-instruct,UNAVAILABLE_NOT_RETURNED,,BLOCKED_NOT_ATTEMPTED,,20260912_blind_v5,8d8f5fcab9e03c6a1dfc90d5a2bfc7a3f92959df7f202b8e9bd65a169f2d9337,fcd89513a623bcbd7cb0ae103ed5d7760579bb0bef0e0f8165200608532f6f7d,,False,,HOST_NOT_CONFIGURED,{}
record:b4c45901aaaa3ca6b115759cc3c1f84d3e755b92c91a167066d1e2d18ea757aa,1083323936895627264,ollama,qwen2.5:3b-instruct,UNAVAILABLE_NOT_RETURNED,,BLOCKED_NOT_ATTEMPTED,,20260912_blind_v5,8d8f5fcab9e03c6a1dfc90d5a2bfc7a3f92959df7f202b8e9bd65a169f2d9337,8242b059e9a82373f07aa3e557554d678650b4871cca6936f92dd9fa227c7125,,False,,HOST_NOT_CONFIGURED,{}
record:b4daa211e0439e577336721cf422188629f7e288537820f02c9ebb1d89a4b90e,1048518211782754304,ollama,qwen2.5:3b-instruct,UNAVAILABLE_NOT_RETURNED,,BLOCKED_NOT_ATTEMPTED,,20260912_blind_v5,8d8f5fcab9e03c6a1dfc90d5a2bfc7a3f92959df7f202b8e9bd65a169f2d9337,3a26de3a7974a92efed52ea4ef448b1a2102c08e4665fba7eac2902ee1acd720,,False,,HOST_NOT_CONFIGURED,{}
record:b4eca4bc3267b0cec0e399bedec2c15b824edf40cb2216b261e9c8e8e82dd268,1049313296917049346,ollama,qwen2.5:3b-instruct,UNAVAILABLE_NOT_RETURNED,,BLOCKED_NOT_ATTEMPTED,,20260912_blind_v5,8d8f5fcab9e03c6a1dfc90d5a2bfc7a3f92959df7f202b8e9bd65a169f2d9337,ff2d0c6bbd29100149ea979c5b1cc8172430b26e7a641e4986ea1aecf08695c8,,False,,HOST_NOT_CONFIGURED,{}
record:b4fdf4a54fd8d319e88b741c3fd80a02ece09f020abd1f6c8f042d5c69c7bc4f,1069439300989800448,ollama,qwen2.5:3b-instruct,UNAVAILABLE_NOT_RETURNED,,BLOCKED_NOT_ATTEMPTED,,20260912_blind_v5,8d8f5fcab9e03c6a1dfc90d5a2bfc7a3f92959df7f202b8e9bd65a169f2d9337,74a4ccf4e1ae0693e9fcb86726791d995d7652dede8ecb165e12d82fd4cef07d,,False,,HOST_NOT_CONFIGURED,{}
record:b5106e1e806e5ed616c4ee9f2d432b9635558e97e49cb766aaa33451f95d1fea,931438039909277696,ollama,qwen2.5:3b-instruct,UNAVAILABLE_NOT_RETURNED,,BLOCKED_NOT_ATTEMPTED,,20260912_blind_v5,8d8f5fcab9e03c6a1dfc90d5a2bfc7a3f92959df7f202b8e9bd65a169f2d9337,143dd2ac6fd590afc82bdcdd14a880dde6cb40417f8ef7b0d386f536d4b5fea2,,False,,HOST_NOT_CONFIGURED,{}
record:b547987369e28dfef9c680ecae33c4442d7a844336fbe4a4eea2499d9718c0b3,846217767955173376,ollama,qwen2.5:3b-instruct,UNAVAILABLE_NOT_RETURNED,,BLOCKED_NOT_ATTEMPTED,,20260912_blind_v5,8d8f5fcab9e03c6a1dfc90d5a2bfc7a3f92959df7f202b8e9bd65a169f2d9337,b7593da0ebbaa095076a248ead74158ac3247f8c55c99899bc9f66e1626e55aa,,False,,HOST_NOT_CONFIGURED,{}
record:b57375c62d99a6cfe037d03f0345c8f90a78e8052bd29f0c21bf35fa46d724fd,1123465143487168515,ollama,qwen2.5:3b-instruct,UNAVAILABLE_NOT_RETURNED,,BLOCKED_NOT_ATTEMPTED,,20260912_blind_v5,8d8f5fcab9e03c6a1dfc90d5a2bfc7a3f92959df7f202b8e9bd65a169f2d9337,dc77edc603f1d3c61f172e5b700a42266c00bc2429b7320b127d46543ba50a37,,False,,HOST_NOT_CONFIGURED,{}
record:b5e16fd12e17039cef72e6afc16369af60f15dbf23389fef6fb0c2d33bd9e1ca,1034302772340879360,ollama,qwen2.5:3b-instruct,UNAVAILABLE_NOT_RETURNED,,BLOCKED_NOT_ATTEMPTED,,20260912_blind_v5,8d8f5fcab9e03c6a1dfc90d5a2bfc7a3f92959df7f202b8e9bd65a169f2d9337,c29c18a89c9926b63855039c97f71dfe52119d37946d0e903431c2d7c5ca27d6,,False,,HOST_NOT_CONFIGURED,{}
record:b5f872b9fdc1d57951bb32bddb721e5b374a0be350507746455a7c091356b367,952784103627214848,ollama,qwen2.5:3b-instruct,UNAVAILABLE_NOT_RETURNED,,BLOCKED_NOT_ATTEMPTED,,20260912_blind_v5,8d8f5fcab9e03c6a1dfc90d5a2bfc7a3f92959df7f202b8e9bd65a169f2d9337,d6358688d3092ca9c1f7c37a225c0ea3c37c0e09c3bb1923b4785467bd5d11f6,,False,,HOST_NOT_CONFIGURED,{}
record:b652779a50d8cbbf6575c00b04f0a691e72696316c1da8b1ac94766c8ecbccb7,771827728874139648,ollama,qwen2.5:3b-instruct,UNAVAILABLE_NOT_RETURNED,,BLOCKED_NOT_ATTEMPTED,,20260912_blind_v5,8d8f5fcab9e03c6a1dfc90d5a2bfc7a3f92959df7f202b8e9bd65a169f2d9337,a300ea509bbc6a9bb6d97cebd2d299ab4c4fb51b962a4410f877b0fc801bce62,,False,,HOST_NOT_CONFIGURED,{}
record:b677d82edd185e99921406af6cd74e1ca04bb5aab3b622b63690af7ed7c0e913,1036139686652039169,ollama,qwen2.5:3b-instruct,UNAVAILABLE_NOT_RETURNED,,BLOCKED_NOT_ATTEMPTED,,20260912_blind_v5,8d8f5fcab9e03c6a1dfc90d5a2bfc7a3f92959df7f202b8e9bd65a169f2d9337,0fd0b71da3bf4c3746c36be1bccde258d1a3c43181b83b76f24a5f482b5af569,,False,,HOST_NOT_CONFIGURED,{}
record:b67d7d01d4c84b0847ff19f39f149db7e071835d376df7518ef76aa9011e7888,824845262933807107,ollama,qwen2.5:3b-instruct,UNAVAILABLE_NOT_RETURNED,,BLOCKED_NOT_ATTEMPTED,,20260912_blind_v5,8d8f5fcab9e03c6a1dfc90d5a2bfc7a3f92959df7f202b8e9bd65a169f2d9337,f79a90a5275a21eef98845d2db9c10e9579fe5743ddedf1fc5ee63896755eb30,,False,,HOST_NOT_CONFIGURED,{}
record:b6aa68bead0342c99a86adcf0fccf6e99dcf06042b71a51e22f3990f55ec6dc5,785865284422860802,ollama,qwen2.5:3b-instruct,UNAVAILABLE_NOT_RETURNED,,BLOCKED_NOT_ATTEMPTED,,20260912_blind_v5,8d8f5fcab9e03c6a1dfc90d5a2bfc7a3f92959df7f202b8e9bd65a169f2d9337,96086dfd87670ac7cf315f0b4962820e7e337ed597b8c1aed7d5ac83e8384b30,,False,,HOST_NOT_CONFIGURED,{}
record:b6ac1bc2933d7d6b1280ab1b27031137c45ede3f82bf3359695fe3f50785e32f,780379179779063808,ollama,qwen2.5:3b-instruct,UNAVAILABLE_NOT_RETURNED,,BLOCKED_NOT_ATTEMPTED,,20260912_blind_v5,8d8f5fcab9e03c6a1dfc90d5a2bfc7a3f92959df7f202b8e9bd65a169f2d9337,d3179beb6c519c16541b57753738832754951728ea224797ddbb1d0e2480b453,,False,,HOST_NOT_CONFIGURED,{}
record:b6e83405830fdcd03c6174fd68562087c8cee84113e71fcfdde6395fcbda5d8c,1083914493946556418,ollama,qwen2.5:3b-instruct,UNAVAILABLE_NOT_RETURNED,,BLOCKED_NOT_ATTEMPTED,,20260912_blind_v5,8d8f5fcab9e03c6a1dfc90d5a2bfc7a3f92959df7f202b8e9bd65a169f2d9337,1fbffd382567dfb47ec9b3c1b191caa17a8f9980e69b304359db7c41d69e52ee,,False,,HOST_NOT_CONFIGURED,{}
record:b74e8e5f03096aa268c503fef2638c644453dde337b876fdaa5e6b33438c3960,628979047901569025,ollama,qwen2.5:3b-instruct,UNAVAILABLE_NOT_RETURNED,,BLOCKED_NOT_ATTEMPTED,,20260912_blind_v5,8d8f5fcab9e03c6a1dfc90d5a2bfc7a3f92959df7f202b8e9bd65a169f2d9337,88011e737a359f89b98942b9ebea127a44fcc3ba1d6e97cc864368afe06bb28f,,False,,HOST_NOT_CONFIGURED,{}
record:b760aa73de8c1beb8b26e8247fad34eddc2d55f32f60bd38c16dd90d45e242d3,952883105806741504,ollama,qwen2.5:3b-instruct,UNAVAILABLE_NOT_RETURNED,,BLOCKED_NOT_ATTEMPTED,,20260912_blind_v5,8d8f5fcab9e03c6a1dfc90d5a2bfc7a3f92959df7f202b8e9bd65a169f2d9337,c7f62b867fa138e2bf7bc5f94a58cd9559be678591fccb56a1c2859eadf332df,,False,,HOST_NOT_CONFIGURED,{}
record:b7e7e45d908f6af9b89f8d8e4aac9adf47b70243412649a22ff8bffa1e6df86a,805417084670775296,ollama,qwen2.5:3b-instruct,UNAVAILABLE_NOT_RETURNED,,BLOCKED_NOT_ATTEMPTED,,20260912_blind_v5,8d8f5fcab9e03c6a1dfc90d5a2bfc7a3f92959df7f202b8e9bd65a169f2d9337,844f2af84cd9f232cb5b6b4b5934c70a765554ca4a16e6abbc85a83db7a585bc,,False,,HOST_NOT_CONFIGURED,{}
record:b809efb962a3b29a3ddbe06d11da5150a3a802f71fdc5b8f1512c548cc5a52ff,1083584157878382593,ollama,qwen2.5:3b-instruct,UNAVAILABLE_NOT_RETURNED,,BLOCKED_NOT_ATTEMPTED,,20260912_blind_v5,8d8f5fcab9e03c6a1dfc90d5a2bfc7a3f92959df7f202b8e9bd65a169f2d9337,5dcf73dc1f677c0ae771872f80284f6d1487cf5f6d44d568ed3eb03572cca967,,False,,HOST_NOT_CONFIGURED,{}
record:b8388f7c79af63e5081d8eabf8e86e703f8732601f6761b534a0086e2f02cf3a,979217533466128386,ollama,qwen2.5:3b-instruct,UNAVAILABLE_NOT_RETURNED,,BLOCKED_NOT_ATTEMPTED,,20260912_blind_v5,8d8f5fcab9e03c6a1dfc90d5a2bfc7a3f92959df7f202b8e9bd65a169f2d9337,60b15f9af019a5342a6cc6a0d7d3517e9832ff8c3224e67bd87d024db9a66895,,False,,HOST_NOT_CONFIGURED,{}
record:b860745966faf73278ac94d6e8fd73689091d4a8a5900d30f41d7b7b4eb51288,817580305452179456,ollama,qwen2.5:3b-instruct,UNAVAILABLE_NOT_RETURNED,,BLOCKED_NOT_ATTEMPTED,,20260912_blind_v5,8d8f5fcab9e03c6a1dfc90d5a2bfc7a3f92959df7f202b8e9bd65a169f2d9337,49b02f55d56176964b6bcb680255f2a0bb168530aae451d4e59d476c96d52b1b,,False,,HOST_NOT_CONFIGURED,{}
record:b8bdf9c9fd35037cc9f87e1b12524b61233295db9808d4d4c77129d396f8925d,974511403598954496,ollama,qwen2.5:3b-instruct,UNAVAILABLE_NOT_RETURNED,,BLOCKED_NOT_ATTEMPTED,,20260912_blind_v5,8d8f5fcab9e03c6a1dfc90d5a2bfc7a3f92959df7f202b8e9bd65a169f2d9337,7234cf86471aac767b9853ae98f1550463f3d653935e3910695805ebae1c6e7f,,False,,HOST_NOT_CONFIGURED,{}
record:b8d217db8bce4a90834e2880b5f54b8ea2b857b8b1c5c19300566b118c5da5a3,1066009034120024064,ollama,qwen2.5:3b-instruct,UNAVAILABLE_NOT_RETURNED,,BLOCKED_NOT_ATTEMPTED,,20260912_blind_v5,8d8f5fcab9e03c6a1dfc90d5a2bfc7a3f92959df7f202b8e9bd65a169f2d9337,fd2ce57a51f77ec93d5391a9235a9a570fc1185f5e2f621d788563ed5cb593ca,,False,,HOST_NOT_CONFIGURED,{}
record:b8eaad4bee39203fc3a25c4a13d20c47635fe25a1d0cee3f2a24d9761fe949b2,632869484005588992,ollama,qwen2.5:3b-instruct,UNAVAILABLE_NOT_RETURNED,,BLOCKED_NOT_ATTEMPTED,,20260912_blind_v5,8d8f5fcab9e03c6a1dfc90d5a2bfc7a3f92959df7f202b8e9bd65a169f2d9337,154f72642adfe3990f022b159f6727ac5e7aae45f91bc7a880f5c2b5a2dcbc5b,,False,,HOST_NOT_CONFIGURED,{}
record:b93cf273c8e92337521699098e94e70a6f3788ad9a4027e5cb71d06d52e5bed8,1101703524704968705,ollama,qwen2.5:3b-instruct,UNAVAILABLE_NOT_RETURNED,,BLOCKED_NOT_ATTEMPTED,,20260912_blind_v5,8d8f5fcab9e03c6a1dfc90d5a2bfc7a3f92959df7f202b8e9bd65a169f2d9337,16090f7267a14f8ecc7a4a464d4a1e6897091c7e314248711d8926ab5aafca2c,,False,,HOST_NOT_CONFIGURED,{}
record:b963beb18c92c3c2e3a50673b21bbff211532756f69591830cc9f5e4087cc04d,867727837649715200,ollama,qwen2.5:3b-instruct,UNAVAILABLE_NOT_RETURNED,,BLOCKED_NOT_ATTEMPTED,,20260912_blind_v5,8d8f5fcab9e03c6a1dfc90d5a2bfc7a3f92959df7f202b8e9bd65a169f2d9337,46326f00aac0ebb3e0c322de952d534ada6622c86e984d7cbc7e42c614252c60,,False,,HOST_NOT_CONFIGURED,{}
record:b967c0c8612863d6404bdbf225a7d2a2e763aca057c428f5056df64133704684,884757864719368193,ollama,qwen2.5:3b-instruct,UNAVAILABLE_NOT_RETURNED,,BLOCKED_NOT_ATTEMPTED,,20260912_blind_v5,8d8f5fcab9e03c6a1dfc90d5a2bfc7a3f92959df7f202b8e9bd65a169f2d9337,5cbeb68637c890e22d01eaa93960b1f5dc60958d429a798dbae1a0dbe1c3254e,,False,,HOST_NOT_CONFIGURED,{}
record:b97206990d37d71609c023d9baed1da54268a582e7ca6cdc675c057edf53f6cb,1072337269279911937,ollama,qwen2.5:3b-instruct,UNAVAILABLE_NOT_RETURNED,,BLOCKED_NOT_ATTEMPTED,,20260912_blind_v5,8d8f5fcab9e03c6a1dfc90d5a2bfc7a3f92959df7f202b8e9bd65a169f2d9337,c040f77b27c2ac547d2a4f1f60cc353d7a9026a73a1973663882d6047938df9c,,False,,HOST_NOT_CONFIGURED,{}
record:b9a3bf3e1796f28da1f8afdc0f56519801c6e8d27bed255dd64928782af22bc8,904285599367970821,ollama,qwen2.5:3b-instruct,UNAVAILABLE_NOT_RETURNED,,BLOCKED_NOT_ATTEMPTED,,20260912_blind_v5,8d8f5fcab9e03c6a1dfc90d5a2bfc7a3f92959df7f202b8e9bd65a169f2d9337,1e768b1e1be3170b2498310b48e517d248e878c9e724f011e043f2f6c60cc7ff,,False,,HOST_NOT_CONFIGURED,{}
record:b9b633c59ccead08975818e032fadbde3c5ee1037bc1b8dd7db5a7f56a327b98,1022688874496253952,ollama,qwen2.5:3b-instruct,UNAVAILABLE_NOT_RETURNED,,BLOCKED_NOT_ATTEMPTED,,20260912_blind_v5,8d8f5fcab9e03c6a1dfc90d5a2bfc7a3f92959df7f202b8e9bd65a169f2d9337,d55e1aa22642985e8e38dbdf70da731372141d9d11edd12bb81e7ed7500bfe3f,,False,,HOST_NOT_CONFIGURED,{}
record:b9bda8b6e62cb59ea4b5d29e4e1a65a69f0e9a4741b46e4b34ea517cb535e9ae,536139016635449344,ollama,qwen2.5:3b-instruct,UNAVAILABLE_NOT_RETURNED,,BLOCKED_NOT_ATTEMPTED,,20260912_blind_v5,8d8f5fcab9e03c6a1dfc90d5a2bfc7a3f92959df7f202b8e9bd65a169f2d9337,fc98d69a1dd1073da87cb4b6cf799a952d20bb2c51f2e9c69a0cb1d5e12888c6,,False,,HOST_NOT_CONFIGURED,{}
record:ba54fcc110bb27036e4dca2d42c4a0b013258e2b1444912839ac455a63b251df,1052020815477305345,ollama,qwen2.5:3b-instruct,UNAVAILABLE_NOT_RETURNED,,BLOCKED_NOT_ATTEMPTED,,20260912_blind_v5,8d8f5fcab9e03c6a1dfc90d5a2bfc7a3f92959df7f202b8e9bd65a169f2d9337,44bf31d4976c3822ca405ea94a33029de1f65efeeda26d91baa62c7a2bf2bd62,,False,,HOST_NOT_CONFIGURED,{}
record:bb0514b4071ba5d518d855849a60a51fe8fde5a3912dd2fa4502a6a04fcb0743,1087584635440238592,ollama,qwen2.5:3b-instruct,UNAVAILABLE_NOT_RETURNED,,BLOCKED_NOT_ATTEMPTED,,20260912_blind_v5,8d8f5fcab9e03c6a1dfc90d5a2bfc7a3f92959df7f202b8e9bd65a169f2d9337,2b11bd3ab8f479fa0f13398e2dc1086de52cb1cb29af03ed5344aade6a2a995a,,False,,HOST_NOT_CONFIGURED,{}
record:bb5286dfd1c49e719bdc804997016124463464f3d4a4811838d1c0a355ac2be4,593398860325756928,ollama,qwen2.5:3b-instruct,UNAVAILABLE_NOT_RETURNED,,BLOCKED_NOT_ATTEMPTED,,20260912_blind_v5,8d8f5fcab9e03c6a1dfc90d5a2bfc7a3f92959df7f202b8e9bd65a169f2d9337,474dac1e96341d819bac8fd76f75277f85781304632bf6da6d153f57065faab3,,False,,HOST_NOT_CONFIGURED,{}
record:bc24289157ad1f959167f6d26d70c6fefaf13f0171c0b70057fd097c3a1ea36e,1076778532418637825,ollama,qwen2.5:3b-instruct,UNAVAILABLE_NOT_RETURNED,,BLOCKED_NOT_ATTEMPTED,,20260912_blind_v5,8d8f5fcab9e03c6a1dfc90d5a2bfc7a3f92959df7f202b8e9bd65a169f2d9337,f1d5a73dabae57a3e8aab704600ac92c058ac3b9cb40329784e90b0616a82e29,,False,,HOST_NOT_CONFIGURED,{}
record:bc577d7502dc5c26272302897a32b6aa27bf39f610c78f78a05569dc77de8e08,1084059347578044417,ollama,qwen2.5:3b-instruct,UNAVAILABLE_NOT_RETURNED,,BLOCKED_NOT_ATTEMPTED,,20260912_blind_v5,8d8f5fcab9e03c6a1dfc90d5a2bfc7a3f92959df7f202b8e9bd65a169f2d9337,e2a1610e41c829882b114897948e973c292439abed95fc9c39a883a832d0b661,,False,,HOST_NOT_CONFIGURED,{}
record:bd34e472aac96ec0b7939b960f6e7dd15d369ae569967040e0c763860df2b1b6,548427897758048257,ollama,qwen2.5:3b-instruct,UNAVAILABLE_NOT_RETURNED,,BLOCKED_NOT_ATTEMPTED,,20260912_blind_v5,8d8f5fcab9e03c6a1dfc90d5a2bfc7a3f92959df7f202b8e9bd65a169f2d9337,5c2127eef542f3f2187da597ed82959f7051348a952c85af491e073335b231eb,,False,,HOST_NOT_CONFIGURED,{}
record:bd3ca47956a4171b849f1743d2492f70d590582f6f872e47a97b89badad762e4,1091290774178799617,ollama,qwen2.5:3b-instruct,UNAVAILABLE_NOT_RETURNED,,BLOCKED_NOT_ATTEMPTED,,20260912_blind_v5,8d8f5fcab9e03c6a1dfc90d5a2bfc7a3f92959df7f202b8e9bd65a169f2d9337,237e9d20624e32d02b9ebe3e7d240db9cc7dd62ad663f5c3841ddcce2b05b1fb,,False,,HOST_NOT_CONFIGURED,{}
record:bd6f977afca66911ecec38cfa2c20950f8de1b897467e4b3d842216bed0fb920,988999048102264832,ollama,qwen2.5:3b-instruct,UNAVAILABLE_NOT_RETURNED,,BLOCKED_NOT_ATTEMPTED,,20260912_blind_v5,8d8f5fcab9e03c6a1dfc90d5a2bfc7a3f92959df7f202b8e9bd65a169f2d9337,97b81affe6799095e50c46f8c9738ae23b93818fda6e7fe771aee192ba30836c,,False,,HOST_NOT_CONFIGURED,{}
record:bd78ff89fddaf10b2bcaac53057de913d7d9ce80b37a7d97feea792c4532c525,593389778038566912,ollama,qwen2.5:3b-instruct,UNAVAILABLE_NOT_RETURNED,,BLOCKED_NOT_ATTEMPTED,,20260912_blind_v5,8d8f5fcab9e03c6a1dfc90d5a2bfc7a3f92959df7f202b8e9bd65a169f2d9337,65b2b09a9bfef5171148c2795e1e62c057b85d65889a0c9611220d70c53b00a0,,False,,HOST_NOT_CONFIGURED,{}
record:be41ec6eaa6f10f9fe41d46e81d74164b19c8ef12d927c222dc78fbb407b43e2,1091682679462993921,ollama,qwen2.5:3b-instruct,UNAVAILABLE_NOT_RETURNED,,BLOCKED_NOT_ATTEMPTED,,20260912_blind_v5,8d8f5fcab9e03c6a1dfc90d5a2bfc7a3f92959df7f202b8e9bd65a169f2d9337,f82f1adca0c450d86851f3fcfd31d75cc7ecc5d415af6d2c4bb65341e009ccca,,False,,HOST_NOT_CONFIGURED,{}
record:bea651b1c59882c3d573fcc70d80cfe28386735dd4e2e4d24f72211b46c2b691,1068079378104549376,ollama,qwen2.5:3b-instruct,UNAVAILABLE_NOT_RETURNED,,BLOCKED_NOT_ATTEMPTED,,20260912_blind_v5,8d8f5fcab9e03c6a1dfc90d5a2bfc7a3f92959df7f202b8e9bd65a169f2d9337,8a6478be8973b1fc06bbf1fc84251884712667571457a685ba9bcc7b0adf9a11,,False,,HOST_NOT_CONFIGURED,{}
record:bed7272f1790a70c4b8ed829c3ec0cefd25e56438c3dd1657b20c280e40eadeb,1016006640363974656,ollama,qwen2.5:3b-instruct,UNAVAILABLE_NOT_RETURNED,,BLOCKED_NOT_ATTEMPTED,,20260912_blind_v5,8d8f5fcab9e03c6a1dfc90d5a2bfc7a3f92959df7f202b8e9bd65a169f2d9337,9b9bfd477cca6a03ff9fc6c58d8d774caf96285b9c9f84e16e8a144d30cb8e42,,False,,HOST_NOT_CONFIGURED,{}
record:bf103a74a2646fb2b6dc6014c63f3de1715ed6aca43d81185353a33e64b504e6,1104965408908435456,ollama,qwen2.5:3b-instruct,UNAVAILABLE_NOT_RETURNED,,BLOCKED_NOT_ATTEMPTED,,20260912_blind_v5,8d8f5fcab9e03c6a1dfc90d5a2bfc7a3f92959df7f202b8e9bd65a169f2d9337,d49bc84b057308417d8826d1468befeef833cac4979c20456b1538331a037035,,False,,HOST_NOT_CONFIGURED,{}
record:bf3e4bc7554d2b83d15ac254d30be6fb0a9058b354d8d2b012228c503530f046,1091002768754499584,ollama,qwen2.5:3b-instruct,UNAVAILABLE_NOT_RETURNED,,BLOCKED_NOT_ATTEMPTED,,20260912_blind_v5,8d8f5fcab9e03c6a1dfc90d5a2bfc7a3f92959df7f202b8e9bd65a169f2d9337,23fc15ee8e85134923af42591ee13c24eef8b2eade8d52817f096d652aba30f1,,False,,HOST_NOT_CONFIGURED,{}
record:bf7a146c1fe142ab717a11ec08d4403db08f67cd180f9f830a307db0539ccbf4,1121592953430892544,ollama,qwen2.5:3b-instruct,UNAVAILABLE_NOT_RETURNED,,BLOCKED_NOT_ATTEMPTED,,20260912_blind_v5,8d8f5fcab9e03c6a1dfc90d5a2bfc7a3f92959df7f202b8e9bd65a169f2d9337,bb9e745c77239c034b24588ec0cb194dbd87b17589fb113f5e8f85862b18a1cf,,False,,HOST_NOT_CONFIGURED,{}
record:bfb75ee8ce357576f0d913a32ff5e3da25282feadbd835d187fa627774836b40,541866958082560000,ollama,qwen2.5:3b-instruct,UNAVAILABLE_NOT_RETURNED,,BLOCKED_NOT_ATTEMPTED,,20260912_blind_v5,8d8f5fcab9e03c6a1dfc90d5a2bfc7a3f92959df7f202b8e9bd65a169f2d9337,7c05b7a097a81efc0d8adb163085f720bf185040399efd3a9ebc3406107eeab0,,False,,HOST_NOT_CONFIGURED,{}
record:c020e403288c0307feeefabb1f1a973f755f5080e0f82a9aafb263c43d74a2f7,783619316482576384,ollama,qwen2.5:3b-instruct,UNAVAILABLE_NOT_RETURNED,,BLOCKED_NOT_ATTEMPTED,,20260912_blind_v5,8d8f5fcab9e03c6a1dfc90d5a2bfc7a3f92959df7f202b8e9bd65a169f2d9337,843eda012308e06b742f3abc7d4079f75be3090dc154674d57ed1604314e2684,,False,,HOST_NOT_CONFIGURED,{}
record:c0b78ff1709f67016c1b44fff5964f9b5e19e3e8ca9703ea72cd59c1a0f38c4b,961783826954428416,ollama,qwen2.5:3b-instruct,UNAVAILABLE_NOT_RETURNED,,BLOCKED_NOT_ATTEMPTED,,20260912_blind_v5,8d8f5fcab9e03c6a1dfc90d5a2bfc7a3f92959df7f202b8e9bd65a169f2d9337,c872ccd26eb44e22288ba9e4193700353fedd9a8cd953f8797b64fa39b10b89b,,False,,HOST_NOT_CONFIGURED,{}
record:c0de307a094ff211b5a18ce3c3c8af42fc5fef5bd9a0c2d96def87753b37c815,1056087181310205952,ollama,qwen2.5:3b-instruct,UNAVAILABLE_NOT_RETURNED,,BLOCKED_NOT_ATTEMPTED,,20260912_blind_v5,8d8f5fcab9e03c6a1dfc90d5a2bfc7a3f92959df7f202b8e9bd65a169f2d9337,5fc489dc2f13bda758b6c5a44c43bbff8cb174c9b0f181591ccd298c480512e1,,False,,HOST_NOT_CONFIGURED,{}
record:c151b0eec193bb42b67c73442612146fe3724f4e7b0f70970414be964b212bd4,1125049804856291328,ollama,qwen2.5:3b-instruct,UNAVAILABLE_NOT_RETURNED,,BLOCKED_NOT_ATTEMPTED,,20260912_blind_v5,8d8f5fcab9e03c6a1dfc90d5a2bfc7a3f92959df7f202b8e9bd65a169f2d9337,0cd9f02d95ade8323800d90b0442148cabbbfcc38efba9cb7e76c90537ab9e2d,,False,,HOST_NOT_CONFIGURED,{}
record:c15942998e4dd919a27460b2af3b929c882a1796784bd17c6b098423a0e25b5b,784930264300478464,ollama,qwen2.5:3b-instruct,UNAVAILABLE_NOT_RETURNED,,BLOCKED_NOT_ATTEMPTED,,20260912_blind_v5,8d8f5fcab9e03c6a1dfc90d5a2bfc7a3f92959df7f202b8e9bd65a169f2d9337,07357006d3def87d2efc8e5c03ba1a87b7938adee2b8d92ed99ee33dba57dab8,,False,,HOST_NOT_CONFIGURED,{}
record:c1e512dfecc93cd0f2bbac7af44f5bdedadc0eff1e71c99397d5cade1783ce68,801350863101034496,ollama,qwen2.5:3b-instruct,UNAVAILABLE_NOT_RETURNED,,BLOCKED_NOT_ATTEMPTED,,20260912_blind_v5,8d8f5fcab9e03c6a1dfc90d5a2bfc7a3f92959df7f202b8e9bd65a169f2d9337,b2f0334cc819e26873c7fdca1d3e1cdf024dc39681deceb1921b5fa61c212daa,,False,,HOST_NOT_CONFIGURED,{}
record:c2113acb989f96c4740724a1afac1c8c9c83781e902b2bf6836b668dcec2767a,596290966635552768,ollama,qwen2.5:3b-instruct,UNAVAILABLE_NOT_RETURNED,,BLOCKED_NOT_ATTEMPTED,,20260912_blind_v5,8d8f5fcab9e03c6a1dfc90d5a2bfc7a3f92959df7f202b8e9bd65a169f2d9337,6490b79e4c1ab21a90f835af3ce39d0099fc2e15ab5fb4fa2f1768def51f5767,,False,,HOST_NOT_CONFIGURED,{}
record:c2951abdec5b31c2c4dbba085055ff2044bbc7c6055541648a9048d53f853e4d,847633569929351171,ollama,qwen2.5:3b-instruct,UNAVAILABLE_NOT_RETURNED,,BLOCKED_NOT_ATTEMPTED,,20260912_blind_v5,8d8f5fcab9e03c6a1dfc90d5a2bfc7a3f92959df7f202b8e9bd65a169f2d9337,acaf7210ecd24b51ecbba69ee717c7c8555b2cdd2e8729be2b5f4f93bbb9f07b,,False,,HOST_NOT_CONFIGURED,{}
record:c2ab4b51443fb76cd0d12624155430196465ae51b61793f1628100614724fd5d,563683008147095553,ollama,qwen2.5:3b-instruct,UNAVAILABLE_NOT_RETURNED,,BLOCKED_NOT_ATTEMPTED,,20260912_blind_v5,8d8f5fcab9e03c6a1dfc90d5a2bfc7a3f92959df7f202b8e9bd65a169f2d9337,4eccb612f2b4c5275cbd178b0e9772e2d72b95f07e19d8550b4c7d67302a4bad,,False,,HOST_NOT_CONFIGURED,{}
record:c2df31c6473db8c02aaa69aacd1256bd4a3841a2e3e87bfd2c535384790992c8,884760904176357376,ollama,qwen2.5:3b-instruct,UNAVAILABLE_NOT_RETURNED,,BLOCKED_NOT_ATTEMPTED,,20260912_blind_v5,8d8f5fcab9e03c6a1dfc90d5a2bfc7a3f92959df7f202b8e9bd65a169f2d9337,ec95bc6fca0c3f1b3880779380127fcf1a1490446a2856d08b02b095cbebe420,,False,,HOST_NOT_CONFIGURED,{}
record:c375479d29d3f9bbf4337bf82c59f5db450f29c2e63c0b03733e2073a241bcee,1022764537819230213,ollama,qwen2.5:3b-instruct,UNAVAILABLE_NOT_RETURNED,,BLOCKED_NOT_ATTEMPTED,,20260912_blind_v5,8d8f5fcab9e03c6a1dfc90d5a2bfc7a3f92959df7f202b8e9bd65a169f2d9337,e8bcaf8962542e5a1b86d2b32f681b310004accbabfe2ba731cfc1452e1d0e3a,,False,,HOST_NOT_CONFIGURED,{}
record:c3bfdf7f7ecc026ce41d286ed668726c13f199616ac7df37e383e839f4511c76,1101450385078784000,ollama,qwen2.5:3b-instruct,UNAVAILABLE_NOT_RETURNED,,BLOCKED_NOT_ATTEMPTED,,20260912_blind_v5,8d8f5fcab9e03c6a1dfc90d5a2bfc7a3f92959df7f202b8e9bd65a169f2d9337,a1f63a59477575414ce313deba21962f0b57d1b5cb1ee287c8411b7249818961,,False,,HOST_NOT_CONFIGURED,{}
record:c3c7f753b9236cf97ce2fcc9f5da0df16612d01a30cb5967f722f9ecc3ebfe4e,1027897902314582016,ollama,qwen2.5:3b-instruct,UNAVAILABLE_NOT_RETURNED,,BLOCKED_NOT_ATTEMPTED,,20260912_blind_v5,8d8f5fcab9e03c6a1dfc90d5a2bfc7a3f92959df7f202b8e9bd65a169f2d9337,dc78546f24ec3c0b9664c3fcda2551ce617f969c4fb515e9150e636172c65ff2,,False,,HOST_NOT_CONFIGURED,{}
record:c3ca7afdbd3744759399905b80424e890402e6fa3121dc09076ab25178ee41fc,1059424885254934528,ollama,qwen2.5:3b-instruct,UNAVAILABLE_NOT_RETURNED,,BLOCKED_NOT_ATTEMPTED,,20260912_blind_v5,8d8f5fcab9e03c6a1dfc90d5a2bfc7a3f92959df7f202b8e9bd65a169f2d9337,3e74b62b2be5c4fda705f86f88350734844aee1dee03cd457cfb807ea39063bc,,False,,HOST_NOT_CONFIGURED,{}
record:c4cee2ff99ed71962ccda76f4d9be801f0a3dc1172e4b947d716c8ddd40a2835,611143854796996608,ollama,qwen2.5:3b-instruct,UNAVAILABLE_NOT_RETURNED,,BLOCKED_NOT_ATTEMPTED,,20260912_blind_v5,8d8f5fcab9e03c6a1dfc90d5a2bfc7a3f92959df7f202b8e9bd65a169f2d9337,b5e2c90a1402a85258387572bfedbdbd2028b1aec9f77054320597d9c3a6a849,,False,,HOST_NOT_CONFIGURED,{}
record:c53213bef0e1e559a37f0b525afe849d6d6eeda7bfc1a76840942d55395dddf4,1093377527744098304,ollama,qwen2.5:3b-instruct,UNAVAILABLE_NOT_RETURNED,,BLOCKED_NOT_ATTEMPTED,,20260912_blind_v5,8d8f5fcab9e03c6a1dfc90d5a2bfc7a3f92959df7f202b8e9bd65a169f2d9337,a09600f9e5f16026b496e68a5d5c8b180c0f7371ef484ea322a462b94004bc7c,,False,,HOST_NOT_CONFIGURED,{}
record:c5b61c7b0e98b62499ced37320a87a846748dfb3cfe99ac4036381664446bf81,987307197980819460,ollama,qwen2.5:3b-instruct,UNAVAILABLE_NOT_RETURNED,,BLOCKED_NOT_ATTEMPTED,,20260912_blind_v5,8d8f5fcab9e03c6a1dfc90d5a2bfc7a3f92959df7f202b8e9bd65a169f2d9337,ea2bf7c59246f7119b66534eec5f54e125507e4838144d96b93da737d6b2dc3c,,False,,HOST_NOT_CONFIGURED,{}
record:c6034471623b87ed2c054c3f73731aad2b427ee1b7ff6d3361dba6f33325c5ed,1063726816404197376,ollama,qwen2.5:3b-instruct,UNAVAILABLE_NOT_RETURNED,,BLOCKED_NOT_ATTEMPTED,,20260912_blind_v5,8d8f5fcab9e03c6a1dfc90d5a2bfc7a3f92959df7f202b8e9bd65a169f2d9337,52faec856ca62e3e439834a770bb2541582f8094ea4327cc64c591217350079e,,False,,HOST_NOT_CONFIGURED,{}
record:c604da2ac858d72fcacc4a3155603771f117323a9064164faa3224afdbf96d18,811018528966864896,ollama,qwen2.5:3b-instruct,UNAVAILABLE_NOT_RETURNED,,BLOCKED_NOT_ATTEMPTED,,20260912_blind_v5,8d8f5fcab9e03c6a1dfc90d5a2bfc7a3f92959df7f202b8e9bd65a169f2d9337,09f86f5ab24ff562af20ee6a04455d7af62e7aab92e85a185747b56a03ba81b3,,False,,HOST_NOT_CONFIGURED,{}
record:c6261ba82a0f80bb85dffdacbfd41207fcebf227c2709ee1019953e4d5962bb7,781013701008785408,ollama,qwen2.5:3b-instruct,UNAVAILABLE_NOT_RETURNED,,BLOCKED_NOT_ATTEMPTED,,20260912_blind_v5,8d8f5fcab9e03c6a1dfc90d5a2bfc7a3f92959df7f202b8e9bd65a169f2d9337,0267a804d785afce951f072b363b5a2efb46ebb7d5b00af6798f9149070655a4,,False,,HOST_NOT_CONFIGURED,{}
record:c65358a145bc9890a8f471d746b71e455e30a9442286d8406f4e488752265aef,575275020869615616,ollama,qwen2.5:3b-instruct,UNAVAILABLE_NOT_RETURNED,,BLOCKED_NOT_ATTEMPTED,,20260912_blind_v5,8d8f5fcab9e03c6a1dfc90d5a2bfc7a3f92959df7f202b8e9bd65a169f2d9337,2bff39d5652630a3813a42a60cc5b0bad7bd898c648c2c16f8b2fe2c1d2196e3,,False,,HOST_NOT_CONFIGURED,{}
record:c686c2e50a71429c66ac461c5bb8244bf6cc841fdb7634742461e546f3e6ff68,1035900749325062145,ollama,qwen2.5:3b-instruct,UNAVAILABLE_NOT_RETURNED,,BLOCKED_NOT_ATTEMPTED,,20260912_blind_v5,8d8f5fcab9e03c6a1dfc90d5a2bfc7a3f92959df7f202b8e9bd65a169f2d9337,9dc66326403c089216835c7cfd2c571bbcd94187c49b436e03fbdd868b2a539b,,False,,HOST_NOT_CONFIGURED,{}
record:c6a74e6b30194045641789b7a2ae862447f62866c7f86899f8868596238cb0f8,619802103666606080,ollama,qwen2.5:3b-instruct,UNAVAILABLE_NOT_RETURNED,,BLOCKED_NOT_ATTEMPTED,,20260912_blind_v5,8d8f5fcab9e03c6a1dfc90d5a2bfc7a3f92959df7f202b8e9bd65a169f2d9337,f17beca75ada6b42dc58da6b6644c8b09c51fea233b7647609bfea58037da174,,False,,HOST_NOT_CONFIGURED,{}
record:c6f3ed3bee07d29f4d9897c07d5879edf9aad6d416ded29b00e4bc75b9a48bbe,784622897398681604,ollama,qwen2.5:3b-instruct,UNAVAILABLE_NOT_RETURNED,,BLOCKED_NOT_ATTEMPTED,,20260912_blind_v5,8d8f5fcab9e03c6a1dfc90d5a2bfc7a3f92959df7f202b8e9bd65a169f2d9337,4e949456facb3890ede2fd72dbfb9b3b8a3098034113b1bd8f9f04a5502149f2,,False,,HOST_NOT_CONFIGURED,{}
record:c73238bfd867137b67c9b804bd63c30121345d2e50552433d739aac1f1cea01e,1030075372484710401,ollama,qwen2.5:3b-instruct,UNAVAILABLE_NOT_RETURNED,,BLOCKED_NOT_ATTEMPTED,,20260912_blind_v5,8d8f5fcab9e03c6a1dfc90d5a2bfc7a3f92959df7f202b8e9bd65a169f2d9337,df016e953ce0b86c1d9d1980ea6f64841b17293fc3cdc16c09e5c50d72588ac2,,False,,HOST_NOT_CONFIGURED,{}
record:c73e6edcb75e56b4a2e15e490a02fc4ca5b6793365cee69197ba52921bb346a6,1100641394253799424,ollama,qwen2.5:3b-instruct,UNAVAILABLE_NOT_RETURNED,,BLOCKED_NOT_ATTEMPTED,,20260912_blind_v5,8d8f5fcab9e03c6a1dfc90d5a2bfc7a3f92959df7f202b8e9bd65a169f2d9337,843139048bc9647dfa331f84030ddeed82d2ac713fe066931cccc9bcb0c03f3f,,False,,HOST_NOT_CONFIGURED,{}
record:c7764267b7c48f87fed93a8a63144b73f95459b06492185abbbcb980e9778077,925284469661089792,ollama,qwen2.5:3b-instruct,UNAVAILABLE_NOT_RETURNED,,BLOCKED_NOT_ATTEMPTED,,20260912_blind_v5,8d8f5fcab9e03c6a1dfc90d5a2bfc7a3f92959df7f202b8e9bd65a169f2d9337,fd9eacb793e6946b0f84bd41c8a2d2a9c79826034307304bf0e6e36f586ce194,,False,,HOST_NOT_CONFIGURED,{}
record:c7f5d670a422d53f96e713f7d6f7f0642dd2dcf9dc4981369deda4b1fc7727fe,927902309304037376,ollama,qwen2.5:3b-instruct,UNAVAILABLE_NOT_RETURNED,,BLOCKED_NOT_ATTEMPTED,,20260912_blind_v5,8d8f5fcab9e03c6a1dfc90d5a2bfc7a3f92959df7f202b8e9bd65a169f2d9337,0d03bc2f8603ce632dd0a0f60782e8f7844ba456e5d7b44dd2e1d67352d821cf,,False,,HOST_NOT_CONFIGURED,{}
record:c80ba2c9685c0ecb8d59ee841ae4ef516e3d93b73d62d22fa29a54142ac538bb,630210256627474432,ollama,qwen2.5:3b-instruct,UNAVAILABLE_NOT_RETURNED,,BLOCKED_NOT_ATTEMPTED,,20260912_blind_v5,8d8f5fcab9e03c6a1dfc90d5a2bfc7a3f92959df7f202b8e9bd65a169f2d9337,9b12a20adeaf74a8c1b8d8d9aa52aacbdb2750914140f460f8b63a47688ff590,,False,,HOST_NOT_CONFIGURED,{}
record:c83b0d30128e25dea66cb1fa62046b78c1b18001e286cbd4890fcb4792ee8935,1077593922459717634,ollama,qwen2.5:3b-instruct,UNAVAILABLE_NOT_RETURNED,,BLOCKED_NOT_ATTEMPTED,,20260912_blind_v5,8d8f5fcab9e03c6a1dfc90d5a2bfc7a3f92959df7f202b8e9bd65a169f2d9337,be2615082524137fb8d8b989c83636866d56d60b9011f0a39481e974f37db4e0,,False,,HOST_NOT_CONFIGURED,{}
record:c858d492f582e2e504e4acac6796cfcf4859a91c335bb79221f9d877267c03a7,933937452150005760,ollama,qwen2.5:3b-instruct,UNAVAILABLE_NOT_RETURNED,,BLOCKED_NOT_ATTEMPTED,,20260912_blind_v5,8d8f5fcab9e03c6a1dfc90d5a2bfc7a3f92959df7f202b8e9bd65a169f2d9337,2fecebd943c316bdd76570f603b03fc457b37b3c1a6e0c3bdb0f986e1b7aa5c6,,False,,HOST_NOT_CONFIGURED,{}
record:c8893d10c5dc06703ab7414becf44193aa7307d7635bde79dbe126a676302590,1071045731237224448,ollama,qwen2.5:3b-instruct,UNAVAILABLE_NOT_RETURNED,,BLOCKED_NOT_ATTEMPTED,,20260912_blind_v5,8d8f5fcab9e03c6a1dfc90d5a2bfc7a3f92959df7f202b8e9bd65a169f2d9337,0daed788612c60939741518d70678f892efff1d312b4a03c73f25a604cbb6272,,False,,HOST_NOT_CONFIGURED,{}
record:c88b625a1a4eac7c89ddd4fd8f4858bed4c5b25984ecb9e7aba8103f2a14fde4,1125432195701587968,ollama,qwen2.5:3b-instruct,UNAVAILABLE_NOT_RETURNED,,BLOCKED_NOT_ATTEMPTED,,20260912_blind_v5,8d8f5fcab9e03c6a1dfc90d5a2bfc7a3f92959df7f202b8e9bd65a169f2d9337,23356cc252040da80d5b7e6db8bb0d3e5da44528b739937ec63f306a601aba1d,,False,,HOST_NOT_CONFIGURED,{}
record:c8db9402fe900a0342475653ee16cd3b411c112b752fb8b8a41a01924ef9af78,937541395723698176,ollama,qwen2.5:3b-instruct,UNAVAILABLE_NOT_RETURNED,,BLOCKED_NOT_ATTEMPTED,,20260912_blind_v5,8d8f5fcab9e03c6a1dfc90d5a2bfc7a3f92959df7f202b8e9bd65a169f2d9337,9a4520757b8c860b402c81802fcc327e4fe6479ddd1d8540b448031feb09f9af,,False,,HOST_NOT_CONFIGURED,{}
record:c8ee78610c0de7d71cdf22e75653245f39b7c6096a2ef0c1133831fc47ed0e94,1022677166297894912,ollama,qwen2.5:3b-instruct,UNAVAILABLE_NOT_RETURNED,,BLOCKED_NOT_ATTEMPTED,,20260912_blind_v5,8d8f5fcab9e03c6a1dfc90d5a2bfc7a3f92959df7f202b8e9bd65a169f2d9337,458ac1ba75a5d5328982c8b67f0cc08579345d188ada4e6499eaeb7aa623ea6f,,False,,HOST_NOT_CONFIGURED,{}
record:c951096899d28e84a8d7375080528c8f69d60d500909292a7007b159b9ca60de,812963367816003584,ollama,qwen2.5:3b-instruct,UNAVAILABLE_NOT_RETURNED,,BLOCKED_NOT_ATTEMPTED,,20260912_blind_v5,8d8f5fcab9e03c6a1dfc90d5a2bfc7a3f92959df7f202b8e9bd65a169f2d9337,9ce149386d70a8bfdf61d013a01ed4c7e09a7bb5fc71e3f9d89e258df0227321,,False,,HOST_NOT_CONFIGURED,{}
record:c960d87b375fcea8b1349b4b8783ebdc7411c617aa05c9bda39b6f51c4719767,1017732188563857408,ollama,qwen2.5:3b-instruct,UNAVAILABLE_NOT_RETURNED,,BLOCKED_NOT_ATTEMPTED,,20260912_blind_v5,8d8f5fcab9e03c6a1dfc90d5a2bfc7a3f92959df7f202b8e9bd65a169f2d9337,2a5bb4c88111dd95cf6a0c0e3271d53963ba328174f44c6c5612d5955a2cee7c,,False,,HOST_NOT_CONFIGURED,{}
record:c998603172cfae845a46cdc2bd33ee4bb08189b75455bdb95c0530fd56f89caf,933203208347910145,ollama,qwen2.5:3b-instruct,UNAVAILABLE_NOT_RETURNED,,BLOCKED_NOT_ATTEMPTED,,20260912_blind_v5,8d8f5fcab9e03c6a1dfc90d5a2bfc7a3f92959df7f202b8e9bd65a169f2d9337,04e1a874d53745fffbb200daf17f2869358208b08a82043f3c879e323c411d68,,False,,HOST_NOT_CONFIGURED,{}
record:ca2dfb9e18c92c66ee03e7a265ac9eec114648d05f021adb6cd734675a2988a0,995877922811473920,ollama,qwen2.5:3b-instruct,UNAVAILABLE_NOT_RETURNED,,BLOCKED_NOT_ATTEMPTED,,20260912_blind_v5,8d8f5fcab9e03c6a1dfc90d5a2bfc7a3f92959df7f202b8e9bd65a169f2d9337,26abc6e866dd978de2f7e31653f3d33ee9e3546ba949c8d391a770c89e247f9a,,False,,HOST_NOT_CONFIGURED,{}
record:ca780abe8e0d62010c4be32a61cb4a21cc4f1f1503efe15a46b60c903688ff22,592025116118261760,ollama,qwen2.5:3b-instruct,UNAVAILABLE_NOT_RETURNED,,BLOCKED_NOT_ATTEMPTED,,20260912_blind_v5,8d8f5fcab9e03c6a1dfc90d5a2bfc7a3f92959df7f202b8e9bd65a169f2d9337,166db6660428ae05752c730213931487cde6fcc7805683a904add93301e7be0f,,False,,HOST_NOT_CONFIGURED,{}
record:ca786c44a1f93bf8b44447fb4b25f9c4101effc4cee234cd327432139b0a66d6,877748754543132672,ollama,qwen2.5:3b-instruct,UNAVAILABLE_NOT_RETURNED,,BLOCKED_NOT_ATTEMPTED,,20260912_blind_v5,8d8f5fcab9e03c6a1dfc90d5a2bfc7a3f92959df7f202b8e9bd65a169f2d9337,21a4b379c3a291d2bc8ec9a6d15907c402bf084fa79feaf01ae2e924ae157a73,,False,,HOST_NOT_CONFIGURED,{}
record:ca7c98b3d59bda429b879668104bcfab734a758a513fae2267de211b9d60fe5b,552463362177908737,ollama,qwen2.5:3b-instruct,UNAVAILABLE_NOT_RETURNED,,BLOCKED_NOT_ATTEMPTED,,20260912_blind_v5,8d8f5fcab9e03c6a1dfc90d5a2bfc7a3f92959df7f202b8e9bd65a169f2d9337,601df64f47a8a1e56b9e781e6e0c2cfc68de60ea70656ee4f81987cb645c2fd8,,False,,HOST_NOT_CONFIGURED,{}
record:cab405732d30dea2df288f8464cddfb5d13572ea2ee8a75c42f1d620c71ca7ee,620639107383959553,ollama,qwen2.5:3b-instruct,UNAVAILABLE_NOT_RETURNED,,BLOCKED_NOT_ATTEMPTED,,20260912_blind_v5,8d8f5fcab9e03c6a1dfc90d5a2bfc7a3f92959df7f202b8e9bd65a169f2d9337,0d20e8a38cfb1a9d1949b36b781f8993011ad9b57cff75bb59186337f483d6b7,,False,,HOST_NOT_CONFIGURED,{}
record:cac9a17c6c4dfaee417f011f478d2cbc15cb68311c1f9e48a8e2fdea29669bd9,922096698956099588,ollama,qwen2.5:3b-instruct,UNAVAILABLE_NOT_RETURNED,,BLOCKED_NOT_ATTEMPTED,,20260912_blind_v5,8d8f5fcab9e03c6a1dfc90d5a2bfc7a3f92959df7f202b8e9bd65a169f2d9337,1f19acacbdb6f7a82ab138b865f49da315d465ecd6e0c34a3f6d27bb403252d7,,False,,HOST_NOT_CONFIGURED,{}
record:ccb118b0cf2957451d0362e91b8e62982c781b89b05e0483afd56eed4ff35b98,1034290659107188736,ollama,qwen2.5:3b-instruct,UNAVAILABLE_NOT_RETURNED,,BLOCKED_NOT_ATTEMPTED,,20260912_blind_v5,8d8f5fcab9e03c6a1dfc90d5a2bfc7a3f92959df7f202b8e9bd65a169f2d9337,47b094b208b81c50d4e083bd93bd5072037e3394add1c8c026e6a66398e085a3,,False,,HOST_NOT_CONFIGURED,{}
record:cdc29d352556378233c348df70d16b34e722aeb59423217929c5e175226bb41b,865389997792178177,ollama,qwen2.5:3b-instruct,UNAVAILABLE_NOT_RETURNED,,BLOCKED_NOT_ATTEMPTED,,20260912_blind_v5,8d8f5fcab9e03c6a1dfc90d5a2bfc7a3f92959df7f202b8e9bd65a169f2d9337,ef196f2874080923f2273ea53e01cc73881580441d8b7cc3514997b44db0f6fd,,False,,HOST_NOT_CONFIGURED,{}
record:cdd80870981c64d1a4cdabb895051d6e65b6283f505ab2c90f4f3797b493ea53,879170214511886336,ollama,qwen2.5:3b-instruct,UNAVAILABLE_NOT_RETURNED,,BLOCKED_NOT_ATTEMPTED,,20260912_blind_v5,8d8f5fcab9e03c6a1dfc90d5a2bfc7a3f92959df7f202b8e9bd65a169f2d9337,3abb1d594dc441569bef2f317237aad68ea4a6e6cb5a3b1ac66eb93c62b48061,,False,,HOST_NOT_CONFIGURED,{}
record:ce2f2a79dc6a01e3b5b186b388b6c1a5d41629a11c0f185ec50124235fc30248,786066581461798913,ollama,qwen2.5:3b-instruct,UNAVAILABLE_NOT_RETURNED,,BLOCKED_NOT_ATTEMPTED,,20260912_blind_v5,8d8f5fcab9e03c6a1dfc90d5a2bfc7a3f92959df7f202b8e9bd65a169f2d9337,41d482383cabceb9f9b0065f025ff4497869e62372b65dc3102e3917ed96694f,,False,,HOST_NOT_CONFIGURED,{}
record:ce4e82f8a72f7b717c9451314f9250e975b7b2c6f7f4b70198ef023b55499722,1022496717621477377,ollama,qwen2.5:3b-instruct,UNAVAILABLE_NOT_RETURNED,,BLOCKED_NOT_ATTEMPTED,,20260912_blind_v5,8d8f5fcab9e03c6a1dfc90d5a2bfc7a3f92959df7f202b8e9bd65a169f2d9337,b55b60b5c14e5b72827c570d02de953fdd22c663edd14764db72aa3bfbbf994a,,False,,HOST_NOT_CONFIGURED,{}
record:cea60aa5bb348bec3975f3cb92d36e9650804d7eef062d2f0a96e35ee890d840,1023780376416804864,ollama,qwen2.5:3b-instruct,UNAVAILABLE_NOT_RETURNED,,BLOCKED_NOT_ATTEMPTED,,20260912_blind_v5,8d8f5fcab9e03c6a1dfc90d5a2bfc7a3f92959df7f202b8e9bd65a169f2d9337,d8974ce9bd09e8aa9ce438f043d811eb91b97a7ca7c53a76b9e99357163dbd4f,,False,,HOST_NOT_CONFIGURED,{}
record:cead9bd350e9e1ae5eb67b0970f45fc5a01783cd9ad8b7ae5ac9528715002cf8,805409022987751424,ollama,qwen2.5:3b-instruct,UNAVAILABLE_NOT_RETURNED,,BLOCKED_NOT_ATTEMPTED,,20260912_blind_v5,8d8f5fcab9e03c6a1dfc90d5a2bfc7a3f92959df7f202b8e9bd65a169f2d9337,d87043eca507e05f45ccadae194a8f68cb8933fb94774e7570873fa190d58dc8,,False,,HOST_NOT_CONFIGURED,{}
record:ced5889e5dcefe8db0c4d40632a9e8116a6d63c394085f05cf87fcc0d57b3e26,906814248684208129,ollama,qwen2.5:3b-instruct,UNAVAILABLE_NOT_RETURNED,,BLOCKED_NOT_ATTEMPTED,,20260912_blind_v5,8d8f5fcab9e03c6a1dfc90d5a2bfc7a3f92959df7f202b8e9bd65a169f2d9337,895ac253262c328508ac76b51b45f2e92bf9332910d20fd6b5e64be15a248b18,,False,,HOST_NOT_CONFIGURED,{}
record:cedeae9eb3f7b60670ccea56e9fd24421386febd5d069547bcaa8ca1f3ece486,1031116805543055361,ollama,qwen2.5:3b-instruct,UNAVAILABLE_NOT_RETURNED,,BLOCKED_NOT_ATTEMPTED,,20260912_blind_v5,8d8f5fcab9e03c6a1dfc90d5a2bfc7a3f92959df7f202b8e9bd65a169f2d9337,2a839bf4ed295146cbc0551ecf66cf66cb65339faa3d60521cd1691c0d1d4b39,,False,,HOST_NOT_CONFIGURED,{}
record:ceea167d29566fa8b8d9bf6c13e0044461a53df23e6acec7a3822a82f3346a1f,918318448089841665,ollama,qwen2.5:3b-instruct,UNAVAILABLE_NOT_RETURNED,,BLOCKED_NOT_ATTEMPTED,,20260912_blind_v5,8d8f5fcab9e03c6a1dfc90d5a2bfc7a3f92959df7f202b8e9bd65a169f2d9337,c14aaf5868fb108ce694c764e96c0c913712dc0f291bbe19be74c6d3d4bca56a,,False,,HOST_NOT_CONFIGURED,{}
record:ceedeafc06cb4406189cedefdae36f02bfd0e5880fb010ef3379d561c87d9a69,590928734133297152,ollama,qwen2.5:3b-instruct,UNAVAILABLE_NOT_RETURNED,,BLOCKED_NOT_ATTEMPTED,,20260912_blind_v5,8d8f5fcab9e03c6a1dfc90d5a2bfc7a3f92959df7f202b8e9bd65a169f2d9337,e77151817222e0764b711241f0387e534fea2cc4be098cfc3abc9813206d91f8,,False,,HOST_NOT_CONFIGURED,{}
record:cf877244b3a680a0679f628e548bfbbc1929ae937768116991c52973030fec92,849073335761817600,ollama,qwen2.5:3b-instruct,UNAVAILABLE_NOT_RETURNED,,BLOCKED_NOT_ATTEMPTED,,20260912_blind_v5,8d8f5fcab9e03c6a1dfc90d5a2bfc7a3f92959df7f202b8e9bd65a169f2d9337,4a520b6f67b55a4ebdda360fa854201d3412ed1a4fe9ab8ff8987b84c91551b8,,False,,HOST_NOT_CONFIGURED,{}
record:d005a82ecb6ad48c2ad333b9fabd628878be1088f4a368d9d5f8749f8e19b6e5,1017732619402907649,ollama,qwen2.5:3b-instruct,UNAVAILABLE_NOT_RETURNED,,BLOCKED_NOT_ATTEMPTED,,20260912_blind_v5,8d8f5fcab9e03c6a1dfc90d5a2bfc7a3f92959df7f202b8e9bd65a169f2d9337,d48e766cb60007425ba99caab519d06e5e3cbb9711f1feb2926ddf9e246e4ccc,,False,,HOST_NOT_CONFIGURED,{}
record:d00658935124b45812566126073d741b7a5957785fabc783fb104ce2f339db13,875900696201019394,ollama,qwen2.5:3b-instruct,UNAVAILABLE_NOT_RETURNED,,BLOCKED_NOT_ATTEMPTED,,20260912_blind_v5,8d8f5fcab9e03c6a1dfc90d5a2bfc7a3f92959df7f202b8e9bd65a169f2d9337,827c297a528f39336d996f177540015a3fbfaf1bd0c63b583e266d58d48b9185,,False,,HOST_NOT_CONFIGURED,{}
record:d0a36e0607e59f357d5e0b3a339770d6eb743149b7a8751a0245b6105d09ff9e,1044187027279761408,ollama,qwen2.5:3b-instruct,UNAVAILABLE_NOT_RETURNED,,BLOCKED_NOT_ATTEMPTED,,20260912_blind_v5,8d8f5fcab9e03c6a1dfc90d5a2bfc7a3f92959df7f202b8e9bd65a169f2d9337,055ae1adc55b0f69d5c1eeec39ac72016f86539d2b9d0b611e7b384eefb20164,,False,,HOST_NOT_CONFIGURED,{}
record:d0f9e0c9c0b2e00d4dfbe6a395bb9e7286bc166950e17a249b8e82dabaf5e5c5,1089416425804976128,ollama,qwen2.5:3b-instruct,UNAVAILABLE_NOT_RETURNED,,BLOCKED_NOT_ATTEMPTED,,20260912_blind_v5,8d8f5fcab9e03c6a1dfc90d5a2bfc7a3f92959df7f202b8e9bd65a169f2d9337,dfd5d6ae4c4879b9d7b043a7f9625b31a283d2ed0cfee85f6aabeff39779459f,,False,,HOST_NOT_CONFIGURED,{}
record:d11db7c016062073c8080e3dcb335db9c166551a0979b0ec840e34889e55923e,582780438046982145,ollama,qwen2.5:3b-instruct,UNAVAILABLE_NOT_RETURNED,,BLOCKED_NOT_ATTEMPTED,,20260912_blind_v5,8d8f5fcab9e03c6a1dfc90d5a2bfc7a3f92959df7f202b8e9bd65a169f2d9337,cde7aafcaa1a161dfd937df620865988bfba46851f6586a51a04902bc55b136d,,False,,HOST_NOT_CONFIGURED,{}
record:d1bbbee00fbb9b3a8a5a8d588d0e0ed7b58622c7645562d3080339b623294618,1089461350424702976,ollama,qwen2.5:3b-instruct,UNAVAILABLE_NOT_RETURNED,,BLOCKED_NOT_ATTEMPTED,,20260912_blind_v5,8d8f5fcab9e03c6a1dfc90d5a2bfc7a3f92959df7f202b8e9bd65a169f2d9337,d5d220647d6188e4a4ca8a71c55bb01c64e39a2357f5f51b993962c05c551bba,,False,,HOST_NOT_CONFIGURED,{}
record:d2341ca2c0d1cfd83aa037a2fd41f11166fbccd9e8ef0cb54feae34809618d15,1069458405004197888,ollama,qwen2.5:3b-instruct,UNAVAILABLE_NOT_RETURNED,,BLOCKED_NOT_ATTEMPTED,,20260912_blind_v5,8d8f5fcab9e03c6a1dfc90d5a2bfc7a3f92959df7f202b8e9bd65a169f2d9337,fb934677510259a90fdd8f52d380b0682562c3f5f6efe5966b50ad56296947bf,,False,,HOST_NOT_CONFIGURED,{}
record:d268a9e9000a2317fca9c40beb7ec878df92111cee8294a4a51233e0c4059507,917632302854709248,ollama,qwen2.5:3b-instruct,UNAVAILABLE_NOT_RETURNED,,BLOCKED_NOT_ATTEMPTED,,20260912_blind_v5,8d8f5fcab9e03c6a1dfc90d5a2bfc7a3f92959df7f202b8e9bd65a169f2d9337,ccbbac1e063baf18f7916bc1ef1b8b7e12f8f84dbf712a969532dc19a41ce9da,,False,,HOST_NOT_CONFIGURED,{}
record:d3251440f669454e71d6d4674a1c7982019feed91e924d49ad898fc04dc53f57,1068506038016471041,ollama,qwen2.5:3b-instruct,UNAVAILABLE_NOT_RETURNED,,BLOCKED_NOT_ATTEMPTED,,20260912_blind_v5,8d8f5fcab9e03c6a1dfc90d5a2bfc7a3f92959df7f202b8e9bd65a169f2d9337,a5afe809fc4cf65a9eb0294aa6c3c1b910ecf49617b0851d959c27acc622e033,,False,,HOST_NOT_CONFIGURED,{}
record:d35b9fd32edb0e1cb1be42217194a4df3d8132699865d0ae174fa97eeaa2250e,850181907492950017,ollama,qwen2.5:3b-instruct,UNAVAILABLE_NOT_RETURNED,,BLOCKED_NOT_ATTEMPTED,,20260912_blind_v5,8d8f5fcab9e03c6a1dfc90d5a2bfc7a3f92959df7f202b8e9bd65a169f2d9337,8ece1bfade19025ab1e2a5c8e1a20618f9ea5eb06edb7eeb15b8de5adb9200b6,,False,,HOST_NOT_CONFIGURED,{}
record:d36f8d5489626f2edf0e21589a1f83aae990f491206ca5b310095c8e19c14f38,931195745733980160,ollama,qwen2.5:3b-instruct,UNAVAILABLE_NOT_RETURNED,,BLOCKED_NOT_ATTEMPTED,,20260912_blind_v5,8d8f5fcab9e03c6a1dfc90d5a2bfc7a3f92959df7f202b8e9bd65a169f2d9337,1c4648b8122a6cb476f0a1a355c188af082cb91a998cba88fe972cc0ab1fbce7,,False,,HOST_NOT_CONFIGURED,{}
record:d44ad95da012828a351d188e95061e458f32938ad94fc49a867c3410a4e8df04,1096606228011204608,ollama,qwen2.5:3b-instruct,UNAVAILABLE_NOT_RETURNED,,BLOCKED_NOT_ATTEMPTED,,20260912_blind_v5,8d8f5fcab9e03c6a1dfc90d5a2bfc7a3f92959df7f202b8e9bd65a169f2d9337,7deaea4741b351b7b6a64a4405c9e22e2cd972e74fe16d72292ec14a8d01c98e,,False,,HOST_NOT_CONFIGURED,{}
record:d4aae78733e25968867a400ed9fc4976e26c9454bea851dd74fa2083df6aecc7,907803214048747521,ollama,qwen2.5:3b-instruct,UNAVAILABLE_NOT_RETURNED,,BLOCKED_NOT_ATTEMPTED,,20260912_blind_v5,8d8f5fcab9e03c6a1dfc90d5a2bfc7a3f92959df7f202b8e9bd65a169f2d9337,9fa3cab598eb806e68367c8b0c97b0046962e7e329d09c3b01de71ad14a60579,,False,,HOST_NOT_CONFIGURED,{}
record:d4ab965ec297dbcc506ce229549eca89599f16c34d675409a2394d89dc44fc67,1087577464639877121,ollama,qwen2.5:3b-instruct,UNAVAILABLE_NOT_RETURNED,,BLOCKED_NOT_ATTEMPTED,,20260912_blind_v5,8d8f5fcab9e03c6a1dfc90d5a2bfc7a3f92959df7f202b8e9bd65a169f2d9337,ad2cb9fdeaebbf9c19b2482c2c7e75a4c169c6bbc19d2becc5be8f3ab9dd17e8,,False,,HOST_NOT_CONFIGURED,{}
record:d59c252656ce41313fea3d07418a22f65a0cc3a3ac85847d75f80f92ed147311,780655515328188416,ollama,qwen2.5:3b-instruct,UNAVAILABLE_NOT_RETURNED,,BLOCKED_NOT_ATTEMPTED,,20260912_blind_v5,8d8f5fcab9e03c6a1dfc90d5a2bfc7a3f92959df7f202b8e9bd65a169f2d9337,b784522aff18c6e139d0c06bc36b34f3a3de746a9ed8adb961a998600b0f301b,,False,,HOST_NOT_CONFIGURED,{}
record:d642dde34793d2c6396f07eb8f202b37c5b22052c142756a8db3913cfdaa15e8,544738659027537920,ollama,qwen2.5:3b-instruct,UNAVAILABLE_NOT_RETURNED,,BLOCKED_NOT_ATTEMPTED,,20260912_blind_v5,8d8f5fcab9e03c6a1dfc90d5a2bfc7a3f92959df7f202b8e9bd65a169f2d9337,e354fad47c7c76f1708ee6db9dcdf2c6677f5ea5097df6a8ae2e81d787cae1f6,,False,,HOST_NOT_CONFIGURED,{}
record:d6c991350b25a5eef3d31c6bfc26a7c83190976a42eb0bb6b60f3c4f22db6658,1036507271302340609,ollama,qwen2.5:3b-instruct,UNAVAILABLE_NOT_RETURNED,,BLOCKED_NOT_ATTEMPTED,,20260912_blind_v5,8d8f5fcab9e03c6a1dfc90d5a2bfc7a3f92959df7f202b8e9bd65a169f2d9337,ac8bbb3edefde3f21fc62bf4aad8b0460783acc07d2d23fe2a602b054023ba51,,False,,HOST_NOT_CONFIGURED,{}
record:d6d6a30d060bb30fc0b756f510eb5c1b9057c3f62a278e787c91d24ab7f90803,1039426099724214272,ollama,qwen2.5:3b-instruct,UNAVAILABLE_NOT_RETURNED,,BLOCKED_NOT_ATTEMPTED,,20260912_blind_v5,8d8f5fcab9e03c6a1dfc90d5a2bfc7a3f92959df7f202b8e9bd65a169f2d9337,c127a83b53c4e1264d6e9a5e875e56c00de9bba6bde17c34e1a1743338ac716b,,False,,HOST_NOT_CONFIGURED,{}
record:d6e20b0fbf3938142eccfa2880d7833fd6a334a6ea7214b118949321c587b929,619803104549163008,ollama,qwen2.5:3b-instruct,UNAVAILABLE_NOT_RETURNED,,BLOCKED_NOT_ATTEMPTED,,20260912_blind_v5,8d8f5fcab9e03c6a1dfc90d5a2bfc7a3f92959df7f202b8e9bd65a169f2d9337,f6777d0c27446b1cbf8137f2778a24981e897f28f47fcf8a14020becf1886ff2,,False,,HOST_NOT_CONFIGURED,{}
record:d7670c2c5e03cb5c4e8b6a862972570f3a709b8fa8c1c8c97b4ab39f82c7ff5f,1034290389530726401,ollama,qwen2.5:3b-instruct,UNAVAILABLE_NOT_RETURNED,,BLOCKED_NOT_ATTEMPTED,,20260912_blind_v5,8d8f5fcab9e03c6a1dfc90d5a2bfc7a3f92959df7f202b8e9bd65a169f2d9337,ca7cfa7e8aad02d159aff314f766cfdf355db17788e4d009f5d4a8e6ef22a911,,False,,HOST_NOT_CONFIGURED,{}
record:d77532c43273580a09bc9094c0f30660fa5dcbce90fb7e836155de1e817a465c,853947915655458816,ollama,qwen2.5:3b-instruct,UNAVAILABLE_NOT_RETURNED,,BLOCKED_NOT_ATTEMPTED,,20260912_blind_v5,8d8f5fcab9e03c6a1dfc90d5a2bfc7a3f92959df7f202b8e9bd65a169f2d9337,2e463e333f1337120d9a40de898c3e8f3e50d67debd2313105d1fbf8ad0583cb,,False,,HOST_NOT_CONFIGURED,{}
record:d7ae97307e0483f815452054f4cbd2b7b0815986259355be04e93ded583faf5f,580353935526899712,ollama,qwen2.5:3b-instruct,UNAVAILABLE_NOT_RETURNED,,BLOCKED_NOT_ATTEMPTED,,20260912_blind_v5,8d8f5fcab9e03c6a1dfc90d5a2bfc7a3f92959df7f202b8e9bd65a169f2d9337,109b221e4fbe63afbbf7445ca4253620b378ab87b378df468b8b5ee0d5c357f4,,False,,HOST_NOT_CONFIGURED,{}
record:d7e71b1df0386620fd9c81ec4144399677925f48debbbf13ce3c466bb4e93faf,613932865206792192,ollama,qwen2.5:3b-instruct,UNAVAILABLE_NOT_RETURNED,,BLOCKED_NOT_ATTEMPTED,,20260912_blind_v5,8d8f5fcab9e03c6a1dfc90d5a2bfc7a3f92959df7f202b8e9bd65a169f2d9337,6436c137a9fce37f517e0d3ed3359bf4b5ecdf9b52289a8cf2317aa3789627bb,,False,,HOST_NOT_CONFIGURED,{}
record:d7ea177930b2fde0578b515fb5498c1feda61f56e7c914879d342c41924dd8d7,1095022552915730432,ollama,qwen2.5:3b-instruct,UNAVAILABLE_NOT_RETURNED,,BLOCKED_NOT_ATTEMPTED,,20260912_blind_v5,8d8f5fcab9e03c6a1dfc90d5a2bfc7a3f92959df7f202b8e9bd65a169f2d9337,d57e42e0a7a3dd343f46f97d5ab25d0e1e3321ca343552e6627172c0bb1f4198,,False,,HOST_NOT_CONFIGURED,{}
record:d8014cb186be38d9a731299384065fb168cc680d77538f685f5cfdcd750ce157,1069567571270164480,ollama,qwen2.5:3b-instruct,UNAVAILABLE_NOT_RETURNED,,BLOCKED_NOT_ATTEMPTED,,20260912_blind_v5,8d8f5fcab9e03c6a1dfc90d5a2bfc7a3f92959df7f202b8e9bd65a169f2d9337,29325e8aa324e0e973bc63386bd0ea512ed07f174ceca37a644a75983cd5be86,,False,,HOST_NOT_CONFIGURED,{}
record:d82acdbb1ef4de57904987636c49b02e448f2ee014d5e03a1d1d0bdf472f9cc9,1059273611884654592,ollama,qwen2.5:3b-instruct,UNAVAILABLE_NOT_RETURNED,,BLOCKED_NOT_ATTEMPTED,,20260912_blind_v5,8d8f5fcab9e03c6a1dfc90d5a2bfc7a3f92959df7f202b8e9bd65a169f2d9337,d457d4b80831cacdc2075668013655ee2a7dd93b4af91f61412829da45d59e94,,False,,HOST_NOT_CONFIGURED,{}
record:d846a757c5ebc7a7f41ab62b221fba91c6d7903f633aa9f12633f463e252cdb7,863974410314579973,ollama,qwen2.5:3b-instruct,UNAVAILABLE_NOT_RETURNED,,BLOCKED_NOT_ATTEMPTED,,20260912_blind_v5,8d8f5fcab9e03c6a1dfc90d5a2bfc7a3f92959df7f202b8e9bd65a169f2d9337,00e89571cc2412e530019bf8a04e8124c5829514ffc6eac68ed79b7cae88c0a1,,False,,HOST_NOT_CONFIGURED,{}
record:d86ad5e1a56014ae835eee3993f85e01db72932f4808eb0f9b581ce470227a56,832034997053775872,ollama,qwen2.5:3b-instruct,UNAVAILABLE_NOT_RETURNED,,BLOCKED_NOT_ATTEMPTED,,20260912_blind_v5,8d8f5fcab9e03c6a1dfc90d5a2bfc7a3f92959df7f202b8e9bd65a169f2d9337,f5a04f1efbf6efabb7ff9a08570765327b5a138d71455fc3457345a895070b89,,False,,HOST_NOT_CONFIGURED,{}
record:d8e88605dd0a8f68759e1d5ad509d7e838137df2126b624aeebb7815b2fa796e,574176940954796032,ollama,qwen2.5:3b-instruct,UNAVAILABLE_NOT_RETURNED,,BLOCKED_NOT_ATTEMPTED,,20260912_blind_v5,8d8f5fcab9e03c6a1dfc90d5a2bfc7a3f92959df7f202b8e9bd65a169f2d9337,ba8d46941666800841a899d7b1e056d8dee33d7822d45441dd6ad7f95eb4409c,,False,,HOST_NOT_CONFIGURED,{}
record:d980ff6f1eeb28528641e5d73b4ace5cbcac10e510fbbea50183e96f25b0c8ce,961782061408206849,ollama,qwen2.5:3b-instruct,UNAVAILABLE_NOT_RETURNED,,BLOCKED_NOT_ATTEMPTED,,20260912_blind_v5,8d8f5fcab9e03c6a1dfc90d5a2bfc7a3f92959df7f202b8e9bd65a169f2d9337,86b5e6bd743a4b1d63d56cab37d490de474a37a3437f9650d58715e901e90aae,,False,,HOST_NOT_CONFIGURED,{}
record:da3080d5e3470665380cba698472507c7290479c4db7aff5f60a38e59468d36d,1077457765822414853,ollama,qwen2.5:3b-instruct,UNAVAILABLE_NOT_RETURNED,,BLOCKED_NOT_ATTEMPTED,,20260912_blind_v5,8d8f5fcab9e03c6a1dfc90d5a2bfc7a3f92959df7f202b8e9bd65a169f2d9337,c1d1cb0195877ff78979b25b8d5df6dad5f17becfdf77657ff29593cea3a62fd,,False,,HOST_NOT_CONFIGURED,{}
record:dc95e7d97ecda6e81936d216a75363a2dcee00944e0faa675889306dbc470ab1,1085467746601705472,ollama,qwen2.5:3b-instruct,UNAVAILABLE_NOT_RETURNED,,BLOCKED_NOT_ATTEMPTED,,20260912_blind_v5,8d8f5fcab9e03c6a1dfc90d5a2bfc7a3f92959df7f202b8e9bd65a169f2d9337,0455d626d7fc44ed9304ea346e381c27d56c3863989d054a0111293ed5152842,,False,,HOST_NOT_CONFIGURED,{}
record:ddc0dad9da271a6f1f5298b06e48e75897baea688b1cc306e3f10a8998584aa8,579544338511822848,ollama,qwen2.5:3b-instruct,UNAVAILABLE_NOT_RETURNED,,BLOCKED_NOT_ATTEMPTED,,20260912_blind_v5,8d8f5fcab9e03c6a1dfc90d5a2bfc7a3f92959df7f202b8e9bd65a169f2d9337,36fbb992a62f5f5e1b0c2a87b151d930c307605128ff9f6e64da3a9d25c5b1e5,,False,,HOST_NOT_CONFIGURED,{}
record:de34d6978f61adac998267f610715175decc64cb3bd13bbb76cb7a8aa5ef88fc,590746754104057856,ollama,qwen2.5:3b-instruct,UNAVAILABLE_NOT_RETURNED,,BLOCKED_NOT_ATTEMPTED,,20260912_blind_v5,8d8f5fcab9e03c6a1dfc90d5a2bfc7a3f92959df7f202b8e9bd65a169f2d9337,27a736e7e69059d8888110f84952040a6e3bfd92565a82063ecc8c4ed689462e,,False,,HOST_NOT_CONFIGURED,{}
record:de7b752c5182bb0c7e49265e8cb29c9180fca34028222d84eddc9d6fedfe51ac,1072346356365316096,ollama,qwen2.5:3b-instruct,UNAVAILABLE_NOT_RETURNED,,BLOCKED_NOT_ATTEMPTED,,20260912_blind_v5,8d8f5fcab9e03c6a1dfc90d5a2bfc7a3f92959df7f202b8e9bd65a169f2d9337,53a60eea868eab8a4cdb2bc5c2eaa59cde05d73d8da837d82449f45c78d57cef,,False,,HOST_NOT_CONFIGURED,{}
record:de9ae5115b563ec8737fb8a58ed4e23d38e9d6a60279cd6236b1bea58ea3a9d8,564375894144585729,ollama,qwen2.5:3b-instruct,UNAVAILABLE_NOT_RETURNED,,BLOCKED_NOT_ATTEMPTED,,20260912_blind_v5,8d8f5fcab9e03c6a1dfc90d5a2bfc7a3f92959df7f202b8e9bd65a169f2d9337,4a381aac546b1122be2f4eefbcd225970cba372f07fa827004dd3f996a38f7cc,,False,,HOST_NOT_CONFIGURED,{}
record:df23191d8b73dfbbaf03b29ae43a41d72cddbed42ce0ccd74eddc09aa743353b,1123092791070879744,ollama,qwen2.5:3b-instruct,UNAVAILABLE_NOT_RETURNED,,BLOCKED_NOT_ATTEMPTED,,20260912_blind_v5,8d8f5fcab9e03c6a1dfc90d5a2bfc7a3f92959df7f202b8e9bd65a169f2d9337,1d395b72e17ea69a4d4689f533af18d8c1e1c1d5c5453d91b044115c9c9b39c5,,False,,HOST_NOT_CONFIGURED,{}
record:df8ad61816073f0629f33d910c492214c8361c6d8852c7edd3d925e85895d753,910364679301681153,ollama,qwen2.5:3b-instruct,UNAVAILABLE_NOT_RETURNED,,BLOCKED_NOT_ATTEMPTED,,20260912_blind_v5,8d8f5fcab9e03c6a1dfc90d5a2bfc7a3f92959df7f202b8e9bd65a169f2d9337,13c840caf38b58d6d787d6361cede9c32ef0b8de00d83b35fe3362a8d29d379e,,False,,HOST_NOT_CONFIGURED,{}
record:dfa9e62e9d4dc20aae3cdb141504ed000adfe81c715a08e22f73a9b41ba1e961,872292398184910848,ollama,qwen2.5:3b-instruct,UNAVAILABLE_NOT_RETURNED,,BLOCKED_NOT_ATTEMPTED,,20260912_blind_v5,8d8f5fcab9e03c6a1dfc90d5a2bfc7a3f92959df7f202b8e9bd65a169f2d9337,b4461ead8d6c03d92b7a9434e6fe53857a6ea339d43cf3ea566337441ca36967,,False,,HOST_NOT_CONFIGURED,{}
record:e01eee5e197a05a8f9a65bc68b843a4888fbc03ff3ffe51d8a644db5b923c8d5,565790032146231296,ollama,qwen2.5:3b-instruct,UNAVAILABLE_NOT_RETURNED,,BLOCKED_NOT_ATTEMPTED,,20260912_blind_v5,8d8f5fcab9e03c6a1dfc90d5a2bfc7a3f92959df7f202b8e9bd65a169f2d9337,df093763ff35ef310291e9bf727211aca99f16e64ac082df84224cac0be22c4d,,False,,HOST_NOT_CONFIGURED,{}
record:e03f74c713a2a59a4f48e2ff1bc3c049f9cc33f1a5d5937f26acd2f9030a6961,1047316429706604544,ollama,qwen2.5:3b-instruct,UNAVAILABLE_NOT_RETURNED,,BLOCKED_NOT_ATTEMPTED,,20260912_blind_v5,8d8f5fcab9e03c6a1dfc90d5a2bfc7a3f92959df7f202b8e9bd65a169f2d9337,a2cd76e4c55cf8e4ed418baa6c1f4a36878bca5befecfb20be9539689ca64b6f,,False,,HOST_NOT_CONFIGURED,{}
record:e0966279ef120cc3b91236b5a29068f1a8a38ef1cdbc5be7a727b609e7869472,954320347691597824,ollama,qwen2.5:3b-instruct,UNAVAILABLE_NOT_RETURNED,,BLOCKED_NOT_ATTEMPTED,,20260912_blind_v5,8d8f5fcab9e03c6a1dfc90d5a2bfc7a3f92959df7f202b8e9bd65a169f2d9337,85e4915fccad02e155fa6dbc63d2df9987c71a12aa82c4bd1f5cf87f3c6a251a,,False,,HOST_NOT_CONFIGURED,{}
record:e0c911e79a0a9505c3fa8b6793438b27a26db003df93a832e39df19a067bfafa,847452769703272448,ollama,qwen2.5:3b-instruct,UNAVAILABLE_NOT_RETURNED,,BLOCKED_NOT_ATTEMPTED,,20260912_blind_v5,8d8f5fcab9e03c6a1dfc90d5a2bfc7a3f92959df7f202b8e9bd65a169f2d9337,3f75dd1046c931c3a04420dd7e826871f3f464548b3c9a511379e57f28e4afeb,,False,,HOST_NOT_CONFIGURED,{}
record:e10710a1bfe5780481f72fa45ea615cdff0708dd4327179682ecd6f850242be8,1025229228667596801,ollama,qwen2.5:3b-instruct,UNAVAILABLE_NOT_RETURNED,,BLOCKED_NOT_ATTEMPTED,,20260912_blind_v5,8d8f5fcab9e03c6a1dfc90d5a2bfc7a3f92959df7f202b8e9bd65a169f2d9337,dc7fcf80d91061de0bb55ad2c7ecc972f41ab75c4b6d0adeada6dbf48b472339,,False,,HOST_NOT_CONFIGURED,{}
record:e1aae5be14fb4957b8065a6ebad7768b9e3001a677f79ae7fea9bf94c45e5615,1068082086051950593,ollama,qwen2.5:3b-instruct,UNAVAILABLE_NOT_RETURNED,,BLOCKED_NOT_ATTEMPTED,,20260912_blind_v5,8d8f5fcab9e03c6a1dfc90d5a2bfc7a3f92959df7f202b8e9bd65a169f2d9337,b4dff263d029484e72b0ad82572a0818c1e77321cf661ec6b3d7d35e7b8f1f09,,False,,HOST_NOT_CONFIGURED,{}
record:e1c7f77d60d750077146cd28a95de40a3a651ee84002c9d9e28d55eca3acc6a3,1101885310361845760,ollama,qwen2.5:3b-instruct,UNAVAILABLE_NOT_RETURNED,,BLOCKED_NOT_ATTEMPTED,,20260912_blind_v5,8d8f5fcab9e03c6a1dfc90d5a2bfc7a3f92959df7f202b8e9bd65a169f2d9337,64815daab5927765cd6b490061aaa480170759df7b32fbd9cf0e023ad4e2ab3f,,False,,HOST_NOT_CONFIGURED,{}
record:e1e9099ccfa7783aeb8f130af87ff994a67be2b76a276c7372804f06d3d398b9,1108949196357263360,ollama,qwen2.5:3b-instruct,UNAVAILABLE_NOT_RETURNED,,BLOCKED_NOT_ATTEMPTED,,20260912_blind_v5,8d8f5fcab9e03c6a1dfc90d5a2bfc7a3f92959df7f202b8e9bd65a169f2d9337,31b20586b29e1507493caf31aab397a315d7007abf453ea1236a04d210940f7b,,False,,HOST_NOT_CONFIGURED,{}
record:e2bbdeb53d3731ce786aceb9f16ed1a96888078273fb6358e4e0ef6ecca6175f,1097379460033204224,ollama,qwen2.5:3b-instruct,UNAVAILABLE_NOT_RETURNED,,BLOCKED_NOT_ATTEMPTED,,20260912_blind_v5,8d8f5fcab9e03c6a1dfc90d5a2bfc7a3f92959df7f202b8e9bd65a169f2d9337,e299ee9b5ec8653c68d7b751f59ce2b3db9e16df3776045e978912d28baed4e0,,False,,HOST_NOT_CONFIGURED,{}
record:e2efd45adf8dd090ea537db43a70f86ad95e764b0355283878519aea03fee574,555316876784304130,ollama,qwen2.5:3b-instruct,UNAVAILABLE_NOT_RETURNED,,BLOCKED_NOT_ATTEMPTED,,20260912_blind_v5,8d8f5fcab9e03c6a1dfc90d5a2bfc7a3f92959df7f202b8e9bd65a169f2d9337,50c6edb2a4e7bc4924911f4196fb20f7413dbbb1c08f60b3fd51705f2adfcf4f,,False,,HOST_NOT_CONFIGURED,{}
record:e3077f302cd4fb96a8311c0b5d108ee6b7c754f0e65cf702f76cd7e3db9da3a7,1023573681631584258,ollama,qwen2.5:3b-instruct,UNAVAILABLE_NOT_RETURNED,,BLOCKED_NOT_ATTEMPTED,,20260912_blind_v5,8d8f5fcab9e03c6a1dfc90d5a2bfc7a3f92959df7f202b8e9bd65a169f2d9337,0a9e5a98299de10344f42048945882525ed20cbc9eb3a6dd3c009ea2ed990a85,,False,,HOST_NOT_CONFIGURED,{}
record:e3ed95be6108b29ea66620b84f50cc8d3ef75fc0ccc55ad80b519c61c0e95799,1116557129085665280,ollama,qwen2.5:3b-instruct,UNAVAILABLE_NOT_RETURNED,,BLOCKED_NOT_ATTEMPTED,,20260912_blind_v5,8d8f5fcab9e03c6a1dfc90d5a2bfc7a3f92959df7f202b8e9bd65a169f2d9337,47c289e1f0a4f137936bcefa37514a96123331abfc70d7615b8079f7e2b1da72,,False,,HOST_NOT_CONFIGURED,{}
record:e40213d9f1295a36c25bfcbe461ff5c2f73ef8733b146f9057ce76a41f584c72,1068358106105561089,ollama,qwen2.5:3b-instruct,UNAVAILABLE_NOT_RETURNED,,BLOCKED_NOT_ATTEMPTED,,20260912_blind_v5,8d8f5fcab9e03c6a1dfc90d5a2bfc7a3f92959df7f202b8e9bd65a169f2d9337,285b2d5459043544098cb88e7c42f6f676f8d9fcd6b876dc0432c123160990e7,,False,,HOST_NOT_CONFIGURED,{}
record:e47a37831fd4df039049e9b4106915ca8627f0c53f6758a1b87105c636a46497,870454485495144449,ollama,qwen2.5:3b-instruct,UNAVAILABLE_NOT_RETURNED,,BLOCKED_NOT_ATTEMPTED,,20260912_blind_v5,8d8f5fcab9e03c6a1dfc90d5a2bfc7a3f92959df7f202b8e9bd65a169f2d9337,4e45bd0a23780ea1e1023984a0374da72fb72eaa9a524d1e3cb35d4d69f4a8dc,,False,,HOST_NOT_CONFIGURED,{}
record:e49a4ecc203fbf053f314398e406576b3abb21aca9da37bb1253519ce7aa8a11,887899867401469952,ollama,qwen2.5:3b-instruct,UNAVAILABLE_NOT_RETURNED,,BLOCKED_NOT_ATTEMPTED,,20260912_blind_v5,8d8f5fcab9e03c6a1dfc90d5a2bfc7a3f92959df7f202b8e9bd65a169f2d9337,e0bc35ea700dcddaa61ca40da028773c81edcb0871af9e2dc004dbde42d28016,,False,,HOST_NOT_CONFIGURED,{}
record:e4e0da8967a1d9e3bd7f4e3529eefda6271e12e34b52391bd54cef3e5c596dc0,591264268751863809,ollama,qwen2.5:3b-instruct,UNAVAILABLE_NOT_RETURNED,,BLOCKED_NOT_ATTEMPTED,,20260912_blind_v5,8d8f5fcab9e03c6a1dfc90d5a2bfc7a3f92959df7f202b8e9bd65a169f2d9337,44ec7a0d677eab14ec14b1ca570dbcc82df066c22d20244065caeebfbaf5f4a6,,False,,HOST_NOT_CONFIGURED,{}
record:e564ead05541fb434770e7f5be5684c3e97aa15e6e88c4dfec1f01487c1196e1,888341703492485120,ollama,qwen2.5:3b-instruct,UNAVAILABLE_NOT_RETURNED,,BLOCKED_NOT_ATTEMPTED,,20260912_blind_v5,8d8f5fcab9e03c6a1dfc90d5a2bfc7a3f92959df7f202b8e9bd65a169f2d9337,dd9cb18a9289d66f2d1d3ace9bc12594065ee45847d01cef43d7db406c323e79,,False,,HOST_NOT_CONFIGURED,{}
record:e56c996ae06ee0d418f32c469cd333ad77ca0236497acb76e2564af1a230dbe5,1083585949454553094,ollama,qwen2.5:3b-instruct,UNAVAILABLE_NOT_RETURNED,,BLOCKED_NOT_ATTEMPTED,,20260912_blind_v5,8d8f5fcab9e03c6a1dfc90d5a2bfc7a3f92959df7f202b8e9bd65a169f2d9337,f76d6585c05e4e807a1cbdf0ff5c250335da2b433b79160bc6710e7c526950b2,,False,,HOST_NOT_CONFIGURED,{}
record:e59306b265528ea3832b9c0503b2a287a42b2b5d700a5fddbbfca392b6613268,1075799844780994561,ollama,qwen2.5:3b-instruct,UNAVAILABLE_NOT_RETURNED,,BLOCKED_NOT_ATTEMPTED,,20260912_blind_v5,8d8f5fcab9e03c6a1dfc90d5a2bfc7a3f92959df7f202b8e9bd65a169f2d9337,20fb79dabb97067c543fb65eb0214627ae7b685a404cf3ab2777cfeb274161ee,,False,,HOST_NOT_CONFIGURED,{}
record:e5e2d01fd1cb74dc374ec4eb406f165e5d63edb6ddef62e3f6eaca00478bfad4,1072336469686132736,ollama,qwen2.5:3b-instruct,UNAVAILABLE_NOT_RETURNED,,BLOCKED_NOT_ATTEMPTED,,20260912_blind_v5,8d8f5fcab9e03c6a1dfc90d5a2bfc7a3f92959df7f202b8e9bd65a169f2d9337,3ddb7c57ccb1626fc813dac2d06a7841adb256ef74e0159779194cdc0de4eee5,,False,,HOST_NOT_CONFIGURED,{}
record:e62d945b5d055f3cb2c295b38396f052452c150ca2ab951710f0fb63ad41358a,1090490043368648704,ollama,qwen2.5:3b-instruct,UNAVAILABLE_NOT_RETURNED,,BLOCKED_NOT_ATTEMPTED,,20260912_blind_v5,8d8f5fcab9e03c6a1dfc90d5a2bfc7a3f92959df7f202b8e9bd65a169f2d9337,cece5eed8115dae3137c5b4af7d21e410e593c60bc1c9799baa62ec5ccd7683c,,False,,HOST_NOT_CONFIGURED,{}
record:e64ae090f9ec16353a341a4953579b04ad4843014514a02c77ad62726a4f8e3c,892932918993051648,ollama,qwen2.5:3b-instruct,UNAVAILABLE_NOT_RETURNED,,BLOCKED_NOT_ATTEMPTED,,20260912_blind_v5,8d8f5fcab9e03c6a1dfc90d5a2bfc7a3f92959df7f202b8e9bd65a169f2d9337,2956af295bd829c54bb49a18f95fe32c9e8bcce285aab2ca430709a10ebab8a8,,False,,HOST_NOT_CONFIGURED,{}
record:e65fdddff1124c20cc9aa4bd6de5bc54c026e89928ea80240b00f781d1d7b801,996555055841984512,ollama,qwen2.5:3b-instruct,UNAVAILABLE_NOT_RETURNED,,BLOCKED_NOT_ATTEMPTED,,20260912_blind_v5,8d8f5fcab9e03c6a1dfc90d5a2bfc7a3f92959df7f202b8e9bd65a169f2d9337,2b427f144c47bb30692148f65054e0ea01bd2fadb7497174db98cd24afd27c67,,False,,HOST_NOT_CONFIGURED,{}
record:e6617e1832aa34d257bf1b326d851d4c6bcf4b30f5a12eb049d714e6462dff5b,557910405423833089,ollama,qwen2.5:3b-instruct,UNAVAILABLE_NOT_RETURNED,,BLOCKED_NOT_ATTEMPTED,,20260912_blind_v5,8d8f5fcab9e03c6a1dfc90d5a2bfc7a3f92959df7f202b8e9bd65a169f2d9337,24cc08bb674209a91b1290cc6a742242ecda14ae02f0a3b2719a45124ec1ec71,,False,,HOST_NOT_CONFIGURED,{}
record:e664525146886442e5e4a18885d46675d1c99ad87325c0822d74a5c782650c21,1013092708011962368,ollama,qwen2.5:3b-instruct,UNAVAILABLE_NOT_RETURNED,,BLOCKED_NOT_ATTEMPTED,,20260912_blind_v5,8d8f5fcab9e03c6a1dfc90d5a2bfc7a3f92959df7f202b8e9bd65a169f2d9337,c1028c68a64dc7224957c8098aeb58f56946520006f3b44cfd212002c920c3dc,,False,,HOST_NOT_CONFIGURED,{}
record:e70cd8349f5154048e5ceb018fd8a113fc9b723d2c9d518d0c56508d456e829c,1070365798592479232,ollama,qwen2.5:3b-instruct,UNAVAILABLE_NOT_RETURNED,,BLOCKED_NOT_ATTEMPTED,,20260912_blind_v5,8d8f5fcab9e03c6a1dfc90d5a2bfc7a3f92959df7f202b8e9bd65a169f2d9337,9155fa46887a25748dad4603e39f2d279da5fecf5b790a679d8f4dbe19dab9b2,,False,,HOST_NOT_CONFIGURED,{}
record:e70e63e32d8a9ee9fd022d6dfdbde96575cc4c169024909e2b2fb9c7b753e36c,927881713606262784,ollama,qwen2.5:3b-instruct,UNAVAILABLE_NOT_RETURNED,,BLOCKED_NOT_ATTEMPTED,,20260912_blind_v5,8d8f5fcab9e03c6a1dfc90d5a2bfc7a3f92959df7f202b8e9bd65a169f2d9337,fa6b865209de8c1a6f4d7f56ffae6dd6f238cda08ba828c525a73d5b2d87f1d7,,False,,HOST_NOT_CONFIGURED,{}
record:e7fa0117c2b6ecd1db3a71e8a81cb53ffa8069d5e43b2e471145edc1355c534d,1093402499594080256,ollama,qwen2.5:3b-instruct,UNAVAILABLE_NOT_RETURNED,,BLOCKED_NOT_ATTEMPTED,,20260912_blind_v5,8d8f5fcab9e03c6a1dfc90d5a2bfc7a3f92959df7f202b8e9bd65a169f2d9337,c2733870b02d216b62706f4a6e08921fe40e80b5687c96c43051be30ac3d6826,,False,,HOST_NOT_CONFIGURED,{}
record:e807adc5afdd313be4cf2071783d27c1b26b638e2c02d3f2ebbd8abbf5b0c5db,1097759611333992448,ollama,qwen2.5:3b-instruct,UNAVAILABLE_NOT_RETURNED,,BLOCKED_NOT_ATTEMPTED,,20260912_blind_v5,8d8f5fcab9e03c6a1dfc90d5a2bfc7a3f92959df7f202b8e9bd65a169f2d9337,554dafcc5ff85c74feb305b73b8f10d4c494a08ce821568deeeb614767eee775,,False,,HOST_NOT_CONFIGURED,{}
record:e89f7e1571520fa762611868c175ab84dda59ea758f4a420766b8f3b3f61464e,1087366953973342208,ollama,qwen2.5:3b-instruct,UNAVAILABLE_NOT_RETURNED,,BLOCKED_NOT_ATTEMPTED,,20260912_blind_v5,8d8f5fcab9e03c6a1dfc90d5a2bfc7a3f92959df7f202b8e9bd65a169f2d9337,21bb3f0d09878a1e2618977e56ba8c1d7ead576a70d8d7438eb946a8db4979e9,,False,,HOST_NOT_CONFIGURED,{}
record:e8bae8ac9a13936f54b25b0d5d98384f16e13a4e4c7efa16a403088aae4e348d,1083721266060640258,ollama,qwen2.5:3b-instruct,UNAVAILABLE_NOT_RETURNED,,BLOCKED_NOT_ATTEMPTED,,20260912_blind_v5,8d8f5fcab9e03c6a1dfc90d5a2bfc7a3f92959df7f202b8e9bd65a169f2d9337,d553a05181ad2a936190ecd8af7de32657e35b03fccb4b079411d6c6c7079c9f,,False,,HOST_NOT_CONFIGURED,{}
record:e8f0d7a474893b97ae0c7c9f841ed9e9d65a93496ee4b9fcd902c12eb4110fde,1076029376985149441,ollama,qwen2.5:3b-instruct,UNAVAILABLE_NOT_RETURNED,,BLOCKED_NOT_ATTEMPTED,,20260912_blind_v5,8d8f5fcab9e03c6a1dfc90d5a2bfc7a3f92959df7f202b8e9bd65a169f2d9337,9b75b3a68cbe07fdcad435cd81fbacc6618173c0bb8a9fb950ab6df4231478fb,,False,,HOST_NOT_CONFIGURED,{}
record:e90f32722f4d1e7992a346206f58649a0aabeaef60963d8c0c4092dc79a6d337,1022686585723052039,ollama,qwen2.5:3b-instruct,UNAVAILABLE_NOT_RETURNED,,BLOCKED_NOT_ATTEMPTED,,20260912_blind_v5,8d8f5fcab9e03c6a1dfc90d5a2bfc7a3f92959df7f202b8e9bd65a169f2d9337,1df0f2ec12b6ccc62fdae455ff945ec548267c8c1556ff1db6e4a7fdeaaa6b88,,False,,HOST_NOT_CONFIGURED,{}
record:e94d8fcb484c8228e0ba1bc5ce3b83d79774334b4e78fb04d3d9eed0d46811c6,1084070646768820224,ollama,qwen2.5:3b-instruct,UNAVAILABLE_NOT_RETURNED,,BLOCKED_NOT_ATTEMPTED,,20260912_blind_v5,8d8f5fcab9e03c6a1dfc90d5a2bfc7a3f92959df7f202b8e9bd65a169f2d9337,a6d6566e5b30f340639896c6f3ba3c19a96ecfae4bd23a063bf53a921945d343,,False,,HOST_NOT_CONFIGURED,{}
record:e9e7bf264862b8dd92bed49ea545d82a1fd35603a637b930ff28ffa0440afed0,813558412055150592,ollama,qwen2.5:3b-instruct,UNAVAILABLE_NOT_RETURNED,,BLOCKED_NOT_ATTEMPTED,,20260912_blind_v5,8d8f5fcab9e03c6a1dfc90d5a2bfc7a3f92959df7f202b8e9bd65a169f2d9337,1e51d5e9b92eba2c980a5f8a603f7e86b995c11bebb97a4f6fc00fd091b59b4d,,False,,HOST_NOT_CONFIGURED,{}
record:e9f27e24c2a2221bf870758ff60eba3dde619cdffbd09c1743c1842098f4b73c,1068102646714658816,ollama,qwen2.5:3b-instruct,UNAVAILABLE_NOT_RETURNED,,BLOCKED_NOT_ATTEMPTED,,20260912_blind_v5,8d8f5fcab9e03c6a1dfc90d5a2bfc7a3f92959df7f202b8e9bd65a169f2d9337,78011710d602638b80733cd987952d2af907a73e4add1c1e0dd7cff3555aa96f,,False,,HOST_NOT_CONFIGURED,{}
record:eb8c93e4655c473daafdf46c1aec9d30985b66830b54ddee89f8f24789c647e6,1122800018686001153,ollama,qwen2.5:3b-instruct,UNAVAILABLE_NOT_RETURNED,,BLOCKED_NOT_ATTEMPTED,,20260912_blind_v5,8d8f5fcab9e03c6a1dfc90d5a2bfc7a3f92959df7f202b8e9bd65a169f2d9337,acf3cfec1025ee023e9b0fd0d8055bf3b8b46a62745436e4176aa4e8794a5d33,,False,,HOST_NOT_CONFIGURED,{}
record:ecc2432b1e01531d0d51963b2a9b753131f4fd13c2dc636e487678f57eb62e84,571334007528550400,ollama,qwen2.5:3b-instruct,UNAVAILABLE_NOT_RETURNED,,BLOCKED_NOT_ATTEMPTED,,20260912_blind_v5,8d8f5fcab9e03c6a1dfc90d5a2bfc7a3f92959df7f202b8e9bd65a169f2d9337,70f6360203666ee040833dbc99018684482e2b63fa85fabcf66c3370961e1b4a,,False,,HOST_NOT_CONFIGURED,{}
record:ecd260f878eca3953053a0546a9d068fbe9d4c0109fd2b85c07addfc7d588ea9,996561284979032065,ollama,qwen2.5:3b-instruct,UNAVAILABLE_NOT_RETURNED,,BLOCKED_NOT_ATTEMPTED,,20260912_blind_v5,8d8f5fcab9e03c6a1dfc90d5a2bfc7a3f92959df7f202b8e9bd65a169f2d9337,333a066f58e5324957c8ee93b0f5e584c316df18c8e26fb82a204f389b10b62a,,False,,HOST_NOT_CONFIGURED,{}
record:eda4204bf2d70fc092444ae21c8d0482f3ab9dff361acc1640d7c2d07617e608,1022696416584650752,ollama,qwen2.5:3b-instruct,UNAVAILABLE_NOT_RETURNED,,BLOCKED_NOT_ATTEMPTED,,20260912_blind_v5,8d8f5fcab9e03c6a1dfc90d5a2bfc7a3f92959df7f202b8e9bd65a169f2d9337,4d3f79e01374ee9a8d7dcd9a6efec95352eb3660e497f01a0c7eb17056b47d53,,False,,HOST_NOT_CONFIGURED,{}
record:edada642477be40ce35d1c5e6581f9d214f52e917a88650f0d962050d7855d55,1067280101329592320,ollama,qwen2.5:3b-instruct,UNAVAILABLE_NOT_RETURNED,,BLOCKED_NOT_ATTEMPTED,,20260912_blind_v5,8d8f5fcab9e03c6a1dfc90d5a2bfc7a3f92959df7f202b8e9bd65a169f2d9337,9c3124ec02ccef0ffce44047af3866494dd24e6bbbc2225fb1e70fa41a71f2e2,,False,,HOST_NOT_CONFIGURED,{}
record:edd67d517ba5dceb7534a040d4b57911dc7f9b3f1776d61d23f3af26667ea988,1085206033268703234,ollama,qwen2.5:3b-instruct,UNAVAILABLE_NOT_RETURNED,,BLOCKED_NOT_ATTEMPTED,,20260912_blind_v5,8d8f5fcab9e03c6a1dfc90d5a2bfc7a3f92959df7f202b8e9bd65a169f2d9337,19868394fa63995722858dcdb9121279d6ce2280d8fc81b2cca56898c8bf3f0f,,False,,HOST_NOT_CONFIGURED,{}
record:edeb50ce173ee0e91f8aff11471132d1e9cbaa1d325f5e657fd62d15f3b3b4d6,1063811412810584066,ollama,qwen2.5:3b-instruct,UNAVAILABLE_NOT_RETURNED,,BLOCKED_NOT_ATTEMPTED,,20260912_blind_v5,8d8f5fcab9e03c6a1dfc90d5a2bfc7a3f92959df7f202b8e9bd65a169f2d9337,6806447c6914c285ef24cc6c5d4c5dbf1d4289d6eab2232a8680df76eebd21cb,,False,,HOST_NOT_CONFIGURED,{}
record:ee6b9bf66dbd6cc0b279c62c96becca3157dae6b07ad5957b0bf86ea16fdcc81,1012190838569521157,ollama,qwen2.5:3b-instruct,UNAVAILABLE_NOT_RETURNED,,BLOCKED_NOT_ATTEMPTED,,20260912_blind_v5,8d8f5fcab9e03c6a1dfc90d5a2bfc7a3f92959df7f202b8e9bd65a169f2d9337,edce16bd0719d954377c7715764a0c8a59746094eda5d6de2c7c52d8e6a54d8f,,False,,HOST_NOT_CONFIGURED,{}
record:ee7e01cad316b10227381240a3f3ed793392865f6a6208e7fc34c1de9a4dfde2,1066252812940533760,ollama,qwen2.5:3b-instruct,UNAVAILABLE_NOT_RETURNED,,BLOCKED_NOT_ATTEMPTED,,20260912_blind_v5,8d8f5fcab9e03c6a1dfc90d5a2bfc7a3f92959df7f202b8e9bd65a169f2d9337,cca5e4cf45ec4afb9431dc4d12e30b5fbcb85f224bd449df034fba15274dabd9,,False,,HOST_NOT_CONFIGURED,{}
record:ef1f6b241b2de3f84ce99e1ef76f7e3d420bd0ee75903dbaf37ab64b20ef93b0,1064742514752552960,ollama,qwen2.5:3b-instruct,UNAVAILABLE_NOT_RETURNED,,BLOCKED_NOT_ATTEMPTED,,20260912_blind_v5,8d8f5fcab9e03c6a1dfc90d5a2bfc7a3f92959df7f202b8e9bd65a169f2d9337,c97dca46912258fec444d77fdc0a50153c5d6f912cc8b41eaa140423730ef0d3,,False,,HOST_NOT_CONFIGURED,{}
record:efc7cafe71571ab1c61d837eb8d8631b30026acaa6fc86a35c6f7135bbbf1cb6,548887585352056834,ollama,qwen2.5:3b-instruct,UNAVAILABLE_NOT_RETURNED,,BLOCKED_NOT_ATTEMPTED,,20260912_blind_v5,8d8f5fcab9e03c6a1dfc90d5a2bfc7a3f92959df7f202b8e9bd65a169f2d9337,013dbb578a96815e0620dc9c4af36b096ea5c9451243d17353fe78c59facf098,,False,,HOST_NOT_CONFIGURED,{}
record:efef45054cb7e15a2d267bdf37c6cb5a834b6314ae46a750e2fdc6bed96ab11f,1067381284341567488,ollama,qwen2.5:3b-instruct,UNAVAILABLE_NOT_RETURNED,,BLOCKED_NOT_ATTEMPTED,,20260912_blind_v5,8d8f5fcab9e03c6a1dfc90d5a2bfc7a3f92959df7f202b8e9bd65a169f2d9337,cd72fd387a69bc0c3818eab070c1e755cc649d8d0c307c0a81bef21d6ca2b312,,False,,HOST_NOT_CONFIGURED,{}
record:f055515bf77e10bbef45897581e243d1a0bdb409ab164d678866df62ed131763,1097812390983348224,ollama,qwen2.5:3b-instruct,UNAVAILABLE_NOT_RETURNED,,BLOCKED_NOT_ATTEMPTED,,20260912_blind_v5,8d8f5fcab9e03c6a1dfc90d5a2bfc7a3f92959df7f202b8e9bd65a169f2d9337,95151604234bf6f3d8dba7c6a8d0ceed1cf8c3bb2db8ec2d3e3925c3fa500e94,,False,,HOST_NOT_CONFIGURED,{}
record:f0946696dba8f6006bec76ef268bda166f067f0e6b4d8adb6e12c7b89c9f867f,1036504552676122624,ollama,qwen2.5:3b-instruct,UNAVAILABLE_NOT_RETURNED,,BLOCKED_NOT_ATTEMPTED,,20260912_blind_v5,8d8f5fcab9e03c6a1dfc90d5a2bfc7a3f92959df7f202b8e9bd65a169f2d9337,d59b24b515f0ab5fea5a3e2a92a3ad1b0389dc4128beb9aab6128c9b35bed845,,False,,HOST_NOT_CONFIGURED,{}
record:f09c8f71639ca5b3b9b5627a3d7bb467dfefcc7ec1a064e8bf5f492b77e4ee5e,993676002285862912,ollama,qwen2.5:3b-instruct,UNAVAILABLE_NOT_RETURNED,,BLOCKED_NOT_ATTEMPTED,,20260912_blind_v5,8d8f5fcab9e03c6a1dfc90d5a2bfc7a3f92959df7f202b8e9bd65a169f2d9337,39c95bc55e1349d0dcd3459c55f7e14652b52460d65a6364e6f9b46239c07951,,False,,HOST_NOT_CONFIGURED,{}
record:f1d054035d70f99cdd3b96a866f64124483242cb61cbbd51def3581d6528f6fb,1088109493097906176,ollama,qwen2.5:3b-instruct,UNAVAILABLE_NOT_RETURNED,,BLOCKED_NOT_ATTEMPTED,,20260912_blind_v5,8d8f5fcab9e03c6a1dfc90d5a2bfc7a3f92959df7f202b8e9bd65a169f2d9337,b3d6d5f116fa983ae3f03c5c2493d47d77b8e289367e0109fe47c0c6cd2d2bc9,,False,,HOST_NOT_CONFIGURED,{}
record:f2853242ebe750da4be393493d758d9b5571778c4d2118ac0449a3bd662a0396,845127287288741889,ollama,qwen2.5:3b-instruct,UNAVAILABLE_NOT_RETURNED,,BLOCKED_NOT_ATTEMPTED,,20260912_blind_v5,8d8f5fcab9e03c6a1dfc90d5a2bfc7a3f92959df7f202b8e9bd65a169f2d9337,541b434831dcc229c7576bf54eb3769bcd7027ef147b11954b8bd67cf845bb81,,False,,HOST_NOT_CONFIGURED,{}
record:f2a9c1fb346024561f7ae802171ad676fea6e6d901e4cfe4dbbdd9d72e40983d,629616135097438208,ollama,qwen2.5:3b-instruct,UNAVAILABLE_NOT_RETURNED,,BLOCKED_NOT_ATTEMPTED,,20260912_blind_v5,8d8f5fcab9e03c6a1dfc90d5a2bfc7a3f92959df7f202b8e9bd65a169f2d9337,b41d942f91a651090d7f544c6f459b59cbdef0caad29c504c7d43afced3eaa45,,False,,HOST_NOT_CONFIGURED,{}
record:f343f8be0863e903593bbb725d094c727c5772bcc1ae0b19d12f6aa65a084b51,1007945590368595968,ollama,qwen2.5:3b-instruct,UNAVAILABLE_NOT_RETURNED,,BLOCKED_NOT_ATTEMPTED,,20260912_blind_v5,8d8f5fcab9e03c6a1dfc90d5a2bfc7a3f92959df7f202b8e9bd65a169f2d9337,cf6a963c22345c3099ad48d361bfa92a0480658f12915f95241bf022933f64ff,,False,,HOST_NOT_CONFIGURED,{}
record:f380dccc7516d7f7d3ae9c93f32ecd7f0d10d92a5dd945e11a3c5e84b7d58384,1054402327623327744,ollama,qwen2.5:3b-instruct,UNAVAILABLE_NOT_RETURNED,,BLOCKED_NOT_ATTEMPTED,,20260912_blind_v5,8d8f5fcab9e03c6a1dfc90d5a2bfc7a3f92959df7f202b8e9bd65a169f2d9337,6f4444c4db6daf1b735895496ddbcfb16e33c5c638c4a9cbcc5a28debbbe1943,,False,,HOST_NOT_CONFIGURED,{}
record:f3c4f09a9f7f41d0460cf14322831b2c3690640a222b804d36473097a23d042c,786744743938039808,ollama,qwen2.5:3b-instruct,UNAVAILABLE_NOT_RETURNED,,BLOCKED_NOT_ATTEMPTED,,20260912_blind_v5,8d8f5fcab9e03c6a1dfc90d5a2bfc7a3f92959df7f202b8e9bd65a169f2d9337,113c8e7a53c42fe8ae2911ac477db825688eab267dc4f5be8b98a81c9496c4c1,,False,,HOST_NOT_CONFIGURED,{}
record:f3f4b8fe791b2e297a3688bbaf5b0166f01c1f4fda91363fc13a7bbd2d43a922,1019136241403596805,ollama,qwen2.5:3b-instruct,UNAVAILABLE_NOT_RETURNED,,BLOCKED_NOT_ATTEMPTED,,20260912_blind_v5,8d8f5fcab9e03c6a1dfc90d5a2bfc7a3f92959df7f202b8e9bd65a169f2d9337,a869bbc7f79a5a9b1772b305f7e36d6fd8c9513b0f7e8fce9a4a64649b685098,,False,,HOST_NOT_CONFIGURED,{}
record:f439bc839e2ac6ecc2b0441b81d64acb0f3a0d43fd145b6c27c04309cbf216d2,882901211648712705,ollama,qwen2.5:3b-instruct,UNAVAILABLE_NOT_RETURNED,,BLOCKED_NOT_ATTEMPTED,,20260912_blind_v5,8d8f5fcab9e03c6a1dfc90d5a2bfc7a3f92959df7f202b8e9bd65a169f2d9337,14819060bfe6832f3e80481a47dcdfa935446bfcebad2667558be77d960abc9f,,False,,HOST_NOT_CONFIGURED,{}
record:f44528134398c7046673fb12d8c176c95de016ced4635922257f01bd78f1e7f7,1068371862017597440,ollama,qwen2.5:3b-instruct,UNAVAILABLE_NOT_RETURNED,,BLOCKED_NOT_ATTEMPTED,,20260912_blind_v5,8d8f5fcab9e03c6a1dfc90d5a2bfc7a3f92959df7f202b8e9bd65a169f2d9337,f372c0e6117a7e0757fc9b0e5ccb36007051c7c83b085136b56e314eb46124be,,False,,HOST_NOT_CONFIGURED,{}
record:f451c26a1892d0287a219dad7cc236d42fe783a3e38837cf6e216b1ddbf62216,1034317438362443776,ollama,qwen2.5:3b-instruct,UNAVAILABLE_NOT_RETURNED,,BLOCKED_NOT_ATTEMPTED,,20260912_blind_v5,8d8f5fcab9e03c6a1dfc90d5a2bfc7a3f92959df7f202b8e9bd65a169f2d9337,28a7c50a75b1c169e0551169cdf7536b9106750315ec5b9004478b87400bbbf7,,False,,HOST_NOT_CONFIGURED,{}
record:f46dd5e76b356229356c799029b9ab268a42c0b216d580a85aa92f1da0053601,1116608231080464386,ollama,qwen2.5:3b-instruct,UNAVAILABLE_NOT_RETURNED,,BLOCKED_NOT_ATTEMPTED,,20260912_blind_v5,8d8f5fcab9e03c6a1dfc90d5a2bfc7a3f92959df7f202b8e9bd65a169f2d9337,52dd29867d6a05f7a0af6d7779dc7823e07b8a8b95e1ad95cf5204a1f0f6b6df,,False,,HOST_NOT_CONFIGURED,{}
record:f5977755a823a3a5d9a8a605889be0ee67f17accc2026cca06e2c672dc3141f0,805405527169593344,ollama,qwen2.5:3b-instruct,UNAVAILABLE_NOT_RETURNED,,BLOCKED_NOT_ATTEMPTED,,20260912_blind_v5,8d8f5fcab9e03c6a1dfc90d5a2bfc7a3f92959df7f202b8e9bd65a169f2d9337,270f48b10e26c4540ebdc184909ceb62ef46c1941a1db1cd20f2e6d26446730d,,False,,HOST_NOT_CONFIGURED,{}
record:f66cacb4a7688671fcf818707ef2cbacc55e1f566df0fa6d2a1508555a7426e5,851425425481908224,ollama,qwen2.5:3b-instruct,UNAVAILABLE_NOT_RETURNED,,BLOCKED_NOT_ATTEMPTED,,20260912_blind_v5,8d8f5fcab9e03c6a1dfc90d5a2bfc7a3f92959df7f202b8e9bd65a169f2d9337,bd143ec8c17942c1b9c89a2bf66d1527545d7aceac5e5173dac4dd4addedbac6,,False,,HOST_NOT_CONFIGURED,{}
record:f6fa701f89613cc65bf2244e82c21f9429ce8c9d7d973d5d0a7bb459f8cd260f,1021770596756148229,ollama,qwen2.5:3b-instruct,UNAVAILABLE_NOT_RETURNED,,BLOCKED_NOT_ATTEMPTED,,20260912_blind_v5,8d8f5fcab9e03c6a1dfc90d5a2bfc7a3f92959df7f202b8e9bd65a169f2d9337,844feaa248c4ee17bb09ac9c0f12fbe6f5254ca11cf581f3757574f7e169b038,,False,,HOST_NOT_CONFIGURED,{}
record:f74b7dc7c1aff017702317e3d07c7d63de6718c6f615bf00367ebf4dfd725c82,864856892882829312,ollama,qwen2.5:3b-instruct,UNAVAILABLE_NOT_RETURNED,,BLOCKED_NOT_ATTEMPTED,,20260912_blind_v5,8d8f5fcab9e03c6a1dfc90d5a2bfc7a3f92959df7f202b8e9bd65a169f2d9337,359c61f813d97a7ef7291ea2e1e143df9c49989b67e9ef32c2e37a14ae5d796d,,False,,HOST_NOT_CONFIGURED,{}
record:f74e39cc9e0bfcfdeccc33e0e3596ad424e18dbc9d9c9377e7b063e9ed496f36,1003094008422285312,ollama,qwen2.5:3b-instruct,UNAVAILABLE_NOT_RETURNED,,BLOCKED_NOT_ATTEMPTED,,20260912_blind_v5,8d8f5fcab9e03c6a1dfc90d5a2bfc7a3f92959df7f202b8e9bd65a169f2d9337,e31fdaa6bfed31b045f42568f06c07330eab219ff38fe345840136bf69e2b21d,,False,,HOST_NOT_CONFIGURED,{}
record:f75c654f7d4e6deb2224c57db1f35c63cefc19b33f7552ff335891f223e08708,619801226763444224,ollama,qwen2.5:3b-instruct,UNAVAILABLE_NOT_RETURNED,,BLOCKED_NOT_ATTEMPTED,,20260912_blind_v5,8d8f5fcab9e03c6a1dfc90d5a2bfc7a3f92959df7f202b8e9bd65a169f2d9337,3a043602da81db46b793bd7d87bd54407e484ebd113a3897702aa7da73cccd91,,False,,HOST_NOT_CONFIGURED,{}
record:f77ba8e471d12824cdeeb975d36ed5d06289b851b06909d8183dd8da20e6e14c,1067388758150938625,ollama,qwen2.5:3b-instruct,UNAVAILABLE_NOT_RETURNED,,BLOCKED_NOT_ATTEMPTED,,20260912_blind_v5,8d8f5fcab9e03c6a1dfc90d5a2bfc7a3f92959df7f202b8e9bd65a169f2d9337,4367868ca5f9dabcbf7e6addec66a0cf2acc1b5687a9b381614ec7725b9081e4,,False,,HOST_NOT_CONFIGURED,{}
record:f789c3d26fc3db0533bfa99a6006b5ea1358aca4fc98d4b25b92079cd925d061,935360692340662273,ollama,qwen2.5:3b-instruct,UNAVAILABLE_NOT_RETURNED,,BLOCKED_NOT_ATTEMPTED,,20260912_blind_v5,8d8f5fcab9e03c6a1dfc90d5a2bfc7a3f92959df7f202b8e9bd65a169f2d9337,a66933cfac886baa1afd9e50a121cf01778756ed7db63ccd55f4f6e7c5b336a3,,False,,HOST_NOT_CONFIGURED,{}
record:f7a5ad430f8f10d79f7406cf46698a725c11a26f321ca561fab774fcae08bdd9,596925206033207297,ollama,qwen2.5:3b-instruct,UNAVAILABLE_NOT_RETURNED,,BLOCKED_NOT_ATTEMPTED,,20260912_blind_v5,8d8f5fcab9e03c6a1dfc90d5a2bfc7a3f92959df7f202b8e9bd65a169f2d9337,b8709e4784d6986d24b75c7a0812a64c33e42e1d6c059eb8f201258ed7f03eed,,False,,HOST_NOT_CONFIGURED,{}
record:f81a698fb5a2ed59e08d77e299ddd936d2cb769f7d23f7cb271384050ab6f627,592875879644143619,ollama,qwen2.5:3b-instruct,UNAVAILABLE_NOT_RETURNED,,BLOCKED_NOT_ATTEMPTED,,20260912_blind_v5,8d8f5fcab9e03c6a1dfc90d5a2bfc7a3f92959df7f202b8e9bd65a169f2d9337,c41bc7d86633af8485529c2c268abffab4c97310a1bc7f89bb42c4a1b1d2d4a1,,False,,HOST_NOT_CONFIGURED,{}
record:f8a48c147c5171cc4bbd7991a9c21892ec0cc850246faf4c3bcab3074f13893a,1110555292146810880,ollama,qwen2.5:3b-instruct,UNAVAILABLE_NOT_RETURNED,,BLOCKED_NOT_ATTEMPTED,,20260912_blind_v5,8d8f5fcab9e03c6a1dfc90d5a2bfc7a3f92959df7f202b8e9bd65a169f2d9337,b07fabbe85ddf3c8fe011120dfcac7c6475447e792c94c2ba33b3e3ff8838cbe,,False,,HOST_NOT_CONFIGURED,{}
record:f903881a98dc1fc818e98ad0ae597a0d6275dc9cdd6c843c98b36f8ec9cae2fb,997118644034330624,ollama,qwen2.5:3b-instruct,UNAVAILABLE_NOT_RETURNED,,BLOCKED_NOT_ATTEMPTED,,20260912_blind_v5,8d8f5fcab9e03c6a1dfc90d5a2bfc7a3f92959df7f202b8e9bd65a169f2d9337,f1c40c8d8bee765669c06b3eda9f60e56bbd0ed1007a5a741a6b42a9b9fc908c,,False,,HOST_NOT_CONFIGURED,{}
record:f97566f91fe5123e1a807558c113df7cd8edaae929df66b55538f09988afe975,565444907272527872,ollama,qwen2.5:3b-instruct,UNAVAILABLE_NOT_RETURNED,,BLOCKED_NOT_ATTEMPTED,,20260912_blind_v5,8d8f5fcab9e03c6a1dfc90d5a2bfc7a3f92959df7f202b8e9bd65a169f2d9337,88b9e2a533a99b3178bbb91de610cf0146aa181ad62c50ba6d8d144e33a0021f,,False,,HOST_NOT_CONFIGURED,{}
record:fa624e9969ff5e4a1590f3b3c92ae1176ee7ae8f3f7076e35b6c57d3d4df37b5,877731691984375808,ollama,qwen2.5:3b-instruct,UNAVAILABLE_NOT_RETURNED,,BLOCKED_NOT_ATTEMPTED,,20260912_blind_v5,8d8f5fcab9e03c6a1dfc90d5a2bfc7a3f92959df7f202b8e9bd65a169f2d9337,8f1cf72bf79dd0482766e08f1abcd8b6e8a348ceb944a5097a19743f57e39c47,,False,,HOST_NOT_CONFIGURED,{}
record:fa92276bc37b0513e90c78771fcd68230b829a2e17f3b980a530d6da17dc983e,632170530494390273,ollama,qwen2.5:3b-instruct,UNAVAILABLE_NOT_RETURNED,,BLOCKED_NOT_ATTEMPTED,,20260912_blind_v5,8d8f5fcab9e03c6a1dfc90d5a2bfc7a3f92959df7f202b8e9bd65a169f2d9337,3768da409a7ab2f58fc01a5476ef22a0a79e3061dd146b3e32208feb11c77f4f,,False,,HOST_NOT_CONFIGURED,{}
record:fb216498d32c4e8d6f53fe89c41fdb1b36a04d7e48b3b63a63a0e091d9908ff6,1114519762204102667,ollama,qwen2.5:3b-instruct,UNAVAILABLE_NOT_RETURNED,,BLOCKED_NOT_ATTEMPTED,,20260912_blind_v5,8d8f5fcab9e03c6a1dfc90d5a2bfc7a3f92959df7f202b8e9bd65a169f2d9337,5995e0bea3efdf233454d6d69547389beff8b965ccc557c52e6f9d865be70bff,,False,,HOST_NOT_CONFIGURED,{}
record:fb3c98f4d0c057dab449212cbfbff16d55b1a147d8956ee6e27b4e84c09fa0a9,857992907869040642,ollama,qwen2.5:3b-instruct,UNAVAILABLE_NOT_RETURNED,,BLOCKED_NOT_ATTEMPTED,,20260912_blind_v5,8d8f5fcab9e03c6a1dfc90d5a2bfc7a3f92959df7f202b8e9bd65a169f2d9337,e70d05eafc540ee3bad592c2204517d90661807780a4f7740487e535977dd5d8,,False,,HOST_NOT_CONFIGURED,{}
record:fb97a220679f245c7e450d9e5ffb38ba7d2368666454d2396170338f0a016586,781754870340595712,ollama,qwen2.5:3b-instruct,UNAVAILABLE_NOT_RETURNED,,BLOCKED_NOT_ATTEMPTED,,20260912_blind_v5,8d8f5fcab9e03c6a1dfc90d5a2bfc7a3f92959df7f202b8e9bd65a169f2d9337,840c550f2746a5df8f39e2d64bb619b946b56c1038b364efcac5d4c7fb3bae5e,,False,,HOST_NOT_CONFIGURED,{}
record:fbab46cc08d36b7026b65e81e6dad10553c0c1c5b4ebfe57111d479e25e5cc1b,931397586958696449,ollama,qwen2.5:3b-instruct,UNAVAILABLE_NOT_RETURNED,,BLOCKED_NOT_ATTEMPTED,,20260912_blind_v5,8d8f5fcab9e03c6a1dfc90d5a2bfc7a3f92959df7f202b8e9bd65a169f2d9337,3e6f486ff1db71bf317054f77ae296bd6a40db6b2f24a1e2abcb9cc45d8ebb9e,,False,,HOST_NOT_CONFIGURED,{}
record:fc366d678bdc7e4cf0b99719cd63238fe363c787eabb6d878f3bfb7feb1cdc17,911128752607727618,ollama,qwen2.5:3b-instruct,UNAVAILABLE_NOT_RETURNED,,BLOCKED_NOT_ATTEMPTED,,20260912_blind_v5,8d8f5fcab9e03c6a1dfc90d5a2bfc7a3f92959df7f202b8e9bd65a169f2d9337,e3362e12d5b8e9bf40d6d2160abfed8c7fbb230e88efe4359082495f783a0a93,,False,,HOST_NOT_CONFIGURED,{}
record:fcc41039bc2005f552b4db4d3a134bbfc852a5a7ba1fb89465c9f1295635b6e2,848751538805899264,ollama,qwen2.5:3b-instruct,UNAVAILABLE_NOT_RETURNED,,BLOCKED_NOT_ATTEMPTED,,20260912_blind_v5,8d8f5fcab9e03c6a1dfc90d5a2bfc7a3f92959df7f202b8e9bd65a169f2d9337,8f3fe13782cdbfe8782de9af152e2aaa7c2c321ae16436789cf8b7713cb305ea,,False,,HOST_NOT_CONFIGURED,{}
record:fcca0fe1c924bc0811d975db49c7031d270ae3bc393cd0fd2f8b9b40d9c9c532,919200127088132096,ollama,qwen2.5:3b-instruct,UNAVAILABLE_NOT_RETURNED,,BLOCKED_NOT_ATTEMPTED,,20260912_blind_v5,8d8f5fcab9e03c6a1dfc90d5a2bfc7a3f92959df7f202b8e9bd65a169f2d9337,41d1f4621453c20384c066cbd1e8861cec768d066c3fb6ca48adf9f823d5cf7d,,False,,HOST_NOT_CONFIGURED,{}
record:fdabe3b16786bdfcd7b47671bcd9402f0d8a6f9820b3971060380a7a7df4347e,594324269930258432,ollama,qwen2.5:3b-instruct,UNAVAILABLE_NOT_RETURNED,,BLOCKED_NOT_ATTEMPTED,,20260912_blind_v5,8d8f5fcab9e03c6a1dfc90d5a2bfc7a3f92959df7f202b8e9bd65a169f2d9337,77a40953f5c354748e5f2b315238af85079273efd18b2fa2f6f817ee4e2196ec,,False,,HOST_NOT_CONFIGURED,{}
record:fdd87fd80af76c72a4f11e51c38fae8b61da78d6e45d26d1fe6ee86c86cbfc43,1068387797826887680,ollama,qwen2.5:3b-instruct,UNAVAILABLE_NOT_RETURNED,,BLOCKED_NOT_ATTEMPTED,,20260912_blind_v5,8d8f5fcab9e03c6a1dfc90d5a2bfc7a3f92959df7f202b8e9bd65a169f2d9337,1f3873a758568fc51de893d5ef956bae33ec22642282d9e4c4564e4943297c23,,False,,HOST_NOT_CONFIGURED,{}
record:fdf922907944db15a0570454a003ff495693879cecd5ff76939a57932869f877,1104930770865586176,ollama,qwen2.5:3b-instruct,UNAVAILABLE_NOT_RETURNED,,BLOCKED_NOT_ATTEMPTED,,20260912_blind_v5,8d8f5fcab9e03c6a1dfc90d5a2bfc7a3f92959df7f202b8e9bd65a169f2d9337,99753f35bf7cc0a98484bb0bbb26395365bb6ac148700d123ad0e71ea2d30069,,False,,HOST_NOT_CONFIGURED,{}
record:fe09a56f9d279d7c95235f0b2bf3f6f6c8741c640d8de65a45ccbff187c59db1,542007968389005312,ollama,qwen2.5:3b-instruct,UNAVAILABLE_NOT_RETURNED,,BLOCKED_NOT_ATTEMPTED,,20260912_blind_v5,8d8f5fcab9e03c6a1dfc90d5a2bfc7a3f92959df7f202b8e9bd65a169f2d9337,6023d28b0182bac8b9e6f450de80c079d504eebef85b4168b411c57b56d2c373,,False,,HOST_NOT_CONFIGURED,{}
record:fe1d64018f5e2fc4b507142435aada9946bf5ca77e5f464f7cd598ee39976a4e,1023817262648700930,ollama,qwen2.5:3b-instruct,UNAVAILABLE_NOT_RETURNED,,BLOCKED_NOT_ATTEMPTED,,20260912_blind_v5,8d8f5fcab9e03c6a1dfc90d5a2bfc7a3f92959df7f202b8e9bd65a169f2d9337,dcfe49fb894ea05c0671c78ceb67c41e2005e721a63bf4eeb8bcb6e95f6893e1,,False,,HOST_NOT_CONFIGURED,{}
record:fe1dc614b8b4a7b8563347bf2d6e3f83bfff99495a7301570ef08811312d113c,957970873436200960,ollama,qwen2.5:3b-instruct,UNAVAILABLE_NOT_RETURNED,,BLOCKED_NOT_ATTEMPTED,,20260912_blind_v5,8d8f5fcab9e03c6a1dfc90d5a2bfc7a3f92959df7f202b8e9bd65a169f2d9337,3a6064991d6fb093856c5b7785744cbea781786ad2fe4fd9f581bd602c3ffa67,,False,,HOST_NOT_CONFIGURED,{}
record:fe6895d2d21049d486cbb45ffdccb17366d0eb8753b8ea5ef5161d6221355ec8,1088305856683229184,ollama,qwen2.5:3b-instruct,UNAVAILABLE_NOT_RETURNED,,BLOCKED_NOT_ATTEMPTED,,20260912_blind_v5,8d8f5fcab9e03c6a1dfc90d5a2bfc7a3f92959df7f202b8e9bd65a169f2d9337,3ea64dedbbf2afecee9756475546e1ea31fcfc82f3e992776ba38bea7c2599bd,,False,,HOST_NOT_CONFIGURED,{}
record:fe6abb0c93acb7285545c19e7460ef81937004f31cbb2a48f47769d97701f6e5,935907187896889344,ollama,qwen2.5:3b-instruct,UNAVAILABLE_NOT_RETURNED,,BLOCKED_NOT_ATTEMPTED,,20260912_blind_v5,8d8f5fcab9e03c6a1dfc90d5a2bfc7a3f92959df7f202b8e9bd65a169f2d9337,31148c93be5bdd3451f0c86781f554820132fcd4b6821eaa1e5fd99dc3ba9d01,,False,,HOST_NOT_CONFIGURED,{}
record:fe8c0396498acef964ab95384a22fa094668a635c5dd0aefc7f59f9e5d611924,776380645375303681,ollama,qwen2.5:3b-instruct,UNAVAILABLE_NOT_RETURNED,,BLOCKED_NOT_ATTEMPTED,,20260912_blind_v5,8d8f5fcab9e03c6a1dfc90d5a2bfc7a3f92959df7f202b8e9bd65a169f2d9337,e22ef12417fe90ca7a1a98c54cb25981756917f6222d57eba1ccff4ccae73fe1,,False,,HOST_NOT_CONFIGURED,{}
record:fe96d84f89f5c02bb461c8a9fa74d74dd17482dd67c7686b6472c68c5c298e9e,1026764033427300352,ollama,qwen2.5:3b-instruct,UNAVAILABLE_NOT_RETURNED,,BLOCKED_NOT_ATTEMPTED,,20260912_blind_v5,8d8f5fcab9e03c6a1dfc90d5a2bfc7a3f92959df7f202b8e9bd65a169f2d9337,d26091a6d642469f3828e98b9770e68404ece0c051313ec5c35eb0aa27516263,,False,,HOST_NOT_CONFIGURED,{}
record:ffe519519f45512fcf863c02f9bef16392c11a0732f607bab4f46e8bc1d16e20,632874120347275264,ollama,qwen2.5:3b-instruct,UNAVAILABLE_NOT_RETURNED,,BLOCKED_NOT_ATTEMPTED,,20260912_blind_v5,8d8f5fcab9e03c6a1dfc90d5a2bfc7a3f92959df7f202b8e9bd65a169f2d9337,602d0e40b98914b823dbeddb0796e1fd89d559a9e6e760321afb7b5ba1f6f2b5,,False,,HOST_NOT_CONFIGURED,{}
