dataset_record_id,tweet_id,tweet_url,text_original
record:003712eeeaf4e0ac0acb572a2f47c98f64d4977230e6b2fef776e20a964e53d4,850191645064560640,https://twitter.com/dtptraffic/status/850191645064560640,Traffic Alert निजामुद्दीन से मयूर विहार जाने वाले carriage way में बारापुला पर elevated road का कार्य चल रहा है जिसे sarai kale khan से 1/2
record:0037cfef513b8b1d6236a619600f9491b4844e66c31ce53e7806d0db8ea2b6e6,974924644963663873,https://twitter.com/dtptraffic/status/974924644963663873,"Traffic Alert दिल्ली बार काउंसिल के चुनाव के कारण शेरशाह सूरी मार्ग को बंद कर दिया गया है, कृपया भैरों मार्ग, मथुरा रोड और सुब्रमण्यम भारती मार्ग के प्रयोग से बचे I"
record:008cce2313de31d6f12c13ea168dbb8c8d19eaf42cc591bead300050bd840d4b,856808492279234562,https://twitter.com/dtptraffic/status/856808492279234562,Traffic Alert धरमपुरा फ्लाईओवर से सीलम पुर की तरफ एक डीटीसी बस ख़राब हो गयी है. जिस के कारण यातायात में बाधा है.
record:009f3c4b06cb02a6cbbcccf665c464d3019f5d86ae82b22ba6ae6dbd197fad43,603213557346492417,https://twitter.com/dtptraffic/status/603213557346492417,Traffic Alert लोहा मंडी रेड लाइट पर एक DTC Bus No. DL1PC 0422 ख़राब हो गई है जिसे जल्दी हटवा दिया जायेगा| असुविधा के लिए खेद है |
record:00a14b5a4b645d36f40752e6fd06487a1f6cf5da789b8733b3caa204a0f41d30,1034288796135710722,https://twitter.com/dtptraffic/status/1034288796135710722,Traffic Alert नांगलोई नजफगढ़ रोड पर सत्यभामा हॉस्पिटल के पास जलभराव के कारण यातायात प्रभवित है!
record:01171e96f8b011732b64baffa12845aeba3410e2f9262e4412893bbf601759f2,912642447083134977,https://twitter.com/dtptraffic/status/912642447083134977,Traffic Alert CR Park से GK-2 जाने वाले मार्ग में दुर्गा पूजा की वजह से यातयात अधिक है I कृपया इस मार्ग के प्रयोग से बचें I
record:014e210f271c9832417fd9d7b9e1459940c2280559cd9c10c2b490f78175df5b,1098445625295663104,https://twitter.com/dtptraffic/status/1098445625295663104,Traffic Alert राजपुरा बुलवर्ड रोड को आसफ अली अस्पताल से तीस हजारी तक (09:00 से 12:00 बजे) तक one way किया गया है |
record:016c7be173e295ea00e1f29572d51ed4f98282b3be8fa4f436f7cf531647a6d3,933193259106516997,https://twitter.com/dtptraffic/status/933193259106516997,"Traffic Alert आज़ाद मार्केट चौक पर रानी झाँसी ब्रिज कंस्ट्रक्शन के काम कारण ट्रैफिक एक carriageway में चल रहा है ! जिसके कारण आज़ाद मार्किट,सदर बाजार ,बर्फ खाना ,पुल बंगश ,रोशनआरा रोड ,तीस हज़ारी और ISBT पर ट्रैफिक बाधित रहेगा।"
record:01ba32715b986a5e8d20e1a6feb1516297f8f3095485a2d6eca68dd43a81988e,1078866338800693249,https://twitter.com/dtptraffic/status/1078866338800693249,"Traffic Alert आश्रम से बदरपुर जाते हुए एक ट्रक CRRI रेड लाइट को तोड़ कर डिवाइडर पर चढ़ गया है, जिस कारण यातायात बाधित हैI"
record:01d0d7212414c72d029ce2c8635690eb00c2dd7e9783eee76efc2515c4e31adb,1038744495427223552,https://twitter.com/dtptraffic/status/1038744495427223552,Traffic Alert R/A पुसा रोड से मोती नगर की तरफ जाने वाले मार्ग में रोड पर एक गहरा गढ़ा होने के कारण यातायात प्रभावित है pic.twitter.com/mem7dStIFy
record:0234568c6ce1663dda23ac25b090bae893cb884083f6dbd149c7e01034073c99,621241334414864384,https://twitter.com/dtptraffic/status/621241334414864384,"Traffic Alert वजीराबाद से तिमारपुर रोड़ पर PWD नाले का कम कर रही हैं,कृप्या इस मार्ग के प्रयोग से बचें | असुविधा के लिए खेद है |"
record:02f6a69f3714c2ec41b69b760691e1d937446bd26a14077a00b2fb97daa5bce7,634055024218349568,https://twitter.com/dtptraffic/status/634055024218349568,Traffic Alert रानी झाँसी रोड पर यातायात अब सामान्य है |
record:036d26903d2857c224ed35eb270587542cf316c2f829c743c5486c7966669d71,995890159148187648,https://twitter.com/dtptraffic/status/995890159148187648,"Traffic Alert कोपरनिकस मार्ग से इंडिया गेट जाने वाले मार्ग पर एक पेड़ गिरने वाला हैं, जिसके कारण रोड पर यातायात की आवाजाही को बंद कर दिया गया हैं |"
record:03c4544c9af1bb2ac907e3428853af688f6ca353ee23e410bec18ff1eb425591,1048051847926181889,https://twitter.com/dtptraffic/status/1048051847926181889,Traffic Alert भगवान दास रोड से W- Point मथुरा रोड प्रगति मैदान गेट न.8 के सामने DJB की पाइप लाइन फट गयी है यातायात बाधित रहेगा |
record:03cdcabe605526e9940472d4294e269cc22ed288cd88eda176113752db0fb010,536128531601051648,https://twitter.com/dtptraffic/status/536128531601051648,"Traffic Alert एस डी पब्लिक स्कूल मे समारोह होने के कारण रामा रोड पर यातायात 6 बजे से 11 बजे तक ज़्यादा रहेगा, असुविधा के लिए खेद है|"
record:040d055c5573b4252b30b8ea60de43d31f81e79213c16228b27fa29fda9e4af9,1100647791880110080,https://twitter.com/dtptraffic/status/1100647791880110080,Traffic Alert अखिल भारतीय यूथ फेडरेशन का जुलूस जो मंडी हाउस से चला था वो जंतर मंतर पहुँच चुका है यातायात अब सामान्य हैI
record:0413e9a4c0cf7592e18ee298db28dc47b2bc04c77c44f6ca14dbf272ca30a9dc,548787346703802369,https://twitter.com/dtptraffic/status/548787346703802369,"Traffic Alert मेट्रो का काम चलने के कारण श्यामलाल कॉलेज से बिहारी कालोनी (रोड नंबर 57) तक यातायात ज्यादा रहेगा, असुविधा के लिए खेद है|"
record:0470f9069ba574a17cf80e575330eef53a21478b82f6460e231c59e3d60341fe,1034284847991152640,https://twitter.com/dtptraffic/status/1034284847991152640,Traffic Alert R/A Dr Rajendra Prasad Road से Windsor Place की तरफ जाने वाले मार्ग पर जलभराव के कारण यातायात प्रभवित है!
record:04dcc41c5b5504bcbf6a1c20d842ffd4b549e983b6c87c87825ce153d432a9d5,953887088369283072,https://twitter.com/dtptraffic/status/953887088369283072,"Traffic Alert धौला कुआँ से गुरुग्राम रोड पर BSF Contingent निकल रही है, जिसके कारण यातायात ज्यादा है|"
record:04ef9c5af384ee8aa19280fd79dcf7bcdc6ac95f3fe1aeb1015dc7d0518f202a,878463358973820929,https://twitter.com/dtptraffic/status/878463358973820929,Traffic Alert लोनी गोल चक्कर पर PWD वाले पाइप लाइन डालने का कार्य कर रहे है जिसकी वजह से यहाँ पर यातायात जयादा है |
record:0522079a7a0a87ee535420a6479574043688d2a4f7fa18ea6071bebdcb9a9803,591901089814814720,https://twitter.com/dtptraffic/status/591901089814814720,"Traffic Alert नरेला से बवाना रोड पर J.J. कॉलोनी वालो ने यातायात जाम कर रखा है, असुविधा के लिए खेद है|"
record:05296071fa67983f5590d8c7c8da50cd67d25ba2ed17646b710545f64cc39b0f,1022703284400807936,https://twitter.com/dtptraffic/status/1022703284400807936,Traffic Alert ओखला मंडी के पास जलभराव के कारण यातायात प्रभावित है कृप्या इस मार्ग के प्रयोग से बचें |
record:05343dfa1bbaebffbead5f45e82f2dc0fd9a0c303f4d8fe4dc3e496f7a28a6fb,1056105892255547392,https://twitter.com/dtptraffic/status/1056105892255547392,"Traffic Alert महारानी बाग से ITO जाने वाले मार्ग में सराय काले खां फ्लाईओवर पर एक ट्रक ख़राब है और सराय काले खां के पास एक कंटेनर ख़राब हो गया है | यातायात ज्यादा है |नॉएडा, गाजियाबाद जाने के लिए DND का प्रयोग करे या मथुरा रोड का प्रयोग करे|"
record:05885681e260b47b9d185ced9624fc8fb9540177544e35fd99ac0e41f798bd8f,619836374477336576,https://twitter.com/dtptraffic/status/619836374477336576,Traffic Alert जल भराव के कारण MB रोड (वायु सेना रोड) पर यातायात प्रभावित है | असुविधा के लिए खेद है |
record:05c53039655fbf68bb1d52d853f7ddb1e872024368daa32d47c9c4ec1f803219,629690451868692480,https://twitter.com/dtptraffic/status/629690451868692480,Traffic Alert अधचिनी रेड लाइट पर जल भराव के कारण यातायात को अधचिनी से वसंत विहार की तरफ डाइवर्ट कर दिया गया है| असुविधा के लिए खेद है |
record:05df792c5e1a982e5b436ce7ad13536a8a7a89efd35be2517ee980ae10fecd9f,821709779492081664,https://twitter.com/dtptraffic/status/821709779492081664,Traffic Alert मोती बाग से राव तुलाराम मार्ग पर यातायात ज्यादा है|
record:071b9cf8d3e09e11b8db9f1727d23334d97fe17e2dc24bb442b471d4d5525c71,616131716223225856,https://twitter.com/dtptraffic/status/616131716223225856,Traffic Alert धौला कुआँ फ्लाईओवर के पास जो कंटेनर ख़राब हो गया था उसे वहां से हटा दिया गया है | यहाँ पर यातायात अब सामान्य है |
record:0738a85d890c87c92e3471154f9bb18cd4c8a4c1915e71c639ef8f3ae2fe224c,1031393915981766656,https://twitter.com/dtptraffic/status/1031393915981766656,"Traffic Alert द्वारका लिंक रोड से द्वारका सेक्टर - 21,समालखा और NH-8 की तरफ जाने वाले कट को बंद कर दिया गया है I"
record:0790a3ef456b26ae7b5ab3af09d40c4586a52cb6b75b8f381c14f86a640b547a,582879562201112576,https://twitter.com/dtptraffic/status/582879562201112576,Traffic Alert गाँधी नगर मेन मार्केट में मिटटी के तेल के गोदाम में आग लग गयी है I
record:0805c4df93687026c0d2d0cc3b7cb728e1179b9a1256429e743edf1e9a647204,604166199300214785,https://twitter.com/dtptraffic/status/604166199300214785,Traffic Alert Breakdown container removed from Shanti Van Chowk. शांति वन चौक के पास जो कंटेनर पलट गया था उसे वहां से हटा दिया गया है |
record:0834fdea512fafcdf55d156e3cf3b53edfed37faa59253a63a133a203b475ac8,870502396211863555,https://twitter.com/dtptraffic/status/870502396211863555,Traffic Alert मदर डेरी से नरवाना रोड की तरफ BSES वाले खुदाई का कार्य कर रहें हैं जिससे यातायात प्रभावित हैं| कृपया इस मार्ग के प्रयोग से बचे
record:08df4a1082f11a05799823f05178d3520a210610ff6bbf191791117c71d74adb,1078879051035463680,https://twitter.com/dtptraffic/status/1078879051035463680,Traffic Alert आश्रम से बदरपुर जाते हुए CRRI रेड लाइट पर जो ट्रक डिवाइडर पर चढ़ गया था उसे हटा दिया गया हैI
record:09039291546e0ff0a2d6b522849525d1afab80f195046c5bb09a6af40f6a2dcf,597688272341626881,https://twitter.com/dtptraffic/status/597688272341626881,Traffic Alert सिल्प रोड द्वारका सेक्टर 6 नियर टेलीफ़ोन एक्सचेंज के पास जल बोर्ड वालों ने रोड पर गड्डा खोद रखा है|
record:0967f02b2f7677c6375c16c6faf08af168c51c227786c26383e3efbb2ab74a05,918329103152955392,https://twitter.com/dtptraffic/status/918329103152955392,Traffic Alert NHAI के कार्य की वजह से Mayur Vihar phase 2 अंडरपास बंद कर दिया गया है जिसकी वजह से नरवाना रोड पर यातायात ज्यादा रहेगा |
record:099833ed67f590e7ff451ff977fc29d13b0a195a6891d9b7e121942a0b24b7c4,591963713801859072,https://twitter.com/dtptraffic/status/591963713801859072,Traffic Alert नरेला से बवाना रोड पर यातायात अब सामान्य है|
record:0a50c6e802bd86144666643b18440cbb7cc5ba7e4bc4d4da542c52cd45cf87a8,866469775924281344,https://twitter.com/dtptraffic/status/866469775924281344,Traffic Alert अली गाँव रेड लाइट से बदरपुर बॉर्डर जाने वाले मार्ग में एक पेड़ गिर गया है जिससे यातायात ज्यादा है |
record:0ab209585b1358b60720ba9de6d216032538e4cbcbb7fc2277dd19d0958f8fff,900231841785020416,https://twitter.com/dtptraffic/status/900231841785020416,"Traffic Alert मंगलम से मयूर विहार,मंगलम अंडरपास की तरफ रोड बनाने का कम चल रहा है ट्रैफिक ज्यादा है"
record:0b7953a077204ec02695fd090989915c1dbadcd0178d887a0b1ce374e60d7207,911452250869948416,https://twitter.com/dtptraffic/status/911452250869948416,Part1/2..Traffic Alert Ring Road से Jhandu Singh Marg जाने वाले मार्ग में रोड धंसने के कारण यातयात प्रभावित है Iमोटर चालकों को सलाह दी जाती
record:0bf3a7736a780481db66a03f35e3a65e98eedab97acc2ad3513b59ba146ef1af,613315135952842752,https://twitter.com/dtptraffic/status/613315135952842752,"Traffic Alert महारानी बाग से आश्रम जाने वाले मार्ग में डीटीसी बस नंबर DL 1PC 1114 ख़राब हैं,यातायात ज्यादा हैं| असुविधा के लिए खेद है|"
record:0d4d9d3b03adf5739e6c5776abccc110db836255074843645f9c6a05a69e66a3,879915782288809984,https://twitter.com/dtptraffic/status/879915782288809984,Traffic Alert India Gate C - Hexagon पर ट्रैफिक हैवी हैI कृपया इस मार्ग के प्रयोग से बचें I
record:0d61472bbb98c0e7da0bb7c2330be93d4ee76dbc4a65bcc011fed147f4b3e9a6,621873574270398464,https://twitter.com/dtptraffic/status/621873574270398464,"Traffic Alert दिलशाद गार्डन में पॉकेट J और K में, PWD रोड़ की मरम्मत रहा है | अतः यहाँ पर यातायात प्रभावित रहेगा I असुविधा के लिए खेद है I"
record:0d73847b17b3e611c460953500a02e6e69d6676cec042bd35e350e9a8238938a,1082613947742728193,https://twitter.com/dtptraffic/status/1082613947742728193,Traffic Alert ईदगाह से तीस हजारी जाने वाले मार्ग (रानी झांसी फ्लाई ओवर) पर दिल्ली जल बोर्ड वाले काम कर रहे है जिसके कारण आज रात तक फ्लाई ओवर यातायात के लिए बन्द रहेगाI
record:0d861ff5cb921080fc74354e17558cf6ed9905508ff0758342439836dfcd5211,1013039835500535808,https://twitter.com/dtptraffic/status/1013039835500535808,Traffic Alert नरेला में राम देव चौक पर सड़क धंस गयी है I जिस कारण यातायात बाधित है I कृप्या इस मार्ग के प्रयोग से बचे I
record:0d939a44689b6af1523b7709e14b49dcd330f6b480a6c4fa9754a3c324e01515,590811969600495617,https://twitter.com/dtptraffic/status/590811969600495617,Traffic Alert जसोला रोड से साइन बाग रोड न. 13 के दोनों मार्गों पर यातायात अब सामान्य है |
record:0d9e770d5ef57f1870de84f5750f0a8bf2af9aca21f0f4662c64bd7b5dd9fc64,836779724437393408,https://twitter.com/dtptraffic/status/836779724437393408,Traffic Alert आजाद मार्किट चौक पर दिल्ली जल बोर्ड ने गड्ढा खोद रखा है जिससे यातायात अधिक है I कृपया इस मार्ग के प्रयोग से बचें I
record:0dd0837b3d29e619d2a84a116930cec25624c624e1722309b9336fae22a6447e,1043778186230738944,https://twitter.com/dtptraffic/status/1043778186230738944,Traffic Alert मूर्ति विसर्जन के कारण आगरा केनल रोड से कालिन्दी कुंज के तरफ यातायत ज्यादा हैI इस मार्ग के प्रयोग से बचेI
record:0e267547edeedbd0e657f955bee1fa95639857441deecdb26d73c5bc9f4de7af,586499809307156480,https://twitter.com/dtptraffic/status/586499809307156480,"Traffic Alert वसंत विहार जाने वाले मार्ग पर IIT फ्लाईओवर से पहले जो ट्रक ख़राब था, उसे हटवा दिया गया है|"
record:0e6aa1c99ff3fef74a51606a68fbd47bb30a133617c500b5add728f2b3f4e81e,919470663508705280,https://twitter.com/dtptraffic/status/919470663508705280,Traffic Alert नेताजी सुभाष प्लेस से जो रोड मौर्या एन्क्लेव की तरफ जाता है उस पर मेला लगा हुआ है जिसके कारण इस मार्ग पर यातायात ज्यादा रहेगा
record:0eca44d4b0e59c2fa5e386afcbfe1b0fcee7441237349fc956cf4f85018a7ea4,809585050429702144,https://twitter.com/dtptraffic/status/809585050429702144,Traffic Alert 1/2 भीष्म पितामह मार्ग दयाल सिंह कॉलेज के पास एक पेड़ गिर गया हैं जिससे भीष्म पितामह मार्ग से रिंग रोड की...
record:0ed3962f2933a8107a35d0ad02004395d7d0cec920ac54bb70cb8ad832fc7eb3,805993905674067968,https://twitter.com/dtptraffic/status/805993905674067968,Traffic Alert बाबासाहेब अम्बेडकर के श्रद्धांजलि कार्यक्रम की वजह से रेल भवन से संसद मार्ग को यातायात के लिए बंद कर दिया है |
record:0f0a57dc4d166a8945420d2d7c0ee0fb72441efe93a853a1417f20fc4ae68320,1125378676655157250,https://twitter.com/dtptraffic/status/1125378676655157250,Traffic Alert सुनहरी मस्ज़िद (लाल किला) में धार्मिक कार्यक्रम के कारण निषादराज मार्ग आज 7 PM से 11:30 PM तक बंद रहेगा|
record:0f2bcd206151826403a64e5f0c1dda5e9b3ba22f03858ad6d825aeed93cea15c,1070766780895772673,https://twitter.com/dtptraffic/status/1070766780895772673,Traffic Alert महिपालपुर से बसंत कुंज जाने वाले मार्ग में महिपालपुर चौक के पास एक बस ख़राब होने के कारण चारो और का यातायात हैवी हो गया हैIकृप्या इस मार्ग के प्रयोग से बचेI
record:0f4c3e429103c2ff5301ff04605ed24436b11ce01b57f053f3b74c548582385e,611024126656974849,https://twitter.com/dtptraffic/status/611024126656974849,Traffic Alert हौज़ खास मेट्रो स्टेशन पर रोड धसने के कारण यातायात ज्यादा रहेगा |
record:0fab20db3ad845b768158a8cf936a1db434d8b0f4a20119f4e1338c33d5dcca1,937892487485579270,https://twitter.com/dtptraffic/status/937892487485579270,"Traffic Alert जो वाहन DCM चौक, सदर बाज़ार और पुल मिठाई जाना चाहते है वह Y-POINT किशनगंज से होते हुए जाएंगे I"
record:101fd3acc5a049ec1de684fb3371e5028522174b67eef287043ae5d7b9f848c7,1089838078028644352,https://twitter.com/dtptraffic/status/1089838078028644352,Traffic Alert अपोलो हॉस्पिटल के अन्दर मुफ्त पार्किंग फुल हो गई हैं जिसके कारण यातायात को मथुरा रोड से बदरपुर की तरफ सीधे निकला जा रहा हैं| कृपया इस मार्ग के प्रयोग से बचें|
record:1058579f3c50bb74e7610b14b680d4d2a67dd8fec3c57b7401beea81f6e87d96,786163714034589696,https://twitter.com/dtptraffic/status/786163714034589696,Traffic Alert मदरसा T पॉइंट से INA की तरफ जाने वाले मार्ग के यातायात को लोधी रोड की तरफ ताजिये के कारण डाइवर्ट किया गया है I
record:105c1d64df24e625c8ea5937916df7beb8bf5748330b1e19ddaf519e68d95268,1054362503675830272,https://twitter.com/dtptraffic/status/1054362503675830272,Traffic Alert आश्रम फ्लाईओवर से DND की तरफ जाने वाले मार्ग में एक गाडी में आग लग जाने के कारण यातायात प्रभावित है I
record:10ba835cb7f9aa136f8131bc362de44870f21ae296c4fe5c8d7ee48fc62a5e08,1065889532111962112,https://twitter.com/dtptraffic/status/1065889532111962112,Traffic Alert गुरुद्वारा बंगला साहिब और गुरुद्वारा रकाबगंज के पास यातायात ज्यादा हैI इसके आस-पास के रोड को प्रयोग करने से बचेI
record:12078f51b9e8e0ca67a1939e138bcc61aa6a7288a015208cc4bba4434df2a264,932439417125351424,https://twitter.com/dtptraffic/status/932439417125351424,"Traffic Alert चिराग दिल्ली से मोदी मील जाने वाले मार्ग में फ्लाईओवर के ऊपर एक DTC बस ख़राब हो गई है,जिसके कारण इस मार्ग पर यातायात प्रभावित है"
record:13486bc3816a500eb3754a710cbd2107f4ff666a2162b256d2970e13ab0c8c4d,898761955086749697,https://twitter.com/dtptraffic/status/898761955086749697,"Traffic Alert हमदर्द से बदरपुर (दोनों मार्ग) एक DTC बस के दुर्घटना व ब्रेकडाउन और एक पेड़ गिरने के कारण ट्रैफिक प्रभावित है,"
record:13537cd33b31b547433d42ad4f5379dd614b11447df721b5ec9a0af50fab8da5,824895340323106817,https://twitter.com/dtptraffic/status/824895340323106817,Traffic Alert विंडसर प्लेस व जसवंत सिंह रोड से अशोका रोड की तरफ यातायात अब सामान्य है!
record:1370c9e2932c7aa9f12535eea1a39ef49ca59eb65d37a15177f6cc1ebf8b3103,1070782110879739905,https://twitter.com/dtptraffic/status/1070782110879739905,Traffic Alert महिपालपुर चौक के पास जो बस ख़राब थी उसे हटा दिया गया हैI
record:1391d84fc5442b3da10dae4625a7171d638d22b232693554676f2e46b0fd66b5,851630432496037889,https://twitter.com/dtptraffic/status/851630432496037889,Traffic Alert डाबड़ी मोड़ से द्वारका की तरफ जाने वाले मार्ग पर एक बिजली का खम्भा(POLE) टूट कर गिर गया है! जिसके कारण ट्रैफिक बाधित है!
record:139d219de34131d806968f77dfae72c32538340104edc0508b2ad8e3bfb1366c,1005440255925747712,https://twitter.com/dtptraffic/status/1005440255925747712,Traffic Alert आई.आई.टी. से Adchini जाने वाले रास्ते में एक पेड़ गिर गया है जिस के कारण यातायात प्रभावित है!
record:1450b3573290c0e2aac6e6efb7cf1f69e3823097e67e5b191e5c32d75ac1fc80,794513313342181377,https://twitter.com/dtptraffic/status/794513313342181377,"Traffic Alert मधुबन चौक से विकासपुरी की तरफ जाने वाले मार्ग पर मंगोलपुरी रेलवे फ्लाईओवर के नीचे झाड़ियो में आग लग गयी है, 1/2.."
record:14baa78ac3f1c1b74c9115dd863432f03395e9691b60e0520a80caaf83f7eba0,864089977109401601,https://twitter.com/dtptraffic/status/864089977109401601,Traffic Alert जसवंत सिंह गोल चक्कर से विंडसर प्लेस की तरफ जाने वाले मार्ग में BJP Office के सामने एक पेड़ गिर गया है जिससे यातायात बाधित है|
record:14ec43a9a8e7f2147361cbf389d5cdec9361606f66ea315f8816308bc99f9706,1068383323423092736,https://twitter.com/dtptraffic/status/1068383323423092736,Traffic Alert अखिल भारतीय किसान संघर्ष समन्वय समिति मार्च कस्तूरबा गांधी मार्ग पर है | यहाँ पर यातायात प्रभावित है |
record:14f0f0dd9822c1997fdb5c71088a542cefd1dc847c818c4c844422055de1d93d,804675923479961600,https://twitter.com/dtptraffic/status/804675923479961600,Traffic Alert ब्रिगेडियर होशियार सिंह मार्ग पर औरोबिन्दो मार्ग जाने वाले मार्ग पर अफ्रीका अवेन्यु से डायवर्सन दिया गया है I
record:1540931bec8da7ac7cdfc95a741653a2a5ffa5896eae895b62c93bf110b0303f,847425607931539457,https://twitter.com/dtptraffic/status/847425607931539457,Traffic Alert निजामुद्दीन से मयूर विहार जाने वाले carriage way में बारापुला पर elevated road का कार्य चल रहा है जिसे sarai kale khan से 2/1
record:1585a81e7c43de3f7e94f66c8f287fc0fa12d20903e71519ed517f945636b283,1040818907584647168,https://twitter.com/dtptraffic/status/1040818907584647168,Traffic Alert RTR Flyover पर PWD का कम चल रहा है जिसके कारण मुनिरका से एयरपोर्ट जाने वाले रास्ते को बंद किया हैI
record:158a89ef4b0cadfcd83c02a4811fdd6db836fd58dd7622a5b808d72866d50925,574173814558449664,https://twitter.com/dtptraffic/status/574173814558449664,Traffic Alert मूलचंद अंडरपास से स्लिप रोड चिराग दिल्ली की तरफ जाने वाले मार्ग में बरसात पानी भर गया है I
record:15c4fd50f565a64f3824f89b2a694d692744a895196f49c723ba2e5a14237761,1063630642372579329,https://twitter.com/dtptraffic/status/1063630642372579329,Traffic Alert नरेला लामपुर मोड़ से नरेला पुलिस स्टेशन की तरफ जाने वाले मार्ग पर मीरसिंह मार्केट के पास एक ट्रेक्टर ट्राली पलट गया है जिसके कारण यातायात बाधित हैI
record:161c0455e17e2b67a749efca794a1c9924a11a075cc44672fa084b9773392263,1022677612416651264,https://twitter.com/dtptraffic/status/1022677612416651264,Traffic Alert गाजीपुर मुर्गा मंडी और मयूर विहार फेज 2 जलभराव के कारण यातायात प्रभावित है कृप्या इस मार्ग के प्रयोग से बचें!
record:16573389191f24ce8b972db56aefd4d5f36d26d001732692350a9a5fb73e081c,1107861582254477312,https://twitter.com/dtptraffic/status/1107861582254477312,Traffic Alert धौला कुआँ से AIIMS जाने वाले मार्ग में मोती बाग़ फ्लाईओवर के पास एक ट्रक पलट गया है जिसके कारण यातायात बाधित है|
record:169bf5f472118a532be61cbf39bb0dc4496585e8bfedad98f5d5eedb64023aaf,1096962432210165765,https://twitter.com/dtptraffic/status/1096962432210165765,"Traffic Alert आश्रम चौक से निजामुद्दीन जाते हुए भोगल फ्लाईओवर पर रोड धस गई हैI जिसकी मरम्मत का कार्य 15/02/2019 रात 12 बजे से 17/02/2019 रात 12 बजे तक चलेगा, जिस कारण यह रोड बंद रहेगाI कृपया इस रोड के प्रयोग से बचेI"
record:16c1b023d2004619788e9f7936148b056b92b9c26ec38d5c86698968f0c559cf,1017791513265410048,https://twitter.com/dtptraffic/status/1017791513265410048,Traffic Alert छतरपुर से अंधेरिया मोड की तरफ रोड पर गहरा गड्डा हो गया हैं यातायात को divert कर दिया गया हैं|
record:1769f4d39816e0c765f0e483baa8e4fd9f6a06bd503acbf85caec6c800306b53,1119640406734467073,https://twitter.com/dtptraffic/status/1119640406734467073,Traffic Alert वजीरपुर मार्केट से रिंग रोड की तरफ जाते हुए K.C Goyal Marg पर भविष्य निधि भवन के सामने पानी की पाइप लाइन फटने के कारण waterlogging हो रही हैI जिस कारण यातायात बाधित हैI
record:17e9316f891f0841b2f5471c947b3a1e05c1fd34733854850ca9fe1f448a5454,910529773985607680,https://twitter.com/dtptraffic/status/910529773985607680,Traffic Alert मुर्गा मंडी के पास एक कार में आग लग जाने के कारण गाजीपुर के पास यातायात बाधित है I कृपया इस मार्ग के प्रयोग से बचें I
record:180463b87b781e27ebe99ddde6a175fcbbd75bc4c927892371b6749b58f6ea3d,561515306070585344,https://twitter.com/dtptraffic/status/561515306070585344,"Traffic Alert रिंग रोड पर आश्रम से सराय काले खां मार्ग पर यातायात ज्यादा चल रहा है, असुविधा के लिए खेद है|"
record:1804d74e49d7c25c0bdbc2c654fea928661d0de599bb744ce2000c29788b7fc5,1046326539703316481,https://twitter.com/dtptraffic/status/1046326539703316481,Traffic Alert हिन्दू युवा चेतना संगठन का एक जुलूस जो हनुमान सेतू से चलकर छातारैल -राजघाट -दरियागंज -दिल्ली गेट -ITO-प्रगति मैदान -आश्रम -निजामुद्दीन -लाजपत नगर -साउथ एक्सटेंशन -कोटला -चिड़ियाघर -खान मार्केट से होते हुए इंडिया गेट तक जायेगाI
record:18da3dc0ce3d14a78e39ecfcb6389ff136a48d30d2c148fbd3b1d5cbb17bc531,788402021934075905,https://twitter.com/dtptraffic/status/788402021934075905,Traffic Alert आजाद मार्किट चौक पर बिजली के दो खम्भे गिर जाने के कारण यातायात प्रभावित है I
record:1978b1fce2f864904b56b457337061278b1b2b7af1477b8d0547d73cb581b73c,778426576387969024,https://twitter.com/dtptraffic/status/778426576387969024,Traffic Alert वजीराबाद पुल पर खजुरी से सिविल लाइन की तरफ जाने वाले मार्ग पर आज 08.00 AM से 10.00 AM तक यातायात को one way किया गया हैI
record:198deb37640f3b7519805ce64fed8a891adfb25acd654cba4b840550a72d07bd,1031107231373131776,https://twitter.com/dtptraffic/status/1031107231373131776,Traffic Alert अनुवर्त मार्ग कुतुबमीनार मेट्रो स्टेशन के सामने जलभराव के कारण यातायात प्रभावित है!
record:19ac5d28a543a8c600519bc78e2e22d81b901d29527387d8a636ed0e71aacb39,1010430944547876864,https://twitter.com/dtptraffic/status/1010430944547876864,Traffic Alert दुर्गा पुरी फ्लाईओवर से GTB Hospital जाने वाले मार्ग में दुर्गा पुरी फ्लाईओवर पर दरार आने के करण यातायात बाधित है I कृपया इस मार्ग के प्रयोग से बचे I
record:19ea4c5af8a53cc88879b200607bfa39a83f2a1eafab3c20ed231057545f34cc,774539770177257473,https://twitter.com/dtptraffic/status/774539770177257473,"Traffic Alert भरत नगर गंदे नाले की रेड लाइट पर एक रोड रोलर ख़राब है, जिसकी वजह से यातायात ज्यादा हैI"
record:19fed3cf77bf221d4bc278d94f23300e54e9b0ef248b0a6370c30f2544156940,1003062433949204480,https://twitter.com/dtptraffic/status/1003062433949204480,Traffic Alert दिनांक 03-06-2018 सुबह 07:00 बजे से साइकिल रेस का आयोजन किया जायेगा जिसका मार्ग इस प्रकार से रहेगा :- Connaught Place - GPO -RML -Mother Teresa Crescent Road -President's House (Gate No.26) से U-टर्न लेकर RML -GPO -Baba Kharak Singh Marg- Shivaji Stadium.
record:1a185cea2b94f0ca5396a5e0bf758e802ffd78fca6b587f0176de879629b9175,619786649325670400,https://twitter.com/dtptraffic/status/619786649325670400,Traffic Alert जाकिर हुसैन मार्ग पर पेड़ गिरने के कारण यातायात प्रभावित है | असुविधा के लिए खेद है |
record:1a2d2fa7032bf8fbb9123130970942b381c049228495b201bded4522b745ec12,907458397187932160,https://twitter.com/dtptraffic/status/907458397187932160,Traffic Alert मोती बाग से वसंत कुंज की तरफ R. K Puram Sector 12 रेड लाइट पर एक पेड़ गिर गया है. ट्रैफिक हैवी है.
record:1a6412ca0808c787fe06a957abdea55f0922ed28745a75e09a4dfe40abb2b929,612819892660740096,https://twitter.com/dtptraffic/status/612819892660740096,"Traffic Alert रानी झांसी रोड पर पानी भरने और ख़राब रोड की वजह से यातायात प्रभावित रहेगा, असुविधा के लिए खेद है|"
record:1ac37beef1333e065645d6d9934c904b71f229d8b0663ac16ce75cbc7102dfd2,1033289558874640390,https://twitter.com/dtptraffic/status/1033289558874640390,"Traffic Alert ज्वालाहेड़ी मार्केट से रामदेव चौक , क्लब रोड , नार्थ एवेन्यू रोड , पंजाबी बाग सेंट्रल मार्केट से होते हुए जुलूस पंजाबी बाग रिंग रोड तक जाएगाI कृपया इस मार्ग के प्रयोग से बचेI"
record:1ac46b4b33a0100d987220d80f38e95694c6165e6b229094e335a0385831922b,565832116580392960,https://twitter.com/dtptraffic/status/565832116580392960,"Traffic Alert पीरागढ़ी चौक से मधुबन चौक यातायात सामान्य है, सभी डायवर्सन हटा दिया गया है I"
record:1b69e82131be49ac8e98161588a1459a7b95a92e403b836f80507b34c406b2f5,1014826036926693376,https://twitter.com/dtptraffic/status/1014826036926693376,Traffic Alert Kapashera से Dwarka जाने वाले मार्ग में पेड़ गिर जाने के कारण यातायात बाधित है I कृपया इस मार्ग के प्रयोग से बचें I
record:1c433b5e6356c0e2cae27f4136c2127d058d465cbccb2c22688609c179a5df87,876650752206295040,https://twitter.com/dtptraffic/status/876650752206295040,Part1/2..Traffic Alert आउटर रिंग रोड पर नेहरु प्लेस से चिराग दिल्ली जाने वाले मार्ग में पम्पोश बस स्टैंड के सामने पेड़ गिर जाने के कारण
record:1d32da55d8f97b143eac31ba29056b588eb8097a544b1ec7a8f632193804ec2a,1068088517476048896,https://twitter.com/dtptraffic/status/1068088517476048896,Traffic Alert अखिल भारतीय किसान संघर्ष समन्वय समिति मार्च जो अभी Telco Chowk पर है जिसमें 700 से 800 लोग शामिल हैं जो Kadkadi Mod -गीता कॉलोनी -यमुना पुल -राजघाट -जवाहर लाल नेहरू मार्ग से होते हुए रामलीला मैदान पहुचेगाI इन जगहों पर यातायात प्रभावित रहेगाI
record:1d9ce28aad2f76ac73de34ef6d3cb3950bbd64fd944fb7ee06116d22e999d92d,1113028204967616512,https://twitter.com/dtptraffic/status/1113028204967616512,Traffic Alert निगम बोध घाट से राजघाट जाने वाले मार्ग पर हनुमान मंदिर फ्लाईओवर के पास DTC की बस में आग लगी थी जिसे हटा दिया गया हैI
record:1e76edc29d0275831b5f9339ab483fda25497b23c21886456120f1ed5b8d646a,602084095590604800,https://twitter.com/dtptraffic/status/602084095590604800,Traffic Alert कैंडल मार्च वाले कस्तूरबा गाँधी मार्ग पर हैं जिसकी वजह से यह मार्ग भी प्रभावित हैं और यातायात को डाइवर्ट किया गया हैं |
record:1e8c84ad718a905f9bf43018f55fc13513c2c7618fb9735aae9b4fb6300fd887,1089159257625251840,https://twitter.com/dtptraffic/status/1089159257625251840,Traffic Alert Select City Mall Saket की दोनों पार्किंग भर चुकीं हैं गाडियां रोड पर खड़ी है जिसके कारण यातायात प्रभावित हैI
record:1eaa2a93ab5870488dd50f6541184d17d78a99c3bb4e330478727a45163c4fd9,915174866537529344,https://twitter.com/dtptraffic/status/915174866537529344,"Traffic Alert आज़ाद मार्किट पर ब्रिज का काम चल रहा है और कमर्शियल मार्किट ३ दिनों की छुट्टी के बाद आज खुला है सदर बाजार , चांदनी चौक 1/2"
record:1eaea1bdf3c9c6adb0eba3395988ba16221a76b4b0a24c9894978f2d1663f571,1072336992942415872,https://twitter.com/dtptraffic/status/1072336992942415872,Traffic Alert आश्रम से बदरपुर जाने वाले मार्ग में न्यू फ्रेंड्स कॉलोनी रेड लाइट पर एक ट्रक ख़राब है जिसके कारण यातायात बाधित हैI
record:1f38661aa7cad46e1857dd1968e8f5c0976c6b4635ed1884830cf1c526e76d75,779887344505815040,https://twitter.com/dtptraffic/status/779887344505815040,"Traffic Alert सेवाधाम प्राइमरी स्कूल, सीमापुरी के पास दिल्ली जल बोर्ड की पाइप लाइन फट गई है जिससे यहाँ यातायात प्रभावित है|"
record:1fdc7f506e5edecfa529d2ec5ff0f8c6c7d5dd4b61afd33a86000289dc161b74,1075950667221622784,https://twitter.com/dtptraffic/status/1075950667221622784,Traffic Alert पीरागढ़ी चौक से मधुबन चौक की तरफ जाने वाले मार्ग में फ्लाईओवर के ऊपर तेल बिखरा हुआ है जिसके कारण कोई दुर्घटना हो सकती है कृपया इस मार्ग के प्रयोग से बचेंI
record:1fe19da70e890b07fd75005ca5fd641c0000fa550cfdefcd51d09130d70db61f,1097771097628372992,https://twitter.com/dtptraffic/status/1097771097628372992,Traffic Alert रविदास जयंती का जुलूस जो लाहोरी गेट से चला था हमदर्द चौक आसफ अली रोड पहुँच गया हैI
record:1fe30d84a8a87aae78ef703dd39e53e654efb669e77c9ad5a3f30b1c67751349,885716959131713536,https://twitter.com/dtptraffic/status/885716959131713536,Traffic Alert पुलिस बंदोबस्त की वजह से बसों के मार्ग को आर. के. पुरम सेक्टर 12 से वसंत विहार की तरफ डाइवर्ट किया गया हैं|
record:207f50ba5aafc2962c5a4c69ed42cc9ea6da4364a74824462fd936e3d0a3bdbe,911515605500489728,https://twitter.com/dtptraffic/status/911515605500489728,Part1/2..Traffic Alert A-3 Block CGHS Dispensary के पास एक पेड़ गिर जाने के कारण मीरा बाग गोल चक्कर से ज्वालाहेरी मार्किट और मुल्तान नगर से
record:2099e094ad6f88dd803d759b80e66e0ac5a6048fa161ab87dd8a0a8464340250,1075958018976768000,https://twitter.com/dtptraffic/status/1075958018976768000,Traffic Alert मधुबन चौक से मुकरबा चौक की तरफ जाने वाले मार्ग में फ्लाईओवर के ऊपर तेल बिखरा हुआ है जिसके कारण कोई दुर्घटना हो सकती है कृपया इस मार्ग के प्रयोग से बचेंI
record:2133726f824db096ff82196002cab3f6247602d95d707b4d5ed7bd10848ac4ec,565142986968035328,https://twitter.com/dtptraffic/status/565142986968035328,"Traffic Alert रिंग रोड से आश्रम, मथुरा रोड यातायात ज्यादा है I"
record:21420511a450f36ce3f470f2682dcc43a2b74fabf64a60c2a4989153774359f3,547730864256589826,https://twitter.com/dtptraffic/status/547730864256589826,Traffic Alert पटेल चौक से जी. पी. ओ. (अशोक रोड़) की तरफ जाने वाला मार्ग यातायात के लिए सामान्य है|
record:214bd96347a28e5aae6c8649e99d72b7b8855ca82d840d24618107f63e19b862,1088076799584522240,https://twitter.com/dtptraffic/status/1088076799584522240,Traffic Alert आनंद विहार से अप्सरा बॉर्डर जाने वाले मार्ग में रोड नं 66 पर दो गाडियो में आग लग गई है जिसकी वजह से यातायात बाधित है |
record:216d79ac08393b630efd1adff6e0823556542f0d1bd58c60982bddfebe8f1af3,1067225904378597377,https://twitter.com/dtptraffic/status/1067225904378597377,Traffic Alert धौला कुआँ फ्लाईओवर के पास राष्ट्रीय राजमार्ग 48 पर एक मेट्रो की क्रेन खराब हो गई हैं जिससे यातायात प्रभावित हैं|
record:21758d03430a6ce6f09d29b872f6be7eb7c81a3f2f2e1f63470a2d1b3634b1f7,1063751418748776454,https://twitter.com/dtptraffic/status/1063751418748776454,"Traffic Alert मीरसिंह मार्केट नरेला के पास जो ट्रेक्टर ट्राली पलट गया था वो हटा दिया गया है,यातायात अब सामान्य हैI"
record:228887e2b70dbf58a2de28996967d417fe98a0734e2c2811670c224e563e1db5,920655518414249989,https://twitter.com/dtptraffic/status/920655518414249989,Traffic Alert दिल्ली कैंट. से जो ट्रैफिक द्वारका फ्लाईओवर की तरफ जा रहा है वंहा एक बस ख़राब है !
record:22ff48bd68f5d3a87694f1c5eddeea8d381638ae8d52c283e6c7a7808b97da42,916916177850343424,https://twitter.com/dtptraffic/status/916916177850343424,Traffic Alert महावीर एन्क्लेव के पास दिल्ली जल बोर्ड का काम चल रहा है जिसके कारण पालम डाबड़ी मार्ग पर यातायात ज्यादा है|
record:2318f4ebf3eb4aef7a59c4ee287814a96c5094fd1485b7eb11c86abc4668cbc0,1051132093235978241,https://twitter.com/dtptraffic/status/1051132093235978241,Traffic Alert मोती बाग चौक से राव तुलाराम जाने वाले मार्ग में मोती बाग चौक के पास दिल्ली जल बोर्ड का काम चलेगा| जो आज रात 2200 HRS से कल सुबह 0500 HRS तक चलेगा|
record:234e5f621a73ad7ba9884b4ff0af3730cdab29fb34105bc5a3203a85a7750659,623865786541719552,https://twitter.com/dtptraffic/status/623865786541719552,Traffic Alert MB रोड (खानपुर से लाडो सराय सैनिक फार्म हाउस गेट नंबर 1) पर कुछ लोग धरना प्रदर्शन कर सकतें है|
record:238b6217771f8c867f1bebbe1b2eaae4476ac935e2cefab54ce99829b036c4ad,1021042965828067330,https://twitter.com/dtptraffic/status/1021042965828067330,Traffic Alert द्वारका मोड से दिल्ली गेट जाने वाले मार्ग की रोड धंस गई हैं जिसे DMRC ने मरम्मत के लिए बंद कर दिया गया हैं| यातायात को divert कर दिया हैं|
record:240f5e09d8923ca5ff21d1e30f8906fc44a339c5cd9407df36b15982635fc199,868689079373750272,https://twitter.com/dtptraffic/status/868689079373750272,Traffic Alert आजाद मार्केट चौक पर पानी की पाइप लाइन फटने के कारण यातायात बाधित है I कृपया इस मार्ग के प्रयोग से बचें I
record:241074e778c604f2098475101c5e8e580d1652b53157a1b6f7e4d6df70556ff5,877088616106741761,https://twitter.com/dtptraffic/status/877088616106741761,"Traffic Alert योगा कार्यक्रम की वजह से Outer circle Connaught Place, J.L.N. Marg, Ajmeri Gate पर यातायात अगले दो घंटों तक प्रभावित रहेगा|"
record:245941331d0b2ee59e0c18e372232a536545e54b1516c5bce9b15af629171f97,784231107742969857,https://twitter.com/dtptraffic/status/784231107742969857,Traffic Alert 1/2 खजुरी से वजीराबाद की तरफ जाने वाले मार्ग पर आज 08.00 AM से 10.00 AM तक यातायात को one way चलाया जा रहा है तथा यमुना पार
record:249181b62a8b707852663815b69fcbe5cb51dc7eaaeb71ec0afd90e6bde709de,1037904556997242882,https://twitter.com/dtptraffic/status/1037904556997242882,Traffic Alert विष्णु दिगम्बर मार्ग पर एक पेड़ गिर जाने के कारण यातायात बाधित है I कृपया इस मार्ग के प्रयोग से बचें I pic.twitter.com/F5QCbrwstS
record:24d9ebddfe83db5b19eeb8dffa006bff6890edda053a1df5192ca4972661370b,629581188433342464,https://twitter.com/dtptraffic/status/629581188433342464,Traffic Alert नेहरु प्लेस से पंचशील की तरफ यातायात अब सामान्य है |
record:2524dbca9b38410194bf38caeeac2f64ae9e7b4df657db38b0047d68854b18b3,1123916760082722817,https://twitter.com/dtptraffic/status/1123916760082722817,"Traffic Alert अंधेरिया मोड़ से वसंत कुंज जाने वाले मार्ग पर 2 पेड़ गिर गए है, जिस कारण यातायात बाधित हैI"
record:2551327d2996c57a1a360b1f954315e31e3c11d0c47c29c77577c20af2dcae28,903455364120698884,https://twitter.com/dtptraffic/status/903455364120698884,Traffic Alert अग्रवाल चौक मुनिरका सी.एन.जी. पंप के पास रोड पर एक बड़ा गड्डा होने की वजह से यातायात प्रभावित हैं|
record:26119785699255f41b89e26b0c365b2da18f40fa8ae0834e856694c73d865550,569719704299937793,https://twitter.com/dtptraffic/status/569719704299937793,Traffic Alert मायापुरी फ्लाईओवर के पास यातायात अब सामान्य है जो दिल्ली जल बोर्ड द्वारा किये जा रहे कार्य के कारण बाधित था |
record:2699f63954be2c88dd84d73adfc2dd3a6a76af8c26395557fc28e6da833271f6,1022722355821330433,https://twitter.com/dtptraffic/status/1022722355821330433,Traffic Alert फिरनी रोड नजफ़गढ़ से नांगलोई जाने वाले मार्ग में गड्डे होने की वजह से यातायात प्रभावित है|
record:26de91cd74203822911fe274075efdc5677186a29e9fb7fd4e7c8b55e9091cc9,786068001841881089,https://twitter.com/dtptraffic/status/786068001841881089,"PART1/2.Traffic Alert 1430HRS पर 6/7 ताजिये महरौली से कर्बला के लिए जाएँगे जिसका रूट होगा,क़ुतुब रोड,अरविंदो मार्ग,IIT,INA से कर्बला जाएँगेI"
record:2718978cf8a4134d2c58ebaf3876db13385c86addd5d3d0a6d4fcb43ad54da33,874652116605743104,https://twitter.com/dtptraffic/status/874652116605743104,Traffic Alert अक्षरधाम मेट्रो स्टेशन पर मेट्रो ख़राब होने की वजह से अधिक भीड़ व यातायात प्रभावित हैं | कृपया इस मार्ग के प्रयोग से बचें|
record:2750c39216515d8f2c56953d3090688d7f27a2d2dab08ef932bb16dbc5fc665a,557956093884628992,https://twitter.com/dtptraffic/status/557956093884628992,Traffic Alert एस पी मुखर्जी मार्ग हनुमान मंदिर के पास यातायात सामान्य हैं |
record:2783800cec0fb1851ddd4c8f1cf3f47e37935af4f5d40cd9fd6e67ab6490b53e,1104749740783255552,https://twitter.com/dtptraffic/status/1104749740783255552,Traffic Alert विकाश मार्ग से अक्षरधाम रेलवे फ्लाईओवर उतरते ही एक कार में आग लगने के कारण यातायात बाधित है| पुस्ता रोड के प्रयोग से बचे| मदर डेयरी जाने के लिए वैकल्पिक मार्ग का उपयोग करे|
record:28403a409e56a19b7c664b1e247f4a8b93ec039f5585f95ca1e7ecf95cf9a302,1097747383364988928,https://twitter.com/dtptraffic/status/1097747383364988928,"Traffic Alert मंडी हाउस से अध्यापकों का जुलूस चलेगा जो बाराखम्बा -टॉलस्टॉय मार्ग -बाराखम्बा रोड -जनपथ होते हुए जंतर- मंतर तक जायेगा,जिसके कारण इन मार्गों पर यातायात प्रभावित रहेगाI"
record:2874263367aeb5c1ba189071042b6c9b274cd49b7c11443f6ddffbed730f04f3,1108415082474672128,https://twitter.com/dtptraffic/status/1108415082474672128,Traffic Alert अशोक विहार वाटर टैंक से मोंटफोर्ट सीनियर सेकेंडरी स्कूल की तरफ जाने वाले मार्ग में रोड धस गई है जिसकी वजह से यातायात प्रभावित रहेगा | pic.twitter.com/5uKGaokxDX
record:28f6a5bdc365043c7a9d3acfeddd67429ac4ff667f0a65484d59ee0550044bb4,1068161610496110592,https://twitter.com/dtptraffic/status/1068161610496110592,"Traffic Alert अखिल भारतीय किसान संघर्ष समन्वय समिति मार्च अब रामलीला मैदान पहुँच चुका है वन्देमातरम मार्ग ,शंकर रोड ,Kadkadi मोड़ ,गीता कॉलोनी फ्लाईओवर ,यमुना पुल ,राजघाट ,जवाहरलाल नेहरु मार्ग ,दिल्ली गेट ,मजनू का टीला ,हनुमान सेतु ,चन्दगी राम अखाड़ा पर यातायात अब सामान्य हैI"
record:297da3b5a6eeb8d4c36e5db0c9567017f1851608be803a0e5d760e3512c468d9,579298282813435904,https://twitter.com/dtptraffic/status/579298282813435904,"Traffic Alert अजमेर शरीफ की भीड़ के कारण लाडो सराय से IIT आने वाले मार्ग पर यातायात ज्यादा रहेगा, असुविधा के लिए खेद है |"
record:29ec66a4d7b2242aa0fa2831fe619bf4bd9cf206368c1d20a95023ea120d312b,548888778723442689,https://twitter.com/dtptraffic/status/548888778723442689,Traffic Alert पटेल चौक से जी. पी. ओ. की तरफ अब यातायात सामान्य है|
record:2a365aa6661060b3785edb256598e90abcd047922983cf041d1481ac6d7c29f2,1067414947712376832,https://twitter.com/dtptraffic/status/1067414947712376832,Traffic Alert Trade Fair का आखिरी दिन होने के कारण भैरो मार्ग पर पैदल आवागमन ज्यादा हैI जो मार्ग भैरो मार्ग से रिंग रोड की तरफ जाता है उसका प्रयोग करने से बचे I
record:2b2ccb6e4bb8809e6264a680535d5cd2683ee00894bb421dc9dbaf6bbb2dd551,1028538848823762946,https://twitter.com/dtptraffic/status/1028538848823762946,Traffic Alert GTB अस्पताल गेट न. - 7 के पास रोड धंस जाने के कारण यातायात बाधित है I कृपया इस मार्ग के प्रयोग से बचें I
record:2bbd2dae192264c51ca9f718dd3f9ccc29e0ddf6fff2b537a878d3fcb1a8d913,1070599220141256714,https://twitter.com/dtptraffic/status/1070599220141256714,Traffic Alert मायापुरी से पंजाबी बाग जाने वाले मार्ग में राजा गार्डन फ्लाईओवर के ऊपर PWD के द्वारा मरम्मत का कार्य किया जा रहा है जिसके कारण यातायात प्रभावित हैI
record:2be8791e18c4d64d9cad976cb68c87ee3ac7a9cac7004a39920a34ae0462fd77,808572546857607168,https://twitter.com/dtptraffic/status/808572546857607168,Traffic Alert यातायात ज्यादा होने की वजह से हिंदुराव पहाड़ी से बर्फ़ खाना की तरफ जाने वाले यातायात को डायवर्सन दिया गया है |
record:2cb55243067f4e71b8bca163fed899b94e8bc6a6b8544f21f2e287fbcb3db922,1018029846893477888,https://twitter.com/dtptraffic/status/1018029846893477888,Traffic Alert शकरपुर रेड लाइट के पास रोड धंसने के कारण यातायात प्रभावित है I कृपया इस मार्ग के प्रयोग से बचें I
record:2cbfa7311617a9d695c0b49cb2a85a99956cf74134c0645dd5d111a65597d4f5,633927353337425921,https://twitter.com/dtptraffic/status/633927353337425921,Traffic Alert लाला लाजपत राय मार्ग आम पब्लिक के लिए खोल दिया गया हैI
record:2e975d612278fb755ba125a93c7771776dd7c73c0a5a211b464ab3e2ec908acd,997332421493243907,https://twitter.com/dtptraffic/status/997332421493243907,"Traffic Alert अकबर रोड पर , गोल मेथी गोल चक्कर से मोती लाल नेहरू प्लेस गोल चक्कर को जाने वाले मार्ग में पेड़ के गिरने के कारण ट्रैफिक बाधित है। कृपया इस मार्ग के प्रयोग से बचे।"
record:2f021de510dbb78a625d048b3f8675228ad806e5801045d3108310ecd9de383a,907073316371828736,https://twitter.com/dtptraffic/status/907073316371828736,Traffic Alert आजाद पुर मंडी में ज्यादा गाडी आने के कारण से आजादपुर से G.T.K डिपो और G.T.K डिपो से आजादपुर दोनों मार्गो पर यातायात बाधित है|
record:2f35e2c0aece84baf0f180fc66009fff48f6479f784ae3c9d44f8b869d67c55f,619834739940327424,https://twitter.com/dtptraffic/status/619834739940327424,Traffic Alert जल भराव के कारण शांति वन चौक पर यातायात प्रभावित है | असुविधा के लिए खेद है |
record:2f4ed9e0f4a3aa0894048e7dc2339ac5f30a8f9902a45c2fad0c6e70c147f021,776314493768839169,https://twitter.com/dtptraffic/status/776314493768839169,"Traffic Alert NH-24 से गाजियाबाद की तरफ यातायात नहीं जा रहा है | जिसकी वजह से NH-24, गाजीपुर, DND पर यातायात ज्यादा है |"
record:2fa1e20f9dfa3e60a5e154d1773f2112a16ac4b4eab5053060437d761821c591,1063627998564360194,https://twitter.com/dtptraffic/status/1063627998564360194,Traffic Alert लाडो सराये से IIT जाने वाले मार्ग पर अधचिनी के पास PWD के द्वारा रोड बनाने का काम चल रहा है जिस कारण यातायात बाधित हैI
record:3009efb4bac5508c235a12e449fd31b8dae90bb66ade175bdfa04027ce9b47e8,880711791457828864,https://twitter.com/dtptraffic/status/880711791457828864,"Traffic Alert धौला कुआँ से RTR जाने वाले मार्ग से भारी वाहनों (HTV,BUS) को हयात होटल की तरफ डाइवर्ट किया गया है!"
record:30f211501c1bf909698a34448e863c622290fa90d69a1e49e0d9bc5f4e9aaf40,563993168635756544,https://twitter.com/dtptraffic/status/563993168635756544,Traffic Alert सूरजकुंड मेलें के कारण सूरजकुंड रोड पर यातायात ज्यादा है और पार्किंग की सभी जगह भर गयी है I असुविधा के लिए खेद है I
record:3113c7f3f3ac1ec8519070ebed52ae45b0f84bba2bc8f15b195a9170d3b9f45a,880712401984860160,https://twitter.com/dtptraffic/status/880712401984860160,Traffic Alert Outer Ring Road से D-Block मंगोलपुरी जाने वाले रोड को बंद कर दिया गया है!
record:312afb611d61a091650de4dba41fda31601720766864d491a2a561438605009c,592269954336083968,https://twitter.com/dtptraffic/status/592269954336083968,Traffic Alert एक DTC की बस DL 1PD 0070 पालम फ्लाई ओवर पर दिल्ली केंट से DWARKA जाने वाले मार्ग पर ख़राब थी उसे अब हटवा दिया गया है|
record:31848676bb697a995ff1d23842b2af7c79a863b59d9fe2f4fa10950d5e100e84,1097099501813125120,https://twitter.com/dtptraffic/status/1097099501813125120,Traffic Alert Connaught Place Inner Circle में पैदल आवागमन ज्यादा होने के कारण यातायात बाधित हैI कृप्या इस मार्ग के प्रयोग से बचेI
record:31cfa141fdf035f26b590a32c24da149f86fb971b2e91a61f788f24ceb2a909a,886181947290009600,https://twitter.com/dtptraffic/status/886181947290009600,Traffic Alert RTR मार्ग पर PWD का काम चल रहा है इसलिए शाम 5 बजे से शाम 8 बजे तक बड़े वाहनों और बसों को सेक्टर-8 और.. 1/2
record:32511bca5665567050e853d9a994d6e2fcc0509275abbb65db456e480c54e851,1017766906177183745,https://twitter.com/dtptraffic/status/1017766906177183745,Traffic Alert मोमेंट्स मॉल मोती नगर सीवर का दक्कन खुल गया हैं जिससे रोड पर जल भराव और फिसलन हो गई है| यातायात को टोडापुर से Divert कर दिया गया हैं|
record:326968ded1205feb1b7ecfe5b209bbb18222c579fa66b01a79dec2caf1bdeb79,1005457446880493568,https://twitter.com/dtptraffic/status/1005457446880493568,Traffic Alert Kalindi kunj से Noida जाने वाले मार्ग में Okhla Barrage पर एक लोहे का पोल टूट कर गिर गया है जिसके कारण यातायात प्रभावित है!
record:32e69c58bc0dcf65a727f1339c76a63cf5b810f8890070855d8d271b2f028a1b,1072331080039129088,https://twitter.com/dtptraffic/status/1072331080039129088,Traffic Alert मधुबन चौक से पीरागढ़ी जाने वाले मार्ग में मंगोलपुरी फ्लाईओवर के ऊपर एक ट्रक नंबर RJ10GB0887 ख़राब होने के कारण यातायात बाधित हैI
record:337f67bc529fe2aa02704bb2e747cee97af33db92323032ed495e958e05170e5,1085185815829897217,https://twitter.com/dtptraffic/status/1085185815829897217,"Traffic Alert शांति वन से जो ट्रैफिक ISBT की तरफ जाता है वह महात्मा गाँधी मार्ग से ना जा कर राजा राम कोहली मार्ग बाईपास की तरफ डाइवर्ट कर दिया है,कृप्या इस मार्ग का प्रयोग करे I"
record:33874e1f5cd721b03c2ecedd782130d21701713f8da646421b46c0d70b2e6a2d,622620356331880448,https://twitter.com/dtptraffic/status/622620356331880448,Traffic Alert C-1 रेड लाइट माता चन्दन देवी हॉस्पिटल के पास जो पेड़ गिर गया था उसे हटा दिया गया हैं| यातायात सामान्य है |
record:33ae00ba8e08af1625688294cd88effbc4075ebd2655220f1d6f810b18fc7737,627099040191221760,https://twitter.com/dtptraffic/status/627099040191221760,Traffic Alert तालकटोरा स्टेडियम में आज 6 PM से 10 PM तक कार्यक्रम चलेगा जिसके कारण शंकर रोड व पार्क स्ट्रीट पर यातायात ज्यादा रहेगा|
record:33dd644d19909f327e82a3995db734c805846033ebe1b8f6306a98ef5e5954d0,897006099026632704,https://twitter.com/dtptraffic/status/897006099026632704,Traffic Alert जन्माष्टमी पर्व के अवसर पर राजाधीर सेन मार्ग पर राधाकृष्णा मन्दिर से संत नगर जाने वाले Carriageway को बंद कर दिया है| 2/1
record:33e5d33f299c2c12125b9914e1dbb39ec66c2a7e29a3aaa711ce1efd1d58bdfe,989204239342751744,https://twitter.com/dtptraffic/status/989204239342751744,Traffic Alert कुतुब मीनार के पास Foot Over Bridge का काम चल रहा है जिसके कारण आज रात 12 बजे से सुबह 5 बजे तक लाडो सराय से 100 फूटा जाने वाला मार्ग बंद रहेगा|
record:34374bd474ece22f80758272a235df39a8e2d2ed9f429c33546ef94ab239e1b9,1068397302824517632,https://twitter.com/dtptraffic/status/1068397302824517632,"Traffic Alert अखिल भारतीय किसान संघर्ष समन्वय समिति मार्च अब संसद मार्ग पहुच चुका है रामलीला मैदान ,जवाहरलाल नेहरु मार्ग ,रणजीत सिंह फ्लाईओवर ,बाराखंबा चौक टॉलस्टॉय मार्ग,कस्तूरबा गांधी मार्ग ,टॉलस्टॉय मार्ग-जनपथ क्रासिंग ,जंतर मंतर T-Point पर यातायात अब सामान्य है |"
record:3442f1ecce97b93f392ce65d0b34340ed034f92b995fb017a6b81ccb21a177df,771565151036190720,https://twitter.com/dtptraffic/status/771565151036190720,1/2 Traffic Alert- रिंग रोड पर नारायणा फ्लाईओवर से धौला कुआँ की तरफ जाने वाले मार्ग मे नारायणा फ्लाईओवर से उतरते ही सड़क धंस गई हैं ...
record:344fc89fccef86c8f35db1e7083f267ae4d54d5b848b1be623574712ee76e1f1,903573483463917569,https://twitter.com/dtptraffic/status/903573483463917569,Traffic Alert १/२ DND से कोंडली व गाजीपुर खत्ता जाने वाले मार्ग में कई गाड़ियाँ कूड़े के ढेर में धंस गई हैं ...
record:3477ed9729c507c4064b1134afd1257aafcda3f76708fd7fb449ded903eaea3d,1034354010478858243,https://twitter.com/dtptraffic/status/1034354010478858243,Traffic Alert कैप्टेन गौड़ मार्ग पर ओखला मंडी के गेट नंबर 1 और 2 के बीच जलभराव व सीवर पाइप लाइन से जल रिसाव के कारण यातायात प्रभावित है!
record:347af658e8b22ab0f9f9421b3aad7b6eb451e2edfb5f4e89f408c034b7f26aef,1071338201812365312,https://twitter.com/dtptraffic/status/1071338201812365312,Traffic Alert बीकानेर हाउस में क्रिसमस बाजार लगा हैं जिसके कारण पंडारा रोड पर यातायात बाधित हैं| कृपया इस मार्ग के प्रयोग से बचें|
record:347ec6a7afa5ce71b79f28566bdb3fd4bec8d8e154bea56cda36e23cf02ac96a,610809736695418880,https://twitter.com/dtptraffic/status/610809736695418880,"Traffic Alert हौज खास मेट्रो स्टेशन के पास 6/7 फीट गहरा रोड धंसने के कारण यातायात प्रभावित रहेगा, असुविधा के लिए खेद है |"
record:349115ef1b3d9afa15db552548a9432eff6a6ddb722a4ac703bee7257590e89c,1124176885951242240,https://twitter.com/dtptraffic/status/1124176885951242240,"Traffic Alert शास्त्री पार्क और सीलम पुर फ्लाईओवर पर PWD का काम चल रहा है, जिस कारण यातायात प्रभावित है Iकृप्या गाजियाबाद से दिल्ली आने के लिए आनंद विहार से हो कर आये I"
record:3496c0dddadb02aba3e6323d959d1f687cc23f79fea0e650ca61e7844bf4cda3,877744620045615104,https://twitter.com/dtptraffic/status/877744620045615104,Traffic Alert IGNOU रोड पर MB रोड से Zebra Cut जाने वाले मार्ग में PWD ने गड्ढे खोद रखे हैं जिससे यातायात प्रभावित है I
record:34b6ef8d9c3f2990e2f25c77007fe531ae10bc30ef15453c47d71217edebe2f3,1113006786825478144,https://twitter.com/dtptraffic/status/1113006786825478144,Traffic Alert निगम बोध घाट से राजघाट जाने वाले मार्ग पर हनुमान मंदिर फ्लाईओवर के पास DTC बस में आग लगने के कारण यातायात बाधित है| वैकल्पिक मार्ग का उपयोग करे|
record:34f4a42acab34d8a09b29b6db4dcb73dc36ff1e036ea90189e153d3175549dc3,547019854730231809,https://twitter.com/dtptraffic/status/547019854730231809,"Traffic Alert अशोका रोड, फिरोजशाह रोड और कनाट प्लेस पर यातायात ज्यादा है I"
record:35224e4497a51b88e36014ca481678ed54c329ab36ecd68190160877e6a6e01a,1073881294013108224,https://twitter.com/dtptraffic/status/1073881294013108224,Traffic Alert RTR से एयरपोर्ट जाने वाले मार्ग में RTR flyover के नीचे DJB का काम चल रहा है यातायात प्रभावित है|
record:35340d511f907da62b706b455c132e199888e77b39b7b615f02123b45e013d87,855627492828340225,https://twitter.com/dtptraffic/status/855627492828340225,Traffic Alert बर्फ खाना चौक पर MCD का रोड रिपेयरिंग का काम चल रहा है जिसके कारण खन्ना मार्किट से बर्फ खाना जाने वाले सराय फूस रोड पर अगले1/2
record:35f0c395f27507dac3853608ffd572bde952c5d5c41de41801e3468d2f7ff566,867596142774595584,https://twitter.com/dtptraffic/status/867596142774595584,Traffic Alert साकेत कोर्ट के पास पेड़ गिर जाने के कारण यातायात प्रभावित है I यातायात को J ब्लाक साकेत की तरफ डाइवर्ट किया गया है I
record:367e599c415bdaf5bf5567efb68a98886d3bd284c41b72cbdbdeaa11a5fa6222,977393816419422208,https://twitter.com/dtptraffic/status/977393816419422208,Traffic Alert आगरा नहर पर 2 ट्रक ख़राब होने के कारण फरीदाबाद से कालिंदी कुंज जाने वाले मार्ग में यातायात ज्यादा रहेगा |
record:3696bcecdf7f0c94b968a4eb99a70c2b8ebad948f01cd5fcc247044bdb14703b,894444117777727488,https://twitter.com/dtptraffic/status/894444117777727488,"Traffic Alert आई.टी.ओ से लक्ष्मी नगर जाने वाले मार्ग पर दिल्ली सचिवालय बस स्टाप के पास एक ऊँट मरा पड़ा है,जिस कारण से यातायात बाधित हैI"
record:36c536ca5661d63455668dbf9e662f836624614795009388e4914687db6ff40a,955267638711726080,https://twitter.com/dtptraffic/status/955267638711726080,"Traffic Alert लाजपत नगर से मूलचंद जाने वाले मार्ग में IGL गैस कंपनी वालो ने खुदाई कर रखी है, जिसके कारण यातायात ज्यादा रहेगा|"
record:36cb70fbe2af2d2f0692d6566f9fcf222f347bf91dd4b261a56b25a84149b534,931488159531012096,https://twitter.com/dtptraffic/status/931488159531012096,"Traffic Alert IIT से नेहरू प्लेस , चिराग दिल्ली के पास एक पर्यटक बस ख़राब हो गयी है , ट्रैफिक हैवी है कृप्या इस मार्ग से बचे !"
record:36fd81a4218f2cb7a7759fd15a5a3adfc40c181334a7e04d6c1a5385a50aa714,1048517753013825537,https://twitter.com/dtptraffic/status/1048517753013825537,"Traffic Alert तैमूर नगर में धरना प्रदर्शन के कारण दोपहर 1बजे से शाम 7 बजे तक नीचे दिए गये मार्गो पर यातायात में बदलाव किया गया है I 1. महारानी बाग़ से सी वी रमन मार्ग की बजाए मथुरा रोड से जायेगेI 2.माता मंदिर T- Point,सी वी रमन मार्ग से महारानी बाग यातायात बंद रहेगा I"
record:371d349499416091aa9689d0ff87f8a9c9b55655d23f8df2e4feef89d6971e5d,1023089127078735872,https://twitter.com/dtptraffic/status/1023089127078735872,Traffic Alert मेहरौली बदरपुर रोड पर बत्रा हॉस्पिटल के पास पानी की समस्या को लेकर लोग प्रदर्शन कर रहे हैं जिससे दोनों मार्गों पर यातायात बाधित हैं| कृपया इस मार्ग के प्रयोग से बचें|
record:37586ee4c1d159510093618bab492abf0a8bb627e5c27195ac22a80e2523ab2a,572222658206699521,https://twitter.com/dtptraffic/status/572222658206699521,"TRAFFIC ALERT प्रेस एंक्लेव रोड साकेत नियर PSRI हॉस्पिटल के पास ऐक पेड़ गिर गया हैं| जिससे यातायात प्रभावित हैं,असुविधा के लिए खेद हैं|"
record:376fed02537f83d538bbd800a5c3cf6a77f9b6418166cae341e15402eacb718f,852386303480020992,https://twitter.com/dtptraffic/status/852386303480020992,Traffic Alert वैसाखी के कार्यक्रम की वजह से RML से गोल डाकखाना तक यतायात ज्यादा है | कनॉट प्लेस की तरफ जाने वाले वाहन चालक 1/2
record:37c7dfbd3390b38e5e16abb135ec70569ce7e31a24209be5390083d9d405f33a,573056364974456834,https://twitter.com/dtptraffic/status/573056364974456834,Traffic Alert Main M.B. Road पर PWD ने काम किया था वहां पर सीवर ओवरफ्लो कर रहा है जिसकी वजह से ट्रैफिक बाधित है I
record:3851c00420ea32cc9e0bf27ee89911748f1d34ddb5e96d3d734dce6ee205e915,829192216807477248,https://twitter.com/dtptraffic/status/829192216807477248,Traffic Alert आजाद पुर से फिल्मिस्तान जाने वाले मार्ग में पानी की पाइपलाइन फट जाने के कारण यातायात बाधित हैIकृपया इस मार्ग के प्रयोग से बचें
record:3884e1fb790d338755f81fdf44d40ec9aab9de2953fad611d22e16a5de80cf41,586410652865957888,https://twitter.com/dtptraffic/status/586410652865957888,Traffic Alert देवली मोड़ पर DJB ने पानी की पाइप को ठीक करके कल जो गड्ढा भर दिया था वहां पर आज दोबारा पानी निकल... http://fb.me/3KYIKBWqQ
record:39d589183358299cccd8693e6dc1561d09f7c037e8ce5f7471b6574b65251777,1076801744007385090,https://twitter.com/dtptraffic/status/1076801744007385090,Traffic Alert क़ुतुब मीनार पर ज्यादा Tourist आने के कारण पार्किंग फुल हो गई है जिस कारण हौज़ खास से क़ुतुब मीनार की ओर जाते हुए अरविंदो मार्ग पर यातायात बाधित हैI
record:3ad2b13fa47cef23bc3577208b728dfa56375f2a4b4b93b95437ae2642cafd69,619654423585931265,https://twitter.com/dtptraffic/status/619654423585931265,Traffic Alert नारायणा से धौला कुआँ जाने वाले मार्ग में यातायात अब सामान्य है |
record:3b400cea0bd5b731536938aac5946fedc3dc6d154cec143f1d7f91acd43b729e,1110779132772843520,https://twitter.com/dtptraffic/status/1110779132772843520,Traffic Alert खानपुर से लाडो सराय जाने वाले मार्ग पर दिल्ली जल बोर्ड वाले काम कर रहे हैं जिसके कारण यातायात बाधित हैI
record:3b52582053a93ce8240deef56de474da7900a84d11cfc8699fd6c6b76787c4df,1008196396946677761,https://twitter.com/dtptraffic/status/1008196396946677761,Traffic Alert बंगला साहिब गुरुद्वारे और रकाबगंज गुरुद्वारे पर गुरुपर्व का प्रोग्राम चल रहा है Iजिस कारण बाबा खडग सिंह मार्ग और अशोक रोड पर यातायात बाधित है I कृप्या इन मार्गो के प्रयोग से बचे I
record:3c4163cec4d8d49d379f3db98bf4a712e04af18785ebd49bf4c89b21a6ee96ef,1073889707220656133,https://twitter.com/dtptraffic/status/1073889707220656133,Traffic Alert लाल किला से फाउंटेन चौक जाने वाले मार्ग में दिल्ली जल बोर्ड का काम चल रहा है| जिसके कारण श्यामा प्रसाद मुखेर्जी मार्ग और नेताजी सुभाष मार्ग से ISBT कश्मीरी गेट (both carriageways ) यातायत बाधित है|
record:3c41a4753f5b289dc4b9879e10697dc55181aaebfa0678db162788755bb295df,1035464570998087680,https://twitter.com/dtptraffic/status/1035464570998087680,Traffic Alert गोल मेथी R/A से मोती लाल नेहरु प्लेस तक धरना प्रदर्शन के कारण रोड यातायात के लिए बंद है!
record:3cb80f7794d82b30ff132bd91fa1579090a361ab1537e05270b22a3066fd87b7,541086424775540736,https://twitter.com/dtptraffic/status/541086424775540736,Traffic Alert आउटर रिंग रोड पर सवित्रि सिनेमा (ग्रेटर कैलाश) की तरफ जाने मुड़ते ही एक सीवर धंस गया है | असुविधा के लिए खेद है |
record:3d6493be497be004e5e24e17b10fe58efbf83b2e4685d28b6c81342580e96420,825314107796512769,https://twitter.com/dtptraffic/status/825314107796512769,Traffic Alert 1/2 लाल किले पर भारत पर्व मनाया जा रहा हैं जिसकी वजह से दिल्ली गेट से पुरानी दिल्ली जाने वाली बसें रिंग रोड...
record:3dbc9bb6c08016a9da9b7451e9294045856d58eb2969ce55d12d40a0ca82b75f,1024156961955184640,https://twitter.com/dtptraffic/status/1024156961955184640,Traffic Alert आर.के. आश्रम मार्ग मेट्रो स्टेशन के पास पंचकुइंया रोड पर कनाट प्लेस की तरफ जाते हुए रोड में एक 15-20 फूट का गड्ढा हो गया हैं जिससे यातायात प्रभावित हैं |
record:3dcf43b1a20d059750f594b23f5988f852bde663f3c580cd75b625c91b6daf8c,1077110709245394944,https://twitter.com/dtptraffic/status/1077110709245394944,"Traffic Alert दिगम्बर जैन मंदिर, लाल किला से एक धार्मिक शोभायात्रा चली है जो फव्वारा चौक- खारी बावली -चांदनी चौक से होती हुई पहाड़ी धीरज जाएगी |इसलिए इन मार्गो के प्रयोग से बचें |"
record:3e4ebdbf842687113a13ce7617dbee1e586bf6bb06db2fb6dfc57894cf86d0c4,580368752409112579,https://twitter.com/dtptraffic/status/580368752409112579,"Traffic Alert पंचशील मार्ग पर दिल्ली जल बोर्ड और दिल्ली मेट्रो का काम चल रहा था वह अब खत्म हो गया है, यातायात सामान्य ‍है|"
record:3f19660301c47e4052db0ac667e1e2ec111d9b5c6facbef4ff2cefeb7381fcfa,1097367667336335362,https://twitter.com/dtptraffic/status/1097367667336335362,Traffic Alert गुरुग्राम से महरौली से जाने वाले मार्ग में CDR चौक के पास जो रोड धस गई थी उसकी मरम्मत कर दी गई है यातायात अब सामान्य है | pic.twitter.com/057SFajHk2
record:3f8f963a8c0b38aa0c5e62b58ac334b08ff4c61a1651ff807172e54d76e1b10d,557129654545678336,https://twitter.com/dtptraffic/status/557129654545678336,Traffic Alert लोकल काउंसलर की माता जी का देहांत हो गया हैं जिससे एम् बी रोड खानपुर पर यातायात ज्यादा रहेगा | असुविधा के लिए खेद हैं|
record:3fc8d189b69eca06ff39eff51612c26e1f3a2e61daef4faa0d0df6b980ec2ad8,1114563446329237507,https://twitter.com/dtptraffic/status/1114563446329237507,Traffic Alert प्रताप नगर मेट्रो स्टेशन से आजाद मार्किट जाने वाले मार्ग में PWD आज रात 11 बजे से काम करेगी| जिसके कारण यातायात बाधित रहेगा|
record:3fd044582626ed82fc7ff6cf04e4e081d58b8b3bb4cc7cac45160fc75516c898,1052942739027968007,https://twitter.com/dtptraffic/status/1052942739027968007,Traffic Alert CR पार्क में दुर्गा पूजा होने के कारण विपिन चन्द्र पाल मार्ग और सावित्री सिनेमा रोड पर यातायात प्रभावित है|
record:406fd55350c47c4f072aa87de7917a455394ac4f02c45aabd885be5ba3e30c31,1034290277207298048,https://twitter.com/dtptraffic/status/1034290277207298048,Traffic Alert मोती बाग फ्लाईओवर के नीचे दोनों तरफ जलभराव के कारण यातायात प्रभवित है!
record:40b55dc41dad1a3dc494c7c4479955fdda66ca40cd93349a5719c9a717357043,771895411858608128,https://twitter.com/dtptraffic/status/771895411858608128,"Traffic Alert- रिंग रोड पर नारायणा फ्लाईओवर से धौला कुआँ की तरफ जाने वाले मार्ग मे नारायणा फ्लाईओवर से उतरते ही जो सड़क धंस गई थी, 1/2"
record:40ed001df574cfbc5f075bdf22005531133fa70c68ffd7fbe0889afa6b4c4fe1,881446647766564864,https://twitter.com/dtptraffic/status/881446647766564864,Traffic Alert मथुरा रोड /शेर शाह रोड क्रोसिंग पर मथुरा रोड से CXC Gun जाने वाले मार्ग में एक पेड़ गिर गया है जिसकी वजह से यातायात ज्यादा1/2
record:40f285b449a09595e5e7ed24033323746bc2ff87e22b44c57526241b5565a87b,1068369975948259328,https://twitter.com/dtptraffic/status/1068369975948259328,Traffic Alert अखिल भारतीय किसान संघर्ष समन्वय समिति मार्च जो अभी रामलीला मैदान से चला है जो अभी जवाहर लाल नेहरू मार्ग पर है जिसमें 7000 से 8000 लोग शामिल हैं | यातायात प्रभावित है |
record:41eaa7ac25b2b28e6d54e1d92219e10f9a82a1e5989238a1f0b7a9357bb0c078,836879150640156673,https://twitter.com/dtptraffic/status/836879150640156673,Traffic Alert ITO चौक से लक्ष्मी नगर जाने के लिए बसों को दिल्ली गेट की तरफ से डाइवर्ट किया गया है I
record:4273d8c28afcd068edec8ab2430717171e23ed215a244aabad69859d7f978131,1097739094359138304,https://twitter.com/dtptraffic/status/1097739094359138304,"Traffic Alert महाराष्ट्र भवन दिल्ली से छत्रपति शिवाजी महाराज का जुलूस चलेगा जो माधवराव स्सिन्डिया मार्ग-जसवंत सिंह मार्ग से होकर राजेंदर प्रसाद रोड तक जायेगा,जिसके कारण इन मार्गों पर यातायात प्रभावित रहेगाI"
record:42792c78ddb7df8902838124b6c589e3838d1b767047c667aa4ffa5a468641e1,1050652884121997313,https://twitter.com/dtptraffic/status/1050652884121997313,Traffic Alert CDR चौक से महरोली मेट्रो स्टेशन जाने वाली सर्विस लेन में मरम्मत का काम चल रहा हैI जिस कारण यातायात बाधित हैI
record:4280eb3b0b03f33742931d75ad082789f68f58a181ec6b1f7b0f7505c13f4a51,1123918692474028033,https://twitter.com/dtptraffic/status/1123918692474028033,"Traffic Alert M.B रोड से महरौली जाने वाले मार्ग पर खानपुर के पास 1 पेड़ गिर गया है, जिस कारण यातायात बाधित हैI"
record:42b2318749302976ebbd0defc3af34949b60673fd2ce374cd7c0422d091b63b8,1073817516584116224,https://twitter.com/dtptraffic/status/1073817516584116224,"Traffic Alert 10 अशोका रोड से (12 PM) बाइक रैली निकलेगी जो 10 अशोका रोड से जनपथ, CP प्लेस और वापिस 10 अशोका रोड आएगी|"
record:42c2b332ed61cbcfd3d80041ad066662e55275cf28a4a3f316fc2676d1e203e5,846690403130716160,https://twitter.com/dtptraffic/status/846690403130716160,"PART1/3....Traffic Alert बर्फ खाना चौक पर MCD का रोड रिपेयरिंग का काम15 दिन तक चलेगा,जिसके कारण खन्ना मार्किट से बर्फ खाना जाने वाले सराय"
record:42e74c3e25ec66a8190fc1f27b310a968447d3f0bac14c0acac2b62df3e106c1,1077478571134853120,https://twitter.com/dtptraffic/status/1077478571134853120,Traffic Alert प्रेस एन्क्लेव रोड सेलेक्ट सिटी मॉल की पार्किंग फुल हो गयी हैIजिस कारण यातायात बाधित हैI इस मार्ग के प्रयोग से बचेI
record:42e8437f7c5e14ab1431e9fa46122acd7ac3bea5d254ae4995ded4daf6957355,1070623402757517312,https://twitter.com/dtptraffic/status/1070623402757517312,Traffic Alert अकबर रोड गोल चक्कर से इंडिया गेट की तरफ जाने वाले मार्ग में सीवर पाइप लाइन के रिसाव के कारण यातायात प्रभावित हैI
record:4387446d33c84603d238c67adeab7124ad909ad5efda1e51edf168597c0b8889,996553495820910592,https://twitter.com/dtptraffic/status/996553495820910592,Traffic Alert Britannia Chowk से हरियाणा मैत्री भवन जाने वाले मार्ग में शकूरबस्ती के सामने एक बड़ा पेड़ गिर गया है |
record:43a3646d1632e04402c6348945c795ad1675f6b76fcfa74d4ab4d52a1e21107e,1022706503201898496,https://twitter.com/dtptraffic/status/1022706503201898496,"Traffic Alert बदरपुर रेलवे अंडरपास ,आली गाँव रेड लाइट , I P फ्लाईओवर के नीचे ,मोदी मिल फ्लाईओवर के नीचे ,जवाहरलाल नेहरु मार्ग पर गुरु नानक चौक के पास , रामलीला मैदान MCD HQ के पास जलभराव के कारण यातायात प्रभावित है |"
record:43f51b641022e1926ef9582d3f11310c5695163a45f3d16cd18d176b53a1288b,1068008730929889280,https://twitter.com/dtptraffic/status/1068008730929889280,Traffic Alert बिजवासन गाँव से Dwarka Link Road की तरफ जाने वाले शाही रोड पर किसान रैली के कारण यातायात प्रभावित है कृपया इस मार्ग के प्रयोग से बचेंI
record:446404355513e5de27daa2512a5d26bf4f30a675a39e462759c79a0e85271d79,938253727147819009,https://twitter.com/dtptraffic/status/938253727147819009,Traffic Alert जंतर मंतर पर प्रदर्शन के कारण पटेल चौक से जंतर मंतर जाने वाले मार्ग को बंद कर दिया गया हैं|
record:446daf785135f4ed18cfa6454f47def8bfaaa3d5474041aa5c52dcf5d89407b4,799498136188256256,https://twitter.com/dtptraffic/status/799498136188256256,Traffic Alert निरंकारी सम्मलेन की वजह से किंग्सवे कैंप चौक से बुराड़ी तक दोनों मार्गों में यातायात प्रभावित रहेगा |
record:44a7efdb4f48d02a8e78941da318e709fc3f78eb556258a9cc42acdd3f40290d,1093729403257978880,https://twitter.com/dtptraffic/status/1093729403257978880,"Traffic Alert जनक सेतु से धौलाकुंआँ जाने वाले मार्ग में स्टेशन रोड, धौलाकुंआँ के पास रोड धंस जाने के कारण यातायात बाधित है I कृपया इस मार्ग के प्रयोग से बचें I"
record:44b0a78315fdc5a316d4337efe34f8e8b7068ef46d8549966397f0da8a1920c8,619835855885176832,https://twitter.com/dtptraffic/status/619835855885176832,Traffic Alert ईस्ट ऑफ़ कैलाश सपना सिनेमा के पास कार पर पेड़ गिरने से यहाँ पर यातायात प्रभावित है | असुविधा के लिए खेद है |
record:44f1645694aa34a0a5ed679dac0c9c5ebf9ef067de5185aeb2c688f9115efc8b,906343424055328769,https://twitter.com/dtptraffic/status/906343424055328769,"Traffic Alert राजपुर रोड परिवहन प्राधिकरण (Transport Authority) के पास एक पेड़ गिर गया है, जिसकी वजह से यातायात प्रभावित हैI"
record:451722bdb7288796054b24b2b4be4712881211bdbf7993953ed957bdeb16532d,1093698032149774336,https://twitter.com/dtptraffic/status/1093698032149774336,Traffic Alert Naraina फ्लाईओवर के रिपेयर का कार्य चल रहा है जिसकी वजह से यहाँ यातायात बाधित है |
record:4522d989608851336e9efc54e9502220ee32050bf4e83b0041d926e022ec4b6c,996554165714210816,https://twitter.com/dtptraffic/status/996554165714210816,Traffic Alert नेहरु प्लेस से संत नगर जाने वाले मार्ग में नेहरु प्लेस बस स्टैंड के सामने एक बड़ा पेड़ गिर गया है |
record:45a471d451e08d7cdc21fb922e3cba93cbfc33df7a87439dc34e2fc827a783e9,1059283806891454464,https://twitter.com/dtptraffic/status/1059283806891454464,Traffic Alert सरिता विहार से कालिंदी कुंज जाने वाले मार्ग में एक ट्रक पलट गया था जिसे हटा दिया गया है |
record:460b9158a2277cded312a6c2dac2854dc1935b62404b8e4e85a9c34c02f749c5,632241412990496769,https://twitter.com/dtptraffic/status/632241412990496769,Traffic Alert आजाद मार्किट चौक पर यातायात अब सामान्य है |
record:4700ebb49739e6fbdd82c686160306a0af8383c4335fd245d7fc1587dbb3841e,571907738890080258,https://twitter.com/dtptraffic/status/571907738890080258,"Traffic Alert जाकिर हुसैन कॉलेज व गुरु नानक चौक पर बरसात का पानी भर गया है, जिसकी वजह से यातायात ज्यादा है I"
record:4710a991f6a6f69cd8dc1e2446619fa9c895a0669c27a01aefabdccd1a1a7fd5,848706400859586563,https://twitter.com/dtptraffic/status/848706400859586563,"Traffic Alert बर्फ खाना चौक पर MCD का रोड रिपेयरिंग का काम15 दिन तक चलेगा,जिसके कारण खन्ना मार्किट से बर्फ खाना जाने वाले सराय फूस रोड 2/1"
record:483bc1faf3c1103023c69a65cc614f65b0576506286d9e24453b7edabe04e9c2,602695597796302849,https://twitter.com/dtptraffic/status/602695597796302849,Traffic Alert क़माल अताह तुर्क मार्ग और सम्राट होटल गोल चक्कर पर यातायात अब सामान्य है |
record:485e6150cc6aceb4d27e0e78b8bafebda66bf2c7ac40b0246825b37d4e67840f,621953488625516544,https://twitter.com/dtptraffic/status/621953488625516544,Traffic Alert आज शुक्रवार की नमाज़ के कारण मोदीमिल से लाजपत नगर की तरफ जाने वाले यातायात को one-way किया गया है | असुविधा के लिए खेद है |
record:486ee35e64c768483d1e23531c7c970d5fee04247c9feda4db1f56c624846e16,544875651925164033,https://twitter.com/dtptraffic/status/544875651925164033,"Traffic Alert आश्रम चौक पर दिल्ली मेट्रो का काम चल रहा है, जिसके कारण 2 घंटे तक आश्रम चौक पर यातायात ज्यादा रहेगा I"
record:488080177b0a8d9a7d0d07fe523f7d1975e42ab337db8a7eb5612b3980717112,1093368446891356160,https://twitter.com/dtptraffic/status/1093368446891356160,Traffic Alert समालखा T-Point पर धरना प्रदर्शन की वजह से द्वारका से गुरुग्राम (both carriageway) में यातायात प्रभावित है |
record:4888e48a9b79993d5595cfb9cfad4a067a0ca080aebafbdad027dfa58fb99a80,544876520309678080,https://twitter.com/dtptraffic/status/544876520309678080,"Traffic Alert DTC बस DL1PC 7605 मिन्टो रोड आउटर सर्किल पर ख़राब है, जिससे मिन्टो रोड आउटर सर्किल पर यातायात ज्यादा है I"
record:499c3ac9d1900e9b234452cec10d777a12458f5b6de114b93b006e01b7bf6934,1052201601794863104,https://twitter.com/dtptraffic/status/1052201601794863104,Traffic Alert मोती बाग से धौला कुआँ जाने वाले मार्ग में पॉवर हाउस (धौला कुआँ) के पास एक कार में आग लग गई है | जिसके कारण यातायात बाधित है|
record:49b25bb4e1b9a5cfce5c3c430eb6d56137efa7c555dc887d0449ba5b2fe065a7,1083831424539475968,https://twitter.com/dtptraffic/status/1083831424539475968,Traffic Alert गुरुग्राम से धौला कुआँ जाने वाले मार्ग में महिपाल पुर के पास जहा अंडरपास बन रहा है वहा पर रोड धंस गया है जिसे रिपेयर कर रहे है जिसकी वजह यहाँ यातायात बाधित है |
record:49d2bd5d6f48c608fd9fcd6a1b87c3e17b8b0d074b4e268455a594f9c33ef18b,939063039613050880,https://twitter.com/dtptraffic/status/939063039613050880,Traffic Alert वजीराबाद ब्रिज पर ट्रक ख़राब होने के कारण ट्रैफिक को डाइवर्ट किया हुआ है जिससे ISBT से शास्त्री पार्क मार्ग पर यातायात हैवी चल रहा है|
record:4a16c096a8433fb725bb67c3e2c11576dd1ed2450165ec80a7dbdd1796bce365,939449042710380549,https://twitter.com/dtptraffic/status/939449042710380549,Traffic Alert बूटा सिंह गोल चक्कर पर रोड धंस गई है जिसके कारण बूटा सिंह गोल चक्कर से रफी मार्ग की तरफ जाने वाला यातायात बाधित है|
record:4a51441c42d7d549a651c33a9e59d6fa5d8a8b35cf8c3604ad52bd21e74f4967,1093776397036711938,https://twitter.com/dtptraffic/status/1093776397036711938,Traffic Alert आनंद पर्वत में गली नंबर 10 के सामने सीवर का पानी रोड पर आ रहा है I जिस कारण यातायात बाधित हैI
record:4a61d98d86f08b5e5b90261f7dffc7e679d21867df666911d39fc30033a4251a,903283937778077697,https://twitter.com/dtptraffic/status/903283937778077697,Traffic Alert वेंकटेश्वर कॉलेज के पास रोड धँस गयी है जिसके कारण बेनितो जुआरेज मार्ग से रिंग रोड की तरफ जाने वाले मार्ग को बंद कर दिया गया है
record:4a6c69c682a74ae72102f58ca8f82f8543cc7605338f4b82b8cb0f681e70e283,850945733842747394,https://twitter.com/dtptraffic/status/850945733842747394,"Traffic Alert जैन समाज की शोभायात्रा जो मोडल बस्ती फिल्मिस्तान से शुरु होकर फिल्मिस्तान,बारा टूटी,सदर बाजार, क़ुतुब रोड, लाहोरी गेट,..."
record:4a7159f500db15800f3067256dc70eaef0a212abb67bb4e08b55b71106174cb2,561010745157365761,https://twitter.com/dtptraffic/status/561010745157365761,Traffic Alert दिल्ली गेट (नजफगढ़) से नांगलोई की तरफ जाने वाले मार्ग पर मेट्रो का काम चल रहा है जिसके कारण दिल्ली... http://fb.me/1s2P6Or6N
record:4a83c1cebbd9d0f616b2eab8c26efbf9b5d1ab0112eb6e574540865876af788c,1068372481038118913,https://twitter.com/dtptraffic/status/1068372481038118913,Traffic Alert अखिल भारतीय किसान संघर्ष समन्वय समिति मार्च अभी रणजीत सिंह फ्लाईओवर पर है | जिसमें 7000 से 8000 लोग शामिल हैं | यहाँ पर यातायात प्रभावित है |
record:4afe819d5e21abe5aff72ff33c6ec926e5770d0c1b469fb9ff64a36182c5f372,560435841475280896,https://twitter.com/dtptraffic/status/560435841475280896,"Traffic Alert राम मनोहर लोहिया अस्पताल, पार्क स्ट्रीट यातायात ज्यादा है I"
record:4b05ad65563bbceccdfc1332328a3a70460c6432d73ed58fe5e5afcab5d76605,1071670010576338944,https://twitter.com/dtptraffic/status/1071670010576338944,"Traffic alert रैली की वजह से नई दिल्ली ,कनाट प्लेस आउटर सर्किल ,DDU मार्ग ,रामलीला मैदान जाने वाला मार्ग यातायात के लिए बंद है |"
record:4b4588054cc5607b5c5b5b8b34d4d6c4983fbdb7716413f4c75fa586a8830986,539046643128348672,https://twitter.com/dtptraffic/status/539046643128348672,Traffic Alert वजीराबाद रोड पर यमुना विहार से खजुरी चोक तक जुलुस चल रहा हैं जिसकी वजह से ट्रैफिक जाम हैं | असुविधा के लिए खेद हैं |
record:4bab48b83e6c4c0488591548f515743af120e313dd0fa5cd8afda676349b928c,949838789605654533,https://twitter.com/dtptraffic/status/949838789605654533,Traffic Alert घोड़े वाला मंदिर से टैगोर गार्डन की तरफ जाने वाले मार्ग में कुकरेजा हॉस्पिटल के पास एक पेड़ गिर गया है जिससे यातायात बाधित है |
record:4bc4a0a810fe8f192157bd972fb39febf8bbffa6754aae6b7499b4d4cf666d8a,1097673977785274369,https://twitter.com/dtptraffic/status/1097673977785274369,"Traffic Alert वजीराबाद ब्रिज को मरम्मत कार्य के लिए बंद कर दिया गया है वजीराबाद,ISBT कश्मीरी गेट,सिविल लाइन की तरफ जाने वाले वाहन चालकों से अनुरोध है कि सिग्नेचर ब्रिज या शास्त्री पार्क से होकर जायेंI"
record:4bd1d15a2e8df5acf870e960dc730c951947fc60e162a228612347a698572847,923473093296660480,https://twitter.com/dtptraffic/status/923473093296660480,Traffic Alert Najafgar से Dhansa जाने वाले मार्ग पर रावता मोड़ पर मलिकपुर गाँव के लोगो ने धरना प्रदर्शन कर जाम लगा दिया है 1/2
record:4c0f6cd394c5d93672febf785e825c9914bd60879bf8dc817e7c6110be66510a,1022687466984222720,https://twitter.com/dtptraffic/status/1022687466984222720,Traffic Alert जवाहरलाल नेहरु मार्ग पर गुरु नानक चौक के पास जलभराव के कारण यातायात प्रभावित है कृप्या इस मार्ग के प्रयोग से बचें |
record:4ca4b4b30b6fe64be0d4049532c4a6383e6f2e94d90962d60a7585a0edd64e00,811400009577009152,https://twitter.com/dtptraffic/status/811400009577009152,Traffic Alert महिपालपुर से गुडगाँव की तरफ जाने वाले मार्ग में एक ट्रक पलट गया हैं जिससे यातायात प्रभावित हैं|
record:4ca521b25942749878330404fbd061bae37f4b7a2e441b23ac7251b9c10890f2,558811604566179840,https://twitter.com/dtptraffic/status/558811604566179840,"Traffic Alert सरदार पटेल मार्ग सुबह 9AM से लगभग 1:30 से 2:00 घंटे के लिए रिहर्सल के कारण बंद रहेगा, असुविधा के लिए खेद है|"
record:4cc2a408c4205eec278dd9bf12dcf76daa09d6b6d92565de28fab98694461eed,793748665638674433,https://twitter.com/dtptraffic/status/793748665638674433,Traffic Alert तालकटोरा रोड से बसों व बड़े वाहनों को डायवर्सन दिया गया है I इन वाहनों को बाबा खड़क सिंह मार्ग पर जाने की अनुमति नहीं है I
record:4cdc9694a869f948ea6bae8fdbfeda33a8000f04cb9a6965aaea01a17d4a5e46,1068380663026524160,https://twitter.com/dtptraffic/status/1068380663026524160,Traffic Alert अखिल भारतीय किसान संघर्ष समन्वय समिति मार्च बाराखंबा चौक पर है | यहाँ पर यातायात प्रभावित है |
record:4d285ed5ed00a75dad17744da21e50f97c9f8541655da9c6658810dd0ddafb17,1046227325908668417,https://twitter.com/dtptraffic/status/1046227325908668417,"Traffic Alert फोर्टिस हॉस्पिटल से पैदल यात्रा चल रही है, जो मोदी फ्लाईओवर से कालका जी तथा कालका जी से यू टर्न ले कर वापिस मोदी फ्लाई ओवर होते हुए फोर्टिस हॉस्पिटल पहुचेगीI कृप्या इस मार्ग के प्रयोग से बचेI"
record:4dfdd23dafac655c3e69feeef0b979a1f4affdac485c292f4aebad1a3bf799dc,1116661198173298688,https://twitter.com/dtptraffic/status/1116661198173298688,"Traffic Alert राम नवमी की शोभा यात्रा निकल रही है जिसका रूट इस प्रकार है:- राम लीला ग्राउंड, आसफ अली रोड, दिल्ली गेट, लाल किला, खारी बावली, सदर बाज़ार, पहाड़ी धीरज, बाड़ा हिन्दू राव, फिल्मिस्तान, पृथ्वी नाथ मार्ग, राम वाटिका(अजमल खां मार्ग) व गंगेश्वर धाम|"
record:4e8377d586629767af1f069e6cfbc93bc0d998476d9f9dc57c30446c4ff5a93b,1043743834990161920,https://twitter.com/dtptraffic/status/1043743834990161920,"Traffic Alert जगतपुर गाँव के खेत में पानी भरने के कारण श्याम घाट पर पार्किंग के लिए कम जगह है , अत : मूर्ति विसर्जन के लिये किसी ओर घाट पर करे तथा होने वाली असुविधा से बचे |"
record:4ed899f23f69a3172d3993a4eb290885ff6370b3383dddd90068a4cc34c311c7,1087931703270821890,https://twitter.com/dtptraffic/status/1087931703270821890,Traffic Alert धौला कुआँ से गुरुग्राम जाने वाले मार्ग में महिपाल पुर के पास जहाँ अंडरपास बन रहा है वहा पर रोड धंस गया है जिसकी वजह से यहाँ यातायात बाधित है गुरुग्राम जाने वाले वाहन चालकों से अनुरोध है कि महरौली - गुरुग्राम रोड का प्रयोग करेंI pic.twitter.com/5XuCAxqy12
record:4f11827848eb67a5fa9655df58e0bde309061f2c3f01c029302c24a61f49e8c2,1093409998493777920,https://twitter.com/dtptraffic/status/1093409998493777920,"Traffic Alert लाल किला से जो रैली जन्तर मंतर के लिए चली थी वो अब न्यू दिल्ली एरिया में टॉलस्टॉय मार्ग पर पहुच गई है जिसकी वजह से बाराखम्बा रोड ,टॉलस्टॉय मार्ग ,कस्तूरबा गांधी मार्ग ,जनपथ ,जन्तर मंतर पर यातायात बाधित है |"
record:4f17e94f099fbf214d453bfebd75a1c5979c141dfee8f78dcd256dcbfd8ff0f4,1072369605442715649,https://twitter.com/dtptraffic/status/1072369605442715649,Traffic Alert लिबर्टी सिनेमा से कमल टी पॉइंट की तरफ जाने वाले मार्ग में IGL (Indraprastha Gas Ltd) का काम चल रहा है जिसके कारण यातायात प्रभावित हैI
record:4f842a2f2ccd806ae30af41fb59d1fc0e1395a71f5d8a643ce49aa584486d3b2,1031101629473464320,https://twitter.com/dtptraffic/status/1031101629473464320,"Traffic Alert महरौली-बदरपुर रोड पर देवली,खानपुर ,बत्रा हॉस्पिटल पर जलभराव के कारण यातायात प्रभावित है!"
record:4f847b13b25de772b9bce745f4ae186bea6baef93136e71f57f40161b3afe040,1043346420428926977,https://twitter.com/dtptraffic/status/1043346420428926977,Traffic Alert उत्तम नगर से तिलक नगर जाने वाले मार्ग में गणेश नगर की लाल बत्ती के पास रोड में एक बड़ा गड्ढा हो गया हैं जिससे यातायात प्रभावित हैं |
record:4fc15c6ee5fa73063cf83dd244d1f22a0859c140ea9fcf0b5f68837a50ec6820,885078367648849922,https://twitter.com/dtptraffic/status/885078367648849922,Traffic Alert RTR मार्ग पर PWD का काम चल रहा है इसलिए शाम 5 बजे से शाम 8 बजे तक बड़े वाहनों और बसों को सेक्टर-8 1/2
record:4ffc4df720d2eba975c01e2c9e356ff544879ff48f96eca71aef2e6820e67213,1024545772639899648,https://twitter.com/dtptraffic/status/1024545772639899648,"Traffic Alert पंचशील से मालवीय नगर की तरफ जाने वाले मार्ग पर पंचशील फ्लाईओवर के नीचे रोड धँस गयी है, कृपया इस मार्ग के प्रयोग से बचे I"
record:5002ee7ba776fed5662441064955763c57ed5e6f4547c1be88c0ad3be726f861,587582074980327424,https://twitter.com/dtptraffic/status/587582074980327424,"Traffic alert कंझावला चौक पर किसी लड़के की मोत को को लेकर 200 से 300 लोगो ने ट्रैफिक जाम किया हुआ हैं , असुविधा के लिए खेद हैं |"
record:5018c4b12ba2d7dce0436918493854fa89690bb4e97b5a8dee688d8ff25dfa85,616069649990582272,https://twitter.com/dtptraffic/status/616069649990582272,"Traffic Alert मोती बाग से धौला कुआँ फ्लाईओवर पर एक कंटेनर खराब है, जिसके कारण यातायात बाधित है| असुविधा के लिए खेद है|"
record:501ad45dd3f17aae6f80287a846fe1455900b54628895b216af5d8b4fb54e0b0,951707840367935488,https://twitter.com/dtptraffic/status/951707840367935488,"Traffic Alert शाहदरा से कड़कड़डूमा जाने वाले मार्ग में स्वर्ण सिनेमा वाली पुलिया टूटी हुई है जिसका रिपेयर का कम चल रहा है, जिसकी वजह से 60 फुटा रोड पर यातायात ज्यादा रहेगा |"
record:5061a97dc3a3cbfa703e6feb9541c63497cd748ae95e8d547dfcd8f065a5757d,1026805620727529472,https://twitter.com/dtptraffic/status/1026805620727529472,Traffic Alert चिराग दिल्ली से नेहरु प्लेस जाने वाले मार्ग में आउटर रिंग रोड पर GK-2 मेट्रो स्टेशन के पास रोड धंस जाने के कारण यातायात बाधित है I
record:50ca3485c94bf690bf49ec46ccd82a90c76b3da68bcce749afe324077f670197,907411210504511490,https://twitter.com/dtptraffic/status/907411210504511490,Traffic Alert आजाद पुर मंडी में ज्यादा गाडी आने के कारण यातायात बाधित है|कृप्या रोड नंबर -51 का प्रयोग करे I
record:529fbcca1d7d66ecf7db40dec764dc364204a20607bd7605230da5d863cefb55,565098436220162048,https://twitter.com/dtptraffic/status/565098436220162048,"Traffic Alert अगस्त क्रांति मार्ग , कमला नेहरु कॉलेज से सिरि फोर्ट ऑडिटोरियम यातायात के लिए खोल दिया गया है I"
record:530e31e1b3f431b620377fe889404ee8c009e40ebe40686ee06da9c384c4c5d5,879176229546369025,https://twitter.com/dtptraffic/status/879176229546369025,"Traffic Alert मोदी मील से कैप्टेन गौर मार्ग की तरफ ट्रैफिक को डाइवर्ट किया गया है,ट्रैफिक ज्यादा है!"
record:5338ff9561f3b9407e10fb17abcf5de1e0054b7be0cfeb03e6eb9102f1ee1f6d,1039698620881231873,https://twitter.com/dtptraffic/status/1039698620881231873,Traffic Alert साउथ कैंपस में पार्किंग उपलब्ध नहीं है I साउथ कैंपस में आने वाले पब्लिक ट्रांसपोर्ट का इस्तेमाल करे I
record:5364d618ed75ef57f5660f9118b6b438654bdd76c94d7640c7fe3088c95e6e7e,1084370452791812096,https://twitter.com/dtptraffic/status/1084370452791812096,"Traffic Alert 1. फिरनी रोड, नजफगढ़ पर एक पेड़ गिर जाने के कारण यातायात बाधित है I कृपया इस मार्ग के प्रयोग से बचें I 2. खैरा मोड के पास दिल्ली मेट्रो कार्य होने के कारण यातायात प्रभावित है I"
record:53678687985cdab7c2fd1786fb2a6d6066032145e84c57b004880f7466a8b615,879181687170547712,https://twitter.com/dtptraffic/status/879181687170547712,Traffic Alert मोदी मील से कैप्टेन गौर मार्ग की तरफ ट्रैफिक अब सामान्य है!
record:538d5e4cb4939821b48398744fca3be7eebf14e52246a66b53b1afeec00a536c,856742651378376706,https://twitter.com/dtptraffic/status/856742651378376706,Traffic Alert DCM चौक से आजाद मार्किट जाने वाले मार्ग में चेतना मंदिर के पास पानी की पाइपलाइन फट जाने के कारण यातायात बाधित है I
record:53906657b4369daf2e788e517361dd177bdd7fda2f725fbbbe3d2dc19a0f274b,993672478433169408,https://twitter.com/dtptraffic/status/993672478433169408,TRAFFIC ALERT मधुबन चौक व कोहाट एन्क्लेव की RED LIGHT ख़राब है I
record:53d24e89e76da5b894ae126f0ec799c4d0d2d078d93043c44f87efd04889d1be,1019470998272266241,https://twitter.com/dtptraffic/status/1019470998272266241,Traffic Alert पार्लियामेंट सेशन की वजह से रेल भवन से नार्थ फाउंटेन की तरफ और विजय चौक से नार्थ फाउंटेन की तरफ केवल लेबल वाले व्हीकल ही जायेंगे |
record:5442ccb899ce9685c5aa1ee026332d00654ec8db14fc0dec14d4810d7ee4227a,867918781258977280,https://twitter.com/dtptraffic/status/867918781258977280,Traffic Alert आजाद मार्किट चौक के पास पानी की पाइपलाइन फटने के कारण आजाद मार्किट के आस पास यातायात बाधित है I
record:5466b161f60fe1eaafebe7e9ceb74e35eb16c8cc8fc4962d197db83a367a0d88,1065900064688619521,https://twitter.com/dtptraffic/status/1065900064688619521,Traffic Alert गुरुद्वारा नानक प्याऊ के पास पैदल यात्री ज्यादा हैI जिसके कारण शक्ति नगर से आजादपुर जाने वाले रास्तें पर शाम 8:00 बजे तक यातायात ज्यादा रहेगाI इस मार्ग के प्रयोग से बचेI
record:546bb5a97212a8b9a6aeb559acbc9dfb0b959faf1a5af25f25d2dd3e29745307,1043785350747959298,https://twitter.com/dtptraffic/status/1043785350747959298,Traffic Alert मूर्ति विसर्जन के कारण कालिन्दी कुंज पर यातायत ज्यादा हैI दिल्ली से नोएडा व नोएडा से दिल्ली जाने वाले DND फ्लाईओवर का प्रयोग करेI
record:54b736d07300a9cf2aeebe4b0be22e54011081a67ee7b34533eb907ad17fc05b,1092275186798379008,https://twitter.com/dtptraffic/status/1092275186798379008,Traffic Alert ईदगाह पर वार्षिक IJTEMA प्रोग्राम का समापन होने के कारण लोगो की आवाजाही की वजह से रानी झांसी रोड ओर रोहतक रोड पर यातायात बाधित है |
record:55022f9edc22ec8b8a8610bce11898dc6d5abbbe4f9b49503fcaca75966425be,982145857871949824,https://twitter.com/dtptraffic/status/982145857871949824,Traffic Alert GTB चौक से GTB हॉस्पिटल गेट नंबर 7 के पास सड़क धंस गयी है जिससे यातायात बाधित है I कृपया इस मार्ग के प्रयोग से बचें I
record:5584fb9449f343318a90ae1716b7e737bb04cc5f224ff60e1ad9836296d1468c,1046230447959814144,https://twitter.com/dtptraffic/status/1046230447959814144,Traffic Alert अफ्रीका एवेन्यू रोड पर ट्रैफिक सामान्य हैI
record:55907fb25af319ff43c4084b74b4b7ed925abbdb2d1a5a8dbbd22f7c912b23a6,570216529809289216,https://twitter.com/dtptraffic/status/570216529809289216,"Traffic Alert पालम फ्लाईओवर से द्वारका जाने वाले मार्ग में एक गाड़ी ख़राब हो गयी है, जिससे यातायात ज्यादा है I"
record:55bf92ba1de53933b2ed103c37dc8740fdf7ec0eae46c27ff9a4e9e1b7451346,786527887608340482,https://twitter.com/dtptraffic/status/786527887608340482,Traffic Alert द्वारका सेक्टर 21 रेलवे अंडर पास का कार्य प्रगति पर है जोकि दिनांक 08.10.2016 से 14.10.2016 तक चलेगा जिसकी वजह से 1/2
record:561a6c43b45ca4ee16df70cd9cb2c3d2f20f49c86b2fdd8618a0f12d0f08f7da,597416825094336512,https://twitter.com/dtptraffic/status/597416825094336512,"Traffic Alert तिमारपुर पुलिस स्टेशन के पास पाइप लाइन की मरम्मत का काम पूरा हो गया है , सभी डायवर्सन हटा दिया गया है I"
record:56c806aad2499502f3232ad1d8e612f9c6825f89588eb76d363390c238ef6047,576241627729113088,https://twitter.com/dtptraffic/status/576241627729113088,Traffic Alert देवली मोड़ पर PWD खुदाई करके काम कर रही है जिसके कारण यहाँ पर यातायात ज्यादा है | असुविधा के लिए खेद है |
record:56f26bbb091fe0e105a782791825282ce05d0a55401da3f5693441ee1b35f5ca,1005683544146862080,https://twitter.com/dtptraffic/status/1005683544146862080,Traffic Alert महरौली से महिपालपुर जाने वाले रास्ते में मसूदपुर गाँव के पास लोगो ने पानी की समस्या को लेकर रोड ब्लॉक कर दिया है I कृप्या खंड से बचे I
record:577930a41248106eec753173fe665ee8239a8f9b176fe29adffae584b8bc75fc,1080020814177562625,https://twitter.com/dtptraffic/status/1080020814177562625,Traffic Alert कालकाजी मंदिर में आज ज्यादा संख्या में भक्तो के आने के कारण चिराग दिल्ली से कालकाजी की तरफ यातायात बाधित रहेगा I
record:57b369b0e2083cc01c90de554240f7ad0af6223d343196d2556304f83cd8dd5c,935819217277927424,https://twitter.com/dtptraffic/status/935819217277927424,Traffic Alert चिराग दिल्ली से शेख सराय जाने वाले मार्ग को यातायात के लिए बंद कर दिया गया है I सादिक नगर से सिरी फोर्ट और चिराग दिल्ली से आउटर रिंग रोड की तरफ डायवर्सन दिया गया है I
record:57bf22523c173597a2ccaa95400d3529a64ab94b092a9a1fe0d4213496479130,875529797060804609,https://twitter.com/dtptraffic/status/875529797060804609,Traffic Alert मायापुरी से धौला कुआँ जाने वाले मार्ग पर नारायणा फ्लाईओवर उतरते ही एक ट्रक खराब है|
record:583792226dc4dfd21c8cf21b6fdbc0348a53dcf9549bce8f3c0999992823c829,1046259774080212996,https://twitter.com/dtptraffic/status/1046259774080212996,Traffic Alert शाहदरा से दुर्गापुरी जाने वाले मार्ग में लोनी रोड पर तिकोना पार्क के पास सड़क पर नाले का पानी भरा हुआ है जिस कारण ट्रैफिक धीमी गति से चल रहा हैIकृप्या इस मार्ग के प्रयोग से बचेI pic.twitter.com/q1MJVfUGRW
record:58cb57892fce318c637095fc62512357299169e179f692a922407f9cecab8c31,1095869776092553217,https://twitter.com/dtptraffic/status/1095869776092553217,"Traffic Alert वजीराबाद ब्रिज को मरम्मत कार्य के लिए बंद कर दिया गया है जो कि तीन महीने तक चलेगा, वजीराबाद,ISBT कश्मीरी गेट,सिविल लाइन की तरफ जाने वाले वाहन चालकों से अनुरोध है कि सिग्नेचर ब्रिज या शास्त्री पार्क से होकर जायेंI pic.twitter.com/2e66S4inIq"
record:5a0a68acca6b174747efebad33b17d9b1bc4fa8fd037e4591ab216cc7278f764,1070682863006171136,https://twitter.com/dtptraffic/status/1070682863006171136,Traffic Alert कोटिल्य मार्ग चाणक्यपुरी एक बस ख़राब होने के कारण यातायात बाधित हैI
record:5a8084acb17202f6ed0fd169cb00f359d91ddc3fe05e4f2939af80c68cb890f1,894555301432631296,https://twitter.com/dtptraffic/status/894555301432631296,"Traffic Alert आई.टी.ओ से लक्ष्मी नगर जाने वाले मार्ग पर दिल्ली सचिवालय बस स्टाप के पास एक ऊँट मरा पड़ा था, जिसे हटा दिया गया हैं|"
record:5b5d05c6f8d81688938d0f4e32e2fb0172ac397dd71543ab935f9e4c44462cbe,931468941334949889,https://twitter.com/dtptraffic/status/931468941334949889,"Traffic Alert MCD का एक ट्रक नंबर DL1GB 6784 जो बग्गा लिंक और फैज़ रोड के बीच में ख़राब हो गया है, ट्रैफिक हैवी है कृप्या इस मार्ग से बचे !"
record:5b6d998f4df0ae3f91255bf3b7d00efcc92dd2182159c99257fd450bf09acd67,1031094253688999936,https://twitter.com/dtptraffic/status/1031094253688999936,Traffic Alert महरौली 100 फुटा रोड (संत श्री नागपाल मार्ग) पर जलभराव के कारण यातायात प्रभावित है!
record:5b702e1ec3d7777db8ca4a8a8d099939655b19f31f758e5791bc54627ac8496f,632897621393338368,https://twitter.com/dtptraffic/status/632897621393338368,"Traffic Alert डीटीसी बस नंबर DL 1PC 7049 चिराग दिल्ली से सादिक नगर BRT पर ख़राब है ,जिससे यातायात ज्यादा हैं| असुविधा के लिए खेद है |"
record:5b7dc889a84229ee61e2fcb09679f362ac439b02f7e92a190cb4615f5a5f4425,1034323864954621952,https://twitter.com/dtptraffic/status/1034323864954621952,Traffic Alert राजौरी गार्डन से पंजाबी बाग जाने वाले मार्ग में जलभराव के कारण यातायात प्रभावित है!
record:5c049952fcb2dc9d10471ad7c4352a30411f9c1240bfff835e79acbb956203a2,983264639235444737,https://twitter.com/dtptraffic/status/983264639235444737,Traffic Alert कूचा महाजनी बिल्डिंग में आग लग जाने के कारण चांदनी चौक पर यातायात प्रभावित है I कृपया इस मार्ग के प्रयोग से बचें I
record:5c2499e739f046577a8986eef21d3d7e627807e448b629520504b4218868ae8a,783179858436325376,https://twitter.com/dtptraffic/status/783179858436325376,Traffic Alert हिंदुराव पहाड़ी से जो यातायात बर्फखाना चौक पर आता है उसे वापिस डाइवर्ट किया जा रहा है|
record:5cb1db6439c1a759d4c391753f46da03d07aeb0e943f7701b167a2dd665a73d0,553928475317256193,https://twitter.com/dtptraffic/status/553928475317256193,"Traffic Alert राजौरी गार्डन से मायापुरी के बीच में एक ट्रक डीवाईडर पर चढ़ गया था, उसे अब हटा दिया गया है|"
record:5cbae87af81d7752867f346f2bc73e7a0848427719d88c9892461067ccaf1bef,894166963131342848,https://twitter.com/dtptraffic/status/894166963131342848,Traffic Alert ज्वाला हेडी मार्केट के पास रथ यात्रा निकल रही है जिसकी वजह से यहाँ यातायात ज्यादा है | कृपया रोहतक रोड का प्रयोग करे |
record:5cd70434513c1de586dd83af6463d48e4ab003ba750b3bf1027b00331b3b0344,981845305212657665,https://twitter.com/dtptraffic/status/981845305212657665,"Traffic Alert साइकिल मार्किट से जुलूस चलेगा जो चांदनी चौक, फ़तेहपूरी, नया बाज़ार, खारी बावली, श्रद्धानन्द मार्ग, अजमेरी गेट, आशिफ अली मार्ग से रामलीला मैदान जाएगा I कृपया इन मार्गों के प्रयोग से बचें I"
record:5d8cb8b3c67deeff71fe3339921bb0aae3fb8779fd43f4ff1bf006ecb469419b,1068109520797192193,https://twitter.com/dtptraffic/status/1068109520797192193,Traffic Alert अखिल भारतीय किसान संघर्ष समन्वय समिति मार्च जो NH 8 से धौला कुआँ होते हुए रामलीला मैदान जायेगा वो वन्देमातरम मार्ग पर पहुँच चुका है जिसके कारण इस मार्ग पर यातायात प्रभावित हैI
record:5d99d507b872756b8ccd5418fb19bf3bad5c654773d64049ca0683576c60f7fc,780655910058397696,https://twitter.com/dtptraffic/status/780655910058397696,Traffic Alert पीरागढ़ी से नागलोई की तरफ जाने वाले मार्ग पर सूरजमल स्टेडियम के पास धरना प्रदर्शन की वजह से यातायात बाधित हैI वाहन चालको से1/3
record:5e3cd3a950ccf140088f692e5752d202e08d7093e6c0135676c2e715a07f083f,786193756202475521,https://twitter.com/dtptraffic/status/786193756202475521,Traffic Alert मोती नगर से इंद्र लोक जाने वाले मार्ग को यातायात के लिए खोल दिया गया है I
record:5e5f90c368272ab0a8507568fccc641c4ad1a600cd9748d37182a2c46fca19ea,790418583507656705,https://twitter.com/dtptraffic/status/790418583507656705,"Traffic Alert गोलक धाम पर रोड की मरम्मत का काम चल रहा है, जिसकी वजह से कापसहेड़ा से बिजवासन की तरफ यातायात ज्यादा हैI"
record:5e60d16d237c880d446bb744f5ef16ae6286eb50a119075287751c91806e2aeb,904245659640803328,https://twitter.com/dtptraffic/status/904245659640803328,Traffic Alert धरना प्रदर्शन की वजह से मुंडका से रानी खेड़ा व कराला से रानी खेड़ा दोनों carriageway में यातायात बाधित है I
record:5ec2ac7d0b8886a266be0c42b52770370f4711bfd64cb06a2e5266182cbc4b1a,548784755244683265,https://twitter.com/dtptraffic/status/548784755244683265,Traffic Alert लाजपत नगर थाने के सामने MTNL वालो ने एक गड्डा खोद दिया है | जिससे यातायात मे बाधा है|
record:5ee75688ff08d3aa6f0596b42d4df77ecd87d5e50fbbfcdb9a6db0c20982f64a,1073842073298554882,https://twitter.com/dtptraffic/status/1073842073298554882,Traffic Alert लाल किला से फाउंटेन चौक जाने वाले मार्ग में दिल्ली जल बोर्ड का काम चल रहा है| जिसके कारण यातायत बाधित है| जिनको पुरानी दिल्ली रेलवे स्टेशन जाना है वो श्यामा प्रसाद मुखेर्जी मार्ग से होकर जाए |
record:5ef65cf69c01e74999299ed05c947128ab1739911066f518cd061ab894940014,797279268678041601,https://twitter.com/dtptraffic/status/797279268678041601,Traffic Alert गुरु नानक जयंती के उपलक्ष्य में एक शोभायात्रा आज सुबह 10 बजे से निकलेगी जो गुरुद्वारा शीशगंज से आरम्भ होकर ..1/3
record:5f041c71636115bbc9b2acc45138995e0608c72623a634dc683bcdde6aa81247,1036474068709470208,https://twitter.com/dtptraffic/status/1036474068709470208,Traffic Alert रिंग रोड से GPO की तरफ जाने वाले मार्ग में केला घाट पर जलभराव के कारण यातायात प्रभावित है!
record:5fb2dedfdd8df072c72389b0523c2a2b7a9026097a639cf7fd0e549cedad5d71,1068090335530758144,https://twitter.com/dtptraffic/status/1068090335530758144,Traffic Alert अखिल भारतीय किसान संघर्ष समन्वय समिति मार्च जो NH 8 पर संजय टी पॉइंट से GGR फ्लाईओवर के नीचे से होते हुए धौला कुआँ की तरफ बढ़ रहा है जिसके कारण इस मार्ग पर यातायात प्रभावित हैI
record:60370129b3a2124ecd65a4859930987a4a67017075ab23295a9af510e8393e48,805399998879830016,https://twitter.com/dtptraffic/status/805399998879830016,Traffic Alert धार्मिक कार्यक्रम की वजह से 1.आउटर सर्किल कनाट प्लेस से जो यातायात शहीद भगत सिंह मार्ग पर आता है उसे डाइवर्ट कर दिया है 1/2
record:60444bb9dd6cb46f6482a531d553a30d11f5bc4942a9d87bece9bc2902ae4b32,611051687726444544,https://twitter.com/dtptraffic/status/611051687726444544,Traffic Alert अशोका रोड पर अब यातायात सामान्य है |
record:6074a2416fb654a1944eb982ed89824aaba109bf758e65ecda6e5aa4b8ea9aa6,833991564171046912,https://twitter.com/dtptraffic/status/833991564171046912,Traffic Alert विंडसर प्लेस से अशोका रोड व roundabout जसवंत सिंह से अशोका रोड यातायात सामान्य है |
record:60eeb0fa984d0c3987d15ece64fc991a2a066e4bdd6bf081f3bd925eabb1d120,1105727847178661888,https://twitter.com/dtptraffic/status/1105727847178661888,Traffic Alert बरार स्क्वायर से धौला कुआँ की तरफ जाने वाले मार्ग में मेट्रो पिलर नंबर 50 के पास एक कार के पलट जाने के कारण यातायात प्रभावित हैI
record:611d00414f8d82bfab18492a5283a87af98802348e38f7c30758ac3e0783dcff,1059410320916004864,https://twitter.com/dtptraffic/status/1059410320916004864,Traffic Alert नांगलोई चौक पर DTC बस नं DL1PC4101 ख़राब है | जिसकी वजह से नांगलोई चौक पर यातायात बाधित है |
record:61502af3bd8b2cadb1eb1118c428320536522e2594a75ff35e44839c20f08d29,542006894512984066,https://twitter.com/dtptraffic/status/542006894512984066,TRAFFIC ALERT पटेल चौक से GPO जाने वाले मार्ग में यातायात सामान्य है I
record:61bc2284ca747d161ad8ec1ecdf3195c343ca6245ac2705624d654077072a19d,619788138668523520,https://twitter.com/dtptraffic/status/619788138668523520,Traffic Alert महिपालपुर चौक और आश्रम चौक पर जल जल भराव के कारण यातायात प्रभावित है | असुविधा के लिए खेद है |
record:6231a03733cab66b98f52ecef04398761b09957ced8e3e161d877de6e3024dc9,1072424726289616896,https://twitter.com/dtptraffic/status/1072424726289616896,Traffic Alert मूलचंद से डिफेन्स कॉलोनी मार्ग में लोधी रोड शमशान घाट के पास रोड मरम्मत का कार्य चल रहा है जिसके कारन यातायात प्रभावित हैI
record:62326cb5ab47f6609e8d5205a0bbc6a77665fb8ad11e70d6575b3752f4be3b54,1096967471091802112,https://twitter.com/dtptraffic/status/1096967471091802112,"Traffic Alert वजीराबाद ब्रिज को मरम्मत कार्य के लिए बंद कर दिया गया है जो कि तीन महीने तक चलेगा, वजीराबाद,ISBT कश्मीरी गेट,सिविल लाइन की तरफ जाने वाले वाहन चालकों से अनुरोध है कि सिग्नेचर ब्रिज या शास्त्री पार्क से होकर जायेंI pic.twitter.com/s7ejDhZF92"
record:626ace28570f0d70dfd7237afd01ffcee2ac4d7eea0211a609af4eba5d0500c5,536149320106774528,https://twitter.com/dtptraffic/status/536149320106774528,"Traffic Alert ग्रीन फील्ड स्कूल अलकनंदा रोड नियर तारा अपार्टमेंट मे समारोह होने के कारण पर यातायात ज़्यादा रहेगा, असुविधा के लिए खेद है |"
record:62bac9398017202a65b5507f9ef35233c7f37c87585c91a8d0156ca6a357a457,1034290036219568130,https://twitter.com/dtptraffic/status/1034290036219568130,Traffic Alert रिंग रोड पर पंजाबी बाग फ्लाईओवर के निचे जलभराव के कारण यातायात प्रभवित है!
record:62deeb8cb40f93b47016dde78cb87ef46fa9f5390303798307c8e3bc7e1a81d5,570217717753630720,https://twitter.com/dtptraffic/status/570217717753630720,"Traffic Alert राजौरी गार्डन फ्लाईओवर पार करते ही पंजाबी बाग की तरफ आर्मी की बड़ी क्रेन ख़राब हो गयी है , जिससे यातायात ज्यादा है I"
record:630551a30b96a159fc3b222eda1e15619f5eb135245124e28d7c685ec7a531f5,878930813320024064,https://twitter.com/dtptraffic/status/878930813320024064,Traffic Alert Pacific Mall की पार्किंग फ़ुल होने के कारण टैगोर गार्डन से तिलक नगर जाने वाले मार्ग पर यातायात ज्यादा है I
record:63595ec2a7f31057483ae963e82bcd548494aad5fd25794afe59987ab7feca50,931359159022264320,https://twitter.com/dtptraffic/status/931359159022264320,"Traffic Alert राजौरी गार्डन से धौला कुआँ , माया पूरी फ्लाईओवर के ऊपर एक ट्रक ख़राब है , ट्रैफिक बाधित रहेगा कृप्या इस मार्ग से बचे !"
record:639670a6258ddfc78ca2e0a01a03710427c2d8237bf726a6d03bbe040f5b3a5c,1091287319422926848,https://twitter.com/dtptraffic/status/1091287319422926848,"Traffic Alert किसानों के जुलूस/धरना प्रदर्शन के कारण NH 24,कालिंदी कुंज ,सरिता विहार,मथुरा रोड और DND से आश्रम की तरफ यातायात प्रभावित रहेगाI"
record:6396b11b6468e00850ed739fe129789cd08528571200c5b6e8a4496dad3e4a3c,594167561484378112,https://twitter.com/dtptraffic/status/594167561484378112,"Traffic Alert सागरपुर माता मंदिर के सामने एक DTC बस ख़राब है, असुविधा के लिए खेद है|"
record:63c3a30f9195f11f84516099dc0418ef51284b4c22c51ed7a5e0cc357c8b98d4,916142925666324480,https://twitter.com/dtptraffic/status/916142925666324480,"Traffic Alert 6,7 & 8 तीन दिन राधा स्वामी सत्संग के कारण महिपालपुर से अंधेरिया मोड़, SSN Marg से Bhati Mines, MG Road और 1/2"
record:63ff45942b707feb242252edc78f16bf17886103af8e937812e21ad33db1474a,1022688317417168896,https://twitter.com/dtptraffic/status/1022688317417168896,Traffic Alert कुतुबगढ़ चौक पर एक पेड़ गिर गया है जिसकी वजह से यातायात प्रभावित है | कृप्या इस मार्ग के प्रयोग से बचें |
record:640d20d0d61979ad65de958d07403395179e2ffe6aeed67ee81191ad4b43a8b5,919871036027322368,https://twitter.com/dtptraffic/status/919871036027322368,Traffic Alert मेजर सुरेश मार्ग मार्बल मार्किट में आग लगने के कारण मायापुरी से राजौरी गार्डन (दोनों मार्गों) यातायात प्रभावित रहेगा|
record:64ec63a554c08a303c531371390acf6ee4e8a8b6116111a6881074412dbfdc5a,1072703669207007232,https://twitter.com/dtptraffic/status/1072703669207007232,Traffic Alert RTR रेड लाइट से एयरपोर्ट जाने वाले मार्ग में सीवर का काम चल रहा है यातायात प्रभावित रहेगा |
record:6506e041968a6214acf502f15b8c63902c462c161dae83426940d683e355fec9,887192837619564544,https://twitter.com/dtptraffic/status/887192837619564544,"Traffic Alert रामलीला ग्राउंड पर प्रदर्शन चल रहा है जो रणजीत सिंह फ्लाईओवर ,टॉलस्टॉय मार्ग ,दिल्ली गेट ,1/2"
record:654777e3e153716080ee162cf27f817c2a8f1cdeff41a487ee1eed8f8a1decbe,1068392751803195394,https://twitter.com/dtptraffic/status/1068392751803195394,"Traffic Alert अखिल भारतीय किसान संघर्ष समन्वय समिति मार्च अब संसद मार्ग (पुलिस स्टेशन के पास ) पहुच गया है रामलीला मैदान ,जवाहरलाल नेहरु मार्ग , गुरुनानक चौक ,रणजीत सिंह फ्लाईओवर ,बाराखंबा चौक पर यातायात अब सामान्य है |"
record:657ba968cc5ff2a31a7f8f4b2d63db845d110e12fbf2bdb426d176d24e8a0bef,1050017683113152512,https://twitter.com/dtptraffic/status/1050017683113152512,Traffic Alert राम बारात शोभा यात्रा जो चांदनी चौक से चलकर राम लीला ग्राउंड जाएगी व वापिस राम लीला ग्राउंड से चांदनी चौक आएगी| जिसका मार्ग इस प्रकार है- 2/1
record:657f2a278d5d3fd3128588a03689d90f522f00e850b55e2df1c3905dd852d626,1123217990789373952,https://twitter.com/dtptraffic/status/1123217990789373952,Traffic Alert नरेला - अलीपुर रोड पर नरेला बाज़ार के पास एक पेड़ गिर गया है यातायात बाधित है |
record:6598c8efeba7b3c26cf0d1c62f6403e0a2ef2fc4b7641ac5a0513f65a835ee33,619786969623695360,https://twitter.com/dtptraffic/status/619786969623695360,Traffic Alert राजापुरी रोड नंबर 21 पर जल भराव के कारण यातायात प्रभावित है | असुविधा के लिए खेद है |
record:6611daf7a7e623fa18bc64bbae12ff89546b5042e645c9bf103437bfaec487eb,584254463549939712,https://twitter.com/dtptraffic/status/584254463549939712,Traffic Alert MCD ऑफिस के सामने जो रास्ता पहाड़ी से बाड़ा हिन्दू राव की तरफ जाता है वहां पर जलभराव के कारण यातायात बाधित है |
record:66b414368e2cd84e0407dc2ce37587a9f8305957ad469a20c5743233094215fa,816309525128978433,https://twitter.com/dtptraffic/status/816309525128978433,"Traffic Alert पटेल नगर मेट्रो स्टेशन के नीचे आज रात (11 PM to 5 AM) दिल्ली जल बोर्ड का काम चलेगा, जिसके कारण पटेल रोड बंद रहेगा| 1/2"
record:66b6bc072a63f8cacfc36b9d96e744d2a7276c3c38108f402b6043fe614dcee4,1031143492565655552,https://twitter.com/dtptraffic/status/1031143492565655552,Traffic Alert छतरपुर रोड पर टिवोली गार्डन के पास जलभराव के कारण यातायात प्रभावित है!
record:66f57e52c753c42d66afa4925ea48c2cedbc04393414209d9bc21fe2f3299dd5,803906475173154816,https://twitter.com/dtptraffic/status/803906475173154816,Traffic Alert बर्फ खाना चौक पर यातायात ज्यादा होने की वजह से राजपुरा रोड से हिन्दू राव हॉस्पिटल व बर्फ खाना जाने वाले 1/2
record:672b4f7eea07218ffaae3a68498ccf3c2f9d8e11a1055c391821c1880123efff,850535883778531328,https://twitter.com/dtptraffic/status/850535883778531328,"Traffic Alert बर्फ खाना चौक पर MCD का रोड रिपेयरिंग का काम15 दिन तक चलेगा,जिसके कारण खन्ना मार्किट से बर्फ खाना जाने वाले सराय फूस रोड 1/2"
record:673176211d9cefe170bd5f56a47cc41ff4becdbc398fb6223896b51f3dd20fb6,987600089228001280,https://twitter.com/dtptraffic/status/987600089228001280,"Traffic Alert बेगम पुर गाँव मोड़(नियर हौज़ खास) पर सीवर लाइन का काम चलने के कारण ट्रैफिक एकतरफा कर रखा है,जिस कारण यातायात बाधित हैI कृप्या इस मार्ग के प्रयोग से बचे I"
record:6735f16ee5e137964d44c22bf51e8baa570a69858c63f4e8770b4b3422e2fa20,619788353970548736,https://twitter.com/dtptraffic/status/619788353970548736,Traffic Alert पुल प्रह्लाद पुर लाल बत्ती पर जल भराव के कारण यातायात बाधित है | असुविधा के लिए खेद है |
record:67759cd2bcc0ed91f182cb44cfbd6793955b7c75e4bb1234518da32d9c65b612,928839054090690560,https://twitter.com/dtptraffic/status/928839054090690560,Traffic Alert आश्रम से लाजपत नगर फ्लाईओवर के बिच में डीज़ल बिखरा हुआ है गाड़िया स्लिप हो रही है कृपया इस मार्ग से बचे.
record:679173c161f040d17e431a29377b5497585dfdbb239ed80dfee78a80dbf04891,1009278604650471424,https://twitter.com/dtptraffic/status/1009278604650471424,Traffic Alert दुर्गापुरी फ्लाईओवर पर दरार आ जाने के कारण दुर्गापुरी से GTB हॉस्पिटल जाने वाले मार्ग में यातायात बाधित है I कृपया इस मार्ग के प्रयोग से बचें I
record:67a24cde596615b95d58bc0087194430e61be434be4215867dccc209ccb8f76c,789667261506211844,https://twitter.com/dtptraffic/status/789667261506211844,Traffic Alert खजुरी से वजीराबाद की तरफ जाने वाले मार्ग पर आज 08.00 AM से 10.00 AM तक यातायात को one way चलाया जा रहा है तथा यमुना पार 1/2
record:67d6271e6d2344cd5def5075e62c8f542b08345fe48e3e3b2b269f137c653241,1040963717490520064,https://twitter.com/dtptraffic/status/1040963717490520064,Traffic Alert गाज़ीपुर से आनंद विहार जाने वाले मार्ग पर Telco T- Point के पास एक कार में आग लग गई हैI जिसके कारण यातायात बधित हैI इस मार्ग के प्रयोग से बचेI
record:67fa2fbf8500bc5f0e421f8013410650cefbe38d29594f19c4a434f732ffe911,1093386879162957824,https://twitter.com/dtptraffic/status/1093386879162957824,"Traffic Alert धरना प्रदर्शन के कारण लालकिला व निषाद राज मार्ग पर यातायात बाधित है | छत्ता रेल से निषाद राज मार्ग यातायात को बंद कर दिया है ओर निषाद राज मार्ग से रिंग रोड ,हनुमान मंदिर की तरफ यातायात को डाइवर्ट किया गया है |"
record:68244a3f3e46608b52dcf3174b36ffdd34305c17bab8430f6604011b99f8f9ff,1118194758675910662,https://twitter.com/dtptraffic/status/1118194758675910662,Traffic Alert आज रात 12.00 बजे से सुबह 04.00 तक नई दिल्ली से गुरुग्राम जाने वाले मार्ग में धौला कुआँ मेट्रो स्टेशन के सामने फूट ओवर ब्रिज का कार्य चलेगा जिसके कारण यातायात को डाइवर्ट किया गया हैI
record:687d4d98f94f3e5ebd0fa7c7aff01bc84925f7abfadfccc5c5e47050052415b8,1063975255956434944,https://twitter.com/dtptraffic/status/1063975255956434944,Traffic Alert मोती बाग से RTR की तरफ जाने वाले मार्ग पर दिल्ली जल बोर्ड के द्वारा रोड पर खुदाई की गयी है जिसके कारण यातायात प्रभावित है कृपया इस मार्ग के प्रयोग से बचेंI
record:6923336339633ffd5f2b40882cad704e30166a62eec1509a31fe15f0d08057b5,847312330018897920,https://twitter.com/dtptraffic/status/847312330018897920,"Traffic Alert मीठापुर से फरीदाबाद जाने वाले मार्ग में सीमेंट की सड़क बनी है, इसलिए मथुरा रोड का प्रयोग करे| असुविधा के लिए खेद है|"
record:693a6d1a2e8d019b4682004f2c869cb393151ca7a6ec2badb8b6093400cad64b,1048212815713095681,https://twitter.com/dtptraffic/status/1048212815713095681,"Traffic Alert DSIDC रोड पर पुल का काम चल रहा है, जिसके कारण नई अनाज मंडी गेट से राजा हरिश्चन्द्र अस्पताल तक एक तरफ का रोड बंद कर दिया है यातायात बाधित रहेगा |"
record:69435319597519956092b6c58ffb113569d29346de7d79251954222048eb7128,923508883045302272,https://twitter.com/dtptraffic/status/923508883045302272,Traffic Alert Tronica City से आने वाले ट्रैफिक को छठ पूजा के कारण समसपुर से डाइवर्ट किया गया है!
record:6944ee75faf2f3e83b861c3a5e01feee850c3ae8808eb72e99decdc5b77b892d,630316752589746176,https://twitter.com/dtptraffic/status/630316752589746176,Traffic Alert राव तुला राम मार्ग से पेड़ हटवा दिया गया है यातायात अब सामान्य है |
record:6990c223fd43c839beb25f991bca5dd3e4f7c3476d7ae82542568938e04e9eca,1095634424224407552,https://twitter.com/dtptraffic/status/1095634424224407552,Traffic Alert कालका जी मंदिर से कालका जी डिपो जाने वाले मार्ग में NSIC ग्राउंड में प्रदर्शनी लगी हुई है जिसकी वजह से यहाँ यातायात प्रभावित है |
record:699efef31dbd79dbe70f100d67714ff6e39b2d5d956ab0ca5252a852e78dc8f2,837156765179527168,https://twitter.com/dtptraffic/status/837156765179527168,Traffic Alert प्रदर्शन के कारण अशोका रोड से लगे हुए सभी रोड पर यातायात ज्यादा रहेगा .
record:69ae9d41850fcc4d90d4c7386b5600398815d6716dd772dc8eaefa3fb6eb3473,570441986328678400,https://twitter.com/dtptraffic/status/570441986328678400,Traffic Alert प्रदर्शन के कारण संसद मार्ग बंद रहेगा और जिसके कारण अशोका रोड़ पर यातायात ज्यादा रहेगा | असुविधा के लिए खेद है |
record:6a47e5b2dad0e8e36b4ca08e0762fe5606c93511b2e910df82795d3441ab5240,786209310451703808,https://twitter.com/dtptraffic/status/786209310451703808,"PART1/2..Traffic Alert 1.सिन्धु बॉर्डर से मुकरबा चौक आते हुए आउटर रिंग रोड पर जहाँगीर पूरी जाने वाले बड़े वाहनों(HTV) को मुकुंद पुर,ISBT की"
record:6a5adcff2ba7cc75b6682f61bd294a378fe08f8ad8b2a7b0da94a09bde5f8b33,1022675850574082048,https://twitter.com/dtptraffic/status/1022675850574082048,Traffic Alert बदरपुर से आश्रम जलभराव के कारण यातायात प्रभावित है कृप्या इस मार्ग के प्रयोग से बचें!
record:6aa7eb83dddd44a57ab4bb5636d258d847768f32d6f5d9e73f5755fd5f3e851e,1106187994099146752,https://twitter.com/dtptraffic/status/1106187994099146752,Traffic Alert हिन्दू कालेज में प्रोग्राम होने के कारण चोबरजा चौक से यूनिवर्सिटी रोड की तरफ यातायात बाधित है I
record:6bc2c8d3a0ff977337379d72c735b0b8425a8f10010bcda0808316c449ad7e03,898058358178983936,https://twitter.com/dtptraffic/status/898058358178983936,Traffic Alert आजाद मार्केट से बेरी वाला बाग जाने वाले मार्ग में MCD का अतिक्रमण हटाने का काम चल रहा है| 2/1
record:6c474cb6ce5faf05094763b4f6510019bf1c3b660714fafb1388c9a36ecc1206,1064747363628023808,https://twitter.com/dtptraffic/status/1064747363628023808,"Traffic Alert DND से Ashram flyover की तरफ जाने वाले मार्ग में लूप रोड पर एक कार ख़राब थी,उसको हटा दिया गया हैI"
record:6c47c102c8df248e1b64b99e15fd435d56fedd1f24cf302cf6701cfc76d0c5b2,1044411267723587585,https://twitter.com/dtptraffic/status/1044411267723587585,Traffic Alert मौजपुर चौक पर PWD के द्वारा पाइप लाइन का काम किया जा रहा है व बारिश की वजह से रोड पर कीचड़ भी है जिसके कारण यातायात प्रभावित रहेगाI
record:6c544ffc4d8f8a2cdb3110e5dd5e729b0fe59010c5ecbe2b3257cd7c30466d92,1096450638546792448,https://twitter.com/dtptraffic/status/1096450638546792448,"Traffic Alert आश्रम चौक से निजामुद्दीन जाते हुए भोगल फ्लाईओवर पर रोड धस गई हैI जिसकी मरम्त का कार्य आज रात 12 बजे से 17/02/2019 रात 12 बजे तक चलेगा, जिस कारण यह रोड बंद रहेगाI कृपया इस रोड के प्रयोग से बचेI"
record:6c599739f76def6a59eb324ddeaf83f299db5c58c64c913d8c23612a2529fea3,875569483204616194,https://twitter.com/dtptraffic/status/875569483204616194,Traffic Alert कालिंदी कुंज से नोएडा जाने वाले मार्ग में नोएडा नहर पर एक ट्रक खराब था जो अब हट गया है I
record:6c80adcca14a1046828b2814496ca6c07eb18de09355153accbb6b6d5ea35fa7,619835246763208704,https://twitter.com/dtptraffic/status/619835246763208704,Traffic Alert जल भराव के कारण राजा गार्डन चौक से नजफगढ़ तक यातायात प्रभावित है | असुविधा के लिए खेद है |
record:6cd8765f4fb1d446fec58e85d9f28e7ca11e5fc6a9a82fa7087b30523c5d9fea,595957165510230016,https://twitter.com/dtptraffic/status/595957165510230016,"Traffic Alert फैज़ रोड, देश बन्धु गुप्ता रोड पर DTC की बस ख़राब हो गयी है, जिसकी वजह से यातायात ज्यादा है I असुविधा के लिए खेद है I"
record:6ce8d3e344e064788d0ad112dc6d7db3c14be7678984f9aea2406d891b6c8fea,863981063386705920,https://twitter.com/dtptraffic/status/863981063386705920,"Traffic Alert Disuse Canal रोड, गगन विहार से M.B.Pusta रोड पर PWD वाले Canal की सफाई का कार्य कर रहे है जिससे SDM office से खुरेजी चौक 1/2"
record:6d384a4676a975c129b6a1dfffeec41c7a35b98eebbbb939252f874081adeb77,883495424585105408,https://twitter.com/dtptraffic/status/883495424585105408,Traffic Alert पीरगढ़ी से जनकपुरी जाने वाले मार्ग में भैरो एन्क्लेव अंडरपास के पास चार भेंस मरी हुई है| जिसके कारण यातायात बाधित है|
record:6d650b45f6d9508e22fc1b073395f03c78c2d3fba9a630c20906ece2c499d268,581743230364086272,https://twitter.com/dtptraffic/status/581743230364086272,"Traffic Alert युसुफ सराय मार्केट से AIIMS जाने वाले मार्ग में भण्डारे चल रहे है| जिससे यातायात ज्यादा हैं ,असुविधा के लिए खेद हैं |"
record:6d9272248805ff364f1f7fb6812db5baf4641f0e60de5853bf790eb1a9ae1503,882875442474004480,https://twitter.com/dtptraffic/status/882875442474004480,"Traffic Alert पंजाबी बाग से करमपुरा जाने वाले मार्ग में पंजाबी बाग फ्लाईओवर के पास DTC बस और HTV का accident हो गया, 2/1"
record:6e3ab54dd5ec80334514e0caa08fbdb1d14d5406f7109eb37213ba7b6601b4ef,1036511295745355778,https://twitter.com/dtptraffic/status/1036511295745355778,Traffic Alert Old Patparganj Road पर मदर डेयरी से निर्माण विहार की तरफ Underpass पर जलभराव के कारण यातायात बाधित है!
record:6e40bf891f1df71306b4e987fd9a5529a3e77961015cb5117ca1f82fe9d98700,993853734546432000,https://twitter.com/dtptraffic/status/993853734546432000,Traffic Alert आजाद मार्किट चौक पर पुल निर्माण का काम चल रहा है जिस कारण से आजाद मार्किट चौक से पुल बंगश जाने वाले मार्ग को बंद कर रखा है.कृप्या इस मार्ग के प्रयोग से बचे I
record:6ee4a49241ab1e9444111b6e1acff735d55ba89649f09d0da73458886cdebd99,923735809861099520,https://twitter.com/dtptraffic/status/923735809861099520,Traffic Alert छठ पूजा के कारण कालिंदी से NOIDA जाने वाले मार्ग पर ट्रैफिक ज्यादा है कृपया इस मार्ग के प्रयोग से बचें!
record:6fad3caa020e63c1cef9ee8cfae7ef3d09548f61156a4f19e0bc7cafbefa3b29,1106967987548938240,https://twitter.com/dtptraffic/status/1106967987548938240,Traffic Alert कश्मीरी गेट से आजादपुर जाने वाले मार्ग (मॉल रोड) पर PWD आज रात से सुबह 07 बजे तक काम करेगी| इसलिए विश्वविद्यालय से छात्रा मार्ग बंद रहेगा |
record:7000b15d2e28460388dc650f60b3b6d890bac0c766fdf67d3baa9922d4cdabe5,903106731567222784,https://twitter.com/dtptraffic/status/903106731567222784,"Traffic Alert मसूदपुर से किशनगंज की तरफ जाने वाले मार्ग पर मसूदपुर पेट्रोल पम्प के पास एक पेड़ गिर गया है, जिसकी वजह से यातायात ज्यादा है I"
record:704e95563bd1b411937d01eb3af48f7a6934473f6cffa85585ddd74f3625d44a,1087600307536748545,https://twitter.com/dtptraffic/status/1087600307536748545,Traffic Alert मथुरा रोड से पुराना किला रोड NSCI क्लब के पास और AIIMS से धौलाकुआँ जाने वाले मार्ग में मोती बाग फ्लाईओवर के पास रोड धंस गयी जिससे यातायात प्रभावित है I कृपया इन मार्गों के प्रयोग से बचें I
record:706c62aeb3fff27909939849296d1e08aa62ab795e5ef9fb3b98f314865da841,593377641010503681,https://twitter.com/dtptraffic/status/593377641010503681,"Traffic Alert चिराग दिल्ली से नेहरु प्लेस की तरफ एक गाड़ी ख़राब हो गई हैं , यातायात बाधित हैं, असुविधा के लिए खेद है |"
record:706d2896fd2f6038c831aad27e295885368764cecc9bb5f15a09a28800f4efaf,875573729144610825,https://twitter.com/dtptraffic/status/875573729144610825,Part1/2..Traffic Alert रणजीत सिंह फ्लाईओवर से बाराखम्बा रोड जाने वाले मार्ग पर DESU ने खुदाई का काम किया हुआ है
record:71275a515b22c780c8b7998318a24c7ef69defe2947254e8c10acb00102063f3,1097768354360758272,https://twitter.com/dtptraffic/status/1097768354360758272,"Traffic Alert मंडी हाउस से जो अध्यापकों का जुलूस चला था वो जंतर- मंतर पहुँच चुका है टॉलस्टॉय मार्ग ,बाराखम्बा रोड ,जनपथ पर यातायात अब सामान्य हैI"
record:7188eaea9bb118f4484d39ea927b615d34b70b2f63e738dd35d66ac500421c3f,1051825294561165313,https://twitter.com/dtptraffic/status/1051825294561165313,Traffic Alert CR पार्क में दुर्गा पूजा होने के कारण विपिन चन्द्र पाल मार्ग और सावित्री सिनेमा रोड पर दिनांक 19-10-2018 तक यातायात प्रभावित रहेगा | सावित्री सिनेमा से गुरुद्वारा रोड दोपहर 2 बजे से रात 12 बजे तक बंद रहेगा |
record:71fe9e8ee2c343988ff4f46aff1d4e9ac20e9c1d31a5142ebe81c99042b20c36,1068034868750180353,https://twitter.com/dtptraffic/status/1068034868750180353,"Traffic Alert अखिल भारतीय किसान संघर्ष समन्वय समिति रैली के कारण मजनू का टीला से चन्दगी राम अखाड़ा ,ISBT कश्मीरी गेट, हनुमान सेतु के आसपास यातयात प्रभावित रहेगाI"
record:72b5771afdde0755867bfe18d9b72dfb9b1f2134ed90b7dfd6d4ed53d756cd99,1017738146715447296,https://twitter.com/dtptraffic/status/1017738146715447296,Traffic Alert आई.एल.बी.एस. हॉस्पिटल लाल बत्ती वसंत विहार के पास रोड पर एक पेड़ गिर गया है यातायात प्रभावित हैं|
record:72dd7681f277a88d2488402df979909157067030968c278963e5a71ce2f838fb,1077526862459396096,https://twitter.com/dtptraffic/status/1077526862459396096,Traffic Alert वसंत कुंज में एम्बिएंस मॉल की पार्किंग फुल हो गयी हैI जिस कारण नेल्सन मंडेला मार्ग पर यातायात जयादा हैI जो वसंत विहार थाने से मुनिरका की ओर जा रहे है वो नेल्सन मंडेला मार्ग के प्रयोग से बचेI
record:731aed9c37f976fc8595b29c441cd4e01ce4a2f0e70684591501b3c0100e2740,574455578841477120,https://twitter.com/dtptraffic/status/574455578841477120,Traffic Alert शांति वन चौक पर सेंट्रल वर्ज एक्सीडेंट के कारण टूट गया है |
record:7352781c490e5d1bbabf4a3bc4f07e2ea02a06ed857d80769262bcc26e03ef94,576297828135370753,https://twitter.com/dtptraffic/status/576297828135370753,Traffic Alert खानपुर रेड लाइट पर यातायात अब सामान्य है |
record:742b2a9baa7098ea4f7f9a5e58e3a9258d6cff76b72a953af12a3645bfaf5e73,1093374393676312576,https://twitter.com/dtptraffic/status/1093374393676312576,Traffic Alert समालखा T-Point पर धरना प्रदर्शन की वजह से द्वारका से गुरुग्राम (both carriageway) में यातायात प्रभावित है | द्वारका से NH-8 की तरफ यातायात को डाइवर्ट किया गया है |
record:7487fde21d6609f9f617b71de06a5670302de280f37999c3ff24177ba723b013,1081889601126420480,https://twitter.com/dtptraffic/status/1081889601126420480,Traffic Alert ईदगाह से तीस हजारी जाने वाले मार्ग (रानी झांसी फ्लाई ओवर) पर दिल्ली जल बोर्ड वाले काम कर रहे है जिसके कारण आज रात तक फ्लाई ओवर यातायात के लिए बन्द रहेगाI pic.twitter.com/1gqaIJxlRX
record:749a5e62c5fb45a3f3e2697172b204563dc3b659f7bc93268186fce5aaf942d0,619802267370319873,https://twitter.com/dtptraffic/status/619802267370319873,Traffic Alert पश्चिमी पटेल नगर में पेड़ गिरने के कारण यातायात प्रभावित है | असुविधा के लिए खेद है |
record:74cbe5bd2e567279a44c6bff7091147e3383ea37c8f96cbf962f039ec123c0a9,560399756586135552,https://twitter.com/dtptraffic/status/560399756586135552,"Traffic Alert रानी झाँसी रोड, आजाद मार्केट, बर्फ खाना चौक पर यातायात ज्यादा है, कृपया इस मार्ग से जाने से बचे I असुविधा के लिए खेद है I"
record:7575a11f3ea8774473784537e06a692483e88953325246954bd9734f1edb918b,1027079728610521094,https://twitter.com/dtptraffic/status/1027079728610521094,Traffic Alert कुतुब रोड आजाद मार्केट चौक के पास रोड टूटने के कारण यातायात ज्यादा है|
record:757c4b9b60d303b41864a8e94ada0c83a36a9c60593faa22362ff0fed9c8ff2b,570196759642832897,https://twitter.com/dtptraffic/status/570196759642832897,"Traffic Alert कोडिया पुल से छत्ता रेल की तरफ जाने वाले मार्ग में पानी की पाइप लाइन का काम चल रहा है, जिसकी वजह से यातायात ज्यादा है I"
record:757eff7aef9176bb1fceea08ca4314252112c877d7df88eec1403d4d34427e5d,983630222674161664,https://twitter.com/dtptraffic/status/983630222674161664,Traffic Alert 24 अकबर रोड पर धरना प्रदर्शन के कारण मोती लाल नेहरु R/A से मानसिंह रोड T-Point तक रोड को ट्रैफिक के लिए बंद कर दिया है!
record:759150ce57cf298a0bdf09adecb87add4333168a2d3642a47b8dbefec46599ca,1034346647231320064,https://twitter.com/dtptraffic/status/1034346647231320064,Traffic Alert पंडित पंत मार्ग से बिशम्भर दास मार्ग की तरफ जाने वाले मार्ग में पेड़ गिर जाने के कारण यातायात बाधित है कृपया इस मार्ग के प्रयोग से बचें!
record:759750f47b31687e3fb246595e4a0954cb64abebd25629a40cdbb4d12ef1df29,594015510100090880,https://twitter.com/dtptraffic/status/594015510100090880,Traffic Alert पटेल चौक पर पंजाब के किसान प्रदर्शन कर रहे है जिसके कारण यहाँ पर यातायात को डाइवर्ट किया गया है | असुविधा के लिए खेद है |
record:7625c4b2064b20680a0dd7ed208c26aa7f960111ab25356161edea7885a3dd6e,1044078336786468864,https://twitter.com/dtptraffic/status/1044078336786468864,"Traffic Alert प्रमोद महाजन मार्ग,PVR साकेत के पास जो पेड़ गिर गया था उसको हटा दिया गया है व यातायात अब सामान्य है!"
record:76a72161acb622f6f3f7053338f8d5010ace3e3d91ff06c2815778b0fc88642b,1101804412819791872,https://twitter.com/dtptraffic/status/1101804412819791872,"Traffic Alert शिव बारात का जुलूस जो वनखंडी मंदिर पुरानी दिल्ली रेलवे स्टेशन से आरम्भ हो गया है जो स्यामा प्रसाद मुखर्जी मार्ग,नावल्टी सिनेमा ,पीली कोठी ,नया बाज़ार ,खारी बावली ,फतेहपुरी ,चांदनी चौक से होता हुआ लाल किला जायेगा |जिसके कारण इन मार्गो पर यातायात प्रभावित रहेगा |"
record:7758868d7b1d6af2985e8f390ff9c485cea43a63a7ca7c0bdf32b221cf4ad8fe,866282304338931712,https://twitter.com/dtptraffic/status/866282304338931712,"Traffic Alert CV Raman Marg ,रिंग रोड पर एक पेड़ गिर गया है जिससे यातायात ज्यादा है |"
record:7777eae119060004b734e7e3907f6e4d74ab72222f68e9c1772dce82b00d5991,825647742437380096,https://twitter.com/dtptraffic/status/825647742437380096,Traffic Alert पुराने किले से C - Hexagon और अशोका रोड की तरफ जाने वाला रोड 5 PM to 5 :15 PM और 6 PM to 6:15 PM तक यातायात के लिए बंद रहेगा |
record:77897778940ea31b7a3033a2d47fd01ada7cff9537999e4cb5de1f656fbd9a06,1022704201447743488,https://twitter.com/dtptraffic/status/1022704201447743488,Traffic Alert राजा धीर सेन मार्ग ओखला के पास एक बड़ा पेड़ गिर गया है जिसकी वजह से यातायात प्रभावित है | कृप्या इस मार्ग के प्रयोग से बचें |
record:77fee9f163db25185860cdcd096dd1bcbd4859c30a3518d2936f9cdd89ecd5f9,1070543130942943232,https://twitter.com/dtptraffic/status/1070543130942943232,Traffic Alert भैरों मार्ग पर PWD के द्वारा कार्य किया जा रहा है जिसके कारण मथुरा रोड की तरफ जाने वाला यातायात प्रभावित हैI
record:7875c1f17a949c90ca432ea1771263fcd182cd5db66de06d90ecf49ebecd882a,884439550268907520,https://twitter.com/dtptraffic/status/884439550268907520,Traffic Alert वसंत विहार की तरफ ट्रैफिक हैवी हैI सेक्टर 12 आर के पुरम से वसंत विहार की तरफ ट्रैफिक डाइवर्ट किया है I
record:787d4c128eb5304abdde28adfcaee8892f190c0c4447299e7479e0e634523417,886568186547535873,https://twitter.com/dtptraffic/status/886568186547535873,Traffic Alert उतम नगर ईस्ट मेट्रो स्टेशन के सामने रोड पर पब्लिक प्रदर्शन कर रही है.जिस कारण द्वारका से आने वाले ट्रैफिक को द्वारका मोड़ 1/2
record:78cc4ef798039269bef14e7ca53533d17881930e20acdc5e919a1c8a650e0c1c,985055231896514560,https://twitter.com/dtptraffic/status/985055231896514560,Traffic Alert मजनू का टीला पर बैसाखी के कार्यक्रम के चलने के कारण रोहिणी से ISBT जाने वाले रास्ते पर व्यावसायिक वाहनों को मुकुन्दपुर चौक से रोड नंबर 51 और NH-1 की तरफ से आने वाले व्यावसायिक वाहनों को आजादपुर की तरफ मोड़ दिया गया हैI
record:78fcd4370a5c4712eeb1c513e2c2eef3ae6a3e2c2ba797bdf6bd416e98c4c7ec,592320732882989056,https://twitter.com/dtptraffic/status/592320732882989056,Traffic Alert रामपुरा चौक पर फेटल एक्सीडेंट के कारण यातायात को डाइवर्ट किया गया है|
record:791e7371be1a28b95ce187a44d84db4a333bc820b19ed912a88e6f1e762d60b5,875560829256581120,https://twitter.com/dtptraffic/status/875560829256581120,PART1/2..Traffic Alert RTR मार्ग पर सड़क निर्माण का कार्य होने की वजह से आउटर रिंग रोड से गुड़गांव जाने
record:792dd7df5aff1c58950aaa0f2a19f6be5fb0978dae3db6cfc1f045e6eb4d0ccc,1064011016802000897,https://twitter.com/dtptraffic/status/1064011016802000897,Traffic Alert संसद मार्ग थाने के सामने वाले रोड को धरना प्रदर्शन के कारण यातायात के लिए बंद कर दिया गया हैI
record:7959aadc2c6b0d8199d99fdfcefe6553fd57598d70c57488d18c1e5924f2f8e9,1068042620385914880,https://twitter.com/dtptraffic/status/1068042620385914880,Traffic Alert अखिल भारतीय किसान संघर्ष समन्वय समिति मार्च NH-8 पर महिपालपुर लालबत्ती से आगे धौला कुआँ की ओर बढ़ रहा है जिसके कारण NH-8 व उसके आसपास यातायात प्रभावित हैI
record:7982ca8310417afa35a0718ad9f074fee9b5eba2c30c6d19486631af3273ec2b,875534354251866114,https://twitter.com/dtptraffic/status/875534354251866114,Traffic Alert कालिंदी कुंज से नॉएडा जाने वाले मार्ग में नॉएडा नहर पर एक ट्रक खराब है|
record:7a2a45d260e1ce9b5c38bdab5c2fff35f88b2cadc26a805d825ec8445d513a0f,931368475443916802,https://twitter.com/dtptraffic/status/931368475443916802,Traffic Alert कालिंदी कुंज से नोएडा जाने वाले मार्ग में एक ट्रक ख़राब है जिसके कारण ट्रैफिक बाधित है!
record:7a62ad79598b9fedc7092a31f6ba61dbdfbe78b5758077c1d4245681ce3acd4e,820983232346918912,https://twitter.com/dtptraffic/status/820983232346918912,Part1/2..Traffic Alert कापसहेड़ा से रजोकरी जाने वाला मार्ग 5:30PM से 9:00PM तक बंद रहेगा I रजोकरी
record:7b4faf2ce067b0e3e5a450e2c0573b9148b07e1b13906a0d97f8cd022017b1d8,563697719945207809,https://twitter.com/dtptraffic/status/563697719945207809,Traffic Alert शादीपुर मेट्रो स्टेशन के नीचे एक क्लस्टर बस DL1PC 5944 ख़राब है I असुविधा के लिए खेद है
record:7b695b0e5b33d5071f6f9bc5fc637a910c422f8951d5435cfe7d8f03c622a49e,790382413012692994,https://twitter.com/dtptraffic/status/790382413012692994,Traffic Alert खजुरी से वजीराबाद की तरफ जाने वाले मार्ग पर आज 08.00 AM से 10.00 AM तक यातायात को one way चलाया जा रहा है तथा यमुना पार...1/2
record:7baa034c78b71d638d2e619529d6955c1b75eeb18de5ad59df008ecbcc3c35eb,996550725629919232,https://twitter.com/dtptraffic/status/996550725629919232,Traffic Alert Aurobindo Marg पर IIT जाने वाले carriageway में AIIMS मेन गेट के पास एक पेड़ गिर गया है |
record:7bb59d3128817a135ea2656722d5e4dd13ed371d443f05658b9dc18186dfd564,538343621289062400,https://twitter.com/dtptraffic/status/538343621289062400,"Traffic Alert एक डीटीसी बस नंबर DL1PC5431 बाहरी सी सी कनाट प्लेस पर खराब हैं,असुविधा के लिए खेद हैं|"
record:7be445a69b3d10e15b02c5d740b678e9ce7f6aca9c6976ae1a544ed15e37bede,613951248434397184,https://twitter.com/dtptraffic/status/613951248434397184,Traffic Alert अरबिंदो चौक व R/A तुगलक रोड के बीच में यातायात अब सामान्य है|
record:7caff7ad74636dfccdf23740fa62efbeac7ba44808c2411227b113f81e11e48c,1069543915559272448,https://twitter.com/dtptraffic/status/1069543915559272448,Traffic Alert नांगलोई से मुंडका जाने वाले मार्ग में नांगलोई फ्लाईओवर पर ऐक्सीडेंट होने के कारण यातायात बाधित है | बहादुरगढ जाने के लिए नांगलोई फ्लाईओवर के नीचे से होकर जाये |
record:7cbe730d5cbbe37c4243abc202c76d17394e4f9d35beeeb06daed872a5d3fcf7,903125520308568064,https://twitter.com/dtptraffic/status/903125520308568064,"Traffic Alert किर्बी प्लेस से धौला कुआँ की तरफ जाने वाले मार्ग पर जो पेड़ गिर गया था, अब उसे हटा दिया गया है I यातायात सामान्य है I"
record:7cf9d24f2923385e444ec3162f053a74612eceefb67685672a01c7d22f7c582f,773425830840111108,https://twitter.com/dtptraffic/status/773425830840111108,Traffic Alert बर्फखाना पर यातायात ज्यादा होने के कारण यातायात को बाड़ा हिन्दू राव (पहाड़ी धीरज) से मल्कागंज की तरफ डाइवर्ट किया गया हैI
record:7d19a66a9da00e558d2e74f0ab5dc3a42e59106a7a109d819c64db80def9d94d,1026359777822167040,https://twitter.com/dtptraffic/status/1026359777822167040,"Traffic Alert रकाबगंज गुरुद्वारा और बंगला साहिब गुरुद्वारा, गुरु पर्व के कारण R/A गुरुद्वारा रकाबगंज व बाबा खड़क सिंह मार्ग पर यातायात बाधित रहेगा|"
record:7db77070effcce34e601e904f6517b06c4815074367612383ca02425aaaaab60,1101137693948428289,https://twitter.com/dtptraffic/status/1101137693948428289,Traffic Alert भैरों मार्ग पर प्रगति मैदान गेट नंबर-2 के सामने रोड धंस जाने के कारण यातायात प्रभावित है I कृपया इस मार्ग के प्रयोग से बचें I
record:7de20d5a65a652fab68bd846018792d81947d65b3be83e3fb0f8c554cc5e4fa8,1091332665909731328,https://twitter.com/dtptraffic/status/1091332665909731328,Traffic Alert स्कूल ब्लॉक शकरपुर व् गणेश नगर से मदर डेयरी की तरफ जाने वाले मार्ग में फ्लाईओवर के ऊपर रेलवे के द्वारा मरम्मत का कार्य चल रहा है जिसके कारण इस मार्ग में यातायात प्रभावित हैI
record:7e0c5efdf764ca7c4fd10e5e99aa14177c9cb5278bd501dda2a724667aeb9724,1020608798287806467,https://twitter.com/dtptraffic/status/1020608798287806467,Traffic Alert रूप नगर से मौरिस नगर जाने वाले मार्ग में मौरिस नगर रेड लाइट से पहले एक बड़ा पेड़ गिर गया है जिसकी वजह से यातायात बाधित है |
record:7e30cd0db4f98844e737dd21a38f8fd5ca5ec541e625f50d365f39ae0c03e5fb,1087692086747561985,https://twitter.com/dtptraffic/status/1087692086747561985,Traffic Alert जे.एल.एन. मार्ग पर कमला मार्केट से अजमेरी गेट जाने वाले मार्ग में गुरुद्वारा चौक पर सड़क धंस गई हैं जिससे यातायात प्रभावित हैं| यातायात को कमला मार्किट गोल चक्कर से विवेकानंद मार्ग की तरफ डाइवर्ट कर दिया हैं|
record:7e31a0f0a9c57379b669976458138e0e59111ef48c675724630fd4d9fa24095a,869062458270302208,https://twitter.com/dtptraffic/status/869062458270302208,"Traffic Alert १/२ हमदर्द से डी.डी.ए.कालकाजी की तरफ जाने वाले मार्ग पर तारा अपार्टमेंट की रेड लाइट के पास, पेड़ पर हाई टेंशन तार गिरने की..."
record:7e5b2c6db0a91eb1b06b49438e7b2ad870aa9e9953178b25074d738c020b2996,1088794558945742848,https://twitter.com/dtptraffic/status/1088794558945742848,Traffic Alert कालिंदी कुंज में नये पुल का उद्घाटन हुआ हैं जिसमे पुराने कालिंदी कुंज पुल पर दिल्ली से नोएडा तथा नये पुल पर नोएडा से दिल्ली की तरफ यातायात चल रहा हैं पर वाहन चालकों में असमंजस के कारण यातायात प्रभावित हैं|
record:7e5c2bb4e926a8369707e46930397f764e07baaeba5f64d5dc125a66c157470c,1017740594343317504,https://twitter.com/dtptraffic/status/1017740594343317504,Traffic Alert वाटर टैंक अशोक विहार के पास रोड पर एक पेड़ गिर गया है यातायात प्रभावित हैं|
record:7e84c496e0d33f9af3e691ce8959c4911a98cb08929da5de691e25236f23a555,829684930619772928,https://twitter.com/dtptraffic/status/829684930619772928,Traffic Alert हयात से धौला कुआँ जाने वाले मार्ग में हयात फ्लाईओवर पर सड़क के मरम्मत का काम चल रहा है I HTVs/LGVs पुल के नीचे से जाएंगे I
record:7e8b1522a2de5b36e3a0c00be6e06edfb5dd74c91eb370d598558f9c4958b26d,1094578751244062720,https://twitter.com/dtptraffic/status/1094578751244062720,Traffic Alert GTB Hospital से दुर्गापुरी जाने वाला मार्ग फ्लाईओवर के रिपेयर कार्य की वजह से यातायात के लिए बंद है|
record:7ec4e21d77deb8dbece7949fbd4806e8180b7ee7ba615a47bdacd65f0bc05acb,1059407770053562368,https://twitter.com/dtptraffic/status/1059407770053562368,"Traffic Alert फिरनी रोड नजफ़गढ़, छावला स्टैंड के पास क्लस्टर बस नं DL1PD 6447 ख़राब है | यातायात बाधित है |"
record:80ba01155f69409b4a689455298cb59cf4b76a34a9e60cd57fc6221e3cb3c39a,945162367431618560,https://twitter.com/dtptraffic/status/945162367431618560,Traffic Alert स्वामी श्रद्धानन्द सरस्वती बलिदान दिवस के अवसर पर आज शोभायात्रा निकल रही है जिसका मार्ग इस प्रकार रहेगा :-नया बाज़ार -लाहोरी गेट चौक -खारी बावरी -फतेहपुरी मस्जिद -चांदनी चौक -...1/2
record:813c52bdd788a36b03474df8fd7f9af9b10f8a368cbe8e94c7576d696b9c4f52,847806726225121282,https://twitter.com/dtptraffic/status/847806726225121282,Traffic Alert निजामुद्दीन से मयूर विहार जाने वाले carriage way में बारापुला पर elevated road का कार्य चल रहा है 1/2
record:81410d37f7187382e7387f3a986cafbf14024dfdd7e0a8dfc020047aac2eea05,875732360255250433,https://twitter.com/dtptraffic/status/875732360255250433,PART1/2...Traffic Alert नजफगढ़ रोड से जोगिन्दर सिंह मार्ग आज रात 2200hrs से सोमवार सुबह 6 बजे तक
record:8148717e041da3a8b344c95bd36a5b2fc4400cd50220a338b16c168dd09e7a65,1068475981554438144,https://twitter.com/dtptraffic/status/1068475981554438144,Traffic Alert नरेला सब्जी मंडी से अनाज मंडी की ओर जाने वाले मार्ग में बवाना रोड पर एक पेड़ गिर गया है जिसके कारण यातायात प्रभावित हैI
record:8149076702e0c98c5dfd86b32fdd3aae932401630b35cb462f974d25cba26a6e,563672502153801729,https://twitter.com/dtptraffic/status/563672502153801729,"Traffic Alert पुल प्रह्लादपुर पर सूरजकुंड का मेला लगा हुआ है, जिसके कारण यातायात ज्यादा है I असुविधा के लिए खेद है I"
record:8152ee49434803cdbd85ae2f29d63d57a9e1c2de78f37953e967b63e7a542919,547019677063708672,https://twitter.com/dtptraffic/status/547019677063708672,Traffic Alert न्यू दिल्ली से मूलचंद की तरफ जाने वाले मार्ग में लाला लाजपत राय मार्ग पर यातायात ज्यादा हो गया है I असुविधा के लिए खेद है I
record:81cf129207ab5250aaee66bb7446a97c14b2234feea94fc06bf3d2f3d35ba6cc,773031551319748608,https://twitter.com/dtptraffic/status/773031551319748608,Traffic Alert- यूनिवर्सिटी रोड पर मॉल रोड T-Point के पास पानी लीकेज होने के कारण यातायात बाधित है|
record:822ed4946515b20ed46969ddace06bf6210a91b6674e035ec869128908d2b9fb,964359646986162176,https://twitter.com/dtptraffic/status/964359646986162176,Traffic Alert मिलिट्री कट पर पुल टूट जाने के कारण आनंद पर्वत से मिलिट्री कट जाने वाले मार्ग को रिपेयरिंग के लिए बंद किया गया है I सराय रोहिल्ला व जखीरा की तरफ जाने वाले वाहन खालसा कॉलेज से U टर्न लेकर रोहतक रोड से होते हुए जाएंगे I
record:82a093cc92ce34aedc995c664a7dd63fba35344b95f4ad36b6c7007e8f6ff875,903444412583182336,https://twitter.com/dtptraffic/status/903444412583182336,Traffic Alert Olof Palme Marg से RTR की तरफ जाने वाले मार्ग पर भारत पेट्रोल पंप के सामने रोड पर बड़ा गड्ढा हो गया हैI असुविधा के लिए खेद हैI
record:82ff50f6067e80c65e9727cc8653c18e36405f62153c4399d2f2f39ebf8be251,1011424281404870656,https://twitter.com/dtptraffic/status/1011424281404870656,Traffic Alert मोती बाग से धौला कुआं पहुँचने के बाद ARSD कॉलेज के पास गुडगाँव की तरफ जाने वाला रोड बंद कर दिया गया है I गुडगाँव जाने वाला ट्रैफिक सीधा जाकर लूप से घूमकर गुडगाँव जाएगा I
record:83c57880876ed3c6ca7df784b5bc78a49a9bd398781a0ee4333d919b4bbed911,773684127509913600,https://twitter.com/dtptraffic/status/773684127509913600,Traffic Alert आजादपुर सब्जी मंडी में ट्रकों की संख्या अधिक होने के कारण आजादपुर से मुकरबा चौक की तरफ यातायात ज्यादा हैI
record:84733b70ae8ad43a557969301019af9c93485c92e8e5c6c07c99e73861f6df40,1106536442505900034,https://twitter.com/dtptraffic/status/1106536442505900034,Traffic Alert हिन्दू कालेज में प्रोग्राम होने के कारण चोबरजा चौक से यूनिवर्सिटी रोड की तरफ यातायात बाधित है |
record:84bc9210f381bf4b4b4eeb1bb61633b2772596c4146ba834a4f5c35afb9510d5,1044080421888303104,https://twitter.com/dtptraffic/status/1044080421888303104,Traffic Alert महरौली बदरपुर रोड टी-पॉइंट से हमदर्द की तरफ जाने वाले मार्ग पर जलभराव के कारण यातायात प्रभावित है!
record:84d198e9bbd4b0f4ca83efd047e1c58024095c11ae9c7bc0148188abc7795e1c,1068390533184204800,https://twitter.com/dtptraffic/status/1068390533184204800,Traffic Alert अखिल भारतीय किसान संघर्ष समन्वय समिति मार्च संसद मार्ग (पुलिस स्टेशन के पास ) पहुच गया है | यहाँ पर यातायात प्रभावित है |
record:8575654e9572bbdea4f460c5d9cdbfc3a15c2ccf742ddbc964f1874998bb7bee,1077068042964688896,https://twitter.com/dtptraffic/status/1077068042964688896,Traffic Alert टिकरी बॉर्डर पर MCD Toll का कार्य चल रहा है व नांगलोई जाने वाले रोड का निर्माण कार्य PWD कर रही है जिसकी वजह से टिकरी बॉर्डर से नांगलोई जाने वाले मार्ग की 2 लाइन यातायात के लिए बंद रहेगी |जिसकी वजह से यहाँ पर अगले 15 दिन यातायात ज्यादा रहेगा |
record:859de0f3fcbb6577d279e49f98f445b6b80568fd04d10eea4a3030c2334a9cab,1082491836617408512,https://twitter.com/dtptraffic/status/1082491836617408512,Traffic Alert Bishambar Das Marg पर Talkatora चोराहे के पास रोड धस गई है| इस मार्ग के प्रयोग से बचें|
record:863da408d7916dbc24d4f8db269c8d039334ec0fc08b97246d6337748df5689a,1084094604050259968,https://twitter.com/dtptraffic/status/1084094604050259968,Traffic Alert चिंतामणि रेड लाइट T- Point से जो रोड विवेक विहार के ओर जाती है अंडरपास के पास गैस पाइप लाइन कटी हुई हैI यातायात बाधित है I कृपया इस मार्ग के प्रयोग से बचें I
record:865bd68c288bbed00925e733b0afa1b8bcd1c8ce7b540505364eabb0b0355984,880771856072036352,https://twitter.com/dtptraffic/status/880771856072036352,"Traffic Alert राजघाट पर आंगनबाड़ी कार्यकर्ता धरना प्रदर्शन कर रहे है, जिसके कारण ITO, W-Point और मंडी हाउस पर यातायात हैवी है|"
record:866745dae00e9dd247d6d7aa4375ef51a6b0fff2424cd7a9e89dbc11cc651952,1104550569518149632,https://twitter.com/dtptraffic/status/1104550569518149632,"Traffic Alert राधा स्वामी सत्संग की वजह से दिनांक 08 से10 मार्च सुबह 4 बजे से दोपहर 2 बजे तक M.G रोड ,अरबिंदो मार्ग,100 फुटा रोड ,अनुव्रत मार्ग ,CDR चौक पर यातायात बाधित रहेगा |"
record:86847349bdb254352ade4fcaa13bfc53ae53cc9d2a283dc3a2a9cd17f8c61bc0,1025995436711075841,https://twitter.com/dtptraffic/status/1025995436711075841,Traffic Alert संसद मार्ग (पटेल चौक से जंतर मंतर) धरना प्रदर्शन के कारण बंद कर दिया गया है|
record:8782102761acfd941db8f74b1cf59986bf507240730865e9f1aa275af8fbd4e6,868057446333284352,https://twitter.com/dtptraffic/status/868057446333284352,Traffic Alert विंडसर प्लेस से रायसीना रोड की तरफ जाने वाला रास्ता यूथ कांग्रेस कार्येकर्ताओ के धरना प्रदर्शन के कारण बंद कर दिया गया है!
record:87aae242b6ea469c71f79a6932977a47522cbf08b865636b8fe1d7abb25b4248,903097005337067521,https://twitter.com/dtptraffic/status/903097005337067521,"Traffic Alert किर्बी प्लेस से धौला कुआँ की तरफ जाने वाले मार्ग पर किर्बी प्लेस के पास एक पेड़ गिर गया है, जिसकी वजह से यातायात ज्यादा है I"
record:87f7f6bdd05e3ecba3246ca3914b30780340b15331b3dd11d1a92976870f46ff,817549217145065472,https://twitter.com/dtptraffic/status/817549217145065472,Traffic Alert आजाद मार्किट चौक से फिल्मिस्तान जाने वाले मार्ग में ईदगाह गोल चक्कर पर दिल्ली जल बोर्ड वाले पाइपलाइन डाल रहे हैं|
record:883a9879ec4b5c91eb35ee85fee9b088dfcebc4d549f15a64267689e2426f536,1047011304102420480,https://twitter.com/dtptraffic/status/1047011304102420480,Traffic Alert 1. NH-28 और NH-29 को यातायात के लिए बंद कर दिया हैI कृप्या NH-24 जाने वाले DND F/O का प्रयोग करेI 2. दिल्ली से गाजियाबाद जाने के लिए विकास मार्ग का प्रयोग करे I
record:8899ecccc32f36c578f04a63bee014761b4aae5c799485cc529710eb6b40b957,1034323999323373568,https://twitter.com/dtptraffic/status/1034323999323373568,Traffic Alert मुंडका से राजधानी पार्क जाने वाले मार्ग पर जलभराव के कारण यातायात प्रभावित है!
record:894f97e45953e40c0f8b2caf119624269ea00f9ec13ac66cbce7266b23516635,1091352590133198850,https://twitter.com/dtptraffic/status/1091352590133198850,Traffic Alert नजफगढ़ रोड पर रनहोला गाँव के पास दिल्ली जल बोर्ड के द्वारा नई पाइप लाइन डालने का कार्य चल रहा है जिसके कारण यातायात प्रभावित हैI
record:89b64649a0c6654f9bf4191b81822cab0300bf2c30cff832664adc818950d4f2,1117617399652503553,https://twitter.com/dtptraffic/status/1117617399652503553,Traffic Alert आजाद पुर सब्जी मंडी में ज्यादा ट्रक आने के कारण दोनों तरफ का यातायात हैवी रहेगा|कृप्या इस मार्ग के प्रयोग से बचे|
record:8a0a2660b4645ccabbb7831e1c1f9d1c9838933cd02097f3c615070f679ae486,887265875820032001,https://twitter.com/dtptraffic/status/887265875820032001,Traffic Alert गुरु हरकिशन के जन्म उत्सव की वजह से बंगला साहिब मार्ग व बाबा खड़क सिंह मार्ग पर यातायात ज्यादा है |
record:8addd6040297578b05c1e83c66975bc5256371f7e5ff141861d33737d5a719b3,1121620211377950721,https://twitter.com/dtptraffic/status/1121620211377950721,"Traffic Alert प्रताप नगर से आजाद मार्केट जाते हुए रेलवे अंडरपास के पास पानी की पाइप लाइन टूट गयी है, जिस कारण यातायात बाधित हैI"
record:8b4acf865048c85422a232ff86a2530bd7b56be2fe34faf0cf4619fd1beeb0af,892016002120077314,https://twitter.com/dtptraffic/status/892016002120077314,"Traffic Alert बारिश के कारण मथुरा रोड ,सी - हेक्सागन ,भैरों मार्ग और राजपथ पर यातायात ज्यादा है |"
record:8bcfdaf1609ef837c4eaecf9e947a483f4d0af158f3065008b5669daeae6f60d,907058053815472129,https://twitter.com/dtptraffic/status/907058053815472129,Traffic Alert धौला कुआँ से 11 मूर्ति जाने वाले मार्ग में छतीसगढ़ भवन के सामने एक पेड़ गिर गया है| जिसके कारण यातायात बाधित है|
record:8bf988ac4ae6ac8c9aa6216e1d4f4d399e09da48e437630b7cab500864bc5b90,1089499637428428800,https://twitter.com/dtptraffic/status/1089499637428428800,Traffic Alert पैसिफिक मॉल में ज्यादा गाडिया आने से सुभाष नगर चौक के पास यातायात बाधित हैI
record:8c3c65e2b2c19510b0525f838f0ac68fec15f4d3ee64137fe321d985729b5500,895945934026153984,https://twitter.com/dtptraffic/status/895945934026153984,"Traffic Alert I.P College से विधानसभा की तरफ आंगनबाड़ी वाले रोड पर प्रदर्शन कर रहे है, 2/1"
record:8c3dbc3b96ee8a8923f8e60a3b0d8bf5fbf42d9c72493f33553843b2b788a659,980638565943005184,https://twitter.com/dtptraffic/status/980638565943005184,"Traffic Alert माँ आनंदमयी मार्ग की रेड लाइट पेड़ गिरने से टूट गयी है, जिससे यातायात प्रभावित रहेगा I"
record:8c63db653345752ccf3c66b074f101697a22d5fc4950d786708b3115c986c34b,892033173479014402,https://twitter.com/dtptraffic/status/892033173479014402,"Traffic Alert मथुरा रोड ,सी - हेक्सागन ,भैरों मार्ग और राजपथ पर यातायात सामान्य है |"
record:8c99b9bb5c6e6cf42b85ad39c602b10658feb7687f0dbdea75972ed1221ee7a5,1095030100167483394,https://twitter.com/dtptraffic/status/1095030100167483394,Traffic Alert मायापुरी मेट्रो स्टेशन से धौला कुआँ जाने वाले मार्ग में जो High Mast Lighting Pole गिर गया थाI उसे हटा दिया गया है I
record:8cd5ad1f686250b20fb3cb44590cfd56abbe8fa300e253cf5139d63396968c2e,1034372822204731392,https://twitter.com/dtptraffic/status/1034372822204731392,"Traffic Alert नारायणा से नारायणा विहार,ओ पी भारती मार्ग पर एक पेड़ गिर जाने के कारण यातायात प्रभावित है!"
record:8d6cac32eaa85dd13e7f24600a39314ab637f51cccbaf1e2afaec15e9d344906,591567918887870464,https://twitter.com/dtptraffic/status/591567918887870464,Traffic alert संयासी आश्रम के पास एक बस डिवाइडर पर चढ़ गयी हैं। यातायात बाधित नहीं हैं।
record:8e251ec003d71501537e998499da2368f311f686668d4077c955d4552f7081f6,774423039245115393,https://twitter.com/dtptraffic/status/774423039245115393,PART1/2..Traffic Alert-आजादपुर मंडी में बहुत ज्यादा ट्रक आने के कारण आजादपुर से मुकरबा जाने वाले मार्ग में यातायात धीमा चल रहा है I
record:8e42a9466bd59531bf48c453bcec309613e028465fcc24b2b02666bbb437fd1f,964532310136700928,https://twitter.com/dtptraffic/status/964532310136700928,Traffic Alert नेल्सन मंडेला इंटरसेक्शन से पूर्वी मार्ग इंटरसेक्शन तक यातायात रात 10 बजे से सुबह 6 बजे तक बंद रहेगा I जो वाहन नेल्सन मंडेला व मुनिरका से रामा कोटि मार्ग जाना चाहते हैं वह विवेकानद मार्ग से जाएँ I
record:8ecd97a7f0d017562003763a0e989fcfce18bad6be9165303d113d6cda31ad2b,997139544863457283,https://twitter.com/dtptraffic/status/997139544863457283,Traffic Alert नमाज के कारण निषाद राज मार्ग के दोनों मार्गों को बंद कर दिया गया है|
record:8f3ec0a91d9afd66d9be13911da126400528c03fc0a5136d77da14efa36be158,1022028054053507072,https://twitter.com/dtptraffic/status/1022028054053507072,Traffic Alert महिपालपुर से वसंत कुंज जाने वाले मार्ग में माता चौक के पास रोड धंस गई है| यातायात प्रभावित है|
record:8f8378166ce188460187e1b24db6a5c85d92bb77ac99dfc2c786639bf6acc914,1036508161048338438,https://twitter.com/dtptraffic/status/1036508161048338438,Traffic Alert Patparganj Road पर गणेश नगर चौक से मदर डेयरी की तरफ जलभराव के कारण यातायात बाधित है!
record:8fa8369389bfaab6049e8a9344f59f39ae2387300d271f026f837d6da45b50bc,996552465137917953,https://twitter.com/dtptraffic/status/996552465137917953,Traffic Alert आर्य समाज रोड पर गफ्फार मार्किट के सामने एक बड़ा होर्डिंग गिर गया है जिसकी वजह से both carriageway में यातायात ज्यादा है |
record:8fd1631b0d51ba932ca7961d1b746e86749dd75826ca0e326bb03160ffe0cdb7,937885600027258880,https://twitter.com/dtptraffic/status/937885600027258880,Traffic Alert Under IP Flyover से A Point(ITO Chowk) जाने वाले मार्ग में पानी की पाइपलाइन लीकेज है जिसकी वजह से 0900 AM से 11 AM तक DTC और कमर्शियल वाहन जो लक्ष्मी नगर से A Point(ITO Chowk) की तरफ जाते हैं वह वाहन रिंग रोड भैरो रोड से होते हुए जाएंगे I
record:9061c38fea4f904bd5406ad486380e07e21a912c8c3c39e6145add741f68d40f,1095017915047243776,https://twitter.com/dtptraffic/status/1095017915047243776,Traffic Alert मायापुरी मेट्रो स्टेशन से धौला कुआँ जाने वाले मार्ग में High Mast Lighting Pole गिरने के कारण यातायात को मायापुरी चौक से कीर्ति नगर की तरफ डाइवर्ट कर दिया गया है | pic.twitter.com/Qk6a7v2Eah
record:90b5e9d04763a7182a2accb3a74f5eea42675dd70ae427daf92ae5886cff0099,832914049415380992,https://twitter.com/dtptraffic/status/832914049415380992,Traffic Alert Copernicus Marg से C - Hexagon जाने वाले मार्ग पर एक पेड़ गिर जाने के कारण यातायात बाधित है|
record:90f675c01a0560f288aee0c75cba695508a0be8318f1b311a153ea57068efd8e,895639854016479232,https://twitter.com/dtptraffic/status/895639854016479232,Traffic Alert ओबेरॉय अपार्टमेंट के पास पेट्रोल पंप पर आग लगने के कारण श्यामनाथ मार्ग पर यातायात अधिक है I कृपया इस मार्ग के प्रयोग से बचें I
record:918334c486a00497e7107743832112b862ee481537558312d9feec029d94b414,1097768996697300992,https://twitter.com/dtptraffic/status/1097768996697300992,Traffic Alert छत्रपति शिवाजी महाराज का जुलूस जो महाराष्ट्र भवन दिल्ली से चला था वो राजेंदर प्रसाद रोड पर पहुँच चुका है माधवराव स्सिन्डिया मार्ग-जसवंत सिंह मार्ग पर यातायात अब सामान्य हैI
record:91ead1bffbcad3375b9bd98f534de2ff346e1bee054eeea187119e61af70a997,1036178228845715457,https://twitter.com/dtptraffic/status/1036178228845715457,Traffic Alert बुराड़ी से नत्थूपुरा कौशिक एन्क्लेव सिटी चाइल्ड हॉस्पिटल के पास रोड धंस गया हैं जिससे यातायात प्रभावित हैं| कृपया मार्ग पर सावधानी बरते|
record:91efb1849da2b15ac9621667bbf56473c5fa1da2cdec3ac782cc21d34dd52faa,1051690576196853762,https://twitter.com/dtptraffic/status/1051690576196853762,Traffic Alert Mother Dairy के पास सीवर लाइन का कार्य चल रहा है जिसकी वजह से यातायात प्रभावित है |कृप्या इस मार्ग के प्रयोग से बचें | नरवाना से आने वाला यातायात मंगलम रोड से सराय काले खान होकर जाये|
record:9388df9e2cc2b7fa6e1766682261b0b887863d0c09aad66d7dfc8284915c73b9,592162477787348992,https://twitter.com/dtptraffic/status/592162477787348992,"Traffic Alert एक DTC की बस DL 1PD 0070 पालम फ्लाई ओवर पर दिल्ली केंट से DWARKA जाने वाले मार्ग पर ख़राब हैं, असुविधा के लिए खेद है|"
record:93d5843c1720e0f0dd6ff713135592da45715c263297a2e87710b3e86d8224c1,595933462697226240,https://twitter.com/dtptraffic/status/595933462697226240,"Traffic Alert उत्तम नगर चौक पर दिल्ली जल बोर्ड ने खुदाई की है, जिसकी वजह से यहाँ पर यातायात ज्यादा हो गया है I असुविधा के लिए खेद है I"
record:9430f6731003ba1a4f9a59f688d2ae92d5208790cf568e8e4f5d682fcc30ea7d,623023191204720640,https://twitter.com/dtptraffic/status/623023191204720640,Traffic Alert रजौकरी अंडर फ्लाईओवर से कापसहेड़ा की तरफ सड़क धंस गई है जिसके कारण यातायात ज्यादा है | असुविधा के लिए खेद है |
record:943291e1d9cbf65063f87ea8d95e188243a1813c368e2faedd4b979761c1c86a,1070883718519123973,https://twitter.com/dtptraffic/status/1070883718519123973,Traffic Alert मुनिरका से RTR जाने वाले मार्ग में मुनिरका फ्लाईओवर के पास पिलर नंबर 40 व 41 के पास PWD का काम चल रहा है जिसके कारण यातायात प्रभावित है
record:9463851a11210459677114af132ce47c0eff33bb9e369b44706516689055b2b1,581699642330628096,https://twitter.com/dtptraffic/status/581699642330628096,Traffic Alert वजीरपुर डिपो के पास यातायात सामान्य गति से चल रहा है |
record:94de5bdc1318d567088043953c8c20795dc740f870ac0727cd36b5eb5fd76122,1090608305989476357,https://twitter.com/dtptraffic/status/1090608305989476357,Traffic Alert मुंडका से रानी खेड़ा ( both carriageways) की ओर जाने वाले मार्ग पर बिजली के खंभे गिर जाने के कारण यातायात बाधित हैI
record:95340c14e49c90fc30b56cfc167431d52e8a394de40e9bc9b55ba0e634733131,1067051072152252416,https://twitter.com/dtptraffic/status/1067051072152252416,Traffic Alert सरदार पटेल मार्ग पर भारतीय साधु समाज गोल चक्कर के पास एक कार में आग लग गई हैं जिससे यातायात बाधित हैं|
record:9582f8ec0882bb27e9ff46fa77127777c61994bd014c64a4606a7075af7bdafd,987173464799723521,https://twitter.com/dtptraffic/status/987173464799723521,Traffic Alert 1. महारानी बाग़ से सराय काले खान जाने वाले मार्ग को पानी की पाइपलाइन फट जाने के कारण बंद किया गया है I 2. बारापुलाह से सराय काले खान जाने वाले वाहन चालक DND मार्ग का प्रयोग करें I
record:9599de2bd9f212c46827d99eb80c23cf25f157f3bedc922540820cd08978aede,901456489486860288,https://twitter.com/dtptraffic/status/901456489486860288,"Traffic Alert RTR से मोतीबाग सेक्टर 8 की रेड लाइट R. K Puram, एक पेड़ गिर गया है जिसके कारण यातायात बाधित रहेगा|"
record:963f47e13c9a7889d4d7331b6fa5a3f7145f23a5144cc8c4da160a61b5ab8e0b,1026654265647886336,https://twitter.com/dtptraffic/status/1026654265647886336,Traffic Alert लाल कुआँ से महरौली की तरफ जाने वाले मार्ग पर एक ट्रक पलट जाने के कारण यातायात बाधित है कृपया इस मार्ग के प्रयोग से बचें!
record:964bce71efdf7d9f206da4f7d0f43f0badeb88fd63a539e9dfb970f35b61f472,548886990297391104,https://twitter.com/dtptraffic/status/548886990297391104,Traffic Alert धौला कुआं से AIIMS की तरफ पालिका प्लेस के पास अब यातायात सामान्य है |
record:96894c990771d4f41b9ed0c8a523d3244553ab31667f6a6198ae82828c6899d4,1044074814971895808,https://twitter.com/dtptraffic/status/1044074814971895808,"Traffic Alert प्रमोद महाजन मार्ग,PVR साकेत के पास एक बड़ा पेड़ गिर गया है जिसके कारण यातायात बाधित है!"
record:970a8c132c1d361b484e369c6bc83c26b542309834c915e3bdb998f7568f49ae,1084373745769299968,https://twitter.com/dtptraffic/status/1084373745769299968,Traffic Alert नजफगढ़ रोड जो दिल्ली गेट से उत्तम नगर की तरफ जाता है जो यातायात के लिए बंद किया गया था अब वाहनों के लिए खोल दिया गया है I
record:97314e55236ad4e5eaf5e16fb965ba9dfeb3823ee24cdb47434719d4a3293fab,862597096972599296,https://twitter.com/dtptraffic/status/862597096972599296,Traffic Alert गुरुग्राम से दिल्ली आने वाले मार्ग में महिपालपुर गाँव के पास एक कार में आग लग जाने के कारण यातायात बाधित है!
record:97386e5c497bbea8b6524557b1a7ca59f51178f5411e5e2a15ee885ba69d534c,781836286709694464,https://twitter.com/dtptraffic/status/781836286709694464,Traffic Alert मॉडल बस्ती (फिल्मिस्तान) से पहाड़ी धीरज की तरफ अब यातायात सामान्य हैI
record:974e44386d4fb32eae61dedb3dd0dd481f3554314dbbd7424cb7d416b687f436,948471758436294656,https://twitter.com/dtptraffic/status/948471758436294656,Traffic Alert Kasturba Gandhi Marg बंद कर दिया गया है | जो यातायात इलियास मस्जिद से इंडिया गेट की तरफ आ रहा है उसे जसवंत सिंह रोड और माधव राव सिंधिया मार्ग की तरफ डाइवर्ट किया गया है |
record:9786c5ac3bd527d89130d346aa8e7ca7672d178aee31d57973c593cd1dd74060,615692065993850880,https://twitter.com/dtptraffic/status/615692065993850880,"Traffic Alert GGR से वसंत विहार की तरफ मुडते ही एक कंटेनर पलट गया था, कंटेनर को हटवा दिया गया है यातायात अब सामान्य है|"
record:979d1b8e0e7c448b7ba02faace718578388dd85adf8e516ae730ce4c5686cafe,1079962562664361984,https://twitter.com/dtptraffic/status/1079962562664361984,"Traffic Alert हनुमान मंदिर पर ज्यादा संख्या में भक्तो के आने के कारण कश्मीरी गेट, यमुना बाज़ार, छत्ता रेल, केला घाट और हनुमान सेतु पर यातायात बाधित रहेगा I"
record:97b7f549312c09b5a83a58e0d347e6b0adb14102ab45c919211776063defa643,539771865884270592,https://twitter.com/dtptraffic/status/539771865884270592,"Traffic Alert पूसा गोल चक्कर से मोती नगर तक मंगलवार होने की वजह से ट्रैफिक ज्यादा हैं, असुविधा के लिए खेद हैं|"
record:97ed35c5d0ab5ddefe819654977d1c8808bffdccecf9dac050042d9d4fd16641,586353934706446336,https://twitter.com/dtptraffic/status/586353934706446336,"Traffic Alert वसंत विहार जाने वाले मार्ग पर IIT फ्लाईओवर से पहले एक ट्रक ख़राब है, इसे जल्द ही हटा दिया जाएगा, असुविधा के लिए खेद है|"
record:9860beead691ff734d251973cb09521adc9890210d07425432be9c4d5b4ab924,1011878790597959681,https://twitter.com/dtptraffic/status/1011878790597959681,Traffic Alert धौला कुआँ पर PWD का काम चल रहा है इसलिए सरदार पटेल मार्ग और धौला कुआं से मोती बाग़ जाने के लिए धौल कुआँ मेट्रो स्टेशन से लूप ले कर जायेगे I
record:98a7d446383eb93e9e17f37d7043924d31640fdb636db5ab276981ec825d9fc6,536712493356564480,https://twitter.com/dtptraffic/status/536712493356564480,TRAFFIC ALERT झरेडा गाँव के पास धौला कुआँ से गुड़गाँव जाने वाले मार्ग मे एक HTV गाड़ी खराब हैंI यातायात बाधित हैI असुविधा के लिए खेद हैI
record:98be27b4eade262006d9765cdcf6fb6f1bd09f00a79e1c8c79b9a4f6f7dad27e,872692508114931713,https://twitter.com/dtptraffic/status/872692508114931713,"Traffic Alert धरना प्रदर्शन के कारण रिंग रोड पर चन्दगी राम अखाड़ा से इन्द्रप्रस्थ कॉलेज की तरफ जाने वाले यातायात को रोक दिया गया है,1/2"
record:98ed9ea7533914bb5289f9e3345ae4be1602bcd95fb0cd0ed46af18960fe08c2,1071380897016901633,https://twitter.com/dtptraffic/status/1071380897016901633,Traffic Alert गोविंदपुरी मेट्रो स्टेशन के पास एन.आई.सी. मैदान में एक प्रोग्राम चल रहा हैं जिसकी वजह से माँ आनंदमयी मार्ग पर यातायात बाधित हैं| कृपया इस मार्ग के प्रयोग से बचें|
record:992a62b0cc3d401d4d3a5490a47b79765fb7ce8e50f37147e2d326a8f51bed3a,833976890113269760,https://twitter.com/dtptraffic/status/833976890113269760,Traffic Alert धरना प्रदर्शन के कारण विंडसर प्लेस से अशोका रोड व roundabout जसवंत सिंह से अशोका रोड बंद है|
record:9956fb30aa009714aa475eb742bad24438dcc3f1856963372bdf8bb6e8864fe3,548887867519283200,https://twitter.com/dtptraffic/status/548887867519283200,Traffic Alert लाजपत नगर थाने के पास अब यातायात सामान्य है|
record:9967c10e5d61190512c5eb4d43ef23c6bbcb1336bc1eca170cc85e86fc69b803,890905665836797952,https://twitter.com/dtptraffic/status/890905665836797952,Traffic Alert Moti Bagh से RTR की तरफ PWD वाले कम कर रहे हैI ट्रैफिक Sector 12 R. K. Puram से डाइवर्ट किया है I
record:99b439b91782c6ccee8d2a288997ed8203bb38bb0906e0100630f2ebf4499a62,542518134863716353,https://twitter.com/dtptraffic/status/542518134863716353,Traffic Alert आज़ाद मार्केट चौक पर पानी की पाइप लाइन टूट गई है जिसके कारण रानी झांसी रोड़ पर यातायात बाधित है | असुविधा के लिए खेद है |
record:9a167553fbeec0b8ff5a5256e66df905ca2a72ab334929082821b563335b171d,1079245192949985280,https://twitter.com/dtptraffic/status/1079245192949985280,"Traffic Alert नारायणा फ्लाईओवर ,लोहा मंडी एक ट्रक रेलवे लाइन पर पलट गया है जिसे हटा रहे है जिसके कारण नारायणा से लोहा मंडी व लोहा मंडी से नारायणा जाने वाले मार्ग को यातायात के लिए बंद कर दिया है |"
record:9a175fb84fd7af6e0572a0699fc0c10e5ce4bf9152171f4990974be9271ed4cc,1075569402530062336,https://twitter.com/dtptraffic/status/1075569402530062336,"Traffic Alert छात्रों की परीक्षा होने के कारण न्यू पुलिस लाइन्स, परेड ग्राउंड रोड 11 जनवरी तक (7 AM to 2 PM) बंद रहेगा I कृपया इस मार्ग के प्रयोग से बचें I"
record:9a35bdd133d91ee178280bb47dfebe0fd1ee0d11ea6f75094b338349b13b28f1,1070562031030329344,https://twitter.com/dtptraffic/status/1070562031030329344,Traffic Alert आजाद मार्किट चौक से गुलाबी बाग की तरफ जाने वाले मार्ग पर अंडरपास के उद्घाटन समारोह के कारण यातायात प्रभावित रहेगाI
record:9abbb44bd2a21c448df495bd3242843ee18c80db747ab521fb8bcf7b609af71c,897799290789036032,https://twitter.com/dtptraffic/status/897799290789036032,Traffic Alert शालीमार बाग में तिरंगा यात्रा निकल रही हैं जिस कारण से यातायात प्रभावित है| कृपया इस मार्ग के प्रयोग से बचें|
record:9affa1ecdf872cd4fe4af200b4d8109086f0670fd37d981f7ceb2293bd44eda1,1086100544387637248,https://twitter.com/dtptraffic/status/1086100544387637248,Traffic Alert RTR T-Point से एअरपोर्ट की तरफ जाने वाले मार्ग पर शनि मंदिर के पास एक गाड़ी ख़राब हो गयी है जिसकी वजह से यातायात प्रभावित है अतः मोतीबाग और मुनिरका से एअरपोर्ट की तरफ जाने वाले वाहन चालकों से अनुरोध है कि RTR मार्ग के प्रयोग से बचेंI
record:9b651d1d172f0191302bc6e728c741978aae9960d6fbd5503526e17b7640fd5c,832442250256715776,https://twitter.com/dtptraffic/status/832442250256715776,"Traffic Alert संगम विहार, MB ROAD पर DJB का काम चल रहा है इस कारण यातायात बाधित है!"
record:9ba05a751db82a8c643cee3664b5d07123c2c5c0bfd5947dda70f002d8962a14,938698627094003712,https://twitter.com/dtptraffic/status/938698627094003712,Traffic Alert रिठाला मेट्रो स्टेशन से रोहिणी सेक्टर 24/25 जाने वाले मार्ग पर नाले के ऊपर एक LGV ख़राब हैI इस कारण यातायात बाधित हैI इस मार्ग के प्रयोग से बचेI
record:9bb27ccfdd4f68ad4bb8e177bf9f4925be2a190f7dd483a906d250984d6e0231,780379077802856448,https://twitter.com/dtptraffic/status/780379077802856448,Traffic Alert 1/2 आजादपुर से मुकरबा चौक की तरफ जाने वाले मार्ग पर यातायात प्रभावित हैं| वाहन चालकों से अनुरोध हैं
record:9ce006e8dd2a08e1b59d6db8c50ffb92762fb90de6d7f2653e7125002a86888d,891132092314034177,https://twitter.com/dtptraffic/status/891132092314034177,"Traffic Alert शेर शाह रोड पर एक पेड़ गिर गया है,जिसे हटा रहे है जिस कारण से C Hexagon पर यातायात प्रभावित रहेगाI"
record:9d1b6ce73eda14ce4f16406e3ec507b84da51d36ebdd9725d76258ee845717d2,619802498728087552,https://twitter.com/dtptraffic/status/619802498728087552,Traffic Alert मुनिरका के पीछे JNU नार्थ गेट पर पर पेड़ गिरने से यहाँ पर यातायात प्रभावित है | असुविधा के लिए खेद है |
record:9d8fb08973964f6f5bd8e0f30cd9632594f3d7a4e4666156a01f66558e1b7a6a,1085186844491280384,https://twitter.com/dtptraffic/status/1085186844491280384,"Traffic Alert SPM मार्ग पर धौला कुआं जाने वाले मार्ग में बापू धाम के पास एक बस खराब है,जिस कारण यातायात बाधित है I"
record:9dcae2bcf04f263906b47eeecf9f4f80ecd0fc5f8e69e5b261aeba4cf5dc9d76,1034337813150412802,https://twitter.com/dtptraffic/status/1034337813150412802,Traffic Alert मुंडका से नांगलोई जाने वाले मार्ग पर जलभराव के कारण यातायात प्रभावित है!
record:9dd6886fc7713f7df2fa50b2257534e62cfcd36a6a017ea288bdee63da574047,1078845286817153025,https://twitter.com/dtptraffic/status/1078845286817153025,"Traffic Alert बहादुरगढ़ बस स्टैंड(नजफगढ़)फिरनी रोड पर DJB वालो ने खुदाई कर रखीं है,जिस कारण से यातायात बाधित हैI"
record:9e1c6e853c7c1fa309899c7c5ef0aaf4bfcfbaa01c4c2ad2620f4678fb23b1b4,923755985964908544,https://twitter.com/dtptraffic/status/923755985964908544,Traffic Alert पीरागढ़ी से मधुबन चौक और मधुबन चौक से पीरागढ़ी आउटर रिंग रोड पर छठ पूजा के कारण पैदल चलने वाले लोगो की मूवमेंट 1/2
record:9e58acb40d8d8fdb9d40dadcd079ecc6e2852fa7033f4fdb96c209d0c5b15ef6,884236954451156993,https://twitter.com/dtptraffic/status/884236954451156993,"Traffic Alert RTR Marg पर PWD कार्य कर रही है जिससे यहाँ पर यातायात हैवी है, Outer Ring Road से Gurgaon जाने के लिए Nelson Mandela Marg"
record:9fa7dc1c7d3756b722248ca91dae2c67ce8838d17105d97c4e6b311599c4425d,628978727238635524,https://twitter.com/dtptraffic/status/628978727238635524,Traffic Alert शांतिवन से ISBT कश्मीरी गेट की तरफ यातायात अब सामान्य है |
record:9fceb4c98502043a4ea91bedc80696ae16a432e443314bbd170807272c577890,923734316630163457,https://twitter.com/dtptraffic/status/923734316630163457,Traffic Alert विकास मार्ग से ITO चुंगी की तरफ जाने वाले मार्ग पर छठ पूजा के कारण ट्रैफिक ज्यादा है
record:9fd4d986e7cfcf2a03dc10d4575ea750e402964fad26b37898cdb49b5e5862b9,919777213574127616,https://twitter.com/dtptraffic/status/919777213574127616,Traffic Alert 1/2गाजियाबाद से दिल्ली रोड (NH24 उ.प्र.अधिकार क्षेत्र में) पर भारतीय राष्ट्रीय राजमार्ग प्राधिकरण द्वारा फ्लाईओवर का निर्माण..
record:a03409d2cb77845fbdb5baff88e4dd56131f38423f37b9c30e5e3c8004796ef1,1026806496888115200,https://twitter.com/dtptraffic/status/1026806496888115200,Traffic Alert IIT फ्लाईओवर और अभय मार्ग ताज होटल के पास पेड़ गिर जाने के कारण यातायात बाधित है I कृपया इन मार्गों के प्रयोग से बचें I
record:a07a3a84a11c9203ccd6560c21f71a51c24b6aa8e6dfe32b8cb2d0324153830f,947672206435168257,https://twitter.com/dtptraffic/status/947672206435168257,Traffic Alert राजपुर रोड पर सिविल लाइन से OPL जाने वाले मार्ग में Delhi Govt Officers Flats के सामने रोड पर एक पेड़ गिर गया है Iजिस कारण यातायात बाधित है.
record:a0d4e54e038edb99db4a6b1e0dc2e19c5114a420a2e8559264d69cfb77f6e290,928593183021326336,https://twitter.com/dtptraffic/status/928593183021326336,Traffic Alert बर्फखाना से आजाद मार्किट की तरफ पुल निर्माण के कारण ट्रैफिक एक लेन में चल रहा रहा है जिसके कारण ट्रैफिक हैवी है I
record:a1565627db54cab1d9557929b057cc2177d06edce23fb346b4c1c2dad8654543,870909818642481154,https://twitter.com/dtptraffic/status/870909818642481154,Part1/2..Traffic Alert आउटर रिंग रोड पर नेहरु प्लेस से मोदी मिल जाने वाले में मार्ग में DJB ने खुदाई कर रखी है जिसकी वजह से यातायात
record:a19c398e28f2b822ddb94311343ef8ce66c62bb3a3515f77356dec5a9e8c3753,1046077961521299456,https://twitter.com/dtptraffic/status/1046077961521299456,"Traffic Alert रोहिणी सेक्टर 13 व 14 रोड न. 215, शहीद भगत सिंह अपार्टमेंट के पास रात 22:00 से 06:00 बजे तक रोड की मरम्त का काम चलेगा I"
record:a19c63fd60f70369809d1ba30432c71d1e6242fa4fcd3b5712532c1a6f4f6f29,619881558078550016,https://twitter.com/dtptraffic/status/619881558078550016,Traffic Alert जल भराव के कारण ढांसा स्टैंड - नांगलोई स्टैंड फिरनी रोड तक यातायात प्रभावित है | असुविधा के लिए खेद है |
record:a1d6780acabe2674442292f5d1a4c656609176ac0458087a1d9d6ed3189dbd30,613233334991368192,https://twitter.com/dtptraffic/status/613233334991368192,"Traffic Alert महिपालपुर से अंधेरिया मोड की तरफ, मसूदपुर गाँव के पास यातायात अब सामान्य है |"
record:a22d3fb068f60c8462a6bc1d5eba5ee2a5b77d4be3eb1a6886836b71bd460c59,1075765224530034689,https://twitter.com/dtptraffic/status/1075765224530034689,Traffic Alert दुर्गा पुरी 100 फूटा रोड पर GTB क्रासिंग पुलिया पर एक बस ख़राब हैIजिस कारण यातायात बाधित है I
record:a24cb0ccdc4dab4144f5c485b81f3db2c73db4fc81892835ac6feed5f44fda6a,575944067986636800,https://twitter.com/dtptraffic/status/575944067986636800,Traffic Alert शांतिपथ मार्ग के दोनों कैरिजवे यातायात के लिए खोल दिया गया है I
record:a2ec1fc12efe42999dbf0f3c44be446f157c4b6a8dc566bb9c7236d29ad9a2f0,1035474410667483136,https://twitter.com/dtptraffic/status/1035474410667483136,Traffic Alert धरना प्रदर्शन खत्म हो गया है और गोल मैथी से मोती लाल नेहरू प्लेस तक यातायात सामान्य है!
record:a303805ef2f0fa3366295e110989400351fe556d44856c9dadc8a9dcbea545bb,878095462598705152,https://twitter.com/dtptraffic/status/878095462598705152,Traffic Alert वायुसेनाबाद के सामने दोनों मार्गों में गड्डे होने के कारण M.B. रोड पर यातायात प्रभावित रहेगा| कृपया इस मार्ग के प्रयोग से बचें
record:a32616a682e3d695cf30560276c54d0927e0a9ef33dca70fcf14d42de266e013,932839319756161024,https://twitter.com/dtptraffic/status/932839319756161024,Traffic Alert गोकुल पुरी फ्लाईओवर से मौज पुर जाने वाले मार्ग में श्मशान घाट के पास रोड में गड्ढा होने के कारण यातायात बाधित है I
record:a3cc61119f8db0e6ec001974d9d76d6c936d7d97c30d4f43eb08b38b5a41cab0,1026806898375315456,https://twitter.com/dtptraffic/status/1026806898375315456,Traffic Alert शेख सराए से सादिक नगर जाने वाले मार्ग में रोड धंस जाने के कारण यातायात बाधित है I
record:a46ecee95b332a85d8d5ff89b55167d17e99ebae750c4c5e9e96d1e15149a432,1100682780382392321,https://twitter.com/dtptraffic/status/1100682780382392321,Traffic Alert शास्त्री पार्क चौक पर PWD के द्वारा फ्लाईओवर निर्माण के लिए कुछ चेकिंग चल रही है जिसके कारण यातायात प्रभावित हैI
record:a483975cb2a4bb736417ac988dca520965408cb60662cc6b9e89dacbf43e7c56,563673536800497665,https://twitter.com/dtptraffic/status/563673536800497665,Traffic Alert रोहतक रोड से लिबर्टी की तरफ यातायात ज्यादा है I असुविधा के लिए खेद है I
record:a48de85a89a73273c656e58304b6ab21fd13122ae7d7667c4faf4cdfcd4f6da1,1091880973761794048,https://twitter.com/dtptraffic/status/1091880973761794048,"Traffic Alert ईदगाह पर 2 से 4 फरवरी तक वार्षिक IJTEMA प्रोग्राम होने के कारण लोगो की आवाजाही 1से 2 लाख के आस -पास तक रहेगी ,जिस कारण रोहतक रोड और रानी झाँसी रोड पर यातायात बाधित रहेगाI"
record:a48f6c5d4d2480e5dc28f176a90212f5501f21f2f00870bbf60d597f192d74bb,576282008046940160,https://twitter.com/dtptraffic/status/576282008046940160,Traffic Alert धौला कुआँ से बरार स्क्वायर जाने वाले मार्ग पर यातायात अब सामान्य है |
record:a58e4587f80f9a086bd93ad2847fabcac7fef7289384a335a59ec3337f3b8bd0,1034323676991291392,https://twitter.com/dtptraffic/status/1034323676991291392,"Traffic Alert भैरों एन्क्लेव, पंजाबी बाग जलभराव के कारण यातायात प्रभावित है!"
record:a5d448013b81c45819232787df42d5287d141c9e2459beff620d6e6fc1c91c43,979710959705993221,https://twitter.com/dtptraffic/status/979710959705993221,"Traffic Alert हनुमान जयंती की शोभायात्रा फतेपूरी चौक से नया बाग, खारीबावली, छत्तारेल, निगम बोध घाट जाएगी जिससे ट्रैफिक हैवी रहेगा I कृपया इस मार्ग के प्रयोग से बचे I"
record:a69c81ea859e8819680467ac131e793a77473250b21d24efd4182f715c2385d8,1093699398066937856,https://twitter.com/dtptraffic/status/1093699398066937856,Traffic Alert धौला कुआँ से Naraina जाने वाले मार्ग में Naraina फ्लाईओवर के नीचे की रोड पर बारिश की वजह से गड्डे हो गये है यहाँ पर यातायात बाधित है |
record:a6a9dc7afac0ce3e6beda1784acd11309187d990d67daa05ac55608010462523,1083980478376484864,https://twitter.com/dtptraffic/status/1083980478376484864,Traffic Alert संसद मार्ग ( Patel Chowk to NDMC ) को धरना प्रदर्शन के कारण यातायात के लिए बंद कर दिया गया हैI
record:a6b18fc6decf9675f16bbecc56e7a8bc421b8a37e008518bc6d9b57935236741,593398083389652992,https://twitter.com/dtptraffic/status/593398083389652992,"Traffic Alert सराय काले खां से अक्षरधाम की तरफ नाले के उपर एक ट्रोला ख़राब हैं, यातायात ज्यादा रहेगा ,असुविधा के लिए खेद है |"
record:a6e7aa68119e15173e71fd50090658dc5b9e686d0544f2f22ab8252782f7cb46,1064581448349364225,https://twitter.com/dtptraffic/status/1064581448349364225,"Traffic Alert दिल्ली में शादियाँ होने के कारण NH-8 पर यातायात प्रभावित है, महिपाल पुर और रंग पुरी से दिल्ली की तरफ आने वाले यात्री महरौली-गुरुग्राम रोड का प्रयोग करें I"
record:a76fc84d1eb6f747d37dec3e1b303cf31807571c1866ebbde908db0f4b21c15c,1097828517402730496,https://twitter.com/dtptraffic/status/1097828517402730496,Traffic Alert रविदास जयंती का जुलूस अभी करोल बाग एरिया में चल रहा है जिसके कारण यातायात प्रभावित हैI
record:a848721a4719e8785f20f16034b26f098771114f188cce2f51c4811cbb9dc6d1,593026537449881601,https://twitter.com/dtptraffic/status/593026537449881601,Traffic Alert सत्यम रोड किर्बी प्लेस 2nd फ्लाईओवर पंखा रोड की तरफ पेड़ गिर गया हैं जिससे यातायात प्रभावित हैं | असुविधा के लिए खेद हैं |
record:a84eebb2c95802f237985a4ed9c1df09f3d6043d1d373013ba7ae7e18e6298ec,849788706324045824,https://twitter.com/dtptraffic/status/849788706324045824,Traffic Alert निजामुद्दीन से मयूर विहार जाने वाले carriage way में बारापुला पर elevated road का कार्य चल रहा है जिसे sarai kale khan 1/2
record:a8bf7f580db2def95ddc3680236c2ca5f2e1f1dcfc1ffd0267667a9af1370e91,965233207250534401,https://twitter.com/dtptraffic/status/965233207250534401,Traffic Alert शास्त्री पार्क की रेड लाइट पर चारो तरफ से ट्रैफिक हैवी है I कृप्या वैकल्पिक रास्ते इस्तमाल करे I
record:a8c5faf1d1574ff02dd8822b26cb3e5bc6eebacea7750fa8c40fdb05f33c9a15,829203116633575424,https://twitter.com/dtptraffic/status/829203116633575424,Part1/2...Traffic Alert राजपुरा से सब्जी मंडी जाने वाले मार्ग को राजपुरा से हिन्दू राव पहाड़ी की तरफ डाइवर्ट किया गया हैI
record:a97ad8b053ca1d99055fd07ccd3439cfd63d58be91be873ae84717a64fc71c56,869076728370429952,https://twitter.com/dtptraffic/status/869076728370429952,Traffic Alert मैक्स म्यूलर मार्ग पर तिब्बतियों के प्रदर्शन के कारण यातायात को अरविंदो चौक की तरफ डाइवर्ट किया गया हैं|
record:a9c864d6b77ce1e831d6e1bb046ef44a8351f60646636188ac83657c9b468ea2,1058643629818863618,https://twitter.com/dtptraffic/status/1058643629818863618,Traffic Alert मुनिरका से महिपालपुर जाने वाले मार्ग में RTR फ्लाईओवर पर एक कार ख़राब है| जिसके कारण यातायात बाधित है|
record:aa3d6d31235bbdbc305096a55498522de16ac38e23491b7dcb9d95fb370f56cc,560058645854322689,https://twitter.com/dtptraffic/status/560058645854322689,"Traffic Alert रानी झाँसी रोड, आजाद मार्केट पर यातायात ज्यादा है I असुविधा के लिए खेद है |"
record:ab1eea081f28474efe4a012f9ba1ccbfee3e73cd4f1ada233a2c8e689b928d9a,1048598821528326146,https://twitter.com/dtptraffic/status/1048598821528326146,Traffic Alert तैमूर नगर और मथुरा रोड पर यातायात सामान्य हैI
record:ab63de54d85f4af855727600622f599b2ca5e20ab5f037babdc73a6b58058a6a,950388309494153217,https://twitter.com/dtptraffic/status/950388309494153217,Traffic Alert अक्षरधाम सेतु पर PWD का कार्य होने के कारण यातायात बाधित रहेगा I जो मोटर चालाक नॉएडा से ITO जाना चाहते हैं वह लिंक रोड से निजामुद्दीन फ्लाईओवर होकर जाएँ I
record:ab6d2e8a4797caeb2c7802e604423868752b5072124e4ce588fdecb3f0fd9cc5,611948081786036224,https://twitter.com/dtptraffic/status/611948081786036224,Traffic Alert गुडगाँव से धौला कुआँ की तरफ जाने वाले मार्ग पर यातायात सामान्य हो गया हैं|
record:acf375f31e112117b74996b813eaa6e64c812e4248f4aeca397ad2002bb45f89,609529080908775424,https://twitter.com/dtptraffic/status/609529080908775424,"Traffic Alert गुडगाँव से वसंत गाँव की तरफ लूप पर एक रेत से भरा ट्रक पलट गया है जिससे यातायात बाधित रहेगा, असुविधा के लिए खेद है|"
record:ad0239f909f659cf782ae6c0fce0c80a90f9adbc4da58fcddfd317464afed76b,1022702704752320512,https://twitter.com/dtptraffic/status/1022702704752320512,Traffic Alert भजनपुरा से खजुरी जाने वाले मार्ग में खजुरी चौक के पास एक बड़ा गड्डा हो गया है जिसकी वजह से यातायात प्रभावित है | कृप्या इस मार्ग के प्रयोग से बचें |
record:ad5d4a881d7790b9b37ed683b9712f419a4b91bae722f443d072747727037323,983933175289151489,https://twitter.com/dtptraffic/status/983933175289151489,"Traffic Alert पूसा रोड से गंगाराम हॉस्पिटल की तरफ जाते हुए C.D हॉस्पिटल के पास एक पेड़ और एक खम्बा गिर गया है, जिस कारण ट्रैफिक हैवी हैI"
record:ad9277c68053f54a3a062b38a4aa74287b9efc5acb34a1ca2e07aa000f059123,596657073632485376,https://twitter.com/dtptraffic/status/596657073632485376,"Traffic Alert चिराग दिल्ली फ्लाईओवर के नीचे रोड धसने के कारण 2 से 3 दिन तक यातायात ज्यादा रहेगा, असुविधा के लिए खेद है|"
record:ae207cbce4f2df1c6c11655bcbe58af0450bae07092f22396e73e5c5ca0fb52e,817285910492385280,https://twitter.com/dtptraffic/status/817285910492385280,Traffic Alert Burari Authority में वाहन permit के लिए आ रहे हैं जिससे आउटर रिंग रोड से बुरारी जाने वाले मार्ग पर यातायात प्रभावित हैं|
record:ae659d8a729cd840981543dda7c6054f250ddf3eb07818ae6170de6ee4d12a24,1106935100237733889,https://twitter.com/dtptraffic/status/1106935100237733889,Traffic Alert सत्यवती कॉलेज से केशव पुरम (चौधरी गुलाब सिंह रोड ) वाले जाने वाले मार्ग में NDPL और दिल्ली जल बोर्ड का काम चल रहा है जिसके कारण यातायात बाधित रहेगा|
record:aedf9104ebf2e30aa8ade9a0a0f0bbe12f3d213fdcefb74eeb4423c39c2e64ad,568084589996085249,https://twitter.com/dtptraffic/status/568084589996085249,Traffic Alert बर्फ खाना चोक पर बस ख़राब होने की वजह से मोरी गेट से आने वाला यातायात बाधित हैं| असुविधा के लिए खेद हैं|
record:af3326885da4855b587ad2c889bc693fc4020a1ceea35461323edf37a47ca3c2,1071632520163188737,https://twitter.com/dtptraffic/status/1071632520163188737,Traffic Alert मथुरा रोड पुराना किला (चिड़ियाघर से ITO जाने वाला मार्ग) पर सीवर की पाइपलाइन फट गई है जिसके कारण यातायात बाधित है|
record:af55389c7f31e69741f4516a5ee4a9b85681120b2b1bf5a30b9e21438cf2e77c,955019363303661568,https://twitter.com/dtptraffic/status/955019363303661568,Traffic Alert आश्रम से ITO जाने वाले मार्ग में निजामुद्दीन खत्ता के पास NHAI व दिल्ली मेट्रो का काम चल रहा है जिसके कारण यातायात ज्यादा है|
record:afa38a3429e3a86288c4b879555906ff75326498936e48b846bb1c8e3fbe3139,1022689664346595328,https://twitter.com/dtptraffic/status/1022689664346595328,Traffic Alert नोएडा से जसोला U टर्न पर रोड टूट गई है जिसकी वजह से यातायात प्रभावित है | कृप्या इस मार्ग के प्रयोग से बचें |
record:b01a5a86ad708ea187ae5713f9b714e52b2d940451b18a19d976efc427730f46,1095631993365159936,https://twitter.com/dtptraffic/status/1095631993365159936,"Traffic Alert वजीराबाद ब्रिज को मरम्मत कार्य के लिए बंद कर दिया गया है जो कि तीन महीने तक चलेगा, वजीराबाद,ISBT कश्मीरी गेट,सिविल लाइन की तरफ जाने वाले वाहन चालकों से अनुरोध है कि सिग्नेचर ब्रिज या शास्त्री पार्क से होकर जायेंI pic.twitter.com/eACi021TMc"
record:b0bf37e7d032d59805180e35ad9ea60452738e255a58b6a06761d401c6af654f,1070545622304989185,https://twitter.com/dtptraffic/status/1070545622304989185,Traffic Alert मुनिरका से RTR जाने वाले मार्ग में मुनिरका फ्लाईओवर के पास पिल्लर नंबर 40 व 41 के पास PWD का काम चल रहा है जिसके कारण यातायात प्रभावित हैI
record:b149df92237476a594456632239427481c7e64ed969cbac07c85aaad80d4d490,870193728551440384,https://twitter.com/dtptraffic/status/870193728551440384,Traffic Alert १/२ धौला कुआँ से हयात जाने वाले मार्ग में हयात के पास जमीन धंस गई हैं| पी.डब्ल्यू.डी.वाले मरम्मत कार्य कर रहें हैं...
record:b1a098eaef980c854f91ca8602d7254bb1345065431a56678859f6f6f8d6c1b2,1034289564804820992,https://twitter.com/dtptraffic/status/1034289564804820992,Traffic Alert नरेला मंडी फायर स्टेशन के पास रोड पर एक पेड़ गिर गया है जिसके कारण यातायात प्रभवित है!
record:b20b7ed32da881834a74f702299515ab887e007096b19184bac24284291418ec,790543670139195393,https://twitter.com/dtptraffic/status/790543670139195393,"Traffic Alert न्यू रोहतक रोड पर सराय रोहिल्ला रेलवे स्टेशन के पास बस स्टैंड के सामने डिवाइडर पर बिजली के पोल में आग लग गयी है,..1/2"
record:b223fc9c1376b97aa3977c688f2a7fe5adf1c63bb2526194eda11ebc5a818cc5,786135796000534528,https://twitter.com/dtptraffic/status/786135796000534528,part1/3....Traffic Alert 1. मोती नगर से इंद्र लोक जाने वाले मार्ग को ताजिये की वजह से बंद किया गया है I इंद्र लोक जाने वाले वाहन
record:b25c5584630707634a2cbec503c114581ca6d80f3227e0b6f5be4d03a51e6656,1093389655192584192,https://twitter.com/dtptraffic/status/1093389655192584192,"Traffic Alert धरना प्रदर्शन के कारण लालकिला से नेताजी सुभाष मार्ग (Both carriageway) यातायात को बंद कर दिया है ओर निषाद राज मार्ग से रिंग रोड ,हनुमान मंदिर की तरफ यातायात को डाइवर्ट किया गया है |"
record:b3b25b289abff7a4c520fe3a9eb84c38b0f48ff5b89541a3fbb6ae6737b32bcf,609200929234141184,https://twitter.com/dtptraffic/status/609200929234141184,Traffic Alert कालका दास चौक से कमल T- point की तरफ जाने वाले मार्ग पर एक डम्पर ख़राब था उसे अब हटवा दिया गया है | यातायात अब सामान्य हैं |
record:b445ac885d2b96908dec547a5baba53d9f231ab50a094a78c326bb375d92b178,872284641524305920,https://twitter.com/dtptraffic/status/872284641524305920,Traffic Alert लाजपत नगर जल विहार रोड पर एक पेड़ टूट कर गिर गया है जिसके कारण ट्रैफिक बाधित है!
record:b4550aada4842adba659c8a9b1ee47681958b867f2dfc235a38c1aa890a69cc1,957890111135399936,https://twitter.com/dtptraffic/status/957890111135399936,Traffic Alert कृष्णा नगर स्वर्ण सिनेमा के पास पुल टूटा हुआ है I कृपया इस मार्ग के प्रयोग से बचें I
record:b4c45901aaaa3ca6b115759cc3c1f84d3e755b92c91a167066d1e2d18ea757aa,1083323936895627264,https://twitter.com/dtptraffic/status/1083323936895627264,Traffic Alert आयुष्मान फार्मेसी की बिल्डिंग में आग लगने के कारण सराय काले खां मार्ग पर यातायात प्रभावित हैं तथा एन. एस. जोहर मार्ग के यातायात को सी.वी. रमन मार्ग पर divert कर दिया गया हैं|
record:b4daa211e0439e577336721cf422188629f7e288537820f02c9ebb1d89a4b90e,1048518211782754304,https://twitter.com/dtptraffic/status/1048518211782754304,Traffic Alert मथुरा रोड पर यातायात में किए गये बदलाव के कारण ट्रैफिक हैवी हो गया हैIकृप्या इस मार्ग के प्रयोग से बचेI
record:b4eca4bc3267b0cec0e399bedec2c15b824edf40cb2216b261e9c8e8e82dd268,1049313296917049346,https://twitter.com/dtptraffic/status/1049313296917049346,Traffic Alert जी. टी.बी. नगर दिल्ली विश्वविद्यालय किंग्सवे कैंप से तिमारपुर और तिमारपुर से किंग्सवे कैंप की तरफ जाने वाले दोनों मार्गों पर धरना प्रदर्शन की वजह से वाहनों के मार्ग को डाइवर्ट कर दिया गया हैं|
record:b4fdf4a54fd8d319e88b741c3fd80a02ece09f020abd1f6c8f042d5c69c7bc4f,1069439300989800448,https://twitter.com/dtptraffic/status/1069439300989800448,"Traffic Alert लाडो सराय से साकेत जाने वाले मार्ग में एक रोड़ी से भरा ट्रक पलट गया है ,रोड़ी रोड पर बिखरी हुई है जिसकी वजह से यातायात बाधित है | pic.twitter.com/3LXElk7cLQ"
record:b5106e1e806e5ed616c4ee9f2d432b9635558e97e49cb766aaa33451f95d1fea,931438039909277696,https://twitter.com/dtptraffic/status/931438039909277696,"Traffic Alert करावल नगर से भजनपुरा जाने वाले मार्ग पर PWD वाले काम कर रहे हैं जो अगले 10 से 15 दिन तक चलेगा,जिसके कारण इस मार्ग पर यातायात ज्यादा रहेगा!"
record:b547987369e28dfef9c680ecae33c4442d7a844336fbe4a4eea2499d9718c0b3,846217767955173376,https://twitter.com/dtptraffic/status/846217767955173376,"Traffic Alert दल्लूपुरा में जल बोर्ड का काम चल रहा है, जिसके कारण कोण्डली से आने वाला यातायात ज्यादा रहेगा|"
record:b57375c62d99a6cfe037d03f0345c8f90a78e8052bd29f0c21bf35fa46d724fd,1123465143487168515,https://twitter.com/dtptraffic/status/1123465143487168515,Traffic Alert आज शाम 5 बजे से 9 बजे तक महिपालपुर से अंधेरिया मोड़ (दोनों तरफ) एक राजनीतिक पार्टी की रैली के कारण यातायात प्रभावित रहेगाI
record:b5e16fd12e17039cef72e6afc16369af60f15dbf23389fef6fb0c2d33bd9e1ca,1034302772340879360,https://twitter.com/dtptraffic/status/1034302772340879360,Traffic Alert सोनिया विहार से पुस्ता रोड पर एक अस्थि विसर्जन कार्यक्रम के कारण यातायात प्रभावित रहेगा!
record:b5f872b9fdc1d57951bb32bddb721e5b374a0be350507746455a7c091356b367,952784103627214848,https://twitter.com/dtptraffic/status/952784103627214848,Traffic Alert Metro Pillar पर रंग पेंट का काम चलने के कारण धौला कुआँ से मोती बाग ट्रैफिक ज्यादा है|
record:b652779a50d8cbbf6575c00b04f0a691e72696316c1da8b1ac94766c8ecbccb7,771827728874139648,https://twitter.com/dtptraffic/status/771827728874139648,1/3 Traffic Alert-रिंग रोड पर नारायणा फ्लाईओवर से धौला कुआँ की तरफ जाने वाले मार्ग मे नारायणा फ्लाईओवर से उतरते ही सड़क धंस गई हैं जिससे...
record:b677d82edd185e99921406af6cd74e1ca04bb5aab3b622b63690af7ed7c0e913,1036139686652039169,https://twitter.com/dtptraffic/status/1036139686652039169,Traffic Alert अभय मार्ग अग्रवाल स्वीट्स के पास एक पेड़ गिर गया हैं यातायात प्रभावित हैं|
record:b67d7d01d4c84b0847ff19f39f149db7e071835d376df7518ef76aa9011e7888,824845262933807107,https://twitter.com/dtptraffic/status/824845262933807107,Traffic Alert विंडसर प्लेस से अशोका रोड व जसवंत सिंह रोड से अशोका रोड की तरफ धरना प्रदर्शन के कारण यातायात को रोक दिया गया है!
record:b6aa68bead0342c99a86adcf0fccf6e99dcf06042b71a51e22f3990f55ec6dc5,785865284422860802,https://twitter.com/dtptraffic/status/785865284422860802,Traffic Alert दशहरा पर्व के कारण मधुबन से रिंग रोड जाने वाले मार्ग में नेताजी सुभाष प्लेस रोड नंबर 41 पर यातायात बाधित रहेगा|
record:b6ac1bc2933d7d6b1280ab1b27031137c45ede3f82bf3359695fe3f50785e32f,780379179779063808,https://twitter.com/dtptraffic/status/780379179779063808,Traffic Alert 2/2 कि मुकरबा चौक जाने के लिए आउटर रिंग रोड (मुकुन्दपुर) का प्रयोग करें|
record:b6e83405830fdcd03c6174fd68562087c8cee84113e71fcfdde6395fcbda5d8c,1083914493946556418,https://twitter.com/dtptraffic/status/1083914493946556418,Traffic Alert गुरुग्राम से धौला कुआँ जाने वाले मार्ग में महिपाल पुर के पास जहा अंडरपास बन रहा है वहा पर रोड धंस गया था जिसे रिपेयर कर दिया है|
record:b74e8e5f03096aa268c503fef2638c644453dde337b876fdaa5e6b33438c3960,628979047901569025,https://twitter.com/dtptraffic/status/628979047901569025,Traffic Alert DCM चौक से फिल्मिस्तान( रानी झाँसी रोड) की तरफ यातायात अब सामान्य है |
record:b760aa73de8c1beb8b26e8247fad34eddc2d55f32f60bd38c16dd90d45e242d3,952883105806741504,https://twitter.com/dtptraffic/status/952883105806741504,Traffic Alert लक्ष्मी नगर के पास रोड पर गड्डा होने के कारण अक्षरधाम से लक्ष्मी नगर जाने वाले मार्ग पर यातायात ज्यादा है|
record:b7e7e45d908f6af9b89f8d8e4aac9adf47b70243412649a22ff8bffa1e6df86a,805417084670775296,https://twitter.com/dtptraffic/status/805417084670775296,Traffic Alert रफ़ी मार्ग से जो यातायात रेड क्रॉस की तरफ आता है उसे डाइवर्ट कर दिया है|
record:b809efb962a3b29a3ddbe06d11da5150a3a802f71fdc5b8f1512c548cc5a52ff,1083584157878382593,https://twitter.com/dtptraffic/status/1083584157878382593,Traffic Alert रामलीला मैदान में रैली होने की वजह से देश बंधु गुप्ता रोड से अजमेरी गेट जाने वाली बसों को डाइवर्ट कर दिया है जो फ्लाईओवर के नीचे से होकर पहाड़गंज की तरफ से जाएंगी |
record:b8388f7c79af63e5081d8eabf8e86e703f8732601f6761b534a0086e2f02cf3a,979217533466128386,https://twitter.com/dtptraffic/status/979217533466128386,"Traffic Alert महावीर जयंती पर्व के अवसर पर शोभायात्रा जो फिल्मिस्तान से घंटा घर तक जाएगी,जिसके कारण पहाड़ी धीरज ,खारी बावली ,12 टूटी चौक ,क़ुतुब रोड ,लाहोरी गेट ,चाँदनी चौक ,टाउन हॉल और घंटा घर पर यातायात बाधित रहेगा|"
record:b860745966faf73278ac94d6e8fd73689091d4a8a5900d30f41d7b7b4eb51288,817580305452179456,https://twitter.com/dtptraffic/status/817580305452179456,PART1/2....Traffic Alert RTR से मोती बाग जाने वाले मार्ग में एक्सीडेंट होने के कारण सड़क पर तेल बिखरा हुआ है
record:b8bdf9c9fd35037cc9f87e1b12524b61233295db9808d4d4c77129d396f8925d,974511403598954496,https://twitter.com/dtptraffic/status/974511403598954496,"Traffic Alert दिल्ली बार एसोसिएशन के चुनाव के कारण शेरशाह सूरी मार्ग को बंद कर दिया गया है, कृपया भैरों मार्ग, मथुरा रोड और सुब्रमण्यम भारती मार्ग के प्रयोग से बचे I"
record:b8d217db8bce4a90834e2880b5f54b8ea2b857b8b1c5c19300566b118c5da5a3,1066009034120024064,https://twitter.com/dtptraffic/status/1066009034120024064,Traffic Alert नानक प्याऊ गुरूद्वारे पर पैदल आवागमन ज्यादा होने के कारण यातायात बाधित हैI कृप्या इस मार्ग के प्रयोग से बचेI
record:b8eaad4bee39203fc3a25c4a13d20c47635fe25a1d0cee3f2a24d9761fe949b2,632869484005588992,https://twitter.com/dtptraffic/status/632869484005588992,Traffic Alert AIIMS से लड़ो सराय रोड पर पानी भर गया हैं| कृप्या इस मार्ग के प्रयोग से बचें | असुविधा के लिए खेद है |
record:b93cf273c8e92337521699098e94e70a6f3788ad9a4027e5cb71d06d52e5bed8,1101703524704968705,https://twitter.com/dtptraffic/status/1101703524704968705,Traffic Alert बाहरी रिंग रोड से परवाना रोड पर NDPL वाले कार्य कर रहे है और बाल भारती स्कूल में बच्चों के पेपर होने के कारण यातायात प्रभावित हैI
record:b963beb18c92c3c2e3a50673b21bbff211532756f69591830cc9f5e4087cc04d,867727837649715200,https://twitter.com/dtptraffic/status/867727837649715200,Part1/2..Traffic Alert आउटर रिंग रोड पर चिराग दिल्ली से कालका जी जाने वाले मार्ग में कालका जी मंदिर के सामने रोड पर गड्ढे हो जाने के कारण
record:b967c0c8612863d6404bdbf225a7d2a2e763aca057c428f5056df64133704684,884757864719368193,https://twitter.com/dtptraffic/status/884757864719368193,Part1/2..Traffic Alert RTR मार्ग पर PWD का काम चल रहा है इसलिए शाम 5 बजे से शाम 8 बजे तक बड़े वाहनों और बसों को सेक्टर-8 और
record:b97206990d37d71609c023d9baed1da54268a582e7ca6cdc675c057edf53f6cb,1072337269279911937,https://twitter.com/dtptraffic/status/1072337269279911937,Traffic Alert महरौली से बदरपुर जाने वाले मार्ग में माता चौक पर एक ट्रक ख़राब है जिसके कारण यातायात बाधित हैI
record:b9a3bf3e1796f28da1f8afdc0f56519801c6e8d27bed255dd64928782af22bc8,904285599367970821,https://twitter.com/dtptraffic/status/904285599367970821,Traffic Alert मुंडका से रानी खेड़ा व कराला से रानी खेड़ा दोनों carriageway में अब यातायात सामान्य हैI
record:b9b633c59ccead08975818e032fadbde3c5ee1037bc1b8dd7db5a7f56a327b98,1022688874496253952,https://twitter.com/dtptraffic/status/1022688874496253952,Traffic Alert हिंदी भवन विष्णु दिगम्बर मंदिर के पास एक पेड़ गिर गया है जिसकी वजह से यातायात प्रभावित है | कृप्या इस मार्ग के प्रयोग से बचें |
record:b9bda8b6e62cb59ea4b5d29e4e1a65a69f0e9a4741b46e4b34ea517cb535e9ae,536139016635449344,https://twitter.com/dtptraffic/status/536139016635449344,"Traffic Alert प्रेज़ेंटेशन पब्लिक स्कूल मे समारोह होने के कारण सुभाष मार्ग (छता रेल) पर यातायात ज़्यादा रहेगा, असुविधा के लिए खेद है|"
record:ba54fcc110bb27036e4dca2d42c4a0b013258e2b1444912839ac455a63b251df,1052020815477305345,https://twitter.com/dtptraffic/status/1052020815477305345,Traffic Alert राजमाता विजयाराजे सिंधिया जन शताब्दी वर्ष महिला सशक्तिकरण दौड़ यात्रा जो बदरपुर बॉर्डर से शुरू होकर मथुरा रोड -आश्रम चौक -नीला गुंबद -जाकिर हुसेन मार्ग -अशोका रोड -विंडसर प्लेस -रायसीना रोड -रेड क्रॉस रोड -गुरुद्वारा रोड से होते हुए तालकटोरा स्टेडियम तक जाएगीI
record:bb0514b4071ba5d518d855849a60a51fe8fde5a3912dd2fa4502a6a04fcb0743,1087584635440238592,https://twitter.com/dtptraffic/status/1087584635440238592,Traffic Alert लाला लाजपत राय मार्ग बारापुला डिफेन्स कॉलोनी फ्लाईओवर से लोधी रोड शमशान घाट के पास रोड धंस गयी है जिसमे एक बस फंस गयी है जिससे यातायात प्रभावित है I कृपया इस मार्ग के प्रयोग से बचें I
record:bb5286dfd1c49e719bdc804997016124463464f3d4a4811838d1c0a355ac2be4,593398860325756928,https://twitter.com/dtptraffic/status/593398860325756928,"Traffic Alert आश्रम से सराय काले खान की तरफ एक डीटीसी बस नम्बर DL 1PC 8746 ख़राब थी , उसे हटा दिया गया हैं , वहाँ अब यातायात सामान्य हैं|"
record:bc24289157ad1f959167f6d26d70c6fefaf13f0171c0b70057fd097c3a1ea36e,1076778532418637825,https://twitter.com/dtptraffic/status/1076778532418637825,Traffic Alert प्रेस एन्क्लेव रोड सेलेक्ट सिटी मॉल की अंडर ग्राउंड पार्किंग फुल हो गयी हैIजिस कारण यातायात बाधित हैI
record:bc577d7502dc5c26272302897a32b6aa27bf39f610c78f78a05569dc77de8e08,1084059347578044417,https://twitter.com/dtptraffic/status/1084059347578044417,Traffic alert राजा गार्डन फ्लाईओवर के रिपेयरिंग के काम की वजह से धौला कुआँ से पंजाबी बाग ( (Both carriageway) जाने वाला मार्ग पर यातायात बाधित है |
record:bd34e472aac96ec0b7939b960f6e7dd15d369ae569967040e0c763860df2b1b6,548427897758048257,https://twitter.com/dtptraffic/status/548427897758048257,Traffic Alert बाल भवन गुरुद्वारा माता सुन्दरी मंडोर के पास बाजार लगा हुआ है जिसकी वजह से यातायात बाधित रहेगा| असुविधा के लिए खेद हैं|
record:bd3ca47956a4171b849f1743d2492f70d590582f6f872e47a97b89badad762e4,1091290774178799617,https://twitter.com/dtptraffic/status/1091290774178799617,Traffic Alert किसानों के जुलूस/धरना प्रदर्शन के कारण यातायात प्रभावित है जिन वाहन चालकों कों गाजीपुर से मयूर विहार जाना है उनसे अनुरोध है कि NH 9 का प्रयोग करेंI
record:bd6f977afca66911ecec38cfa2c20950f8de1b897467e4b3d842216bed0fb920,988999048102264832,https://twitter.com/dtptraffic/status/988999048102264832,Traffic Alert Ghazipur Chowk पर धरना प्रदर्शन के कारण Noida व Ghaziabad से Delhi आने वाले वाहन चालक NH-24 व Ghazipur Chowk की बजाय Maharajpur होकर आयें!
record:bd78ff89fddaf10b2bcaac53057de913d7d9ce80b37a7d97feea792c4532c525,593389778038566912,https://twitter.com/dtptraffic/status/593389778038566912,"Traffic Alert आश्रम से सराय काले खान की तरफ एक डीटीसी बस नम्बर DL 1PC 8746 ख़राब हैं , यातायात बाधित हैं, असुविधा के लिए खेद है |"
record:be41ec6eaa6f10f9fe41d46e81d74164b19c8ef12d927c222dc78fbb407b43e2,1091682679462993921,https://twitter.com/dtptraffic/status/1091682679462993921,Traffic Alert Aali Village रेड लाइट और मथुरा रोड पर आज रात फुट ओवर ब्रिज निर्माण कार्य होने के कारण यातायात बाधित रहेगा I आने और जाने वाला ट्रैफिक एक कैरिज वे में चलेगा I कृपया इस मार्ग के प्रयोग से बचें I
record:bea651b1c59882c3d573fcc70d80cfe28386735dd4e2e4d24f72211b46c2b691,1068079378104549376,https://twitter.com/dtptraffic/status/1068079378104549376,Traffic Alert अखिल भारतीय किसान संघर्ष समन्वय समिति मार्च के कारण जवाहरलाल नेहरूमार्ग व रामलीला मैदान के आसपास यातायात प्रभावित हैI
record:bed7272f1790a70c4b8ed829c3ec0cefd25e56438c3dd1657b20c280e40eadeb,1016006640363974656,https://twitter.com/dtptraffic/status/1016006640363974656,Traffic Alert युसुफ सराए मार्किट में फुट ओवर ब्रिज निर्माण कार्य होने के कारण आज रात 11PM से रात 2 AM तक IIT से AIIMS जाने वाला मार्ग बंद रहेगा और रात 2 बजे से सुबह 5 बजे तक AIIMS से IIT जाने वाला मार्ग बंद रहेगा I कृपया इन मार्गों के प्रयोग से बचें I
record:bf103a74a2646fb2b6dc6014c63f3de1715ed6aca43d81185353a33e64b504e6,1104965408908435456,https://twitter.com/dtptraffic/status/1104965408908435456,"Traffic Alert शास्त्री पार्क रेड लाइट पर एक HTV पलट गया है जिसके कारण खजुरी से जीरो पुस्ता और ISBT से शाहदरा जाने वाले मार्ग पर यातायात बाधित रहेगा ,वाहन चालको से अनुरोध है की धर्मपुरा से पुस्ता रोड जाने के लिए IT पार्क से टर्न लेकर जाएं |"
record:bf3e4bc7554d2b83d15ac254d30be6fb0a9058b354d8d2b012228c503530f046,1091002768754499584,https://twitter.com/dtptraffic/status/1091002768754499584,Traffic Alert धौला कुआँ से मायापुरी की तरफ जाने वाले मार्ग में नारायणा फ्लाईओवर पर आज रात 11 बजे से सुबह 6 बजे तक PWD का काम चलेगा जिसकी वजह से यातायात बाधित रहेगा I फ्लाईओवर के ऊपर से वाहनों को जाने की अनुमति नहीं होगी सभी वाहन फ्लाईओवर के नीचे से जाएंगे I
record:bf7a146c1fe142ab717a11ec08d4403db08f67cd180f9f830a307db0539ccbf4,1121592953430892544,https://twitter.com/dtptraffic/status/1121592953430892544,Traffic Alert डिफेन्स कॉलोनी फ्लाईओवर से लोधी होटल फ्लाईओवर की तरफ जाने वाले मार्ग में लोधी रोड शमशान घाट के दूसरी तरफ दिल्ली जल बोर्ड का काम चल रहा है जो कि अगले 15 दिन तक चलेगा जिसके कारण इस मार्ग में यातायात प्रभावित रहेगाI
record:bfb75ee8ce357576f0d913a32ff5e3da25282feadbd835d187fa627774836b40,541866958082560000,https://twitter.com/dtptraffic/status/541866958082560000,Traffic Alert आउटर सर्किल क्नॉट प्लेस पर यातायात अब सामान्य है |
record:c020e403288c0307feeefabb1f1a973f755f5080e0f82a9aafb263c43d74a2f7,783619316482576384,https://twitter.com/dtptraffic/status/783619316482576384,Traffic Alert सावित्री फ्लाईओवर से ग्रेटर कैलाश 2 की तरफ जाने वाले मार्ग में सावित्री फ्लाईओवर के पास रोड धंस गई हैं जिससे यातायात बाधित हैं
record:c0b78ff1709f67016c1b44fff5964f9b5e19e3e8ca9703ea72cd59c1a0f38c4b,961783826954428416,https://twitter.com/dtptraffic/status/961783826954428416,Traffic Alert राजपथ से C - Hexagon व पुराना किला रोड पर बदरपुर(Dust) पड़ा है|
record:c0de307a094ff211b5a18ce3c3c8af42fc5fef5bd9a0c2d96def87753b37c815,1056087181310205952,https://twitter.com/dtptraffic/status/1056087181310205952,Traffic Alert नांगलोई फ्लाईओवर के पास कूड़ाघर को MCD द्वारा खाली करवाया जा रहा है जिसकी वजह से नांगलोई से मुंडका की तरफ यातायात ज्यादा है |
record:c151b0eec193bb42b67c73442612146fe3724f4e7b0f70970414be964b212bd4,1125049804856291328,https://twitter.com/dtptraffic/status/1125049804856291328,"Traffic Alert शास्त्री पार्क और सीलमपुर फ्लाईओवर पर PWD का काम चल रहा है, जिस कारण यातायात प्रभावित है Iकृप्या गाजियाबाद से दिल्ली आने के लिए आनंद विहार से हो कर आये I"
record:c15942998e4dd919a27460b2af3b929c882a1796784bd17c6b098423a0e25b5b,784930264300478464,https://twitter.com/dtptraffic/status/784930264300478464,Traffic Alert 1/2 द्वारका सेक्टर 21 रेलवे अंडर पास का कार्य प्रगति पर है जोकि दिनांक 08.10.2016 से 14.10.2016 तक चलेगा जिसकी वजह से...
record:c1e512dfecc93cd0f2bbac7af44f5bdedadc0eff1e71c99397d5cade1783ce68,801350863101034496,https://twitter.com/dtptraffic/status/801350863101034496,"Traffic Alert 1/2 यातायात की अधिक आवाजाही की वजह से हि्न्दू राव हॉस्पिटल से बर्फ खाना, आजाद मार्किट जाने वाले यातायात को..."
record:c2113acb989f96c4740724a1afac1c8c9c83781e902b2bf6836b668dcec2767a,596290966635552768,https://twitter.com/dtptraffic/status/596290966635552768,"Traffic Alert A-point (ITO Chowk) पर पानी की पाइप लाइन फट गयी है जिसकी वजह से यातायात प्रभावित है, असुविधा के लिए खेद है |"
record:c2951abdec5b31c2c4dbba085055ff2044bbc7c6055541648a9048d53f853e4d,847633569929351171,https://twitter.com/dtptraffic/status/847633569929351171,Traffic Alert निजामुद्दीन से मयूर विहार जाने वाले carriage way में बारापुला पर elevated road का कार्य चल रहा है जिसे sarai kale khan 2/1
record:c2ab4b51443fb76cd0d12624155430196465ae51b61793f1628100614724fd5d,563683008147095553,https://twitter.com/dtptraffic/status/563683008147095553,Traffic Alert Dwarka अंडरपास NSG रेड लाइट पर एक ट्रक ख़राब है I असुविधा के लिए खेद है I
record:c2df31c6473db8c02aaa69aacd1256bd4a3841a2e3e87bfd2c535384790992c8,884760904176357376,https://twitter.com/dtptraffic/status/884760904176357376,Part1/2..Traffic Alert मोदी मिल से कॅप्टन गौर मार्ग जाने वाले मार्ग में ओखला मंडी के पास सीवर ओवरफ्लो होने के कारण यातायात
record:c375479d29d3f9bbf4337bf82c59f5db450f29c2e63c0b03733e2073a241bcee,1022764537819230213,https://twitter.com/dtptraffic/status/1022764537819230213,Traffic Alert नांगलोई से नजफ़गढ़ रोड जाने वाले मार्ग में सत्यभामा अस्पताल के पास जलभराव व गड्डे होने की वजह से यातायात प्रभावित है|
record:c3bfdf7f7ecc026ce41d286ed668726c13f199616ac7df37e383e839f4511c76,1101450385078784000,https://twitter.com/dtptraffic/status/1101450385078784000,Traffic Alert भैरों मार्ग पर प्रगति मैदान गेट नंबर-2 के सामने दिल्ली जल बोर्ड का काम चल रहा है जिसके कारण यातायात प्रभावित है I कृपया इस मार्ग के प्रयोग से बचें I
record:c3c7f753b9236cf97ce2fcc9f5da0df16612d01a30cb5967f722f9ecc3ebfe4e,1027897902314582016,https://twitter.com/dtptraffic/status/1027897902314582016,Traffic Alert IIT से नेहरु प्लेस जाने वाले मार्ग में सावित्री फ्लाईओवर पर रोड धंस जाने के कारण यातायात बाधित है I कृपया इस मार्ग के प्रयोग से बचें I
record:c3ca7afdbd3744759399905b80424e890402e6fa3121dc09076ab25178ee41fc,1059424885254934528,https://twitter.com/dtptraffic/status/1059424885254934528,Traffic Alert नांगलोई चौक पर जो DTC बस ख़राब थी उसे हटा दिया गया है |
record:c4cee2ff99ed71962ccda76f4d9be801f0a3dc1172e4b947d716c8ddd40a2835,611143854796996608,https://twitter.com/dtptraffic/status/611143854796996608,"Traffic Alert मथुरा रोड, नजदीक राजदूत होटल के पास जो क्लस्टर बस नंबर DL1PC 6784 ख़राब थी,उसे हटा दिया हैं| यातायात अब सामान्य हैं|"
record:c53213bef0e1e559a37f0b525afe849d6d6eeda7bfc1a76840942d55395dddf4,1093377527744098304,https://twitter.com/dtptraffic/status/1093377527744098304,Traffic Alert आनंद विहार रेलवे स्टेशन जाने के लिए नया एंट्री गेट खोल दिया गया है | कृपया इसे प्रयोग करे |
record:c5b61c7b0e98b62499ced37320a87a846748dfb3cfe99ac4036381664446bf81,987307197980819460,https://twitter.com/dtptraffic/status/987307197980819460,Traffic Alert महारानी बाग़ से सराय काले खान जाने वाले मार्ग को पानी की पाइपलाइन फट जाने के कारण बंद किया गया था अब खोल दिया गया है I
record:c6034471623b87ed2c054c3f73731aad2b427ee1b7ff6d3361dba6f33325c5ed,1063726816404197376,https://twitter.com/dtptraffic/status/1063726816404197376,"Traffic Alert भगवान जगन्नाथ यात्रा का जुलूस 12 बजे 15 अगस्त पार्क लालकिला से चलेगी जो नेता जी सुभाष मार्ग -दरियागंज -आसफ अली रोड -अजमेरी गेट -श्रधानंद मार्ग - फतेहपुरी -चांदनी चौक से होते हुए 15 अगस्त पार्क लालकिला तक वापिस आएगी,जिसके कारण इन जगहों पर यातायात ज्यादा रहेगाI"
record:c604da2ac858d72fcacc4a3155603771f117323a9064164faa3224afdbf96d18,811018528966864896,https://twitter.com/dtptraffic/status/811018528966864896,part1/2..Traffic Alert कापसहेड़ा से रजोकरी मार्ग पर यातायात को एक लेन में किया गया है जिससे यातायात अधिक रहेगा I
record:c6261ba82a0f80bb85dffdacbfd41207fcebf227c2709ee1019953e4d5962bb7,781013701008785408,https://twitter.com/dtptraffic/status/781013701008785408,"Traffic Alert विद्यार्थी प्रदर्शन करते हुए पेशवा रोड से जंतर मंतर जा रहे है, जिससे यातायात बाधित है |"
record:c65358a145bc9890a8f471d746b71e455e30a9442286d8406f4e488752265aef,575275020869615616,https://twitter.com/dtptraffic/status/575275020869615616,"Traffic Alert ITO से Karkari Mor मधुबन चौक V-3 मॉल के पास 5 से 6 फुट रोड धस गया है, जिसके कारण यातायात ज्यादा है असुविधा के लिए खेद है|"
record:c686c2e50a71429c66ac461c5bb8244bf6cc841fdb7634742461e546f3e6ff68,1035900749325062145,https://twitter.com/dtptraffic/status/1035900749325062145,Traffic Alert IIT से AIIMS जाने वाले मार्ग में दिलीप सिंह कट के पास एक पेड़ गिर जाने के कारण यातायात बाधित है I कृपया इस मार्ग के प्रयोग से बचें I
record:c6a74e6b30194045641789b7a2ae862447f62866c7f86899f8868596238cb0f8,619802103666606080,https://twitter.com/dtptraffic/status/619802103666606080,Traffic Alert द्वारका सेक्टर-20 में पेड़ गिरने से यातायात प्रभावित है | असुविधा के लिए खेद है |
record:c6f3ed3bee07d29f4d9897c07d5879edf9aad6d416ded29b00e4bc75b9a48bbe,784622897398681604,https://twitter.com/dtptraffic/status/784622897398681604,"Traffic Alert किशनगंज रेलवे अंडरपास पर दिल्ली जल बोर्ड का काम चल रहा है, जिसके कारण दोनों मार्ग पर यातायात बाधित है|"
record:c73238bfd867137b67c9b804bd63c30121345d2e50552433d739aac1f1cea01e,1030075372484710401,https://twitter.com/dtptraffic/status/1030075372484710401,Traffic Alert शादीपुर से पूसा की तरफ से जाने वाले मार्ग में मेट्रो पिलर नंबर-243 के पास सड़क टूटी होने के कारण यातायात बाधित है I
record:c73e6edcb75e56b4a2e15e490a02fc4ca5b6793365cee69197ba52921bb346a6,1100641394253799424,https://twitter.com/dtptraffic/status/1100641394253799424,"Traffic Alert अखिल भारतीय यूथ फेडरेशन का जुलूस जो मंडी हाउस से चलकर टॉलस्टॉय मार्ग ,बाराखम्बा रोड होते हुए जंतर मंतर जायेगा जो अभी बाराखम्बा रोड पर चल रहा है जिसके कारण यातायात प्रभावित हैI"
record:c7764267b7c48f87fed93a8a63144b73f95459b06492185abbbcb980e9778077,925284469661089792,https://twitter.com/dtptraffic/status/925284469661089792,Traffic Alert शादीपुर डिपो कठपुतली कालोनी के पास DDA का demolition work चल रहा है जिसके वजह से divertion दिया है I 1/2
record:c7f5d670a422d53f96e713f7d6f7f0642dd2dcf9dc4981369deda4b1fc7727fe,927902309304037376,https://twitter.com/dtptraffic/status/927902309304037376,"Traffic Alert ताज एन्क्लेव ,गीता कॉलोनी आयरन ब्रिज पे काम चल रहा है जिस कारण दोने मार्गो में यातायात बाधित है कृपया इस मार्ग से बचे!"
record:c80ba2c9685c0ecb8d59ee841ae4ef516e3d93b73d62d22fa29a54142ac538bb,630210256627474432,https://twitter.com/dtptraffic/status/630210256627474432,Traffic Alert अजमेरी गेट से पहाडगंज चौक की तरफ यातायात अब सामान्य है |
record:c83b0d30128e25dea66cb1fa62046b78c1b18001e286cbd4890fcb4792ee8935,1077593922459717634,https://twitter.com/dtptraffic/status/1077593922459717634,Traffic Alert नेल्सन मंडेला मार्ग पर यातायात सामान्य हैI
record:c858d492f582e2e504e4acac6796cfcf4859a91c335bb79221f9d877267c03a7,933937452150005760,https://twitter.com/dtptraffic/status/933937452150005760,Traffic Alert चंदगीराम अखाड़ा से ISBT जाने वाले मार्ग में चंदगीराम अखाड़ा से निगम बोध घाट तक यातायात बाधित है|
record:c8893d10c5dc06703ab7414becf44193aa7307d7635bde79dbe126a676302590,1071045731237224448,https://twitter.com/dtptraffic/status/1071045731237224448,Traffic Alert RTR फ्लाईओवर के पास एक कार डिवाईडर से टकरा गई है जिसके कारण मुनिरका से एअरपोर्ट व मोती बाग से एअरपोर्ट जाने वाला यातायात प्रभावित हैI
record:c88b625a1a4eac7c89ddd4fd8f4858bed4c5b25984ecb9e7aba8103f2a14fde4,1125432195701587968,https://twitter.com/dtptraffic/status/1125432195701587968,Traffic Alert गुरुग्राम से दिल्ली आने वाले मार्ग में महिपालपुर फ्लाईओवर से पहले सतबीर पेट्रोल पंप के पास एक गाड़ी में आग लग गई है| जिसके कारण यातायात बाधित है|
record:c8db9402fe900a0342475653ee16cd3b411c112b752fb8b8a41a01924ef9af78,937541395723698176,https://twitter.com/dtptraffic/status/937541395723698176,Traffic Alert I/P Flyover से A Point ITO की तरफ दिल्ली जल बोर्ड वाले काम कर रहे है जिस कारण यातायात दो लेन में चल रहा हैI इस मार्ग के प्रयोग से बचेI
record:c8ee78610c0de7d71cdf22e75653245f39b7c6096a2ef0c1133831fc47ed0e94,1022677166297894912,https://twitter.com/dtptraffic/status/1022677166297894912,Traffic Alert बदरपुर से महरौली जाने वाले रस्ते में बदरपुर रेलवे क्रासिंग अंडरपास पर जलभराव के कारण यातायात प्रभावित है कृप्या इस मार्ग के प्रयोग से बचें!
record:c951096899d28e84a8d7375080528c8f69d60d500909292a7007b159b9ca60de,812963367816003584,https://twitter.com/dtptraffic/status/812963367816003584,Traffic Alert करोल बाग मेट्रो स्टेशन पर मेट्रो खराब होने के कारण पूसा रोड पर यातायात ज्यादा है|
record:c960d87b375fcea8b1349b4b8783ebdc7411c617aa05c9bda39b6f51c4719767,1017732188563857408,https://twitter.com/dtptraffic/status/1017732188563857408,Traffic Alert गुजराती समाज क्लब रोड पर एक पेड़ गिर गया है यातायात प्रभावित हैं|
record:c998603172cfae845a46cdc2bd33ee4bb08189b75455bdb95c0530fd56f89caf,933203208347910145,https://twitter.com/dtptraffic/status/933203208347910145,Traffic Alert PWD के काम के कारण RTR फ्लाईओवर पर ट्रैफिक बाधित रहेगा। एयरपोर्ट और गुरुग्राम जाने वाले लोग कृप्या नेल्सन मंडेला मार्ग का उपयोग करे।
record:ca2dfb9e18c92c66ee03e7a265ac9eec114648d05f021adb6cd734675a2988a0,995877922811473920,https://twitter.com/dtptraffic/status/995877922811473920,Traffic Alert ओखला से नोएडा की तरफ जाने वाले मार्ग पर बर्ड सेंचुरी के पास एक पेड़ गिर गया हैं जिसे हटा रहे हैं| यातायात प्रभावित हैं |
record:ca780abe8e0d62010c4be32a61cb4a21cc4f1f1503efe15a46b60c903688ff22,592025116118261760,https://twitter.com/dtptraffic/status/592025116118261760,"Traffic Alert खामपुर पर एक ट्रक पलटने के कारण नरेला की तरफ जाने वाला यातायात DSIDC से डाइवर्ट किया है, असुविधा के लिए खेद है|"
record:ca786c44a1f93bf8b44447fb4b25f9c4101effc4cee234cd327432139b0a66d6,877748754543132672,https://twitter.com/dtptraffic/status/877748754543132672,Traffic Alert फैज़ रोड चौक पर पेड़ गिर जाने कारण यातायात प्रभावित है I
record:ca7c98b3d59bda429b879668104bcfab734a758a513fae2267de211b9d60fe5b,552463362177908737,https://twitter.com/dtptraffic/status/552463362177908737,TRAFFIC ALERT आश्रम के पास रिंग रोड व मथुरा रोड पर मेट्रो का काम चलने के कारण यातायात ज़्यादा रहेगा|असुविधा के लिए खेद हैं|
record:cab405732d30dea2df288f8464cddfb5d13572ea2ee8a75c42f1d620c71ca7ee,620639107383959553,https://twitter.com/dtptraffic/status/620639107383959553,Traffic Alert अब आजाद मार्केट चौक पर यातायात सामान्य हैं |
record:cac9a17c6c4dfaee417f011f478d2cbc15cb68311c1f9e48a8e2fdea29669bd9,922096698956099588,https://twitter.com/dtptraffic/status/922096698956099588,Traffic Alert कोटला रोड शशि गार्डन जो रोड कल्याणपुरी की तरफ जाता है प्रदर्शन के कारण ट्रैफिक पटपड़गंज से NH-24 की तरफ डाइवर्ट किया है .
record:ccb118b0cf2957451d0362e91b8e62982c781b89b05e0483afd56eed4ff35b98,1034290659107188736,https://twitter.com/dtptraffic/status/1034290659107188736,Traffic Alert मुंडका से राजधानी पार्क जाने वाले मार्ग पर जलभराव के कारण यातायात प्रभवित है!
record:cdc29d352556378233c348df70d16b34e722aeb59423217929c5e175226bb41b,865389997792178177,https://twitter.com/dtptraffic/status/865389997792178177,"Traffic Alert कालिंदी कुञ्ज के पास नॉएडा जाने वाले मार्ग पर वाले मार्ग पर एक HTV ख़राब है, जिस कारण यातायात बाधित है. 1/2"
record:cdd80870981c64d1a4cdabb895051d6e65b6283f505ab2c90f4f3797b493ea53,879170214511886336,https://twitter.com/dtptraffic/status/879170214511886336,Traffic Alert हमदर्द मस्जिद के पास ज्यादा भीड़ होने के कारण R D Marg व MG रोड से अलकनंदा की तरफ ट्रैफिक को डाइवर्ट किया गया है!
record:ce2f2a79dc6a01e3b5b186b388b6c1a5d41629a11c0f185ec50124235fc30248,786066581461798913,https://twitter.com/dtptraffic/status/786066581461798913,"part1/3..Traffic Alert 1. इंद्र लोक से 7 ताजिये 1800HRS के करीब चलेंगे जिसका रूट होगा, जखीरा फ्लाईओवर, करोल बाग, मंदिर मार्ग, R/A RML,"
record:ce4e82f8a72f7b717c9451314f9250e975b7b2c6f7f4b70198ef023b55499722,1022496717621477377,https://twitter.com/dtptraffic/status/1022496717621477377,Traffic Alert मुकरबा चौक से आजाद मार्किट जाने वाले मार्ग में मेट्रो पिलर नंबर 96 के पास PWD ने गड्ढा खोद रखा है जिससे यातायात को वन वे किया गया है I कृपया इस मार्ग के प्रयोग से बचें I
record:cea60aa5bb348bec3975f3cb92d36e9650804d7eef062d2f0a96e35ee890d840,1023780376416804864,https://twitter.com/dtptraffic/status/1023780376416804864,Traffic Alert मोतीबाग से हयात जाने वाले मार्ग में DMRC का कार्य चल रहा है जिसकी वजह से लेफ्ट टर्न बंद है यातायात प्रभावित है |
record:cead9bd350e9e1ae5eb67b0970f45fc5a01783cd9ad8b7ae5ac9528715002cf8,805409022987751424,https://twitter.com/dtptraffic/status/805409022987751424,Traffic Alert 1.विंडसर प्लेस से जो यातायात बाबा खड़क सिंह मार्ग पर आता है उसे अशोका रोड पर डाइवर्ट कर दिया है| 1/2
record:ced5889e5dcefe8db0c4d40632a9e8116a6d63c394085f05cf87fcc0d57b3e26,906814248684208129,https://twitter.com/dtptraffic/status/906814248684208129,Traffic Alert दीपाली चौक से मधुबन चौक जाने वाले मार्ग में मधुबन अंडरपास से पहले एक accident होने के कारण यातायात बाधित है|
record:cedeae9eb3f7b60670ccea56e9fd24421386febd5d069547bcaa8ca1f3ece486,1031116805543055361,https://twitter.com/dtptraffic/status/1031116805543055361,Traffic Alert ओखला मंडी गेट नंबर 1 के सामने कैप्टेन गौड़ मार्ग पर जलभराव के कारण यातायात प्रभावित है!
record:ceea167d29566fa8b8d9bf6c13e0044461a53df23e6acec7a3822a82f3346a1f,918318448089841665,https://twitter.com/dtptraffic/status/918318448089841665,Traffic Alert NHAI के कार्य की वजह से Mayur Vihar Phase 2 अंडरपास बंद कर दिया गया है जिसकी वजह से यातायात गाजीपुर की तरफ से होता हुआ आयेगा
record:ceedeafc06cb4406189cedefdae36f02bfd0e5880fb010ef3379d561c87d9a69,590928734133297152,https://twitter.com/dtptraffic/status/590928734133297152,"Traffic Alert ISBT से शास्त्री पार्क जाने वाले यातायात को ISBT से डाइवर्ट किया गया है जाम लगने के कारण, असुविधा के लिए खेद है |"
record:cf877244b3a680a0679f628e548bfbbc1929ae937768116991c52973030fec92,849073335761817600,https://twitter.com/dtptraffic/status/849073335761817600,Part1/2..Traffic Alert निजामुद्दीन से मयूर विहार जाने वाले carriage way में बारापुला पर elevated road का कार्य चल रहा है जिसे sarai
record:d005a82ecb6ad48c2ad333b9fabd628878be1088f4a368d9d5f8749f8e19b6e5,1017732619402907649,https://twitter.com/dtptraffic/status/1017732619402907649,Traffic Alert महिपालपुर से अंधेरिया मोड रोड पर एक पेड़ गिर गया है यातायात प्रभावित हैं|
record:d00658935124b45812566126073d741b7a5957785fabc783fb104ce2f339db13,875900696201019394,https://twitter.com/dtptraffic/status/875900696201019394,Traffic Alert धौला कुआँ से पंजाबी बाग जाने वाले मार्ग में नारायणा फ्लाईओवर पर एक ट्रक पलट गया था जो अब हट गया है I
record:d0a36e0607e59f357d5e0b3a339770d6eb743149b7a8751a0245b6105d09ff9e,1044187027279761408,https://twitter.com/dtptraffic/status/1044187027279761408,Traffic Alert गीता कॉलोनी से शांति वन की तरफ जाने वाले मार्ग में एक कार में आग लग गई है जिसके कारण यातायात प्रभावित हैI
record:d0f9e0c9c0b2e00d4dfbe6a395bb9e7286bc166950e17a249b8e82dabaf5e5c5,1089416425804976128,https://twitter.com/dtptraffic/status/1089416425804976128,"Traffic Alert पुलिस मेमोरियल को देखने के लिए स्कूलों के बच्चे आये है इसलिए स्कूल बसों को कौटिल्य मार्ग पर पार्क किया गया,जिस कारण यहाँ पर यातायात बाधित है."
record:d11db7c016062073c8080e3dcb335db9c166551a0979b0ec840e34889e55923e,582780438046982145,https://twitter.com/dtptraffic/status/582780438046982145,Traffic Alert लोनी अंडर फ्लाईओवर पर जो MCD कार्यकर्ता धरने पर बैठे थे वो अब धरने से उठ गए है | जल्दी ही यहाँ पर यातायात सामान्य हो जायेगा |
record:d1bbbee00fbb9b3a8a5a8d588d0e0ed7b58622c7645562d3080339b623294618,1089461350424702976,https://twitter.com/dtptraffic/status/1089461350424702976,"Traffic Alert महिपालपुर में सबवे निर्माण के दौरान रोड टूट गया है,जिसकी मरम्मत का काम चल रहा है,जिस कारण से यातायात बाधित हैI"
record:d2341ca2c0d1cfd83aa037a2fd41f11166fbccd9e8ef0cb54feae34809618d15,1069458405004197888,https://twitter.com/dtptraffic/status/1069458405004197888,"Traffic Alert लाडो सराय से साकेत जाने वाले मार्ग में एक रोड़ी से भरा ट्रक पलट गया है ,रोड़ी रोड पर बिखरी हुई है जिसके कारण अनुव्रत मार्ग पर यातायात बाधित है | pic.twitter.com/B7570K81cc"
record:d268a9e9000a2317fca9c40beb7ec878df92111cee8294a4a51233e0c4059507,917632302854709248,https://twitter.com/dtptraffic/status/917632302854709248,Traffic Alert 1/2वीर सिंह मार्ग को रैली के कारण दोनों तरफ से बंद कर दिया गया है जिससे गोल मार्किट से कालीबाड़ी टी-पॉइंट और भगत सिंह मार्ग...
record:d3251440f669454e71d6d4674a1c7982019feed91e924d49ad898fc04dc53f57,1068506038016471041,https://twitter.com/dtptraffic/status/1068506038016471041,Traffic Alert नरेला सब्जी मंडी से अनाज मंडी की ओर जाने वाले मार्ग में बवाना रोड पर एक पेड़ गिर गया था जिसे हटा दिया गया है |
record:d35b9fd32edb0e1cb1be42217194a4df3d8132699865d0ae174fa97eeaa2250e,850181907492950017,https://twitter.com/dtptraffic/status/850181907492950017,"Traffic Alert बर्फ खाना चौक पर MCD का रोड रिपेयरिंग का काम15 दिन तक चलेगा,जिसके कारण खन्ना मार्किट से बर्फ खाना जाने वाले सराय फूस रोड पर1/2"
record:d36f8d5489626f2edf0e21589a1f83aae990f491206ca5b310095c8e19c14f38,931195745733980160,https://twitter.com/dtptraffic/status/931195745733980160,Traffic Alert NH-8 Toll Tax पर हरियाणा साइड में vehilces की लम्बी कतार होने के कारण यातायात प्रभावित हैI
record:d44ad95da012828a351d188e95061e458f32938ad94fc49a867c3410a4e8df04,1096606228011204608,https://twitter.com/dtptraffic/status/1096606228011204608,"Traffic Alert वजीराबाद ब्रिज को मरम्मत कार्य के लिए बंद कर दिया गया है जो कि तीन महीने तक चलेगा, वजीराबाद,ISBT कश्मीरी गेट,सिविल लाइन की तरफ जाने वाले वाहन चालकों से अनुरोध है कि सिग्नेचर ब्रिज या शास्त्री पार्क से होकर जायेंI pic.twitter.com/VEiksRfy47"
record:d4aae78733e25968867a400ed9fc4976e26c9454bea851dd74fa2083df6aecc7,907803214048747521,https://twitter.com/dtptraffic/status/907803214048747521,Traffic Alert वसंत विहार से मोती बाग जाने वाले मार्ग में सत्य निकेतन बस स्टॉप के पास एक पेड़ गिर गया हैं जिससे यातायात बाधित हैं|
record:d4ab965ec297dbcc506ce229549eca89599f16c34d675409a2394d89dc44fc67,1087577464639877121,https://twitter.com/dtptraffic/status/1087577464639877121,Traffic Alert बारापुला से INA की तरफ जाने वाले मार्ग में रोड धंस जाने के कारण यातायात बाधित है I कृपया इस मार्ग के प्रयोग से बचें I
record:d59c252656ce41313fea3d07418a22f65a0cc3a3ac85847d75f80f92ed147311,780655515328188416,https://twitter.com/dtptraffic/status/780655515328188416,Traffic Alert पीरागढ़ी से नागलोई की तरफ जाने वाले मार्ग पर सूरजमल स्टेडियम के पास धरना प्रदर्शन की वजह से यातायात बाधित हैI वाहन चालको से1/4
record:d642dde34793d2c6396f07eb8f202b37c5b22052c142756a8db3913cfdaa15e8,544738659027537920,https://twitter.com/dtptraffic/status/544738659027537920,Traffic Alert आज़ाद मार्केट से ईदगाह की तरफ कल जो पानी भरा हुआ था वह निकल गया है |
record:d6c991350b25a5eef3d31c6bfc26a7c83190976a42eb0bb6b60f3c4f22db6658,1036507271302340609,https://twitter.com/dtptraffic/status/1036507271302340609,Traffic Alert इंद्रमोहन भारद्वाज मार्ग कालिंदी कुंज जलभराव के कारण यातायात बाधित है!
record:d6d6a30d060bb30fc0b756f510eb5c1b9057c3f62a278e787c91d24ab7f90803,1039426099724214272,https://twitter.com/dtptraffic/status/1039426099724214272,"Traffic Alert गोल डाकखाना से कनॉट प्लेस की तरफ जाते हुए बाबा खडक सिंह मार्ग पर पानी की पाइप लाइन फट गई है, NDMC वाले काम कर रहे है, जिस कारण ट्रैफिक हैवी हैI कृप्या खंड से बचे I"
record:d6e20b0fbf3938142eccfa2880d7833fd6a334a6ea7214b118949321c587b929,619803104549163008,https://twitter.com/dtptraffic/status/619803104549163008,Traffic Alert अर्चना T-Point पर पेड़ गिरने से यहाँ पर यातायात प्रभावित है | असुविधा के लिए खेद है |
record:d7670c2c5e03cb5c4e8b6a862972570f3a709b8fa8c1c8c97b4ab39f82c7ff5f,1034290389530726401,https://twitter.com/dtptraffic/status/1034290389530726401,Traffic Alert मुंडका से राजधानी पार्क जाने वाले मार्ग पर जलभराव के कारण यातायात प्रभवित हैI
record:d77532c43273580a09bc9094c0f30660fa5dcbce90fb7e836155de1e817a465c,853947915655458816,https://twitter.com/dtptraffic/status/853947915655458816,Traffic Alert मधुबन चौक से आशियाना चौक जाने वाले मार्ग में एक कार में आग लग जाने के कारण ट्रैफिक में बाधा है!
record:d7ae97307e0483f815452054f4cbd2b7b0815986259355be04e93ded583faf5f,580353935526899712,https://twitter.com/dtptraffic/status/580353935526899712,"Traffic Alert RML से 11मूर्ति की तरफ Mother teresa contest road पर एक DTC बस खराब है जिसके कारण यातायात ज्यादा है, असुविधा के लिये खेद है|"
record:d7e71b1df0386620fd9c81ec4144399677925f48debbbf13ce3c466bb4e93faf,613932865206792192,https://twitter.com/dtptraffic/status/613932865206792192,Traffic Alert अरबिंदो चौक व R/A तुगलक रोड के बीच में यातायात को डाइवर्ट किया गया है| असुविधा के लिए खेद हैं|
record:d7ea177930b2fde0578b515fb5498c1feda61f56e7c914879d342c41924dd8d7,1095022552915730432,https://twitter.com/dtptraffic/status/1095022552915730432,Traffic Alert मायापुरी मेट्रो स्टेशन से धौला कुआँ जाने वाले मार्ग में High Mast Lighting Pole गिरने के कारण यातायात को मायापुरी चौक से कीर्ति नगर की तरफ डाइवर्ट कर दिया गया है |
record:d8014cb186be38d9a731299384065fb168cc680d77538f685f5cfdcd750ce157,1069567571270164480,https://twitter.com/dtptraffic/status/1069567571270164480,"Traffic Alert लाडो सराय से साकेत जाने वाले मार्ग में एक रोड़ी से भरा ट्रक पलट गया था ,रोड़ी रोड पर बिखरी हुई थी जिसे हटा दिया गया है ओर यातायात अब सामान्य है |"
record:d82acdbb1ef4de57904987636c49b02e448f2ee014d5e03a1d1d0bdf472f9cc9,1059273611884654592,https://twitter.com/dtptraffic/status/1059273611884654592,Traffic Alert सरिता विहार से कालिंदी कुंज जाने वाले मार्ग में एक ट्रक पलट गया है जिसके कारण यातायात बाधित हैI
record:d846a757c5ebc7a7f41ab62b221fba91c6d7903f633aa9f12633f463e252cdb7,863974410314579973,https://twitter.com/dtptraffic/status/863974410314579973,Traffic Alert विंडसर प्लेस से अशोका रोड की तरफ जाने वाले मार्ग में रॉयल प्लाजा के पास एक पेड़ गिर गया है जिससे यातायात बाधित है |
record:d86ad5e1a56014ae835eee3993f85e01db72932f4808eb0f9b581ce470227a56,832034997053775872,https://twitter.com/dtptraffic/status/832034997053775872,"Traffic Alert हमदर्द से खानपुर जाने वाले मार्ग पर PWD का सीवर सफाई का काम 15 दिन तक चलेगा,जिसके कारण इस मार्ग पर ट्रैफिक ज्यादा रहेगा!"
record:d8e88605dd0a8f68759e1d5ad509d7e838137df2126b624aeebb7815b2fa796e,574176940954796032,https://twitter.com/dtptraffic/status/574176940954796032,"Traffic Alert जगतपुरी रेड लाइट से कड़कड़डूमा कोर्ट जाने वाले व आने वाले मार्ग में पानी भर गया है, यातायात ज्यादा है I"
record:d980ff6f1eeb28528641e5d73b4ace5cbcac10e510fbbea50183e96f25b0c8ce,961782061408206849,https://twitter.com/dtptraffic/status/961782061408206849,Traffic Alert वसंत विहार से गुरुग्राम जाने वाले मार्ग में परेड रोड गुडगाँव रोड (GGR PDR) पर एक ट्रक पलट गया है|
record:da3080d5e3470665380cba698472507c7290479c4db7aff5f60a38e59468d36d,1077457765822414853,https://twitter.com/dtptraffic/status/1077457765822414853,Traffic Alert अजमेरी गेट चौक से रामलीला मैदान तक शोभा यात्रा निकलेगी जिसके कारण यातायात ज्यादा रहेगाI इस मार्ग के प्रयोग से बचेI
record:dc95e7d97ecda6e81936d216a75363a2dcee00944e0faa675889306dbc470ab1,1085467746601705472,https://twitter.com/dtptraffic/status/1085467746601705472,Traffic Alert मायापुरी से पंजाबी बाग की तरफ जाने वाले मार्ग में राजा गार्डन फ्लाईओवर पर मरम्मत का काम चल रहा है जिसके कारण यातायात प्रभावित हैI
record:ddc0dad9da271a6f1f5298b06e48e75897baea688b1cc306e3f10a8998584aa8,579544338511822848,https://twitter.com/dtptraffic/status/579544338511822848,"Traffic Alert DTC Bus में आग लगने के कारण Khanpur से Saket मेट्रो स्टेशन के बीच यातायात ज्यादा है, असुविधा के लिए खेद है|"
record:de34d6978f61adac998267f610715175decc64cb3bd13bbb76cb7a8aa5ef88fc,590746754104057856,https://twitter.com/dtptraffic/status/590746754104057856,"Traffic Alert जसोला रोड से साइन बाग रोड न. 13 के दोनों मार्गों को आम पब्लिक ने जाम कर दिया है, असुविधा के लिए खेद है |"
record:de7b752c5182bb0c7e49265e8cb29c9180fca34028222d84eddc9d6fedfe51ac,1072346356365316096,https://twitter.com/dtptraffic/status/1072346356365316096,Traffic Alert न्यू फ्रेंड्स कॉलोनी रेड लाइट पर जो ट्रक ख़राब था वो हटा दिया गया है यातायात अब सामान्य हैI
record:de9ae5115b563ec8737fb8a58ed4e23d38e9d6a60279cd6236b1bea58ea3a9d8,564375894144585729,https://twitter.com/dtptraffic/status/564375894144585729,"Traffic Alert पल्ला रेड लाइट, बवाना के पास आज शाम को शादियो की वजह से यातायात ज्यादा रहेगा I असुविधा के लिए खेद है I"
record:df23191d8b73dfbbaf03b29ae43a41d72cddbed42ce0ccd74eddc09aa743353b,1123092791070879744,https://twitter.com/dtptraffic/status/1123092791070879744,Traffic Alert वेलकम से धर्मपुरा जाने वाले मार्ग में सीलमपुर व शास्त्रीपार्क फ्लाईओवर का काम चल रहा है जिसके कारण यातायात बाधित है| सीमापुरी से आनंद विहार और बाबरपुर से यमुना विहार जाने वाले मार्ग का प्रयोग करे |
record:df8ad61816073f0629f33d910c492214c8361c6d8852c7edd3d925e85895d753,910364679301681153,https://twitter.com/dtptraffic/status/910364679301681153,"Traffic Alert जो वाहन वसंत विहार से गुरुग्राम या एयरपोर्ट की तरफ जाना चाहते है, वह नेल्सन मंडेला मार्ग से जा सकते हैI"
record:dfa9e62e9d4dc20aae3cdb141504ed000adfe81c715a08e22f73a9b41ba1e961,872292398184910848,https://twitter.com/dtptraffic/status/872292398184910848,"Traffic Alert Q-POINT से इंडिया गेट की तरफ UPSC लेन के पास जो पेड़ टूट कर गिर गया था उसको हटा दिया गया है,यातायात अब सामान्य है!"
record:e01eee5e197a05a8f9a65bc68b843a4888fbc03ff3ffe51d8a644db5b923c8d5,565790032146231296,https://twitter.com/dtptraffic/status/565790032146231296,Traffic Alert मधुबन चौक से पीरागढ़ी चौक जाने वाले मार्ग पर आगे दाहिनी ओर से यातायात को डाइवर्ट किया गया है | असुविधा के लिए खेद है |
record:e03f74c713a2a59a4f48e2ff1bc3c049f9cc33f1a5d5937f26acd2f9030a6961,1047316429706604544,https://twitter.com/dtptraffic/status/1047316429706604544,Traffic Alert UP बॉर्डर से गाजीपुर आने वाले मार्ग पर कुछ ट्रेक्टर-ट्रोली खड़े है जिसके कारण यातायात थोड़ा प्रभावित है गाजीपुर की तरफ आने वाले वाहन चालकों से अनुरोध है की महाराजपुर से हो कर आयेंI
record:e0966279ef120cc3b91236b5a29068f1a8a38ef1cdbc5be7a727b609e7869472,954320347691597824,https://twitter.com/dtptraffic/status/954320347691597824,"Traffic Alert कृष्णा नगर, विश्वास नगर की पुलिया टूटी हुई है, जिसकी वजह से यातायात प्रभावित है I"
record:e0c911e79a0a9505c3fa8b6793438b27a26db003df93a832e39df19a067bfafa,847452769703272448,https://twitter.com/dtptraffic/status/847452769703272448,Traffic Alert निजामुद्दीन से मयूर विहार जाने वाले carriage way में बारापुला पर elevated road का कार्य चल रहा है जिसे 2/1
record:e10710a1bfe5780481f72fa45ea615cdff0708dd4327179682ecd6f850242be8,1025229228667596801,https://twitter.com/dtptraffic/status/1025229228667596801,Traffic Alert अध्चीनी चौक पर पानी की समस्या को लेकर लोगो के द्वारा प्रदर्शन जिसके कारण दोनों मार्गो पर यातायात बंद कर दिया गया है|
record:e1aae5be14fb4957b8065a6ebad7768b9e3001a677f79ae7fea9bf94c45e5615,1068082086051950593,https://twitter.com/dtptraffic/status/1068082086051950593,Traffic Alert अखिल भारतीय किसान संघर्ष समन्वय समिति मार्च जो कि अभी गगन विहार लालबत्ती पर है से नाला रोड -SDM ऑफिस -गीता कॉलोनी फ्लाईओवर-शांति वन -राजघाट होते हुए रामलीला मैदान पहुचेगा जिसके कारण आसपास के मार्गों पर यातायात प्रभावित रहेगाI
record:e1c7f77d60d750077146cd28a95de40a3a651ee84002c9d9e28d55eca3acc6a3,1101885310361845760,https://twitter.com/dtptraffic/status/1101885310361845760,"Traffic Alert मथुरा रोड ,भैरों रोड पॉइंट से रिंग रोड जाने वाले मार्ग में भैरों मार्ग पर रात 11 बजे से सुबह 4 बजे तक L &T वाले रोड रिपेयरिंग का कार्य करेंगे |यातायात को U टर्न देकर निकला जायेगा | कृपया इस मार्ग के प्रयोग से बचें |"
record:e1e9099ccfa7783aeb8f130af87ff994a67be2b76a276c7372804f06d3d398b9,1108949196357263360,https://twitter.com/dtptraffic/status/1108949196357263360,Traffic Alert वेलकम से सीलमपुर जाने वाले मार्ग में फ्लाईओवर के ऊपर PWD वाले बैरिकेट लगा कर काम कर रहे है Iजिस कारण यातायात हैवी रहेगा I
record:e2bbdeb53d3731ce786aceb9f16ed1a96888078273fb6358e4e0ef6ecca6175f,1097379460033204224,https://twitter.com/dtptraffic/status/1097379460033204224,Traffic Alert आश्रम चौक से निजामुद्दीन जाते हुए भोगल फ्लाईओवर पर रोड धस गई थी जिसकी मरम्मत कर दी गई है यातायात सामान्य है |
record:e2efd45adf8dd090ea537db43a70f86ad95e764b0355283878519aea03fee574,555316876784304130,https://twitter.com/dtptraffic/status/555316876784304130,"Traffic Alert नॉएडा लिंक रोड पर, दिल्ली से नॉएडा जाने वाले मार्ग पर (नॉएडा बॉर्डर) पर यातायात सामान्य हैं |"
record:e3077f302cd4fb96a8311c0b5d108ee6b7c754f0e65cf702f76cd7e3db9da3a7,1023573681631584258,https://twitter.com/dtptraffic/status/1023573681631584258,Traffic Alert यमुना नदी का जल स्तर बढ़ जाने के कारण लोहे के पुल को यातयात के लिए दोनों तरफ से बंद कर दिया गया है I कृपया इस मार्ग के प्रयोग से बचें I
record:e3ed95be6108b29ea66620b84f50cc8d3ef75fc0ccc55ad80b519c61c0e95799,1116557129085665280,https://twitter.com/dtptraffic/status/1116557129085665280,Traffic Alert भजनपुरा से खजूरी के बीच में एक मिनी बस में आग लग गई है जिसके कारण यातायात बाधित है|
record:e40213d9f1295a36c25bfcbe461ff5c2f73ef8733b146f9057ce76a41f584c72,1068358106105561089,https://twitter.com/dtptraffic/status/1068358106105561089,Traffic Alert 300 से 400 किसान अजमेरी गेट से रामलीला मैदान जा रहे है| जिसके कारण यातायात प्रभावित है |
record:e47a37831fd4df039049e9b4106915ca8627f0c53f6758a1b87105c636a46497,870454485495144449,https://twitter.com/dtptraffic/status/870454485495144449,Traffic Alert Hyatt flyover पर DMRC की एक क्रेन ख़राब होने के कारण मोती नगर जाने वाले मार्ग में ट्रैफिक बाधित है!
record:e49a4ecc203fbf053f314398e406576b3abb21aca9da37bb1253519ce7aa8a11,887899867401469952,https://twitter.com/dtptraffic/status/887899867401469952,Part1/2..Traffic Alert RTR मार्ग पर PWD का काम चल रहा है इसलिए शाम 5 बजे से शाम 8 बजे तक बड़े वाहनों और बसों को
record:e4e0da8967a1d9e3bd7f4e3529eefda6271e12e34b52391bd54cef3e5c596dc0,591264268751863809,https://twitter.com/dtptraffic/status/591264268751863809,"Traffic Alert लोहा पुल शास्त्री पार्क से खजुरी जाने वाले मार्ग पर यातायात ज्यादा है, असुविधा के लिए खेद है|"
record:e564ead05541fb434770e7f5be5684c3e97aa15e6e88c4dfec1f01487c1196e1,888341703492485120,https://twitter.com/dtptraffic/status/888341703492485120,Traffic Alert RTR मार्ग पर PWD का काम चल रहा है इसलिए शाम 5 बजे से शाम 8 बजे तक बड़े वाहनों और बसों को सेक्टर-8 और ...1/2
record:e56c996ae06ee0d418f32c469cd333ad77ca0236497acb76e2564af1a230dbe5,1083585949454553094,https://twitter.com/dtptraffic/status/1083585949454553094,Traffic Alert एक ट्रक के ख़राब हो जाने की वजह से पंजाबी बाग से जो यातायात आनंद पर्वत की तरफ जा रहा है उसको पंजाबी बाग गोल चक्कर से मोती नगर की तरफ डाइवर्ट कर दिया है और रामपुरा से जो यातायात ज़खीरा की तरफ जाता है उसे U-टर्न करवा दिया है |
record:e59306b265528ea3832b9c0503b2a287a42b2b5d700a5fddbbfca392b6613268,1075799844780994561,https://twitter.com/dtptraffic/status/1075799844780994561,Traffic Alert GTB क्रोसिंग पुलिया पर जो बस ख़राब थी उसे हटवा दिया गया हैI
record:e5e2d01fd1cb74dc374ec4eb406f165e5d63edb6ddef62e3f6eaca00478bfad4,1072336469686132736,https://twitter.com/dtptraffic/status/1072336469686132736,Traffic Alert भैरों मार्ग पर PWD का काम चल रहा है जिसके कारण मथुरा रोड की तरफ जाने वाला यातायात प्रभावित हैI
record:e62d945b5d055f3cb2c295b38396f052452c150ca2ab951710f0fb63ad41358a,1090490043368648704,https://twitter.com/dtptraffic/status/1090490043368648704,"Traffic Alert सुब्रमण्यम भारती मार्ग से जाकिर हुसैन मार्ग की और रोड पर सीवर का पानी भर गया है,जिस कारण यातायात बाधित है I"
record:e64ae090f9ec16353a341a4953579b04ad4843014514a02c77ad62726a4f8e3c,892932918993051648,https://twitter.com/dtptraffic/status/892932918993051648,"Traffic Alert Noida से Delhi आने वाले मार्ग में यमुना पुल से पहले दो ट्रकों का accident हो गया, जिसके कारण ट्रैफिक बाधित है|"
record:e65fdddff1124c20cc9aa4bd6de5bc54c026e89928ea80240b00f781d1d7b801,996555055841984512,https://twitter.com/dtptraffic/status/996555055841984512,Traffic Alert लाडो सराय TB हॉस्पिटल के सामने एक बड़ा पेड़ गिर गया है |
record:e6617e1832aa34d257bf1b326d851d4c6bcf4b30f5a12eb049d714e6462dff5b,557910405423833089,https://twitter.com/dtptraffic/status/557910405423833089,"Traffic Alert एस पी मुखर्जी मार्ग नियर हनुमान मंदिर के पास एक डीटीसी बस खराब है |जिससे यातायात प्रभावित है,असुविधा के लिए खेद है |"
record:e664525146886442e5e4a18885d46675d1c99ad87325c0822d74a5c782650c21,1013092708011962368,https://twitter.com/dtptraffic/status/1013092708011962368,Traffic Alert भारती कॉलेज जनकपुरी के पास BSES का केबल डालने का काम चल रहा है I जिस कारण यातायात बाधित है I कृपया इस मार्ग के प्रयोग से बचे I
record:e70cd8349f5154048e5ceb018fd8a113fc9b723d2c9d518d0c56508d456e829c,1070365798592479232,https://twitter.com/dtptraffic/status/1070365798592479232,Traffic alert राजा गार्डन फ्लाईओवर के रिपेयरिंग के काम की वजह से धौला कुआँ से पंजाबी बाग जाने वाला मार्ग रात 11 बजे से सुबह 6 बजे तक यातायात के लिए बंद रहेगा | पंजाबी बाग से धौला कुआँ जाने वाला मार्ग यातायात के लिए खुला रहेगा |
record:e70e63e32d8a9ee9fd022d6dfdbde96575cc4c169024909e2b2fb9c7b753e36c,927881713606262784,https://twitter.com/dtptraffic/status/927881713606262784,Traffic Alert अशोक पार्क मेन मेट्रो स्टेशन के निचे पंजाबी बाग़ जाने वाले मार्ग में बस ख़राब होने के कारण ट्रैफिक बाधित रहेगा !
record:e7fa0117c2b6ecd1db3a71e8a81cb53ffa8069d5e43b2e471145edc1355c534d,1093402499594080256,https://twitter.com/dtptraffic/status/1093402499594080256,"Traffic Alert लालकिला ,नेताजी सुभाष मार्ग ओर निषाद राज मार्ग पर यातायात सामान्य है |"
record:e807adc5afdd313be4cf2071783d27c1b26b638e2c02d3f2ebbd8abbf5b0c5db,1097759611333992448,https://twitter.com/dtptraffic/status/1097759611333992448,"Traffic Alert रविदास जयंती का जुलूस जो लाहोरी गेट से चलकर बाराटूटी -पहाड़ी धीरज -रानी झाँसी रोड -ईस्ट पार्क रोड -न्यू रोहतक रोड -देशबंधु गुप्ता रोड करोल बाग में रविदास मंदिर तक जायेगा,जिसके कारण इन मार्गों पर यातायात प्रभावित रहेगाI"
record:e89f7e1571520fa762611868c175ab84dda59ea758f4a420766b8f3b3f61464e,1087366953973342208,https://twitter.com/dtptraffic/status/1087366953973342208,Traffic Alert मल्कागंज चौक से क्रांति चौक carriageway को दिल्ली जल बोर्ड के कार्य की वजह से यातायात के लिए बंद कर दिया है ये कार्य 20 दिन तक चलेगा |इस मार्ग पर यातायात का आवागमन एक ही carriageway में रहेगा |
record:e8bae8ac9a13936f54b25b0d5d98384f16e13a4e4c7efa16a403088aae4e348d,1083721266060640258,https://twitter.com/dtptraffic/status/1083721266060640258,Traffic Alert RTR (Rao Tularam Marg) पर PWD का काम चल रहा है| गुरुग्राम और एअरपोर्ट जाने वाले RTR (Rao Tularam Marg) के प्रयोग से बचे|
record:e8f0d7a474893b97ae0c7c9f841ed9e9d65a93496ee4b9fcd902c12eb4110fde,1076029376985149441,https://twitter.com/dtptraffic/status/1076029376985149441,Traffic Alert मल्कागंज से किरोड़ीमल कॉलेज जाने वाले मार्ग में दिल्ली जल बोर्ड का कार्य चल रहा है जिसके कारण इस मार्ग को यातायात के लिए बंद कर दिया हैI
record:e90f32722f4d1e7992a346206f58649a0aabeaef60963d8c0c4092dc79a6d337,1022686585723052039,https://twitter.com/dtptraffic/status/1022686585723052039,Traffic Alert राजापुरी चौक रोड नं 201 पर जलभराव के कारण यातायात प्रभावित है कृप्या इस मार्ग के प्रयोग से बचें |
record:e94d8fcb484c8228e0ba1bc5ce3b83d79774334b4e78fb04d3d9eed0d46811c6,1084070646768820224,https://twitter.com/dtptraffic/status/1084070646768820224,Traffic Alert Dhansa bus stand Najafgarh और Bahadurgarh Bus Stand Najafgarh के बीच एक पेड़ गिर जाने के कारण यातायात बाधित है I कृपया इस मार्ग के प्रयोग से बचें I
record:e9e7bf264862b8dd92bed49ea545d82a1fd35603a637b930ff28ffa0440afed0,813558412055150592,https://twitter.com/dtptraffic/status/813558412055150592,Traffic Alert आजाद मार्किट के पास पानी की पाइपलाइन फट जाने और मेट्रो फ्लाईओवर निर्माण का काम चलने के कारण आजाद मार्किट पर यातायात अधिक रहेगा
record:e9f27e24c2a2221bf870758ff60eba3dde619cdffbd09c1743c1842098f4b73c,1068102646714658816,https://twitter.com/dtptraffic/status/1068102646714658816,Traffic Alert अखिल भारतीय किसान संघर्ष समन्वय समिति मार्च धौला कुआँ पर पहुँच चुका है जिसके कारण धौला कुआँ पर यातायात प्रभावित हैI
record:eb8c93e4655c473daafdf46c1aec9d30985b66830b54ddee89f8f24789c647e6,1122800018686001153,https://twitter.com/dtptraffic/status/1122800018686001153,Traffic Alert रिठाला गंदे नाले पर PWD का काम चलने के कारण सेक्टर-24 और 25 रोहिणी की तरफ आने और जाने वाले दोनों मार्ग पर यातायात बाधित रहेगा I कृपया इस मार्ग के प्रयोग से बचें I
record:ecc2432b1e01531d0d51963b2a9b753131f4fd13c2dc636e487678f57eb62e84,571334007528550400,https://twitter.com/dtptraffic/status/571334007528550400,Traffic Alert आजादपुर से प्रेम बाड़ी पुल की तरफ यातायात नही निकल रहा हैं| जिससे रिंग रोड पर यातायात ज़्यादा हैं| असुविधा के लिए खेद है|
record:ecd260f878eca3953053a0546a9d068fbe9d4c0109fd2b85c07addfc7d588ea9,996561284979032065,https://twitter.com/dtptraffic/status/996561284979032065,Traffic Alert M.B Road पर Hamdard से Khanpur जाने वाले मार्ग में ITBP के सामने एक पेड़ गिर गया है |
record:eda4204bf2d70fc092444ae21c8d0482f3ab9dff361acc1640d7c2d07617e608,1022696416584650752,https://twitter.com/dtptraffic/status/1022696416584650752,Traffic Alert लोनी गोल चक्कर से गगन चौक जाने वाले मार्ग में मीत नगर के पास जलभराव के कारण यातायात प्रभावित है कृप्या इस मार्ग के प्रयोग से बचें |
record:edada642477be40ce35d1c5e6581f9d214f52e917a88650f0d962050d7855d55,1067280101329592320,https://twitter.com/dtptraffic/status/1067280101329592320,Traffic Alert सरदार पटेल मार्ग पर भारतीय साधु समाज गोल चक्कर के पास एक कार में आग लग गई थी जिसे हटा दिया गया हैं | यातायात सामान्य हैं |
record:edd67d517ba5dceb7534a040d4b57911dc7f9b3f1776d61d23f3af26667ea988,1085206033268703234,https://twitter.com/dtptraffic/status/1085206033268703234,Traffic Alert शांति वन से ISBT की तरफ महात्मा गाँधी मार्ग पर यातायात खोल दिया गया हैI
record:edeb50ce173ee0e91f8aff11471132d1e9cbaa1d325f5e657fd62d15f3b3b4d6,1063811412810584066,https://twitter.com/dtptraffic/status/1063811412810584066,Traffic Alert भगवान जगन्नाथ यात्रा का जुलूस जो 15 अगस्त पार्क लालकिला से चला था वो वापिस 15 अगस्त पार्क लालकिला पहुँच चुका है और यातायात अब सामान्य हैI
record:ee6b9bf66dbd6cc0b279c62c96becca3157dae6b07ad5957b0bf86ea16fdcc81,1012190838569521157,https://twitter.com/dtptraffic/status/1012190838569521157,Traffic Alert नांगलोई से नजफगढ़ जाने वाले मार्ग में नांगलोई श्मशान घाट व TVS शोरूम के पास रोड धंस गयी है जिससे यातायात बाधित हैं | कृपया इस मार्ग के प्रयोग से बचें |
record:ee7e01cad316b10227381240a3f3ed793392865f6a6208e7fc34c1de9a4dfde2,1066252812940533760,https://twitter.com/dtptraffic/status/1066252812940533760,"Traffic Alert राधा स्वामी सत्संग की वजह से इन मार्गो पर यातायात बाधित रहेगा :- महरौली से IIT ,अरबिंदो मार्ग से लाडो सराय ,PTS रेड लाइट से अद्चिनी ,अहिंसा स्थल से PTS रेड लाइट | इन मार्गो का प्रयोग करने से बचें|"
record:ef1f6b241b2de3f84ce99e1ef76f7e3d420bd0ee75903dbaf37ab64b20ef93b0,1064742514752552960,https://twitter.com/dtptraffic/status/1064742514752552960,Traffic Alert DND से Ashram flyover की तरफ जाने वाले मार्ग में लूप रोड पर एक कार ख़राब होने के कारण यातायात बाधित हैI
record:efc7cafe71571ab1c61d837eb8d8631b30026acaa6fc86a35c6f7135bbbf1cb6,548887585352056834,https://twitter.com/dtptraffic/status/548887585352056834,Traffic Alert श्यामलाल कॉलेज से बिहारी कालोनी (रोड नंबर 57) पर अब यातायात सामान्य है|
record:efef45054cb7e15a2d267bdf37c6cb5a834b6314ae46a750e2fdc6bed96ab11f,1067381284341567488,https://twitter.com/dtptraffic/status/1067381284341567488,Traffic Alert धौला कुआँ फ्लाईओवर के पास राष्ट्रीय राजमार्ग 48 पर एक मेट्रो की क्रेन खराब हो गई थी जिसे हटा दिया गया हैं |
record:f055515bf77e10bbef45897581e243d1a0bdb409ab164d678866df62ed131763,1097812390983348224,https://twitter.com/dtptraffic/status/1097812390983348224,Traffic Alert रविदास जयंती का जुलूस अभी रानी झांसी मार्ग पर चल रहा है पहाड़गंज एरिया में यातायात प्रभावित हैI
record:f0946696dba8f6006bec76ef268bda166f067f0e6b4d8adb6e12c7b89c9f867f,1036504552676122624,https://twitter.com/dtptraffic/status/1036504552676122624,Traffic Alert नाला रोड पुस्ता रोड T-Point नजदीक SDM ऑफिस गीता कॉलोनी जलभराव के कारण यातायात प्रभावित है!
record:f09c8f71639ca5b3b9b5627a3d7bb467dfefcc7ec1a064e8bf5f492b77e4ee5e,993676002285862912,https://twitter.com/dtptraffic/status/993676002285862912,TRAFFIC ALERT मधुबन चौक से रिठाला जाने वाले मार्ग में रोहिणी मेट्रो स्टेशन के पास एक पेड़ गिर गया है जिससे यातायात प्रभावित रहेगा I
record:f1d054035d70f99cdd3b96a866f64124483242cb61cbbd51def3581d6528f6fb,1088109493097906176,https://twitter.com/dtptraffic/status/1088109493097906176,Traffic Alert आनंद विहार से अप्सरा बॉर्डर जाने वाले मार्ग में रोड नं 66 पर दो गाडियो में आग लग गई थी जिन्हें अब हटा दिया गया है यातायात अब सामान्य है |
record:f2853242ebe750da4be393493d758d9b5571778c4d2118ac0449a3bd662a0396,845127287288741889,https://twitter.com/dtptraffic/status/845127287288741889,"Traffic Alert कश्मीरी गेट रिंग रोड पर जल बोर्ड वाले काम कर रहे है, जिसके कारण हनुमान मंदिर से चंदगी राम अखाड़ा 2/1"
record:f2a9c1fb346024561f7ae802171ad676fea6e6d901e4cfe4dbbdd9d72e40983d,629616135097438208,https://twitter.com/dtptraffic/status/629616135097438208,Traffic Alert लाला लाजपत राय मार्ग (BRT बाहरी रिंग रोड ) पर यातायात ज्यादा हैं| असुविधा के लिए खेद है|
record:f343f8be0863e903593bbb725d094c727c5772bcc1ae0b19d12f6aa65a084b51,1007945590368595968,https://twitter.com/dtptraffic/status/1007945590368595968,"Traffic Alert मूलचंद से आश्रम जाने वाले मार्ग में एक क्लस्टर बस ख़राब होने के कारण यातायात बाधित है,कृप्या इस मार्ग के प्रयोग से बचें!"
record:f380dccc7516d7f7d3ae9c93f32ecd7f0d10d92a5dd945e11a3c5e84b7d58384,1054402327623327744,https://twitter.com/dtptraffic/status/1054402327623327744,Traffic Alert तिलक नगर से उत्तम नगर जाने वाले मार्ग में जनक पूरी वेस्ट मेट्रो स्टेशन के नीचे एक गड्ढा हो जाने के कारण यातायात प्रभावित है I वाहन चालकों को सुझाव दिया जाता है की कृपया इस मार्ग के प्रयोग से बचें I
record:f3c4f09a9f7f41d0460cf14322831b2c3690640a222b804d36473097a23d042c,786744743938039808,https://twitter.com/dtptraffic/status/786744743938039808,Traffic Alert द्वारका सेक्टर 21 रेलवे अंडर पास का कार्य प्रगति पर है जोकि दिनांक 08.10.2016 से 14.10.2016 तक चलेगा जिसकी वजह से सुबह 1/2
record:f3f4b8fe791b2e297a3688bbaf5b0166f01c1f4fda91363fc13a7bbd2d43a922,1019136241403596805,https://twitter.com/dtptraffic/status/1019136241403596805,Traffic Alert RTR फ्लाईओवर से मुनिरका जाने वाले मार्ग में एक DTC बस में आग लग जाने के कारण यातायात प्रभावित है I कृप्या इस मार्ग के प्रयोग से बचें I
record:f439bc839e2ac6ecc2b0441b81d64acb0f3a0d43fd145b6c27c04309cbf216d2,882901211648712705,https://twitter.com/dtptraffic/status/882901211648712705,"Traffic Alert सीलमपुर से शाहदरा जाने वाले मार्ग में सीलमपुर फ्लाईओवर पर रिपेयर का काम चल रहा है, जिससे यातायात बाधित है|"
record:f44528134398c7046673fb12d8c176c95de016ced4635922257f01bd78f1e7f7,1068371862017597440,https://twitter.com/dtptraffic/status/1068371862017597440,Traffic Alert अखिल भारतीय किसान संघर्ष समन्वय समिति मार्च जो अभी रामलीला मैदान से चला है जो अभी गुरुनानक चौक पर है जिसमें 7000 से 8000 लोग शामिल हैं | यातायात प्रभावित है |
record:f451c26a1892d0287a219dad7cc236d42fe783a3e38837cf6e216b1ddbf62216,1034317438362443776,https://twitter.com/dtptraffic/status/1034317438362443776,Traffic Alert भोरगढ़ से अलीपुर जाने वाले मार्ग में पुलिया में दरार व बिजली के दो पोल झुक जाने के कारण यातायात बाधित है कृपया इस मार्ग के प्रयोग से बचें!
record:f46dd5e76b356229356c799029b9ab268a42c0b216d580a85aa92f1da0053601,1116608231080464386,https://twitter.com/dtptraffic/status/1116608231080464386,Traffic Alert नजफगढ़ से नांगलोई जाने वाले मार्ग में हनुमान मंदिर के पास नाले का पानी रोड पर निकल रहा है जिसके कारण यातायात बाधित है|
record:f5977755a823a3a5d9a8a605889be0ee67f17accc2026cca06e2c672dc3141f0,805405527169593344,https://twitter.com/dtptraffic/status/805405527169593344,Traffic Alert आउटर सर्किल कनाट प्लेस से जो यातायात बाबा खड़क सिंह मार्ग पर आता है उसे डाइवर्ट कर दिया है|
record:f66cacb4a7688671fcf818707ef2cbacc55e1f566df0fa6d2a1508555a7426e5,851425425481908224,https://twitter.com/dtptraffic/status/851425425481908224,Traffic Alert निजामुद्दीन से मयूर विहार जाने वाले carriage way में बारापुला पर elevated road का कार्य चल रहा है ..1/2
record:f6fa701f89613cc65bf2244e82c21f9429ce8c9d7d973d5d0a7bb459f8cd260f,1021770596756148229,https://twitter.com/dtptraffic/status/1021770596756148229,Traffic Alert ITO से DDU Marg की तरफ जाने वाले मार्ग में एक पेड़ गिर गया है जिसके कारण यातायात प्रभावित है कृप्या इस मार्ग के प्रयोग से बचें!
record:f74b7dc7c1aff017702317e3d07c7d63de6718c6f615bf00367ebf4dfd725c82,864856892882829312,https://twitter.com/dtptraffic/status/864856892882829312,Traffic Alert पटेल नगर से पंजाबी बाग जाने वाले मार्ग पर यातायात ज्यादा है जो वाहन चालक पंजाबी बाग जाना चाहते है 1/2
record:f74e39cc9e0bfcfdeccc33e0e3596ad424e18dbc9d9c9377e7b063e9ed496f36,1003094008422285312,https://twitter.com/dtptraffic/status/1003094008422285312,Traffic Alert अशोक रोड और जनपथ रोड को साइकिल रेस की वजह से यातायात के लिए बंद किया है |
record:f75c654f7d4e6deb2224c57db1f35c63cefc19b33f7552ff335891f223e08708,619801226763444224,https://twitter.com/dtptraffic/status/619801226763444224,Traffic Alert आश्रम से बदरपुर जाने वाले मार्ग पर ओखला मोड़ रेड लाइट पर पेड़ गिरने से यातायात प्रभावित है | असुविधा के लिए खेद है |
record:f77ba8e471d12824cdeeb975d36ed5d06289b851b06909d8183dd8da20e6e14c,1067388758150938625,https://twitter.com/dtptraffic/status/1067388758150938625,Traffic Alert शांतिवन से ISBT की और जाने वाले यातायात को गीता कॉलोनी फ्लाईओवर की तरफ डाइवर्ट किया है और कोतवाली से ISBT की और जाने वाले यातायात को गीता कॉलोनी फ्लाईओवर व राजघाट की और डाइवर्ट किया है |
record:f789c3d26fc3db0533bfa99a6006b5ea1358aca4fc98d4b25b92079cd925d061,935360692340662273,https://twitter.com/dtptraffic/status/935360692340662273,"Traffic Alert आज़ाद मार्किट पर पुल निर्माण के कारण ट्रैफिक एक मार्ग में चल रहा है। जिसके कारण ट्रैफिक आसपास के एरिया आज़ाद मार्किट, सदर बाजार, बर्फ खाना, पुल बंगश , तीस हज़ारी और I.S.B.T में हैवी रहेगा।"
record:f7a5ad430f8f10d79f7406cf46698a725c11a26f321ca561fab774fcae08bdd9,596925206033207297,https://twitter.com/dtptraffic/status/596925206033207297,Traffic Alert चिराग दिल्ली फ्लाईओवर के नीचे रोड धँसने के कारण यहाँ पर यातायात ज्यादा रहेगा | असुविधा के लिए खेद है|
record:f81a698fb5a2ed59e08d77e299ddd936d2cb769f7d23f7cb271384050ab6f627,592875879644143619,https://twitter.com/dtptraffic/status/592875879644143619,"Traffic Alert मैक्समूलर मार्ग से खान मार्केट की तरफ जाने वाले मार्ग पर एक पेड़ गिर गया था, अब उसे वहां से हटा दिया गया है I"
record:f8a48c147c5171cc4bbd7991a9c21892ec0cc850246faf4c3bcab3074f13893a,1110555292146810880,https://twitter.com/dtptraffic/status/1110555292146810880,Traffic Alert मथुरा रोड से मीठापुर चौक जाने वाले मार्ग में फुटपाथ निर्माण का कार्य चल रहा है जिसकी वजह से यातायात बाधित रहेगा |
record:f903881a98dc1fc818e98ad0ae597a0d6275dc9cdd6c843c98b36f8ec9cae2fb,997118644034330624,https://twitter.com/dtptraffic/status/997118644034330624,Traffic Alert कालिंदी कुंज से नोएडा की तरफ जाने वाले मार्ग पर नोएडा में एक पेड़ गिरने से रोड बंद हो गया हैं| अतः वाहन चालकों को सूचित किया जाता हैं कि DND की तरफ से जाने वाले मार्ग का प्रयोग करें|
record:f97566f91fe5123e1a807558c113df7cd8edaae929df66b55538f09988afe975,565444907272527872,https://twitter.com/dtptraffic/status/565444907272527872,Traffic Alert नारायणा फ्लाईओवर से धौला कुआँ जाने वाले कैरिजवे में यातायात सामान्य हो गया है I
record:fa624e9969ff5e4a1590f3b3c92ae1176ee7ae8f3f7076e35b6c57d3d4df37b5,877731691984375808,https://twitter.com/dtptraffic/status/877731691984375808,Traffic Alert वायुसेनाबाद पर PWD का काम चल रहा है यातायात प्रभावित रहेगा| कृपया इस मार्ग के प्रयोग से बचें I
record:fa92276bc37b0513e90c78771fcd68230b829a2e17f3b980a530d6da17dc983e,632170530494390273,https://twitter.com/dtptraffic/status/632170530494390273,Traffic Alert आजाद मार्किट चौक पर पानी की पाइपलाईन फट गई है जिसके कारण यातायात ज्यादा है| असुविधा के लिए खेद है|
record:fb216498d32c4e8d6f53fe89c41fdb1b36a04d7e48b3b63a63a0e091d9908ff6,1114519762204102667,https://twitter.com/dtptraffic/status/1114519762204102667,Traffic Alert मूलचंद से लोधी होटल जाने वाले मार्ग में शमशान घाट गेट नंबर -1 (लोधी रोड ) के पास दिल्ली जल बोर्ड का काम चल रहा है| जिसके कारण यातायात बाधित है| INA और AIIMS जाने के लिए चिराग दिल्ली से रिंग रोड का प्रयोग करे |
record:fb3c98f4d0c057dab449212cbfbff16d55b1a147d8956ee6e27b4e84c09fa0a9,857992907869040642,https://twitter.com/dtptraffic/status/857992907869040642,Traffic Alert जखीरा से मोती नगर जाने वाले मार्ग में शादियों के कारण यातायात बाधित है I कृपया इस मार्ग के प्रयोग से बचें I
record:fb97a220679f245c7e450d9e5ffb38ba7d2368666454d2396170338f0a016586,781754870340595712,https://twitter.com/dtptraffic/status/781754870340595712,Traffic Alert महाराजा अग्रसेन जयन्ती के उपलक्ष्य में शोभा यात्रा निकल रही है जो मॉडल बस्ती (फिल्मिस्तान) से शुरू होकर पहाड़ी धीरज तक 1/2
record:fbab46cc08d36b7026b65e81e6dad10553c0c1c5b4ebfe57111d479e25e5cc1b,931397586958696449,https://twitter.com/dtptraffic/status/931397586958696449,"Traffic Alert नोएडा से दिल्लीआने वाले मार्ग में एक DTC बस ख़राब हो गई है जिसके कारण यातायात बाधित है,नोएडा से सेक्टर 15 व चिल्ला गाँव जाने वाले वाहन चालकों से अनुरोध है की DND से हो कर जायें!"
record:fc366d678bdc7e4cf0b99719cd63238fe363c787eabb6d878f3bfb7feb1cdc17,911128752607727618,https://twitter.com/dtptraffic/status/911128752607727618,Traffic Alert उत्तम नगर से नजफ़गढ़ जाने वाले मार्ग में द्वारका मोड़ मेट्रो स्टेशन पर प्रदर्शन चल रहा है| 2/1
record:fcc41039bc2005f552b4db4d3a134bbfc852a5a7ba1fb89465c9f1295635b6e2,848751538805899264,https://twitter.com/dtptraffic/status/848751538805899264,Part1/2...Traffic Alert कोंडली से दल्लूपुरा रोड पर रिपेयरिंग का काम चल रहा है जिस कारण यहाँ से निकलने वाले ट्रैफिक को धर्मशिला व वसुंधरा की
record:fcca0fe1c924bc0811d975db49c7031d270ae3bc393cd0fd2f8b9b40d9c9c532,919200127088132096,https://twitter.com/dtptraffic/status/919200127088132096,Traffic Alert नेताजी सुभाष प्लेस से जो रोड मौर्या एन्क्लेव की तरफ जाता है उस पर मेला लगा हुआ है जिस कारण ट्रैफिक ज्यादा है!
record:fdabe3b16786bdfcd7b47671bcd9402f0d8a6f9820b3971060380a7a7df4347e,594324269930258432,https://twitter.com/dtptraffic/status/594324269930258432,"Traffic Alert नारायणा से राजौरी गार्डन जाने वाले मार्ग में मायापुरी फ्लाईओवर पर एक कंटेनर ख़राब हो गया, असुविधा के लिए खेद है|"
record:fdd87fd80af76c72a4f11e51c38fae8b61da78d6e45d26d1fe6ee86c86cbfc43,1068387797826887680,https://twitter.com/dtptraffic/status/1068387797826887680,Traffic Alert अखिल भारतीय किसान संघर्ष समन्वय समिति मार्च संसद मार्ग पर है | यहाँ पर यातायात प्रभावित है |
record:fdf922907944db15a0570454a003ff495693879cecd5ff76939a57932869f877,1104930770865586176,https://twitter.com/dtptraffic/status/1104930770865586176,Traffic Alert शास्त्री पार्क रेड लाइट पर एक HTV पलट गया है जिसके कारण खजुरी से जीरो पुस्ता और ISBT से शाहदरा जाने वाले मार्ग पर यातायात बाधित रहेगा|
record:fe09a56f9d279d7c95235f0b2bf3f6f6c8741c640d8de65a45ccbff187c59db1,542007968389005312,https://twitter.com/dtptraffic/status/542007968389005312,"TRAFFIC ALERT दरीबा कलां चांदनी चौक, फतेहपुरी चौक , खारी बावली,सदर बाज़ार,क़ुतुब रोड, बारा टूटी चौक पर यातायात सामान्य है I"
record:fe1d64018f5e2fc4b507142435aada9946bf5ca77e5f464f7cd598ee39976a4e,1023817262648700930,https://twitter.com/dtptraffic/status/1023817262648700930,Traffic Alert IIT से AIIMS जाने वाले मार्ग में युसुफ सराय मार्किट के पास जलभराव के कारण यातायात प्रभावित है |
record:fe1dc614b8b4a7b8563347bf2d6e3f83bfff99495a7301570ef08811312d113c,957970873436200960,https://twitter.com/dtptraffic/status/957970873436200960,Traffic Alert लाल किले के सामने भारत पर्व कार्यक्रम चल रहा है जिस कारण पैदल यात्रियों की मूवमेंट ज्यादा है I दिल्ली गेट से सुभाष मार्ग जाने वाले वाहनों को राजघाट शांतिवन की तरफ डाइवर्ट किया गया है I
record:fe6895d2d21049d486cbb45ffdccb17366d0eb8753b8ea5ef5161d6221355ec8,1088305856683229184,https://twitter.com/dtptraffic/status/1088305856683229184,Traffic Alert तुर्कमान गेट दिल्ली स्टॉक एक्सचेंज के पास पानी की पाइप लाइन फट गयी है जिसके कारण यातायात बाधित रहेगा |
record:fe6abb0c93acb7285545c19e7460ef81937004f31cbb2a48f47769d97701f6e5,935907187896889344,https://twitter.com/dtptraffic/status/935907187896889344,Traffic Alert चिराग दिल्ली से शेख सराय जाने वाले मार्ग पर यातायात अब सामान्य है |
record:fe8c0396498acef964ab95384a22fa094668a635c5dd0aefc7f59f9e5d611924,776380645375303681,https://twitter.com/dtptraffic/status/776380645375303681,Traffic Alert विसर्जन की वजह से वजीराबाद पुल और वजीराबाद रोड पर यातायात बहुत धीमा है |श्याम घाट पर विसर्जन के लिए लोगो की भीड़ बहुत अधिक है|
record:fe96d84f89f5c02bb461c8a9fa74d74dd17482dd67c7686b6472c68c5c298e9e,1026764033427300352,https://twitter.com/dtptraffic/status/1026764033427300352,Traffic Alert लाल कुआँ से महरौली की तरफ जाने वाले मार्ग पर एक ट्रक पलट जाने के कारण यातायात बाधित था जिसे हटा दिया गया है I यातयात अब सामान्य है I
record:ffe519519f45512fcf863c02f9bef16392c11a0732f607bab4f46e8bc1d16e20,632874120347275264,https://twitter.com/dtptraffic/status/632874120347275264,Traffic Alert AIIMS से IIT जाने वाले मार्ग पर पानी भरा होने के कारण यातायात को कटवारिया सराय की तरफ मोड़ दिया है| असुविधा के लिए खेद है |
