field_name,nonempty_records,likely_source,provenance_class,current_notebook_use
Unnamed: 0,5144,Likely retained index from a larger source table,legacy_row_identifier,Carried through; notebook uses DataFrame position/index instead
username,5144,Likely tweet collection; exact collector/version unknown,collection_metadata_or_contaminated_field,Carried through CSV only; not read for routing
date,5144,Likely tweet collection; exact collector/version unknown,collection_metadata_or_contaminated_field,Carried through CSV only; not read for routing
retweets,5144,Likely tweet collection; exact collector/version unknown,collection_metadata_or_contaminated_field,Carried through CSV only; not read for routing
favorites,5144,Likely tweet collection; exact collector/version unknown,collection_metadata_or_contaminated_field,Carried through CSV only; not read for routing
text,5144,Likely tweet collection; verified against official oEmbed,dataset_original_text,Not consumed by current classifier/route handlers
geo,1,Likely tweet collection; exact collector/version unknown,collection_metadata_or_contaminated_field,Carried through CSV only; not read for routing
mentions,2,Likely tweet collection; exact collector/version unknown,collection_metadata_or_contaminated_field,Carried through CSV only; not read for routing
hashtags,0,Likely tweet collection; exact collector/version unknown,collection_metadata_or_contaminated_field,Carried through CSV only; not read for routing
id,5143,Likely tweet collection; exact collector/version unknown,collection_metadata_or_contaminated_field,Carried through CSV only; not read for routing
permalink,5143,Likely tweet collection; exact collector/version unknown,collection_metadata_or_contaminated_field,Carried through CSV only; not read for routing
detected_lang,5144,Undocumented upstream process,derived_language_label,Not used to select parser text or pipeline
translated_text,5144,Undocumented translation plus English normalization/editing,translated_or_edited_parser_text,Direct classifier and process_tweet input for all 5144 records
osm_id,5144,Pre-existing lookup/scoring; provider and version not established,legacy_geocoding_metadata,Carried through CSV only; not read for routing
address,5144,Pre-existing lookup/scoring; provider and version not established,legacy_geocoding_metadata,Carried through CSV only; not read for routing
lat,5144,Pre-existing lookup/scoring; provider and version not established,legacy_geocoding_metadata,Carried through CSV only; not read for routing
lon,5144,Pre-existing lookup/scoring; provider and version not established,legacy_geocoding_metadata,Carried through CSV only; not read for routing
bbox_ne_lat,5144,Pre-existing lookup/scoring; provider and version not established,legacy_geocoding_metadata,Read as input to process_tweet; supplies final corner-to-corner fallback
bbox_ne_lon,5144,Pre-existing lookup/scoring; provider and version not established,legacy_geocoding_metadata,Read as input to process_tweet; supplies final corner-to-corner fallback
bbox_sw_lat,5144,Pre-existing lookup/scoring; provider and version not established,legacy_geocoding_metadata,Read as input to process_tweet; supplies final corner-to-corner fallback
bbox_sw_lon,5144,Pre-existing lookup/scoring; provider and version not established,legacy_geocoding_metadata,Read as input to process_tweet; supplies final corner-to-corner fallback
confidence,5144,Pre-existing lookup/scoring; provider and version not established,legacy_geocoding_metadata,Carried through CSV only; not read for routing
accuracy,5144,Pre-existing lookup/scoring; provider and version not established,legacy_geocoding_metadata,Carried through CSV only; not read for routing
locations,5144,Undocumented earlier location extraction; not current nlp_tweet output,legacy_extracted_location_strings,Carried through CSV only; not read for routing
classification_dummies,5143,Appears to be a token-list export spread across columns; construction unknown,derived_token_column,Carried through CSV only; not read for routing
Unnamed: 25,5115,Appears to be a token-list export spread across columns; construction unknown,derived_token_column,Carried through CSV only; not read for routing
Unnamed: 26,5022,Appears to be a token-list export spread across columns; construction unknown,derived_token_column,Carried through CSV only; not read for routing
Unnamed: 27,4784,Appears to be a token-list export spread across columns; construction unknown,derived_token_column,Carried through CSV only; not read for routing
Unnamed: 28,4503,Appears to be a token-list export spread across columns; construction unknown,derived_token_column,Carried through CSV only; not read for routing
Unnamed: 29,4159,Appears to be a token-list export spread across columns; construction unknown,derived_token_column,Carried through CSV only; not read for routing
Unnamed: 30,3618,Appears to be a token-list export spread across columns; construction unknown,derived_token_column,Carried through CSV only; not read for routing
Unnamed: 31,2966,Appears to be a token-list export spread across columns; construction unknown,derived_token_column,Carried through CSV only; not read for routing
Unnamed: 32,2257,Appears to be a token-list export spread across columns; construction unknown,derived_token_column,Carried through CSV only; not read for routing
Unnamed: 33,1611,Appears to be a token-list export spread across columns; construction unknown,derived_token_column,Carried through CSV only; not read for routing
Unnamed: 34,1084,Appears to be a token-list export spread across columns; construction unknown,derived_token_column,Carried through CSV only; not read for routing
Unnamed: 35,688,Appears to be a token-list export spread across columns; construction unknown,derived_token_column,Carried through CSV only; not read for routing
Unnamed: 36,440,Appears to be a token-list export spread across columns; construction unknown,derived_token_column,Carried through CSV only; not read for routing
Unnamed: 37,267,Appears to be a token-list export spread across columns; construction unknown,derived_token_column,Carried through CSV only; not read for routing
Unnamed: 38,177,Appears to be a token-list export spread across columns; construction unknown,derived_token_column,Carried through CSV only; not read for routing
Unnamed: 39,127,Appears to be a token-list export spread across columns; construction unknown,derived_token_column,Carried through CSV only; not read for routing
Unnamed: 40,90,Appears to be a token-list export spread across columns; construction unknown,derived_token_column,Carried through CSV only; not read for routing
Unnamed: 41,48,Appears to be a token-list export spread across columns; construction unknown,derived_token_column,Carried through CSV only; not read for routing
Unnamed: 42,34,Appears to be a token-list export spread across columns; construction unknown,derived_token_column,Carried through CSV only; not read for routing
Unnamed: 43,24,Appears to be a token-list export spread across columns; construction unknown,derived_token_column,Carried through CSV only; not read for routing
Unnamed: 44,13,Appears to be a token-list export spread across columns; construction unknown,derived_token_column,Carried through CSV only; not read for routing
Unnamed: 45,4,Appears to be a token-list export spread across columns; construction unknown,derived_token_column,Carried through CSV only; not read for routing
Unnamed: 46,3,Appears to be a token-list export spread across columns; construction unknown,derived_token_column,Carried through CSV only; not read for routing
Unnamed: 47,3,Appears to be a token-list export spread across columns; construction unknown,derived_token_column,Carried through CSV only; not read for routing
Unnamed: 48,2,Appears to be a token-list export spread across columns; construction unknown,derived_token_column,Carried through CSV only; not read for routing
Unnamed: 49,2,Appears to be a token-list export spread across columns; construction unknown,derived_token_column,Carried through CSV only; not read for routing
route_coordinates,0,Entirely empty in tweets_data; populated by geocoder in routes_data,existing_route_output_slot,"Written, not used as a route input"
Unnamed: 51,0,Export residue; no content in input,empty_export_padding,Carried through CSV only; not read for routing
Unnamed: 52,0,Export residue; no content in input,empty_export_padding,Carried through CSV only; not read for routing
Unnamed: 53,0,Export residue; no content in input,empty_export_padding,Carried through CSV only; not read for routing
Unnamed: 54,0,Export residue; no content in input,empty_export_padding,Carried through CSV only; not read for routing
Unnamed: 55,0,Export residue; no content in input,empty_export_padding,Carried through CSV only; not read for routing
Unnamed: 56,0,Export residue; no content in input,empty_export_padding,Carried through CSV only; not read for routing
Unnamed: 57,0,Export residue; no content in input,empty_export_padding,Carried through CSV only; not read for routing
Unnamed: 58,0,Export residue; no content in input,empty_export_padding,Carried through CSV only; not read for routing
Unnamed: 59,0,Export residue; no content in input,empty_export_padding,Carried through CSV only; not read for routing
Unnamed: 60,0,Export residue; no content in input,empty_export_padding,Carried through CSV only; not read for routing
Unnamed: 61,0,Export residue; no content in input,empty_export_padding,Carried through CSV only; not read for routing
Unnamed: 62,0,Export residue; no content in input,empty_export_padding,Carried through CSV only; not read for routing
Unnamed: 63,0,Export residue; no content in input,empty_export_padding,Carried through CSV only; not read for routing
Unnamed: 64,0,Export residue; no content in input,empty_export_padding,Carried through CSV only; not read for routing
Unnamed: 65,0,Export residue; no content in input,empty_export_padding,Carried through CSV only; not read for routing
Unnamed: 66,0,Export residue; no content in input,empty_export_padding,Carried through CSV only; not read for routing
Unnamed: 67,0,Export residue; no content in input,empty_export_padding,Carried through CSV only; not read for routing
Unnamed: 68,0,Export residue; no content in input,empty_export_padding,Carried through CSV only; not read for routing
Unnamed: 69,0,Export residue; no content in input,empty_export_padding,Carried through CSV only; not read for routing
Unnamed: 70,0,Export residue; no content in input,empty_export_padding,Carried through CSV only; not read for routing
Unnamed: 71,0,Export residue; no content in input,empty_export_padding,Carried through CSV only; not read for routing
Unnamed: 72,0,Export residue; no content in input,empty_export_padding,Carried through CSV only; not read for routing
Unnamed: 73,0,Export residue; no content in input,empty_export_padding,Carried through CSV only; not read for routing
Unnamed: 74,0,Export residue; no content in input,empty_export_padding,Carried through CSV only; not read for routing
Unnamed: 75,0,Export residue; no content in input,empty_export_padding,Carried through CSV only; not read for routing
Unnamed: 76,0,Export residue; no content in input,empty_export_padding,Carried through CSV only; not read for routing
Unnamed: 77,0,Export residue; no content in input,empty_export_padding,Carried through CSV only; not read for routing
Unnamed: 78,0,Export residue; no content in input,empty_export_padding,Carried through CSV only; not read for routing
Unnamed: 79,0,Export residue; no content in input,empty_export_padding,Carried through CSV only; not read for routing
Unnamed: 80,0,Export residue; no content in input,empty_export_padding,Carried through CSV only; not read for routing
Unnamed: 81,0,Export residue; no content in input,empty_export_padding,Carried through CSV only; not read for routing
Unnamed: 82,0,Export residue; no content in input,empty_export_padding,Carried through CSV only; not read for routing
Unnamed: 83,0,Export residue; no content in input,empty_export_padding,Carried through CSV only; not read for routing
Unnamed: 84,0,Export residue; no content in input,empty_export_padding,Carried through CSV only; not read for routing
Unnamed: 85,0,Export residue; no content in input,empty_export_padding,Carried through CSV only; not read for routing
Unnamed: 86,0,Export residue; no content in input,empty_export_padding,Carried through CSV only; not read for routing
Unnamed: 87,0,Export residue; no content in input,empty_export_padding,Carried through CSV only; not read for routing
Unnamed: 88,0,Export residue; no content in input,empty_export_padding,Carried through CSV only; not read for routing
Unnamed: 89,0,Export residue; no content in input,empty_export_padding,Carried through CSV only; not read for routing
Unnamed: 90,0,Export residue; no content in input,empty_export_padding,Carried through CSV only; not read for routing
Unnamed: 91,0,Export residue; no content in input,empty_export_padding,Carried through CSV only; not read for routing
Unnamed: 92,0,Export residue; no content in input,empty_export_padding,Carried through CSV only; not read for routing
Unnamed: 93,0,Export residue; no content in input,empty_export_padding,Carried through CSV only; not read for routing
Unnamed: 94,0,Export residue; no content in input,empty_export_padding,Carried through CSV only; not read for routing
Unnamed: 95,0,Export residue; no content in input,empty_export_padding,Carried through CSV only; not read for routing
Unnamed: 96,0,Export residue; no content in input,empty_export_padding,Carried through CSV only; not read for routing
Unnamed: 97,0,Export residue; no content in input,empty_export_padding,Carried through CSV only; not read for routing
Unnamed: 98,0,Export residue; no content in input,empty_export_padding,Carried through CSV only; not read for routing
Unnamed: 99,0,Export residue; no content in input,empty_export_padding,Carried through CSV only; not read for routing
Unnamed: 100,0,Export residue; no content in input,empty_export_padding,Carried through CSV only; not read for routing
Unnamed: 101,0,Export residue; no content in input,empty_export_padding,Carried through CSV only; not read for routing
Unnamed: 102,0,Export residue; no content in input,empty_export_padding,Carried through CSV only; not read for routing
Unnamed: 103,0,Export residue; no content in input,empty_export_padding,Carried through CSV only; not read for routing
Unnamed: 104,0,Export residue; no content in input,empty_export_padding,Carried through CSV only; not read for routing
Unnamed: 105,0,Export residue; no content in input,empty_export_padding,Carried through CSV only; not read for routing
Unnamed: 106,0,Export residue; no content in input,empty_export_padding,Carried through CSV only; not read for routing
Unnamed: 107,0,Export residue; no content in input,empty_export_padding,Carried through CSV only; not read for routing
Unnamed: 108,0,Export residue; no content in input,empty_export_padding,Carried through CSV only; not read for routing
Unnamed: 109,0,Export residue; no content in input,empty_export_padding,Carried through CSV only; not read for routing
Unnamed: 110,0,Export residue; no content in input,empty_export_padding,Carried through CSV only; not read for routing
Unnamed: 111,0,Export residue; no content in input,empty_export_padding,Carried through CSV only; not read for routing
Unnamed: 112,0,Export residue; no content in input,empty_export_padding,Carried through CSV only; not read for routing
Unnamed: 113,0,Export residue; no content in input,empty_export_padding,Carried through CSV only; not read for routing
Unnamed: 114,0,Export residue; no content in input,empty_export_padding,Carried through CSV only; not read for routing
Unnamed: 115,0,Export residue; no content in input,empty_export_padding,Carried through CSV only; not read for routing
Unnamed: 116,0,Export residue; no content in input,empty_export_padding,Carried through CSV only; not read for routing
Unnamed: 117,0,Export residue; no content in input,empty_export_padding,Carried through CSV only; not read for routing
Unnamed: 118,0,Export residue; no content in input,empty_export_padding,Carried through CSV only; not read for routing
Unnamed: 119,0,Export residue; no content in input,empty_export_padding,Carried through CSV only; not read for routing
Unnamed: 120,0,Export residue; no content in input,empty_export_padding,Carried through CSV only; not read for routing
Unnamed: 121,0,Export residue; no content in input,empty_export_padding,Carried through CSV only; not read for routing
Unnamed: 122,0,Export residue; no content in input,empty_export_padding,Carried through CSV only; not read for routing
Unnamed: 123,0,Export residue; no content in input,empty_export_padding,Carried through CSV only; not read for routing
Unnamed: 124,0,Export residue; no content in input,empty_export_padding,Carried through CSV only; not read for routing
Unnamed: 125,0,Export residue; no content in input,empty_export_padding,Carried through CSV only; not read for routing
Unnamed: 126,0,Export residue; no content in input,empty_export_padding,Carried through CSV only; not read for routing
Unnamed: 127,0,Export residue; no content in input,empty_export_padding,Carried through CSV only; not read for routing
Unnamed: 128,0,Export residue; no content in input,empty_export_padding,Carried through CSV only; not read for routing
Unnamed: 129,0,Export residue; no content in input,empty_export_padding,Carried through CSV only; not read for routing
Unnamed: 130,0,Export residue; no content in input,empty_export_padding,Carried through CSV only; not read for routing
Unnamed: 131,0,Export residue; no content in input,empty_export_padding,Carried through CSV only; not read for routing
Unnamed: 132,0,Export residue; no content in input,empty_export_padding,Carried through CSV only; not read for routing
Unnamed: 133,0,Export residue; no content in input,empty_export_padding,Carried through CSV only; not read for routing
Unnamed: 134,0,Export residue; no content in input,empty_export_padding,Carried through CSV only; not read for routing
Unnamed: 135,0,Export residue; no content in input,empty_export_padding,Carried through CSV only; not read for routing
Unnamed: 136,0,Export residue; no content in input,empty_export_padding,Carried through CSV only; not read for routing
Unnamed: 137,0,Export residue; no content in input,empty_export_padding,Carried through CSV only; not read for routing
Unnamed: 138,0,Export residue; no content in input,empty_export_padding,Carried through CSV only; not read for routing
Unnamed: 139,0,Export residue; no content in input,empty_export_padding,Carried through CSV only; not read for routing
Unnamed: 140,0,Export residue; no content in input,empty_export_padding,Carried through CSV only; not read for routing
Unnamed: 141,0,Export residue; no content in input,empty_export_padding,Carried through CSV only; not read for routing
Unnamed: 142,0,Export residue; no content in input,empty_export_padding,Carried through CSV only; not read for routing
Unnamed: 143,0,Export residue; no content in input,empty_export_padding,Carried through CSV only; not read for routing
Unnamed: 144,0,Export residue; no content in input,empty_export_padding,Carried through CSV only; not read for routing
Unnamed: 145,0,Export residue; no content in input,empty_export_padding,Carried through CSV only; not read for routing
Unnamed: 146,0,Export residue; no content in input,empty_export_padding,Carried through CSV only; not read for routing
Unnamed: 147,0,Export residue; no content in input,empty_export_padding,Carried through CSV only; not read for routing
Unnamed: 148,0,Export residue; no content in input,empty_export_padding,Carried through CSV only; not read for routing
Unnamed: 149,0,Export residue; no content in input,empty_export_padding,Carried through CSV only; not read for routing
Unnamed: 150,0,Export residue; no content in input,empty_export_padding,Carried through CSV only; not read for routing
Unnamed: 151,0,Export residue; no content in input,empty_export_padding,Carried through CSV only; not read for routing
Unnamed: 152,0,Export residue; no content in input,empty_export_padding,Carried through CSV only; not read for routing
Unnamed: 153,0,Export residue; no content in input,empty_export_padding,Carried through CSV only; not read for routing
Unnamed: 154,0,Export residue; no content in input,empty_export_padding,Carried through CSV only; not read for routing
Unnamed: 155,0,Export residue; no content in input,empty_export_padding,Carried through CSV only; not read for routing
Unnamed: 156,0,Export residue; no content in input,empty_export_padding,Carried through CSV only; not read for routing
Unnamed: 157,0,Export residue; no content in input,empty_export_padding,Carried through CSV only; not read for routing
Unnamed: 158,0,Export residue; no content in input,empty_export_padding,Carried through CSV only; not read for routing
Unnamed: 159,0,Export residue; no content in input,empty_export_padding,Carried through CSV only; not read for routing
Unnamed: 160,0,Export residue; no content in input,empty_export_padding,Carried through CSV only; not read for routing
Unnamed: 161,0,Export residue; no content in input,empty_export_padding,Carried through CSV only; not read for routing
Unnamed: 162,0,Export residue; no content in input,empty_export_padding,Carried through CSV only; not read for routing
Unnamed: 163,0,Export residue; no content in input,empty_export_padding,Carried through CSV only; not read for routing
Unnamed: 164,0,Export residue; no content in input,empty_export_padding,Carried through CSV only; not read for routing
Unnamed: 165,0,Export residue; no content in input,empty_export_padding,Carried through CSV only; not read for routing
Unnamed: 166,0,Export residue; no content in input,empty_export_padding,Carried through CSV only; not read for routing
Unnamed: 167,0,Export residue; no content in input,empty_export_padding,Carried through CSV only; not read for routing
Unnamed: 168,0,Export residue; no content in input,empty_export_padding,Carried through CSV only; not read for routing
Unnamed: 169,0,Export residue; no content in input,empty_export_padding,Carried through CSV only; not read for routing
Unnamed: 170,0,Export residue; no content in input,empty_export_padding,Carried through CSV only; not read for routing
Unnamed: 171,0,Export residue; no content in input,empty_export_padding,Carried through CSV only; not read for routing
Unnamed: 172,0,Export residue; no content in input,empty_export_padding,Carried through CSV only; not read for routing
Unnamed: 173,0,Export residue; no content in input,empty_export_padding,Carried through CSV only; not read for routing
Unnamed: 174,0,Export residue; no content in input,empty_export_padding,Carried through CSV only; not read for routing
Unnamed: 175,0,Export residue; no content in input,empty_export_padding,Carried through CSV only; not read for routing
Unnamed: 176,0,Export residue; no content in input,empty_export_padding,Carried through CSV only; not read for routing
Unnamed: 177,0,Export residue; no content in input,empty_export_padding,Carried through CSV only; not read for routing
Unnamed: 178,0,Export residue; no content in input,empty_export_padding,Carried through CSV only; not read for routing
Unnamed: 179,0,Export residue; no content in input,empty_export_padding,Carried through CSV only; not read for routing
Unnamed: 180,0,Export residue; no content in input,empty_export_padding,Carried through CSV only; not read for routing
Unnamed: 181,0,Export residue; no content in input,empty_export_padding,Carried through CSV only; not read for routing
Unnamed: 182,0,Export residue; no content in input,empty_export_padding,Carried through CSV only; not read for routing
Unnamed: 183,0,Export residue; no content in input,empty_export_padding,Carried through CSV only; not read for routing
Unnamed: 184,0,Export residue; no content in input,empty_export_padding,Carried through CSV only; not read for routing
Unnamed: 185,0,Export residue; no content in input,empty_export_padding,Carried through CSV only; not read for routing
Unnamed: 186,0,Export residue; no content in input,empty_export_padding,Carried through CSV only; not read for routing
Unnamed: 187,0,Export residue; no content in input,empty_export_padding,Carried through CSV only; not read for routing
Unnamed: 188,0,Export residue; no content in input,empty_export_padding,Carried through CSV only; not read for routing
Unnamed: 189,0,Export residue; no content in input,empty_export_padding,Carried through CSV only; not read for routing
Unnamed: 190,0,Export residue; no content in input,empty_export_padding,Carried through CSV only; not read for routing
Unnamed: 191,0,Export residue; no content in input,empty_export_padding,Carried through CSV only; not read for routing
Unnamed: 192,0,Export residue; no content in input,empty_export_padding,Carried through CSV only; not read for routing
Unnamed: 193,0,Export residue; no content in input,empty_export_padding,Carried through CSV only; not read for routing
Unnamed: 194,0,Export residue; no content in input,empty_export_padding,Carried through CSV only; not read for routing
Unnamed: 195,0,Export residue; no content in input,empty_export_padding,Carried through CSV only; not read for routing
Unnamed: 196,0,Export residue; no content in input,empty_export_padding,Carried through CSV only; not read for routing
Unnamed: 197,0,Export residue; no content in input,empty_export_padding,Carried through CSV only; not read for routing
Unnamed: 198,0,Export residue; no content in input,empty_export_padding,Carried through CSV only; not read for routing
Unnamed: 199,0,Export residue; no content in input,empty_export_padding,Carried through CSV only; not read for routing
Unnamed: 200,0,Export residue; no content in input,empty_export_padding,Carried through CSV only; not read for routing
Unnamed: 201,0,Export residue; no content in input,empty_export_padding,Carried through CSV only; not read for routing
Unnamed: 202,0,Export residue; no content in input,empty_export_padding,Carried through CSV only; not read for routing
Unnamed: 203,0,Export residue; no content in input,empty_export_padding,Carried through CSV only; not read for routing
Unnamed: 204,0,Export residue; no content in input,empty_export_padding,Carried through CSV only; not read for routing
Unnamed: 205,0,Export residue; no content in input,empty_export_padding,Carried through CSV only; not read for routing
Unnamed: 206,0,Export residue; no content in input,empty_export_padding,Carried through CSV only; not read for routing
Unnamed: 207,0,Export residue; no content in input,empty_export_padding,Carried through CSV only; not read for routing
Unnamed: 208,0,Export residue; no content in input,empty_export_padding,Carried through CSV only; not read for routing
Unnamed: 209,0,Export residue; no content in input,empty_export_padding,Carried through CSV only; not read for routing
Unnamed: 210,0,Export residue; no content in input,empty_export_padding,Carried through CSV only; not read for routing
Unnamed: 211,0,Export residue; no content in input,empty_export_padding,Carried through CSV only; not read for routing
Unnamed: 212,0,Export residue; no content in input,empty_export_padding,Carried through CSV only; not read for routing
Unnamed: 213,0,Export residue; no content in input,empty_export_padding,Carried through CSV only; not read for routing
Unnamed: 214,0,Export residue; no content in input,empty_export_padding,Carried through CSV only; not read for routing
Unnamed: 215,0,Export residue; no content in input,empty_export_padding,Carried through CSV only; not read for routing
Unnamed: 216,0,Export residue; no content in input,empty_export_padding,Carried through CSV only; not read for routing
Unnamed: 217,0,Export residue; no content in input,empty_export_padding,Carried through CSV only; not read for routing
Unnamed: 218,0,Export residue; no content in input,empty_export_padding,Carried through CSV only; not read for routing
Unnamed: 219,0,Export residue; no content in input,empty_export_padding,Carried through CSV only; not read for routing
Unnamed: 220,0,Export residue; no content in input,empty_export_padding,Carried through CSV only; not read for routing
Unnamed: 221,0,Export residue; no content in input,empty_export_padding,Carried through CSV only; not read for routing
Unnamed: 222,0,Export residue; no content in input,empty_export_padding,Carried through CSV only; not read for routing
Unnamed: 223,0,Export residue; no content in input,empty_export_padding,Carried through CSV only; not read for routing
Unnamed: 224,0,Export residue; no content in input,empty_export_padding,Carried through CSV only; not read for routing
Unnamed: 225,0,Export residue; no content in input,empty_export_padding,Carried through CSV only; not read for routing
Unnamed: 226,0,Export residue; no content in input,empty_export_padding,Carried through CSV only; not read for routing
Unnamed: 227,0,Export residue; no content in input,empty_export_padding,Carried through CSV only; not read for routing
Unnamed: 228,0,Export residue; no content in input,empty_export_padding,Carried through CSV only; not read for routing
Unnamed: 229,0,Export residue; no content in input,empty_export_padding,Carried through CSV only; not read for routing
Unnamed: 230,0,Export residue; no content in input,empty_export_padding,Carried through CSV only; not read for routing
Unnamed: 231,0,Export residue; no content in input,empty_export_padding,Carried through CSV only; not read for routing
Unnamed: 232,0,Export residue; no content in input,empty_export_padding,Carried through CSV only; not read for routing
Unnamed: 233,0,Export residue; no content in input,empty_export_padding,Carried through CSV only; not read for routing
Unnamed: 234,0,Export residue; no content in input,empty_export_padding,Carried through CSV only; not read for routing
Unnamed: 235,0,Export residue; no content in input,empty_export_padding,Carried through CSV only; not read for routing
Unnamed: 236,0,Export residue; no content in input,empty_export_padding,Carried through CSV only; not read for routing
Unnamed: 237,0,Export residue; no content in input,empty_export_padding,Carried through CSV only; not read for routing
Unnamed: 238,0,Export residue; no content in input,empty_export_padding,Carried through CSV only; not read for routing
Unnamed: 239,0,Export residue; no content in input,empty_export_padding,Carried through CSV only; not read for routing
Unnamed: 240,0,Export residue; no content in input,empty_export_padding,Carried through CSV only; not read for routing
Unnamed: 241,0,Export residue; no content in input,empty_export_padding,Carried through CSV only; not read for routing
Unnamed: 242,0,Export residue; no content in input,empty_export_padding,Carried through CSV only; not read for routing
Unnamed: 243,0,Export residue; no content in input,empty_export_padding,Carried through CSV only; not read for routing
Unnamed: 244,0,Export residue; no content in input,empty_export_padding,Carried through CSV only; not read for routing
Unnamed: 245,0,Export residue; no content in input,empty_export_padding,Carried through CSV only; not read for routing
Unnamed: 246,0,Export residue; no content in input,empty_export_padding,Carried through CSV only; not read for routing
Unnamed: 247,0,Export residue; no content in input,empty_export_padding,Carried through CSV only; not read for routing
Unnamed: 248,0,Export residue; no content in input,empty_export_padding,Carried through CSV only; not read for routing
Unnamed: 249,0,Export residue; no content in input,empty_export_padding,Carried through CSV only; not read for routing
Unnamed: 250,0,Export residue; no content in input,empty_export_padding,Carried through CSV only; not read for routing
Unnamed: 251,0,Export residue; no content in input,empty_export_padding,Carried through CSV only; not read for routing
Unnamed: 252,0,Export residue; no content in input,empty_export_padding,Carried through CSV only; not read for routing
Unnamed: 253,0,Export residue; no content in input,empty_export_padding,Carried through CSV only; not read for routing
Unnamed: 254,0,Export residue; no content in input,empty_export_padding,Carried through CSV only; not read for routing
Unnamed: 255,0,Export residue; no content in input,empty_export_padding,Carried through CSV only; not read for routing
Unnamed: 256,0,Export residue; no content in input,empty_export_padding,Carried through CSV only; not read for routing
Unnamed: 257,0,Export residue; no content in input,empty_export_padding,Carried through CSV only; not read for routing
Unnamed: 258,0,Export residue; no content in input,empty_export_padding,Carried through CSV only; not read for routing
Unnamed: 259,0,Export residue; no content in input,empty_export_padding,Carried through CSV only; not read for routing
Unnamed: 260,0,Export residue; no content in input,empty_export_padding,Carried through CSV only; not read for routing
Unnamed: 261,0,Export residue; no content in input,empty_export_padding,Carried through CSV only; not read for routing
Unnamed: 262,0,Export residue; no content in input,empty_export_padding,Carried through CSV only; not read for routing
Unnamed: 263,0,Export residue; no content in input,empty_export_padding,Carried through CSV only; not read for routing
Unnamed: 264,0,Export residue; no content in input,empty_export_padding,Carried through CSV only; not read for routing
Unnamed: 265,0,Export residue; no content in input,empty_export_padding,Carried through CSV only; not read for routing
Unnamed: 266,0,Export residue; no content in input,empty_export_padding,Carried through CSV only; not read for routing
Unnamed: 267,0,Export residue; no content in input,empty_export_padding,Carried through CSV only; not read for routing
Unnamed: 268,0,Export residue; no content in input,empty_export_padding,Carried through CSV only; not read for routing
Unnamed: 269,0,Export residue; no content in input,empty_export_padding,Carried through CSV only; not read for routing
Unnamed: 270,0,Export residue; no content in input,empty_export_padding,Carried through CSV only; not read for routing
Unnamed: 271,0,Export residue; no content in input,empty_export_padding,Carried through CSV only; not read for routing
Unnamed: 272,0,Export residue; no content in input,empty_export_padding,Carried through CSV only; not read for routing
Unnamed: 273,0,Export residue; no content in input,empty_export_padding,Carried through CSV only; not read for routing
Unnamed: 274,0,Export residue; no content in input,empty_export_padding,Carried through CSV only; not read for routing
Unnamed: 275,0,Export residue; no content in input,empty_export_padding,Carried through CSV only; not read for routing
Unnamed: 276,0,Export residue; no content in input,empty_export_padding,Carried through CSV only; not read for routing
Unnamed: 277,0,Export residue; no content in input,empty_export_padding,Carried through CSV only; not read for routing
Unnamed: 278,0,Export residue; no content in input,empty_export_padding,Carried through CSV only; not read for routing
Unnamed: 279,0,Export residue; no content in input,empty_export_padding,Carried through CSV only; not read for routing
Unnamed: 280,0,Export residue; no content in input,empty_export_padding,Carried through CSV only; not read for routing
Unnamed: 281,0,Export residue; no content in input,empty_export_padding,Carried through CSV only; not read for routing
Unnamed: 282,0,Export residue; no content in input,empty_export_padding,Carried through CSV only; not read for routing
Unnamed: 283,0,Export residue; no content in input,empty_export_padding,Carried through CSV only; not read for routing
Unnamed: 284,0,Export residue; no content in input,empty_export_padding,Carried through CSV only; not read for routing
Unnamed: 285,0,Export residue; no content in input,empty_export_padding,Carried through CSV only; not read for routing
Unnamed: 286,0,Export residue; no content in input,empty_export_padding,Carried through CSV only; not read for routing
Unnamed: 287,0,Export residue; no content in input,empty_export_padding,Carried through CSV only; not read for routing
Unnamed: 288,0,Export residue; no content in input,empty_export_padding,Carried through CSV only; not read for routing
Unnamed: 289,0,Export residue; no content in input,empty_export_padding,Carried through CSV only; not read for routing
Unnamed: 290,0,Export residue; no content in input,empty_export_padding,Carried through CSV only; not read for routing
Unnamed: 291,0,Export residue; no content in input,empty_export_padding,Carried through CSV only; not read for routing
Unnamed: 292,0,Export residue; no content in input,empty_export_padding,Carried through CSV only; not read for routing
Unnamed: 293,0,Export residue; no content in input,empty_export_padding,Carried through CSV only; not read for routing
Unnamed: 294,0,Export residue; no content in input,empty_export_padding,Carried through CSV only; not read for routing
Unnamed: 295,0,Export residue; no content in input,empty_export_padding,Carried through CSV only; not read for routing
Unnamed: 296,0,Export residue; no content in input,empty_export_padding,Carried through CSV only; not read for routing
Unnamed: 297,0,Export residue; no content in input,empty_export_padding,Carried through CSV only; not read for routing
Unnamed: 298,0,Export residue; no content in input,empty_export_padding,Carried through CSV only; not read for routing
Unnamed: 299,0,Export residue; no content in input,empty_export_padding,Carried through CSV only; not read for routing
Unnamed: 300,0,Export residue; no content in input,empty_export_padding,Carried through CSV only; not read for routing
Unnamed: 301,0,Export residue; no content in input,empty_export_padding,Carried through CSV only; not read for routing
Unnamed: 302,0,Export residue; no content in input,empty_export_padding,Carried through CSV only; not read for routing
Unnamed: 303,0,Export residue; no content in input,empty_export_padding,Carried through CSV only; not read for routing
Unnamed: 304,0,Export residue; no content in input,empty_export_padding,Carried through CSV only; not read for routing
Unnamed: 305,0,Export residue; no content in input,empty_export_padding,Carried through CSV only; not read for routing
Unnamed: 306,0,Export residue; no content in input,empty_export_padding,Carried through CSV only; not read for routing
Unnamed: 307,0,Export residue; no content in input,empty_export_padding,Carried through CSV only; not read for routing
Unnamed: 308,0,Export residue; no content in input,empty_export_padding,Carried through CSV only; not read for routing
Unnamed: 309,0,Export residue; no content in input,empty_export_padding,Carried through CSV only; not read for routing
Unnamed: 310,0,Export residue; no content in input,empty_export_padding,Carried through CSV only; not read for routing
Unnamed: 311,0,Export residue; no content in input,empty_export_padding,Carried through CSV only; not read for routing
Unnamed: 312,0,Export residue; no content in input,empty_export_padding,Carried through CSV only; not read for routing
Unnamed: 313,0,Export residue; no content in input,empty_export_padding,Carried through CSV only; not read for routing
Unnamed: 314,0,Export residue; no content in input,empty_export_padding,Carried through CSV only; not read for routing
Unnamed: 315,0,Export residue; no content in input,empty_export_padding,Carried through CSV only; not read for routing
Unnamed: 316,0,Export residue; no content in input,empty_export_padding,Carried through CSV only; not read for routing
Unnamed: 317,0,Export residue; no content in input,empty_export_padding,Carried through CSV only; not read for routing
Unnamed: 318,0,Export residue; no content in input,empty_export_padding,Carried through CSV only; not read for routing
Unnamed: 319,0,Export residue; no content in input,empty_export_padding,Carried through CSV only; not read for routing
Unnamed: 320,0,Export residue; no content in input,empty_export_padding,Carried through CSV only; not read for routing
Unnamed: 321,0,Export residue; no content in input,empty_export_padding,Carried through CSV only; not read for routing
Unnamed: 322,0,Export residue; no content in input,empty_export_padding,Carried through CSV only; not read for routing
Unnamed: 323,0,Export residue; no content in input,empty_export_padding,Carried through CSV only; not read for routing
Unnamed: 324,0,Export residue; no content in input,empty_export_padding,Carried through CSV only; not read for routing
Unnamed: 325,0,Export residue; no content in input,empty_export_padding,Carried through CSV only; not read for routing
Unnamed: 326,0,Export residue; no content in input,empty_export_padding,Carried through CSV only; not read for routing
Unnamed: 327,0,Export residue; no content in input,empty_export_padding,Carried through CSV only; not read for routing
Unnamed: 328,0,Export residue; no content in input,empty_export_padding,Carried through CSV only; not read for routing
Unnamed: 329,0,Export residue; no content in input,empty_export_padding,Carried through CSV only; not read for routing
Unnamed: 330,0,Export residue; no content in input,empty_export_padding,Carried through CSV only; not read for routing
Unnamed: 331,0,Export residue; no content in input,empty_export_padding,Carried through CSV only; not read for routing
Unnamed: 332,0,Export residue; no content in input,empty_export_padding,Carried through CSV only; not read for routing
Unnamed: 333,0,Export residue; no content in input,empty_export_padding,Carried through CSV only; not read for routing
Unnamed: 334,0,Export residue; no content in input,empty_export_padding,Carried through CSV only; not read for routing
Unnamed: 335,0,Export residue; no content in input,empty_export_padding,Carried through CSV only; not read for routing
Unnamed: 336,0,Export residue; no content in input,empty_export_padding,Carried through CSV only; not read for routing
Unnamed: 337,0,Export residue; no content in input,empty_export_padding,Carried through CSV only; not read for routing
Unnamed: 338,0,Export residue; no content in input,empty_export_padding,Carried through CSV only; not read for routing
Unnamed: 339,0,Export residue; no content in input,empty_export_padding,Carried through CSV only; not read for routing
Unnamed: 340,0,Export residue; no content in input,empty_export_padding,Carried through CSV only; not read for routing
Unnamed: 341,0,Export residue; no content in input,empty_export_padding,Carried through CSV only; not read for routing
Unnamed: 342,0,Export residue; no content in input,empty_export_padding,Carried through CSV only; not read for routing
Unnamed: 343,0,Export residue; no content in input,empty_export_padding,Carried through CSV only; not read for routing
Unnamed: 344,0,Export residue; no content in input,empty_export_padding,Carried through CSV only; not read for routing
Unnamed: 345,0,Export residue; no content in input,empty_export_padding,Carried through CSV only; not read for routing
Unnamed: 346,0,Export residue; no content in input,empty_export_padding,Carried through CSV only; not read for routing
Unnamed: 347,0,Export residue; no content in input,empty_export_padding,Carried through CSV only; not read for routing
Unnamed: 348,0,Export residue; no content in input,empty_export_padding,Carried through CSV only; not read for routing
Unnamed: 349,0,Export residue; no content in input,empty_export_padding,Carried through CSV only; not read for routing
Unnamed: 350,0,Export residue; no content in input,empty_export_padding,Carried through CSV only; not read for routing
Unnamed: 351,0,Export residue; no content in input,empty_export_padding,Carried through CSV only; not read for routing
Unnamed: 352,0,Export residue; no content in input,empty_export_padding,Carried through CSV only; not read for routing
Unnamed: 353,0,Export residue; no content in input,empty_export_padding,Carried through CSV only; not read for routing
Unnamed: 354,0,Export residue; no content in input,empty_export_padding,Carried through CSV only; not read for routing
Unnamed: 355,0,Export residue; no content in input,empty_export_padding,Carried through CSV only; not read for routing
Unnamed: 356,0,Export residue; no content in input,empty_export_padding,Carried through CSV only; not read for routing
Unnamed: 357,0,Export residue; no content in input,empty_export_padding,Carried through CSV only; not read for routing
Unnamed: 358,0,Export residue; no content in input,empty_export_padding,Carried through CSV only; not read for routing
Unnamed: 359,0,Export residue; no content in input,empty_export_padding,Carried through CSV only; not read for routing
Unnamed: 360,0,Export residue; no content in input,empty_export_padding,Carried through CSV only; not read for routing
Unnamed: 361,0,Export residue; no content in input,empty_export_padding,Carried through CSV only; not read for routing
Unnamed: 362,0,Export residue; no content in input,empty_export_padding,Carried through CSV only; not read for routing
Unnamed: 363,0,Export residue; no content in input,empty_export_padding,Carried through CSV only; not read for routing
Unnamed: 364,0,Export residue; no content in input,empty_export_padding,Carried through CSV only; not read for routing
Unnamed: 365,0,Export residue; no content in input,empty_export_padding,Carried through CSV only; not read for routing
Unnamed: 366,0,Export residue; no content in input,empty_export_padding,Carried through CSV only; not read for routing
Unnamed: 367,0,Export residue; no content in input,empty_export_padding,Carried through CSV only; not read for routing
Unnamed: 368,0,Export residue; no content in input,empty_export_padding,Carried through CSV only; not read for routing
Unnamed: 369,0,Export residue; no content in input,empty_export_padding,Carried through CSV only; not read for routing
Unnamed: 370,0,Export residue; no content in input,empty_export_padding,Carried through CSV only; not read for routing
Unnamed: 371,0,Export residue; no content in input,empty_export_padding,Carried through CSV only; not read for routing
Unnamed: 372,0,Export residue; no content in input,empty_export_padding,Carried through CSV only; not read for routing
Unnamed: 373,0,Export residue; no content in input,empty_export_padding,Carried through CSV only; not read for routing
Unnamed: 374,0,Export residue; no content in input,empty_export_padding,Carried through CSV only; not read for routing
Unnamed: 375,0,Export residue; no content in input,empty_export_padding,Carried through CSV only; not read for routing
Unnamed: 376,0,Export residue; no content in input,empty_export_padding,Carried through CSV only; not read for routing
Unnamed: 377,0,Export residue; no content in input,empty_export_padding,Carried through CSV only; not read for routing
Unnamed: 378,0,Export residue; no content in input,empty_export_padding,Carried through CSV only; not read for routing
Unnamed: 379,0,Export residue; no content in input,empty_export_padding,Carried through CSV only; not read for routing
Unnamed: 380,0,Export residue; no content in input,empty_export_padding,Carried through CSV only; not read for routing
Unnamed: 381,0,Export residue; no content in input,empty_export_padding,Carried through CSV only; not read for routing
Unnamed: 382,0,Export residue; no content in input,empty_export_padding,Carried through CSV only; not read for routing
Unnamed: 383,0,Export residue; no content in input,empty_export_padding,Carried through CSV only; not read for routing
Unnamed: 384,0,Export residue; no content in input,empty_export_padding,Carried through CSV only; not read for routing
Unnamed: 385,0,Export residue; no content in input,empty_export_padding,Carried through CSV only; not read for routing
Unnamed: 386,0,Export residue; no content in input,empty_export_padding,Carried through CSV only; not read for routing
Unnamed: 387,0,Export residue; no content in input,empty_export_padding,Carried through CSV only; not read for routing
Unnamed: 388,0,Export residue; no content in input,empty_export_padding,Carried through CSV only; not read for routing
Unnamed: 389,0,Export residue; no content in input,empty_export_padding,Carried through CSV only; not read for routing
Unnamed: 390,0,Export residue; no content in input,empty_export_padding,Carried through CSV only; not read for routing
Unnamed: 391,0,Export residue; no content in input,empty_export_padding,Carried through CSV only; not read for routing
Unnamed: 392,0,Export residue; no content in input,empty_export_padding,Carried through CSV only; not read for routing
Unnamed: 393,0,Export residue; no content in input,empty_export_padding,Carried through CSV only; not read for routing
Unnamed: 394,0,Export residue; no content in input,empty_export_padding,Carried through CSV only; not read for routing
Unnamed: 395,0,Export residue; no content in input,empty_export_padding,Carried through CSV only; not read for routing
Unnamed: 396,0,Export residue; no content in input,empty_export_padding,Carried through CSV only; not read for routing
Unnamed: 397,0,Export residue; no content in input,empty_export_padding,Carried through CSV only; not read for routing
Unnamed: 398,0,Export residue; no content in input,empty_export_padding,Carried through CSV only; not read for routing
Unnamed: 399,0,Export residue; no content in input,empty_export_padding,Carried through CSV only; not read for routing
Unnamed: 400,0,Export residue; no content in input,empty_export_padding,Carried through CSV only; not read for routing
Unnamed: 401,0,Export residue; no content in input,empty_export_padding,Carried through CSV only; not read for routing
Unnamed: 402,0,Export residue; no content in input,empty_export_padding,Carried through CSV only; not read for routing
Unnamed: 403,0,Export residue; no content in input,empty_export_padding,Carried through CSV only; not read for routing
Unnamed: 404,0,Export residue; no content in input,empty_export_padding,Carried through CSV only; not read for routing
Unnamed: 405,0,Export residue; no content in input,empty_export_padding,Carried through CSV only; not read for routing
Unnamed: 406,0,Export residue; no content in input,empty_export_padding,Carried through CSV only; not read for routing
Unnamed: 407,0,Export residue; no content in input,empty_export_padding,Carried through CSV only; not read for routing
Unnamed: 408,0,Export residue; no content in input,empty_export_padding,Carried through CSV only; not read for routing
Unnamed: 409,0,Export residue; no content in input,empty_export_padding,Carried through CSV only; not read for routing
Unnamed: 410,0,Export residue; no content in input,empty_export_padding,Carried through CSV only; not read for routing
Unnamed: 411,0,Export residue; no content in input,empty_export_padding,Carried through CSV only; not read for routing
Unnamed: 412,0,Export residue; no content in input,empty_export_padding,Carried through CSV only; not read for routing
Unnamed: 413,0,Export residue; no content in input,empty_export_padding,Carried through CSV only; not read for routing
Unnamed: 414,0,Export residue; no content in input,empty_export_padding,Carried through CSV only; not read for routing
Unnamed: 415,0,Export residue; no content in input,empty_export_padding,Carried through CSV only; not read for routing
Unnamed: 416,0,Export residue; no content in input,empty_export_padding,Carried through CSV only; not read for routing
Unnamed: 417,0,Export residue; no content in input,empty_export_padding,Carried through CSV only; not read for routing
Unnamed: 418,0,Export residue; no content in input,empty_export_padding,Carried through CSV only; not read for routing
Unnamed: 419,0,Export residue; no content in input,empty_export_padding,Carried through CSV only; not read for routing
Unnamed: 420,0,Export residue; no content in input,empty_export_padding,Carried through CSV only; not read for routing
Unnamed: 421,0,Export residue; no content in input,empty_export_padding,Carried through CSV only; not read for routing
Unnamed: 422,0,Export residue; no content in input,empty_export_padding,Carried through CSV only; not read for routing
Unnamed: 423,0,Export residue; no content in input,empty_export_padding,Carried through CSV only; not read for routing
Unnamed: 424,0,Export residue; no content in input,empty_export_padding,Carried through CSV only; not read for routing
Unnamed: 425,0,Export residue; no content in input,empty_export_padding,Carried through CSV only; not read for routing
Unnamed: 426,0,Export residue; no content in input,empty_export_padding,Carried through CSV only; not read for routing
Unnamed: 427,0,Export residue; no content in input,empty_export_padding,Carried through CSV only; not read for routing
Unnamed: 428,0,Export residue; no content in input,empty_export_padding,Carried through CSV only; not read for routing
Unnamed: 429,0,Export residue; no content in input,empty_export_padding,Carried through CSV only; not read for routing
Unnamed: 430,0,Export residue; no content in input,empty_export_padding,Carried through CSV only; not read for routing
Unnamed: 431,0,Export residue; no content in input,empty_export_padding,Carried through CSV only; not read for routing
Unnamed: 432,0,Export residue; no content in input,empty_export_padding,Carried through CSV only; not read for routing
Unnamed: 433,0,Export residue; no content in input,empty_export_padding,Carried through CSV only; not read for routing
Unnamed: 434,0,Export residue; no content in input,empty_export_padding,Carried through CSV only; not read for routing
Unnamed: 435,0,Export residue; no content in input,empty_export_padding,Carried through CSV only; not read for routing
Unnamed: 436,0,Export residue; no content in input,empty_export_padding,Carried through CSV only; not read for routing
Unnamed: 437,0,Export residue; no content in input,empty_export_padding,Carried through CSV only; not read for routing
Unnamed: 438,0,Export residue; no content in input,empty_export_padding,Carried through CSV only; not read for routing
Unnamed: 439,0,Export residue; no content in input,empty_export_padding,Carried through CSV only; not read for routing
Unnamed: 440,0,Export residue; no content in input,empty_export_padding,Carried through CSV only; not read for routing
Unnamed: 441,0,Export residue; no content in input,empty_export_padding,Carried through CSV only; not read for routing
Unnamed: 442,0,Export residue; no content in input,empty_export_padding,Carried through CSV only; not read for routing
Unnamed: 443,0,Export residue; no content in input,empty_export_padding,Carried through CSV only; not read for routing
Unnamed: 444,0,Export residue; no content in input,empty_export_padding,Carried through CSV only; not read for routing
Unnamed: 445,0,Export residue; no content in input,empty_export_padding,Carried through CSV only; not read for routing
Unnamed: 446,0,Export residue; no content in input,empty_export_padding,Carried through CSV only; not read for routing
Unnamed: 447,0,Export residue; no content in input,empty_export_padding,Carried through CSV only; not read for routing
Unnamed: 448,0,Export residue; no content in input,empty_export_padding,Carried through CSV only; not read for routing
Unnamed: 449,0,Export residue; no content in input,empty_export_padding,Carried through CSV only; not read for routing
Unnamed: 450,0,Export residue; no content in input,empty_export_padding,Carried through CSV only; not read for routing
Unnamed: 451,0,Export residue; no content in input,empty_export_padding,Carried through CSV only; not read for routing
Unnamed: 452,0,Export residue; no content in input,empty_export_padding,Carried through CSV only; not read for routing
Unnamed: 453,0,Export residue; no content in input,empty_export_padding,Carried through CSV only; not read for routing
Unnamed: 454,0,Export residue; no content in input,empty_export_padding,Carried through CSV only; not read for routing
Unnamed: 455,0,Export residue; no content in input,empty_export_padding,Carried through CSV only; not read for routing
Unnamed: 456,0,Export residue; no content in input,empty_export_padding,Carried through CSV only; not read for routing
Unnamed: 457,0,Export residue; no content in input,empty_export_padding,Carried through CSV only; not read for routing
Unnamed: 458,0,Export residue; no content in input,empty_export_padding,Carried through CSV only; not read for routing
Unnamed: 459,0,Export residue; no content in input,empty_export_padding,Carried through CSV only; not read for routing
Unnamed: 460,0,Export residue; no content in input,empty_export_padding,Carried through CSV only; not read for routing
Unnamed: 461,0,Export residue; no content in input,empty_export_padding,Carried through CSV only; not read for routing
Unnamed: 462,0,Export residue; no content in input,empty_export_padding,Carried through CSV only; not read for routing
Unnamed: 463,0,Export residue; no content in input,empty_export_padding,Carried through CSV only; not read for routing
Unnamed: 464,0,Export residue; no content in input,empty_export_padding,Carried through CSV only; not read for routing
Unnamed: 465,0,Export residue; no content in input,empty_export_padding,Carried through CSV only; not read for routing
Unnamed: 466,0,Export residue; no content in input,empty_export_padding,Carried through CSV only; not read for routing
Unnamed: 467,0,Export residue; no content in input,empty_export_padding,Carried through CSV only; not read for routing
Unnamed: 468,0,Export residue; no content in input,empty_export_padding,Carried through CSV only; not read for routing
Unnamed: 469,0,Export residue; no content in input,empty_export_padding,Carried through CSV only; not read for routing
Unnamed: 470,0,Export residue; no content in input,empty_export_padding,Carried through CSV only; not read for routing
Unnamed: 471,0,Export residue; no content in input,empty_export_padding,Carried through CSV only; not read for routing
Unnamed: 472,0,Export residue; no content in input,empty_export_padding,Carried through CSV only; not read for routing
Unnamed: 473,0,Export residue; no content in input,empty_export_padding,Carried through CSV only; not read for routing
Unnamed: 474,0,Export residue; no content in input,empty_export_padding,Carried through CSV only; not read for routing
Unnamed: 475,0,Export residue; no content in input,empty_export_padding,Carried through CSV only; not read for routing
Unnamed: 476,0,Export residue; no content in input,empty_export_padding,Carried through CSV only; not read for routing
Unnamed: 477,0,Export residue; no content in input,empty_export_padding,Carried through CSV only; not read for routing
Unnamed: 478,0,Export residue; no content in input,empty_export_padding,Carried through CSV only; not read for routing
Unnamed: 479,0,Export residue; no content in input,empty_export_padding,Carried through CSV only; not read for routing
Unnamed: 480,0,Export residue; no content in input,empty_export_padding,Carried through CSV only; not read for routing
Unnamed: 481,0,Export residue; no content in input,empty_export_padding,Carried through CSV only; not read for routing
Unnamed: 482,0,Export residue; no content in input,empty_export_padding,Carried through CSV only; not read for routing
Unnamed: 483,0,Export residue; no content in input,empty_export_padding,Carried through CSV only; not read for routing
Unnamed: 484,0,Export residue; no content in input,empty_export_padding,Carried through CSV only; not read for routing
Unnamed: 485,0,Export residue; no content in input,empty_export_padding,Carried through CSV only; not read for routing
Unnamed: 486,0,Export residue; no content in input,empty_export_padding,Carried through CSV only; not read for routing
Unnamed: 487,0,Export residue; no content in input,empty_export_padding,Carried through CSV only; not read for routing
Unnamed: 488,0,Export residue; no content in input,empty_export_padding,Carried through CSV only; not read for routing
Unnamed: 489,0,Export residue; no content in input,empty_export_padding,Carried through CSV only; not read for routing
Unnamed: 490,0,Export residue; no content in input,empty_export_padding,Carried through CSV only; not read for routing
Unnamed: 491,0,Export residue; no content in input,empty_export_padding,Carried through CSV only; not read for routing
Unnamed: 492,0,Export residue; no content in input,empty_export_padding,Carried through CSV only; not read for routing
Unnamed: 493,0,Export residue; no content in input,empty_export_padding,Carried through CSV only; not read for routing
Unnamed: 494,0,Export residue; no content in input,empty_export_padding,Carried through CSV only; not read for routing
Unnamed: 495,0,Export residue; no content in input,empty_export_padding,Carried through CSV only; not read for routing
Unnamed: 496,0,Export residue; no content in input,empty_export_padding,Carried through CSV only; not read for routing
Unnamed: 497,0,Export residue; no content in input,empty_export_padding,Carried through CSV only; not read for routing
Unnamed: 498,0,Export residue; no content in input,empty_export_padding,Carried through CSV only; not read for routing
Unnamed: 499,0,Export residue; no content in input,empty_export_padding,Carried through CSV only; not read for routing
Unnamed: 500,0,Export residue; no content in input,empty_export_padding,Carried through CSV only; not read for routing
Unnamed: 501,0,Export residue; no content in input,empty_export_padding,Carried through CSV only; not read for routing
Unnamed: 502,0,Export residue; no content in input,empty_export_padding,Carried through CSV only; not read for routing
Unnamed: 503,0,Export residue; no content in input,empty_export_padding,Carried through CSV only; not read for routing
Unnamed: 504,0,Export residue; no content in input,empty_export_padding,Carried through CSV only; not read for routing
Unnamed: 505,0,Export residue; no content in input,empty_export_padding,Carried through CSV only; not read for routing
Unnamed: 506,0,Export residue; no content in input,empty_export_padding,Carried through CSV only; not read for routing
Unnamed: 507,0,Export residue; no content in input,empty_export_padding,Carried through CSV only; not read for routing
Unnamed: 508,0,Export residue; no content in input,empty_export_padding,Carried through CSV only; not read for routing
Unnamed: 509,0,Export residue; no content in input,empty_export_padding,Carried through CSV only; not read for routing
Unnamed: 510,0,Export residue; no content in input,empty_export_padding,Carried through CSV only; not read for routing
Unnamed: 511,0,Export residue; no content in input,empty_export_padding,Carried through CSV only; not read for routing
Unnamed: 512,0,Export residue; no content in input,empty_export_padding,Carried through CSV only; not read for routing
Unnamed: 513,0,Export residue; no content in input,empty_export_padding,Carried through CSV only; not read for routing
Unnamed: 514,0,Export residue; no content in input,empty_export_padding,Carried through CSV only; not read for routing
Unnamed: 515,0,Export residue; no content in input,empty_export_padding,Carried through CSV only; not read for routing
Unnamed: 516,0,Export residue; no content in input,empty_export_padding,Carried through CSV only; not read for routing
Unnamed: 517,0,Export residue; no content in input,empty_export_padding,Carried through CSV only; not read for routing
Unnamed: 518,0,Export residue; no content in input,empty_export_padding,Carried through CSV only; not read for routing
Unnamed: 519,0,Export residue; no content in input,empty_export_padding,Carried through CSV only; not read for routing
Unnamed: 520,0,Export residue; no content in input,empty_export_padding,Carried through CSV only; not read for routing
Unnamed: 521,0,Export residue; no content in input,empty_export_padding,Carried through CSV only; not read for routing
Unnamed: 522,0,Export residue; no content in input,empty_export_padding,Carried through CSV only; not read for routing
Unnamed: 523,0,Export residue; no content in input,empty_export_padding,Carried through CSV only; not read for routing
Unnamed: 524,0,Export residue; no content in input,empty_export_padding,Carried through CSV only; not read for routing
Unnamed: 525,0,Export residue; no content in input,empty_export_padding,Carried through CSV only; not read for routing
Unnamed: 526,0,Export residue; no content in input,empty_export_padding,Carried through CSV only; not read for routing
Unnamed: 527,0,Export residue; no content in input,empty_export_padding,Carried through CSV only; not read for routing
Unnamed: 528,0,Export residue; no content in input,empty_export_padding,Carried through CSV only; not read for routing
Unnamed: 529,0,Export residue; no content in input,empty_export_padding,Carried through CSV only; not read for routing
Unnamed: 530,0,Export residue; no content in input,empty_export_padding,Carried through CSV only; not read for routing
Unnamed: 531,0,Export residue; no content in input,empty_export_padding,Carried through CSV only; not read for routing
Unnamed: 532,0,Export residue; no content in input,empty_export_padding,Carried through CSV only; not read for routing
Unnamed: 533,0,Export residue; no content in input,empty_export_padding,Carried through CSV only; not read for routing
Unnamed: 534,0,Export residue; no content in input,empty_export_padding,Carried through CSV only; not read for routing
Unnamed: 535,0,Export residue; no content in input,empty_export_padding,Carried through CSV only; not read for routing
Unnamed: 536,0,Export residue; no content in input,empty_export_padding,Carried through CSV only; not read for routing
Unnamed: 537,0,Export residue; no content in input,empty_export_padding,Carried through CSV only; not read for routing
Unnamed: 538,0,Export residue; no content in input,empty_export_padding,Carried through CSV only; not read for routing
Unnamed: 539,0,Export residue; no content in input,empty_export_padding,Carried through CSV only; not read for routing
Unnamed: 540,0,Export residue; no content in input,empty_export_padding,Carried through CSV only; not read for routing
Unnamed: 541,0,Export residue; no content in input,empty_export_padding,Carried through CSV only; not read for routing
Unnamed: 542,0,Export residue; no content in input,empty_export_padding,Carried through CSV only; not read for routing
Unnamed: 543,0,Export residue; no content in input,empty_export_padding,Carried through CSV only; not read for routing
Unnamed: 544,0,Export residue; no content in input,empty_export_padding,Carried through CSV only; not read for routing
Unnamed: 545,0,Export residue; no content in input,empty_export_padding,Carried through CSV only; not read for routing
Unnamed: 546,0,Export residue; no content in input,empty_export_padding,Carried through CSV only; not read for routing
Unnamed: 547,0,Export residue; no content in input,empty_export_padding,Carried through CSV only; not read for routing
Unnamed: 548,0,Export residue; no content in input,empty_export_padding,Carried through CSV only; not read for routing
Unnamed: 549,0,Export residue; no content in input,empty_export_padding,Carried through CSV only; not read for routing
Unnamed: 550,0,Export residue; no content in input,empty_export_padding,Carried through CSV only; not read for routing
Unnamed: 551,0,Export residue; no content in input,empty_export_padding,Carried through CSV only; not read for routing
Unnamed: 552,0,Export residue; no content in input,empty_export_padding,Carried through CSV only; not read for routing
Unnamed: 553,0,Export residue; no content in input,empty_export_padding,Carried through CSV only; not read for routing
Unnamed: 554,0,Export residue; no content in input,empty_export_padding,Carried through CSV only; not read for routing
Unnamed: 555,0,Export residue; no content in input,empty_export_padding,Carried through CSV only; not read for routing
Unnamed: 556,0,Export residue; no content in input,empty_export_padding,Carried through CSV only; not read for routing
Unnamed: 557,0,Export residue; no content in input,empty_export_padding,Carried through CSV only; not read for routing
Unnamed: 558,0,Export residue; no content in input,empty_export_padding,Carried through CSV only; not read for routing
Unnamed: 559,0,Export residue; no content in input,empty_export_padding,Carried through CSV only; not read for routing
Unnamed: 560,0,Export residue; no content in input,empty_export_padding,Carried through CSV only; not read for routing
Unnamed: 561,0,Export residue; no content in input,empty_export_padding,Carried through CSV only; not read for routing
Unnamed: 562,0,Export residue; no content in input,empty_export_padding,Carried through CSV only; not read for routing
Unnamed: 563,0,Export residue; no content in input,empty_export_padding,Carried through CSV only; not read for routing
Unnamed: 564,0,Export residue; no content in input,empty_export_padding,Carried through CSV only; not read for routing
Unnamed: 565,0,Export residue; no content in input,empty_export_padding,Carried through CSV only; not read for routing
Unnamed: 566,0,Export residue; no content in input,empty_export_padding,Carried through CSV only; not read for routing
Unnamed: 567,0,Export residue; no content in input,empty_export_padding,Carried through CSV only; not read for routing
Unnamed: 568,0,Export residue; no content in input,empty_export_padding,Carried through CSV only; not read for routing
Unnamed: 569,0,Export residue; no content in input,empty_export_padding,Carried through CSV only; not read for routing
Unnamed: 570,0,Export residue; no content in input,empty_export_padding,Carried through CSV only; not read for routing
Unnamed: 571,0,Export residue; no content in input,empty_export_padding,Carried through CSV only; not read for routing
Unnamed: 572,0,Export residue; no content in input,empty_export_padding,Carried through CSV only; not read for routing
Unnamed: 573,0,Export residue; no content in input,empty_export_padding,Carried through CSV only; not read for routing
Unnamed: 574,0,Export residue; no content in input,empty_export_padding,Carried through CSV only; not read for routing
Unnamed: 575,0,Export residue; no content in input,empty_export_padding,Carried through CSV only; not read for routing
Unnamed: 576,0,Export residue; no content in input,empty_export_padding,Carried through CSV only; not read for routing
Unnamed: 577,0,Export residue; no content in input,empty_export_padding,Carried through CSV only; not read for routing
Unnamed: 578,0,Export residue; no content in input,empty_export_padding,Carried through CSV only; not read for routing
Unnamed: 579,0,Export residue; no content in input,empty_export_padding,Carried through CSV only; not read for routing
Unnamed: 580,0,Export residue; no content in input,empty_export_padding,Carried through CSV only; not read for routing
Unnamed: 581,0,Export residue; no content in input,empty_export_padding,Carried through CSV only; not read for routing
Unnamed: 582,0,Export residue; no content in input,empty_export_padding,Carried through CSV only; not read for routing
Unnamed: 583,0,Export residue; no content in input,empty_export_padding,Carried through CSV only; not read for routing
Unnamed: 584,0,Export residue; no content in input,empty_export_padding,Carried through CSV only; not read for routing
Unnamed: 585,0,Export residue; no content in input,empty_export_padding,Carried through CSV only; not read for routing
Unnamed: 586,0,Export residue; no content in input,empty_export_padding,Carried through CSV only; not read for routing
Unnamed: 587,0,Export residue; no content in input,empty_export_padding,Carried through CSV only; not read for routing
Unnamed: 588,0,Export residue; no content in input,empty_export_padding,Carried through CSV only; not read for routing
Unnamed: 589,0,Export residue; no content in input,empty_export_padding,Carried through CSV only; not read for routing
Unnamed: 590,0,Export residue; no content in input,empty_export_padding,Carried through CSV only; not read for routing
Unnamed: 591,0,Export residue; no content in input,empty_export_padding,Carried through CSV only; not read for routing
Unnamed: 592,0,Export residue; no content in input,empty_export_padding,Carried through CSV only; not read for routing
Unnamed: 593,0,Export residue; no content in input,empty_export_padding,Carried through CSV only; not read for routing
Unnamed: 594,0,Export residue; no content in input,empty_export_padding,Carried through CSV only; not read for routing
Unnamed: 595,0,Export residue; no content in input,empty_export_padding,Carried through CSV only; not read for routing
Unnamed: 596,0,Export residue; no content in input,empty_export_padding,Carried through CSV only; not read for routing
Unnamed: 597,0,Export residue; no content in input,empty_export_padding,Carried through CSV only; not read for routing
Unnamed: 598,0,Export residue; no content in input,empty_export_padding,Carried through CSV only; not read for routing
Unnamed: 599,0,Export residue; no content in input,empty_export_padding,Carried through CSV only; not read for routing
Unnamed: 600,0,Export residue; no content in input,empty_export_padding,Carried through CSV only; not read for routing
Unnamed: 601,0,Export residue; no content in input,empty_export_padding,Carried through CSV only; not read for routing
Unnamed: 602,0,Export residue; no content in input,empty_export_padding,Carried through CSV only; not read for routing
Unnamed: 603,0,Export residue; no content in input,empty_export_padding,Carried through CSV only; not read for routing
Unnamed: 604,0,Export residue; no content in input,empty_export_padding,Carried through CSV only; not read for routing
Unnamed: 605,0,Export residue; no content in input,empty_export_padding,Carried through CSV only; not read for routing
Unnamed: 606,0,Export residue; no content in input,empty_export_padding,Carried through CSV only; not read for routing
Unnamed: 607,0,Export residue; no content in input,empty_export_padding,Carried through CSV only; not read for routing
Unnamed: 608,0,Export residue; no content in input,empty_export_padding,Carried through CSV only; not read for routing
Unnamed: 609,0,Export residue; no content in input,empty_export_padding,Carried through CSV only; not read for routing
Unnamed: 610,0,Export residue; no content in input,empty_export_padding,Carried through CSV only; not read for routing
Unnamed: 611,0,Export residue; no content in input,empty_export_padding,Carried through CSV only; not read for routing
Unnamed: 612,0,Export residue; no content in input,empty_export_padding,Carried through CSV only; not read for routing
Unnamed: 613,0,Export residue; no content in input,empty_export_padding,Carried through CSV only; not read for routing
Unnamed: 614,0,Export residue; no content in input,empty_export_padding,Carried through CSV only; not read for routing
Unnamed: 615,0,Export residue; no content in input,empty_export_padding,Carried through CSV only; not read for routing
Unnamed: 616,0,Export residue; no content in input,empty_export_padding,Carried through CSV only; not read for routing
Unnamed: 617,0,Export residue; no content in input,empty_export_padding,Carried through CSV only; not read for routing
Unnamed: 618,0,Export residue; no content in input,empty_export_padding,Carried through CSV only; not read for routing
Unnamed: 619,0,Export residue; no content in input,empty_export_padding,Carried through CSV only; not read for routing
Unnamed: 620,0,Export residue; no content in input,empty_export_padding,Carried through CSV only; not read for routing
Unnamed: 621,0,Export residue; no content in input,empty_export_padding,Carried through CSV only; not read for routing
Unnamed: 622,0,Export residue; no content in input,empty_export_padding,Carried through CSV only; not read for routing
Unnamed: 623,0,Export residue; no content in input,empty_export_padding,Carried through CSV only; not read for routing
Unnamed: 624,0,Export residue; no content in input,empty_export_padding,Carried through CSV only; not read for routing
Unnamed: 625,0,Export residue; no content in input,empty_export_padding,Carried through CSV only; not read for routing
Unnamed: 626,0,Export residue; no content in input,empty_export_padding,Carried through CSV only; not read for routing
Unnamed: 627,0,Export residue; no content in input,empty_export_padding,Carried through CSV only; not read for routing
Unnamed: 628,0,Export residue; no content in input,empty_export_padding,Carried through CSV only; not read for routing
Unnamed: 629,0,Export residue; no content in input,empty_export_padding,Carried through CSV only; not read for routing
Unnamed: 630,0,Export residue; no content in input,empty_export_padding,Carried through CSV only; not read for routing
Unnamed: 631,0,Export residue; no content in input,empty_export_padding,Carried through CSV only; not read for routing
Unnamed: 632,0,Export residue; no content in input,empty_export_padding,Carried through CSV only; not read for routing
Unnamed: 633,0,Export residue; no content in input,empty_export_padding,Carried through CSV only; not read for routing
Unnamed: 634,0,Export residue; no content in input,empty_export_padding,Carried through CSV only; not read for routing
Unnamed: 635,0,Export residue; no content in input,empty_export_padding,Carried through CSV only; not read for routing
Unnamed: 636,0,Export residue; no content in input,empty_export_padding,Carried through CSV only; not read for routing
Unnamed: 637,0,Export residue; no content in input,empty_export_padding,Carried through CSV only; not read for routing
Unnamed: 638,0,Export residue; no content in input,empty_export_padding,Carried through CSV only; not read for routing
Unnamed: 639,0,Export residue; no content in input,empty_export_padding,Carried through CSV only; not read for routing
Unnamed: 640,0,Export residue; no content in input,empty_export_padding,Carried through CSV only; not read for routing
Unnamed: 641,0,Export residue; no content in input,empty_export_padding,Carried through CSV only; not read for routing
Unnamed: 642,0,Export residue; no content in input,empty_export_padding,Carried through CSV only; not read for routing
Unnamed: 643,0,Export residue; no content in input,empty_export_padding,Carried through CSV only; not read for routing
Unnamed: 644,0,Export residue; no content in input,empty_export_padding,Carried through CSV only; not read for routing
Unnamed: 645,0,Export residue; no content in input,empty_export_padding,Carried through CSV only; not read for routing
Unnamed: 646,0,Export residue; no content in input,empty_export_padding,Carried through CSV only; not read for routing
Unnamed: 647,0,Export residue; no content in input,empty_export_padding,Carried through CSV only; not read for routing
Unnamed: 648,0,Export residue; no content in input,empty_export_padding,Carried through CSV only; not read for routing
Unnamed: 649,0,Export residue; no content in input,empty_export_padding,Carried through CSV only; not read for routing
Unnamed: 650,0,Export residue; no content in input,empty_export_padding,Carried through CSV only; not read for routing
Unnamed: 651,0,Export residue; no content in input,empty_export_padding,Carried through CSV only; not read for routing
Unnamed: 652,0,Export residue; no content in input,empty_export_padding,Carried through CSV only; not read for routing
Unnamed: 653,0,Export residue; no content in input,empty_export_padding,Carried through CSV only; not read for routing
Unnamed: 654,0,Export residue; no content in input,empty_export_padding,Carried through CSV only; not read for routing
Unnamed: 655,0,Export residue; no content in input,empty_export_padding,Carried through CSV only; not read for routing
Unnamed: 656,0,Export residue; no content in input,empty_export_padding,Carried through CSV only; not read for routing
Unnamed: 657,0,Export residue; no content in input,empty_export_padding,Carried through CSV only; not read for routing
Unnamed: 658,0,Export residue; no content in input,empty_export_padding,Carried through CSV only; not read for routing
Unnamed: 659,0,Export residue; no content in input,empty_export_padding,Carried through CSV only; not read for routing
Unnamed: 660,0,Export residue; no content in input,empty_export_padding,Carried through CSV only; not read for routing
Unnamed: 661,0,Export residue; no content in input,empty_export_padding,Carried through CSV only; not read for routing
Unnamed: 662,0,Export residue; no content in input,empty_export_padding,Carried through CSV only; not read for routing
Unnamed: 663,0,Export residue; no content in input,empty_export_padding,Carried through CSV only; not read for routing
Unnamed: 664,0,Export residue; no content in input,empty_export_padding,Carried through CSV only; not read for routing
Unnamed: 665,0,Export residue; no content in input,empty_export_padding,Carried through CSV only; not read for routing
Unnamed: 666,0,Export residue; no content in input,empty_export_padding,Carried through CSV only; not read for routing
Unnamed: 667,0,Export residue; no content in input,empty_export_padding,Carried through CSV only; not read for routing
Unnamed: 668,0,Export residue; no content in input,empty_export_padding,Carried through CSV only; not read for routing
Unnamed: 669,0,Export residue; no content in input,empty_export_padding,Carried through CSV only; not read for routing
Unnamed: 670,0,Export residue; no content in input,empty_export_padding,Carried through CSV only; not read for routing
Unnamed: 671,0,Export residue; no content in input,empty_export_padding,Carried through CSV only; not read for routing
Unnamed: 672,0,Export residue; no content in input,empty_export_padding,Carried through CSV only; not read for routing
Unnamed: 673,0,Export residue; no content in input,empty_export_padding,Carried through CSV only; not read for routing
Unnamed: 674,0,Export residue; no content in input,empty_export_padding,Carried through CSV only; not read for routing
Unnamed: 675,0,Export residue; no content in input,empty_export_padding,Carried through CSV only; not read for routing
Unnamed: 676,0,Export residue; no content in input,empty_export_padding,Carried through CSV only; not read for routing
Unnamed: 677,0,Export residue; no content in input,empty_export_padding,Carried through CSV only; not read for routing
Unnamed: 678,0,Export residue; no content in input,empty_export_padding,Carried through CSV only; not read for routing
Unnamed: 679,0,Export residue; no content in input,empty_export_padding,Carried through CSV only; not read for routing
Unnamed: 680,0,Export residue; no content in input,empty_export_padding,Carried through CSV only; not read for routing
Unnamed: 681,0,Export residue; no content in input,empty_export_padding,Carried through CSV only; not read for routing
Unnamed: 682,0,Export residue; no content in input,empty_export_padding,Carried through CSV only; not read for routing
Unnamed: 683,0,Export residue; no content in input,empty_export_padding,Carried through CSV only; not read for routing
Unnamed: 684,0,Export residue; no content in input,empty_export_padding,Carried through CSV only; not read for routing
Unnamed: 685,0,Export residue; no content in input,empty_export_padding,Carried through CSV only; not read for routing
Unnamed: 686,0,Export residue; no content in input,empty_export_padding,Carried through CSV only; not read for routing
Unnamed: 687,0,Export residue; no content in input,empty_export_padding,Carried through CSV only; not read for routing
Unnamed: 688,0,Export residue; no content in input,empty_export_padding,Carried through CSV only; not read for routing
Unnamed: 689,0,Export residue; no content in input,empty_export_padding,Carried through CSV only; not read for routing
Unnamed: 690,0,Export residue; no content in input,empty_export_padding,Carried through CSV only; not read for routing
Unnamed: 691,0,Export residue; no content in input,empty_export_padding,Carried through CSV only; not read for routing
Unnamed: 692,0,Export residue; no content in input,empty_export_padding,Carried through CSV only; not read for routing
Unnamed: 693,0,Export residue; no content in input,empty_export_padding,Carried through CSV only; not read for routing
Unnamed: 694,0,Export residue; no content in input,empty_export_padding,Carried through CSV only; not read for routing
Unnamed: 695,0,Export residue; no content in input,empty_export_padding,Carried through CSV only; not read for routing
Unnamed: 696,0,Export residue; no content in input,empty_export_padding,Carried through CSV only; not read for routing
Unnamed: 697,0,Export residue; no content in input,empty_export_padding,Carried through CSV only; not read for routing
Unnamed: 698,0,Export residue; no content in input,empty_export_padding,Carried through CSV only; not read for routing
Unnamed: 699,0,Export residue; no content in input,empty_export_padding,Carried through CSV only; not read for routing
Unnamed: 700,0,Export residue; no content in input,empty_export_padding,Carried through CSV only; not read for routing
Unnamed: 701,0,Export residue; no content in input,empty_export_padding,Carried through CSV only; not read for routing
Unnamed: 702,0,Export residue; no content in input,empty_export_padding,Carried through CSV only; not read for routing
Unnamed: 703,0,Export residue; no content in input,empty_export_padding,Carried through CSV only; not read for routing
Unnamed: 704,0,Export residue; no content in input,empty_export_padding,Carried through CSV only; not read for routing
Unnamed: 705,0,Export residue; no content in input,empty_export_padding,Carried through CSV only; not read for routing
Unnamed: 706,0,Export residue; no content in input,empty_export_padding,Carried through CSV only; not read for routing
Unnamed: 707,0,Export residue; no content in input,empty_export_padding,Carried through CSV only; not read for routing
Unnamed: 708,0,Export residue; no content in input,empty_export_padding,Carried through CSV only; not read for routing
Unnamed: 709,0,Export residue; no content in input,empty_export_padding,Carried through CSV only; not read for routing
Unnamed: 710,0,Export residue; no content in input,empty_export_padding,Carried through CSV only; not read for routing
Unnamed: 711,0,Export residue; no content in input,empty_export_padding,Carried through CSV only; not read for routing
Unnamed: 712,0,Export residue; no content in input,empty_export_padding,Carried through CSV only; not read for routing
Unnamed: 713,0,Export residue; no content in input,empty_export_padding,Carried through CSV only; not read for routing
Unnamed: 714,0,Export residue; no content in input,empty_export_padding,Carried through CSV only; not read for routing
Unnamed: 715,0,Export residue; no content in input,empty_export_padding,Carried through CSV only; not read for routing
Unnamed: 716,0,Export residue; no content in input,empty_export_padding,Carried through CSV only; not read for routing
Unnamed: 717,0,Export residue; no content in input,empty_export_padding,Carried through CSV only; not read for routing
Unnamed: 718,0,Export residue; no content in input,empty_export_padding,Carried through CSV only; not read for routing
Unnamed: 719,0,Export residue; no content in input,empty_export_padding,Carried through CSV only; not read for routing
Unnamed: 720,0,Export residue; no content in input,empty_export_padding,Carried through CSV only; not read for routing
Unnamed: 721,0,Export residue; no content in input,empty_export_padding,Carried through CSV only; not read for routing
Unnamed: 722,0,Export residue; no content in input,empty_export_padding,Carried through CSV only; not read for routing
Unnamed: 723,0,Export residue; no content in input,empty_export_padding,Carried through CSV only; not read for routing
Unnamed: 724,0,Export residue; no content in input,empty_export_padding,Carried through CSV only; not read for routing
Unnamed: 725,0,Export residue; no content in input,empty_export_padding,Carried through CSV only; not read for routing
Unnamed: 726,0,Export residue; no content in input,empty_export_padding,Carried through CSV only; not read for routing
Unnamed: 727,0,Export residue; no content in input,empty_export_padding,Carried through CSV only; not read for routing
Unnamed: 728,0,Export residue; no content in input,empty_export_padding,Carried through CSV only; not read for routing
Unnamed: 729,0,Export residue; no content in input,empty_export_padding,Carried through CSV only; not read for routing
Unnamed: 730,0,Export residue; no content in input,empty_export_padding,Carried through CSV only; not read for routing
Unnamed: 731,0,Export residue; no content in input,empty_export_padding,Carried through CSV only; not read for routing
Unnamed: 732,0,Export residue; no content in input,empty_export_padding,Carried through CSV only; not read for routing
Unnamed: 733,0,Export residue; no content in input,empty_export_padding,Carried through CSV only; not read for routing
Unnamed: 734,0,Export residue; no content in input,empty_export_padding,Carried through CSV only; not read for routing
Unnamed: 735,0,Export residue; no content in input,empty_export_padding,Carried through CSV only; not read for routing
Unnamed: 736,0,Export residue; no content in input,empty_export_padding,Carried through CSV only; not read for routing
Unnamed: 737,0,Export residue; no content in input,empty_export_padding,Carried through CSV only; not read for routing
Unnamed: 738,0,Export residue; no content in input,empty_export_padding,Carried through CSV only; not read for routing
Unnamed: 739,0,Export residue; no content in input,empty_export_padding,Carried through CSV only; not read for routing
Unnamed: 740,0,Export residue; no content in input,empty_export_padding,Carried through CSV only; not read for routing
Unnamed: 741,0,Export residue; no content in input,empty_export_padding,Carried through CSV only; not read for routing
Unnamed: 742,0,Export residue; no content in input,empty_export_padding,Carried through CSV only; not read for routing
Unnamed: 743,0,Export residue; no content in input,empty_export_padding,Carried through CSV only; not read for routing
Unnamed: 744,0,Export residue; no content in input,empty_export_padding,Carried through CSV only; not read for routing
Unnamed: 745,0,Export residue; no content in input,empty_export_padding,Carried through CSV only; not read for routing
Unnamed: 746,0,Export residue; no content in input,empty_export_padding,Carried through CSV only; not read for routing
Unnamed: 747,0,Export residue; no content in input,empty_export_padding,Carried through CSV only; not read for routing
Unnamed: 748,0,Export residue; no content in input,empty_export_padding,Carried through CSV only; not read for routing
Unnamed: 749,0,Export residue; no content in input,empty_export_padding,Carried through CSV only; not read for routing
Unnamed: 750,0,Export residue; no content in input,empty_export_padding,Carried through CSV only; not read for routing
Unnamed: 751,0,Export residue; no content in input,empty_export_padding,Carried through CSV only; not read for routing
Unnamed: 752,0,Export residue; no content in input,empty_export_padding,Carried through CSV only; not read for routing
Unnamed: 753,0,Export residue; no content in input,empty_export_padding,Carried through CSV only; not read for routing
Unnamed: 754,0,Export residue; no content in input,empty_export_padding,Carried through CSV only; not read for routing
Unnamed: 755,0,Export residue; no content in input,empty_export_padding,Carried through CSV only; not read for routing
Unnamed: 756,0,Export residue; no content in input,empty_export_padding,Carried through CSV only; not read for routing
Unnamed: 757,0,Export residue; no content in input,empty_export_padding,Carried through CSV only; not read for routing
Unnamed: 758,0,Export residue; no content in input,empty_export_padding,Carried through CSV only; not read for routing
Unnamed: 759,0,Export residue; no content in input,empty_export_padding,Carried through CSV only; not read for routing
Unnamed: 760,0,Export residue; no content in input,empty_export_padding,Carried through CSV only; not read for routing
Unnamed: 761,0,Export residue; no content in input,empty_export_padding,Carried through CSV only; not read for routing
Unnamed: 762,0,Export residue; no content in input,empty_export_padding,Carried through CSV only; not read for routing
Unnamed: 763,0,Export residue; no content in input,empty_export_padding,Carried through CSV only; not read for routing
Unnamed: 764,0,Export residue; no content in input,empty_export_padding,Carried through CSV only; not read for routing
Unnamed: 765,0,Export residue; no content in input,empty_export_padding,Carried through CSV only; not read for routing
Unnamed: 766,0,Export residue; no content in input,empty_export_padding,Carried through CSV only; not read for routing
Unnamed: 767,0,Export residue; no content in input,empty_export_padding,Carried through CSV only; not read for routing
Unnamed: 768,0,Export residue; no content in input,empty_export_padding,Carried through CSV only; not read for routing
Unnamed: 769,0,Export residue; no content in input,empty_export_padding,Carried through CSV only; not read for routing
Unnamed: 770,0,Export residue; no content in input,empty_export_padding,Carried through CSV only; not read for routing
Unnamed: 771,0,Export residue; no content in input,empty_export_padding,Carried through CSV only; not read for routing
Unnamed: 772,0,Export residue; no content in input,empty_export_padding,Carried through CSV only; not read for routing
Unnamed: 773,0,Export residue; no content in input,empty_export_padding,Carried through CSV only; not read for routing
Unnamed: 774,0,Export residue; no content in input,empty_export_padding,Carried through CSV only; not read for routing
Unnamed: 775,0,Export residue; no content in input,empty_export_padding,Carried through CSV only; not read for routing
Unnamed: 776,0,Export residue; no content in input,empty_export_padding,Carried through CSV only; not read for routing
Unnamed: 777,0,Export residue; no content in input,empty_export_padding,Carried through CSV only; not read for routing
Unnamed: 778,0,Export residue; no content in input,empty_export_padding,Carried through CSV only; not read for routing
Unnamed: 779,0,Export residue; no content in input,empty_export_padding,Carried through CSV only; not read for routing
Unnamed: 780,0,Export residue; no content in input,empty_export_padding,Carried through CSV only; not read for routing
Unnamed: 781,0,Export residue; no content in input,empty_export_padding,Carried through CSV only; not read for routing
Unnamed: 782,0,Export residue; no content in input,empty_export_padding,Carried through CSV only; not read for routing
Unnamed: 783,0,Export residue; no content in input,empty_export_padding,Carried through CSV only; not read for routing
Unnamed: 784,0,Export residue; no content in input,empty_export_padding,Carried through CSV only; not read for routing
Unnamed: 785,0,Export residue; no content in input,empty_export_padding,Carried through CSV only; not read for routing
Unnamed: 786,0,Export residue; no content in input,empty_export_padding,Carried through CSV only; not read for routing
Unnamed: 787,0,Export residue; no content in input,empty_export_padding,Carried through CSV only; not read for routing
Unnamed: 788,0,Export residue; no content in input,empty_export_padding,Carried through CSV only; not read for routing
Unnamed: 789,0,Export residue; no content in input,empty_export_padding,Carried through CSV only; not read for routing
Unnamed: 790,0,Export residue; no content in input,empty_export_padding,Carried through CSV only; not read for routing
Unnamed: 791,0,Export residue; no content in input,empty_export_padding,Carried through CSV only; not read for routing
Unnamed: 792,0,Export residue; no content in input,empty_export_padding,Carried through CSV only; not read for routing
Unnamed: 793,0,Export residue; no content in input,empty_export_padding,Carried through CSV only; not read for routing
Unnamed: 794,0,Export residue; no content in input,empty_export_padding,Carried through CSV only; not read for routing
Unnamed: 795,0,Export residue; no content in input,empty_export_padding,Carried through CSV only; not read for routing
Unnamed: 796,0,Export residue; no content in input,empty_export_padding,Carried through CSV only; not read for routing
Unnamed: 797,0,Export residue; no content in input,empty_export_padding,Carried through CSV only; not read for routing
Unnamed: 798,0,Export residue; no content in input,empty_export_padding,Carried through CSV only; not read for routing
Unnamed: 799,0,Export residue; no content in input,empty_export_padding,Carried through CSV only; not read for routing
Unnamed: 800,0,Export residue; no content in input,empty_export_padding,Carried through CSV only; not read for routing
Unnamed: 801,0,Export residue; no content in input,empty_export_padding,Carried through CSV only; not read for routing
Unnamed: 802,0,Export residue; no content in input,empty_export_padding,Carried through CSV only; not read for routing
Unnamed: 803,0,Export residue; no content in input,empty_export_padding,Carried through CSV only; not read for routing
Unnamed: 804,0,Export residue; no content in input,empty_export_padding,Carried through CSV only; not read for routing
Unnamed: 805,0,Export residue; no content in input,empty_export_padding,Carried through CSV only; not read for routing
Unnamed: 806,0,Export residue; no content in input,empty_export_padding,Carried through CSV only; not read for routing
Unnamed: 807,0,Export residue; no content in input,empty_export_padding,Carried through CSV only; not read for routing
Unnamed: 808,0,Export residue; no content in input,empty_export_padding,Carried through CSV only; not read for routing
Unnamed: 809,0,Export residue; no content in input,empty_export_padding,Carried through CSV only; not read for routing
Unnamed: 810,0,Export residue; no content in input,empty_export_padding,Carried through CSV only; not read for routing
Unnamed: 811,0,Export residue; no content in input,empty_export_padding,Carried through CSV only; not read for routing
Unnamed: 812,0,Export residue; no content in input,empty_export_padding,Carried through CSV only; not read for routing
Unnamed: 813,0,Export residue; no content in input,empty_export_padding,Carried through CSV only; not read for routing
Unnamed: 814,0,Export residue; no content in input,empty_export_padding,Carried through CSV only; not read for routing
Unnamed: 815,0,Export residue; no content in input,empty_export_padding,Carried through CSV only; not read for routing
Unnamed: 816,0,Export residue; no content in input,empty_export_padding,Carried through CSV only; not read for routing
Unnamed: 817,0,Export residue; no content in input,empty_export_padding,Carried through CSV only; not read for routing
Unnamed: 818,0,Export residue; no content in input,empty_export_padding,Carried through CSV only; not read for routing
Unnamed: 819,0,Export residue; no content in input,empty_export_padding,Carried through CSV only; not read for routing
Unnamed: 820,0,Export residue; no content in input,empty_export_padding,Carried through CSV only; not read for routing
Unnamed: 821,0,Export residue; no content in input,empty_export_padding,Carried through CSV only; not read for routing
Unnamed: 822,0,Export residue; no content in input,empty_export_padding,Carried through CSV only; not read for routing
Unnamed: 823,0,Export residue; no content in input,empty_export_padding,Carried through CSV only; not read for routing
Unnamed: 824,0,Export residue; no content in input,empty_export_padding,Carried through CSV only; not read for routing
Unnamed: 825,0,Export residue; no content in input,empty_export_padding,Carried through CSV only; not read for routing
Unnamed: 826,0,Export residue; no content in input,empty_export_padding,Carried through CSV only; not read for routing
Unnamed: 827,0,Export residue; no content in input,empty_export_padding,Carried through CSV only; not read for routing
Unnamed: 828,0,Export residue; no content in input,empty_export_padding,Carried through CSV only; not read for routing
Unnamed: 829,0,Export residue; no content in input,empty_export_padding,Carried through CSV only; not read for routing
Unnamed: 830,0,Export residue; no content in input,empty_export_padding,Carried through CSV only; not read for routing
Unnamed: 831,0,Export residue; no content in input,empty_export_padding,Carried through CSV only; not read for routing
Unnamed: 832,0,Export residue; no content in input,empty_export_padding,Carried through CSV only; not read for routing
Unnamed: 833,0,Export residue; no content in input,empty_export_padding,Carried through CSV only; not read for routing
Unnamed: 834,0,Export residue; no content in input,empty_export_padding,Carried through CSV only; not read for routing
Unnamed: 835,0,Export residue; no content in input,empty_export_padding,Carried through CSV only; not read for routing
Unnamed: 836,0,Export residue; no content in input,empty_export_padding,Carried through CSV only; not read for routing
Unnamed: 837,0,Export residue; no content in input,empty_export_padding,Carried through CSV only; not read for routing
Unnamed: 838,0,Export residue; no content in input,empty_export_padding,Carried through CSV only; not read for routing
Unnamed: 839,0,Export residue; no content in input,empty_export_padding,Carried through CSV only; not read for routing
Unnamed: 840,0,Export residue; no content in input,empty_export_padding,Carried through CSV only; not read for routing
Unnamed: 841,0,Export residue; no content in input,empty_export_padding,Carried through CSV only; not read for routing
Unnamed: 842,0,Export residue; no content in input,empty_export_padding,Carried through CSV only; not read for routing
Unnamed: 843,0,Export residue; no content in input,empty_export_padding,Carried through CSV only; not read for routing
Unnamed: 844,0,Export residue; no content in input,empty_export_padding,Carried through CSV only; not read for routing
Unnamed: 845,0,Export residue; no content in input,empty_export_padding,Carried through CSV only; not read for routing
Unnamed: 846,0,Export residue; no content in input,empty_export_padding,Carried through CSV only; not read for routing
Unnamed: 847,0,Export residue; no content in input,empty_export_padding,Carried through CSV only; not read for routing
Unnamed: 848,0,Export residue; no content in input,empty_export_padding,Carried through CSV only; not read for routing
Unnamed: 849,0,Export residue; no content in input,empty_export_padding,Carried through CSV only; not read for routing
Unnamed: 850,0,Export residue; no content in input,empty_export_padding,Carried through CSV only; not read for routing
Unnamed: 851,0,Export residue; no content in input,empty_export_padding,Carried through CSV only; not read for routing
Unnamed: 852,0,Export residue; no content in input,empty_export_padding,Carried through CSV only; not read for routing
Unnamed: 853,0,Export residue; no content in input,empty_export_padding,Carried through CSV only; not read for routing
Unnamed: 854,0,Export residue; no content in input,empty_export_padding,Carried through CSV only; not read for routing
Unnamed: 855,0,Export residue; no content in input,empty_export_padding,Carried through CSV only; not read for routing
Unnamed: 856,0,Export residue; no content in input,empty_export_padding,Carried through CSV only; not read for routing
Unnamed: 857,0,Export residue; no content in input,empty_export_padding,Carried through CSV only; not read for routing
Unnamed: 858,0,Export residue; no content in input,empty_export_padding,Carried through CSV only; not read for routing
Unnamed: 859,0,Export residue; no content in input,empty_export_padding,Carried through CSV only; not read for routing
Unnamed: 860,0,Export residue; no content in input,empty_export_padding,Carried through CSV only; not read for routing
Unnamed: 861,0,Export residue; no content in input,empty_export_padding,Carried through CSV only; not read for routing
Unnamed: 862,0,Export residue; no content in input,empty_export_padding,Carried through CSV only; not read for routing
Unnamed: 863,0,Export residue; no content in input,empty_export_padding,Carried through CSV only; not read for routing
Unnamed: 864,0,Export residue; no content in input,empty_export_padding,Carried through CSV only; not read for routing
Unnamed: 865,0,Export residue; no content in input,empty_export_padding,Carried through CSV only; not read for routing
Unnamed: 866,0,Export residue; no content in input,empty_export_padding,Carried through CSV only; not read for routing
Unnamed: 867,0,Export residue; no content in input,empty_export_padding,Carried through CSV only; not read for routing
Unnamed: 868,0,Export residue; no content in input,empty_export_padding,Carried through CSV only; not read for routing
Unnamed: 869,0,Export residue; no content in input,empty_export_padding,Carried through CSV only; not read for routing
Unnamed: 870,0,Export residue; no content in input,empty_export_padding,Carried through CSV only; not read for routing
Unnamed: 871,0,Export residue; no content in input,empty_export_padding,Carried through CSV only; not read for routing
Unnamed: 872,0,Export residue; no content in input,empty_export_padding,Carried through CSV only; not read for routing
Unnamed: 873,0,Export residue; no content in input,empty_export_padding,Carried through CSV only; not read for routing
Unnamed: 874,0,Export residue; no content in input,empty_export_padding,Carried through CSV only; not read for routing
Unnamed: 875,0,Export residue; no content in input,empty_export_padding,Carried through CSV only; not read for routing
Unnamed: 876,0,Export residue; no content in input,empty_export_padding,Carried through CSV only; not read for routing
Unnamed: 877,0,Export residue; no content in input,empty_export_padding,Carried through CSV only; not read for routing
Unnamed: 878,0,Export residue; no content in input,empty_export_padding,Carried through CSV only; not read for routing
Unnamed: 879,0,Export residue; no content in input,empty_export_padding,Carried through CSV only; not read for routing
Unnamed: 880,0,Export residue; no content in input,empty_export_padding,Carried through CSV only; not read for routing
Unnamed: 881,0,Export residue; no content in input,empty_export_padding,Carried through CSV only; not read for routing
Unnamed: 882,0,Export residue; no content in input,empty_export_padding,Carried through CSV only; not read for routing
Unnamed: 883,0,Export residue; no content in input,empty_export_padding,Carried through CSV only; not read for routing
Unnamed: 884,0,Export residue; no content in input,empty_export_padding,Carried through CSV only; not read for routing
Unnamed: 885,0,Export residue; no content in input,empty_export_padding,Carried through CSV only; not read for routing
Unnamed: 886,0,Export residue; no content in input,empty_export_padding,Carried through CSV only; not read for routing
Unnamed: 887,0,Export residue; no content in input,empty_export_padding,Carried through CSV only; not read for routing
Unnamed: 888,0,Export residue; no content in input,empty_export_padding,Carried through CSV only; not read for routing
Unnamed: 889,0,Export residue; no content in input,empty_export_padding,Carried through CSV only; not read for routing
Unnamed: 890,0,Export residue; no content in input,empty_export_padding,Carried through CSV only; not read for routing
Unnamed: 891,0,Export residue; no content in input,empty_export_padding,Carried through CSV only; not read for routing
Unnamed: 892,0,Export residue; no content in input,empty_export_padding,Carried through CSV only; not read for routing
Unnamed: 893,0,Export residue; no content in input,empty_export_padding,Carried through CSV only; not read for routing
Unnamed: 894,0,Export residue; no content in input,empty_export_padding,Carried through CSV only; not read for routing
Unnamed: 895,0,Export residue; no content in input,empty_export_padding,Carried through CSV only; not read for routing
Unnamed: 896,0,Export residue; no content in input,empty_export_padding,Carried through CSV only; not read for routing
Unnamed: 897,0,Export residue; no content in input,empty_export_padding,Carried through CSV only; not read for routing
Unnamed: 898,0,Export residue; no content in input,empty_export_padding,Carried through CSV only; not read for routing
Unnamed: 899,0,Export residue; no content in input,empty_export_padding,Carried through CSV only; not read for routing
Unnamed: 900,0,Export residue; no content in input,empty_export_padding,Carried through CSV only; not read for routing
Unnamed: 901,0,Export residue; no content in input,empty_export_padding,Carried through CSV only; not read for routing
Unnamed: 902,0,Export residue; no content in input,empty_export_padding,Carried through CSV only; not read for routing
Unnamed: 903,0,Export residue; no content in input,empty_export_padding,Carried through CSV only; not read for routing
Unnamed: 904,0,Export residue; no content in input,empty_export_padding,Carried through CSV only; not read for routing
Unnamed: 905,0,Export residue; no content in input,empty_export_padding,Carried through CSV only; not read for routing
Unnamed: 906,0,Export residue; no content in input,empty_export_padding,Carried through CSV only; not read for routing
Unnamed: 907,0,Export residue; no content in input,empty_export_padding,Carried through CSV only; not read for routing
Unnamed: 908,0,Export residue; no content in input,empty_export_padding,Carried through CSV only; not read for routing
Unnamed: 909,0,Export residue; no content in input,empty_export_padding,Carried through CSV only; not read for routing
Unnamed: 910,0,Export residue; no content in input,empty_export_padding,Carried through CSV only; not read for routing
Unnamed: 911,0,Export residue; no content in input,empty_export_padding,Carried through CSV only; not read for routing
Unnamed: 912,0,Export residue; no content in input,empty_export_padding,Carried through CSV only; not read for routing
Unnamed: 913,0,Export residue; no content in input,empty_export_padding,Carried through CSV only; not read for routing
Unnamed: 914,0,Export residue; no content in input,empty_export_padding,Carried through CSV only; not read for routing
Unnamed: 915,0,Export residue; no content in input,empty_export_padding,Carried through CSV only; not read for routing
Unnamed: 916,0,Export residue; no content in input,empty_export_padding,Carried through CSV only; not read for routing
Unnamed: 917,0,Export residue; no content in input,empty_export_padding,Carried through CSV only; not read for routing
Unnamed: 918,0,Export residue; no content in input,empty_export_padding,Carried through CSV only; not read for routing
Unnamed: 919,0,Export residue; no content in input,empty_export_padding,Carried through CSV only; not read for routing
Unnamed: 920,0,Export residue; no content in input,empty_export_padding,Carried through CSV only; not read for routing
Unnamed: 921,0,Export residue; no content in input,empty_export_padding,Carried through CSV only; not read for routing
Unnamed: 922,0,Export residue; no content in input,empty_export_padding,Carried through CSV only; not read for routing
Unnamed: 923,0,Export residue; no content in input,empty_export_padding,Carried through CSV only; not read for routing
Unnamed: 924,0,Export residue; no content in input,empty_export_padding,Carried through CSV only; not read for routing
Unnamed: 925,0,Export residue; no content in input,empty_export_padding,Carried through CSV only; not read for routing
Unnamed: 926,0,Export residue; no content in input,empty_export_padding,Carried through CSV only; not read for routing
Unnamed: 927,0,Export residue; no content in input,empty_export_padding,Carried through CSV only; not read for routing
Unnamed: 928,0,Export residue; no content in input,empty_export_padding,Carried through CSV only; not read for routing
Unnamed: 929,0,Export residue; no content in input,empty_export_padding,Carried through CSV only; not read for routing
Unnamed: 930,0,Export residue; no content in input,empty_export_padding,Carried through CSV only; not read for routing
Unnamed: 931,0,Export residue; no content in input,empty_export_padding,Carried through CSV only; not read for routing
Unnamed: 932,0,Export residue; no content in input,empty_export_padding,Carried through CSV only; not read for routing
Unnamed: 933,0,Export residue; no content in input,empty_export_padding,Carried through CSV only; not read for routing
Unnamed: 934,0,Export residue; no content in input,empty_export_padding,Carried through CSV only; not read for routing
Unnamed: 935,0,Export residue; no content in input,empty_export_padding,Carried through CSV only; not read for routing
Unnamed: 936,0,Export residue; no content in input,empty_export_padding,Carried through CSV only; not read for routing
Unnamed: 937,0,Export residue; no content in input,empty_export_padding,Carried through CSV only; not read for routing
Unnamed: 938,0,Export residue; no content in input,empty_export_padding,Carried through CSV only; not read for routing
Unnamed: 939,0,Export residue; no content in input,empty_export_padding,Carried through CSV only; not read for routing
Unnamed: 940,0,Export residue; no content in input,empty_export_padding,Carried through CSV only; not read for routing
Unnamed: 941,0,Export residue; no content in input,empty_export_padding,Carried through CSV only; not read for routing
Unnamed: 942,0,Export residue; no content in input,empty_export_padding,Carried through CSV only; not read for routing
Unnamed: 943,0,Export residue; no content in input,empty_export_padding,Carried through CSV only; not read for routing
Unnamed: 944,0,Export residue; no content in input,empty_export_padding,Carried through CSV only; not read for routing
Unnamed: 945,0,Export residue; no content in input,empty_export_padding,Carried through CSV only; not read for routing
Unnamed: 946,0,Export residue; no content in input,empty_export_padding,Carried through CSV only; not read for routing
Unnamed: 947,0,Export residue; no content in input,empty_export_padding,Carried through CSV only; not read for routing
Unnamed: 948,0,Export residue; no content in input,empty_export_padding,Carried through CSV only; not read for routing
Unnamed: 949,0,Export residue; no content in input,empty_export_padding,Carried through CSV only; not read for routing
Unnamed: 950,0,Export residue; no content in input,empty_export_padding,Carried through CSV only; not read for routing
Unnamed: 951,0,Export residue; no content in input,empty_export_padding,Carried through CSV only; not read for routing
Unnamed: 952,0,Export residue; no content in input,empty_export_padding,Carried through CSV only; not read for routing
Unnamed: 953,0,Export residue; no content in input,empty_export_padding,Carried through CSV only; not read for routing
Unnamed: 954,0,Export residue; no content in input,empty_export_padding,Carried through CSV only; not read for routing
Unnamed: 955,0,Export residue; no content in input,empty_export_padding,Carried through CSV only; not read for routing
Unnamed: 956,0,Export residue; no content in input,empty_export_padding,Carried through CSV only; not read for routing
Unnamed: 957,0,Export residue; no content in input,empty_export_padding,Carried through CSV only; not read for routing
Unnamed: 958,0,Export residue; no content in input,empty_export_padding,Carried through CSV only; not read for routing
Unnamed: 959,0,Export residue; no content in input,empty_export_padding,Carried through CSV only; not read for routing
Unnamed: 960,0,Export residue; no content in input,empty_export_padding,Carried through CSV only; not read for routing
Unnamed: 961,0,Export residue; no content in input,empty_export_padding,Carried through CSV only; not read for routing
Unnamed: 962,0,Export residue; no content in input,empty_export_padding,Carried through CSV only; not read for routing
Unnamed: 963,0,Export residue; no content in input,empty_export_padding,Carried through CSV only; not read for routing
Unnamed: 964,0,Export residue; no content in input,empty_export_padding,Carried through CSV only; not read for routing
Unnamed: 965,0,Export residue; no content in input,empty_export_padding,Carried through CSV only; not read for routing
Unnamed: 966,0,Export residue; no content in input,empty_export_padding,Carried through CSV only; not read for routing
Unnamed: 967,0,Export residue; no content in input,empty_export_padding,Carried through CSV only; not read for routing
Unnamed: 968,0,Export residue; no content in input,empty_export_padding,Carried through CSV only; not read for routing
Unnamed: 969,0,Export residue; no content in input,empty_export_padding,Carried through CSV only; not read for routing
Unnamed: 970,0,Export residue; no content in input,empty_export_padding,Carried through CSV only; not read for routing
Unnamed: 971,0,Export residue; no content in input,empty_export_padding,Carried through CSV only; not read for routing
Unnamed: 972,0,Export residue; no content in input,empty_export_padding,Carried through CSV only; not read for routing
Unnamed: 973,0,Export residue; no content in input,empty_export_padding,Carried through CSV only; not read for routing
Unnamed: 974,0,Export residue; no content in input,empty_export_padding,Carried through CSV only; not read for routing
Unnamed: 975,0,Export residue; no content in input,empty_export_padding,Carried through CSV only; not read for routing
Unnamed: 976,0,Export residue; no content in input,empty_export_padding,Carried through CSV only; not read for routing
Unnamed: 977,0,Export residue; no content in input,empty_export_padding,Carried through CSV only; not read for routing
Unnamed: 978,0,Export residue; no content in input,empty_export_padding,Carried through CSV only; not read for routing
Unnamed: 979,0,Export residue; no content in input,empty_export_padding,Carried through CSV only; not read for routing
Unnamed: 980,0,Export residue; no content in input,empty_export_padding,Carried through CSV only; not read for routing
Unnamed: 981,0,Export residue; no content in input,empty_export_padding,Carried through CSV only; not read for routing
Unnamed: 982,0,Export residue; no content in input,empty_export_padding,Carried through CSV only; not read for routing
Unnamed: 983,0,Export residue; no content in input,empty_export_padding,Carried through CSV only; not read for routing
Unnamed: 984,0,Export residue; no content in input,empty_export_padding,Carried through CSV only; not read for routing
Unnamed: 985,0,Export residue; no content in input,empty_export_padding,Carried through CSV only; not read for routing
Unnamed: 986,0,Export residue; no content in input,empty_export_padding,Carried through CSV only; not read for routing
Unnamed: 987,0,Export residue; no content in input,empty_export_padding,Carried through CSV only; not read for routing
Unnamed: 988,0,Export residue; no content in input,empty_export_padding,Carried through CSV only; not read for routing
Unnamed: 989,0,Export residue; no content in input,empty_export_padding,Carried through CSV only; not read for routing
Unnamed: 990,0,Export residue; no content in input,empty_export_padding,Carried through CSV only; not read for routing
Unnamed: 991,0,Export residue; no content in input,empty_export_padding,Carried through CSV only; not read for routing
Unnamed: 992,0,Export residue; no content in input,empty_export_padding,Carried through CSV only; not read for routing
Unnamed: 993,0,Export residue; no content in input,empty_export_padding,Carried through CSV only; not read for routing
Unnamed: 994,0,Export residue; no content in input,empty_export_padding,Carried through CSV only; not read for routing
Unnamed: 995,0,Export residue; no content in input,empty_export_padding,Carried through CSV only; not read for routing
Unnamed: 996,0,Export residue; no content in input,empty_export_padding,Carried through CSV only; not read for routing
Unnamed: 997,0,Export residue; no content in input,empty_export_padding,Carried through CSV only; not read for routing
Unnamed: 998,0,Export residue; no content in input,empty_export_padding,Carried through CSV only; not read for routing
Unnamed: 999,0,Export residue; no content in input,empty_export_padding,Carried through CSV only; not read for routing
Unnamed: 1000,0,Export residue; no content in input,empty_export_padding,Carried through CSV only; not read for routing
Unnamed: 1001,0,Export residue; no content in input,empty_export_padding,Carried through CSV only; not read for routing
Unnamed: 1002,0,Export residue; no content in input,empty_export_padding,Carried through CSV only; not read for routing
Unnamed: 1003,0,Export residue; no content in input,empty_export_padding,Carried through CSV only; not read for routing
Unnamed: 1004,0,Export residue; no content in input,empty_export_padding,Carried through CSV only; not read for routing
Unnamed: 1005,0,Export residue; no content in input,empty_export_padding,Carried through CSV only; not read for routing
Unnamed: 1006,0,Export residue; no content in input,empty_export_padding,Carried through CSV only; not read for routing
Unnamed: 1007,0,Export residue; no content in input,empty_export_padding,Carried through CSV only; not read for routing
Unnamed: 1008,0,Export residue; no content in input,empty_export_padding,Carried through CSV only; not read for routing
Unnamed: 1009,0,Export residue; no content in input,empty_export_padding,Carried through CSV only; not read for routing
Unnamed: 1010,0,Export residue; no content in input,empty_export_padding,Carried through CSV only; not read for routing
Unnamed: 1011,0,Export residue; no content in input,empty_export_padding,Carried through CSV only; not read for routing
Unnamed: 1012,0,Export residue; no content in input,empty_export_padding,Carried through CSV only; not read for routing
Unnamed: 1013,0,Export residue; no content in input,empty_export_padding,Carried through CSV only; not read for routing
Unnamed: 1014,0,Export residue; no content in input,empty_export_padding,Carried through CSV only; not read for routing
Unnamed: 1015,0,Export residue; no content in input,empty_export_padding,Carried through CSV only; not read for routing
Unnamed: 1016,0,Export residue; no content in input,empty_export_padding,Carried through CSV only; not read for routing
Unnamed: 1017,0,Export residue; no content in input,empty_export_padding,Carried through CSV only; not read for routing
Unnamed: 1018,0,Export residue; no content in input,empty_export_padding,Carried through CSV only; not read for routing
Unnamed: 1019,0,Export residue; no content in input,empty_export_padding,Carried through CSV only; not read for routing
Unnamed: 1020,0,Export residue; no content in input,empty_export_padding,Carried through CSV only; not read for routing
Unnamed: 1021,0,Export residue; no content in input,empty_export_padding,Carried through CSV only; not read for routing
Unnamed: 1022,0,Export residue; no content in input,empty_export_padding,Carried through CSV only; not read for routing
Unnamed: 1023,0,Export residue; no content in input,empty_export_padding,Carried through CSV only; not read for routing
Unnamed: 1024,0,Export residue; no content in input,empty_export_padding,Carried through CSV only; not read for routing
Unnamed: 1025,0,Export residue; no content in input,empty_export_padding,Carried through CSV only; not read for routing
Unnamed: 1026,0,Export residue; no content in input,empty_export_padding,Carried through CSV only; not read for routing
Unnamed: 1027,0,Export residue; no content in input,empty_export_padding,Carried through CSV only; not read for routing
Unnamed: 1028,0,Export residue; no content in input,empty_export_padding,Carried through CSV only; not read for routing
Unnamed: 1029,0,Export residue; no content in input,empty_export_padding,Carried through CSV only; not read for routing
Unnamed: 1030,0,Export residue; no content in input,empty_export_padding,Carried through CSV only; not read for routing
Unnamed: 1031,0,Export residue; no content in input,empty_export_padding,Carried through CSV only; not read for routing
Unnamed: 1032,0,Export residue; no content in input,empty_export_padding,Carried through CSV only; not read for routing
Unnamed: 1033,0,Export residue; no content in input,empty_export_padding,Carried through CSV only; not read for routing
Unnamed: 1034,0,Export residue; no content in input,empty_export_padding,Carried through CSV only; not read for routing
Unnamed: 1035,0,Export residue; no content in input,empty_export_padding,Carried through CSV only; not read for routing
Unnamed: 1036,0,Export residue; no content in input,empty_export_padding,Carried through CSV only; not read for routing
Unnamed: 1037,0,Export residue; no content in input,empty_export_padding,Carried through CSV only; not read for routing
Unnamed: 1038,0,Export residue; no content in input,empty_export_padding,Carried through CSV only; not read for routing
Unnamed: 1039,0,Export residue; no content in input,empty_export_padding,Carried through CSV only; not read for routing
Unnamed: 1040,0,Export residue; no content in input,empty_export_padding,Carried through CSV only; not read for routing
Unnamed: 1041,0,Export residue; no content in input,empty_export_padding,Carried through CSV only; not read for routing
Unnamed: 1042,0,Export residue; no content in input,empty_export_padding,Carried through CSV only; not read for routing
Unnamed: 1043,0,Export residue; no content in input,empty_export_padding,Carried through CSV only; not read for routing
Unnamed: 1044,0,Export residue; no content in input,empty_export_padding,Carried through CSV only; not read for routing
Unnamed: 1045,0,Export residue; no content in input,empty_export_padding,Carried through CSV only; not read for routing
Unnamed: 1046,0,Export residue; no content in input,empty_export_padding,Carried through CSV only; not read for routing
Unnamed: 1047,0,Export residue; no content in input,empty_export_padding,Carried through CSV only; not read for routing
Unnamed: 1048,0,Export residue; no content in input,empty_export_padding,Carried through CSV only; not read for routing
Unnamed: 1049,0,Export residue; no content in input,empty_export_padding,Carried through CSV only; not read for routing
Unnamed: 1050,0,Export residue; no content in input,empty_export_padding,Carried through CSV only; not read for routing
Unnamed: 1051,0,Export residue; no content in input,empty_export_padding,Carried through CSV only; not read for routing
Unnamed: 1052,0,Export residue; no content in input,empty_export_padding,Carried through CSV only; not read for routing
Unnamed: 1053,0,Export residue; no content in input,empty_export_padding,Carried through CSV only; not read for routing
Unnamed: 1054,0,Export residue; no content in input,empty_export_padding,Carried through CSV only; not read for routing
Unnamed: 1055,0,Export residue; no content in input,empty_export_padding,Carried through CSV only; not read for routing
Unnamed: 1056,0,Export residue; no content in input,empty_export_padding,Carried through CSV only; not read for routing
Unnamed: 1057,0,Export residue; no content in input,empty_export_padding,Carried through CSV only; not read for routing
Unnamed: 1058,0,Export residue; no content in input,empty_export_padding,Carried through CSV only; not read for routing
Unnamed: 1059,0,Export residue; no content in input,empty_export_padding,Carried through CSV only; not read for routing
Unnamed: 1060,0,Export residue; no content in input,empty_export_padding,Carried through CSV only; not read for routing
Unnamed: 1061,0,Export residue; no content in input,empty_export_padding,Carried through CSV only; not read for routing
Unnamed: 1062,0,Export residue; no content in input,empty_export_padding,Carried through CSV only; not read for routing
Unnamed: 1063,0,Export residue; no content in input,empty_export_padding,Carried through CSV only; not read for routing
Unnamed: 1064,0,Export residue; no content in input,empty_export_padding,Carried through CSV only; not read for routing
Unnamed: 1065,0,Export residue; no content in input,empty_export_padding,Carried through CSV only; not read for routing
Unnamed: 1066,0,Export residue; no content in input,empty_export_padding,Carried through CSV only; not read for routing
Unnamed: 1067,0,Export residue; no content in input,empty_export_padding,Carried through CSV only; not read for routing
Unnamed: 1068,0,Export residue; no content in input,empty_export_padding,Carried through CSV only; not read for routing
Unnamed: 1069,0,Export residue; no content in input,empty_export_padding,Carried through CSV only; not read for routing
Unnamed: 1070,0,Export residue; no content in input,empty_export_padding,Carried through CSV only; not read for routing
Unnamed: 1071,0,Export residue; no content in input,empty_export_padding,Carried through CSV only; not read for routing
Unnamed: 1072,0,Export residue; no content in input,empty_export_padding,Carried through CSV only; not read for routing
Unnamed: 1073,0,Export residue; no content in input,empty_export_padding,Carried through CSV only; not read for routing
Unnamed: 1074,0,Export residue; no content in input,empty_export_padding,Carried through CSV only; not read for routing
Unnamed: 1075,0,Export residue; no content in input,empty_export_padding,Carried through CSV only; not read for routing
Unnamed: 1076,0,Export residue; no content in input,empty_export_padding,Carried through CSV only; not read for routing
Unnamed: 1077,0,Export residue; no content in input,empty_export_padding,Carried through CSV only; not read for routing
Unnamed: 1078,0,Export residue; no content in input,empty_export_padding,Carried through CSV only; not read for routing
Unnamed: 1079,0,Export residue; no content in input,empty_export_padding,Carried through CSV only; not read for routing
Unnamed: 1080,0,Export residue; no content in input,empty_export_padding,Carried through CSV only; not read for routing
Unnamed: 1081,0,Export residue; no content in input,empty_export_padding,Carried through CSV only; not read for routing
Unnamed: 1082,0,Export residue; no content in input,empty_export_padding,Carried through CSV only; not read for routing
Unnamed: 1083,0,Export residue; no content in input,empty_export_padding,Carried through CSV only; not read for routing
Unnamed: 1084,0,Export residue; no content in input,empty_export_padding,Carried through CSV only; not read for routing
Unnamed: 1085,0,Export residue; no content in input,empty_export_padding,Carried through CSV only; not read for routing
Unnamed: 1086,0,Export residue; no content in input,empty_export_padding,Carried through CSV only; not read for routing
Unnamed: 1087,0,Export residue; no content in input,empty_export_padding,Carried through CSV only; not read for routing
Unnamed: 1088,0,Export residue; no content in input,empty_export_padding,Carried through CSV only; not read for routing
Unnamed: 1089,0,Export residue; no content in input,empty_export_padding,Carried through CSV only; not read for routing
Unnamed: 1090,0,Export residue; no content in input,empty_export_padding,Carried through CSV only; not read for routing
Unnamed: 1091,0,Export residue; no content in input,empty_export_padding,Carried through CSV only; not read for routing
Unnamed: 1092,0,Export residue; no content in input,empty_export_padding,Carried through CSV only; not read for routing
Unnamed: 1093,0,Export residue; no content in input,empty_export_padding,Carried through CSV only; not read for routing
Unnamed: 1094,0,Export residue; no content in input,empty_export_padding,Carried through CSV only; not read for routing
Unnamed: 1095,0,Export residue; no content in input,empty_export_padding,Carried through CSV only; not read for routing
Unnamed: 1096,0,Export residue; no content in input,empty_export_padding,Carried through CSV only; not read for routing
Unnamed: 1097,0,Export residue; no content in input,empty_export_padding,Carried through CSV only; not read for routing
Unnamed: 1098,0,Export residue; no content in input,empty_export_padding,Carried through CSV only; not read for routing
Unnamed: 1099,0,Export residue; no content in input,empty_export_padding,Carried through CSV only; not read for routing
Unnamed: 1100,0,Export residue; no content in input,empty_export_padding,Carried through CSV only; not read for routing
Unnamed: 1101,0,Export residue; no content in input,empty_export_padding,Carried through CSV only; not read for routing
Unnamed: 1102,0,Export residue; no content in input,empty_export_padding,Carried through CSV only; not read for routing
Unnamed: 1103,0,Export residue; no content in input,empty_export_padding,Carried through CSV only; not read for routing
Unnamed: 1104,0,Export residue; no content in input,empty_export_padding,Carried through CSV only; not read for routing
Unnamed: 1105,0,Export residue; no content in input,empty_export_padding,Carried through CSV only; not read for routing
Unnamed: 1106,0,Export residue; no content in input,empty_export_padding,Carried through CSV only; not read for routing
Unnamed: 1107,0,Export residue; no content in input,empty_export_padding,Carried through CSV only; not read for routing
Unnamed: 1108,0,Export residue; no content in input,empty_export_padding,Carried through CSV only; not read for routing
Unnamed: 1109,0,Export residue; no content in input,empty_export_padding,Carried through CSV only; not read for routing
Unnamed: 1110,0,Export residue; no content in input,empty_export_padding,Carried through CSV only; not read for routing
Unnamed: 1111,0,Export residue; no content in input,empty_export_padding,Carried through CSV only; not read for routing
Unnamed: 1112,0,Export residue; no content in input,empty_export_padding,Carried through CSV only; not read for routing
Unnamed: 1113,0,Export residue; no content in input,empty_export_padding,Carried through CSV only; not read for routing
Unnamed: 1114,0,Export residue; no content in input,empty_export_padding,Carried through CSV only; not read for routing
Unnamed: 1115,0,Export residue; no content in input,empty_export_padding,Carried through CSV only; not read for routing
Unnamed: 1116,0,Export residue; no content in input,empty_export_padding,Carried through CSV only; not read for routing
Unnamed: 1117,0,Export residue; no content in input,empty_export_padding,Carried through CSV only; not read for routing
Unnamed: 1118,0,Export residue; no content in input,empty_export_padding,Carried through CSV only; not read for routing
Unnamed: 1119,0,Export residue; no content in input,empty_export_padding,Carried through CSV only; not read for routing
Unnamed: 1120,0,Export residue; no content in input,empty_export_padding,Carried through CSV only; not read for routing
Unnamed: 1121,0,Export residue; no content in input,empty_export_padding,Carried through CSV only; not read for routing
Unnamed: 1122,0,Export residue; no content in input,empty_export_padding,Carried through CSV only; not read for routing
Unnamed: 1123,0,Export residue; no content in input,empty_export_padding,Carried through CSV only; not read for routing
Unnamed: 1124,0,Export residue; no content in input,empty_export_padding,Carried through CSV only; not read for routing
Unnamed: 1125,0,Export residue; no content in input,empty_export_padding,Carried through CSV only; not read for routing
Unnamed: 1126,0,Export residue; no content in input,empty_export_padding,Carried through CSV only; not read for routing
Unnamed: 1127,0,Export residue; no content in input,empty_export_padding,Carried through CSV only; not read for routing
Unnamed: 1128,0,Export residue; no content in input,empty_export_padding,Carried through CSV only; not read for routing
Unnamed: 1129,0,Export residue; no content in input,empty_export_padding,Carried through CSV only; not read for routing
Unnamed: 1130,0,Export residue; no content in input,empty_export_padding,Carried through CSV only; not read for routing
Unnamed: 1131,0,Export residue; no content in input,empty_export_padding,Carried through CSV only; not read for routing
Unnamed: 1132,0,Export residue; no content in input,empty_export_padding,Carried through CSV only; not read for routing
Unnamed: 1133,0,Export residue; no content in input,empty_export_padding,Carried through CSV only; not read for routing
Unnamed: 1134,0,Export residue; no content in input,empty_export_padding,Carried through CSV only; not read for routing
Unnamed: 1135,0,Export residue; no content in input,empty_export_padding,Carried through CSV only; not read for routing
Unnamed: 1136,0,Export residue; no content in input,empty_export_padding,Carried through CSV only; not read for routing
Unnamed: 1137,0,Export residue; no content in input,empty_export_padding,Carried through CSV only; not read for routing
Unnamed: 1138,0,Export residue; no content in input,empty_export_padding,Carried through CSV only; not read for routing
Unnamed: 1139,0,Export residue; no content in input,empty_export_padding,Carried through CSV only; not read for routing
Unnamed: 1140,0,Export residue; no content in input,empty_export_padding,Carried through CSV only; not read for routing
Unnamed: 1141,0,Export residue; no content in input,empty_export_padding,Carried through CSV only; not read for routing
Unnamed: 1142,0,Export residue; no content in input,empty_export_padding,Carried through CSV only; not read for routing
Unnamed: 1143,0,Export residue; no content in input,empty_export_padding,Carried through CSV only; not read for routing
Unnamed: 1144,0,Export residue; no content in input,empty_export_padding,Carried through CSV only; not read for routing
Unnamed: 1145,0,Export residue; no content in input,empty_export_padding,Carried through CSV only; not read for routing
Unnamed: 1146,0,Export residue; no content in input,empty_export_padding,Carried through CSV only; not read for routing
Unnamed: 1147,0,Export residue; no content in input,empty_export_padding,Carried through CSV only; not read for routing
Unnamed: 1148,0,Export residue; no content in input,empty_export_padding,Carried through CSV only; not read for routing
Unnamed: 1149,0,Export residue; no content in input,empty_export_padding,Carried through CSV only; not read for routing
Unnamed: 1150,0,Export residue; no content in input,empty_export_padding,Carried through CSV only; not read for routing
Unnamed: 1151,0,Export residue; no content in input,empty_export_padding,Carried through CSV only; not read for routing
Unnamed: 1152,0,Export residue; no content in input,empty_export_padding,Carried through CSV only; not read for routing
Unnamed: 1153,0,Export residue; no content in input,empty_export_padding,Carried through CSV only; not read for routing
Unnamed: 1154,0,Export residue; no content in input,empty_export_padding,Carried through CSV only; not read for routing
Unnamed: 1155,0,Export residue; no content in input,empty_export_padding,Carried through CSV only; not read for routing
Unnamed: 1156,0,Export residue; no content in input,empty_export_padding,Carried through CSV only; not read for routing
Unnamed: 1157,0,Export residue; no content in input,empty_export_padding,Carried through CSV only; not read for routing
Unnamed: 1158,0,Export residue; no content in input,empty_export_padding,Carried through CSV only; not read for routing
Unnamed: 1159,0,Export residue; no content in input,empty_export_padding,Carried through CSV only; not read for routing
Unnamed: 1160,0,Export residue; no content in input,empty_export_padding,Carried through CSV only; not read for routing
Unnamed: 1161,0,Export residue; no content in input,empty_export_padding,Carried through CSV only; not read for routing
Unnamed: 1162,0,Export residue; no content in input,empty_export_padding,Carried through CSV only; not read for routing
Unnamed: 1163,0,Export residue; no content in input,empty_export_padding,Carried through CSV only; not read for routing
Unnamed: 1164,0,Export residue; no content in input,empty_export_padding,Carried through CSV only; not read for routing
Unnamed: 1165,0,Export residue; no content in input,empty_export_padding,Carried through CSV only; not read for routing
Unnamed: 1166,0,Export residue; no content in input,empty_export_padding,Carried through CSV only; not read for routing
Unnamed: 1167,0,Export residue; no content in input,empty_export_padding,Carried through CSV only; not read for routing
Unnamed: 1168,0,Export residue; no content in input,empty_export_padding,Carried through CSV only; not read for routing
Unnamed: 1169,0,Export residue; no content in input,empty_export_padding,Carried through CSV only; not read for routing
Unnamed: 1170,0,Export residue; no content in input,empty_export_padding,Carried through CSV only; not read for routing
Unnamed: 1171,0,Export residue; no content in input,empty_export_padding,Carried through CSV only; not read for routing
Unnamed: 1172,0,Export residue; no content in input,empty_export_padding,Carried through CSV only; not read for routing
Unnamed: 1173,0,Export residue; no content in input,empty_export_padding,Carried through CSV only; not read for routing
Unnamed: 1174,0,Export residue; no content in input,empty_export_padding,Carried through CSV only; not read for routing
Unnamed: 1175,0,Export residue; no content in input,empty_export_padding,Carried through CSV only; not read for routing
Unnamed: 1176,0,Export residue; no content in input,empty_export_padding,Carried through CSV only; not read for routing
Unnamed: 1177,0,Export residue; no content in input,empty_export_padding,Carried through CSV only; not read for routing
Unnamed: 1178,0,Export residue; no content in input,empty_export_padding,Carried through CSV only; not read for routing
Unnamed: 1179,0,Export residue; no content in input,empty_export_padding,Carried through CSV only; not read for routing
Unnamed: 1180,0,Export residue; no content in input,empty_export_padding,Carried through CSV only; not read for routing
Unnamed: 1181,0,Export residue; no content in input,empty_export_padding,Carried through CSV only; not read for routing
Unnamed: 1182,0,Export residue; no content in input,empty_export_padding,Carried through CSV only; not read for routing
Unnamed: 1183,0,Export residue; no content in input,empty_export_padding,Carried through CSV only; not read for routing
Unnamed: 1184,0,Export residue; no content in input,empty_export_padding,Carried through CSV only; not read for routing
Unnamed: 1185,0,Export residue; no content in input,empty_export_padding,Carried through CSV only; not read for routing
Unnamed: 1186,0,Export residue; no content in input,empty_export_padding,Carried through CSV only; not read for routing
Unnamed: 1187,0,Export residue; no content in input,empty_export_padding,Carried through CSV only; not read for routing
Unnamed: 1188,0,Export residue; no content in input,empty_export_padding,Carried through CSV only; not read for routing
Unnamed: 1189,0,Export residue; no content in input,empty_export_padding,Carried through CSV only; not read for routing
Unnamed: 1190,0,Export residue; no content in input,empty_export_padding,Carried through CSV only; not read for routing
Unnamed: 1191,0,Export residue; no content in input,empty_export_padding,Carried through CSV only; not read for routing
Unnamed: 1192,0,Export residue; no content in input,empty_export_padding,Carried through CSV only; not read for routing
Unnamed: 1193,0,Export residue; no content in input,empty_export_padding,Carried through CSV only; not read for routing
Unnamed: 1194,0,Export residue; no content in input,empty_export_padding,Carried through CSV only; not read for routing
Unnamed: 1195,0,Export residue; no content in input,empty_export_padding,Carried through CSV only; not read for routing
Unnamed: 1196,0,Export residue; no content in input,empty_export_padding,Carried through CSV only; not read for routing
Unnamed: 1197,0,Export residue; no content in input,empty_export_padding,Carried through CSV only; not read for routing
Unnamed: 1198,0,Export residue; no content in input,empty_export_padding,Carried through CSV only; not read for routing
Unnamed: 1199,0,Export residue; no content in input,empty_export_padding,Carried through CSV only; not read for routing
Unnamed: 1200,0,Export residue; no content in input,empty_export_padding,Carried through CSV only; not read for routing
Unnamed: 1201,0,Export residue; no content in input,empty_export_padding,Carried through CSV only; not read for routing
Unnamed: 1202,0,Export residue; no content in input,empty_export_padding,Carried through CSV only; not read for routing
Unnamed: 1203,0,Export residue; no content in input,empty_export_padding,Carried through CSV only; not read for routing
Unnamed: 1204,0,Export residue; no content in input,empty_export_padding,Carried through CSV only; not read for routing
Unnamed: 1205,0,Export residue; no content in input,empty_export_padding,Carried through CSV only; not read for routing
Unnamed: 1206,0,Export residue; no content in input,empty_export_padding,Carried through CSV only; not read for routing
Unnamed: 1207,0,Export residue; no content in input,empty_export_padding,Carried through CSV only; not read for routing
Unnamed: 1208,0,Export residue; no content in input,empty_export_padding,Carried through CSV only; not read for routing
Unnamed: 1209,0,Export residue; no content in input,empty_export_padding,Carried through CSV only; not read for routing
Unnamed: 1210,0,Export residue; no content in input,empty_export_padding,Carried through CSV only; not read for routing
Unnamed: 1211,0,Export residue; no content in input,empty_export_padding,Carried through CSV only; not read for routing
Unnamed: 1212,0,Export residue; no content in input,empty_export_padding,Carried through CSV only; not read for routing
Unnamed: 1213,0,Export residue; no content in input,empty_export_padding,Carried through CSV only; not read for routing
Unnamed: 1214,0,Export residue; no content in input,empty_export_padding,Carried through CSV only; not read for routing
Unnamed: 1215,0,Export residue; no content in input,empty_export_padding,Carried through CSV only; not read for routing
Unnamed: 1216,0,Export residue; no content in input,empty_export_padding,Carried through CSV only; not read for routing
Unnamed: 1217,0,Export residue; no content in input,empty_export_padding,Carried through CSV only; not read for routing
Unnamed: 1218,0,Export residue; no content in input,empty_export_padding,Carried through CSV only; not read for routing
Unnamed: 1219,0,Export residue; no content in input,empty_export_padding,Carried through CSV only; not read for routing
Unnamed: 1220,0,Export residue; no content in input,empty_export_padding,Carried through CSV only; not read for routing
Unnamed: 1221,0,Export residue; no content in input,empty_export_padding,Carried through CSV only; not read for routing
Unnamed: 1222,0,Export residue; no content in input,empty_export_padding,Carried through CSV only; not read for routing
Unnamed: 1223,0,Export residue; no content in input,empty_export_padding,Carried through CSV only; not read for routing
Unnamed: 1224,0,Export residue; no content in input,empty_export_padding,Carried through CSV only; not read for routing
Unnamed: 1225,0,Export residue; no content in input,empty_export_padding,Carried through CSV only; not read for routing
Unnamed: 1226,0,Export residue; no content in input,empty_export_padding,Carried through CSV only; not read for routing
Unnamed: 1227,0,Export residue; no content in input,empty_export_padding,Carried through CSV only; not read for routing
Unnamed: 1228,0,Export residue; no content in input,empty_export_padding,Carried through CSV only; not read for routing
Unnamed: 1229,0,Export residue; no content in input,empty_export_padding,Carried through CSV only; not read for routing
Unnamed: 1230,0,Export residue; no content in input,empty_export_padding,Carried through CSV only; not read for routing
Unnamed: 1231,0,Export residue; no content in input,empty_export_padding,Carried through CSV only; not read for routing
Unnamed: 1232,0,Export residue; no content in input,empty_export_padding,Carried through CSV only; not read for routing
Unnamed: 1233,0,Export residue; no content in input,empty_export_padding,Carried through CSV only; not read for routing
Unnamed: 1234,0,Export residue; no content in input,empty_export_padding,Carried through CSV only; not read for routing
Unnamed: 1235,0,Export residue; no content in input,empty_export_padding,Carried through CSV only; not read for routing
Unnamed: 1236,0,Export residue; no content in input,empty_export_padding,Carried through CSV only; not read for routing
Unnamed: 1237,0,Export residue; no content in input,empty_export_padding,Carried through CSV only; not read for routing
Unnamed: 1238,0,Export residue; no content in input,empty_export_padding,Carried through CSV only; not read for routing
Unnamed: 1239,0,Export residue; no content in input,empty_export_padding,Carried through CSV only; not read for routing
Unnamed: 1240,0,Export residue; no content in input,empty_export_padding,Carried through CSV only; not read for routing
Unnamed: 1241,0,Export residue; no content in input,empty_export_padding,Carried through CSV only; not read for routing
Unnamed: 1242,0,Export residue; no content in input,empty_export_padding,Carried through CSV only; not read for routing
Unnamed: 1243,0,Export residue; no content in input,empty_export_padding,Carried through CSV only; not read for routing
Unnamed: 1244,0,Export residue; no content in input,empty_export_padding,Carried through CSV only; not read for routing
Unnamed: 1245,0,Export residue; no content in input,empty_export_padding,Carried through CSV only; not read for routing
Unnamed: 1246,0,Export residue; no content in input,empty_export_padding,Carried through CSV only; not read for routing
Unnamed: 1247,0,Export residue; no content in input,empty_export_padding,Carried through CSV only; not read for routing
Unnamed: 1248,0,Export residue; no content in input,empty_export_padding,Carried through CSV only; not read for routing
Unnamed: 1249,0,Export residue; no content in input,empty_export_padding,Carried through CSV only; not read for routing
Unnamed: 1250,0,Export residue; no content in input,empty_export_padding,Carried through CSV only; not read for routing
Unnamed: 1251,0,Export residue; no content in input,empty_export_padding,Carried through CSV only; not read for routing
Unnamed: 1252,0,Export residue; no content in input,empty_export_padding,Carried through CSV only; not read for routing
Unnamed: 1253,0,Export residue; no content in input,empty_export_padding,Carried through CSV only; not read for routing
Unnamed: 1254,0,Export residue; no content in input,empty_export_padding,Carried through CSV only; not read for routing
Unnamed: 1255,0,Export residue; no content in input,empty_export_padding,Carried through CSV only; not read for routing
Unnamed: 1256,0,Export residue; no content in input,empty_export_padding,Carried through CSV only; not read for routing
Unnamed: 1257,0,Export residue; no content in input,empty_export_padding,Carried through CSV only; not read for routing
Unnamed: 1258,0,Export residue; no content in input,empty_export_padding,Carried through CSV only; not read for routing
Unnamed: 1259,0,Export residue; no content in input,empty_export_padding,Carried through CSV only; not read for routing
Unnamed: 1260,0,Export residue; no content in input,empty_export_padding,Carried through CSV only; not read for routing
Unnamed: 1261,0,Export residue; no content in input,empty_export_padding,Carried through CSV only; not read for routing
Unnamed: 1262,0,Export residue; no content in input,empty_export_padding,Carried through CSV only; not read for routing
Unnamed: 1263,0,Export residue; no content in input,empty_export_padding,Carried through CSV only; not read for routing
Unnamed: 1264,0,Export residue; no content in input,empty_export_padding,Carried through CSV only; not read for routing
Unnamed: 1265,0,Export residue; no content in input,empty_export_padding,Carried through CSV only; not read for routing
Unnamed: 1266,0,Export residue; no content in input,empty_export_padding,Carried through CSV only; not read for routing
Unnamed: 1267,0,Export residue; no content in input,empty_export_padding,Carried through CSV only; not read for routing
Unnamed: 1268,0,Export residue; no content in input,empty_export_padding,Carried through CSV only; not read for routing
Unnamed: 1269,0,Export residue; no content in input,empty_export_padding,Carried through CSV only; not read for routing
Unnamed: 1270,0,Export residue; no content in input,empty_export_padding,Carried through CSV only; not read for routing
Unnamed: 1271,0,Export residue; no content in input,empty_export_padding,Carried through CSV only; not read for routing
Unnamed: 1272,0,Export residue; no content in input,empty_export_padding,Carried through CSV only; not read for routing
Unnamed: 1273,0,Export residue; no content in input,empty_export_padding,Carried through CSV only; not read for routing
Unnamed: 1274,0,Export residue; no content in input,empty_export_padding,Carried through CSV only; not read for routing
Unnamed: 1275,0,Export residue; no content in input,empty_export_padding,Carried through CSV only; not read for routing
Unnamed: 1276,0,Export residue; no content in input,empty_export_padding,Carried through CSV only; not read for routing
Unnamed: 1277,0,Export residue; no content in input,empty_export_padding,Carried through CSV only; not read for routing
Unnamed: 1278,0,Export residue; no content in input,empty_export_padding,Carried through CSV only; not read for routing
Unnamed: 1279,0,Export residue; no content in input,empty_export_padding,Carried through CSV only; not read for routing
Unnamed: 1280,0,Export residue; no content in input,empty_export_padding,Carried through CSV only; not read for routing
Unnamed: 1281,0,Export residue; no content in input,empty_export_padding,Carried through CSV only; not read for routing
Unnamed: 1282,0,Export residue; no content in input,empty_export_padding,Carried through CSV only; not read for routing
Unnamed: 1283,0,Export residue; no content in input,empty_export_padding,Carried through CSV only; not read for routing
Unnamed: 1284,0,Export residue; no content in input,empty_export_padding,Carried through CSV only; not read for routing
Unnamed: 1285,0,Export residue; no content in input,empty_export_padding,Carried through CSV only; not read for routing
Unnamed: 1286,0,Export residue; no content in input,empty_export_padding,Carried through CSV only; not read for routing
Unnamed: 1287,0,Export residue; no content in input,empty_export_padding,Carried through CSV only; not read for routing
Unnamed: 1288,0,Export residue; no content in input,empty_export_padding,Carried through CSV only; not read for routing
Unnamed: 1289,0,Export residue; no content in input,empty_export_padding,Carried through CSV only; not read for routing
Unnamed: 1290,0,Export residue; no content in input,empty_export_padding,Carried through CSV only; not read for routing
Unnamed: 1291,0,Export residue; no content in input,empty_export_padding,Carried through CSV only; not read for routing
Unnamed: 1292,0,Export residue; no content in input,empty_export_padding,Carried through CSV only; not read for routing
Unnamed: 1293,0,Export residue; no content in input,empty_export_padding,Carried through CSV only; not read for routing
Unnamed: 1294,0,Export residue; no content in input,empty_export_padding,Carried through CSV only; not read for routing
Unnamed: 1295,0,Export residue; no content in input,empty_export_padding,Carried through CSV only; not read for routing
Unnamed: 1296,0,Export residue; no content in input,empty_export_padding,Carried through CSV only; not read for routing
Unnamed: 1297,0,Export residue; no content in input,empty_export_padding,Carried through CSV only; not read for routing
Unnamed: 1298,0,Export residue; no content in input,empty_export_padding,Carried through CSV only; not read for routing
Unnamed: 1299,0,Export residue; no content in input,empty_export_padding,Carried through CSV only; not read for routing
Unnamed: 1300,0,Export residue; no content in input,empty_export_padding,Carried through CSV only; not read for routing
Unnamed: 1301,0,Export residue; no content in input,empty_export_padding,Carried through CSV only; not read for routing
Unnamed: 1302,0,Export residue; no content in input,empty_export_padding,Carried through CSV only; not read for routing
Unnamed: 1303,0,Export residue; no content in input,empty_export_padding,Carried through CSV only; not read for routing
Unnamed: 1304,0,Export residue; no content in input,empty_export_padding,Carried through CSV only; not read for routing
Unnamed: 1305,0,Export residue; no content in input,empty_export_padding,Carried through CSV only; not read for routing
Unnamed: 1306,0,Export residue; no content in input,empty_export_padding,Carried through CSV only; not read for routing
Unnamed: 1307,0,Export residue; no content in input,empty_export_padding,Carried through CSV only; not read for routing
Unnamed: 1308,0,Export residue; no content in input,empty_export_padding,Carried through CSV only; not read for routing
Unnamed: 1309,0,Export residue; no content in input,empty_export_padding,Carried through CSV only; not read for routing
Unnamed: 1310,0,Export residue; no content in input,empty_export_padding,Carried through CSV only; not read for routing
Unnamed: 1311,0,Export residue; no content in input,empty_export_padding,Carried through CSV only; not read for routing
Unnamed: 1312,0,Export residue; no content in input,empty_export_padding,Carried through CSV only; not read for routing
Unnamed: 1313,0,Export residue; no content in input,empty_export_padding,Carried through CSV only; not read for routing
Unnamed: 1314,0,Export residue; no content in input,empty_export_padding,Carried through CSV only; not read for routing
Unnamed: 1315,0,Export residue; no content in input,empty_export_padding,Carried through CSV only; not read for routing
Unnamed: 1316,0,Export residue; no content in input,empty_export_padding,Carried through CSV only; not read for routing
Unnamed: 1317,0,Export residue; no content in input,empty_export_padding,Carried through CSV only; not read for routing
Unnamed: 1318,0,Export residue; no content in input,empty_export_padding,Carried through CSV only; not read for routing
Unnamed: 1319,0,Export residue; no content in input,empty_export_padding,Carried through CSV only; not read for routing
Unnamed: 1320,0,Export residue; no content in input,empty_export_padding,Carried through CSV only; not read for routing
Unnamed: 1321,0,Export residue; no content in input,empty_export_padding,Carried through CSV only; not read for routing
Unnamed: 1322,0,Export residue; no content in input,empty_export_padding,Carried through CSV only; not read for routing
Unnamed: 1323,0,Export residue; no content in input,empty_export_padding,Carried through CSV only; not read for routing
Unnamed: 1324,0,Export residue; no content in input,empty_export_padding,Carried through CSV only; not read for routing
Unnamed: 1325,0,Export residue; no content in input,empty_export_padding,Carried through CSV only; not read for routing
Unnamed: 1326,0,Export residue; no content in input,empty_export_padding,Carried through CSV only; not read for routing
Unnamed: 1327,0,Export residue; no content in input,empty_export_padding,Carried through CSV only; not read for routing
Unnamed: 1328,0,Export residue; no content in input,empty_export_padding,Carried through CSV only; not read for routing
Unnamed: 1329,0,Export residue; no content in input,empty_export_padding,Carried through CSV only; not read for routing
Unnamed: 1330,0,Export residue; no content in input,empty_export_padding,Carried through CSV only; not read for routing
Unnamed: 1331,0,Export residue; no content in input,empty_export_padding,Carried through CSV only; not read for routing
Unnamed: 1332,0,Export residue; no content in input,empty_export_padding,Carried through CSV only; not read for routing
Unnamed: 1333,0,Export residue; no content in input,empty_export_padding,Carried through CSV only; not read for routing
Unnamed: 1334,0,Export residue; no content in input,empty_export_padding,Carried through CSV only; not read for routing
Unnamed: 1335,0,Export residue; no content in input,empty_export_padding,Carried through CSV only; not read for routing
Unnamed: 1336,0,Export residue; no content in input,empty_export_padding,Carried through CSV only; not read for routing
Unnamed: 1337,0,Export residue; no content in input,empty_export_padding,Carried through CSV only; not read for routing
Unnamed: 1338,0,Export residue; no content in input,empty_export_padding,Carried through CSV only; not read for routing
Unnamed: 1339,0,Export residue; no content in input,empty_export_padding,Carried through CSV only; not read for routing
Unnamed: 1340,0,Export residue; no content in input,empty_export_padding,Carried through CSV only; not read for routing
Unnamed: 1341,0,Export residue; no content in input,empty_export_padding,Carried through CSV only; not read for routing
Unnamed: 1342,0,Export residue; no content in input,empty_export_padding,Carried through CSV only; not read for routing
Unnamed: 1343,0,Export residue; no content in input,empty_export_padding,Carried through CSV only; not read for routing
Unnamed: 1344,0,Export residue; no content in input,empty_export_padding,Carried through CSV only; not read for routing
Unnamed: 1345,0,Export residue; no content in input,empty_export_padding,Carried through CSV only; not read for routing
Unnamed: 1346,0,Export residue; no content in input,empty_export_padding,Carried through CSV only; not read for routing
Unnamed: 1347,0,Export residue; no content in input,empty_export_padding,Carried through CSV only; not read for routing
Unnamed: 1348,0,Export residue; no content in input,empty_export_padding,Carried through CSV only; not read for routing
Unnamed: 1349,0,Export residue; no content in input,empty_export_padding,Carried through CSV only; not read for routing
Unnamed: 1350,0,Export residue; no content in input,empty_export_padding,Carried through CSV only; not read for routing
Unnamed: 1351,0,Export residue; no content in input,empty_export_padding,Carried through CSV only; not read for routing
Unnamed: 1352,0,Export residue; no content in input,empty_export_padding,Carried through CSV only; not read for routing
Unnamed: 1353,0,Export residue; no content in input,empty_export_padding,Carried through CSV only; not read for routing
Unnamed: 1354,0,Export residue; no content in input,empty_export_padding,Carried through CSV only; not read for routing
Unnamed: 1355,0,Export residue; no content in input,empty_export_padding,Carried through CSV only; not read for routing
Unnamed: 1356,0,Export residue; no content in input,empty_export_padding,Carried through CSV only; not read for routing
Unnamed: 1357,0,Export residue; no content in input,empty_export_padding,Carried through CSV only; not read for routing
Unnamed: 1358,0,Export residue; no content in input,empty_export_padding,Carried through CSV only; not read for routing
Unnamed: 1359,0,Export residue; no content in input,empty_export_padding,Carried through CSV only; not read for routing
Unnamed: 1360,0,Export residue; no content in input,empty_export_padding,Carried through CSV only; not read for routing
Unnamed: 1361,0,Export residue; no content in input,empty_export_padding,Carried through CSV only; not read for routing
Unnamed: 1362,0,Export residue; no content in input,empty_export_padding,Carried through CSV only; not read for routing
Unnamed: 1363,0,Export residue; no content in input,empty_export_padding,Carried through CSV only; not read for routing
Unnamed: 1364,0,Export residue; no content in input,empty_export_padding,Carried through CSV only; not read for routing
Unnamed: 1365,0,Export residue; no content in input,empty_export_padding,Carried through CSV only; not read for routing
Unnamed: 1366,0,Export residue; no content in input,empty_export_padding,Carried through CSV only; not read for routing
Unnamed: 1367,0,Export residue; no content in input,empty_export_padding,Carried through CSV only; not read for routing
Unnamed: 1368,0,Export residue; no content in input,empty_export_padding,Carried through CSV only; not read for routing
Unnamed: 1369,0,Export residue; no content in input,empty_export_padding,Carried through CSV only; not read for routing
Unnamed: 1370,0,Export residue; no content in input,empty_export_padding,Carried through CSV only; not read for routing
Unnamed: 1371,0,Export residue; no content in input,empty_export_padding,Carried through CSV only; not read for routing
Unnamed: 1372,0,Export residue; no content in input,empty_export_padding,Carried through CSV only; not read for routing
Unnamed: 1373,0,Export residue; no content in input,empty_export_padding,Carried through CSV only; not read for routing
Unnamed: 1374,0,Export residue; no content in input,empty_export_padding,Carried through CSV only; not read for routing
Unnamed: 1375,0,Export residue; no content in input,empty_export_padding,Carried through CSV only; not read for routing
Unnamed: 1376,0,Export residue; no content in input,empty_export_padding,Carried through CSV only; not read for routing
Unnamed: 1377,0,Export residue; no content in input,empty_export_padding,Carried through CSV only; not read for routing
Unnamed: 1378,0,Export residue; no content in input,empty_export_padding,Carried through CSV only; not read for routing
Unnamed: 1379,0,Export residue; no content in input,empty_export_padding,Carried through CSV only; not read for routing
Unnamed: 1380,0,Export residue; no content in input,empty_export_padding,Carried through CSV only; not read for routing
Unnamed: 1381,0,Export residue; no content in input,empty_export_padding,Carried through CSV only; not read for routing
Unnamed: 1382,0,Export residue; no content in input,empty_export_padding,Carried through CSV only; not read for routing
Unnamed: 1383,0,Export residue; no content in input,empty_export_padding,Carried through CSV only; not read for routing
Unnamed: 1384,0,Export residue; no content in input,empty_export_padding,Carried through CSV only; not read for routing
Unnamed: 1385,0,Export residue; no content in input,empty_export_padding,Carried through CSV only; not read for routing
Unnamed: 1386,0,Export residue; no content in input,empty_export_padding,Carried through CSV only; not read for routing
Unnamed: 1387,0,Export residue; no content in input,empty_export_padding,Carried through CSV only; not read for routing
Unnamed: 1388,0,Export residue; no content in input,empty_export_padding,Carried through CSV only; not read for routing
Unnamed: 1389,0,Export residue; no content in input,empty_export_padding,Carried through CSV only; not read for routing
Unnamed: 1390,0,Export residue; no content in input,empty_export_padding,Carried through CSV only; not read for routing
Unnamed: 1391,0,Export residue; no content in input,empty_export_padding,Carried through CSV only; not read for routing
Unnamed: 1392,0,Export residue; no content in input,empty_export_padding,Carried through CSV only; not read for routing
Unnamed: 1393,0,Export residue; no content in input,empty_export_padding,Carried through CSV only; not read for routing
Unnamed: 1394,0,Export residue; no content in input,empty_export_padding,Carried through CSV only; not read for routing
Unnamed: 1395,0,Export residue; no content in input,empty_export_padding,Carried through CSV only; not read for routing
Unnamed: 1396,0,Export residue; no content in input,empty_export_padding,Carried through CSV only; not read for routing
Unnamed: 1397,0,Export residue; no content in input,empty_export_padding,Carried through CSV only; not read for routing
Unnamed: 1398,0,Export residue; no content in input,empty_export_padding,Carried through CSV only; not read for routing
Unnamed: 1399,0,Export residue; no content in input,empty_export_padding,Carried through CSV only; not read for routing
Unnamed: 1400,0,Export residue; no content in input,empty_export_padding,Carried through CSV only; not read for routing
Unnamed: 1401,0,Export residue; no content in input,empty_export_padding,Carried through CSV only; not read for routing
Unnamed: 1402,0,Export residue; no content in input,empty_export_padding,Carried through CSV only; not read for routing
Unnamed: 1403,0,Export residue; no content in input,empty_export_padding,Carried through CSV only; not read for routing
Unnamed: 1404,0,Export residue; no content in input,empty_export_padding,Carried through CSV only; not read for routing
Unnamed: 1405,0,Export residue; no content in input,empty_export_padding,Carried through CSV only; not read for routing
Unnamed: 1406,0,Export residue; no content in input,empty_export_padding,Carried through CSV only; not read for routing
Unnamed: 1407,0,Export residue; no content in input,empty_export_padding,Carried through CSV only; not read for routing
Unnamed: 1408,0,Export residue; no content in input,empty_export_padding,Carried through CSV only; not read for routing
Unnamed: 1409,0,Export residue; no content in input,empty_export_padding,Carried through CSV only; not read for routing
Unnamed: 1410,0,Export residue; no content in input,empty_export_padding,Carried through CSV only; not read for routing
Unnamed: 1411,0,Export residue; no content in input,empty_export_padding,Carried through CSV only; not read for routing
Unnamed: 1412,0,Export residue; no content in input,empty_export_padding,Carried through CSV only; not read for routing
Unnamed: 1413,0,Export residue; no content in input,empty_export_padding,Carried through CSV only; not read for routing
Unnamed: 1414,0,Export residue; no content in input,empty_export_padding,Carried through CSV only; not read for routing
Unnamed: 1415,0,Export residue; no content in input,empty_export_padding,Carried through CSV only; not read for routing
Unnamed: 1416,0,Export residue; no content in input,empty_export_padding,Carried through CSV only; not read for routing
Unnamed: 1417,0,Export residue; no content in input,empty_export_padding,Carried through CSV only; not read for routing
Unnamed: 1418,0,Export residue; no content in input,empty_export_padding,Carried through CSV only; not read for routing
Unnamed: 1419,0,Export residue; no content in input,empty_export_padding,Carried through CSV only; not read for routing
Unnamed: 1420,0,Export residue; no content in input,empty_export_padding,Carried through CSV only; not read for routing
Unnamed: 1421,0,Export residue; no content in input,empty_export_padding,Carried through CSV only; not read for routing
Unnamed: 1422,0,Export residue; no content in input,empty_export_padding,Carried through CSV only; not read for routing
Unnamed: 1423,0,Export residue; no content in input,empty_export_padding,Carried through CSV only; not read for routing
Unnamed: 1424,0,Export residue; no content in input,empty_export_padding,Carried through CSV only; not read for routing
Unnamed: 1425,0,Export residue; no content in input,empty_export_padding,Carried through CSV only; not read for routing
Unnamed: 1426,0,Export residue; no content in input,empty_export_padding,Carried through CSV only; not read for routing
Unnamed: 1427,0,Export residue; no content in input,empty_export_padding,Carried through CSV only; not read for routing
Unnamed: 1428,0,Export residue; no content in input,empty_export_padding,Carried through CSV only; not read for routing
Unnamed: 1429,0,Export residue; no content in input,empty_export_padding,Carried through CSV only; not read for routing
Unnamed: 1430,0,Export residue; no content in input,empty_export_padding,Carried through CSV only; not read for routing
Unnamed: 1431,0,Export residue; no content in input,empty_export_padding,Carried through CSV only; not read for routing
Unnamed: 1432,0,Export residue; no content in input,empty_export_padding,Carried through CSV only; not read for routing
Unnamed: 1433,0,Export residue; no content in input,empty_export_padding,Carried through CSV only; not read for routing
Unnamed: 1434,0,Export residue; no content in input,empty_export_padding,Carried through CSV only; not read for routing
Unnamed: 1435,0,Export residue; no content in input,empty_export_padding,Carried through CSV only; not read for routing
Unnamed: 1436,0,Export residue; no content in input,empty_export_padding,Carried through CSV only; not read for routing
Unnamed: 1437,0,Export residue; no content in input,empty_export_padding,Carried through CSV only; not read for routing
Unnamed: 1438,0,Export residue; no content in input,empty_export_padding,Carried through CSV only; not read for routing
Unnamed: 1439,0,Export residue; no content in input,empty_export_padding,Carried through CSV only; not read for routing
Unnamed: 1440,0,Export residue; no content in input,empty_export_padding,Carried through CSV only; not read for routing
Unnamed: 1441,0,Export residue; no content in input,empty_export_padding,Carried through CSV only; not read for routing
Unnamed: 1442,0,Export residue; no content in input,empty_export_padding,Carried through CSV only; not read for routing
Unnamed: 1443,0,Export residue; no content in input,empty_export_padding,Carried through CSV only; not read for routing
Unnamed: 1444,0,Export residue; no content in input,empty_export_padding,Carried through CSV only; not read for routing
Unnamed: 1445,0,Export residue; no content in input,empty_export_padding,Carried through CSV only; not read for routing
Unnamed: 1446,0,Export residue; no content in input,empty_export_padding,Carried through CSV only; not read for routing
Unnamed: 1447,0,Export residue; no content in input,empty_export_padding,Carried through CSV only; not read for routing
Unnamed: 1448,0,Export residue; no content in input,empty_export_padding,Carried through CSV only; not read for routing
Unnamed: 1449,0,Export residue; no content in input,empty_export_padding,Carried through CSV only; not read for routing
Unnamed: 1450,0,Export residue; no content in input,empty_export_padding,Carried through CSV only; not read for routing
Unnamed: 1451,0,Export residue; no content in input,empty_export_padding,Carried through CSV only; not read for routing
Unnamed: 1452,0,Export residue; no content in input,empty_export_padding,Carried through CSV only; not read for routing
Unnamed: 1453,0,Export residue; no content in input,empty_export_padding,Carried through CSV only; not read for routing
Unnamed: 1454,0,Export residue; no content in input,empty_export_padding,Carried through CSV only; not read for routing
Unnamed: 1455,0,Export residue; no content in input,empty_export_padding,Carried through CSV only; not read for routing
Unnamed: 1456,0,Export residue; no content in input,empty_export_padding,Carried through CSV only; not read for routing
Unnamed: 1457,0,Export residue; no content in input,empty_export_padding,Carried through CSV only; not read for routing
Unnamed: 1458,0,Export residue; no content in input,empty_export_padding,Carried through CSV only; not read for routing
Unnamed: 1459,0,Export residue; no content in input,empty_export_padding,Carried through CSV only; not read for routing
Unnamed: 1460,0,Export residue; no content in input,empty_export_padding,Carried through CSV only; not read for routing
Unnamed: 1461,0,Export residue; no content in input,empty_export_padding,Carried through CSV only; not read for routing
Unnamed: 1462,0,Export residue; no content in input,empty_export_padding,Carried through CSV only; not read for routing
Unnamed: 1463,0,Export residue; no content in input,empty_export_padding,Carried through CSV only; not read for routing
Unnamed: 1464,0,Export residue; no content in input,empty_export_padding,Carried through CSV only; not read for routing
Unnamed: 1465,0,Export residue; no content in input,empty_export_padding,Carried through CSV only; not read for routing
Unnamed: 1466,0,Export residue; no content in input,empty_export_padding,Carried through CSV only; not read for routing
Unnamed: 1467,0,Export residue; no content in input,empty_export_padding,Carried through CSV only; not read for routing
Unnamed: 1468,0,Export residue; no content in input,empty_export_padding,Carried through CSV only; not read for routing
Unnamed: 1469,0,Export residue; no content in input,empty_export_padding,Carried through CSV only; not read for routing
Unnamed: 1470,0,Export residue; no content in input,empty_export_padding,Carried through CSV only; not read for routing
Unnamed: 1471,0,Export residue; no content in input,empty_export_padding,Carried through CSV only; not read for routing
Unnamed: 1472,0,Export residue; no content in input,empty_export_padding,Carried through CSV only; not read for routing
Unnamed: 1473,0,Export residue; no content in input,empty_export_padding,Carried through CSV only; not read for routing
Unnamed: 1474,0,Export residue; no content in input,empty_export_padding,Carried through CSV only; not read for routing
Unnamed: 1475,0,Export residue; no content in input,empty_export_padding,Carried through CSV only; not read for routing
Unnamed: 1476,0,Export residue; no content in input,empty_export_padding,Carried through CSV only; not read for routing
Unnamed: 1477,0,Export residue; no content in input,empty_export_padding,Carried through CSV only; not read for routing
Unnamed: 1478,0,Export residue; no content in input,empty_export_padding,Carried through CSV only; not read for routing
Unnamed: 1479,0,Export residue; no content in input,empty_export_padding,Carried through CSV only; not read for routing
Unnamed: 1480,0,Export residue; no content in input,empty_export_padding,Carried through CSV only; not read for routing
Unnamed: 1481,0,Export residue; no content in input,empty_export_padding,Carried through CSV only; not read for routing
Unnamed: 1482,0,Export residue; no content in input,empty_export_padding,Carried through CSV only; not read for routing
Unnamed: 1483,0,Export residue; no content in input,empty_export_padding,Carried through CSV only; not read for routing
Unnamed: 1484,0,Export residue; no content in input,empty_export_padding,Carried through CSV only; not read for routing
Unnamed: 1485,0,Export residue; no content in input,empty_export_padding,Carried through CSV only; not read for routing
Unnamed: 1486,0,Export residue; no content in input,empty_export_padding,Carried through CSV only; not read for routing
Unnamed: 1487,0,Export residue; no content in input,empty_export_padding,Carried through CSV only; not read for routing
Unnamed: 1488,0,Export residue; no content in input,empty_export_padding,Carried through CSV only; not read for routing
Unnamed: 1489,0,Export residue; no content in input,empty_export_padding,Carried through CSV only; not read for routing
Unnamed: 1490,0,Export residue; no content in input,empty_export_padding,Carried through CSV only; not read for routing
Unnamed: 1491,0,Export residue; no content in input,empty_export_padding,Carried through CSV only; not read for routing
Unnamed: 1492,0,Export residue; no content in input,empty_export_padding,Carried through CSV only; not read for routing
Unnamed: 1493,0,Export residue; no content in input,empty_export_padding,Carried through CSV only; not read for routing
Unnamed: 1494,0,Export residue; no content in input,empty_export_padding,Carried through CSV only; not read for routing
Unnamed: 1495,0,Export residue; no content in input,empty_export_padding,Carried through CSV only; not read for routing
Unnamed: 1496,0,Export residue; no content in input,empty_export_padding,Carried through CSV only; not read for routing
Unnamed: 1497,0,Export residue; no content in input,empty_export_padding,Carried through CSV only; not read for routing
Unnamed: 1498,0,Export residue; no content in input,empty_export_padding,Carried through CSV only; not read for routing
Unnamed: 1499,0,Export residue; no content in input,empty_export_padding,Carried through CSV only; not read for routing
Unnamed: 1500,0,Export residue; no content in input,empty_export_padding,Carried through CSV only; not read for routing
Unnamed: 1501,0,Export residue; no content in input,empty_export_padding,Carried through CSV only; not read for routing
Unnamed: 1502,0,Export residue; no content in input,empty_export_padding,Carried through CSV only; not read for routing
Unnamed: 1503,0,Export residue; no content in input,empty_export_padding,Carried through CSV only; not read for routing
Unnamed: 1504,0,Export residue; no content in input,empty_export_padding,Carried through CSV only; not read for routing
Unnamed: 1505,0,Export residue; no content in input,empty_export_padding,Carried through CSV only; not read for routing
Unnamed: 1506,0,Export residue; no content in input,empty_export_padding,Carried through CSV only; not read for routing
Unnamed: 1507,0,Export residue; no content in input,empty_export_padding,Carried through CSV only; not read for routing
Unnamed: 1508,0,Export residue; no content in input,empty_export_padding,Carried through CSV only; not read for routing
Unnamed: 1509,0,Export residue; no content in input,empty_export_padding,Carried through CSV only; not read for routing
Unnamed: 1510,0,Export residue; no content in input,empty_export_padding,Carried through CSV only; not read for routing
Unnamed: 1511,0,Export residue; no content in input,empty_export_padding,Carried through CSV only; not read for routing
Unnamed: 1512,0,Export residue; no content in input,empty_export_padding,Carried through CSV only; not read for routing
Unnamed: 1513,0,Export residue; no content in input,empty_export_padding,Carried through CSV only; not read for routing
Unnamed: 1514,0,Export residue; no content in input,empty_export_padding,Carried through CSV only; not read for routing
Unnamed: 1515,0,Export residue; no content in input,empty_export_padding,Carried through CSV only; not read for routing
Unnamed: 1516,0,Export residue; no content in input,empty_export_padding,Carried through CSV only; not read for routing
Unnamed: 1517,0,Export residue; no content in input,empty_export_padding,Carried through CSV only; not read for routing
Unnamed: 1518,0,Export residue; no content in input,empty_export_padding,Carried through CSV only; not read for routing
Unnamed: 1519,0,Export residue; no content in input,empty_export_padding,Carried through CSV only; not read for routing
Unnamed: 1520,0,Export residue; no content in input,empty_export_padding,Carried through CSV only; not read for routing
Unnamed: 1521,0,Export residue; no content in input,empty_export_padding,Carried through CSV only; not read for routing
Unnamed: 1522,0,Export residue; no content in input,empty_export_padding,Carried through CSV only; not read for routing
Unnamed: 1523,0,Export residue; no content in input,empty_export_padding,Carried through CSV only; not read for routing
Unnamed: 1524,0,Export residue; no content in input,empty_export_padding,Carried through CSV only; not read for routing
Unnamed: 1525,0,Export residue; no content in input,empty_export_padding,Carried through CSV only; not read for routing
Unnamed: 1526,0,Export residue; no content in input,empty_export_padding,Carried through CSV only; not read for routing
Unnamed: 1527,0,Export residue; no content in input,empty_export_padding,Carried through CSV only; not read for routing
Unnamed: 1528,0,Export residue; no content in input,empty_export_padding,Carried through CSV only; not read for routing
Unnamed: 1529,0,Export residue; no content in input,empty_export_padding,Carried through CSV only; not read for routing
Unnamed: 1530,0,Export residue; no content in input,empty_export_padding,Carried through CSV only; not read for routing
Unnamed: 1531,0,Export residue; no content in input,empty_export_padding,Carried through CSV only; not read for routing
Unnamed: 1532,0,Export residue; no content in input,empty_export_padding,Carried through CSV only; not read for routing
Unnamed: 1533,0,Export residue; no content in input,empty_export_padding,Carried through CSV only; not read for routing
Unnamed: 1534,0,Export residue; no content in input,empty_export_padding,Carried through CSV only; not read for routing
Unnamed: 1535,0,Export residue; no content in input,empty_export_padding,Carried through CSV only; not read for routing
Unnamed: 1536,0,Export residue; no content in input,empty_export_padding,Carried through CSV only; not read for routing
Unnamed: 1537,0,Export residue; no content in input,empty_export_padding,Carried through CSV only; not read for routing
Unnamed: 1538,0,Export residue; no content in input,empty_export_padding,Carried through CSV only; not read for routing
Unnamed: 1539,0,Export residue; no content in input,empty_export_padding,Carried through CSV only; not read for routing
Unnamed: 1540,0,Export residue; no content in input,empty_export_padding,Carried through CSV only; not read for routing
Unnamed: 1541,0,Export residue; no content in input,empty_export_padding,Carried through CSV only; not read for routing
Unnamed: 1542,0,Export residue; no content in input,empty_export_padding,Carried through CSV only; not read for routing
Unnamed: 1543,0,Export residue; no content in input,empty_export_padding,Carried through CSV only; not read for routing
Unnamed: 1544,0,Export residue; no content in input,empty_export_padding,Carried through CSV only; not read for routing
Unnamed: 1545,0,Export residue; no content in input,empty_export_padding,Carried through CSV only; not read for routing
Unnamed: 1546,0,Export residue; no content in input,empty_export_padding,Carried through CSV only; not read for routing
Unnamed: 1547,0,Export residue; no content in input,empty_export_padding,Carried through CSV only; not read for routing
Unnamed: 1548,0,Export residue; no content in input,empty_export_padding,Carried through CSV only; not read for routing
Unnamed: 1549,0,Export residue; no content in input,empty_export_padding,Carried through CSV only; not read for routing
Unnamed: 1550,0,Export residue; no content in input,empty_export_padding,Carried through CSV only; not read for routing
Unnamed: 1551,0,Export residue; no content in input,empty_export_padding,Carried through CSV only; not read for routing
Unnamed: 1552,0,Export residue; no content in input,empty_export_padding,Carried through CSV only; not read for routing
Unnamed: 1553,0,Export residue; no content in input,empty_export_padding,Carried through CSV only; not read for routing
Unnamed: 1554,0,Export residue; no content in input,empty_export_padding,Carried through CSV only; not read for routing
Unnamed: 1555,0,Export residue; no content in input,empty_export_padding,Carried through CSV only; not read for routing
Unnamed: 1556,0,Export residue; no content in input,empty_export_padding,Carried through CSV only; not read for routing
Unnamed: 1557,0,Export residue; no content in input,empty_export_padding,Carried through CSV only; not read for routing
Unnamed: 1558,0,Export residue; no content in input,empty_export_padding,Carried through CSV only; not read for routing
Unnamed: 1559,0,Export residue; no content in input,empty_export_padding,Carried through CSV only; not read for routing
Unnamed: 1560,0,Export residue; no content in input,empty_export_padding,Carried through CSV only; not read for routing
Unnamed: 1561,0,Export residue; no content in input,empty_export_padding,Carried through CSV only; not read for routing
Unnamed: 1562,0,Export residue; no content in input,empty_export_padding,Carried through CSV only; not read for routing
Unnamed: 1563,0,Export residue; no content in input,empty_export_padding,Carried through CSV only; not read for routing
Unnamed: 1564,0,Export residue; no content in input,empty_export_padding,Carried through CSV only; not read for routing
Unnamed: 1565,0,Export residue; no content in input,empty_export_padding,Carried through CSV only; not read for routing
Unnamed: 1566,0,Export residue; no content in input,empty_export_padding,Carried through CSV only; not read for routing
Unnamed: 1567,0,Export residue; no content in input,empty_export_padding,Carried through CSV only; not read for routing
Unnamed: 1568,0,Export residue; no content in input,empty_export_padding,Carried through CSV only; not read for routing
Unnamed: 1569,0,Export residue; no content in input,empty_export_padding,Carried through CSV only; not read for routing
Unnamed: 1570,0,Export residue; no content in input,empty_export_padding,Carried through CSV only; not read for routing
Unnamed: 1571,0,Export residue; no content in input,empty_export_padding,Carried through CSV only; not read for routing
Unnamed: 1572,0,Export residue; no content in input,empty_export_padding,Carried through CSV only; not read for routing
Unnamed: 1573,0,Export residue; no content in input,empty_export_padding,Carried through CSV only; not read for routing
Unnamed: 1574,0,Export residue; no content in input,empty_export_padding,Carried through CSV only; not read for routing
Unnamed: 1575,0,Export residue; no content in input,empty_export_padding,Carried through CSV only; not read for routing
Unnamed: 1576,0,Export residue; no content in input,empty_export_padding,Carried through CSV only; not read for routing
Unnamed: 1577,0,Export residue; no content in input,empty_export_padding,Carried through CSV only; not read for routing
Unnamed: 1578,0,Export residue; no content in input,empty_export_padding,Carried through CSV only; not read for routing
Unnamed: 1579,0,Export residue; no content in input,empty_export_padding,Carried through CSV only; not read for routing
Unnamed: 1580,0,Export residue; no content in input,empty_export_padding,Carried through CSV only; not read for routing
Unnamed: 1581,0,Export residue; no content in input,empty_export_padding,Carried through CSV only; not read for routing
Unnamed: 1582,0,Export residue; no content in input,empty_export_padding,Carried through CSV only; not read for routing
Unnamed: 1583,0,Export residue; no content in input,empty_export_padding,Carried through CSV only; not read for routing
Unnamed: 1584,0,Export residue; no content in input,empty_export_padding,Carried through CSV only; not read for routing
Unnamed: 1585,0,Export residue; no content in input,empty_export_padding,Carried through CSV only; not read for routing
Unnamed: 1586,0,Export residue; no content in input,empty_export_padding,Carried through CSV only; not read for routing
Unnamed: 1587,0,Export residue; no content in input,empty_export_padding,Carried through CSV only; not read for routing
Unnamed: 1588,0,Export residue; no content in input,empty_export_padding,Carried through CSV only; not read for routing
Unnamed: 1589,0,Export residue; no content in input,empty_export_padding,Carried through CSV only; not read for routing
Unnamed: 1590,0,Export residue; no content in input,empty_export_padding,Carried through CSV only; not read for routing
Unnamed: 1591,0,Export residue; no content in input,empty_export_padding,Carried through CSV only; not read for routing
Unnamed: 1592,0,Export residue; no content in input,empty_export_padding,Carried through CSV only; not read for routing
Unnamed: 1593,0,Export residue; no content in input,empty_export_padding,Carried through CSV only; not read for routing
Unnamed: 1594,0,Export residue; no content in input,empty_export_padding,Carried through CSV only; not read for routing
Unnamed: 1595,0,Export residue; no content in input,empty_export_padding,Carried through CSV only; not read for routing
Unnamed: 1596,0,Export residue; no content in input,empty_export_padding,Carried through CSV only; not read for routing
Unnamed: 1597,0,Export residue; no content in input,empty_export_padding,Carried through CSV only; not read for routing
Unnamed: 1598,0,Export residue; no content in input,empty_export_padding,Carried through CSV only; not read for routing
Unnamed: 1599,0,Export residue; no content in input,empty_export_padding,Carried through CSV only; not read for routing
Unnamed: 1600,0,Export residue; no content in input,empty_export_padding,Carried through CSV only; not read for routing
Unnamed: 1601,0,Export residue; no content in input,empty_export_padding,Carried through CSV only; not read for routing
Unnamed: 1602,0,Export residue; no content in input,empty_export_padding,Carried through CSV only; not read for routing
Unnamed: 1603,0,Export residue; no content in input,empty_export_padding,Carried through CSV only; not read for routing
Unnamed: 1604,0,Export residue; no content in input,empty_export_padding,Carried through CSV only; not read for routing
Unnamed: 1605,0,Export residue; no content in input,empty_export_padding,Carried through CSV only; not read for routing
Unnamed: 1606,0,Export residue; no content in input,empty_export_padding,Carried through CSV only; not read for routing
Unnamed: 1607,0,Export residue; no content in input,empty_export_padding,Carried through CSV only; not read for routing
Unnamed: 1608,0,Export residue; no content in input,empty_export_padding,Carried through CSV only; not read for routing
Unnamed: 1609,0,Export residue; no content in input,empty_export_padding,Carried through CSV only; not read for routing
Unnamed: 1610,0,Export residue; no content in input,empty_export_padding,Carried through CSV only; not read for routing
Unnamed: 1611,0,Export residue; no content in input,empty_export_padding,Carried through CSV only; not read for routing
Unnamed: 1612,0,Export residue; no content in input,empty_export_padding,Carried through CSV only; not read for routing
Unnamed: 1613,0,Export residue; no content in input,empty_export_padding,Carried through CSV only; not read for routing
Unnamed: 1614,0,Export residue; no content in input,empty_export_padding,Carried through CSV only; not read for routing
Unnamed: 1615,0,Export residue; no content in input,empty_export_padding,Carried through CSV only; not read for routing
Unnamed: 1616,0,Export residue; no content in input,empty_export_padding,Carried through CSV only; not read for routing
Unnamed: 1617,0,Export residue; no content in input,empty_export_padding,Carried through CSV only; not read for routing
Unnamed: 1618,0,Export residue; no content in input,empty_export_padding,Carried through CSV only; not read for routing
Unnamed: 1619,0,Export residue; no content in input,empty_export_padding,Carried through CSV only; not read for routing
Unnamed: 1620,0,Export residue; no content in input,empty_export_padding,Carried through CSV only; not read for routing
Unnamed: 1621,0,Export residue; no content in input,empty_export_padding,Carried through CSV only; not read for routing
Unnamed: 1622,0,Export residue; no content in input,empty_export_padding,Carried through CSV only; not read for routing
Unnamed: 1623,0,Export residue; no content in input,empty_export_padding,Carried through CSV only; not read for routing
Unnamed: 1624,0,Export residue; no content in input,empty_export_padding,Carried through CSV only; not read for routing
Unnamed: 1625,0,Export residue; no content in input,empty_export_padding,Carried through CSV only; not read for routing
Unnamed: 1626,0,Export residue; no content in input,empty_export_padding,Carried through CSV only; not read for routing
Unnamed: 1627,0,Export residue; no content in input,empty_export_padding,Carried through CSV only; not read for routing
Unnamed: 1628,0,Export residue; no content in input,empty_export_padding,Carried through CSV only; not read for routing
Unnamed: 1629,0,Export residue; no content in input,empty_export_padding,Carried through CSV only; not read for routing
Unnamed: 1630,0,Export residue; no content in input,empty_export_padding,Carried through CSV only; not read for routing
Unnamed: 1631,0,Export residue; no content in input,empty_export_padding,Carried through CSV only; not read for routing
Unnamed: 1632,0,Export residue; no content in input,empty_export_padding,Carried through CSV only; not read for routing
Unnamed: 1633,0,Export residue; no content in input,empty_export_padding,Carried through CSV only; not read for routing
Unnamed: 1634,0,Export residue; no content in input,empty_export_padding,Carried through CSV only; not read for routing
Unnamed: 1635,0,Export residue; no content in input,empty_export_padding,Carried through CSV only; not read for routing
Unnamed: 1636,0,Export residue; no content in input,empty_export_padding,Carried through CSV only; not read for routing
Unnamed: 1637,0,Export residue; no content in input,empty_export_padding,Carried through CSV only; not read for routing
Unnamed: 1638,0,Export residue; no content in input,empty_export_padding,Carried through CSV only; not read for routing
Unnamed: 1639,0,Export residue; no content in input,empty_export_padding,Carried through CSV only; not read for routing
Unnamed: 1640,0,Export residue; no content in input,empty_export_padding,Carried through CSV only; not read for routing
Unnamed: 1641,0,Export residue; no content in input,empty_export_padding,Carried through CSV only; not read for routing
Unnamed: 1642,0,Export residue; no content in input,empty_export_padding,Carried through CSV only; not read for routing
Unnamed: 1643,0,Export residue; no content in input,empty_export_padding,Carried through CSV only; not read for routing
Unnamed: 1644,0,Export residue; no content in input,empty_export_padding,Carried through CSV only; not read for routing
Unnamed: 1645,0,Export residue; no content in input,empty_export_padding,Carried through CSV only; not read for routing
Unnamed: 1646,0,Export residue; no content in input,empty_export_padding,Carried through CSV only; not read for routing
Unnamed: 1647,0,Export residue; no content in input,empty_export_padding,Carried through CSV only; not read for routing
Unnamed: 1648,0,Export residue; no content in input,empty_export_padding,Carried through CSV only; not read for routing
Unnamed: 1649,0,Export residue; no content in input,empty_export_padding,Carried through CSV only; not read for routing
Unnamed: 1650,0,Export residue; no content in input,empty_export_padding,Carried through CSV only; not read for routing
Unnamed: 1651,0,Export residue; no content in input,empty_export_padding,Carried through CSV only; not read for routing
Unnamed: 1652,0,Export residue; no content in input,empty_export_padding,Carried through CSV only; not read for routing
Unnamed: 1653,0,Export residue; no content in input,empty_export_padding,Carried through CSV only; not read for routing
Unnamed: 1654,0,Export residue; no content in input,empty_export_padding,Carried through CSV only; not read for routing
Unnamed: 1655,0,Export residue; no content in input,empty_export_padding,Carried through CSV only; not read for routing
Unnamed: 1656,0,Export residue; no content in input,empty_export_padding,Carried through CSV only; not read for routing
Unnamed: 1657,0,Export residue; no content in input,empty_export_padding,Carried through CSV only; not read for routing
Unnamed: 1658,0,Export residue; no content in input,empty_export_padding,Carried through CSV only; not read for routing
Unnamed: 1659,0,Export residue; no content in input,empty_export_padding,Carried through CSV only; not read for routing
Unnamed: 1660,0,Export residue; no content in input,empty_export_padding,Carried through CSV only; not read for routing
Unnamed: 1661,0,Export residue; no content in input,empty_export_padding,Carried through CSV only; not read for routing
Unnamed: 1662,0,Export residue; no content in input,empty_export_padding,Carried through CSV only; not read for routing
Unnamed: 1663,0,Export residue; no content in input,empty_export_padding,Carried through CSV only; not read for routing
Unnamed: 1664,0,Export residue; no content in input,empty_export_padding,Carried through CSV only; not read for routing
Unnamed: 1665,0,Export residue; no content in input,empty_export_padding,Carried through CSV only; not read for routing
Unnamed: 1666,0,Export residue; no content in input,empty_export_padding,Carried through CSV only; not read for routing
Unnamed: 1667,0,Export residue; no content in input,empty_export_padding,Carried through CSV only; not read for routing
Unnamed: 1668,0,Export residue; no content in input,empty_export_padding,Carried through CSV only; not read for routing
Unnamed: 1669,0,Export residue; no content in input,empty_export_padding,Carried through CSV only; not read for routing
Unnamed: 1670,0,Export residue; no content in input,empty_export_padding,Carried through CSV only; not read for routing
Unnamed: 1671,0,Export residue; no content in input,empty_export_padding,Carried through CSV only; not read for routing
Unnamed: 1672,0,Export residue; no content in input,empty_export_padding,Carried through CSV only; not read for routing
Unnamed: 1673,0,Export residue; no content in input,empty_export_padding,Carried through CSV only; not read for routing
Unnamed: 1674,0,Export residue; no content in input,empty_export_padding,Carried through CSV only; not read for routing
Unnamed: 1675,0,Export residue; no content in input,empty_export_padding,Carried through CSV only; not read for routing
Unnamed: 1676,0,Export residue; no content in input,empty_export_padding,Carried through CSV only; not read for routing
Unnamed: 1677,0,Export residue; no content in input,empty_export_padding,Carried through CSV only; not read for routing
Unnamed: 1678,0,Export residue; no content in input,empty_export_padding,Carried through CSV only; not read for routing
Unnamed: 1679,0,Export residue; no content in input,empty_export_padding,Carried through CSV only; not read for routing
Unnamed: 1680,0,Export residue; no content in input,empty_export_padding,Carried through CSV only; not read for routing
Unnamed: 1681,0,Export residue; no content in input,empty_export_padding,Carried through CSV only; not read for routing
Unnamed: 1682,0,Export residue; no content in input,empty_export_padding,Carried through CSV only; not read for routing
Unnamed: 1683,0,Export residue; no content in input,empty_export_padding,Carried through CSV only; not read for routing
Unnamed: 1684,0,Export residue; no content in input,empty_export_padding,Carried through CSV only; not read for routing
Unnamed: 1685,0,Export residue; no content in input,empty_export_padding,Carried through CSV only; not read for routing
Unnamed: 1686,0,Export residue; no content in input,empty_export_padding,Carried through CSV only; not read for routing
Unnamed: 1687,0,Export residue; no content in input,empty_export_padding,Carried through CSV only; not read for routing
Unnamed: 1688,0,Export residue; no content in input,empty_export_padding,Carried through CSV only; not read for routing
Unnamed: 1689,0,Export residue; no content in input,empty_export_padding,Carried through CSV only; not read for routing
Unnamed: 1690,0,Export residue; no content in input,empty_export_padding,Carried through CSV only; not read for routing
Unnamed: 1691,0,Export residue; no content in input,empty_export_padding,Carried through CSV only; not read for routing
Unnamed: 1692,0,Export residue; no content in input,empty_export_padding,Carried through CSV only; not read for routing
Unnamed: 1693,0,Export residue; no content in input,empty_export_padding,Carried through CSV only; not read for routing
Unnamed: 1694,0,Export residue; no content in input,empty_export_padding,Carried through CSV only; not read for routing
Unnamed: 1695,0,Export residue; no content in input,empty_export_padding,Carried through CSV only; not read for routing
Unnamed: 1696,0,Export residue; no content in input,empty_export_padding,Carried through CSV only; not read for routing
Unnamed: 1697,0,Export residue; no content in input,empty_export_padding,Carried through CSV only; not read for routing
Unnamed: 1698,0,Export residue; no content in input,empty_export_padding,Carried through CSV only; not read for routing
Unnamed: 1699,0,Export residue; no content in input,empty_export_padding,Carried through CSV only; not read for routing
Unnamed: 1700,0,Export residue; no content in input,empty_export_padding,Carried through CSV only; not read for routing
Unnamed: 1701,0,Export residue; no content in input,empty_export_padding,Carried through CSV only; not read for routing
Unnamed: 1702,0,Export residue; no content in input,empty_export_padding,Carried through CSV only; not read for routing
Unnamed: 1703,0,Export residue; no content in input,empty_export_padding,Carried through CSV only; not read for routing
Unnamed: 1704,0,Export residue; no content in input,empty_export_padding,Carried through CSV only; not read for routing
Unnamed: 1705,0,Export residue; no content in input,empty_export_padding,Carried through CSV only; not read for routing
Unnamed: 1706,0,Export residue; no content in input,empty_export_padding,Carried through CSV only; not read for routing
Unnamed: 1707,0,Export residue; no content in input,empty_export_padding,Carried through CSV only; not read for routing
Unnamed: 1708,0,Export residue; no content in input,empty_export_padding,Carried through CSV only; not read for routing
Unnamed: 1709,0,Export residue; no content in input,empty_export_padding,Carried through CSV only; not read for routing
Unnamed: 1710,0,Export residue; no content in input,empty_export_padding,Carried through CSV only; not read for routing
Unnamed: 1711,0,Export residue; no content in input,empty_export_padding,Carried through CSV only; not read for routing
Unnamed: 1712,0,Export residue; no content in input,empty_export_padding,Carried through CSV only; not read for routing
Unnamed: 1713,0,Export residue; no content in input,empty_export_padding,Carried through CSV only; not read for routing
Unnamed: 1714,0,Export residue; no content in input,empty_export_padding,Carried through CSV only; not read for routing
Unnamed: 1715,0,Export residue; no content in input,empty_export_padding,Carried through CSV only; not read for routing
