Node,Degree_unweighted
21361,1
20613,2
21320,1
20594,2
19044,4
19052,4
34946,1
32382,4
18256,3
16976,3
17948,4
19200,3
20102,1
19042,3
16972,4
17580,4
19066,3
18349,1
18350,3
26166,1
23710,4
18358,3
18359,1
18458,2
17005,4
18028,3
18175,1
18526,3
11224,3
19177,4
27272,1
27268,4
23671,4
16172,3
17227,3
17421,4
18831,1
30306,1
29732,3
52478,1
52234,3
12633,3
26930,3
22334,3
26911,4
46281,1
46282,2
6244,1
6243,3
6245,2
6281,3
7115,2
7282,3
6661,3
47143,2
47144,2
47070,1
47069,4
26903,3
27255,3
26645,1
26646,4
28176,3
28151,4
6663,1
6938,3
6504,3
9329,4
6799,3
28400,3
29998,4
7035,4
6800,1
26648,1
26760,4
7745,3
47091,2
6531,3
21521,1
21146,4
44788,3
49227,3
29996,3
31736,3
30008,4
31727,4
15249,1
14278,4
28418,4
52718,1
52118,3
7728,2
8777,2
31008,4
32371,3
30885,1
30886,4
10949,3
13282,3
34504,4
34485,3
52117,2
53507,1
5862,3
12723,3
13197,3
16702,1
5861,1
5546,3
44787,3
47086,3
9330,2
20190,1
19118,4
8160,3
12211,1
12212,4
50560,3
44720,3
24567,4
43620,4
50516,3
36930,1
10703,3
34682,4
34643,4
39502,1
20334,4
21166,4
43619,1
38226,4
50074,4
34202,1
30890,4
30016,3
28428,3
26810,4
24667,3
21182,4
20025,4
50662,3
19121,3
17427,3
50674,2
30156,3
30924,4
52646,4
16488,1
16487,3
17251,3
17431,3
16913,3
17240,3
16785,3
17177,3
16774,3
16484,3
17316,1
17314,3
5545,1
15888,1
15883,3
16446,3
16687,3
17435,3
17060,3
16402,2
16960,1
16959,3
16897,3
17035,3
6856,2
16751,3
28429,1
16825,3
35415,3
35440,4
16903,3
17141,3
16401,2
16881,3
17439,3
17117,3
24813,4
21210,4
20027,3
17442,3
7358,4
9233,3
29274,3
16799,3
17101,3
16525,3
16757,3
16985,3
17446,3
9791,3
9757,3
10485,3
9043,4
10620,3
16995,3
10779,3
30982,4
10787,4
16167,3
10898,1
9641,3
10336,3
17245,3
17255,3
18446,1
17271,3
10576,3
10784,3
10155,3
9355,3
9457,3
10491,3
29088,3
49803,3
10369,3
10738,3
10131,3
10277,3
9603,2
9905,3
10266,3
9561,3
10384,3
28972,2
29293,3
12414,3
9798,4
29068,3
29712,3
5891,1
5892,2
8032,3
17258,1
9816,3
28954,3
28224,3
28932,3
24912,3
26844,4
24051,3
23218,4
23862,3
24297,3
24088,3
24518,4
28538,3
25432,3
7151,2
29137,3
21272,4
7152,2
54695,1
54201,3
7357,2
22923,3
27766,4
6136,4
52710,2
53668,1
19424,2
17275,3
54173,2
54174,3
24443,4
25204,3
28132,3
33108,1
33107,3
25181,3
22682,3
9294,3
25764,3
17124,3
17105,4
25644,3
26594,3
25182,1
54528,4
27765,1
27742,3
25148,3
28916,1
28486,3
54688,1
28002,3
26568,3
32447,1
32448,3
24219,3
24644,3
54529,1
54680,1
24659,2
26866,4
28980,3
17709,3
17473,3
17670,3
17836,3
17452,3
16803,3
17128,3
25612,3
25010,3
25376,3
17051,3
8225,3
25048,3
28750,3
17600,3
54176,1
22681,3
24034,3
32691,1
32692,4
32449,1
32452,4
32863,2
32860,4
33104,3
25260,3
16969,3
17508,3
23752,4
32453,1
32456,4
32696,4
32857,3
33098,3
25158,3
35560,3
36354,4
35529,4
23890,1
32457,1
32460,4
32604,1
17832,3
32852,3
33088,3
16804,3
23640,3
17400,3
17260,3
32600,1
32461,1
32847,3
17202,4
32700,3
17828,3
32845,3
33084,3
32702,1
23998,3
23934,1
36099,1
36098,4
36193,1
36194,4
35973,1
35974,4
33080,3
35873,1
35874,4
31012,4
32218,3
35610,4
35532,1
35579,3
34533,3
34433,3
34829,3
34835,3
34434,1
34440,3
34442,1
34448,3
10018,3
13450,3
26942,4
32840,1
32658,3
36356,4
36450,3
36198,1
36104,1
23160,3
35978,1
35646,3
35613,4
32648,3
32760,1
32519,3
32632,3
36454,3
35701,4
35722,4
33072,4
36370,3
6135,2
32676,3
32670,4
48950,3
50436,3
34841,3
33023,3
33766,3
34804,3
35332,3
32669,1
33016,3
33324,1
6137,1
7362,3
32981,3
34354,3
32672,4
33009,3
49082,3
38249,4
36248,4
35739,3
35148,3
35168,3
34728,3
34733,3
34357,3
33270,1
33001,3
32999,3
32674,1
32684,4
34730,3
34365,3
32995,3
33212,1
32996,1
32991,3
35170,3
35789,3
34367,1
34371,3
32686,1
32688,4
53056,1
34373,4
35264,3
35865,3
35276,4
35172,3
32520,1
34375,1
34393,3
32596,3
32706,4
32397,3
64197,1
64198,3
35394,3
35895,3
35392,3
35270,3
35174,3
64236,1
64235,4
31953,3
31363,3
31957,3
32203,3
64279,1
64280,4
32195,3
32370,2
22276,4
64317,1
64318,4
21298,4
32342,3
32081,3
32191,4
31734,3
32341,3
32726,4
36173,3
47824,3
31656,3
31726,3
32047,3
8172,3
32048,3
32134,3
32345,3
32182,4
65778,3
65874,1
65774,4
31355,3
65745,4
65681,3
31908,3
32096,3
32062,3
32178,3
8161,3
7536,1
31808,1
31780,3
30928,4
31030,4
10116,3
9460,3
36000,4
36207,4
7929,3
8472,3
38692,1
38255,3
8782,1
37066,4
37041,4
36258,3
59940,1
59939,2
32774,4
9473,3
31036,4
30773,3
40540,3
27000,3
21784,4
19520,4
21364,4
8572,1
8332,3
57271,1
57272,3
15960,3
7930,1
30140,4
31054,4
32548,4
8316,3
16192,3
17718,4
53158,1
52740,3
57226,3
59840,3
21514,4
8752,3
9086,3
6748,3
8854,3
8856,1
9292,1
23533,3
52342,3
53131,3
14072,4
37053,2
38814,4
57225,1
38787,4
54204,1
26020,3
25552,3
26021,3
26260,2
25468,3
25554,3
21516,1
22524,3
26025,4
25558,3
25210,3
25474,3
25631,3
26038,3
25635,3
25482,3
65806,3
65733,3
36184,4
146640,1
146518,3
36986,1
66082,2
26050,3
35697,3
66047,2
23029,4
25346,3
145117,1
145118,3
66112,4
24961,3
26371,3
26375,3
26513,3
26058,4
32778,4
31102,4
65908,4
30142,1
34093,1
34087,3
35698,1
32818,4
33462,2
50833,3
27018,4
34330,1
34329,3
26291,3
26284,3
25381,3
26062,3
25339,3
25386,3
25049,3
25341,3
25336,3
24962,1
25335,3
25379,3
25412,3
33790,1
33759,3
34763,3
34634,3
35089,3
34238,2
34088,1
22020,4
34822,3
35447,5
26078,3
35448,1
25037,1
24967,3
25139,1
66964,1
66280,3
33847,3
35156,3
35445,3
59850,2
34268,3
34772,3
24907,4
34852,3
34248,3
34464,1
33893,3
34457,4
35010,3
33850,2
25827,3
25349,3
25812,3
26397,3
9290,1
9289,1
59872,3
34407,3
26296,3
26738,4
27072,4
29401,4
57432,3
34889,3
59750,3
62776,4
35696,1
35311,3
25149,3
25539,2
145120,2
26990,1
34709,3
25542,3
26983,1
66667,1
66481,2
25838,3
147264,1
57440,3
25235,4
25188,3
34476,1
66977,1
66976,3
24649,3
66836,1
66754,3
34701,3
35094,2
66604,3
34635,3
66980,1
35314,3
66686,3
66945,2
66482,3
67244,2
24790,3
35316,1
34563,4
34350,3
66930,3
66957,3
66947,3
66981,1
24315,3
66504,3
65907,2
65910,2
66946,3
49213,1
48792,3
67243,1
142911,1
142912,2
66538,3
34345,4
34352,1
66942,3
39049,2
40467,4
66608,3
66636,3
66629,3
66898,3
24316,1
66889,3
66926,3
66689,3
66711,3
66840,3
66884,3
39060,3
39025,4
67021,1
67010,3
50275,3
50113,3
50278,3
50649,3
31224,3
32874,1
31170,1
29416,3
27142,4
50370,4
50540,4
67004,3
66656,2
50844,3
39442,4
42559,3
66700,3
67075,1
67072,3
67080,1
36835,2
36836,3
37001,3
37398,3
37675,3
37623,3
38295,3
39142,3
39075,4
38290,3
67108,1
37553,3
38112,2
50839,3
36842,3
37916,3
38078,3
6747,1
39193,3
38187,3
50110,4
37998,4
50830,3
50109,1
38072,3
49247,3
38307,3
66972,4
66991,3
67223,1
66996,3
40436,1
40426,3
38200,3
39165,3
50857,4
67230,1
40386,3
40570,3
36848,3
37790,3
39223,4
60562,3
39331,3
38352,3
38001,3
38736,1
40053,1
39938,3
40169,1
40048,3
40267,1
40156,3
42517,4
44628,1
69125,1
69126,1
69245,1
69246,1
39225,1
69540,1
69539,1
69677,1
69678,1
38843,4
39395,3
39546,4
39469,3
36858,3
37576,3
39527,3
39550,4
17465,4
27158,4
138707,1
138708,1
40094,3
39214,3
39486,4
39866,3
40438,3
40270,4
36862,3
37342,3
41122,4
38704,1
38602,3
37499,3
37990,2
37952,3
38439,3
37953,1
37428,3
38601,1
38817,3
39037,3
68608,1
68594,3
37840,3
39245,3
39282,4
38690,3
38280,4
62828,2
62839,2
36962,3
37946,3
72438,1
72437,1
62790,3
40144,4
60764,4
37810,3
60776,3
73004,1
72950,3
68584,3
69314,2
69307,3
73457,1
73426,4
73544,1
73480,3
73599,1
73442,4
73649,1
73516,4
39242,3
42442,3
48781,4
40744,3
39040,4
39092,4
39780,3
38155,3
38530,3
6083,1
6084,3
69298,3
69670,3
70356,1
70344,3
74483,1
74476,3
38333,4
75104,1
75102,3
67898,2
67890,3
68002,3
67982,3
68238,3
68222,3
68460,3
39524,3
68450,3
68698,3
68689,3
68844,3
68826,3
69024,3
69008,3
72076,3
69267,3
70783,1
70751,3
37250,3
37616,3
69649,3
70000,3
71224,1
71192,3
71702,1
71598,3
69985,3
70333,3
76140,1
75100,3
73336,4
73400,3
38156,1
47604,4
58455,2
49560,3
38174,3
40006,4
77792,1
77791,3
37950,3
68422,3
68676,3
39015,3
78515,1
78493,3
39388,3
77795,3
75094,3
38120,3
38603,3
67889,1
6751,3
72020,3
72486,3
79194,1
79187,3
40360,3
69254,3
70744,3
38374,3
38865,3
79734,1
79727,3
38638,3
39323,4
68086,3
68070,3
80108,1
80049,3
68350,3
68338,3
77801,3
75086,3
69652,3
69625,3
69996,3
69987,3
71870,3
71861,3
78480,3
79902,4
72562,3
72452,3
73192,4
73376,3
39771,3
53112,4
144759,2
53142,4
143946,3
67907,1
67908,3
67888,3
68052,3
68311,3
68555,3
68551,3
68733,3
81502,1
80966,3
68714,3
68879,3
68870,3
69263,3
79711,3
77700,3
77696,3
79720,3
74670,3
74668,3
73447,3
73019,3
73246,3
69247,3
69601,3
39967,2
69977,3
70969,3
70966,3
71497,3
71461,3
71851,3
71844,3
69959,3
72700,1
70954,3
67606,1
67605,3
67656,1
77690,3
79512,3
67740,1
67636,3
68860,3
69061,3
77688,3
74434,3
74436,3
69054,3
73395,3
69953,3
67798,1
67738,3
69926,4
27374,3
70878,4
68044,3
39398,4
39343,3
71449,3
72670,1
68548,3
79357,3
77684,3
67582,3
39465,4
39532,4
72890,1
72880,4
67581,1
68040,3
68539,3
68706,3
69048,3
71422,3
72280,2
72276,4
76942,3
77682,3
74622,3
76936,3
74603,3
73323,3
78634,3
143375,2
77678,3
68032,4
68538,3
143260,3
12762,4
68020,3
68334,3
68226,3
74604,1
68658,3
74594,3
68626,3
75322,3
76928,3
69780,3
70863,3
72271,3
72881,1
73070,4
73122,3
68019,1
48196,4
51441,4
68560,3
69336,1
70840,4
71357,3
71344,3
71829,3
71824,3
72266,3
76920,3
68014,3
73271,3
6085,1
67571,1
67572,3
67573,1
67766,3
76919,1
77672,4
39704,4
32576,4
39675,3
67761,3
67864,3
67855,3
46874,2
67762,1
68790,3
27282,3
68766,2
69002,3
67756,3
69004,1
69460,3
75758,3
75761,3
76864,3
76858,3
77697,3
79470,2
69462,1
69878,3
69880,1
70827,3
72658,3
67755,1
67856,1
67757,1
72434,3
76389,3
76854,3
75764,1
75765,3
72115,2
72117,3
70821,3
72954,3
74360,2
74359,1
74355,3
77723,3
78944,3
78950,3
76397,3
74352,3
72436,1
70822,1
74351,1
74347,3
76409,1
74343,3
74344,1
74337,3
74327,3
75238,3
75214,3
76366,2
137799,3
78958,1
77753,3
76370,4
40037,4
14896,3
40062,4
47320,3
74324,3
74790,3
74736,3
75316,3
75310,3
47519,3
76376,3
77805,3
148505,3
148367,3
148394,3
148627,2
74323,1
74313,3
47532,3
147176,2
47812,4
50123,4
148614,3
148515,4
148648,1
71848,4
73011,3
71978,4
74240,3
148516,1
74311,3
76380,3
148463,3
148597,1
44935,4
50135,4
77825,3
76386,3
148368,3
52353,1
52354,4
76392,3
148429,4
77835,3
76394,4
50124,1
148388,3
148485,1
77843,2
76404,2
148421,1
137719,1
137713,4
51445,3
51474,4
51447,3
51784,4
51933,3
137162,1
137161,3
34588,3
137495,3
137453,3
137490,4
137545,3
137544,4
137673,3
137399,3
137460,4
137670,4
137710,3
137747,3
137744,4
137763,3
137766,3
137369,3
137410,4
137329,3
137366,4
137299,3
137326,4
51449,3
51941,4
137601,1
137602,4
51945,3
137492,4
137610,4
137550,4
137665,4
137705,3
137455,4
137401,4
137357,4
137317,4
137295,4
51461,3
51955,2
137186,3
137233,3
137662,4
137704,4
137450,4
137618,4
137554,4
137396,4
137500,4
137360,4
137314,4
137293,3
52349,3
137215,3
51963,4
137111,1
137060,3
137558,4
137614,4
137484,4
137718,1
137680,3
137291,3
137447,3
137351,3
137389,3
137746,1
137309,3
137770,1
137445,3
137486,3
137562,3
137684,3
137114,3
137605,4
11243,4
137653,3
137599,3
137566,3
52335,3
51953,4
51463,3
137059,1
52212,3
51988,3
52344,3
51959,4
51469,3
137097,3
136546,3
137224,3
137699,3
52311,3
51695,3
51975,3
51698,3
51452,3
50145,4
51201,4
51688,3
51451,3
51848,3
41546,1
51453,3
51608,3
37439,3
40028,3
51926,4
41128,4
40039,1
41095,4
136894,3
136545,1
51662,3
51221,3
13919,4
136531,3
136506,1
136505,3
136584,3
136475,3
50149,4
136476,1
136478,1
136509,2
136610,3
147313,2
147314,2
136510,4
136704,3
11244,1
21823,4
139576,2
138932,2
140504,2
136622,4
46902,3
136557,4
46923,4
50157,4
136824,1
136792,3
136515,3
136773,3
144358,1
46739,1
46740,1
136516,1
12913,4
137250,2
45483,1
136677,3
42177,3
44821,4
148527,2
148528,3
15806,3
45727,1
44428,3
41805,3
132449,3
140571,1
140572,2
41436,4
148841,1
40152,3
41419,5
62574,1
57713,4
18668,3
38937,4
44423,3
46878,3
6709,1
6710,4
41450,4
41882,4
42794,3
138800,3
37429,4
38939,1
39840,3
137287,2
137288,2
42652,4
44140,3
25833,3
138394,3
44035,3
44723,3
36045,1
36046,4
43804,4
42651,1
42653,1
39723,3
41244,3
43878,3
43720,4
36482,1
36477,4
36770,1
36769,4
76842,1
43634,3
138408,3
138802,3
38995,3
39725,3
36476,3
36048,1
37424,4
38992,4
36050,4
36773,4
138454,1
42750,5
138502,1
138424,3
39729,4
45128,3
46762,3
37426,3
36779,4
38988,4
36051,1
45126,3
36054,3
44729,3
138527,1
39965,1
39962,3
70940,3
71068,4
37446,3
37872,3
37875,1
38020,3
39960,3
38023,1
38190,3
38191,3
38376,3
39622,3
39733,4
39438,3
39604,3
39206,3
39432,3
38379,3
38726,3
39100,3
39198,4
39084,3
38822,3
38986,3
38824,4
38727,3
41703,3
45844,4
46728,3
41108,3
41682,3
40103,1
40102,3
38731,3
38385,3
41729,2
41907,3
45845,4
44731,3
46684,3
32654,2
31595,2
35711,3
41305,3
38609,3
38737,3
38613,4
38391,4
40789,1
40790,3
41515,4
42555,4
40592,3
36783,3
37074,3
36056,4
37084,3
37450,3
46526,3
46492,3
40591,1
46478,3
40760,3
44733,3
45853,4
44735,3
40849,1
45861,4
36785,1
46468,3
36787,3
44098,3
44737,3
138881,1
139032,3
45869,4
46422,3
40206,1
38527,2
38623,3
39737,3
38377,3
39184,3
38833,3
37452,3
51153,1
50158,1
50141,4
39743,4
40046,1
40946,3
44739,3
45873,4
46364,3
42400,3
44166,3
36643,1
36607,3
35719,1
35717,3
41303,3
41840,1
37454,3
38159,3
36552,4
36613,4
38622,3
38150,3
39955,1
39954,3
46320,4
44741,3
45883,4
36060,1
36554,1
36621,1
36793,3
42340,3
42925,3
40260,3
39742,4
38826,3
37934,1
37466,4
40261,1
42211,2
42295,3
46460,3
46240,3
45891,4
37085,1
42184,1
42183,3
37458,3
44811,3
41151,3
41775,3
40901,3
44283,2
44384,1
18262,3
26017,3
40609,3
36359,1
36065,4
42123,3
38149,1
38534,3
38496,3
39430,3
38882,3
39434,4
38889,4
39749,3
40306,3
42270,3
42460,1
29929,3
37462,4
36797,3
40853,3
29907,3
44218,3
41537,3
42638,3
35743,3
44446,3
35753,3
43897,3
40307,1
40606,3
46153,3
39536,1
39456,3
38891,1
38895,2
45640,3
45896,3
45156,3
45646,3
44924,3
45094,3
44909,3
44773,2
36796,3
37798,1
44110,3
44748,4
44852,3
40330,3
45372,3
36513,3
41126,3
42770,1
42844,3
49133,1
49011,3
25790,1
24385,4
42873,3
44541,3
36792,3
37470,3
45174,3
41278,3
41697,2
43824,4
38495,1
45668,3
42620,4
45504,3
36687,3
36749,3
38893,4
42096,3
37474,3
45674,3
41021,2
40847,3
43638,3
39453,3
38518,3
41725,4
35755,1
44053,3
39862,3
38766,3
38524,3
45730,4
46649,3
44359,3
44362,3
41093,3
44655,3
44957,3
44954,4
45635,3
40765,3
41020,1
43945,3
45526,3
45822,3
40229,3
46651,2
46837,3
45666,2
46140,2
38424,3
46766,4
47427,3
40930,1
38437,2
41514,1
41321,4
42347,3
43588,3
47386,4
48639,3
46157,3
43860,3
44194,3
39997,1
46018,3
46413,3
39664,4
40560,4
48652,3
44196,1
44296,3
44318,3
46637,3
147205,3
45616,4
46291,4
45650,3
43258,3
41323,1
43080,3
44654,2
44968,3
50115,4
44642,3
40216,3
47387,1
48246,1
44974,3
45575,3
41520,3
42179,2
44324,3
40225,3
44639,3
46073,3
46670,3
44326,1
46777,3
40177,3
44955,3
41396,1
41310,3
47325,3
37878,1
37869,3
42862,3
42257,3
46571,1
46572,4
40483,4
46056,1
46055,3
42181,3
42789,3
24386,1
38592,2
46484,3
39857,3
45994,1
45993,4
40318,3
40841,3
41600,3
46496,3
46788,1
39827,3
40730,3
41103,3
40731,4
41539,3
39405,3
47213,1
47214,3
42403,3
45919,4
46432,3
45920,1
41293,2
38741,3
39104,3
47050,3
47391,3
42473,3
42470,4
42405,3
47403,3
48425,3
45814,1
45813,4
46369,4
39886,3
39446,3
39796,3
38698,3
45763,4
46068,1
45764,1
46990,1
46989,4
16948,4
46248,4
46904,4
25036,1
25025,3
45426,1
45425,3
45717,4
45778,3
42306,3
40198,3
40418,3
38959,3
46224,3
38299,3
42376,4
43628,3
40292,4
46820,3
46118,3
47417,3
20248,4
37870,1
37941,3
39952,3
38065,3
38314,3
38953,3
139401,1
139269,3
39448,2
47421,3
40722,3
40955,2
40544,3
40720,3
40534,3
40072,3
45710,3
38069,3
48435,2
38855,3
39011,2
38679,3
38864,3
38451,3
38682,1
38462,3
40430,1
38316,3
37829,3
37685,3
37849,3
40956,4
38324,3
37712,3
42285,3
38073,4
42368,4
42544,3
39542,3
39934,3
39712,3
39926,4
42546,1
42640,3
42642,1
42894,3
43642,4
44024,3
41848,2
42282,3
44018,3
44186,3
47400,3
26637,3
38936,3
45392,3
42694,3
42978,1
41294,1
47185,1
47182,3
41847,1
41186,1
40960,4
39642,3
39921,4
37359,3
37732,1
39538,3
6711,2
8216,1
46618,3
47172,4
7510,2
45353,3
42949,1
42950,4
46358,2
37360,1
37364,3
55532,4
59663,3
46673,3
36442,3
39639,3
43109,2
43630,4
43942,1
39022,3
43072,4
26477,1
40971,3
41061,1
39893,4
39609,4
46674,3
47168,3
38081,1
37851,1
38330,3
47390,2
36028,3
36038,4
16456,2
43629,1
43654,4
7509,1
36702,1
36701,3
40655,1
40645,4
36691,4
36745,3
47164,4
32580,2
48408,4
32481,4
36072,3
139339,1
139340,2
44912,2
44914,3
43664,4
43082,4
42730,3
42958,4
42715,4
42392,4
42281,3
36606,1
36601,4
37366,1
37370,3
36869,1
36867,3
46955,3
139423,2
139321,2
15075,4
38724,3
39090,3
139311,3
46956,1
46958,3
66425,2
70936,3
41796,1
41764,3
40969,3
40642,3
43122,5
39096,4
39274,2
39904,4
39594,4
43670,2
42936,5
42720,4
42380,4
42283,3
49567,1
47225,4
46821,3
139252,4
46824,1
46962,3
40950,2
41348,3
43478,3
43457,3
43126,1
43146,4
42938,1
42940,3
42726,3
42410,4
42299,3
16947,2
48407,1
48387,2
48928,1
36850,3
38560,3
40626,4
39114,4
39908,3
39590,4
36897,3
36604,3
37401,3
139243,2
139210,3
139253,3
139324,3
139174,3
139214,2
42315,3
139038,3
139169,3
43743,3
139326,1
139352,3
138972,3
43086,3
139048,3
38476,4
39912,3
39110,4
39586,4
42450,4
42369,3
28239,3
48384,3
46915,3
47253,3
47256,1
47673,2
47684,3
38356,3
38712,3
41466,3
39580,4
39086,4
138934,1
138933,3
138970,3
41470,3
50093,4
52161,3
40632,4
47694,3
48222,3
41162,3
42094,1
42050,3
42080,3
138958,3
41472,4
37896,3
139249,3
139330,3
46789,3
46407,3
46689,3
46855,3
41114,3
41174,3
139170,1
139121,4
41038,3
41032,3
41180,3
41330,3
41352,4
41478,3
39068,3
39574,3
39804,3
39784,3
39976,3
39970,3
40098,3
40076,3
40212,3
40172,3
40304,3
40310,3
40414,3
40411,3
40432,4
43156,4
42373,3
137200,3
138960,2
138955,2
42484,4
139347,4
42435,3
139296,3
138953,3
138966,3
139264,3
48004,3
48001,3
47774,3
40984,3
47782,3
47695,1
37391,3
36900,4
41188,4
139293,3
41488,3
42106,1
139122,1
43741,3
139276,3
43172,1
136732,3
137914,3
139005,1
138996,3
42800,4
42505,3
55360,2
55359,1
55508,2
52925,5
61328,1
41496,4
41630,3
139260,1
139259,3
41628,3
41780,3
41814,4
41923,3
139102,4
139185,3
139286,3
139225,3
40880,5
41028,4
139350,1
140187,1
138998,3
139018,3
139283,3
47287,3
43680,3
44593,3
44601,3
45613,3
45623,3
40298,3
46575,3
46581,1
139057,3
139106,3
70631,2
88104,3
55292,2
55291,1
61280,2
139272,3
139328,1
139044,3
61279,1
70532,3
139219,3
30591,4
40162,3
40566,3
40296,3
40716,3
40392,4
40796,3
40915,4
41034,4
41196,4
139167,1
139164,3
41335,4
32480,3
41508,4
139013,3
41664,3
36679,3
36910,3
139008,4
36678,3
41647,3
139108,3
41834,4
139151,3
41962,3
43679,1
43688,2
40026,1
39947,3
139234,3
139007,1
136731,1
30655,3
32378,3
139036,3
139040,3
37794,3
139236,1
136734,1
44128,3
44609,3
44129,1
139240,4
139116,3
139189,3
39272,2
39271,3
39847,3
37704,3
36912,3
139088,1
40776,3
40934,3
41048,4
139222,3
41208,4
138911,1
138910,3
41370,4
40666,3
40808,3
41522,3
41831,3
42068,3
42577,3
42065,3
36918,4
139125,3
36914,3
37544,3
39253,3
39561,3
139096,3
40036,3
43326,1
43325,3
37420,3
40514,3
137915,1
43754,1
40408,3
43114,3
37006,3
137972,3
40580,3
139158,3
139280,3
137690,3
37304,3
42649,3
139266,4
139308,3
41585,3
41574,2
43087,1
43088,4
41380,3
37152,3
41235,3
39890,3
41072,3
43089,1
43106,3
43224,1
40869,3
40876,3
139290,4
139376,1
40510,4
139146,4
43107,1
22935,3
139053,1
139054,3
43060,4
40898,3
139076,3
139082,3
42771,3
40473,3
139144,3
139198,3
146675,1
146641,4
36092,3
39799,3
139196,3
139230,3
139224,2
139268,1
139292,1
139318,3
139320,1
139342,3
139344,1
139368,1
40904,4
40474,2
39254,1
39558,3
46920,4
47094,2
41241,1
40928,1
41088,1
42774,1
67402,2
42947,3
137689,1
51233,4
52789,3
137656,2
137655,2
46919,1
46863,4
145263,3
145264,1
146023,3
146392,3
40300,1
130877,1
128997,3
132390,1
132389,3
132450,1
128998,1
50095,1
39176,3
122317,1
122318,3
46864,1
46735,4
128625,3
132200,3
42981,3
146376,3
146435,3
46095,1
43218,4
127286,1
127109,5
88106,1
88674,3
88678,1
90356,3
90380,1
90894,3
90904,1
91504,3
52437,1
91518,2
93446,3
83353,1
83026,3
122294,3
125049,3
83025,1
81401,1
81012,3
77877,1
76890,3
76743,1
76615,2
125100,1
46736,1
46738,1
50405,4
49958,3
52537,1
48656,3
48668,3
93466,3
95090,3
48164,3
47765,3
48160,4
46893,3
47564,4
42623,1
39380,4
131610,1
131609,2
127112,1
126971,3
128559,3
82212,3
131577,3
99845,3
99850,3
79573,3
79496,2
79394,2
146855,3
49530,3
52811,2
70530,2
52926,2
134210,1
132199,3
129976,3
69211,2
126547,3
127752,3
69123,3
38772,4
43063,3
131533,3
94137,1
79393,4
93468,3
44197,1
44198,4
128367,3
43747,1
43748,3
45910,2
45909,3
46304,2
46314,3
76616,3
132235,3
52928,1
55509,2
55540,2
105804,3
45929,4
93476,1
127419,3
127936,1
41972,3
41260,3
41988,3
42424,3
129925,3
46891,3
47108,3
44214,4
77388,1
77387,3
39133,4
43752,3
40024,1
146847,3
147120,1
132247,3
46328,2
45941,4
77000,3
78985,3
127420,1
127422,1
81725,3
134966,1
134856,3
68313,1
68314,1
120908,3
120412,3
120960,3
122250,3
4806,1
4730,4
79233,3
81041,3
79234,1
4729,1
44222,4
43756,4
130916,3
132895,3
129911,3
127769,3
128723,3
79160,1
79159,3
128709,3
129523,3
133878,1
133832,3
46245,3
46109,3
46261,2
129535,3
46136,3
38232,4
76786,4
45737,3
45951,3
129107,3
64144,1
64143,3
45531,3
45771,3
46892,3
45253,3
45567,3
44763,3
45263,3
44585,3
44765,3
44405,3
44631,3
4692,1
4691,4
44452,3
44242,1
122270,1
119962,3
120454,1
122798,3
79176,3
43760,1
43808,3
43429,3
46845,3
47140,2
80741,3
4824,1
122812,1
123526,3
45279,3
80147,3
44771,3
134106,1
134024,3
81201,3
47446,3
4693,1
4789,1
119046,3
120000,1
125631,3
19349,3
19892,4
45148,3
45289,3
44904,3
45152,3
44906,3
44779,3
45969,3
123550,1
123730,3
76559,3
78390,3
125595,3
125488,3
80742,1
48658,4
127301,3
77540,3
124350,3
133714,1
133559,3
146667,3
146969,3
127811,3
127393,3
45297,3
45042,3
45048,4
133962,1
133954,3
44785,3
47217,3
135100,1
77542,1
78336,3
80150,1
80433,3
124352,1
45309,3
48155,4
45058,4
46285,2
46165,3
46306,2
46195,3
118710,3
119074,1
45985,3
44791,3
79182,1
78696,3
81025,3
79548,3
80847,3
105201,3
115624,3
130903,3
130406,3
131240,3
146473,3
134196,2
133560,1
46548,3
45315,3
45074,4
129750,3
78338,1
44797,3
118410,3
118724,1
80850,1
44285,1
44286,3
42791,3
42589,1
43069,3
42030,1
149219,3
149102,3
149222,3
149301,3
20060,3
80042,3
76547,3
76956,1
46001,3
149284,4
149375,1
133635,3
129083,3
46257,3
78770,3
47412,3
45086,4
127983,3
78772,1
44294,3
116350,3
118428,1
48664,3
50010,1
126716,3
46013,3
77885,1
77886,3
130313,3
133637,2
133416,2
127879,3
45090,4
132959,3
43499,3
148898,3
149214,3
44300,4
43073,3
149269,4
149368,3
149199,3
77342,3
78412,1
76548,1
45789,3
46027,3
45591,3
45866,3
45355,3
45654,3
45376,3
131829,3
44827,3
45112,4
44657,3
44834,3
130314,1
131001,3
131840,1
44463,3
44696,3
44529,3
44302,1
44314,3
146433,2
146616,1
46230,3
46033,3
146815,3
133035,3
46209,3
46233,3
45396,3
43949,4
131225,3
149189,4
45120,4
121810,1
121799,3
44848,3
43111,2
44316,1
44320,3
126649,3
127532,3
79704,3
149372,3
46213,3
46043,3
115636,1
45404,3
149197,2
127582,3
45134,3
149017,3
128832,1
128633,3
79052,3
79806,3
44860,3
129792,1
129501,3
44356,4
116352,1
44100,4
105202,1
105774,1
130847,3
45218,3
45422,3
46216,1
149400,3
149502,1
45225,3
44978,3
46079,3
44998,3
44874,3
128730,3
124317,1
124291,4
135980,1
135979,2
93176,3
149345,3
149440,3
129882,1
129641,3
131384,3
45438,3
130040,1
129933,3
130848,1
19338,4
43328,1
44900,3
130753,3
132456,3
132884,3
147219,1
147220,2
15077,1
45440,1
45450,3
126643,3
146434,2
149516,1
133728,2
128667,3
129020,3
130273,3
131333,3
46091,3
128925,3
129474,3
130153,3
126644,1
126656,3
131125,3
128222,1
127888,3
149275,4
44366,3
44262,3
129476,1
130086,3
46097,4
147179,3
147204,3
148896,3
148975,3
146476,3
147107,3
137002,2
43540,3
44347,3
43347,1
43348,3
43342,4
43562,3
147222,3
31645,3
41259,1
41441,1
132742,3
44378,3
136994,3
38773,2
148961,4
131512,1
131370,3
149095,3
130512,2
46111,3
132088,4
149079,3
130426,3
149205,3
147226,4
147248,4
45486,4
131097,3
130428,1
131000,3
127890,3
126681,3
45500,4
145957,2
149339,3
136806,3
136693,3
136694,3
136992,3
148895,3
148953,4
147169,3
147181,3
149065,3
137121,3
147156,3
131586,3
149334,3
149460,3
48192,3
49115,1
43515,2
43903,4
43512,4
128297,3
129115,1
42849,1
42850,3
64036,3
64701,3
137004,3
148970,4
128300,3
127904,4
148899,3
149053,3
137006,1
45051,3
149465,1
149436,1
149435,4
148959,3
128308,3
149320,3
149430,3
127914,4
126679,3
19896,4
149507,1
130616,3
133316,4
136987,4
42851,1
43344,1
43514,1
44239,1
145927,2
140280,3
147252,1
147270,1
126669,3
147230,1
128314,3
127918,4
149512,3
136778,3
149446,1
149445,3
19333,4
20885,2
136988,1
65611,3
133611,1
128326,3
127924,4
126663,3
136729,3
136920,3
136943,3
126664,1
126657,3
149549,1
133318,3
134298,3
126641,3
127930,3
128334,3
136735,3
125919,3
126756,3
127934,3
126711,3
128340,3
127942,4
15371,3
19335,1
147201,3
134962,1
134961,2
125911,3
127948,1
128344,1
43296,3
43295,1
43309,3
44752,3
45014,3
45301,4
134215,3
134678,3
136724,3
134890,2
147101,3
134828,3
134626,3
146112,2
43829,1
43830,3
43831,1
44014,3
65550,2
68257,1
44015,1
44190,3
135242,3
44191,1
134146,3
122853,3
124294,1
122856,1
118145,3
118146,1
118141,3
147211,3
134570,3
45433,4
46748,3
45272,3
129053,3
44994,3
43484,2
48601,2
135219,3
135422,3
59510,3
59453,4
135424,1
134117,3
134592,4
99309,2
43315,1
134580,4
133303,3
135232,3
31261,3
31262,1
31263,2
31448,2
147216,3
43435,2
133295,3
135250,1
133296,1
133281,4
134563,3
108347,3
118198,1
134545,3
134878,1
38688,2
134541,3
133282,1
133286,3
148542,2
133288,1
133294,3
134984,1
133306,3
129054,1
129010,3
64035,2
130556,1
128448,3
133308,1
133310,1
38674,4
15372,2
15171,2
15172,2
137732,3
47098,3
48232,3
48238,3
48800,1
14827,2
14828,2
36600,3
38671,4
41592,3
14487,2
36717,3
41003,4
41579,4
49443,1
49444,3
14439,3
14087,4
20644,3
138697,3
138866,3
11178,1
11177,3
48158,3
139756,3
10914,1
10223,4
11027,1
10671,4
13811,3
11886,3
11925,4
10823,3
128052,3
133798,1
151350,1
35708,2
151351,1
35725,2
9100,4
65473,2
94725,1
94697,3
10224,1
10225,1
92539,3
93181,4
74775,3
92550,1
130623,1
130624,3
42968,3
43020,3
126686,1
126685,3
97119,1
97116,3
95763,1
95764,3
35707,2
127841,3
129032,1
35726,2
132485,1
132486,3
41672,3
130626,3
132490,3
41653,4
41685,4
126688,1
126693,3
94994,3
94843,3
97118,1
116286,1
92401,3
92406,3
108325,3
41760,3
44557,3
34422,1
33574,3
92388,2
130632,3
132494,4
73817,1
73818,1
92387,3
130640,3
132498,4
133676,3
96132,1
94958,3
92379,3
73708,1
73707,1
130644,3
132506,4
94844,1
94929,3
94968,3
95580,1
92377,3
93028,3
93006,3
93432,3
48718,2
126696,1
127824,3
132510,3
130026,3
129352,3
130032,4
127438,3
129390,3
95020,2
46383,3
92373,3
130940,1
130928,3
131396,1
131392,3
9099,1
96603,1
96514,3
34191,1
34174,4
92374,1
92376,3
9102,1
9868,4
94842,3
97188,1
97162,3
76568,1
76102,4
33656,3
34140,4
34664,2
9722,1
9721,4
94734,3
93273,1
92480,1
74531,3
132512,1
132522,3
11647,4
97339,3
132524,3
132750,1
95825,1
95823,3
131382,3
130926,3
76123,4
83648,3
132530,3
133162,3
94733,3
95814,3
96579,3
96648,3
34139,1
95789,3
97372,3
34120,3
34466,1
34134,3
33573,3
138930,3
92555,1
92433,3
127370,3
128436,2
135948,1
133988,3
131174,3
130986,3
131156,4
130988,3
98993,3
130744,3
130564,3
130750,4
129528,3
130028,4
135536,1
130560,3
129178,3
129532,3
43870,3
46332,3
129313,3
33968,1
33939,3
94791,3
95794,3
42884,3
42883,1
42885,1
43810,3
10294,1
98612,3
99855,3
76125,1
76127,4
82422,4
9724,1
10257,1
95754,3
97376,3
97404,1
127337,3
98035,3
129324,3
92434,1
92436,3
133659,1
133647,4
134001,1
133991,4
124193,3
123437,3
124204,3
76128,1
120815,3
120511,3
120818,4
120975,3
123432,4
120971,3
127292,4
94178,3
35669,2
35624,2
92438,1
95709,3
92440,3
92395,3
92818,1
76104,3
81085,4
140622,3
35588,4
35632,4
133166,1
131170,4
130342,3
130572,3
130758,3
130344,1
130052,1
127238,3
128494,3
97395,4
98861,1
128508,3
36670,3
38928,4
124187,3
92883,1
92392,3
48394,2
48505,3
92396,1
92381,3
99856,1
100733,1
95710,1
95712,3
145166,3
93963,3
94708,1
93964,1
120501,3
120822,3
120966,3
124730,3
124244,3
124714,3
127136,3
92382,1
124238,4
123923,3
123924,1
123894,3
34091,3
34171,2
95714,1
96220,3
98300,3
129434,1
129410,3
98342,3
98988,1
92418,3
94361,3
129721,1
129722,3
140780,4
140870,3
132811,1
132111,3
131178,3
34147,3
132107,4
120489,3
34089,3
120963,3
92420,1
92444,3
98344,1
132813,1
94170,3
95340,3
131180,3
123964,3
124248,2
124744,3
124733,4
123989,3
123644,3
132103,4
127026,3
123207,1
123208,3
123685,3
123213,4
94228,3
96430,3
123442,3
41063,4
120483,3
41677,4
41745,3
120984,3
92446,1
92393,3
93991,1
93992,3
93332,4
34125,3
124259,3
34100,4
132789,1
125962,1
125961,3
95971,3
132099,4
126342,1
126341,3
124492,1
124491,3
131188,3
109018,3
109040,3
109912,3
107559,3
38923,4
41285,3
107389,3
106867,3
107392,1
107574,2
41613,3
125392,1
125391,4
41675,3
92394,1
92414,4
132095,4
132779,1
94700,3
95113,3
96120,3
131183,3
120477,3
109940,3
120992,3
96164,1
96718,1
35581,4
35625,4
45239,1
45240,3
141090,3
46333,3
126983,4
129407,3
120478,3
107806,2
131181,3
132773,1
120998,3
31096,3
34101,3
132093,3
35542,4
37737,3
35488,4
41230,3
48204,3
31128,4
47800,4
55614,3
91160,3
90834,3
91157,3
91354,3
91356,3
91822,3
90366,3
90856,1
89808,3
90367,3
89654,4
88136,2
89810,3
91836,3
92426,3
93230,4
94458,3
77324,3
88144,4
126705,3
128449,3
125390,3
124769,3
109948,3
37894,3
122645,3
123219,3
121891,3
122652,3
128759,3
128778,3
128482,3
121421,3
121887,3
120486,3
121409,4
129945,3
129948,1
130669,3
134883,1
133183,3
133641,3
132981,3
133196,3
130651,3
130871,3
130855,4
132667,3
132988,3
109763,3
131255,3
46256,3
131245,3
131481,3
131467,3
132013,3
132301,3
132659,3
132055,4
132318,3
43809,2
140776,2
141010,4
140775,2
69050,2
37970,3
38916,4
107769,1
107259,3
109990,3
109333,3
107020,1
37782,3
45231,4
90728,3
91567,1
89812,1
94480,3
94311,3
95898,3
121885,3
121399,3
46351,3
47550,4
120492,3
92058,3
93135,3
93748,1
124579,1
124483,3
106868,4
124249,3
124486,1
123699,3
124257,4
121881,3
92046,3
91837,1
77076,3
77368,3
123694,3
76578,3
77084,3
122642,4
76234,3
76592,4
123199,3
76248,3
75578,3
141322,3
96293,3
74329,3
47431,3
108900,1
108660,3
45305,1
45306,2
78329,3
78330,3
78438,3
79116,3
108659,1
125781,3
126612,3
125790,4
125386,3
90726,3
74032,2
72216,2
76591,2
110531,1
109985,3
94328,3
73989,2
72215,3
75110,2
93136,3
121873,3
107912,1
108792,2
120494,3
120275,3
120514,3
130652,3
141011,3
141174,3
130864,3
131025,1
120107,3
120278,3
119975,3
120118,3
119769,3
119978,3
119770,1
119788,3
79214,3
125373,3
125804,3
126420,3
123463,3
123695,4
142560,1
142556,3
111009,1
110545,3
50703,1
50696,3
76322,1
95847,3
75109,3
50891,1
50876,4
96692,4
94332,3
94778,1
37834,2
20888,2
109178,3
122232,3
122644,1
122893,3
122898,3
123222,3
122238,3
102231,1
100835,2
121871,3
100836,3
47786,4
106921,3
107686,3
37819,3
109096,3
37736,3
37136,3
93150,3
94344,3
90676,3
91292,3
102235,1
91298,3
107828,1
100842,3
142440,3
142561,3
59455,1
59949,4
59978,3
133827,3
89820,3
90557,3
37651,3
141826,2
109833,3
91306,3
102207,1
100848,3
126383,3
93141,3
93751,3
95183,3
95867,2
93140,3
132043,3
94727,3
94730,1
133634,3
95204,1
103719,1
103720,4
109138,3
104121,1
104122,4
103903,1
103904,3
121995,3
122325,4
122333,3
122705,3
120497,3
122726,3
36571,1
36154,5
123265,3
123268,3
123677,3
126338,3
125425,3
124267,3
125423,3
93138,2
93137,3
142648,1
142563,3
37293,3
20675,2
106922,1
106909,3
102227,1
71590,3
41206,4
100866,3
47433,1
142806,1
142702,4
89731,2
90167,3
38913,3
89664,2
90551,3
91316,3
47461,4
111253,3
132040,3
133666,3
126301,3
127883,3
127886,1
128125,3
128140,1
129001,3
129012,1
129561,3
129564,1
129941,3
129958,3
130217,3
130246,3
130683,3
130901,3
130906,3
131403,3
131416,3
143308,1
103356,1
103355,3
103362,3
55673,3
56468,3
142711,4
142565,3
144747,3
145508,3
47679,4
102225,1
126097,3
100880,3
145484,2
145982,1
89663,3
125411,3
103714,3
104146,3
106075,3
106391,3
106907,3
106400,1
106078,1
36594,3
109827,3
120467,3
119790,1
142926,1
142922,4
102239,1
111212,3
111841,3
95868,3
50695,1
100900,3
93168,4
50882,4
51180,1
109836,3
37211,3
143276,1
119614,1
119609,4
106902,3
88143,1
119349,1
119345,4
142931,3
35487,2
35483,4
142721,4
142567,3
35535,4
36126,2
36714,3
38060,3
89669,3
90810,4
88154,3
89435,4
35484,2
35150,3
74330,3
126068,3
125013,3
124275,3
124850,3
124278,3
123289,3
123272,3
35190,4
36105,2
122342,3
76111,3
145478,2
142928,3
91320,3
142727,4
125826,3
127526,1
142573,3
119346,1
119341,4
142071,2
119601,3
119993,1
131428,3
142276,1
142118,3
142072,2
56232,3
57752,3
145476,3
142924,3
142720,3
130262,3
142558,3
129970,3
104772,3
104766,3
105664,3
105702,3
106008,3
105987,3
109382,3
111670,3
118202,3
111711,3
109197,3
103284,3
103026,3
103288,4
91446,3
102318,3
103034,4
91448,4
92214,3
79220,3
92302,4
90636,3
90684,4
102364,4
93188,3
86580,3
86573,4
100266,3
99290,3
100280,4
88646,3
89563,4
89568,3
87807,3
97952,3
99281,4
97342,3
97947,3
97420,3
96673,3
89549,3
20646,3
121827,1
121828,4
121585,1
121575,4
122127,1
122128,3
120761,1
120721,4
121287,1
121277,4
119342,1
119314,4
119570,3
121045,1
121043,4
145472,3
145682,1
74332,3
75026,3
75028,3
76736,3
76733,3
102845,1
102846,4
125438,3
60090,3
123886,3
123769,3
122522,3
122530,4
142250,3
122346,3
91454,4
75119,3
75519,3
59951,1
60051,4
130298,3
129992,3
131912,3
99282,1
99275,4
100753,1
144537,3
144618,3
100296,4
49308,1
49300,3
75985,3
76026,4
76361,3
143206,3
47653,3
142252,3
131988,3
90691,3
91327,4
142504,3
142501,3
75584,3
36153,2
47495,3
96674,1
96671,3
133670,3
75522,3
100743,1
99276,1
99263,4
100318,4
131996,3
36156,2
105411,1
105412,4
92316,4
92810,4
62322,3
96665,3
97571,3
97545,3
97945,4
122360,2
122105,3
122124,1
121832,1
121600,3
121290,1
121052,1
120724,1
120466,4
60053,1
61763,3
35686,3
36458,1
126819,1
126788,3
100747,1
99264,1
99251,4
98659,1
98660,3
100328,4
98444,1
98441,3
93192,4
92322,4
129547,1
129548,3
90687,3
91451,4
131186,3
35998,3
96651,4
97260,3
91460,4
91971,4
128277,1
128278,3
122809,1
122765,3
93218,3
94774,4
100751,1
100338,4
86574,1
86513,4
99252,1
99258,4
50164,2
50163,3
50886,1
51901,1
93213,3
90679,4
92328,4
131024,3
131990,3
91464,4
118177,3
104753,4
131984,4
132816,4
105434,3
106123,1
37863,3
38482,4
145866,1
99260,1
99245,4
100342,4
100745,1
36465,3
145442,4
87803,3
20720,4
20890,3
87795,3
92336,4
92601,4
86514,1
86566,4
130500,3
131227,2
142498,4
142598,1
33240,2
37354,2
37278,3
37530,3
100749,1
93209,4
92340,4
91468,4
90680,1
90656,4
100354,3
99246,1
99239,4
33295,2
131975,3
133688,3
132842,3
125401,3
126396,3
50171,1
107923,3
109232,3
107643,3
107932,2
107644,1
107654,2
49291,3
127384,3
127311,4
127896,3
126201,3
127975,4
129516,3
38629,1
129397,3
32822,4
86568,1
86561,3
87798,3
106159,1
105981,3
104749,3
105817,3
101631,3
100969,3
101644,3
102097,3
102093,3
45571,3
102353,3
32894,4
93206,3
94747,4
123243,3
122857,3
123336,4
123595,3
100647,3
100937,3
102831,3
123658,4
103040,3
122914,3
123913,3
100603,4
103302,4
124108,4
124375,3
99254,4
97167,3
96947,3
97184,4
97717,3
96972,4
97726,4
97976,4
122574,3
124432,4
96017,3
96668,4
95289,3
95296,4
96066,4
90113,1
89547,3
125003,3
112264,1
112263,4
37382,3
37598,3
90655,1
90643,3
93201,3
92348,4
91472,4
37188,3
112567,1
112568,4
132262,1
131967,3
118178,1
118169,3
37521,3
37800,2
38635,1
38510,3
108158,1
108157,3
112780,1
112768,3
142492,3
142588,1
109236,3
108163,3
95314,4
89543,3
90303,1
119338,3
119514,3
86562,1
86553,3
93197,3
106601,1
106602,4
69874,1
69873,3
89544,1
89539,3
92333,4
130706,3
37323,3
37116,3
90644,4
91476,4
45562,3
37385,3
37716,3
131961,3
132846,3
119546,4
38267,4
74422,1
74502,3
118170,1
118172,3
119816,3
96080,4
130355,3
131152,3
76048,1
86554,1
86545,3
38311,3
101340,1
101339,3
101349,4
101686,3
37064,3
37265,3
108169,3
89540,1
109258,3
93195,3
37586,3
37335,3
89537,3
121608,3
146396,1
145694,3
122616,3
92354,3
90646,1
90652,4
91480,4
119834,3
51795,1
47651,4
131956,3
132612,3
145673,3
132590,3
132855,3
89533,3
90297,1
94750,4
35118,3
145056,3
145430,3
96698,4
127986,4
144600,3
118174,1
118176,3
35139,4
35594,2
127243,4
142532,1
125969,3
86546,1
86539,4
129163,4
37016,3
37193,3
96988,4
123313,4
105619,2
105855,3
123629,4
124904,3
124061,3
130857,3
131530,3
124401,4
37285,3
37506,3
93224,3
91484,3
89531,3
90670,4
112013,1
112014,4
98615,1
98608,4
122712,3
87763,4
34136,4
95324,4
36118,3
36851,3
105620,3
20861,1
20767,4
107135,1
107136,4
107419,1
107420,4
89527,3
97216,4
109262,2
108171,3
20905,1
20823,4
118186,3
119026,3
35071,3
35271,3
102351,3
102356,4
98883,1
98884,4
102376,4
102601,3
101211,1
101212,3
101651,4
102634,4
103310,3
103969,3
103986,3
104741,3
111477,1
111478,3
132833,3
36972,3
37133,2
133680,3
86540,1
86529,3
98295,1
98296,4
37221,3
37388,4
131217,4
96088,1
107946,4
87766,3
97748,3
89525,3
15046,3
13870,2
14953,3
16280,2
110021,1
110022,4
107674,3
16274,3
93234,3
13867,3
109330,3
90195,3
90661,3
90183,3
89517,3
35545,2
97982,3
119032,3
109627,1
109628,3
118192,3
86530,1
86525,3
141969,1
141970,3
36932,3
37079,2
37222,2
37346,4
142654,1
141978,3
37618,1
124817,3
125941,3
118194,1
120504,3
121058,3
132182,3
96710,3
98338,3
118196,3
34196,4
87749,3
89511,3
127965,3
105079,1
105051,4
96998,3
98605,3
144592,3
105363,1
105359,4
125669,3
131893,4
127140,4
89503,3
37290,3
86526,1
86515,4
36884,3
37017,3
90176,2
129166,1
130327,3
119040,3
37696,1
93242,3
118200,3
129697,3
130845,3
90662,1
71448,3
144538,1
97224,4
97507,4
98888,3
99086,4
133640,3
111167,3
124724,3
132784,3
124111,3
124370,3
123362,4
124050,3
123668,4
103673,1
103674,4
122816,5
103318,3
31986,4
32867,4
102654,3
102390,1
99953,3
99966,4
99268,4
100600,4
142683,1
142680,4
98553,3
89493,3
98549,4
98057,3
98060,4
93157,3
93749,3
97821,3
101351,4
97824,4
97613,3
97616,4
93754,4
97228,1
101654,3
96059,3
94754,1
95747,3
96084,1
95768,1
95328,1
144588,3
121001,3
97636,1
36860,3
36973,3
86516,1
86509,4
99298,4
37279,3
37088,2
37024,3
37205,4
32014,4
34107,4
37760,2
132682,3
143041,1
142881,3
97828,1
130851,4
103996,3
104740,3
35685,2
130535,3
119856,3
119542,3
118206,3
132353,4
124538,3
125934,3
98080,1
133126,3
112018,1
112267,1
110681,3
111178,2
112572,1
110347,3
110694,3
112778,1
36859,2
36939,3
31058,3
110350,3
108923,3
108499,3
108934,3
109247,3
109290,3
109447,3
109445,4
108481,4
109685,3
109706,3
36984,3
37139,3
110017,4
107939,3
35906,2
107411,3
107112,3
86510,1
86505,4
87491,3
142796,1
106355,3
106584,3
142144,3
142675,3
106091,3
106358,4
106098,4
105655,3
105636,4
105350,4
37175,3
37663,3
100218,1
105056,3
35952,3
104731,3
141980,3
142136,3
149846,1
149845,1
31105,4
127968,1
98552,2
143032,1
103574,3
103678,1
104006,3
30168,4
126897,3
35905,3
89494,1
89487,3
125670,1
130929,2
37605,3
119538,3
142882,4
118208,4
49293,1
36915,3
37091,3
31085,3
31157,3
36885,3
37105,3
87495,3
86506,1
86502,4
132889,4
89467,3
100597,4
101228,4
144566,3
145024,1
75053,3
30198,4
31131,4
102680,3
37525,3
31949,4
104732,1
104727,3
101656,3
99306,4
99653,4
30932,3
31929,4
142994,1
142676,1
119534,3
142890,4
110351,3
118209,1
118214,3
37051,3
145628,3
145345,3
85976,2
85975,3
86493,3
87499,3
122433,3
123334,3
131299,4
69124,3
98735,3
99315,3
100608,4
142152,2
98830,3
101664,3
101342,4
36854,1
36977,3
77454,3
77156,3
77464,3
77512,3
76154,3
77180,4
104496,3
104724,3
76153,1
76182,4
102701,4
37011,4
92823,1
92824,3
37302,1
123672,1
101333,4
101666,4
124100,3
124146,3
89468,1
89449,3
44528,1
44527,1
92545,1
92546,4
124496,3
56685,1
56686,3
101670,3
101918,4
93987,1
119530,3
93760,4
118216,3
93158,3
102939,1
124388,4
102699,3
102310,4
101672,3
131931,3
87505,3
89450,1
89458,3
126063,3
86494,3
104722,3
104420,3
104206,3
104717,3
104036,3
104230,4
104028,4
103790,3
103792,4
106768,3
107099,4
103576,4
106745,4
106301,4
106108,3
133852,3
105670,3
105351,4
98832,1
98891,3
100612,3
125856,3
126675,3
104718,3
130336,3
102929,1
102695,3
102672,6
101674,3
119525,3
129698,1
142892,1
142895,3
143046,3
118222,3
36115,3
92165,1
92156,4
126678,1
145008,1
128127,3
144514,3
37764,4
98892,1
98839,4
37708,4
86496,3
100618,3
35911,3
87509,1
99303,3
47497,3
89460,1
89453,3
102919,1
102663,4
132443,3
133229,3
101336,3
101676,4
36005,4
37102,3
119520,3
118226,3
120955,3
93772,3
93985,1
35913,2
35931,2
93172,4
100622,3
101680,3
101913,4
101193,1
128130,1
129651,3
91857,1
91828,3
100626,3
122107,3
99279,3
129851,3
89454,1
89451,3
86498,3
87503,1
102645,4
102907,1
138129,3
102305,4
101682,3
86111,3
86114,1
85963,3
85964,1
85966,1
86904,3
100634,3
36008,2
36729,3
101696,3
57227,1
57228,3
100640,4
132537,3
74940,1
74939,3
99233,3
102905,1
102308,1
102639,4
103580,1
15205,3
16269,3
87482,1
87486,1
89452,1
89480,3
45561,1
47521,3
103796,1
110406,1
100644,4
101700,3
99217,3
76299,3
76518,3
144470,3
144880,1
76505,3
76880,3
119858,4
76914,3
107373,3
107388,1
110064,1
77186,3
107120,1
106543,3
106748,1
102629,3
104761,4
109464,1
106546,1
120508,3
109271,3
109294,1
106327,1
108506,1
105857,3
105860,1
105623,3
37923,1
105632,1
105302,4
104030,1
101706,3
102607,3
104236,1
104735,4
57472,3
58800,3
125716,3
127258,1
118296,2
118228,3
94648,3
94374,3
94662,3
95596,2
119862,4
94118,3
94382,1
94126,1
120518,3
93744,3
93498,3
93766,1
93526,1
99218,3
93180,1
92808,3
92828,1
92560,1
95602,3
91936,3
92182,1
91938,1
91662,3
91661,1
91653,3
100650,4
101375,1
144058,3
144558,3
124190,3
96235,1
96236,3
124417,3
142898,1
142900,4
122825,3
99222,3
98003,3
98842,3
47198,3
47525,3
47664,3
102597,3
101718,3
97444,1
97443,3
89482,1
89560,1
129654,1
36617,1
36618,3
97017,1
97018,3
101507,1
99228,3
100662,4
95630,3
130357,3
131074,3
125701,3
130269,3
94674,1
118230,3
91654,1
91649,3
119872,4
120528,2
99232,3
98844,3
121957,3
98001,3
98858,3
47539,4
101715,3
105237,4
116488,4
100666,3
15443,3
15438,3
15689,1
31997,4
33268,3
102581,3
14441,3
99272,3
14427,3
101709,3
11699,3
91650,1
91645,3
120956,3
47670,3
74567,1
103885,1
103886,3
119880,3
120038,3
31973,4
32277,3
31384,3
103739,1
103740,3
118232,3
47543,4
142899,1
142917,3
143044,3
125679,3
126266,1
101500,1
31463,3
32257,4
98878,3
99203,3
97447,3
132178,3
48290,3
130037,3
102577,3
91646,1
91648,1
101707,3
118234,1
47249,3
47575,3
97065,3
130890,3
97068,1
96857,3
96543,3
96870,1
118236,3
96546,1
95981,3
95986,1
95625,3
41262,3
119867,3
128980,1
128979,3
143902,3
104777,3
99201,3
98902,3
43151,3
47315,3
125680,1
126156,1
118238,1
97451,3
43167,4
118240,3
34157,4
35068,2
52650,2
51763,3
54292,3
100771,1
100615,3
100630,3
53949,3
33534,3
121163,3
99183,3
95626,1
95621,3
102576,3
56272,3
128054,1
127869,3
145934,1
145276,3
101703,3
128761,4
143831,3
33563,3
124437,3
35492,2
105233,3
115509,4
49537,3
144102,3
98920,3
118242,1
118244,3
119868,1
119865,3
97453,3
99941,1
119866,1
121134,3
102618,3
95622,1
95613,3
35366,3
101693,3
98915,3
105289,3
104296,3
104299,3
104534,3
104554,3
103467,3
103430,4
37637,4
35651,2
102567,3
125798,1
125797,3
98913,3
97455,3
118246,1
118248,1
16266,3
130581,4
95614,1
100199,3
100656,3
100195,3
95609,3
98909,3
102590,3
144580,3
144964,3
123731,3
124461,3
101455,3
132171,3
35473,3
142202,3
126046,1
130029,3
144628,3
122905,3
123310,4
97457,3
32543,3
98897,3
125873,3
145346,1
99539,3
100185,3
99191,2
99564,3
99192,3
126335,3
102604,3
101456,3
94914,1
94899,3
32172,3
32529,4
125876,1
126101,3
121328,3
122537,3
129315,3
130393,3
97465,3
98906,3
100177,3
36619,1
99576,3
120213,3
16284,3
102626,3
15427,3
34786,3
101468,3
94900,2
144672,3
144860,3
97072,1
97071,3
95612,3
97076,3
97469,3
9961,3
74772,1
144832,3
145176,3
124677,3
128764,1
98169,1
97471,3
61043,1
61044,3
102658,3
101484,3
95618,4
97001,3
121796,3
34941,3
31845,3
94629,1
94613,4
94355,1
94353,4
94905,4
99903,3
99715,3
94147,1
94135,4
101512,3
130841,3
90177,1
90173,3
142297,1
142241,3
122198,4
142242,1
142119,3
53950,1
104300,3
105297,3
122786,4
124272,3
96479,3
96506,2
96833,3
96838,3
95645,3
94384,1
94628,1
94136,1
94140,1
94923,2
130467,4
33231,3
89277,2
90200,3
121092,3
127572,1
126962,3
32168,3
32660,3
40231,3
89278,3
123828,3
104304,3
105311,3
143815,3
124460,3
141923,3
142162,3
58471,4
59722,3
101590,1
102058,3
102060,1
40234,4
43227,3
104308,3
106433,1
106434,3
103414,3
121675,3
37723,4
38748,3
120111,3
106697,1
106675,4
30931,3
36112,4
132141,3
97754,2
128214,1
128213,4
104312,3
36483,3
38241,3
105317,3
95633,3
99388,3
142184,3
15246,1
15217,4
125496,1
125037,3
42298,3
43496,3
104316,3
105321,3
99091,3
143113,3
143794,4
90204,2
89286,3
141924,3
95634,1
95636,1
122194,3
22102,3
22097,4
22164,3
22155,4
23614,4
141816,4
105325,3
104318,3
89288,1
89290,3
143414,3
143796,3
144136,1
144692,3
143114,1
89292,4
98781,3
20904,3
22382,4
143448,4
22448,4
23544,4
92951,1
92935,3
33414,4
107595,1
100445,1
100245,3
106692,1
128984,1
128977,3
129784,1
129765,3
38970,4
106393,3
106101,3
106402,1
105849,3
106118,1
105629,3
105870,1
105634,1
7473,1
7474,1
103273,3
33454,4
33570,3
89689,1
89294,1
89300,4
31464,3
40826,3
42609,3
98695,3
100008,3
124044,1
121372,3
124030,3
131535,1
131525,4
98696,1
98247,3
36111,1
120063,3
120928,3
20881,5
33288,3
33381,4
92936,1
92931,4
89725,1
89302,1
89312,4
126375,3
127511,3
100041,2
100992,3
13898,2
15221,3
15733,3
16290,4
15736,2
13897,2
38086,3
38851,3
38085,1
143806,4
143086,1
143085,3
143430,4
143087,3
144664,5
145052,3
145050,3
145082,1
89314,1
89316,4
89679,1
34258,3
98248,1
120970,3
121596,3
33431,4
127514,3
128217,4
129753,3
129751,4
130480,4
130997,3
131016,4
98149,3
122152,3
131538,4
132144,3
99777,3
33301,3
33551,3
43497,1
42717,3
132146,3
133266,3
143423,4
98150,1
98131,3
109579,1
109580,3
110459,1
110460,3
93309,1
110243,1
110244,3
109995,1
109979,3
92932,1
92957,4
141782,4
143810,3
144198,1
89317,1
89334,3
89922,3
34426,3
39000,4
121210,3
100994,1
102624,3
34214,3
119951,3
120586,3
39004,3
40314,3
38466,3
129003,1
129004,4
90705,1
89928,3
144366,1
31522,3
143812,3
40780,3
41024,3
100528,1
121708,3
123496,3
127097,3
40987,3
34187,3
98132,3
103291,3
32442,3
144344,1
90697,1
89930,3
143801,3
141779,4
141828,3
139634,4
142838,3
143506,3
32677,3
141185,3
141795,3
88507,1
88491,4
39957,3
109131,1
109081,3
142797,4
142807,4
126710,3
127466,3
127467,4
128249,3
37961,1
37962,4
89936,3
90731,1
32161,3
129788,4
129018,4
38068,3
38919,4
131030,4
131564,4
99976,1
99975,3
132155,3
130494,4
31982,3
145344,1
38677,1
110955,1
110956,3
108571,1
108559,3
110653,1
110654,3
88239,1
88201,4
106093,1
106094,3
105185,1
105183,3
143799,3
102864,3
143415,4
143881,3
105788,1
105787,3
37563,4
38941,3
120334,3
39958,1
40595,1
144204,1
143781,3
38179,3
91039,1
89938,3
37627,4
38109,3
102413,3
104588,1
104587,3
138685,3
89942,3
61462,1
61461,3
89348,3
91011,1
87351,1
87347,3
86436,1
86435,3
93359,1
144666,1
144820,2
122896,3
92958,1
92947,4
86433,3
89944,3
87339,3
120225,3
121194,4
98111,3
99090,1
122264,3
141689,1
141555,3
38127,1
38597,1
38320,3
86429,3
123606,3
60324,4
69049,3
103295,3
87335,3
91057,1
86430,1
89948,3
86423,3
58472,1
58463,4
111873,2
116365,3
116384,4
103315,3
119376,4
41135,3
61943,3
108073,3
108102,1
87967,1
87963,4
40990,4
110353,3
110362,1
86415,3
87329,3
120147,3
36122,3
37491,4
143416,1
89098,4
89356,3
61463,3
42611,1
143772,4
143418,1
73424,1
141661,1
141597,4
89952,3
92948,1
35307,3
97159,1
95047,3
92933,3
94397,3
94404,3
89364,4
95050,4
90885,1
86416,1
89956,3
138686,1
69231,3
48576,3
49063,4
121382,1
140597,3
141384,4
86413,3
138677,3
86407,3
121960,4
101933,3
41139,2
35324,4
87317,3
92928,4
94402,4
40991,1
120785,3
38096,3
16296,2
20267,4
90985,1
30920,4
97181,1
95605,3
89962,3
37964,1
34151,3
99672,3
95559,4
95052,1
95054,1
34431,3
141733,1
141665,3
86403,3
87305,3
116452,3
119287,4
92927,1
92915,3
94428,4
94806,1
32729,4
34179,3
138678,1
141600,2
138676,3
87753,1
87751,4
145152,3
138370,3
138529,3
86404,1
89978,4
90891,1
32432,4
121040,4
86401,3
34560,2
34559,2
34823,3
126709,3
97173,1
38098,1
92896,4
127508,3
95541,4
94434,3
128253,3
132161,3
86397,4
131044,3
138669,3
138784,1
131572,3
130514,3
34773,2
129814,3
87308,3
98112,3
128281,3
129050,3
114107,1
114108,3
33652,3
34225,2
113897,1
113898,3
34397,3
34856,3
87310,3
87531,3
87530,3
87760,3
53951,4
87956,3
143771,1
88643,1
88208,3
88478,4
143778,3
144316,1
85737,2
85709,3
86389,4
34285,3
34461,3
138670,1
141789,1
138659,3
96517,3
96021,3
96524,3
96907,3
96920,3
97083,3
97112,3
97277,3
97317,3
97489,1
123446,3
141808,4
87314,3
42875,2
93464,3
94424,3
89979,1
89975,3
90502,3
90481,4
90642,3
90648,3
91554,3
91558,1
91764,3
93486,3
91766,3
92564,3
101824,1
92890,3
33747,3
35223,3
35253,4
121716,4
62291,4
121443,4
85710,3
57313,1
57309,3
103325,3
106053,1
86385,4
87322,3
96001,3
95542,1
95535,3
121041,1
28246,2
34871,3
141208,2
141110,3
141305,3
138570,2
138561,4
142095,1
142096,2
92902,4
138651,3
90611,3
90439,3
89971,4
85712,4
86381,3
32274,4
87326,4
96534,3
96002,3
30042,3
30041,1
30134,4
127357,3
127345,3
126714,3
127901,3
128345,3
128366,1
128851,3
132186,3
132188,4
132748,3
32304,3
33221,3
132766,4
133274,3
131487,3
131463,3
128874,1
140974,3
141177,3
101934,1
103320,3
115985,3
116419,3
115527,3
115534,3
114621,3
113900,1
85714,1
85716,4
28245,2
86373,3
104081,1
103298,3
140527,3
140850,4
98140,3
98944,1
87064,3
87380,3
143786,3
144064,1
88473,3
86804,3
87070,3
89087,4
91091,1
89361,3
89969,3
35286,4
138562,1
138557,4
123228,3
138648,3
100013,1
99706,3
28264,2
140139,3
140719,3
96548,3
142192,1
142103,4
95536,1
95534,4
96004,3
85718,1
85722,3
86369,3
105889,1
105885,4
141073,3
141233,3
57305,3
98817,1
98670,3
55908,3
150601,1
150589,3
138633,3
138860,3
140877,1
140878,3
141251,4
13291,1
13292,2
42877,1
121436,3
132776,4
141329,2
141265,4
141739,3
103080,3
104840,1
143788,1
143824,1
132204,4
133271,3
94330,3
95550,3
96008,3
94336,3
131464,3
96556,3
96016,3
85724,3
86359,3
138558,1
138556,3
138617,3
13264,1
13263,2
138374,3
138542,3
140922,3
126726,4
30135,2
30181,4
30872,4
141145,3
28263,4
142273,2
142219,3
142599,3
98158,3
89963,3
90170,3
90566,3
90967,3
90505,3
90870,3
90875,4
86357,3
92912,4
91546,3
91548,1
88178,1
150575,3
150658,3
96026,3
95556,3
30184,2
30221,2
141038,4
94340,4
86362,4
80613,1
80614,1
85726,3
85728,1
85730,4
125327,1
125328,3
141199,3
141347,3
141094,2
30783,2
102566,3
103081,3
113910,1
113905,3
102468,3
102586,3
106227,1
102028,3
102476,3
105465,3
105873,3
101540,3
102046,3
104869,3
105455,3
142105,1
142179,3
100370,3
101552,1
104872,1
100345,4
123103,3
133290,3
140569,3
140839,4
132798,4
138606,3
132214,4
103556,3
131466,3
119264,3
122443,4
95573,4
32433,1
96777,2
96747,3
97149,3
93705,3
94352,2
96046,4
85731,1
32560,3
33518,2
93650,3
86378,4
88010,3
85740,4
92914,1
92922,3
142278,3
32248,3
37749,4
38909,3
150565,3
150636,3
89345,4
89945,4
141255,3
141433,3
35293,4
36634,3
140495,3
140766,3
121753,3
96537,1
85742,1
121736,3
96050,3
95565,3
122688,3
88018,3
85748,3
86394,4
127794,1
127398,3
127144,3
127434,3
127184,3
126744,3
90208,1
90207,4
125285,3
92277,3
92917,3
143465,3
92278,1
92287,3
125286,1
142129,3
35281,3
36133,3
125301,4
34528,3
33519,1
142193,3
142346,3
142707,3
141025,4
133412,3
93660,3
132804,4
35029,3
36108,4
105456,1
105876,1
99661,1
98405,4
92899,3
132218,4
131486,3
140405,3
140537,3
145006,3
145746,3
85750,1
141200,2
94259,3
95563,3
150692,3
96070,3
85752,3
141319,3
141519,3
88022,3
86410,4
52013,3
85758,3
118120,3
119684,2
150695,1
117968,3
118117,4
117796,3
117970,1
117604,3
117800,1
139456,3
139434,3
139462,3
139476,3
49161,4
139406,3
139442,3
116820,3
117606,1
139474,3
139494,3
139392,3
139408,3
48608,3
116838,1
116416,3
125304,1
125319,4
126798,3
141888,3
142085,3
92869,4
139644,4
140257,4
144442,3
145104,3
142253,3
142424,3
85760,1
140467,3
140637,3
101811,4
85762,3
94279,3
85753,4
135666,4
102594,3
97008,4
88026,3
86426,3
141391,3
141611,3
140363,3
132226,3
132802,3
52015,3
52921,3
141275,3
131498,3
52930,4
53944,3
55363,3
119629,3
88764,1
88469,3
150688,4
142613,3
142950,2
140934,2
139334,3
139394,1
126856,3
91535,1
91531,4
125320,1
125343,4
55371,3
55854,2
33604,3
139010,3
64392,2
95564,1
96354,3
93449,1
93433,3
115471,4
116411,3
99599,3
99648,4
100331,3
101111,3
98397,3
61132,3
64381,2
101109,4
85754,1
88459,3
88028,3
141974,4
142392,2
86440,4
142317,3
142476,3
141719,4
141902,3
85756,3
122586,4
101809,3
140505,3
140705,3
140678,2
103547,3
150559,3
150612,3
85598,1
85597,3
141677,3
90499,3
56909,3
32954,4
33719,3
141725,3
92279,3
90898,4
141483,3
91521,4
48644,3
49363,4
37493,1
133094,1
88032,1
85776,3
86452,4
125346,1
125333,3
93807,1
93787,3
131506,4
126880,4
36864,3
141226,3
123427,3
101801,3
102924,1
144967,3
145562,2
142540,4
140962,3
141415,3
36903,3
142377,3
100307,3
33937,2
33938,1
34218,3
140573,3
140789,3
101144,4
142570,4
101795,3
38332,2
33136,4
141621,3
140204,3
140343,3
142651,2
142591,4
142849,3
123294,4
124155,3
34576,4
35178,3
103544,3
129430,3
129086,3
129425,3
129565,3
124141,4
124633,3
101791,3
124656,3
125752,3
128770,3
129081,3
125731,3
126220,3
128476,3
128774,3
126883,3
144735,3
145156,3
126226,1
128510,3
95679,3
98375,3
87987,3
87985,3
88174,1
32246,3
61096,2
88457,3
88709,3
86129,3
52019,4
86458,4
141499,2
100303,3
32249,4
98311,3
99635,3
141862,3
142336,4
100275,3
101127,4
140859,4
101785,3
32245,2
142453,3
20323,4
140665,3
150519,3
150586,3
140106,3
139944,3
140015,4
20363,4
32252,2
32935,3
20405,4
21565,3
150682,3
150704,1
116191,4
116407,4
103540,3
140887,4
140978,3
141561,3
101777,3
99605,3
100267,3
117281,1
117282,3
150614,3
123237,3
123824,4
143526,3
35103,3
35736,2
140907,4
141298,2
142580,2
142663,3
140276,3
140609,4
143485,4
143562,3
140117,3
89134,3
88455,3
89384,3
92865,3
91511,4
90881,3
90239,4
90010,3
143547,4
143620,3
144252,3
144589,3
21506,3
22363,4
87667,3
87977,3
87682,3
144898,4
86470,3
30831,4
86474,3
103527,3
22439,4
140761,3
98312,1
98271,4
101773,3
123189,4
61108,2
61107,3
60365,2
114635,3
115461,4
115757,3
122350,3
119285,3
119632,3
119101,3
118715,3
94284,3
118871,3
119118,1
124122,4
126875,4
118886,4
116367,3
116817,3
116813,3
117029,3
116021,3
116196,4
117025,3
117261,3
117827,3
117264,3
117838,4
117955,3
117964,3
118125,4
118377,3
118385,4
118531,3
118552,3
118695,3
118711,3
115889,3
116056,4
115892,4
115762,3
142716,4
141480,3
30863,4
31292,2
114640,3
113383,4
92862,4
30833,2
101761,3
148808,5
101130,3
143499,3
143579,3
100268,3
22256,3
90857,3
91500,3
22295,3
23539,4
150531,3
150604,3
139943,1
123883,3
124750,4
144825,4
144833,4
30866,2
31241,2
141502,3
142579,3
142757,3
61217,1
99595,3
140896,2
140991,3
143203,3
143228,4
98272,1
98233,4
145350,3
143017,2
141610,3
35104,2
35657,3
102721,3
103524,3
102693,4
101743,3
150584,3
23607,4
23660,2
140218,3
140421,1
26709,2
141770,3
141933,3
150796,1
150744,3
91612,1
91611,3
87686,3
29896,2
139532,3
139587,5
90858,1
90839,3
26710,4
139914,4
119654,3
120031,3
123185,3
123351,4
29927,2
91499,1
86735,3
91688,3
91690,4
92859,3
94251,3
60233,3
55856,5
23476,3
88456,3
88746,3
128235,3
128248,1
129580,1
23657,2
24072,4
150674,4
126864,4
122138,3
125417,4
126861,3
26174,2
139498,3
139651,3
95973,1
95974,3
18798,4
99585,3
98234,1
98219,3
33792,3
34178,3
26173,3
142631,4
142811,3
104531,1
140017,1
140067,3
103521,3
59781,3
60168,3
36581,3
140895,3
141053,3
140177,3
139880,4
139895,4
5957,1
5958,3
100270,3
101123,3
16661,3
96319,1
96320,3
114047,1
144914,3
113384,1
113394,1
141845,3
142017,2
35840,3
36381,3
140290,3
99536,4
98215,3
26157,1
26158,4
87692,3
87097,3
98216,1
98209,3
28267,3
96681,1
96682,3
49412,3
56208,1
53109,1
115205,1
115206,4
52934,1
95235,1
95236,3
52023,1
50633,3
142709,3
142885,3
114642,1
114646,3
114855,1
114843,4
117655,1
117649,4
104995,1
104996,3
115351,1
115352,4
104701,3
102710,3
140967,3
141117,3
101737,3
105211,1
105209,3
90840,3
100274,3
150668,4
150732,3
88476,3
99487,3
88796,3
101126,3
100284,4
93391,1
35496,3
92855,3
98205,3
141769,2
91679,4
139983,3
92851,3
126862,3
127549,3
98206,1
98199,3
128043,3
128056,3
128363,1
5756,1
5755,3
127564,3
115007,1
115008,3
150574,3
150632,3
30644,2
30701,2
141907,3
140148,3
140195,3
140348,3
87702,3
139362,3
139345,3
139377,3
26695,4
26728,4
27680,4
117503,1
117493,3
114648,1
114650,3
139257,3
101740,3
101150,3
34514,3
142965,3
98193,3
142585,3
99497,4
142787,3
102716,3
101746,3
121919,3
124747,3
128380,1
34547,4
35374,4
26686,4
143187,3
34278,4
26724,4
27635,4
141023,3
141189,3
126868,3
127348,4
142225,3
142510,3
31618,2
94252,1
94250,3
142754,4
143215,3
26613,4
150517,3
150655,3
150710,3
31631,2
125773,3
126872,3
143939,1
143833,3
114652,1
114654,3
34308,3
34951,3
150807,1
150784,3
95252,4
30116,3
141414,3
125769,4
143602,4
125372,3
141616,3
30144,4
150811,1
150812,1
150572,3
93954,3
140092,3
116649,1
116635,3
143323,3
141893,3
140245,3
140390,3
99479,4
27710,4
100292,3
149509,1
149288,3
98187,3
26669,4
27154,3
5547,1
5535,3
91673,3
101164,3
128385,1
90842,3
126761,3
102728,3
101764,3
92854,3
93156,1
92880,3
120004,3
121103,3
125761,3
126563,4
141531,3
141830,4
141239,3
142819,3
88484,3
88765,3
150228,3
150592,3
114656,1
114658,3
5526,4
5712,3
142752,2
141099,3
27624,4
141284,4
141485,3
142054,1
141971,3
27694,4
38580,2
27115,3
119317,1
119318,3
87877,3
138758,3
139022,2
96497,3
96493,3
140429,4
141015,4
138538,3
138753,3
144110,2
143969,3
144194,3
97189,3
138535,3
138384,1
94375,3
95258,4
94380,3
97202,4
97701,3
83541,1
81247,3
93840,3
5525,1
98183,3
97689,3
100322,4
35640,3
99455,3
98173,3
93846,3
106235,1
105791,3
5519,3
5568,3
140319,3
140438,3
5520,1
31617,3
105393,3
105826,4
140049,3
140384,2
105377,4
36802,4
36954,3
104911,3
104970,3
104716,3
27530,4
5561,4
27633,3
28532,3
33119,3
126739,4
139937,3
31896,2
31632,3
125749,3
143695,3
36756,4
102736,3
101770,3
59796,3
143235,3
143565,4
88504,3
141294,3
141517,2
139067,2
141819,3
141105,1
141106,3
126729,3
128589,3
114637,4
114850,3
115228,3
115356,1
115486,3
115930,3
116064,3
116202,3
116361,4
69052,1
69176,3
31943,2
144952,3
91669,3
91934,1
141209,3
150705,3
92674,3
101397,3
101782,3
91627,3
90844,3
96489,3
95255,4
94394,3
144924,4
145364,4
90866,3
98165,3
90245,3
90016,3
144073,3
144290,3
139068,3
36646,3
36739,4
99458,3
91732,3
92688,3
139141,3
142055,3
33668,3
119660,4
119876,3
144869,4
145270,3
120297,3
143169,2
143115,3
125756,3
121752,3
29118,1
140369,3
140464,2
150730,3
125398,3
101172,3
126748,3
142087,3
142228,3
150721,3
101410,3
142618,3
101178,3
100392,4
99462,3
125747,3
5706,4
33887,4
102754,3
150772,3
5736,3
5887,3
101788,3
34324,3
35367,3
21505,1
115051,1
115052,3
5508,4
5699,3
142080,1
115693,1
115694,3
33898,4
142239,3
142296,3
31852,3
149062,3
149037,3
149124,3
141163,3
93852,3
150719,3
144262,3
92696,3
140294,3
96487,3
101806,3
95268,4
94412,3
144851,4
145619,1
140365,3
33914,4
99470,3
140551,2
140497,3
140957,3
142369,3
142523,3
5507,1
98161,3
144527,4
31786,4
144149,3
144372,3
35841,1
31873,3
144533,3
145605,1
91628,1
143403,3
100400,4
142077,1
99472,3
101779,3
145583,3
146016,2
90868,1
140642,4
143001,3
143133,3
6004,3
102787,3
90872,3
140417,4
22190,3
36759,4
31696,3
31747,4
93868,3
92706,3
141527,2
141455,3
141913,3
144563,1
144488,3
96845,3
96861,4
97193,3
96453,3
96041,3
96476,3
91638,3
94409,3
140599,4
96037,3
95278,4
119894,3
120018,3
145568,3
98164,3
99465,3
121239,1
120295,3
98190,4
143061,3
143177,3
120289,3
36667,3
36905,3
120015,3
114137,1
114138,3
31812,4
31886,3
141111,4
5836,3
128953,3
101753,3
144245,3
140451,4
140565,3
139837,3
140222,3
31324,1
31123,3
126760,3
31480,1
31215,3
5464,1
5463,3
141127,4
6005,1
6088,3
121691,3
122847,1
102783,3
145650,1
144158,4
92131,3
92712,4
143457,4
144137,4
31176,1
31019,3
5582,3
91636,3
95292,4
94399,3
96033,3
138940,3
139112,3
96859,3
128945,3
131495,4
97196,3
99459,3
96449,3
97625,3
98230,4
142014,4
31801,4
84735,1
82870,3
141333,3
141534,3
36382,1
143121,3
143251,3
148809,1
149294,3
143002,2
141999,4
120579,3
121674,3
99445,3
107053,3
106289,3
107003,3
108619,3
100404,3
106281,3
148729,3
148814,2
105625,3
105813,3
101751,3
105611,3
104794,2
104929,3
104951,3
120575,3
105388,3
37752,3
142467,3
128941,3
102779,3
31629,3
31903,3
101741,3
119664,3
126766,3
92722,3
32899,1
32816,4
118898,3
118541,3
118533,3
118373,4
118107,4
93872,3
117797,4
117645,3
117375,3
117363,3
91626,3
38087,3
144395,3
116445,3
140485,3
140659,3
114973,3
115026,3
126779,3
114692,3
32408,2
113995,3
113996,1
114042,2
125331,3
97623,3
145660,1
97212,4
96029,3
95310,4
121543,4
122903,1
94395,3
35956,4
35552,3
6040,3
6344,2
99441,3
98284,4
27564,4
5738,3
97609,3
22239,2
22802,3
146501,2
139535,3
139900,3
142266,3
30770,5
143345,3
5729,4
99423,3
35507,4
108629,3
106963,3
100434,4
143165,3
141421,3
141630,3
102771,3
101571,3
31535,1
30986,3
144887,2
144815,3
145575,2
35988,4
142334,3
143127,4
30819,3
30521,4
30821,1
31001,3
92724,3
146502,3
143078,1
93876,3
22695,3
32287,3
5764,3
5460,3
143265,3
143491,3
5459,1
144339,3
5444,3
140454,2
96027,3
139359,3
95330,4
99411,3
94389,3
140533,3
140747,3
97599,3
119668,3
120573,3
92150,1
98275,4
142326,2
91624,3
119255,3
143390,3
144053,3
119266,3
124711,3
123539,2
124738,3
125271,3
5578,3
5676,3
118908,3
119670,3
92734,3
93880,4
23641,3
99412,3
125382,3
5935,4
102271,3
100429,4
102752,2
102761,3
5427,3
126775,3
128951,1
30806,4
5980,3
6110,3
106964,3
141273,3
5575,3
108633,3
122859,3
122882,3
31004,1
149218,1
149204,3
144705,3
144961,3
141507,3
141700,3
139852,3
140166,3
120571,3
143239,3
121425,3
126737,3
31111,3
99416,3
98267,4
97585,4
119680,3
116441,3
116861,3
119272,2
118535,4
117802,3
140627,3
140813,3
30422,2
30310,4
139247,3
118375,3
117364,3
118112,3
140715,3
116015,3
116397,4
115036,3
116044,3
99418,3
101525,1
108641,3
142048,3
100423,4
106994,3
144286,4
5950,3
92159,3
92740,3
92170,3
33348,2
33775,3
142025,4
139071,3
144304,4
26582,4
143306,3
143513,3
26618,4
30859,4
142246,3
32269,1
32270,3
121366,3
141589,4
141766,3
120569,3
94392,3
119692,3
117815,4
28290,3
92745,3
93888,3
57969,3
58489,3
140926,4
6058,3
6284,3
99422,3
141218,4
141523,3
5979,2
118912,3
119097,3
142027,2
142205,3
98259,4
97236,3
94420,1
97588,3
95360,4
117372,3
140949,4
144577,3
144822,3
140891,3
30408,4
30619,3
28292,4
30192,3
99428,3
140695,3
101531,1
100419,4
27086,3
145425,3
145479,3
108647,3
5161,1
5162,3
142733,2
142621,3
143033,3
139814,3
140094,3
123515,1
122781,3
122057,3
122802,3
30128,2
122080,4
121265,3
119407,1
119408,3
5667,3
5429,3
131662,3
135796,4
115056,3
112411,1
112408,4
99436,3
5164,3
31023,3
98262,4
97590,3
143374,3
143625,3
33793,3
5651,3
5793,3
103239,1
103240,4
117843,1
117852,3
117408,3
141663,3
141840,3
108650,1
108655,3
99438,3
100855,1
100411,4
30502,4
30743,3
18882,4
141858,4
34236,2
33979,3
148703,3
148836,1
143196,3
144673,3
144942,3
119095,3
118914,3
142511,3
142694,3
140834,3
138942,3
97244,4
18930,4
91556,3
99444,3
92746,3
95382,4
56910,1
97592,4
30127,3
98245,3
138944,3
121151,3
120567,3
6041,3
141140,3
141588,3
148880,3
149289,3
142122,2
143225,3
139754,3
139858,3
6106,3
6224,2
118918,4
117395,4
117805,3
143470,3
143727,3
118529,3
18982,5
21143,3
140652,4
117812,4
99452,3
100867,1
100407,3
34540,3
128415,1
139369,3
139314,3
30586,4
141735,3
126735,3
35928,4
144521,3
126750,3
32425,2
99502,4
97254,4
144265,4
98237,3
103757,1
103753,3
95398,4
92750,3
97563,4
144783,3
145012,3
149648,1
98221,3
125359,4
140785,3
142595,3
142780,3
141760,3
141943,3
30253,3
146022,2
145918,3
146126,4
56675,3
57994,3
149273,3
32145,3
139397,3
21336,1
21216,4
91232,3
34948,3
35915,4
138599,3
146378,5
147050,3
92178,3
139799,3
139908,3
99799,3
100795,1
113607,1
113589,3
128211,1
120159,3
120001,3
120181,2
119877,3
120014,1
119884,3
119633,3
120623,3
119425,3
119642,4
120636,2
119458,3
119295,3
119147,3
119291,3
142512,2
119141,3
118922,2
143586,3
143869,3
30682,4
126752,3
118389,3
121142,3
143681,3
118099,3
118365,3
117830,3
117818,3
117381,3
116422,3
33388,3
115403,3
126770,3
6020,4
125368,3
124503,3
123663,3
124510,3
5652,3
5723,3
120792,3
97268,3
98179,4
123633,4
141667,3
97566,2
122084,3
5722,3
108658,1
92756,3
94009,3
115382,3
141080,3
141341,1
108623,3
94036,3
5797,3
140558,4
95408,4
144877,3
145124,3
147482,3
33577,3
144424,4
144976,2
142673,3
142854,3
32783,2
30375,3
34253,3
25778,2
25770,3
115021,3
142341,3
5144,2
5143,3
5362,3
5357,3
144281,4
5433,3
143707,4
139710,3
145672,1
141430,4
126774,3
125337,3
143737,4
144397,4
128209,1
126804,3
143953,3
139841,3
139956,3
146076,3
146130,4
146030,3
146078,4
145984,3
146031,4
145936,3
145986,4
145938,4
145890,3
25769,2
25967,3
141850,3
142021,3
142824,3
30800,4
25883,3
26597,4
140733,4
143676,3
125408,4
145254,3
33256,2
116758,3
117379,3
140757,3
141029,3
142215,3
123634,1
123640,4
145840,3
145891,4
97239,4
143079,3
143557,4
94042,3
95422,4
117369,3
98171,3
98801,3
98852,3
99541,4
99828,3
90808,3
92194,1
118924,2
144971,3
30457,3
142761,3
142954,3
26985,3
141624,4
141154,3
142299,3
142784,4
141937,4
142255,2
142081,3
32784,3
103750,3
104057,1
21215,1
116424,3
139381,1
140124,4
103244,1
140717,2
103756,1
139883,4
140012,3
126808,3
26947,3
27523,4
141912,3
139678,3
139844,3
125720,3
144829,2
98172,1
98196,3
96701,1
143820,3
128369,1
126829,3
95411,4
122086,3
94050,3
123649,3
5002,1
5001,3
8966,4
148902,3
117832,4
144314,3
33255,4
116428,3
138640,3
138644,3
138716,3
30553,3
27616,4
145077,3
5586,4
142986,3
5435,3
113944,1
113583,3
142269,3
142775,4
5355,3
5145,3
142815,3
27583,4
140990,3
141957,4
141065,3
141214,3
118928,4
114786,1
114785,3
115024,3
114792,3
146164,3
146329,3
146752,2
146173,4
146134,4
146084,4
146035,4
145990,4
145946,4
145895,4
145839,3
116188,3
116432,3
31760,2
31244,4
115994,1
115993,3
98226,3
96611,3
97229,4
140056,4
142868,4
94054,3
92760,3
96636,4
95387,4
141986,3
139939,3
94062,4
111563,3
112397,3
34917,3
126802,4
139388,3
118359,3
113581,3
117846,3
124577,3
61407,1
61408,4
113952,1
116830,3
113578,3
140078,4
140312,3
116393,3
138714,3
138774,3
116823,4
30641,3
123625,3
122075,3
34370,2
35260,3
33172,3
140920,3
97197,4
139642,3
139903,4
98252,4
96631,4
33421,3
34026,4
141121,3
141262,3
142907,3
92762,3
95369,4
115504,3
116011,3
94066,4
115048,3
112393,3
119650,4
144224,3
144738,1
119888,1
119259,3
119257,3
118938,3
33292,4
116381,3
149263,3
149374,1
116834,3
113563,3
90663,3
92297,3
139989,3
138772,3
138838,3
5784,3
92275,3
92766,3
30765,3
5660,3
81248,1
141462,4
141853,3
98280,3
140009,3
140154,3
5453,3
5345,3
5235,3
5348,3
97179,3
5232,3
99511,3
5000,3
96613,4
112915,1
139366,3
143015,2
142963,3
143105,3
112389,3
100120,3
100144,3
100794,1
92772,3
93637,3
95347,4
93633,4
94070,3
123621,4
114794,1
112385,3
141201,3
141336,3
122061,4
109569,3
140919,2
141248,2
84200,3
90358,3
116363,4
116844,3
145841,3
145899,3
140668,4
145950,4
146000,4
146045,4
146092,4
146142,3
146179,3
146332,3
144096,3
144329,3
141918,2
139946,2
21169,1
53942,3
141917,1
27611,4
28298,3
139594,3
139742,2
114796,3
143454,1
143453,3
145593,2
145847,3
145594,3
95337,4
96605,3
98294,3
91695,1
91696,4
94072,1
90991,1
90992,3
138840,3
33336,3
91191,1
91192,4
143006,3
143157,3
91961,1
91962,4
61410,1
61534,3
64985,3
25819,3
141243,3
141426,3
91401,1
91402,4
98306,3
99399,4
142267,1
142195,3
145851,3
145596,3
146336,3
146144,4
140071,3
140198,3
139480,3
96608,3
95344,4
33353,3
33445,3
38036,4
38506,3
116280,3
93625,4
92774,3
123895,3
123954,3
124353,3
139524,4
139567,3
124408,1
35227,3
35428,3
124618,1
123329,3
123617,4
122863,3
123358,4
32025,3
122251,3
122874,4
144173,3
144409,3
120695,3
122311,3
122068,1
141221,3
98320,3
96618,3
140648,4
141160,4
141554,2
141489,4
141797,3
119275,3
119673,3
120005,3
139002,3
119274,3
118879,3
118521,3
118890,3
116193,3
115397,3
116222,3
118333,3
118101,3
118348,1
118515,3
116380,3
117411,3
139680,3
36014,4
37509,4
38428,4
149136,1
149135,3
117877,3
118104,1
115401,3
115011,3
115040,3
117414,4
114327,3
114338,4
145855,4
142893,3
117715,3
142155,3
142304,1
5228,3
139212,3
145598,3
26937,2
4998,3
112386,3
138102,1
30752,3
143090,3
143219,3
90106,3
90777,3
90775,3
91047,3
91007,3
91151,4
91381,4
91675,4
91953,4
92778,3
96622,3
140613,4
141132,3
95352,4
140254,4
140410,3
93621,4
141313,3
35947,4
35732,3
92782,3
149138,1
149139,4
139000,3
140133,4
98324,3
99402,4
35961,4
33340,4
140580,4
141373,3
144008,3
138870,3
139131,3
100775,1
96628,3
145456,2
145412,3
145492,3
145494,3
145520,3
145522,4
145566,3
145569,3
145588,3
145589,3
145622,3
145624,3
145662,3
145664,3
145724,3
35100,4
145729,4
145859,4
145878,3
145881,4
145906,3
145911,4
145959,3
146011,3
144279,3
144503,3
146053,4
146095,4
146147,3
146184,3
146189,3
98366,4
146340,3
28111,4
28312,3
141260,3
26980,3
35120,4
36001,4
96642,3
95374,4
36286,3
93617,4
120666,3
92779,3
140457,1
140241,4
56912,1
139558,3
33305,4
33832,3
127619,1
127620,4
141410,3
141743,3
149140,1
149133,4
146514,2
146509,3
146342,3
149259,3
26995,3
33257,2
140511,3
141095,3
33853,4
124012,1
142156,2
142358,2
29857,3
125093,1
125094,3
139300,3
123742,1
35884,3
36423,3
143197,2
122439,3
122890,1
123378,1
143132,3
143283,3
4843,1
4844,3
122442,1
122338,1
32885,3
33343,3
124839,1
124840,4
119636,3
140181,3
140326,3
108547,3
129295,1
129296,4
120674,2
120642,3
30020,3
30791,4
146747,3
33809,4
33827,3
100157,1
96644,3
124593,1
124594,4
99406,4
98378,3
27927,1
27923,4
36944,4
37966,4
116924,3
117418,3
117693,3
116714,3
116913,4
116732,3
116388,3
28016,1
28011,4
146507,3
146344,3
144359,3
144567,2
130147,1
130141,4
95378,4
96658,4
93614,4
145459,3
145502,4
145458,4
145411,3
100823,3
109733,3
143905,4
144308,1
139702,4
143400,4
92769,3
112404,3
149134,1
149147,3
124299,1
124300,4
149257,3
143361,3
139557,2
139621,4
143426,4
30036,4
31229,3
120566,3
29690,1
29272,3
29070,3
29277,4
141344,3
141703,3
143190,3
147036,3
147116,3
146743,3
5152,3
5221,3
126812,4
128372,1
5156,3
125134,3
127634,4
146346,3
4846,3
28884,3
29071,3
143184,3
140378,3
95394,4
96662,4
89918,3
90603,3
93603,4
98382,3
92767,3
99383,4
100159,1
90606,3
140261,4
140623,3
140136,2
140225,3
98361,3
23649,3
91154,3
91345,3
91641,3
91947,3
92491,1
123847,1
123848,3
142310,3
142677,3
143143,3
141596,3
144463,2
31642,3
32114,3
139849,3
140169,4
139497,3
146739,3
116907,3
146348,3
117422,3
149408,1
135878,2
138069,1
148904,1
116560,3
112406,1
23651,1
23983,4
141684,3
142039,3
139657,3
139750,3
112424,3
114340,1
114346,4
28776,3
28886,3
115060,4
117405,3
14899,3
18779,4
129291,4
130137,4
131071,1
127650,4
117709,3
120422,3
121192,1
96678,4
126822,4
93606,4
95404,3
125141,3
143319,3
92757,3
98359,3
139579,3
139130,3
100163,1
99371,4
141279,4
141660,2
143752,3
144335,2
98333,3
146427,3
146736,3
146425,3
146350,3
88162,3
28688,3
28793,3
140299,3
59795,1
140227,3
139499,3
139515,3
4848,2
29680,1
60170,1
116404,4
29281,4
29077,3
125139,3
124852,3
124608,3
31374,3
32592,4
124310,3
123866,3
140525,3
140863,1
28586,3
28705,3
116906,3
145112,2
145110,3
145332,3
145324,3
131067,1
145415,3
22696,1
139687,3
139802,3
122933,1
122934,3
141962,3
142235,4
129276,4
146731,3
98327,3
117401,3
130134,4
146423,3
95418,4
96680,1
117373,3
93610,4
96686,3
127658,4
125131,3
126850,4
100039,1
28316,3
92751,4
28115,3
28010,3
99357,4
27924,1
27914,3
143270,3
98291,4
119687,2
142607,3
143066,2
28474,3
28601,3
139816,4
139865,3
35228,1
28472,3
28320,3
146354,3
118511,3
146151,4
141182,3
141379,2
139521,3
118512,1
118505,3
145319,3
145108,3
146356,4
146727,3
139834,4
140119,3
96690,3
31610,3
92743,3
95420,1
95440,4
93630,4
94721,1
51261,3
53867,2
131674,3
89700,3
90179,4
126846,4
127662,4
130130,4
129238,4
117300,3
119515,3
143658,3
144231,3
90608,1
125106,4
36162,3
36925,3
100023,1
99362,4
98316,4
139564,4
96704,3
135907,3
139729,3
139383,3
31379,3
26979,3
27245,3
145199,3
145311,3
145202,3
145018,2
145017,3
139609,3
139559,4
142517,3
142642,3
140487,3
140691,3
139501,3
146724,3
29283,1
29285,4
29630,1
146178,3
146364,3
146185,3
146150,3
146082,3
146040,3
145994,3
145996,3
145910,3
145880,3
34929,3
145846,3
145712,3
145737,3
145686,3
145713,3
145684,3
145646,3
145644,3
139705,4
145608,3
145604,3
145525,3
145500,3
145464,3
145419,4
117881,3
118499,4
4724,1
4722,3
117330,3
120235,3
120876,1
143224,3
142543,3
142746,3
131687,3
27191,4
96708,3
95448,4
92741,3
93642,4
141910,3
142174,3
145206,3
143296,3
143581,3
130125,4
126841,4
127625,4
33484,3
34865,3
145015,3
139772,3
139876,3
4721,1
125081,4
27210,3
55465,3
56691,3
129195,4
139691,3
5384,3
141381,1
100017,1
99366,4
98346,4
146715,3
146366,3
123870,4
96714,3
116961,3
116777,3
116968,1
116645,3
116780,1
116648,1
116399,3
5224,3
143761,3
115069,3
117358,3
37148,4
114153,3
114321,3
113861,3
114141,4
113819,4
96724,4
112236,3
95456,4
92737,3
93652,4
117354,3
117760,3
91075,1
91059,4
89562,3
37169,3
145307,3
144927,3
146712,3
32886,2
33274,3
146368,3
140445,3
140543,3
28304,3
31267,3
31573,4
28890,3
108873,3
111269,3
131669,3
122957,3
123880,4
130122,4
127604,4
125072,4
129160,4
126838,4
99396,3
4677,1
4634,3
32680,2
142605,3
142802,3
117183,4
117438,3
29580,1
9627,3
29287,1
29289,4
139811,3
139932,3
116389,3
99380,3
90165,3
92593,3
92610,3
96736,4
98370,4
108511,3
108910,1
91056,4
95443,4
115075,3
141446,4
93664,3
107755,3
108516,3
146416,3
146708,3
144928,3
146417,3
145303,3
118671,3
118674,1
118841,3
146370,3
118844,1
119059,3
143635,3
143897,3
143524,3
118492,4
119049,3
141844,3
141994,3
32703,2
117780,3
28295,3
27866,3
27642,3
27868,3
140617,4
140937,3
89200,3
142387,4
132863,1
27418,3
27715,3
131658,3
69143,2
139674,4
64986,2
5498,4
5445,3
126836,3
131653,3
123890,4
119511,3
127606,4
130118,4
139534,3
139663,4
125078,4
35883,3
36313,3
129168,4
122955,3
140473,3
119357,3
119829,3
146703,3
146419,3
144930,3
145299,3
117739,3
116392,3
142689,3
142878,3
118084,3
98386,3
115078,1
139728,3
139853,3
139974,3
93666,4
94173,3
94180,4
96750,3
95425,4
139533,1
91068,4
91706,1
143523,2
27605,3
140963,4
141363,3
119587,3
143731,3
143989,3
28286,3
132865,1
69144,4
28894,3
131650,3
31621,3
145291,3
146696,4
144932,3
146372,3
141892,3
142066,3
145908,3
145966,3
145964,3
146004,3
31083,2
31341,3
129192,4
131643,3
31481,3
123898,4
125086,4
127610,4
130114,4
140393,3
122936,4
98402,3
28120,3
28283,3
28020,3
28122,1
28022,1
27837,3
140507,3
140701,3
29534,1
29297,3
29079,3
92618,3
31190,4
120198,3
94489,3
95415,3
96754,3
27387,3
32612,3
94513,3
93903,3
94212,1
92619,3
93924,1
97497,1
93670,3
96756,3
4633,1
88938,3
89997,3
142773,3
142960,3
145287,3
91070,1
91031,4
144934,3
139891,4
140030,3
118053,4
118298,3
107756,3
108524,3
131640,3
132885,1
121447,1
121448,3
141081,1
140985,4
139830,3
4587,3
31084,3
33486,3
139614,3
143863,3
144089,3
116436,3
116936,1
143287,2
35959,3
36542,3
142288,3
143145,3
122940,4
129224,4
96760,3
121450,4
143937,2
131637,3
95401,3
130108,4
127614,4
123910,4
125090,4
141952,3
142114,3
118277,4
141843,1
28896,2
145283,3
120140,3
120418,3
144936,3
140575,4
140797,3
29083,2
92620,4
93286,1
140097,4
142996,3
96762,3
140351,4
140519,3
143037,4
143199,3
35886,1
144151,3
140113,4
93443,3
93682,3
118465,4
118974,3
140074,3
139503,3
31412,3
143233,2
121211,1
120948,4
142843,3
107745,3
108536,3
132679,1
139947,3
96770,3
95391,3
131634,3
142320,3
142771,3
31385,4
145282,4
139528,1
139527,3
144938,3
127598,4
129212,4
130104,4
131631,3
143947,3
121326,3
121458,3
122938,3
96792,3
125102,4
139786,4
123916,4
31220,3
141183,1
141071,2
120067,3
146976,3
147038,3
146954,3
146978,3
146928,3
146962,4
146892,3
146930,3
146832,3
146894,3
142032,3
142170,3
146796,3
146827,3
146776,3
146792,4
146768,4
146652,3
146692,4
146626,3
146654,4
146524,3
146619,3
146526,3
146200,3
146202,3
139630,4
139777,4
145752,3
145753,3
140865,3
90273,3
145417,3
145244,3
145295,3
145196,3
145239,4
145142,3
145187,4
145090,3
145133,4
145040,3
145085,4
144984,3
145027,4
144990,3
144906,3
144856,3
144893,3
144810,3
144847,4
144768,3
144805,4
144718,3
144763,4
144678,3
144726,4
144636,2
144682,4
144602,4
4588,1
138854,3
108542,1
93686,4
140675,3
139336,3
92636,4
107741,4
91032,1
139530,1
139549,3
33907,3
91013,4
36205,3
95392,1
120434,3
143217,2
5420,4
143057,3
96784,3
146530,3
120308,3
120868,1
28280,4
28834,3
146204,3
140793,4
145409,3
145757,3
132735,1
28836,1
131626,3
142859,1
142860,3
4529,3
142969,3
135116,1
131589,3
144035,3
139856,3
122946,3
130100,4
131612,4
127594,4
123942,4
125124,4
129200,4
122980,4
140039,3
121462,4
89834,3
90485,3
138720,3
140278,3
140587,3
140913,3
145761,4
146534,3
142230,3
146206,3
5415,3
145407,3
142094,3
37124,3
87290,3
146947,4
147122,3
94509,3
147018,3
147042,3
146996,3
147020,4
147002,4
146980,4
92631,4
146878,3
146898,4
146874,4
146824,4
90989,4
93690,4
142176,4
90733,3
107742,1
139571,3
58497,1
141711,4
56712,3
146208,3
108495,1
107733,4
140767,4
145765,3
146538,3
145405,3
139540,2
146956,4
147262,2
132295,1
146212,3
131607,3
142937,3
118468,1
130097,3
129183,4
118280,1
118056,1
121472,3
125148,4
127630,4
121325,1
123958,4
123014,4
117385,3
117394,1
116983,3
117189,3
139520,3
139648,3
116773,3
116782,1
116450,2
140005,3
142339,2
142281,3
142533,3
114324,1
114144,1
113820,1
113822,1
146542,3
27884,3
27922,3
146214,3
28272,3
28859,3
145545,3
145769,3
139964,2
5479,3
145541,3
145403,3
146218,3
120062,3
145771,3
27738,3
90742,3
95849,3
95307,3
95916,3
92623,3
93041,3
139607,3
139724,3
94839,3
95334,3
91022,4
93046,4
94846,3
22836,4
24003,4
93694,3
140811,3
140999,3
24838,2
142158,4
5592,3
143232,2
143168,3
143667,2
119892,3
132639,1
146546,3
27828,3
146220,3
107734,1
108487,1
131599,3
107719,4
145539,3
145401,3
146224,3
145773,3
146618,4
146658,4
146686,4
146764,4
140216,3
140426,2
146790,3
146820,4
146870,4
146902,4
146938,4
140683,3
125156,4
127696,4
123920,4
139539,3
129172,4
121480,3
88542,1
87780,3
123030,4
22864,4
24773,2
120390,1
141393,3
139950,3
146550,3
146226,3
145777,3
145315,3
145779,4
146230,3
145234,4
145180,4
145132,4
145084,4
144882,4
144838,4
139919,3
145026,4
144794,4
144762,4
144992,4
144730,4
144637,2
144686,4
144638,4
145399,3
142863,4
91009,3
92613,4
93897,3
94854,3
93906,3
93696,4
90744,3
142197,4
142349,3
142871,4
90225,3
90852,3
131580,3
107263,3
107705,4
108459,1
146554,3
146232,3
139998,3
107264,1
107276,4
140897,3
141061,3
88396,3
88882,3
27471,3
139584,3
139653,3
145783,4
35077,4
146240,3
28256,3
145397,3
34414,4
121367,1
121236,4
120700,1
120618,4
140028,3
140173,3
27990,3
143098,3
143242,3
88694,1
88006,3
146242,3
146558,3
94858,3
123906,4
140282,3
131582,3
123042,4
93908,4
125136,4
140633,4
117193,1
129188,4
127654,4
145787,4
146246,3
145395,3
121494,3
141627,4
141873,3
142404,4
147046,3
147024,3
147006,3
146984,3
146960,3
28998,1
146936,3
146906,3
146866,4
146818,3
146762,4
146688,4
146662,1
146622,4
146560,3
142108,3
142263,3
142431,3
146248,3
107701,4
108383,1
107278,1
107280,3
146564,3
35105,4
36266,4
145791,4
146252,3
145393,3
4530,1
140969,4
141123,3
8074,3
34468,3
93940,3
93453,3
93734,3
31172,3
94862,3
28910,3
139542,1
93482,3
139583,3
139683,3
28680,1
28528,3
141997,3
93074,3
139758,3
34071,3
35377,3
92041,3
92646,3
141133,4
141443,2
120263,1
120168,4
91251,3
92038,3
143149,3
143328,3
121506,3
127624,4
123056,3
120617,1
145795,4
129216,4
125118,4
146256,3
123902,4
145391,3
131604,3
27628,3
27910,3
91284,3
90914,3
29994,3
140152,3
140201,3
140356,3
120522,4
142141,3
4472,3
30021,4
30220,3
94864,1
94870,3
36501,3
30721,4
142327,3
142479,3
94874,3
107284,3
107697,4
108367,1
146260,4
145799,4
145389,3
29686,3
36653,3
141511,3
28252,3
27776,3
139719,4
139846,2
141033,3
141193,3
142110,1
139586,3
86682,4
30753,4
31296,3
120858,4
29014,3
30659,4
144996,3
145035,4
144890,3
145094,4
144840,4
144796,4
145138,4
144772,4
145182,4
144721,3
144679,3
145248,3
145327,3
144642,3
144550,3
144605,3
144508,3
144546,3
141803,3
142373,4
144478,3
144509,3
144416,2
144472,3
144415,2
31350,3
139637,4
89434,3
143024,3
145803,4
145387,3
146264,3
146443,3
141311,3
146445,4
140386,4
146568,3
91036,3
116345,3
140151,2
129230,4
127640,4
146570,3
146630,3
146646,3
146648,4
146700,4
146772,4
146800,3
143213,3
143378,3
146802,4
125120,4
146830,3
146836,4
146860,3
146922,3
131618,3
146924,3
147054,2
123053,3
119735,3
121500,3
123045,3
27599,3
123928,3
140249,4
94872,1
121148,3
21396,3
22829,4
107693,4
108369,1
107281,3
30950,4
146574,3
146449,4
146266,3
142142,2
142471,3
142393,3
22784,3
28034,3
140900,3
9687,3
141103,3
141227,2
121485,3
120170,1
22371,3
22919,3
30941,3
139667,3
139763,3
146578,3
146453,4
146268,3
140523,3
140825,3
140033,3
4471,1
143281,3
143482,3
125128,4
131646,3
127686,4
90354,2
142973,4
143349,2
29859,1
123978,4
121465,3
129242,4
142484,4
123038,4
91364,3
91396,4
120523,1
139927,3
92664,3
140329,3
140434,3
146272,3
145385,3
107696,1
108355,1
140207,3
145807,4
107282,1
141137,2
146582,3
146457,4
146274,3
28248,3
142494,4
30694,4
142461,3
35380,1
36221,4
111270,1
111245,3
144719,3
144644,3
143576,3
139807,3
120813,3
146278,3
145811,4
146586,3
146461,4
139693,3
146280,4
145383,3
141101,1
139999,3
140184,4
37858,3
4374,3
142408,3
143355,3
139712,4
139959,3
139660,3
36339,3
146632,3
146806,3
146780,3
146720,3
146664,3
146857,3
146840,3
21402,4
22483,3
119736,1
119462,3
129258,4
131664,3
124006,4
125166,4
127704,4
145815,4
146284,4
146465,4
121454,3
146590,3
123010,4
144902,3
140371,3
140470,2
144844,3
145335,3
144802,3
145186,3
145146,3
145100,3
144776,3
145381,3
145045,3
55365,3
55468,3
144998,3
144716,3
141755,2
141919,3
111246,1
111229,3
25451,2
140441,3
140547,3
89840,3
145819,4
146288,4
146469,3
139977,2
140163,3
146598,3
145379,3
142904,3
143279,1
139716,4
121456,3
69145,4
25230,2
139737,3
120694,3
121482,3
145192,3
145232,3
140499,3
140723,3
145236,3
145339,3
22687,3
23211,3
142435,4
25452,3
143419,3
139698,3
118965,1
118719,4
146602,3
145833,4
146292,4
55367,3
53941,1
145377,3
127714,4
129252,4
125228,4
122992,4
124022,4
86681,1
80546,3
91254,4
131656,3
90570,3
91794,3
92202,3
140413,4
111230,1
142583,1
142519,3
111233,3
25229,3
30325,3
29585,3
29856,3
30635,4
141149,4
141396,3
140237,3
141057,3
111279,3
111963,3
16690,3
18839,3
145923,3
146296,4
146495,3
146491,3
146610,2
145922,3
145823,3
27697,3
145375,3
22942,3
4179,1
4180,3
29648,3
18909,3
121488,2
119253,1
119105,3
4108,3
145825,4
146300,4
145919,3
146489,3
145373,3
127736,4
129248,4
131680,3
124040,4
140381,3
140455,3
140561,3
122996,4
125246,4
18951,4
111234,1
111231,3
141317,3
141468,3
141851,3
142353,4
18994,4
19864,3
142903,2
143103,1
27252,3
22773,3
144609,4
146519,3
146304,3
145829,3
141875,1
141756,4
145372,3
4008,3
27225,4
27552,4
26656,4
18716,3
139981,2
139941,3
140083,3
111215,4
112093,3
146612,2
146193,3
20953,3
92294,3
141340,3
141540,3
17479,3
19825,4
26680,4
27515,3
92034,3
144414,3
144613,3
139511,4
127732,4
132819,1
132820,4
132347,1
132348,4
140655,4
140995,3
131716,4
122997,1
129246,4
123066,4
124056,4
125256,4
111931,3
112597,3
111232,1
111249,3
21652,4
146319,3
140490,3
139625,1
139626,3
144498,3
136848,1
136333,4
136859,1
136341,4
142977,3
30730,4
140360,4
141786,4
141882,3
140395,4
145062,3
118560,1
118559,3
139873,3
139994,3
140339,4
33970,2
54425,3
111761,3
112425,3
118562,1
141424,3
141638,3
118722,1
118881,3
118884,1
119089,3
59003,1
111252,1
111265,3
30709,4
30898,4
118059,1
118057,3
118803,3
119417,3
141812,4
142208,3
132794,4
133172,3
121468,3
131722,3
132366,4
133200,2
133382,3
133379,3
133762,3
133771,3
133912,3
133913,3
134022,3
134025,4
134212,3
134203,3
134304,3
134310,3
134648,1
121460,3
140407,3
28950,3
129268,4
127644,4
25286,3
25417,4
123024,4
124036,4
125238,4
34030,2
139670,3
91121,1
90854,3
140536,3
140737,3
18992,1
18570,4
91841,1
91842,3
30667,3
30841,4
28986,4
112751,3
141318,2
4107,1
4061,3
119372,3
111383,4
111683,3
30117,2
140042,4
140233,3
141708,3
19938,3
141510,3
139921,3
138215,3
25492,3
111268,1
112319,3
113153,3
28917,3
141634,4
9638,3
10878,1
25463,4
140630,4
140817,3
30901,4
30994,3
119211,3
119950,3
120382,3
120716,3
129263,4
131726,3
127680,4
120726,3
120906,3
120913,4
121272,3
22468,2
21948,3
22652,3
140541,3
121282,4
121746,3
125199,4
121733,4
122050,3
122070,1
122390,3
122416,1
122730,3
30446,3
122732,1
123072,3
124017,4
91052,3
141748,3
142148,3
32032,4
33020,3
142980,1
143011,3
139581,1
139582,2
25311,3
25639,3
30855,3
32017,4
91735,3
142655,1
142550,3
139823,3
141354,3
91570,3
139969,3
140088,3
111154,3
30465,4
31993,4
141606,4
17322,3
140830,4
4062,1
4012,3
112901,3
113691,3
140710,3
140881,3
131744,3
110312,3
140844,4
141269,4
36318,4
127710,4
125174,4
129180,4
123986,4
140604,3
123078,4
142958,3
143093,3
110402,4
111549,3
112186,3
141651,4
141836,3
140270,3
140593,4
33920,3
140953,3
36288,4
37352,3
111264,3
25285,2
22684,3
36200,3
140023,4
140142,3
25745,3
142443,4
120738,4
141530,3
120384,3
139546,4
139781,4
139971,3
36231,4
37362,3
139554,4
140784,3
143839,1
143754,3
113560,1
113559,3
36009,4
29581,3
25312,2
118081,3
111807,3
118868,3
134347,3
134352,3
134637,1
134030,4
131760,3
123079,1
23034,3
123081,3
127726,4
118088,4
117747,3
125176,4
142691,1
142604,3
129146,4
117748,1
117750,1
123970,4
36024,4
36535,3
143004,3
143137,2
26611,3
28073,3
110996,3
111666,3
114283,2
114099,3
114871,3
28818,4
112517,3
113056,3
141723,3
141898,3
117091,1
117092,1
142957,1
140190,3
140265,3
140063,3
111987,4
4011,1
4013,1
117291,1
117272,4
142420,4
142875,1
140856,3
113057,1
113224,3
140296,3
127722,4
140045,4
131774,3
141546,4
125194,4
129148,4
123075,3
123946,4
143753,1
144474,4
120396,3
140801,3
143074,3
120748,3
139725,3
142395,4
142846,2
121855,1
140232,3
140516,3
121740,4
141211,3
141471,4
121292,4
120912,3
133446,3
133448,3
132560,3
132782,4
134044,3
132574,4
134434,3
132362,4
141586,3
113053,3
113456,3
131730,3
111623,3
141801,3
141954,3
114938,2
115773,4
142365,4
142817,2
142686,3
113776,1
113472,3
140129,3
113921,3
103286,1
142284,4
19894,3
21246,4
129156,4
131672,3
142739,1
127718,4
125220,4
123017,3
114403,3
123932,4
141171,2
141172,2
113278,3
142306,4
142789,1
134062,3
133450,3
112943,3
19910,3
33942,3
140194,3
140475,3
141942,3
14900,1
16085,4
141863,3
142036,3
34072,2
19881,4
21208,3
19244,3
113668,3
142770,1
112815,3
139689,3
139862,3
141365,4
140081,2
19813,3
21185,3
129174,4
131684,4
110995,1
111506,3
110242,3
123934,4
113449,1
125224,4
123003,3
127700,4
21478,3
22754,4
116628,3
133452,4
139510,3
139537,3
134080,4
141302,3
110343,4
111298,3
116630,1
107692,3
117729,1
117728,3
143075,1
142126,4
8508,4
8980,3
142098,3
19268,4
21136,4
108807,3
111199,3
140193,2
140460,4
142137,4
142384,3
141927,3
35630,3
141865,3
117223,3
117702,3
113369,4
35665,4
36824,3
115197,3
116250,3
133526,3
134484,3
134475,4
134650,1
132830,3
132571,3
132325,3
139671,2
139733,3
131692,3
134088,4
21477,1
127672,4
129208,4
125216,4
33943,2
117611,4
123938,4
122993,3
24960,2
114290,3
24971,2
33866,2
140804,1
30177,4
117959,4
118460,3
118832,3
118835,3
140423,2
142069,3
30241,3
30623,3
33883,2
131712,3
118309,3
142324,3
142736,2
134687,1
140711,3
133538,4
127645,4
134465,4
134100,4
129234,4
24824,3
123950,4
122989,3
125212,4
113939,3
26649,3
28078,3
9488,3
116024,1
115935,3
139672,3
139789,3
118655,3
24949,3
117224,1
59873,1
59874,2
141327,2
141387,3
112738,3
28275,4
120596,3
120778,3
120780,1
120886,3
115830,1
115829,3
120590,3
142009,3
120880,3
120304,3
120186,3
120306,1
121280,3
119934,3
120162,3
119190,3
119912,4
121860,1
121762,3
113151,3
33640,3
119184,4
23221,3
110679,3
112239,3
118573,3
141325,3
141791,3
134472,4
135081,3
134091,4
116051,3
116572,3
133540,1
133529,4
143780,3
143742,3
143961,4
144070,3
130225,3
131754,3
127638,4
130241,4
129272,4
146934,3
125204,4
117614,1
123966,4
122976,4
33805,3
144025,3
144166,3
139825,4
139966,3
146943,4
147098,3
146318,3
139696,3
143704,3
143928,3
122011,1
122012,3
30787,3
21990,4
23168,3
140502,2
140741,3
115697,3
142260,3
142627,3
139543,3
139820,4
146326,4
147093,4
139508,3
139604,4
117962,1
4007,1
3968,3
143993,3
144128,4
133089,3
133457,3
134480,3
141169,3
140744,1
140821,4
134083,4
116292,1
115960,3
131768,3
130249,4
129288,3
143666,3
143909,4
122014,3
125188,4
127668,4
122968,4
123974,4
139617,3
116437,3
117036,3
131740,3
133081,3
144097,4
142044,3
139986,4
140051,3
113499,3
141231,3
141399,3
143642,3
143878,4
32027,4
32934,3
144318,3
141963,4
142221,3
9108,4
139748,3
139869,3
114057,3
140002,4
140447,3
144075,4
150059,1
150060,3
115459,3
115782,3
133458,3
134075,4
131707,4
130221,4
113801,3
114285,3
127692,2
31115,3
31469,3
125183,3
116283,3
116919,3
123984,3
142330,3
118260,4
140835,4
141068,3
143530,3
143841,3
122016,4
32021,4
32291,3
122964,4
33159,3
33170,3
140481,4
115872,3
144276,4
31599,4
143274,3
143538,3
115984,1
143490,3
143692,3
143352,2
143340,3
143443,4
140585,3
141041,4
113279,3
128869,3
32271,4
37672,4
143250,3
143321,3
110107,3
111062,3
141291,3
141495,3
144235,4
139923,3
125184,3
126916,3
133464,3
139798,3
143408,4
116150,3
116546,3
134047,4
134249,1
3967,1
3970,1
144003,4
118989,1
118988,3
143472,3
143659,4
143238,3
143369,4
28959,4
133077,3
131697,4
129595,3
130211,4
28920,1
113881,3
114631,3
117234,3
61535,1
64116,1
111752,3
112585,3
142223,3
129589,3
125192,3
144048,3
144209,4
128846,4
124002,4
28991,3
143385,3
17340,4
17404,3
142234,3
142400,3
143644,4
143976,4
28502,3
143212,3
143357,4
144448,3
115945,4
139793,3
126920,3
113605,3
139953,3
140102,3
125208,4
110840,3
116131,3
116668,3
28785,3
37368,3
37612,4
141187,3
116816,3
117456,3
143621,4
144176,4
33056,3
33128,3
17292,3
133482,3
134034,4
134235,1
141371,3
141569,3
143182,3
143341,4
113034,3
147332,3
143941,3
16427,3
17309,4
141947,4
145061,1
145954,4
133072,3
131700,3
130213,4
116810,3
144406,3
129586,3
116533,3
143598,4
112173,3
112881,3
139599,3
139774,3
139840,2
114368,3
115217,3
144141,4
143894,3
142363,1
143172,3
143316,4
140885,1
140847,3
17135,3
17369,3
117100,3
30435,3
107816,4
108937,3
21962,4
141086,4
142302,3
142464,3
144367,3
129583,3
128854,3
118760,3
118749,4
119171,4
118331,3
119914,4
126136,3
120770,3
126133,3
120707,4
120990,3
121012,3
122020,3
122286,3
122253,3
122510,3
122534,3
122931,3
123260,3
125234,3
37688,3
123247,4
124026,3
143171,1
143299,4
144114,4
143865,4
108724,3
109515,3
133488,3
134242,1
116696,3
134028,4
143541,3
139935,2
140020,3
110445,3
111272,3
141377,3
141457,4
141655,3
36877,1
130229,4
130574,1
144349,3
129584,3
140555,1
140556,1
116353,3
143844,4
36577,3
131702,3
133502,4
16443,3
10414,3
144093,3
143509,3
112582,3
113177,3
20010,2
20009,2
20239,3
114224,3
144247,4
143773,4
144326,3
115649,3
139507,3
139595,4
140805,3
140982,4
108504,3
109365,3
142362,3
142514,3
144269,3
143477,4
114205,3
114680,3
141761,4
109771,4
32833,3
111560,3
30215,3
116247,3
116888,3
143552,3
143748,4
126131,3
141775,4
142061,3
141729,3
128858,4
140060,4
140400,3
144297,3
144050,3
129592,3
130544,1
141075,4
141537,3
18546,4
130255,4
18533,3
110963,3
51791,3
139936,3
32514,1
32216,3
36261,3
143436,4
114980,3
115475,3
141476,4
142582,2
143719,3
111925,3
117012,3
112830,3
114975,4
12235,2
12236,1
117588,2
50088,4
107936,3
108366,3
144258,3
141006,4
141451,4
143995,4
143301,1
143395,4
130699,1
130697,3
143532,3
114461,3
134188,1
134040,4
143687,3
131736,3
133513,3
140771,2
140941,3
142442,2
116791,3
126129,3
125242,3
129616,3
124046,4
109519,3
110643,3
128862,4
143980,4
144227,4
116990,3
130538,1
130227,3
36567,4
129618,3
111049,3
16418,3
109301,3
117309,3
19214,3
115304,3
140510,1
140509,1
143957,4
139980,3
140110,3
141671,3
9406,3
141989,3
142187,3
143647,4
28759,3
19245,4
19834,3
125821,1
125822,3
111717,3
112359,1
143934,4
114779,3
28782,3
29312,3
144180,4
126127,3
129630,3
131061,1
117196,4
118326,3
138216,1
18634,4
19805,4
128866,4
122597,3
123245,3
123499,3
122634,4
121311,3
143616,4
123487,3
118619,3
118765,4
121316,4
116469,3
118622,3
119169,3
119918,4
120720,3
129644,4
124082,4
124397,3
28535,3
118047,3
143698,3
109895,3
117509,3
140880,3
141019,3
20119,3
20941,4
141641,3
124355,4
124543,3
29034,3
116954,3
144145,3
143397,1
143587,4
143889,3
140036,3
140158,3
124545,2
124963,3
49539,1
141549,3
106838,3
143664,3
139805,3
112448,3
140772,3
134052,4
134448,3
134438,4
134772,1
140975,3
141203,3
108156,3
109127,3
133496,4
106926,4
140854,2
140316,4
116682,3
144122,3
124972,4
111396,3
112102,3
140491,3
140687,4
115109,3
115921,3
131752,3
143874,4
126123,4
129635,4
128876,4
108134,3
117150,3
141869,3
142074,3
114514,3
144200,4
125830,4
109495,3
110437,3
140307,4
144105,3
139767,3
31790,4
139591,3
144216,3
143847,4
138197,3
131770,3
107541,3
147162,3
134814,1
143916,3
144082,3
134425,4
108604,3
133469,3
134070,4
147192,4
147336,3
116578,3
140066,3
140210,3
121911,1
121320,1
120742,4
124546,4
21910,4
146886,4
147157,4
143766,4
143999,4
129638,3
147196,3
126487,3
128880,4
144065,3
142315,1
131763,3
111722,3
140906,3
141142,4
110633,3
141574,4
115767,3
144019,3
16672,3
16474,3
16354,3
17650,3
143589,1
143743,4
140645,3
140827,3
143888,3
53947,3
54453,3
141602,4
108886,3
144043,3
21885,5
141905,3
116749,3
110110,3
146308,3
133455,3
134821,1
134066,4
134418,4
35629,2
108220,3
115044,3
144014,3
146313,4
29090,3
29260,3
138198,1
140128,3
140272,3
138186,3
35668,2
117695,3
118251,3
126506,3
118256,3
118776,1
21832,3
119175,3
119180,4
119579,3
109304,3
122451,3
121297,3
122464,3
126121,3
125507,3
125817,3
122638,4
123133,3
119574,4
119727,3
145974,3
146883,3
125253,3
125511,4
119740,4
120735,3
125274,3
119926,4
124779,3
124941,4
16952,3
18530,3
123136,4
124741,3
124541,4
123529,3
123490,4
124321,4
124014,4
111456,3
116359,3
117007,3
112010,3
143983,4
116211,4
117699,1
116579,4
111658,3
20002,3
6053,3
141084,3
133442,4
138175,3
138488,3
134670,1
134060,3
134406,4
54456,1
54513,3
128882,1
128888,4
129650,2
143950,3
131764,1
131749,3
28346,4
140553,3
140946,2
141357,3
16128,4
29783,3
29326,4
29562,2
29905,3
141833,3
32888,3
33005,4
30130,3
110493,3
140162,3
140336,3
126967,1
126968,4
33032,4
112468,3
50033,3
143745,1
143923,3
138176,1
138073,3
127241,1
127242,3
130350,1
130349,3
30176,3
30209,4
107941,3
109396,3
140479,3
116691,3
110178,4
28390,4
28618,3
33092,4
141003,1
110424,3
16146,4
140374,3
115530,3
107256,3
133433,4
127479,1
127473,4
131747,4
134381,4
134668,1
54516,1
54595,3
129672,4
114188,3
115307,3
30185,3
110594,3
140332,4
140529,3
120733,3
141753,3
30454,3
116106,3
141557,4
106738,3
33178,3
140220,3
106855,4
141288,3
33045,4
105050,3
143914,2
16214,4
19807,2
20683,4
140671,3
143913,2
105146,4
110971,3
109143,3
127469,4
130823,3
127248,3
129667,4
130817,3
134363,4
135075,4
132593,3
133436,4
132598,3
131776,3
32919,3
33251,3
128892,4
118503,1
118450,4
120732,4
120941,3
18531,1
115846,4
126119,4
126512,4
115063,3
115821,4
143925,1
34360,4
108736,3
140304,2
28219,3
140521,2
54260,3
54635,3
142057,2
69177,2
141692,4
142007,3
28353,4
131780,3
132602,3
141577,4
128896,4
127484,3
127252,4
69232,2
69338,3
130820,3
129663,4
141332,3
109875,3
131788,3
133492,4
134370,4
130813,4
135903,3
141238,2
145955,2
20706,4
132616,4
135071,4
112694,3
141346,3
141673,4
35306,2
27873,3
28913,3
140522,3
140751,3
109806,3
21942,4
53977,4
21927,2
34281,3
54638,1
54671,3
26508,3
35327,2
112763,3
113016,3
128898,1
128900,4
129627,4
130809,3
32236,4
131792,3
117230,3
116262,3
54178,3
54304,3
135914,1
32254,4
114451,3
115328,3
133494,1
133510,4
118452,1
118790,3
22842,3
118792,1
119188,1
122660,3
134390,4
127249,3
127016,3
127481,3
126535,3
119594,3
126174,3
119752,3
119938,3
120192,3
122310,3
123536,3
123728,3
123144,1
125654,3
135067,4
121478,3
122314,3
124966,3
120189,3
120444,3
124584,3
123743,3
124361,3
120439,3
124088,3
121522,4
120920,3
120926,1
120772,3
150202,3
150157,3
150230,3
110269,3
110900,3
16087,2
140584,3
140807,3
142033,2
150068,3
132888,1
132634,4
131794,3
22799,3
109240,3
54220,3
34410,4
115570,3
117157,4
28634,3
141245,3
10916,4
54406,1
28964,4
141593,3
28922,3
16129,2
128902,1
128904,4
129658,4
140873,3
130807,3
111006,3
111720,3
131810,4
130804,4
134402,4
16148,2
132932,4
133516,4
54402,3
54719,3
22106,3
114757,3
113288,3
135064,4
135577,1
118032,1
118009,3
31265,1
30824,2
30370,3
30938,2
109847,3
110689,3
111320,3
140664,3
54020,3
54314,3
20385,4
138526,2
138681,3
128905,1
128907,4
129631,4
130801,3
131816,3
132625,4
54722,1
54779,3
132950,3
133505,4
51864,3
150224,3
134410,4
138390,3
113080,3
113908,3
135061,3
135512,1
110703,3
111612,3
114860,3
140732,2
138074,1
56194,4
138052,3
141525,3
141930,2
18582,4
20086,4
110371,3
54510,3
80545,1
131820,3
142111,1
18555,3
20058,3
130797,3
112660,3
133483,4
109526,3
54056,3
134397,3
135329,1
111418,3
128908,1
128884,4
129608,4
130791,3
122155,1
122156,3
20679,3
147082,3
147183,4
54929,3
54250,4
55879,2
55898,2
150158,1
131822,3
132621,4
30158,4
30760,3
112820,3
113442,3
141466,3
51862,3
54831,3
111934,3
131826,3
130788,4
134367,3
134967,1
112322,3
141685,3
50660,3
56007,2
137950,3
138244,3
147550,3
28946,3
54072,3
54422,3
54116,1
55924,2
21474,3
29268,3
114488,3
133475,3
133895,1
111022,3
132619,3
131813,3
20538,3
22085,3
138682,1
120190,1
121979,1
120229,3
121526,4
120232,3
120605,3
111085,3
111794,3
120608,3
28941,3
56008,3
131028,1
130773,3
129614,2
128883,1
128886,1
113165,3
113698,3
134359,3
134925,1
55923,4
28944,3
29041,3
56136,3
147075,3
140321,4
141050,4
54574,3
141566,2
139912,2
54834,1
54867,3
134357,3
133467,3
55817,3
36569,2
112664,3
139911,2
141035,3
28995,3
29125,3
120610,3
121985,1
112128,3
36509,3
121530,3
54122,3
30120,3
33392,1
33391,3
23042,4
29251,3
117217,3
113699,1
114012,3
134355,3
134927,1
111527,3
116110,4
150070,1
150108,3
104874,3
23084,4
23318,3
54621,3
54917,3
133465,3
133472,4
117161,3
133155,3
133153,3
133536,3
133884,2
54642,1
54949,3
56183,3
134366,3
104959,4
113980,4
141544,3
141749,3
15654,2
54160,3
54504,3
116146,3
128159,1
141494,3
112440,3
112973,3
15709,2
54192,1
136633,2
134709,1
133936,4
134386,3
22844,3
23003,4
134597,3
133866,4
113706,3
114304,3
21036,2
111802,3
138246,1
138328,3
27639,3
28627,1
29922,3
104336,4
138674,3
137878,3
132441,1
132435,3
134416,3
133582,3
104448,4
113805,4
36510,2
48736,3
141646,3
141821,3
138642,3
138752,3
29898,4
54525,3
138386,3
138614,3
138072,3
54599,4
114612,4
62082,5
151714,3
29229,4
111300,3
147548,3
148104,2
134681,1
134422,3
112789,3
112153,3
133594,3
132999,3
134446,3
141412,3
29811,3
133652,3
23055,4
54613,3
54206,3
114114,3
54506,1
138372,3
30962,3
31757,3
141877,3
132595,1
132561,4
134671,1
134456,3
30114,3
147547,2
149298,4
113528,3
132745,1
132737,4
111576,3
19382,1
22879,3
23257,3
112043,3
30147,4
30970,4
32005,3
28811,2
141714,3
150208,3
32656,3
34007,4
133656,3
134468,3
133000,3
133718,3
102972,3
104379,4
15674,2
14946,4
15770,3
29949,3
108028,3
54288,1
113718,3
114958,3
112589,3
32286,3
34333,4
138348,3
138496,1
141198,3
141503,3
103779,3
104745,3
54256,3
34387,4
35688,3
113129,1
112799,3
133543,3
133726,3
15269,3
16198,3
134166,3
134488,3
132580,1
132436,1
133950,3
133846,4
132740,1
133159,3
133794,4
133170,1
133176,3
141772,3
26222,3
113314,3
113883,3
14998,3
34343,3
35603,3
54246,4
20875,2
134619,4
112132,3
149279,4
69216,2
69303,2
15173,3
150198,3
23729,3
34035,4
35062,3
27581,3
26715,3
114740,3
115868,3
22168,4
104440,3
105549,3
141437,3
141715,2
133796,1
134461,3
134131,3
134451,3
32185,3
22220,4
133175,1
138579,3
54370,3
55181,3
138308,3
113684,3
113047,3
26557,3
26602,4
133848,1
133964,3
8911,3
55572,3
56693,3
53446,3
133178,1
114486,3
115422,3
113184,3
137040,3
141361,3
141648,2
138572,3
104193,3
104782,3
134141,3
113409,3
103443,3
50476,3
113395,3
54284,2
105142,3
106707,3
50173,3
147187,3
147104,4
133966,1
54329,2
11269,1
147112,3
104499,3
142262,2
142166,3
142669,2
114268,3
115291,3
141309,3
141582,3
32221,4
134143,1
134815,1
54330,3
134613,3
23667,4
24611,3
103011,4
104222,3
51080,4
32241,4
31560,3
115708,3
16132,3
20198,3
104924,3
147066,3
29918,4
54653,3
31619,3
32263,3
29879,4
141249,3
141516,2
22270,3
23453,3
24551,4
134891,1
141116,3
134614,1
36032,2
32463,3
32876,4
114091,3
115072,3
29901,4
31274,3
33926,3
113480,4
55730,3
36069,2
29852,3
115214,4
33958,4
34496,4
29488,4
29941,3
104568,3
106222,3
115296,3
142102,3
142552,3
29434,4
29454,4
114890,3
31315,3
31351,3
107199,3
141439,1
35878,3
101202,3
114839,3
50106,3
50415,4
141257,1
102489,3
103401,3
35836,4
20608,3
113956,3
28751,3
142030,3
142487,3
113901,4
106824,3
107951,4
104378,3
15924,3
20530,3
55234,3
6054,1
32466,2
32923,4
103154,3
104099,3
28714,3
29148,3
141370,2
23207,3
24262,4
11746,3
141351,2
147065,1
114574,3
113714,1
113713,3
141886,3
142428,3
104160,3
105027,3
105667,3
106073,3
107226,3
115179,4
111672,3
113182,1
113181,3
107622,3
110515,3
102943,3
103426,3
102241,3
22137,4
20664,3
104841,3
28301,3
28563,3
106441,3
32944,4
22181,4
104042,3
26159,3
113677,3
35796,4
22948,3
23237,3
142946,1
142945,3
35636,3
35767,4
103217,3
103846,3
113477,2
113809,3
113213,3
113437,3
56556,3
59366,3
104223,3
25109,3
105229,3
50504,3
113399,3
113273,3
8202,4
101597,3
102552,3
106529,3
104002,4
104639,3
50425,4
104786,4
105545,3
103762,3
79228,2
78558,3
78650,4
24011,4
102964,3
33725,1
22254,1
22090,3
35813,4
36300,3
50428,2
50969,3
105241,3
103300,3
141620,3
142134,3
35087,3
35921,3
28643,3
142414,3
143161,3
102336,3
104642,2
103494,3
104131,2
21744,3
22236,3
104988,3
105931,3
141429,2
113524,1
115243,3
104071,3
106085,3
141406,2
35881,3
35126,4
36487,3
36263,3
104489,3
114054,4
22142,3
22640,3
102095,3
103246,3
101258,4
103937,3
105801,2
105802,3
106639,3
22422,3
22852,3
141405,4
141442,2
24862,4
25673,3
141619,2
28302,1
34500,3
104689,3
141407,1
141419,2
22094,2
21883,3
21374,3
21745,1
142292,2
103770,3
104544,3
28877,3
23760,3
103001,3
28157,3
142291,3
29842,2
29722,3
30384,2
101104,3
29219,3
101197,4
102726,3
20788,3
20787,1
20789,1
20960,3
96952,3
103930,3
22680,3
23100,3
103459,3
109576,3
111627,4
21112,3
21375,1
103670,3
104416,4
14192,3
20961,1
22374,2
22099,3
14049,3
107749,3
21113,1
54186,4
142578,3
36420,3
49730,3
24559,3
142258,2
36379,3
22894,3
23190,3
103839,3
104758,3
25440,4
103056,3
28387,3
24479,4
142662,3
143461,3
33902,3
56512,3
142448,1
149212,2
146952,3
110332,3
110331,3
110602,3
111054,3
33931,4
34380,3
22654,2
22385,3
111392,3
31456,4
37580,3
12342,3
16008,1
21884,1
146968,3
31492,4
31698,3
30124,3
33428,4
23324,3
27746,3
27400,3
27507,4
27875,3
76796,3
106640,1
33450,3
34339,4
76876,4
85430,3
104492,3
105640,3
110386,3
6055,1
113492,3
110687,3
111067,4
14108,4
26197,3
37513,4
32652,2
23137,2
23554,3
28182,2
28055,4
111291,3
112199,3
27750,3
14714,3
26416,4
14727,3
26442,4
26572,3
22868,2
22659,3
106864,3
108159,3
31367,3
31435,4
22100,1
104165,3
104904,3
28561,3
29952,4
52272,1
51568,4
109061,3
110852,3
28477,3
103560,4
26797,4
31465,4
107850,3
26379,4
31362,3
105336,3
106046,3
24502,3
30230,4
23354,2
23756,3
142413,2
31305,3
31651,3
111823,3
113085,3
104571,3
27733,3
27968,3
28207,2
27643,3
143573,1
110847,2
111115,3
27312,3
22179,3
22855,2
62438,1
62435,3
112183,2
112184,3
112318,1
26421,4
105736,3
26188,3
104342,3
30284,4
69333,3
34269,3
34487,3
113857,4
118482,3
69215,3
111099,3
104939,3
107510,3
108316,3
111515,3
51567,1
52840,1
52839,3
26117,3
26527,3
104607,3
27995,3
70973,1
70974,3
23758,1
23922,1
69343,3
32830,4
25512,3
27538,3
143051,3
112524,2
112274,3
112846,1
110365,3
36128,3
36228,4
32137,3
35043,3
27886,3
113773,3
118379,4
26652,4
111691,3
105391,3
106232,3
23353,1
107959,3
108804,3
26583,4
22461,3
111091,3
51098,3
26754,3
33395,4
30314,3
110629,3
52222,1
51668,4
112812,3
116311,3
28085,3
50993,4
112606,3
106998,3
104666,4
51569,1
22180,1
111481,3
106580,3
51146,3
112434,3
113433,3
27426,3
27797,3
27145,3
48212,2
48148,3
105899,3
108805,1
109194,3
50180,3
51031,4
110481,3
28100,4
27216,3
51654,4
52690,1
52689,3
112332,3
112822,1
52408,2
52260,3
52559,3
107445,3
28123,3
50228,4
51601,3
48147,1
105600,3
48048,3
108790,3
109608,3
112760,4
112146,1
112145,3
110783,3
106246,3
111323,3
112088,3
105881,3
52102,3
52458,3
27678,3
27844,3
110307,3
111149,3
110070,3
91603,1
90075,3
144334,2
144322,3
144418,3
144433,4
144456,3
144466,4
144604,3
144620,4
144756,3
144779,4
144974,3
144985,4
145490,2
24282,3
145513,3
146684,3
146683,3
147058,3
27736,2
106631,3
49732,2
109312,3
51669,1
51756,3
145227,3
145615,3
146991,4
147013,4
145360,2
145127,4
144955,3
144814,3
144660,3
144631,4
144302,3
51986,3
52254,3
35462,3
36076,3
33423,3
108789,1
105966,4
110665,3
47988,3
48992,1
56511,1
32904,4
34973,3
72177,3
107133,3
51812,3
52081,3
110013,3
47987,1
47989,1
69304,3
84345,3
89378,1
109797,3
56473,3
52897,4
21754,3
25080,3
107937,1
107485,3
142942,4
29754,3
150815,1
150816,3
108996,3
51918,3
32615,3
32803,4
108995,1
51745,2
108004,3
49638,4
144226,3
144596,3
109409,3
110519,3
108339,3
51746,3
49666,3
50532,3
108706,3
14148,4
53116,3
53097,4
53432,3
33892,3
23347,3
22709,3
23250,4
23663,3
52498,4
52905,3
23548,4
24191,3
34599,3
53425,4
53930,3
111620,3
49637,2
52512,3
53104,3
145219,3
111592,4
76647,3
76684,4
52131,3
53377,3
53923,4
147138,3
49599,2
107801,3
110166,4
145257,3
145701,3
143174,3
108412,4
54183,3
55944,3
53926,1
24038,3
24999,3
108301,3
144156,3
144481,3
55919,3
49600,4
22633,2
142212,4
142609,4
52306,4
142132,2
141992,3
28199,3
143151,1
143152,1
62426,1
62425,3
51834,3
144876,3
49310,3
49622,3
29956,3
145512,2
145358,3
145549,4
52320,3
28849,3
29387,2
49251,1
49252,2
29976,4
109493,3
110548,3
144910,4
114044,2
113366,4
115324,3
52571,2
53099,3
49073,4
52572,4
150358,3
150819,1
51898,4
144950,3
145452,4
145977,3
23090,4
50081,1
49319,4
144740,4
25520,3
23097,3
28414,1
93378,3
51914,3
144701,4
142168,3
142450,3
22567,2
142658,4
143070,3
113365,1
110288,1
109727,3
147062,3
110480,3
111288,3
143063,1
143064,1
110010,1
109589,3
141991,1
143382,1
115684,3
118281,3
147027,4
110392,3
110982,1
23356,4
145741,3
147009,4
147135,2
49309,2
146674,3
22471,3
146679,4
147085,3
144361,3
110248,3
110885,1
142092,3
142379,3
145268,3
145656,3
51798,3
52570,3
52803,3
109224,3
52806,3
53017,3
52810,3
53095,3
109961,3
110563,3
144982,3
144438,2
25370,1
24842,3
49017,4
110793,4
145122,3
145554,3
144922,3
51672,4
32890,4
24246,3
111013,3
144161,4
145022,3
76740,4
83578,4
32841,4
34204,3
110337,3
110763,3
24888,3
145468,3
142636,4
22351,2
151513,1
151514,1
32746,2
33587,3
142314,3
110765,1
110939,3
142851,3
110214,1
110213,3
112698,3
114732,2
49737,3
51162,3
51605,3
144155,3
111524,3
109968,3
110942,1
144023,1
144024,3
62809,1
145074,3
28154,4
51787,3
110094,1
110093,3
110428,3
146673,2
144576,2
144183,3
144648,3
51886,3
110872,4
146682,2
146997,3
28105,3
29358,3
69219,2
110968,3
69306,2
142623,4
76713,3
79416,3
142852,1
142528,4
37634,4
24045,4
29321,3
142546,3
142649,3
79371,4
36274,3
37549,5
143124,3
22309,2
142765,3
22905,3
57397,3
39638,4
152371,3
34925,3
41313,4
152372,3
117608,3
143313,1
52814,4
146400,2
145266,2
29926,3
144548,3
144866,2
146025,4
146160,3
146409,2
29957,4
32709,4
23191,3
23496,1
22191,3
29622,3
146169,4
24835,3
142410,4
118556,3
29548,3
32715,3
144458,3
144751,3
142416,3
145160,3
118441,4
122718,3
142645,3
142989,3
48858,1
48857,2
115645,1
115646,2
144239,4
115614,3
49018,2
48738,3
144059,3
52413,1
52414,4
144354,3
144651,4
48679,3
146059,4
146323,3
79500,3
79479,4
83362,4
24775,2
25114,1
117164,4
122551,4
79257,4
51984,3
51790,1
52103,3
79283,3
83311,3
145654,3
110891,3
144554,3
143944,3
144111,3
113022,1
108226,3
22192,2
145667,4
146137,3
115613,1
115532,2
110599,3
53380,1
52581,3
52428,4
34095,3
34044,3
146431,2
146635,3
24749,2
142589,3
142913,3
144459,3
49207,3
147133,2
114529,1
114530,3
52058,3
34490,4
34934,3
114474,4
115222,3
149326,3
142411,2
146411,3
110483,3
112620,3
113572,2
113496,3
24691,3
144323,3
143862,3
144185,3
142590,1
142825,3
89320,3
55967,3
115156,4
108335,4
111608,3
145218,3
23633,3
23850,4
24615,3
34444,4
22485,1
22410,4
145271,3
145733,3
52590,4
52440,3
25030,1
114378,4
146017,3
146309,3
113364,3
49991,3
143640,3
143971,3
52568,2
23289,3
143117,4
115102,4
115506,1
23154,3
112592,4
49021,3
49656,2
145887,3
146196,2
34293,3
34403,4
24555,3
88660,3
111538,3
114314,4
34481,4
22412,1
145010,3
145941,3
146499,3
149928,3
113516,3
43853,1
43815,3
147174,1
147141,3
113452,3
32640,3
142742,1
142741,3
48574,2
48573,1
48737,2
34297,3
144697,4
145067,3
115032,3
115494,1
145601,3
112546,4
146999,1
73657,1
73658,2
49993,1
50847,3
47209,3
24513,2
24431,3
146481,4
111464,3
145261,3
114265,3
143354,3
29504,4
143025,3
143473,3
145163,2
145448,3
145652,3
146007,3
143534,3
143699,4
145602,2
64463,4
113340,3
114950,3
116663,1
116664,4
24471,2
144707,3
145149,3
112444,4
49481,3
146755,1
144039,3
49022,1
145435,4
52729,1
142749,3
143053,3
52594,3
52442,1
145697,4
111376,3
23450,3
49345,3
114207,3
29372,3
29495,4
51708,3
52229,3
142764,3
143099,3
143591,3
145706,3
146041,3
48113,3
49257,4
113282,3
144516,3
74061,2
114929,3
23373,3
23824,4
144524,4
112327,4
144379,4
146505,3
146787,1
142744,2
24356,3
143755,3
144085,3
151713,1
114894,3
116294,4
116704,3
34078,3
29529,3
111228,3
114167,3
146810,1
146678,3
147127,4
136688,2
138629,3
142983,3
143153,3
29532,1
144253,3
143677,3
56739,1
56740,3
145060,2
144960,3
145174,3
56733,3
56832,3
56833,1
56964,3
92272,3
92306,4
145726,3
146107,3
56958,3
57104,2
57100,3
113239,3
52596,1
52598,2
92158,3
23762,3
24326,4
89736,3
92185,4
114808,4
55968,3
56587,3
89246,3
49373,3
144383,4
144586,3
89753,3
112270,4
146593,3
146783,4
143857,3
33963,3
144696,3
145002,3
51389,4
74054,3
111134,3
114111,3
151499,1
151500,1
143000,3
143191,3
142905,3
142794,3
143606,4
143837,3
144493,3
113158,3
29028,2
145558,4
145870,3
48834,1
48833,3
32402,3
23648,3
146063,3
145533,3
114746,4
115100,1
146881,2
146987,3
24170,3
49189,3
146114,3
112190,4
143027,3
143716,3
146390,3
146757,4
144758,3
48569,3
49037,3
145064,3
111071,4
143022,3
143255,3
114019,3
52819,1
49269,3
76164,1
75476,3
143637,1
143638,3
146786,2
146917,3
145368,2
51713,3
52371,3
113076,3
142982,3
144800,3
146122,3
146383,3
24604,3
116356,4
116039,1
116040,3
122836,3
114688,4
115090,1
48707,3
122665,4
123854,1
112121,4
146852,4
145727,2
113929,3
143084,3
143331,3
145868,3
146406,3
149496,2
111043,4
144818,3
145114,3
144356,3
144743,4
120302,3
145750,3
143569,4
120366,4
123705,1
113011,4
107892,3
49417,1
114598,3
115084,1
107987,4
111979,3
56731,3
145632,4
57097,3
144244,3
144541,3
23647,1
145611,4
67340,1
67339,2
113837,4
73430,3
115677,3
120258,4
143612,4
143917,3
144874,3
145210,3
146311,3
146606,4
143110,3
13820,3
144018,3
144310,3
149128,3
149469,2
13890,3
49413,3
13951,3
112941,3
68954,2
114507,3
47129,4
146019,3
146386,3
77873,1
77604,3
110491,3
110219,3
110495,3
69031,2
151487,1
151488,1
143008,3
143593,4
115805,1
115806,3
111045,3
111339,3
109013,3
110230,3
111331,3
111755,3
144028,4
111757,3
108553,3
109024,3
143010,3
143671,3
113737,3
108574,4
145904,3
112285,3
43816,1
43713,3
76218,3
107636,3
107709,4
144946,3
112203,3
55433,1
55394,3
56589,3
57051,3
57047,3
52849,2
150197,2
150206,2
57402,3
144079,3
147128,2
147130,2
145708,3
73429,1
75620,1
144346,3
144884,4
145689,4
147143,2
114433,3
48415,3
146065,3
146402,3
144117,3
147031,2
24605,1
68678,3
77046,4
114231,3
146118,3
72708,1
72681,3
68419,3
111773,3
111329,3
112193,3
113601,1
116617,2
116257,2
117975,3
67338,2
72227,1
72197,3
107030,3
144125,3
144388,3
80044,3
114233,1
107153,4
115587,4
145498,2
145278,2
145536,4
146119,3
146440,3
143504,3
144009,4
67489,1
67435,3
79258,2
109042,4
108600,3
145970,3
56591,3
56715,3
56717,3
57042,3
112194,3
112596,1
145929,4
146890,2
147068,2
56339,3
56596,3
139745,1
139435,4
79132,2
48416,1
56346,3
33928,3
146811,4
55970,3
145277,3
144171,3
144444,3
143384,3
143733,3
53000,4
147070,2
115410,3
145440,3
145720,4
138446,2
137978,2
115454,4
146157,3
146486,3
67201,4
76808,3
146843,3
147071,2
116215,2
144581,2
48885,1
109889,1
109890,3
143210,3
143439,3
146102,4
115864,4
113641,1
113505,3
145486,3
144965,3
56719,3
57040,2
143092,3
55393,1
113002,1
113001,1
146670,2
151483,1
151484,1
133865,1
147073,2
111327,3
111729,3
111735,3
112210,3
144219,3
114209,2
113935,3
114331,2
145098,3
115366,3
147074,1
80126,2
115413,4
113353,3
114718,3
146235,3
144189,4
145031,4
113967,3
114765,4
115843,3
112989,1
112990,1
42230,3
144169,3
143142,3
143247,3
143495,3
61207,1
61208,1
145167,3
79131,3
56721,3
145530,3
113245,3
113795,3
47007,2
114489,1
114025,3
143291,3
83100,1
83099,2
146068,4
145223,4
76358,3
146162,2
77033,3
78764,3
74782,2
76347,3
78766,3
79484,3
74768,3
5388,1
5140,4
55927,3
116006,3
113101,3
113827,3
143208,3
115334,3
115333,2
115815,3
115904,4
143297,3
143553,3
115969,4
146088,4
108757,3
109050,3
109663,3
109675,3
110205,3
117713,2
119067,3
110203,3
108800,3
110901,3
110904,4
108463,3
111371,3
111368,4
108287,3
108466,3
108055,3
108275,3
107793,3
108063,3
111911,3
107777,3
111913,4
112471,3
112473,4
106729,4
106660,3
145229,3
145580,3
116684,3
13819,1
11794,3
144532,2
144213,3
144572,4
11867,3
113864,4
116659,4
57045,1
56582,4
14052,1
110201,3
110453,1
149104,2
148596,3
79929,2
110905,1
110908,4
111363,4
116494,2
111917,4
112477,4
112962,1
143337,3
143631,3
144676,2
144918,4
82716,2
146049,4
20803,2
113540,1
113539,3
145353,3
145636,3
79570,3
110910,1
110916,4
111360,4
116073,2
111921,4
116297,3
112481,4
112965,1
110457,1
110198,4
144364,3
144624,3
143825,3
56350,3
55982,4
47210,2
145874,2
114318,3
117665,2
106294,3
113830,4
116001,3
110552,3
110920,3
111351,4
110535,4
111927,4
110194,3
106475,3
144273,3
112489,4
112968,2
109636,2
109635,4
113247,3
143365,3
72187,3
117356,3
73077,3
73066,3
73409,2
73397,3
149152,3
47080,4
113723,3
117723,4
144402,4
145431,3
55929,1
46805,1
46806,2
143853,3
144293,3
113403,3
148624,4
149156,3
144428,3
144668,3
112986,2
110922,3
111935,4
111347,4
112497,4
112977,1
82523,3
74732,3
75032,3
75022,4
75208,3
75204,4
75446,2
75447,3
77566,2
77282,3
77563,3
77272,4
77014,4
55931,3
78455,3
78778,4
78277,3
78465,4
76143,3
76328,4
78111,2
78274,4
78108,3
75958,2
76134,4
75957,3
107766,3
52901,2
143246,3
109054,3
110189,4
109643,3
80393,1
80387,3
112741,3
33626,3
33929,2
77561,3
77816,3
77810,3
78102,3
113406,1
75714,3
75712,3
75455,4
75961,4
118703,2
119785,1
33964,2
33745,3
144491,3
110926,3
111344,4
111939,4
112505,4
112981,1
143685,3
145169,4
146071,4
145355,2
47012,3
47103,4
113778,3
29027,2
45713,3
49558,3
47011,2
106352,4
107718,2
144486,3
144712,3
20465,3
55499,1
55500,3
148638,3
149160,3
110932,3
111337,3
145213,3
143262,4
143711,3
111945,4
112513,4
52943,4
55492,3
55864,1
117776,3
104594,3
144452,3
148048,3
143278,3
143789,4
55211,1
55212,3
45408,3
108470,2
104597,4
105926,3
73059,3
72188,1
55192,3
109597,3
109600,3
109803,3
109813,4
110186,4
110524,3
110879,3
110864,4
111169,3
111164,4
111473,3
111469,3
111949,4
112519,4
112983,1
52716,3
53277,4
77558,4
78098,4
83955,2
83467,3
83954,3
83197,3
83465,3
82949,3
83196,3
82947,3
81950,2
80898,2
80897,3
81626,2
81946,3
144520,3
144786,3
81645,3
5043,2
5037,3
5173,1
143932,2
144132,4
83949,3
84158,3
84137,3
84372,2
150196,2
84373,3
150199,2
118667,2
71174,1
71173,2
120319,4
120758,3
119352,4
55935,3
118362,3
74726,3
112992,1
75013,3
75195,3
112525,3
75459,3
75954,3
111953,3
76150,3
76317,4
76512,3
76513,3
76632,3
111470,2
76633,3
76802,3
76793,3
76995,4
77265,3
77549,3
78093,3
78268,3
78471,3
78786,3
119412,4
120679,4
144978,2
83461,3
83677,3
83655,3
53156,2
53330,3
83941,3
143546,3
143883,3
74292,1
73972,3
79387,3
115202,3
117094,3
118899,4
59363,3
57014,3
57003,4
66599,3
66531,4
66613,3
75704,3
75945,3
75697,3
75461,3
55990,4
55937,3
66547,3
56583,3
77737,3
78089,3
77766,3
77537,3
112988,1
144560,3
59113,2
143264,1
102262,4
80907,1
5038,1
5031,3
55838,3
148674,4
149170,3
80388,1
55861,3
56439,3
148086,4
57009,3
120806,3
73060,2
56441,3
120753,4
127188,3
104251,3
104605,3
113191,3
119760,4
103637,3
104253,4
113115,4
114202,3
5180,1
143336,3
120335,3
121535,3
5022,3
143609,3
143919,3
143412,3
103610,3
54909,1
54910,3
5021,1
20466,1
22474,1
67194,3
55188,3
55484,1
144539,2
54866,3
83458,3
83940,3
119004,4
143654,3
148654,3
109606,1
109817,1
110187,1
110865,1
111165,1
111318,1
5015,3
55189,1
150146,3
150120,3
114163,4
82943,4
113687,3
113688,3
114087,3
84377,3
83930,3
83449,3
78087,3
75944,3
75465,3
100758,3
102322,4
77533,3
67511,1
144430,4
148509,3
5170,1
114965,3
5005,2
143536,3
143651,3
143965,3
112583,3
74721,3
78794,3
75463,3
78085,3
104609,4
105710,1
75942,3
76313,3
76989,3
77523,3
147746,3
57019,1
81938,4
82181,3
82162,3
82441,3
82436,3
82683,3
82686,3
56422,3
5006,3
82938,3
83175,3
83154,3
73957,3
83445,3
84141,3
84391,3
84140,3
83925,3
74720,3
147132,2
148744,4
149178,4
74693,5
75039,3
76135,3
76276,4
75030,3
75215,3
75202,3
75471,3
108271,1
108272,3
76122,3
83657,3
83909,3
83645,3
81648,1
83439,3
75934,3
129884,4
107785,1
107776,3
77267,3
77519,3
77236,3
119995,3
120675,3
76960,4
78502,3
78806,4
78266,3
78518,3
103068,1
103066,4
103854,1
103834,3
78270,3
78081,3
148110,3
148522,3
130713,3
135682,3
23412,3
23411,1
22635,4
25283,3
144375,4
77773,3
78069,3
77759,3
77487,3
75696,3
75929,3
75699,3
75473,3
112574,2
112969,3
136430,4
151250,3
143705,3
144031,3
116600,3
117441,3
151247,4
107561,1
107562,4
147079,3
113062,3
121309,3
122289,3
53689,2
114506,2
114709,3
67958,1
67896,3
118957,4
5168,1
5014,3
120464,3
121175,3
149348,3
149353,4
149380,2
149382,3
148920,3
149184,4
118351,3
148567,3
144206,2
148782,4
148915,4
117288,3
119299,4
79355,3
79890,5
149181,3
149357,3
117348,3
118001,3
149392,3
81649,3
112494,4
114501,3
79125,1
79126,3
148049,3
148786,3
148911,4
112573,3
41365,1
41366,1
83900,3
147987,3
148138,4
143757,3
83438,3
148136,3
148498,3
73975,4
151453,1
151454,1
121553,3
114936,3
78068,3
53817,1
53871,3
120255,3
120788,3
107307,1
107308,4
77482,3
75928,3
107049,1
107050,4
75477,3
55456,3
119367,4
147953,3
148058,4
116698,4
117028,3
117941,3
147494,3
147790,4
119810,4
113020,3
113019,2
114291,3
114382,2
149173,3
149361,4
67593,1
67562,3
116766,4
119713,4
100262,3
101970,3
108693,1
108694,3
81935,3
121556,3
121901,3
147923,3
147996,3
79348,3
79656,3
79639,3
79888,3
80333,3
121036,3
85902,4
144377,1
144391,4
80317,3
80531,3
80512,3
80721,3
80718,4
80931,3
80924,3
81143,3
143630,2
81126,3
4851,1
4852,3
148687,4
82445,3
82448,2
82679,3
82670,3
82963,3
82960,4
83171,3
83921,3
83427,3
83918,3
84153,3
84134,3
84455,3
83152,3
83426,3
147869,3
147961,3
76269,4
120547,3
76964,4
78810,4
79006,4
84434,3
85811,4
25317,3
27006,3
74703,3
74949,3
79343,3
4840,1
4839,4
55780,4
106126,3
73948,3
74022,3
30372,3
74985,3
75137,3
75139,3
75359,3
75362,3
75881,3
104613,3
75866,3
76053,3
76087,3
76271,3
103882,3
104261,3
78511,3
78799,3
103889,3
78285,3
78481,4
78073,3
78291,3
103442,3
77461,3
78062,3
103445,4
144393,2
144419,3
122097,3
124295,3
77209,3
77469,3
77207,3
102668,3
103117,4
76967,3
147841,3
147931,3
102705,3
102370,4
101985,4
53502,3
119755,4
120328,3
115730,3
55834,4
56028,3
99320,3
99548,4
24850,3
25194,4
119094,3
115966,4
116805,4
148725,4
147811,3
147888,4
119131,4
120135,3
148170,3
148390,3
79872,3
80069,3
80047,3
80287,3
83422,3
83616,3
83627,3
83914,3
149033,2
148947,3
149032,3
120622,3
117675,3
148739,3
148949,4
148889,3
148907,4
32380,3
32409,3
112432,3
113945,3
147846,4
75364,3
75672,3
116720,3
117531,4
75652,3
75822,3
77471,3
77730,3
77749,3
78055,3
55765,3
148845,3
148887,3
147751,3
147834,4
55829,3
121566,3
105478,2
105264,3
105508,3
105034,3
105278,3
115160,3
114435,4
114665,3
115500,3
32040,4
104850,3
105038,4
104846,3
104615,3
147711,3
147819,4
112418,2
32789,3
117865,3
53553,3
40856,3
41990,4
79335,3
33444,3
33592,4
71628,2
71627,2
71914,3
112417,3
113876,4
71909,4
71986,3
71981,4
56941,4
149069,3
149165,4
149071,4
149027,4
5150,1
64377,3
73939,3
34454,2
33814,3
39450,4
5026,4
107335,3
107587,3
147683,3
147764,4
107846,3
107863,3
108118,3
108116,3
108372,3
108373,3
108612,3
108610,3
108864,3
108860,4
109098,3
107127,3
109080,4
109522,3
33708,4
120137,2
121027,4
109530,4
110134,1
53370,4
113141,3
147278,3
147523,4
34455,2
33797,3
37655,3
71880,3
71969,3
73073,3
116631,2
117465,3
73062,3
73417,3
106550,3
73378,3
120902,1
73924,3
147645,3
147720,3
80286,3
79863,3
114362,3
83416,3
114603,3
115580,2
148424,3
83907,3
100566,3
100540,3
100956,3
100958,2
101492,3
101489,3
102005,4
98045,3
102379,4
53458,2
96442,3
102739,4
42041,3
53457,3
53478,4
116516,2
147603,3
147691,3
78054,3
77473,3
148791,3
148843,3
80282,3
75815,3
52972,3
53421,4
75366,3
80714,4
82954,4
84420,3
83905,3
81122,4
83412,3
79333,3
79851,3
148446,4
33689,4
4708,3
5009,4
115153,3
147579,3
147664,3
121082,3
114069,3
33647,3
75370,3
76279,4
76969,4
75811,3
148202,3
148356,2
77477,3
74702,3
78052,3
148012,4
78475,4
33579,4
78789,3
4707,1
148172,3
56968,3
114437,3
148456,4
147543,3
147621,4
80270,3
80514,3
80526,4
80710,4
80916,3
116348,3
79667,3
79850,3
80894,4
81112,4
81326,3
81296,3
79644,4
83902,3
84122,3
79329,3
148468,4
82926,4
83160,3
84118,3
83144,4
83410,3
84402,3
33227,3
33439,3
33525,3
75154,3
75376,3
74954,3
75174,4
79836,3
80028,3
80025,3
80259,3
78043,3
78249,3
74970,4
78230,4
77219,3
77483,3
78446,4
76067,3
76283,4
77222,4
74696,3
85889,4
87882,3
78774,4
76977,4
76082,4
75806,3
83406,3
83642,3
83640,3
83892,3
101087,3
101529,2
101541,3
101089,4
148224,3
84832,4
147581,4
115399,3
116226,3
118626,3
117069,3
147491,3
147571,4
147939,4
84930,3
87175,3
118652,4
120371,3
112609,3
113813,3
75640,3
75793,3
75633,3
77507,3
77735,3
75394,3
77744,3
78039,3
147455,3
147553,4
117336,2
136425,4
148128,3
121386,3
33527,2
117240,4
33648,2
124033,3
125607,3
147429,3
147507,4
147973,3
148078,3
115989,3
115990,1
116009,3
116512,3
120866,3
121227,3
148230,3
116602,3
117212,2
147236,2
147288,4
32781,3
147393,3
147462,3
106662,3
107322,3
4549,1
4550,3
107304,4
107568,3
107550,4
148024,4
108837,3
109091,4
109352,3
110648,1
110540,3
110310,3
110525,3
110114,3
110319,3
109800,3
110111,3
109809,3
109357,3
109523,3
4554,3
5075,3
80234,3
147361,3
147439,3
79832,3
83888,4
83400,4
147983,3
7676,3
6488,3
7724,3
7942,3
121121,3
121569,3
58854,4
147253,1
147254,4
147210,2
147209,2
147240,4
114782,4
122814,3
147231,3
147301,1
147299,3
5240,3
104623,2
53688,3
124394,2
105043,3
147343,3
147417,3
78036,4
106810,3
77527,4
147235,4
75788,4
75402,3
112610,1
96551,4
98460,3
116611,3
116892,3
56151,3
58847,4
121003,3
66411,4
147948,3
66432,4
71956,4
72366,3
148751,3
148822,3
114385,4
72355,3
72774,3
54269,4
116335,3
72762,3
73058,3
147311,3
147382,4
5211,3
79326,3
79651,3
79898,3
79895,3
108250,1
108234,3
80342,3
80337,3
80506,3
80698,4
108054,1
108050,4
80856,3
81110,3
81454,3
81441,3
81714,3
81710,3
82164,3
82158,3
82438,3
82430,3
82656,3
99880,3
100517,3
82644,3
82914,4
83134,3
83398,3
83883,3
84400,3
99370,3
99892,4
98876,3
99376,4
116336,1
137222,1
137206,3
116638,3
98926,4
148238,3
98488,3
151451,1
151452,1
32756,4
32794,4
147726,4
148940,4
116525,3
117118,2
149237,3
148932,4
124389,2
74692,3
74951,3
75145,3
75324,3
75329,3
75789,3
76079,3
76301,4
76498,3
76499,3
76602,3
76605,3
76778,3
76771,3
76985,4
77205,3
77522,3
147886,3
78031,3
78237,3
78457,3
78755,3
79321,3
147347,4
121241,3
121777,3
120475,3
147878,4
5630,3
147279,3
147340,4
117958,3
86244,2
86094,3
86242,3
85952,3
86072,4
85707,2
85924,4
85703,3
80073,3
80059,3
79885,3
80327,3
81108,3
81289,3
81281,3
81431,3
107102,3
107297,3
107547,3
108043,3
108223,3
67190,3
83396,3
83607,3
83605,3
83879,3
148284,4
117987,4
119638,3
147853,3
147267,3
147326,4
116609,1
4427,1
4428,3
75587,3
75801,3
75585,3
75331,3
77510,3
77761,3
77747,3
78027,3
85553,3
85696,4
86206,4
86448,3
45714,2
44328,4
147668,4
85350,2
85556,1
113131,4
86450,1
86652,2
86642,3
85158,3
124955,3
127085,4
5449,3
121587,3
122227,3
115561,1
32751,4
147291,4
149163,3
149075,3
149025,4
147816,3
148955,3
148905,4
148882,3
32754,2
84396,3
49576,4
84776,3
40011,1
121377,3
32037,3
114122,3
114414,3
114737,3
113769,2
114093,3
65235,1
65225,3
147238,2
147271,4
44148,3
45409,2
113770,3
110661,1
148719,3
148837,3
147701,3
147794,3
89754,2
116060,1
116059,3
87046,3
87833,4
109101,4
105061,3
105368,3
84889,3
67584,3
105424,3
105662,3
107298,1
148248,3
67575,3
67786,3
105698,3
105848,3
117241,2
105921,3
106060,3
106136,3
106272,2
106297,3
84890,4
30276,2
120909,3
86830,3
87026,4
85146,4
116995,2
86622,4
86820,4
120288,3
147266,3
116183,3
147734,4
104581,3
104596,1
30303,3
31394,3
103451,3
103112,3
102734,3
102342,4
102000,4
101517,3
101553,4
101093,4
80324,3
100518,3
79877,3
81104,3
81429,3
67779,3
83392,3
83878,3
114811,3
121093,3
120076,3
112669,3
112365,3
112665,4
112921,3
116067,3
116269,1
116737,2
147708,3
75333,3
75809,3
112051,2
112367,4
77503,3
110658,1
137036,3
137228,3
78026,3
112859,4
109109,4
68442,3
114702,3
115137,3
122024,3
122489,3
112052,3
113089,4
113373,3
107204,3
80322,3
79867,3
79319,3
80694,4
81100,3
81427,3
81868,3
81881,3
84387,3
83876,3
82911,3
83387,3
4217,1
4218,3
113376,4
113617,3
148677,3
148794,3
113633,4
147679,3
113851,3
75813,3
76309,3
78022,3
78747,3
76993,3
74690,3
77499,3
75339,3
124805,3
125867,3
88388,3
65203,3
65486,1
148302,4
111688,1
111687,3
148044,3
87672,3
88287,4
68323,3
120627,3
137218,3
137276,2
147474,4
5452,3
5623,3
95500,3
81690,3
81923,3
129798,3
81667,3
80313,3
80518,3
81419,3
80507,3
80673,3
80880,3
80865,3
81097,3
79631,3
79857,3
79617,3
79316,4
84381,3
83871,3
84775,4
84896,3
85119,3
85358,3
85351,3
83139,3
83386,3
85690,3
85929,3
83137,3
86074,4
86221,3
86346,3
86347,3
82901,4
86619,3
86824,4
87017,3
87278,3
87271,3
87474,3
87472,3
87656,3
122361,3
122921,3
144789,1
144790,4
43768,4
147619,3
89163,2
95672,4
109115,4
110571,3
68590,3
115139,3
115619,3
76059,3
76323,3
107296,3
76074,3
75131,3
75343,3
110663,1
74963,3
75130,3
75817,3
74948,3
74684,3
98498,4
77215,3
77498,3
77214,3
78469,3
78742,3
77001,3
126472,3
128529,3
78227,3
78486,3
78241,3
147611,4
78017,3
79837,3
80065,3
80057,3
83601,3
83867,3
80303,3
83599,3
83382,3
109920,3
148631,3
148747,4
123396,3
124643,3
125603,3
137344,2
119942,3
120311,3
120809,3
147585,3
121548,3
122175,3
75345,3
75621,3
75603,3
75857,3
148308,3
148502,4
77719,3
78013,3
77769,3
77492,3
85516,3
85684,3
85508,3
85345,3
103943,1
103944,4
104133,1
104134,3
104395,1
104396,3
27007,1
26722,3
67543,3
67629,3
89130,4
147421,4
119470,2
148056,3
118490,2
118307,3
109119,3
67609,3
67719,3
117684,3
137863,1
137864,4
88098,4
89081,3
144655,1
144656,4
120671,3
107376,3
61278,3
97884,3
96848,4
97878,4
97141,1
96334,4
137214,3
137391,3
98502,4
98924,4
99392,4
147916,3
99910,4
117719,4
100522,3
147557,3
124390,3
124845,3
67685,3
121685,3
148065,4
122527,3
123317,4
43092,2
126159,3
6457,3
72344,3
67759,3
148579,3
148707,3
42091,2
109123,3
58850,1
61282,4
42625,2
73916,4
137422,2
147449,3
147532,3
67180,4
67465,3
124360,3
119247,3
43408,2
124166,3
147865,3
3992,3
107524,3
125567,3
126429,3
115272,3
115651,3
112058,3
122971,3
124855,3
112375,4
118785,3
112656,4
147484,4
112865,5
114440,3
148531,3
148665,3
113093,4
113643,4
113388,4
120893,3
115242,4
115634,3
115873,3
115004,3
80297,3
79833,3
108123,3
147892,4
67455,3
122683,3
83861,3
137208,3
137353,3
148316,2
148270,3
148330,4
83379,3
127999,3
148116,3
148288,4
43407,3
94196,3
78012,3
77490,3
67529,3
75347,3
75873,3
125926,3
147457,3
85337,3
89634,3
85681,3
147904,3
148081,4
122125,3
94256,4
87654,3
87267,3
107638,3
89575,4
148587,3
114984,4
114700,3
147432,3
3991,1
85332,3
85679,3
84898,3
79309,3
78736,3
86078,3
86828,3
115881,3
116079,3
87263,3
117088,4
82884,3
84766,3
84893,3
130006,3
133898,3
147748,3
74682,3
112066,3
148471,3
148556,4
117619,3
118159,3
78727,4
150424,3
104706,3
105083,3
104656,4
104362,3
104322,4
122418,3
103476,3
103954,4
103472,3
103180,3
103168,4
102812,3
102810,4
102347,3
102001,3
65488,1
101546,3
101084,4
100524,4
137202,3
137348,3
148409,3
148544,3
121329,3
148131,3
149049,2
129711,4
147379,3
124815,3
124602,3
125628,3
65165,3
137377,3
91620,3
86834,3
87023,3
107826,3
87050,3
148052,3
148187,3
116099,3
116323,3
85926,3
86082,3
85900,3
87261,3
85674,3
87870,3
88068,4
88372,3
87868,3
85124,3
85329,3
88366,4
88612,3
87648,3
88606,4
88836,3
148361,3
148473,3
88832,4
89022,3
85122,3
89018,4
89218,2
89206,4
147372,4
84874,4
148374,4
54360,3
148425,3
89500,4
91537,4
125877,3
147956,3
148073,3
148227,3
148344,3
118607,3
147768,3
117517,3
118049,3
94934,4
147352,3
112074,3
97622,1
97130,4
85532,3
85668,3
85528,3
85322,3
87259,3
87460,3
87455,3
87641,3
115449,1
115436,4
137180,3
137321,3
148320,3
148928,4
126979,3
147773,4
30720,3
121851,3
125444,4
20695,2
20649,3
20920,2
147647,3
107964,3
147321,3
106321,3
116325,4
116671,3
20605,3
20870,3
117154,4
117685,3
148251,3
137405,3
102420,2
102422,3
95496,4
20569,3
20819,3
101534,4
147926,3
147971,3
112082,4
118355,3
137166,2
147303,3
121533,3
31859,2
137382,3
137657,2
121969,3
147599,3
20535,3
20776,4
149922,3
148004,3
148149,4
118477,3
118751,3
108046,3
20493,3
20732,3
147872,3
147975,3
128703,1
121923,3
131012,2
130316,4
131048,2
149828,3
149924,2
147276,3
116707,3
119619,3
117390,3
117825,1
79305,3
80656,3
80651,3
81478,3
118000,3
81480,2
81700,3
81678,3
81916,3
81913,3
82352,3
82347,3
82648,3
82619,3
82871,3
130709,3
124630,2
125311,4
20467,3
20691,3
74680,3
75005,3
75917,3
75435,3
75914,3
76107,3
76100,3
76343,3
76306,3
76973,3
74998,3
75183,3
76957,3
77199,3
77197,3
77493,3
77467,3
78003,3
78000,3
78215,3
78213,3
78419,3
78417,3
75180,3
78717,3
79303,3
75433,3
147629,4
118051,1
103471,3
96128,4
97574,3
103952,4
104314,4
104654,4
114086,3
114450,3
114103,3
105178,3
137156,2
105176,3
105568,3
105496,4
105756,3
105744,4
105990,3
105986,3
106214,3
106200,4
106620,3
113663,3
106609,3
107096,3
107088,4
107480,3
113445,3
107460,4
107898,3
107882,4
108062,3
113097,3
112652,4
112887,3
117041,5
147814,3
147881,3
112372,4
112647,3
112339,3
112026,3
112027,3
148070,4
20433,3
20618,3
122984,2
122753,3
122303,3
118311,3
119207,3
87640,3
87254,3
67450,3
67525,3
108222,3
129847,4
128156,4
147641,3
147801,4
118136,3
20403,3
20566,3
126370,3
131090,1
130776,4
137648,3
67519,3
148777,3
128241,1
129921,3
128348,4
148015,4
20375,3
20525,4
82119,3
82341,3
82103,3
81903,3
149912,2
75427,3
75676,3
75666,3
75910,3
64291,3
64881,3
27416,1
27380,3
67752,3
124962,3
126235,3
137373,3
67678,3
77451,3
77732,3
77709,3
77995,3
147500,3
20357,3
20490,3
117763,1
117653,3
137148,3
129757,3
122101,3
131233,1
130954,3
71854,3
84747,4
71928,4
84867,4
72598,3
27610,1
27533,3
96560,4
72586,3
72940,3
86794,3
20180,1
20179,3
72936,3
86781,4
119393,2
121015,3
88063,4
103501,4
103206,3
88361,4
73906,3
112035,4
102825,4
88593,4
73980,3
102396,3
101996,3
102404,4
88817,3
102039,4
89009,4
101562,4
89193,4
101099,4
20358,2
20430,3
100550,4
89471,4
89756,3
99938,4
89745,4
89886,2
99490,4
89892,4
99124,3
124333,4
98505,1
147824,3
97874,3
93719,3
117999,1
23402,4
108406,3
137591,3
137627,3
93720,4
27196,3
20458,2
116690,3
118659,3
147758,3
147837,4
151444,1
151443,1
131423,1
131124,3
147858,3
147943,4
148600,4
117548,3
118014,3
64808,3
65109,3
147506,3
147690,3
147778,3
118697,3
119235,3
130579,3
124822,3
125937,3
137138,3
137264,3
65069,3
67515,3
68310,3
129693,3
65493,3
147896,4
130660,4
67449,1
111864,1
147512,4
148606,4
148966,3
136936,3
108568,3
128462,3
130265,4
67510,2
121906,3
118079,3
148584,4
27329,3
147409,3
127558,3
25062,4
94206,3
117904,3
130368,4
82333,3
125055,3
81896,3
115752,3
115759,3
116078,3
67848,3
115451,1
116087,3
147850,4
115251,1
75907,3
75424,3
126497,3
114820,3
115105,4
137534,4
138416,3
116329,3
114880,4
116710,4
114454,3
137126,3
65481,3
77447,3
148801,3
149014,2
77993,3
130661,2
131148,3
147662,3
147699,3
67825,4
111812,2
111805,2
150988,3
150972,4
20111,3
150990,5
136338,3
137189,4
147364,3
82331,3
82865,4
74678,3
20742,3
75415,3
75901,3
81877,3
6092,3
8179,4
76296,4
108666,3
76952,4
77441,3
20545,3
131280,2
72934,3
78713,3
77991,3
147724,3
147826,4
20391,3
125251,3
126789,3
97650,1
96984,4
73899,3
124623,4
125703,3
147606,3
147703,3
149632,3
149860,3
93058,4
94632,3
131039,4
91309,3
93007,4
106594,4
107078,4
107456,4
147386,4
107870,4
108778,3
121323,3
123163,3
130331,4
130976,4
118873,3
137096,3
137255,3
74676,3
74989,3
74992,4
75159,3
128726,3
20112,3
75148,4
75413,3
82323,3
82611,3
82606,3
82828,4
83125,3
83110,3
83347,3
83336,3
83591,3
83587,3
83839,3
147546,3
147616,3
83835,3
84087,3
84086,3
84331,3
81663,3
81869,3
81467,3
81671,4
81255,3
81436,4
81081,3
81250,3
84316,4
80813,3
81066,3
80810,3
80648,4
84728,4
84860,3
85101,3
85097,4
85317,3
85315,3
85659,3
75894,3
76092,3
76070,4
76266,4
76490,3
147782,4
77231,3
77437,3
85655,3
85893,3
76486,3
76612,3
76604,3
76782,3
77227,3
76766,3
85884,3
86061,3
76945,3
86056,4
125611,3
127489,4
86766,4
87001,3
86996,3
87241,3
129909,3
130937,3
87239,3
87625,3
77983,3
78209,3
44048,4
87621,3
87855,3
78206,4
78415,3
87843,3
78424,4
88055,4
88355,3
78704,3
88591,3
89006,3
89166,3
89444,4
89728,3
89896,3
90127,3
90112,3
90325,3
90312,3
90553,3
90555,1
90767,3
90764,3
90941,3
90938,3
91137,3
91139,3
147396,3
147536,4
93112,2
91258,3
150814,1
55007,3
56342,3
148217,3
118688,4
150502,3
148404,3
75680,3
75878,3
75650,3
75411,3
82099,3
82313,3
82091,3
81859,3
93281,2
147729,4
108870,3
77423,3
77711,3
77693,3
77979,3
95086,3
148235,3
131453,1
131221,3
68565,3
19823,2
125705,1
147282,3
85313,3
85501,3
85504,3
85651,3
132315,1
132119,3
65047,3
148616,3
148828,3
137574,2
88800,3
88995,3
88771,3
88589,3
117471,1
117472,3
140916,2
140403,3
140912,3
87237,3
87441,3
87440,3
87614,3
27120,2
43507,3
108328,3
108964,3
123796,3
105152,4
105490,4
109027,3
105728,4
147561,3
106190,4
106564,4
107036,4
107436,4
107848,4
4354,3
67800,3
148146,3
131587,1
131375,3
127742,3
43795,4
137232,3
137304,3
147504,3
147576,4
61290,3
62075,4
66252,4
148282,3
95644,3
147594,3
147674,4
72931,3
66268,4
73895,3
127553,4
132474,1
132276,3
65557,3
76946,4
114466,3
147444,3
147527,3
112039,4
77419,3
126400,4
147284,4
19941,3
19942,1
19927,3
18567,4
109200,3
148035,3
124195,3
124708,3
137564,2
131328,4
65541,3
65639,3
129311,3
130955,3
126494,3
128083,4
27119,3
147626,4
97648,1
97362,4
131257,4
137510,3
137527,3
138354,3
138820,3
148401,3
65604,2
65735,1
147296,4
43434,3
44267,3
46288,3
131943,3
55197,3
57155,3
132678,1
132460,3
148259,3
96126,3
75862,4
137281,3
75408,4
82312,4
81856,4
77972,4
83832,4
77416,4
120082,4
83320,4
147589,4
116114,3
116319,3
116117,4
115765,3
147965,3
148636,3
44085,3
46273,4
68508,3
85309,3
85649,3
117864,1
87609,3
117476,3
87234,3
138007,2
137991,2
138165,3
147420,3
147447,3
93122,4
65005,3
88993,3
113425,3
114394,4
88585,3
137274,3
137479,3
109404,3
112047,3
89898,3
113419,4
20344,2
20054,3
20109,2
131758,3
131857,3
132475,3
90305,3
123566,4
128237,4
91998,3
124566,3
19715,3
96486,3
97762,3
132209,4
147958,3
79297,3
79584,3
74665,3
79589,3
79826,3
79818,3
80264,3
74984,3
147472,3
147563,4
80253,3
80438,3
80439,3
75149,3
123483,4
80637,3
75406,3
75854,3
115417,1
115418,4
76065,3
92096,4
76261,3
81413,3
81643,3
81854,3
147368,3
147451,3
82317,3
76933,3
77176,3
77165,3
82831,4
77414,3
83321,3
85643,3
77968,3
116866,1
116865,4
83822,3
78186,3
78408,3
84317,3
86052,4
78692,3
84718,3
84855,3
86758,4
87230,3
115311,1
115312,4
128397,3
117085,2
117074,4
117295,2
88577,3
88051,4
87607,3
88987,3
117294,4
89440,4
89902,3
123724,4
90757,3
67084,3
72582,4
91143,3
148001,3
148095,3
73888,4
138192,2
138310,3
18862,2
18758,2
18874,2
149866,1
122877,2
115918,1
115917,3
132375,4
121749,2
121605,3
147320,3
147375,3
123850,4
115583,1
115584,4
65528,3
147520,4
124421,3
125350,3
147900,3
119157,3
137961,2
114662,1
114644,4
96924,3
18819,3
147258,4
147310,3
75396,3
75626,3
75612,3
75850,3
148030,4
132944,1
132581,3
77660,3
77962,3
77658,3
77412,3
148296,3
148415,3
84840,4
147873,4
132284,4
85092,4
114211,2
113965,3
114213,4
113647,3
113988,3
113660,3
113195,3
113415,4
112895,3
113185,3
112357,1
112349,3
85303,3
80005,3
80237,3
81852,3
82105,3
80008,3
112640,2
112893,3
79816,3
82116,3
112631,3
82327,3
90539,3
90759,3
90536,3
88984,3
89176,3
90299,3
85639,3
85880,3
89172,4
89424,4
89706,3
85872,4
83325,3
89702,3
89906,3
86048,4
86198,3
98136,3
86192,3
86324,3
86314,3
86600,3
86598,3
87604,3
87829,3
86750,4
86962,3
83811,3
87822,4
86956,4
88048,4
88321,3
43566,3
87227,3
88306,4
88575,3
25902,2
31393,3
90756,3
125517,3
91124,3
147477,4
111798,1
111146,3
111143,3
64241,3
64437,3
147860,3
137468,2
20021,3
20046,3
43923,3
147991,3
148265,3
109572,4
125045,3
88568,4
88742,3
88732,3
148634,3
123316,3
124313,3
88978,4
90119,3
90290,3
90122,1
89908,3
3704,3
4714,2
85301,3
85479,3
85494,3
85635,3
64413,3
133053,1
132712,3
97280,3
98628,3
87221,3
87436,3
87425,3
118336,1
118335,3
87599,3
137937,2
121070,1
121069,2
128806,4
130430,3
147244,4
147330,3
64969,3
65197,3
117478,3
117860,1
138291,3
121765,3
147830,3
147233,3
138498,2
138455,3
138565,3
148261,3
148441,2
147316,3
65153,3
147346,3
147360,3
147425,4
147308,2
22636,1
64795,3
123146,3
124133,3
112053,4
147741,3
71816,4
71890,4
72392,3
148279,2
97706,3
72378,3
72574,3
73136,3
138466,3
138591,3
73110,3
73450,3
73451,1
121437,3
122577,4
73868,4
73961,2
137917,2
22037,4
23773,1
147390,4
118777,3
119583,3
132502,3
148239,3
131924,3
133097,3
109150,3
109780,3
18757,4
18662,3
109701,3
108798,3
108286,3
108817,4
108293,4
107873,4
107433,4
107037,4
106585,4
106203,4
105719,3
79811,3
105500,4
99552,2
49496,4
105149,4
104659,4
104325,4
99949,3
100184,3
103961,4
80236,3
103505,4
103156,3
103163,4
102835,4
100210,3
102425,3
102038,3
148243,3
101593,3
101181,4
100584,4
138504,3
138607,3
49554,4
75390,3
75848,3
18737,2
18638,4
77407,3
124138,4
138427,2
138391,3
77960,3
81847,3
138317,3
82339,3
148184,3
148273,3
83810,3
83327,3
124793,3
30163,3
124200,3
116278,4
116123,3
117786,3
62122,2
123419,3
115771,3
147356,4
74982,3
75382,3
126158,3
124561,3
138554,3
138655,3
42453,3
147696,3
76258,3
79294,3
80230,3
75846,3
80629,4
116538,1
116532,3
77404,3
64169,2
18738,1
138268,2
79801,3
76931,3
126211,4
130054,3
77956,3
81409,4
137905,2
78684,4
81843,3
46340,3
83331,3
82843,4
82355,3
138426,3
46323,4
85632,4
138769,3
139465,3
85298,4
149612,3
149780,4
84321,3
83808,3
87596,4
62115,2
63254,3
87218,4
140698,2
140590,2
46749,4
138588,3
138693,3
137196,3
45795,3
47515,3
64174,2
64405,4
147686,3
112347,4
112061,4
133132,2
124072,3
79291,3
148203,3
133819,3
134276,3
122851,3
123583,1
91666,4
149344,3
149633,3
140929,3
74979,3
75166,3
75163,3
75380,3
77168,3
77402,3
77163,3
76921,4
76056,3
76251,3
76051,3
75842,3
78404,3
78671,3
78188,3
78395,3
78181,3
77952,3
80225,3
80463,3
80425,3
80621,3
79599,3
79800,3
79587,3
79285,4
42848,3
109982,3
147718,3
147807,3
84699,4
84829,3
91772,3
98940,3
85087,3
124135,1
73959,2
85295,3
81393,3
81659,3
85621,3
81639,3
81842,3
85867,3
131212,3
132132,3
86039,3
138649,3
138725,2
82357,3
82853,3
83337,3
86748,3
137895,2
86949,3
84325,3
87207,3
87428,3
18568,2
83803,3
87422,3
87590,3
119374,3
120059,3
87819,3
88043,3
88308,1
88565,3
88970,3
89174,1
89476,3
75616,3
75833,3
75609,3
75378,3
147633,3
124288,3
77654,3
77946,3
77652,3
79997,3
80221,3
77396,3
148062,3
79991,3
79794,3
138261,2
19667,3
82093,3
82369,3
82095,3
147738,4
81838,3
83341,3
147608,4
83797,3
121349,3
121865,3
64921,3
5684,3
138702,2
131407,3
132672,3
118212,3
85287,3
85487,3
85481,3
85617,3
113992,3
147595,3
113412,4
19964,2
88561,3
88754,3
88739,3
88965,3
112354,3
109281,1
109282,3
112069,4
5654,3
5656,3
5856,3
147714,3
138365,3
137883,2
150499,3
150506,3
110210,3
123473,1
123325,3
138239,2
68304,3
90030,4
64170,4
122207,3
121201,3
121773,3
147568,3
132934,3
90080,3
120408,3
124071,1
138777,3
139024,3
118852,3
119551,3
98686,1
98086,3
117317,3
64172,3
117080,4
116878,4
116716,3
150650,4
73960,3
116287,4
147919,4
116104,3
115928,3
116127,3
115937,3
115777,4
120349,4
64379,3
64515,3
123153,3
124116,3
47468,3
48279,3
147495,3
138297,3
3487,1
3488,3
150448,3
138223,2
64479,3
64747,3
137859,2
147907,4
121071,3
119053,3
120021,3
113998,3
113408,3
112077,3
75831,3
130674,3
75373,3
147927,3
122037,3
132051,3
77943,3
77393,3
80219,3
79791,3
110382,3
82379,3
48270,3
49485,4
81835,3
134008,4
134912,3
64698,3
83789,3
83343,3
85283,3
85620,2
123819,3
138622,3
87203,3
87592,2
122822,2
122298,2
123410,3
47976,1
47970,4
109971,3
64905,3
120900,3
138601,4
109288,3
147445,3
100194,3
49689,4
138209,2
88961,3
88557,3
121711,3
132289,3
74529,2
74506,5
49541,3
120155,3
121355,3
76852,3
136995,1
136996,2
86035,3
84825,3
85279,3
79280,3
87199,3
88035,4
86746,3
137860,2
82639,3
82862,3
147436,3
11520,3
83375,3
84698,3
84819,3
149586,3
149661,3
130984,3
48116,3
48262,3
113300,3
121895,3
113305,4
113536,3
113534,4
5868,3
11297,3
114008,4
110758,3
138193,3
138335,3
147469,3
147539,3
138189,2
119467,3
64877,3
128293,3
19435,3
3409,1
3381,3
147402,3
73439,1
73434,3
85083,3
85277,3
85600,2
85599,3
85863,3
149410,4
85072,3
85860,3
84812,4
86024,3
86742,3
86941,3
86945,3
87193,3
139467,3
139887,3
147770,3
87561,2
87557,3
87801,3
87816,3
88014,4
88275,3
88284,3
116498,1
116497,3
88560,3
123115,3
123588,2
65100,3
147488,4
89167,1
89168,3
147370,3
112714,2
112486,2
112718,4
19294,3
18842,3
137088,3
137513,3
112485,4
123384,4
136654,1
136627,3
3428,3
119780,3
85271,3
85453,3
85456,3
85603,3
121331,3
121170,3
121788,3
138296,2
138375,2
149552,3
149626,4
110303,3
138133,3
88767,3
88958,3
88762,3
88572,3
109298,3
118666,3
123280,4
87413,3
87555,3
87416,3
87190,3
111741,1
111742,4
111316,1
111304,3
111545,1
111546,3
147465,3
138171,2
73964,4
74208,2
113083,1
113082,4
74387,2
112891,1
112880,4
138880,2
138855,3
138892,3
132016,3
48264,1
47859,2
47660,3
54630,3
3382,1
47467,3
147652,4
138409,2
53607,3
55141,2
30764,3
120438,1
120154,3
149524,3
149587,4
3325,3
138844,3
138904,2
82822,3
139373,1
139304,3
122297,3
138573,3
138433,2
133563,3
138833,2
138817,3
147658,3
87192,2
86604,3
121650,4
138151,2
138922,2
140756,1
140746,3
147638,4
18577,3
18579,3
16668,2
18621,3
149468,3
149564,4
138459,2
117490,2
117055,3
116882,1
116718,1
141045,3
140607,3
138938,2
133874,3
134220,1
133143,1
133009,3
119440,3
74378,4
122454,3
138505,3
85270,3
85607,3
110990,3
110169,3
109669,3
110158,3
48503,2
48255,3
48520,3
109662,3
138950,2
109263,3
109265,3
48035,3
48291,3
108831,3
132937,3
108305,3
107887,3
47827,3
48050,3
104638,3
104298,3
105157,3
105488,3
106185,4
106575,3
107063,3
107451,3
103975,3
103531,3
103175,3
149525,4
102834,3
102429,3
47657,3
47832,3
45796,3
47473,3
47686,3
152078,3
121621,4
18619,3
64380,1
138500,3
132165,3
138980,3
136628,1
119697,3
120051,3
84694,4
84808,3
87888,3
19625,3
138809,3
138973,4
71815,2
71855,4
100594,2
72498,3
72500,4
72612,3
72607,4
150221,1
150127,3
3243,3
3417,3
149256,3
149464,3
64699,1
138978,3
138990,2
73865,4
73968,4
147516,3
74380,3
121047,4
122999,4
74500,3
75090,3
75087,3
76820,3
136661,2
131462,3
72395,3
72605,3
73169,3
140589,3
76821,3
78320,3
74296,5
73168,3
78312,4
79040,3
79036,3
41270,3
79434,3
79422,4
80198,3
47487,3
80187,3
82132,3
82127,3
83078,3
83075,3
83784,3
83779,4
138797,3
138832,3
123112,4
84772,4
84689,3
64856,3
150328,2
150450,4
123156,4
115305,3
115111,3
114883,3
136829,2
65101,1
114683,3
115431,3
114423,3
116570,1
115609,3
116301,4
114255,3
115785,4
150327,3
113736,3
114038,3
113785,3
113555,3
113309,3
113112,3
112917,3
112721,1
112250,3
112529,3
111978,3
112253,3
111745,1
111584,4
18623,2
138734,3
87938,3
133712,3
134314,1
18611,3
73166,3
73700,1
87731,3
89242,3
147406,4
72389,1
71165,2
149196,3
149413,4
71159,3
138807,3
138825,3
3533,3
138082,3
75083,3
75272,3
75274,3
75538,3
75541,3
75752,3
75754,3
76012,2
76009,3
79032,3
78122,3
78309,3
77790,3
78119,3
77576,3
77822,3
77294,3
77569,3
137926,3
77068,3
77285,3
77072,3
76823,3
89650,4
119252,3
100530,4
80730,2
80729,3
81275,3
53031,3
54109,1
81271,3
81487,3
81472,3
81695,3
147414,3
81694,3
81887,3
81886,3
82125,3
83071,3
83295,3
83292,4
83567,3
83560,4
83774,4
84075,3
84066,3
84281,3
84276,3
84513,3
84520,3
84686,3
116136,1
116135,3
19241,3
124506,4
89696,3
86891,3
89056,3
115961,1
115962,3
47840,3
136739,1
136740,3
140679,3
147400,3
47527,3
124653,3
126365,3
117584,3
149044,3
149316,3
126113,3
127123,3
136983,3
137907,4
72398,3
72667,2
138479,3
64937,3
149679,3
148420,3
76005,4
76214,3
76205,4
76436,3
76431,4
76544,3
76539,4
76688,3
76694,4
76831,4
78305,3
78530,3
78528,3
78832,3
78830,3
79030,3
100922,1
100892,3
139056,2
138993,3
139094,2
80180,3
80521,3
80500,3
80687,3
80666,3
80867,3
80846,3
81093,3
82112,3
82387,3
81072,3
82374,3
82627,3
82616,3
82813,3
81268,4
82806,3
83058,4
118342,3
136853,3
131096,3
48536,3
101160,1
101154,3
3408,3
47705,1
47706,3
47842,3
136969,3
118670,3
120537,3
71149,3
71495,3
150032,4
150130,3
148924,3
149229,3
101382,1
101356,3
139136,2
125907,3
126903,3
79026,3
138295,2
79406,4
79524,3
79504,3
79758,3
79740,3
79938,3
133500,3
134528,1
79928,3
65838,3
80177,3
20796,1
20795,3
138395,3
138476,3
150640,3
150642,4
150778,3
116917,3
138782,3
3153,4
3345,3
149650,3
106572,3
54763,3
55114,3
138429,3
138531,2
106176,3
116927,3
105482,3
3597,3
139162,2
138961,3
127365,3
64732,3
65833,3
3493,3
138323,2
124763,3
126184,3
136716,3
136798,3
57119,3
55972,3
56157,3
148682,2
148990,3
73165,1
139178,2
53544,4
73710,1
138477,2
48542,3
136587,1
136588,3
57847,1
57848,2
120782,3
121815,3
150343,1
150344,3
132567,1
138638,3
149621,3
138343,2
88810,1
88809,3
47844,3
138917,3
138935,3
88246,4
136522,3
136616,3
126210,3
127575,3
55790,3
124957,3
126424,3
88869,3
138845,2
139188,2
116153,3
116457,3
99026,3
100561,3
55126,3
101510,3
98539,3
103947,4
103992,3
126608,3
99028,3
138367,2
136789,3
136952,3
116937,3
136550,3
136668,3
123127,4
130382,3
131596,3
116156,3
122219,4
138863,2
122742,1
121899,2
139202,2
126478,3
149598,3
125665,3
122259,3
123521,4
116461,3
13106,1
12684,3
138786,3
86193,3
88523,3
150217,3
150331,3
150213,4
150132,4
74496,3
136582,3
76008,1
76207,1
76434,1
3154,1
76541,1
138883,2
76698,1
72413,3
76835,1
66204,2
138763,3
138948,3
78301,3
80174,3
54878,3
133328,3
134731,3
125910,3
81243,3
139216,2
83060,2
83290,3
83546,3
118073,3
83758,3
19820,3
84670,3
115789,3
116941,3
49663,3
138897,2
55251,3
66197,2
66245,4
42303,3
149559,3
150544,3
116467,3
136630,2
48359,3
29670,3
139206,3
139183,2
48367,3
150546,4
150662,3
78299,3
66263,4
67018,3
120562,4
123673,4
79024,3
121702,3
135002,2
55172,3
150398,1
132938,1
150346,4
3457,2
47529,3
67019,2
116949,3
131261,3
132592,3
128685,3
120684,4
123803,4
19479,3
19554,3
83748,3
136536,1
136490,3
116479,3
136689,3
136856,3
149504,3
140213,3
136499,1
136447,3
123481,3
124465,3
31680,1
102411,1
102244,4
102243,1
119970,3
67014,2
79022,3
116160,3
79412,4
58571,2
80171,3
115791,3
117629,3
118314,3
133326,3
148869,3
149100,3
133220,3
134575,3
148681,3
99032,3
67013,3
48371,3
98461,3
138749,3
138926,3
19415,3
142507,2
142841,3
87576,1
87575,3
47533,3
116963,3
150235,1
150212,3
150134,1
150136,3
66194,3
58572,3
66150,4
58292,3
59668,3
128378,3
129117,3
114535,3
55682,3
20798,1
116485,3
136836,2
136890,3
120134,3
125497,3
3156,1
3401,1
86840,1
86456,3
114538,3
131806,2
131447,3
132129,3
83067,2
82791,3
83063,4
82587,3
82783,4
82345,3
82583,4
82069,2
82361,4
82065,4
124574,4
83733,4
84070,3
84061,4
84260,3
117858,3
118706,3
84251,4
84504,3
84499,4
84666,3
48610,2
48616,3
88221,3
48088,3
102246,1
103594,3
74494,3
75260,3
55306,4
75267,4
75534,3
75529,4
75740,3
75735,4
75992,3
75993,4
76196,3
76185,4
76664,3
47858,3
48089,3
76666,4
76814,3
76815,4
77050,3
77052,4
77242,3
77249,4
77486,2
77544,4
133146,3
134518,3
98325,3
137803,3
138287,4
47718,3
48111,3
116166,3
47745,1
99036,3
47559,3
136835,3
136908,3
116491,2
115795,3
121643,3
124091,3
87106,4
124521,3
125960,3
78295,3
78524,3
78521,3
78822,3
78824,2
148775,3
148980,3
116969,2
80168,3
80483,3
80461,3
80659,3
80653,3
80819,3
109045,1
109046,3
80818,3
81236,4
84659,3
130920,3
84760,4
85800,3
134566,2
125413,3
106762,3
106806,4
111032,4
145252,1
145072,1
128944,3
129987,4
125297,3
126270,3
138735,3
138913,4
3559,2
149683,3
12046,3
111588,2
112533,3
67514,3
46718,1
46660,3
136867,3
136925,3
104283,3
106812,3
130568,3
139015,2
18641,3
67507,3
134262,3
138300,3
121944,4
127520,3
128618,3
99040,3
137073,3
98153,3
74488,3
74717,3
74727,3
74869,3
74883,3
75061,3
75079,3
75277,3
75527,3
75733,3
75997,3
76169,3
76415,3
76421,3
76525,3
76523,3
76670,3
76827,3
77060,3
77255,3
77516,3
77783,3
77812,3
78105,3
78116,3
78289,3
79438,3
79528,3
79538,3
79742,3
79725,3
79936,3
79941,3
80163,3
121992,3
132708,3
81054,3
81215,3
81445,3
80811,3
81037,3
81426,3
81631,3
81636,3
81815,3
81812,3
82063,3
111129,2
82375,3
13022,1
82581,3
116170,3
82779,3
83053,3
83285,3
115801,3
83275,3
83511,3
126071,3
83530,3
83755,3
84054,3
150608,3
150698,3
84244,3
84509,3
148378,3
148449,3
84656,3
130201,3
130718,3
58863,1
58538,3
48622,3
148705,3
148823,3
128728,3
129834,3
68382,4
68562,3
138729,3
138906,4
87782,3
48103,3
104282,3
139027,2
122001,2
124933,2
132332,3
132754,2
118254,3
118854,1
114335,3
114544,3
46041,3
46678,4
114217,3
114355,4
127868,3
44155,3
113385,3
130488,3
137013,3
137100,3
114866,1
139154,3
130557,3
113488,3
114049,3
114190,4
55178,2
55324,3
46173,4
121561,2
98087,3
120557,2
120369,3
114546,3
128938,3
71150,2
139061,2
99044,3
148758,4
109060,1
68162,3
68290,4
137078,3
137260,3
106830,1
46010,3
67818,2
148659,3
88402,3
89614,3
59236,3
60120,3
49857,3
116174,3
128100,3
129072,3
113797,3
113972,4
115798,3
126357,4
136286,3
136443,3
139085,2
49841,4
131472,3
117469,3
138712,3
138899,4
67815,2
68005,3
148577,3
148691,4
149534,3
149691,3
86668,4
113746,4
138524,3
19101,3
20541,3
22575,1
128292,3
129416,3
86002,3
150410,3
150454,4
147656,3
150411,4
150160,3
150162,4
150238,3
139109,2
150240,4
150298,3
150350,4
48636,3
121359,4
150299,4
104280,3
105124,1
119564,1
119563,4
116821,2
116725,3
117321,4
130413,3
131311,3
19433,3
103615,4
121395,3
99699,3
100896,3
121129,3
100853,3
102248,1
115794,2
114550,3
150562,4
148535,3
148644,4
98047,3
150034,4
150166,3
150458,3
150419,3
113490,1
150244,3
136903,3
136980,2
150309,3
150354,4
139149,2
126408,3
99048,3
70255,2
112282,4
128550,3
129690,3
85347,3
131958,3
129786,3
113628,1
113604,3
139118,3
149522,3
68283,4
104270,3
105121,1
136927,3
70218,2
131193,3
130146,3
88349,3
89958,3
148460,3
148569,4
68367,4
138886,4
41328,4
117399,3
118984,4
116603,3
117185,4
70254,3
150148,1
150147,3
77518,2
150637,1
76171,2
76672,2
75289,2
78288,3
129488,3
59416,3
98019,3
46772,1
114552,3
46704,3
80159,3
99052,3
48646,3
119120,1
119119,2
82062,2
81205,3
83055,2
117991,3
127206,3
84650,4
83761,3
61380,4
148478,3
55636,4
47573,3
47587,4
88689,3
90434,3
125786,3
128047,4
87617,4
138510,3
11798,4
11735,3
137058,3
137164,1
103617,1
117671,3
103633,4
100469,1
99640,4
149471,4
149701,3
87713,3
105138,1
11730,4
116459,3
117017,3
116049,3
68249,3
74486,4
139097,3
150745,1
150746,3
128840,3
129908,3
18815,2
149431,3
56100,3
46441,3
78816,1
118418,1
79440,4
80156,3
68347,3
68619,3
81196,3
86471,3
87133,3
97987,3
130960,3
83769,3
46280,3
138168,3
70217,3
148411,2
148520,3
114564,4
115950,3
11641,3
11705,4
148863,3
3560,3
88868,3
90848,3
131130,3
117571,4
55404,4
116761,4
149956,3
58291,1
116869,4
150699,1
150716,3
113603,1
139090,3
113748,1
48278,2
48122,3
48287,3
48007,3
48126,3
113973,1
143310,4
128096,3
47747,3
48019,3
121062,2
120010,2
119837,3
5685,3
47754,3
95485,2
94801,3
96166,3
97943,3
114192,1
130156,3
103635,1
103657,4
105091,2
48515,1
48516,3
137259,1
74012,3
74489,3
75580,3
119281,4
74562,5
77932,2
48528,2
148412,3
148816,3
117949,4
78688,2
78840,3
78854,3
79432,3
48295,3
114359,1
150021,3
150038,3
80976,3
115925,3
105073,3
80971,4
81600,3
81595,4
82578,3
70350,2
82573,3
83728,3
114568,1
115362,1
72877,2
83724,3
150792,3
84713,3
84644,3
46896,1
46895,3
115809,3
116642,4
89296,4
91264,3
72878,3
136923,3
150524,3
150596,3
129759,3
130780,3
106505,1
106506,4
125540,3
127502,4
106285,1
106286,4
105747,1
105737,4
106028,1
106021,3
105473,1
105469,4
30044,3
148761,3
109904,3
109058,3
109908,3
110706,3
106693,1
106694,4
97911,3
99163,3
70347,2
48027,3
49869,3
109057,1
110712,3
111896,3
112436,3
113915,3
111888,4
109066,3
47756,3
72876,2
49847,4
30061,3
120839,4
137038,3
137146,1
137244,3
139077,3
48449,2
118893,3
149457,3
51023,4
72875,3
117473,3
117883,4
95505,4
96800,3
120869,3
47899,3
50979,4
120337,3
104688,1
67900,3
88513,1
87997,3
148379,2
148434,3
97779,3
103396,3
103683,3
103256,3
103420,1
103060,3
103272,1
103059,1
103087,3
105016,4
148700,3
100170,3
100967,3
115810,1
116527,4
105464,3
68293,2
40671,1
39495,3
105712,3
97867,3
98633,1
106014,4
117277,4
118339,1
128490,3
99143,3
79425,3
79659,3
79642,3
79873,3
79848,3
80089,3
80088,3
80495,3
125300,3
127319,4
150725,3
150810,1
80488,3
80683,3
80681,3
89858,3
91746,3
80953,3
81583,3
81805,3
81795,4
82055,3
82039,3
82335,3
82289,3
82567,3
138984,3
48316,3
83717,3
84040,3
84025,4
84236,3
84225,4
84474,3
148380,3
84469,4
47758,3
149665,3
149731,3
84639,4
149192,3
109916,3
148649,3
117744,3
109076,4
150384,2
150426,3
87512,3
150383,3
130204,2
129927,3
130595,3
3188,3
3756,3
150270,2
150318,3
87567,4
150269,3
96191,3
97248,3
119431,3
10608,3
138878,3
139064,3
74066,2
80086,3
80352,3
80346,3
100931,3
101155,2
10835,3
80476,3
101185,3
101378,1
101377,4
47022,1
78855,1
46387,2
117945,3
98625,1
103699,3
104682,2
137243,1
104694,3
117095,4
78858,4
130379,3
48450,3
138794,3
48118,2
87102,4
148548,3
137474,3
137444,3
137505,3
137794,2
101847,1
101848,4
93944,4
82545,3
82767,3
82761,3
83021,3
83009,3
83261,3
83253,3
83489,3
3590,3
4346,3
83479,4
124864,4
126216,3
83697,4
56086,3
129308,3
47879,4
46792,4
91413,3
92892,3
87224,4
102188,1
102185,3
150498,3
150539,3
74059,2
74557,4
109926,3
109077,1
109134,4
102510,1
102505,3
117621,4
119973,3
120100,2
150462,3
117861,3
118143,1
124863,1
137009,3
150407,3
150360,4
149022,4
150303,3
150248,3
148452,3
137443,3
137695,3
102902,1
102901,3
75668,3
137220,2
150040,3
150076,3
3270,3
3660,2
78860,1
150077,3
150154,3
150152,3
4006,2
150170,3
95820,4
97740,3
78864,3
79410,3
116979,4
112786,3
111884,4
110714,3
77371,2
120086,3
18967,3
149645,3
149697,3
149958,4
150024,3
137936,2
137912,3
138120,3
48456,3
117741,3
118017,1
94498,4
148341,3
147090,3
136921,3
110718,3
150609,1
77194,2
109928,3
103694,3
130794,3
55941,2
124692,1
124691,4
117499,4
104698,3
123656,2
123480,3
124514,3
55914,2
109929,1
109934,3
149902,3
77370,3
79186,3
150416,3
78865,1
78868,3
116530,1
116827,3
138877,1
139030,2
150314,3
97691,3
119796,4
125800,3
152307,1
152308,1
149403,3
149499,3
80078,3
149605,3
149675,3
148161,3
148349,4
80473,3
91073,3
91914,3
74455,3
77193,4
149933,3
150008,3
80941,3
81575,4
150677,1
150678,3
86291,3
87139,4
119747,3
88338,4
97413,3
128804,1
127102,3
117365,4
120855,3
95072,4
113853,3
114941,3
117921,1
148482,3
99112,3
92514,3
123302,3
124344,3
78869,1
78876,3
28990,3
29982,3
110722,4
148771,3
130416,4
79408,3
109936,3
19409,3
80061,3
86785,3
88225,4
137847,3
137988,3
80471,3
120206,4
150094,1
150093,3
86087,1
85779,3
80935,3
150510,3
150567,3
125559,2
63237,3
64032,4
137698,1
137781,4
120252,4
98753,3
117781,1
103682,3
149567,3
149653,3
150620,4
148804,3
149046,4
149421,3
104948,3
4314,4
16259,3
18972,3
148562,3
148713,3
91425,4
59152,3
138098,3
106065,1
106296,1
106510,1
117221,3
109944,3
106706,2
107006,3
80927,3
81189,3
128263,1
81187,3
81381,3
108914,3
109152,3
107031,3
107386,3
108652,3
108919,3
81379,3
108392,3
108671,3
108078,3
108397,3
81573,3
107598,3
108087,4
78877,1
78882,1
107607,3
81789,3
107405,3
99641,3
99870,3
83482,2
83691,3
84019,3
84215,3
137871,3
138054,3
84467,3
79402,3
79627,3
84635,3
84707,3
79613,3
79859,3
79829,3
123301,2
123772,3
80056,3
80467,3
80677,3
80663,3
80925,3
67776,3
148753,3
150464,3
46802,3
100723,2
100636,4
99873,3
150044,3
113030,3
148191,3
148357,4
111880,4
148125,2
117639,1
110730,3
103668,3
104215,1
109946,3
148669,3
19795,3
101383,4
105678,1
104915,3
101852,3
18985,3
103061,3
97175,3
150628,4
150742,1
149613,3
80291,3
80447,3
80283,3
80032,3
71738,3
71006,2
71749,4
73086,3
137899,3
60588,2
60575,3
114944,1
115855,3
138012,3
62622,1
137733,4
71005,2
61582,3
148696,3
73092,3
73668,1
91939,3
127104,1
148126,3
100499,3
150172,2
3187,1
150252,2
5072,3
85780,1
138233,2
138225,2
138284,3
85967,4
87293,3
92529,3
124158,3
137955,3
137771,3
117453,1
101387,3
101634,1
90316,4
103652,3
80909,3
81786,3
110738,3
109952,3
97101,3
98637,3
150855,1
84621,4
28337,4
148574,3
4283,4
5042,3
87889,3
88803,3
149571,3
138226,2
138326,2
18890,2
148213,3
148383,3
120171,3
150512,3
109156,4
96925,3
98577,3
100463,3
55082,3
55352,3
108097,4
56298,4
59763,3
60577,3
124159,1
150858,1
3301,3
103058,3
86331,3
87571,3
101630,1
148487,3
148622,3
93154,3
68147,1
68148,1
101854,3
104897,3
59767,3
90786,3
55378,3
80144,4
138362,2
149904,4
149920,3
138690,3
83037,2
82755,3
83033,4
82557,3
82751,4
82299,3
82547,4
82035,3
82293,4
82031,4
81781,4
59082,3
4235,3
4459,3
18788,3
103645,3
104547,3
130441,4
110744,3
109958,3
77903,3
79839,3
104523,3
104865,3
2920,1
2919,3
80445,3
150470,3
80023,3
150390,3
150533,1
150387,3
150364,4
150280,3
150277,3
150142,3
150139,3
55285,3
55940,3
150046,3
88252,4
89223,4
148925,3
149094,3
130444,1
131929,3
149331,3
149529,3
86687,3
103629,3
103051,4
85870,3
110746,3
111876,4
138436,3
113004,3
96767,3
98483,4
29363,3
132662,1
103861,1
103841,3
115379,3
116035,3
148512,3
4663,3
4917,3
109966,3
108597,3
109168,3
108323,3
108607,1
108729,3
104089,1
104079,3
106373,3
108103,3
104375,1
104343,3
104827,3
105227,3
105895,3
106371,3
93600,4
105283,1
105537,3
105809,4
105562,4
91168,3
80905,3
3189,3
56532,4
71753,4
43972,3
44441,3
120217,3
87744,3
73098,3
103622,3
57821,1
57462,3
110750,3
115978,4
116539,3
103044,3
55105,3
109970,3
30040,2
29448,3
31440,1
148658,3
149008,3
120541,3
88784,3
89795,3
149241,3
149450,3
150028,3
101856,3
80906,3
81551,3
81542,3
81778,3
82014,3
82264,3
82539,3
82749,3
83015,3
83247,3
83235,3
83483,3
83471,3
83705,3
83690,3
83999,3
83976,3
84203,3
84190,3
84463,3
150522,3
150579,3
84438,3
84631,4
84710,3
43852,3
44274,4
96366,4
97381,3
77292,2
76764,3
77740,4
54397,3
148154,3
138232,3
138484,3
148277,3
59775,3
59014,3
94154,3
86933,3
44767,3
46773,3
43559,3
43918,3
103037,3
103613,4
76763,3
76926,3
41332,4
108107,3
106369,3
149387,3
110754,4
109976,3
120764,4
134796,4
98349,4
99355,3
116542,3
117179,3
88927,4
90221,4
120655,4
97134,3
97787,3
79103,3
149836,3
55913,3
138280,3
138548,3
43776,3
44136,4
43455,3
43625,3
148305,3
148538,3
107261,3
107291,3
107507,3
107528,1
107715,3
106365,4
107738,3
120657,2
108121,1
5199,3
149841,4
137751,3
100255,3
77253,3
77571,3
87469,3
97558,3
94740,3
43339,3
43538,1
44020,3
120768,2
150708,1
150646,3
100306,3
101007,3
101010,4
112998,3
137833,2
137834,2
102107,3
111870,4
102112,4
148164,3
148053,3
110020,3
110774,3
73983,3
74391,3
73551,3
73927,3
73546,3
110088,3
71515,3
71748,3
70732,2
71507,3
70731,3
109174,3
103626,3
120262,2
150476,4
43335,3
43568,3
103871,3
103894,1
104059,3
85154,4
138316,3
138596,3
104086,1
104219,3
43847,3
149226,3
104268,1
89629,3
90713,3
104451,3
104460,1
98084,3
100366,3
100058,1
104819,3
120315,2
85274,3
107093,1
117146,3
120149,3
106139,3
106368,1
106020,3
105665,3
105305,3
105365,3
105045,3
105113,3
43336,3
43452,4
104901,3
104677,3
60321,2
60893,3
109182,3
108748,4
77100,2
147655,2
147666,2
80402,4
88432,3
147999,3
148197,3
57870,3
148264,3
138346,3
138626,3
150536,3
106749,1
106750,4
106969,1
106970,4
44623,3
147672,2
148878,3
149086,4
150399,3
150468,4
98012,3
100373,3
90096,4
91129,3
150401,3
149749,3
150321,3
150370,3
150048,3
150097,3
150305,3
150323,3
148662,3
83464,3
150100,4
150175,2
150177,3
150308,1
71345,3
71504,3
148323,3
148552,4
82534,3
150263,3
70905,3
71353,3
150254,2
150266,3
70915,3
150253,3
70741,2
137934,3
115380,1
101014,4
147937,3
148106,3
53807,3
54409,3
44455,4
137623,3
137983,3
86585,3
102122,4
117114,3
116228,1
133203,1
138382,2
115998,3
97936,3
136958,2
136938,4
137051,3
91776,3
139451,3
116544,3
100349,4
44339,3
43709,3
43913,3
5053,2
86588,1
2381,4
2935,3
119398,4
120219,3
148680,3
136268,3
136743,3
2952,3
3135,3
147698,3
148007,3
81684,4
5074,2
5196,3
92114,3
148790,3
148943,3
90576,3
91701,4
43786,3
116521,3
84731,4
84918,4
119478,3
78196,2
77788,2
79004,3
97820,3
87893,3
18744,4
18865,3
100388,3
110814,3
111900,3
43974,3
149788,4
149915,3
117066,4
136869,3
72988,3
73536,3
72754,3
72976,3
138144,1
138114,3
72506,3
72743,3
150257,3
72044,3
72507,3
2416,3
3042,3
77787,2
72041,3
71739,3
103642,3
150179,3
60910,3
136932,3
137142,3
5622,2
150666,1
116562,3
43504,3
43874,4
87073,3
61692,2
138452,3
3114,3
148337,4
148564,3
79787,3
86969,3
148873,3
101018,4
85197,3
107290,2
108005,3
108014,4
108349,3
108360,4
108764,4
109190,4
91866,3
96911,3
100314,3
5696,3
44094,3
105947,3
85051,4
43472,3
106764,4
138184,1
138140,3
106974,1
102132,4
91801,4
109547,1
109548,3
88429,3
89411,3
44508,3
113262,3
96234,1
95904,3
90381,3
5613,2
72511,3
72039,3
3044,4
84863,4
43580,4
43930,3
84936,3
84789,3
90923,3
92583,3
84770,3
3073,4
115178,3
103654,3
71501,3
136900,3
138220,1
138160,3
70919,3
93276,3
81766,4
72519,3
72037,3
43953,3
44566,1
43648,3
43982,3
148716,3
53631,3
53814,4
101024,3
64886,3
66149,3
88935,3
3062,2
57461,1
149637,3
149765,3
72966,3
138732,2
138710,3
138874,3
64731,2
73528,3
138282,1
138222,3
102138,3
89409,3
43584,3
148347,3
148592,3
95230,3
72527,3
43812,3
72029,3
2832,3
43726,3
83652,4
120526,2
120128,3
121802,2
103688,4
83702,3
84953,3
112885,3
104634,3
104863,3
104907,3
117061,3
150430,1
105155,3
105165,3
62249,3
105431,3
105451,3
137305,2
137301,3
137538,4
85789,3
86277,1
137108,3
2841,3
109723,3
110130,3
109746,3
109499,3
150372,3
109483,3
5673,3
109210,3
150183,3
108753,3
108386,3
92252,3
94523,3
108040,3
106772,4
71726,3
138079,3
150082,2
150104,3
53564,3
53634,4
147806,3
150081,3
102140,4
102955,1
64058,2
89915,3
149932,3
52188,3
138520,4
138738,3
63251,3
101026,3
79419,1
79065,2
52204,3
107774,1
104434,3
104525,3
104110,3
104431,3
103870,3
104107,3
103896,3
103416,3
103686,3
103212,3
103422,3
106773,1
106790,4
94200,3
149767,4
148353,3
148618,3
149838,4
137253,3
137334,3
102109,3
102934,1
150376,3
150259,3
148292,3
94812,3
96267,1
115169,1
115170,3
54091,1
53844,4
64160,3
53636,1
92014,3
94165,3
102082,4
149724,3
149805,3
150052,3
80011,4
137254,3
137476,3
148774,3
96728,3
89041,3
107803,1
80421,4
138247,3
138552,3
138766,3
114990,3
106792,1
106800,4
18825,3
18726,2
18725,4
117039,4
112641,3
88134,3
117109,3
150368,3
77364,3
77363,1
77069,3
77704,3
119822,3
121495,3
85509,3
102949,1
149252,3
149593,3
150295,1
150293,3
91762,3
93935,3
113344,3
150124,3
150189,3
150121,3
96402,3
97282,3
150088,3
150085,3
150054,3
63263,4
18720,3
137107,1
148369,3
149642,3
149740,3
94522,3
95865,1
138590,3
138790,3
90667,3
91526,3
89709,3
107672,1
79066,3
101831,3
106801,1
106814,3
23401,1
76689,1
76690,2
138745,3
79494,3
150287,3
150492,2
77070,3
77104,3
56248,3
72027,3
62268,3
111713,3
72531,3
80184,4
149130,4
137070,3
148312,3
95570,4
97053,4
80853,3
89227,3
80081,4
109649,3
108926,3
93714,3
88133,1
137588,3
137738,3
81828,4
41269,3
114989,1
137376,3
56991,3
79563,3
80309,3
77312,1
138612,3
138804,3
72957,3
108091,3
73523,4
107788,4
40951,4
97846,3
72025,3
40896,3
72535,3
22792,3
106005,3
90425,3
91657,3
86989,3
5778,3
137418,4
74863,3
79915,3
114678,3
80458,3
95477,3
64812,3
77856,3
106030,3
137722,3
138060,3
98953,2
98516,4
100831,3
91950,3
119434,3
121125,3
72539,3
72023,3
148019,3
137470,3
96324,3
97657,4
84793,3
86138,1
138668,3
138812,3
101427,3
102407,4
89888,3
62609,1
147912,2
113069,3
114230,3
101269,1
101270,3
102719,1
150246,3
30196,1
29758,4
7507,2
115817,3
117058,3
136897,4
115818,1
115784,3
148318,3
88854,4
82406,4
90135,3
91369,3
103764,4
148118,3
149268,3
83313,3
138126,4
138397,3
149487,3
102638,3
105694,4
148039,3
5768,3
71723,3
76746,3
7008,2
105310,3
105997,3
88256,3
81741,4
73521,3
93424,3
138704,3
138828,3
74369,3
105892,4
106904,2
136822,3
87734,4
104920,1
104919,3
148364,3
137694,3
138020,3
96942,3
98241,4
150482,3
137061,3
102118,3
2815,4
96199,3
105779,3
149019,3
149234,3
99082,3
102517,1
87035,3
149310,3
148798,3
89863,3
91173,3
2330,1
2284,3
147911,3
115556,3
130933,1
130934,3
150188,3
74858,3
131349,1
131033,3
150056,3
107787,1
106775,3
149576,3
149689,3
113657,1
113511,3
119122,3
120845,3
149741,1
149713,3
138722,3
138848,3
89428,4
18558,3
148210,2
2302,4
2646,4
5745,5
138896,1
2658,3
114326,2
110889,3
112420,3
5792,3
107416,3
127197,1
127198,3
113070,1
137664,3
137997,3
2283,1
5771,2
5932,3
88282,3
97522,4
98813,4
148893,3
149089,3
148028,3
149336,3
147970,3
148112,3
117046,3
95276,3
96889,3
149948,3
115564,3
89592,4
90929,3
99766,3
51061,4
17576,3
150091,3
150290,3
106618,3
25063,1
25648,1
138742,3
138521,2
127497,3
127295,3
127781,1
128663,2
114615,3
137652,3
137966,3
113514,1
104878,3
105842,3
82075,3
82190,1
82482,3
83851,3
87736,1
88088,3
105483,3
149378,2
149602,3
2282,3
54440,3
76590,3
76503,2
76702,3
76898,3
148820,3
149002,3
148022,2
53852,1
71724,1
108352,3
100334,4
74633,3
111631,3
112732,1
98072,3
99567,4
131850,1
131167,2
18784,3
148686,3
76504,3
56904,3
5503,3
5883,3
88924,3
103751,1
103264,3
74659,3
92972,3
145718,2
145717,2
146360,4
96139,4
97423,4
137646,3
137945,3
116786,3
120455,4
7350,3
2267,1
2268,1
89143,3
90632,4
87448,4
113199,1
112979,3
130451,3
138724,2
146165,4
74803,3
77146,3
74498,3
74773,2
62245,3
149322,3
103198,3
129702,3
74600,4
148868,3
62252,3
79882,3
80836,3
104999,4
106597,3
148582,3
148831,3
147200,2
77278,3
137626,3
137922,3
98688,3
100109,3
104163,1
103748,3
7506,3
78534,3
79987,3
94762,3
57136,4
100809,3
96827,4
98037,3
149714,1
6683,3
115578,3
92368,3
93916,3
109872,4
148496,3
148735,3
88719,3
90249,3
106759,1
147844,3
66724,4
137596,3
137901,3
102325,3
7007,3
66628,3
66634,3
112980,1
113890,3
88204,4
103464,3
62240,3
62745,2
83801,3
87037,3
137854,3
138179,3
99322,4
84405,3
104591,1
104156,3
104356,3
149557,3
149618,2
99832,3
101223,3
148396,3
148639,3
104669,3
106191,3
149990,3
77148,1
95545,4
77326,3
78731,4
102359,3
97343,4
98671,3
137582,3
137891,3
79169,3
80135,3
91114,3
132570,3
149992,4
150110,3
50616,3
51009,4
94282,3
149247,3
87053,3
132608,2
132607,3
132836,3
149443,3
149577,3
137438,3
51089,3
113611,3
100228,4
101581,3
103798,3
106299,3
50643,3
51035,3
88309,4
89875,3
138149,3
138349,3
2281,2
102545,3
104066,3
136649,4
148533,3
2289,4
39496,1
137572,3
137880,3
112601,1
79269,3
91796,3
93415,4
116343,1
148300,3
76458,3
30575,1
30102,4
115592,3
85794,2
136269,3
85793,3
2043,3
2641,3
104443,3
105851,3
96279,4
114769,3
97971,3
99185,3
90704,3
66868,3
67142,3
50234,3
100726,3
101977,3
80371,3
102941,3
76553,3
78923,2
132940,3
135383,3
136276,4
94992,3
50261,4
137542,3
137867,3
137440,1
138135,3
138448,3
149377,3
149484,3
86930,3
94866,3
109256,3
110066,3
62744,3
132941,1
133030,3
149696,3
148158,3
148398,3
76457,2
87728,3
103592,3
81548,3
86284,3
101078,3
110622,3
112118,3
87885,3
89507,4
119489,3
120552,3
104197,3
105591,3
79449,3
100165,4
39489,3
132609,3
76479,2
96933,4
149721,3
149823,4
149730,1
149545,1
149546,3
149425,4
137526,3
137850,3
76659,3
39490,1
40397,1
133031,1
132825,3
138123,3
138419,3
48692,3
149962,3
95800,3
107429,3
92000,3
149963,4
92830,3
94299,3
148034,3
148326,3
102055,3
148886,3
49297,3
50283,3
95116,3
149083,3
149106,3
90232,3
91496,4
103983,3
105223,3
108474,3
109441,3
92652,3
128419,3
137525,2
137839,3
94261,3
95718,3
138111,3
138400,3
110221,3
111224,3
78597,3
149706,3
97541,3
132685,3
87521,3
89099,3
67086,3
67384,3
147952,3
148219,3
108971,3
149011,3
87058,4
85803,3
96420,3
99786,3
101417,3
18512,3
28072,3
138095,3
138377,3
101496,4
94709,3
84993,3
103734,4
104973,3
137835,3
96150,3
76767,3
78600,1
138491,3
138544,2
17499,1
17324,3
149350,1
149349,3
18689,3
113612,1
2653,3
149040,3
40895,2
92092,3
107867,3
108887,3
112023,3
112928,3
147864,3
148092,3
90053,3
40241,3
42131,3
94092,3
93790,3
111740,3
112756,3
149725,3
110834,3
138067,3
138357,3
95121,3
91109,3
67367,3
4858,3
5617,3
97074,3
83499,3
87128,4
88705,3
103193,3
109923,3
106943,3
149312,1
149311,3
99342,3
101660,3
125853,1
125854,3
148936,3
149996,4
84364,3
85417,3
108309,3
149687,2
102842,4
103820,3
149852,4
149967,3
96520,3
138263,3
109679,3
147979,3
131630,3
131084,3
131925,1
132534,2
85853,1
85202,3
138057,3
138340,3
95955,3
115092,4
103371,3
104240,3
147968,3
6971,3
28259,4
113702,2
89814,3
132722,3
17914,2
18245,3
52237,3
55630,4
82502,4
29172,3
102688,4
110567,3
111892,3
131478,3
133886,1
149688,3
138015,3
138319,3
132322,3
126259,1
102033,3
91589,3
85862,3
98972,3
101319,3
111525,3
112510,3
17361,1
17293,3
78620,1
78617,3
97518,3
95178,3
89498,3
90344,3
86847,3
88242,4
149453,4
111159,3
104672,3
103815,3
104372,3
113259,1
112818,3
67026,3
12209,3
104094,3
109253,3
138001,3
138304,3
132321,1
106487,3
107807,4
108343,3
131388,4
113286,3
48729,3
49313,3
149644,2
149570,3
149657,3
6973,1
9081,3
95701,3
96962,4
98534,3
103372,1
67343,3
110384,3
110772,3
149146,2
149110,2
149006,3
149112,3
102555,4
41439,3
45149,3
118106,3
29759,1
100514,3
137969,3
138275,3
106068,3
128019,3
129385,3
149798,1
149762,3
90035,4
90794,3
86611,3
87916,3
88858,3
103916,3
105775,3
67746,4
65243,1
65244,3
112612,3
132966,1
132854,3
91314,3
57869,1
149718,2
112181,3
51039,3
82413,3
50297,3
109853,3
111829,3
149735,3
51165,1
135035,3
135401,2
137941,3
138254,3
57056,1
127326,3
103344,3
52252,1
114162,1
114034,3
115854,1
114994,3
82848,3
149581,3
148849,3
78605,1
136154,4
135588,3
149145,3
81910,4
103738,3
105558,3
132504,3
133066,3
149717,3
90463,4
91182,3
86295,3
87663,3
109323,3
81749,4
107340,3
81134,3
113170,3
108743,3
9492,3
89310,3
108962,3
83112,4
102757,4
101758,4
81567,3
82967,3
127417,3
128551,3
83631,3
78970,3
17232,3
17283,2
94824,3
137919,3
138227,3
113740,3
111120,3
96356,3
97916,3
78625,3
111504,3
102297,3
103185,3
150336,4
150114,3
131083,1
148859,3
30104,1
30258,1
132849,4
133630,2
55629,1
103418,3
105269,3
128965,3
129821,3
47100,3
115174,4
116463,3
137829,3
135193,3
135700,3
81736,1
81735,3
78959,3
90909,3
86125,3
87404,3
17231,3
137920,2
138206,3
149756,3
84588,3
85232,3
84612,3
64811,3
65096,3
112807,3
149308,3
149479,3
81225,1
81226,3
80873,1
80874,3
89842,3
112541,3
131387,1
110631,3
109345,3
47205,3
101000,3
128289,3
132240,3
115438,3
80451,1
80452,3
110503,3
102748,4
103587,3
100175,3
63281,3
149710,3
64072,3
81358,3
104168,3
129358,3
130177,3
114854,3
61432,3
61406,3
61570,4
59432,3
61437,3
135557,3
135730,1
59431,1
81118,3
148984,3
149116,3
107662,3
108586,3
109665,3
119152,2
108196,3
148872,3
148985,4
138161,3
85948,4
87109,3
74595,3
112136,3
74140,3
18535,3
128654,3
111764,3
132481,4
133365,4
148559,3
957,1
937,3
96466,3
17304,3
16260,1
90338,3
97356,3
127977,3
137830,1
131013,3
70570,2
70569,2
71002,3
101882,4
149829,4
96101,3
97098,3
149329,3
56727,1
56728,3
103160,4
104095,4
70749,3
71586,3
89596,3
129729,3
130539,3
16439,3
147754,2
147753,4
147786,4
99851,3
101414,3
81995,3
149616,3
149667,4
67346,1
108970,3
110073,3
938,1
107325,3
110253,3
71389,3
72112,3
132239,3
127181,3
148609,3
111427,3
112675,3
89060,3
81610,4
138155,3
71989,3
72654,2
149892,3
111387,3
85064,4
86466,3
17269,3
129132,3
136650,1
136647,3
136837,1
4857,1
4123,4
931,1
932,3
149554,2
913,1
901,3
148438,3
72515,3
66874,3
149491,4
149771,3
149861,3
126895,3
128079,3
130059,4
130829,3
109350,3
102313,3
65645,2
65483,3
65654,3
149591,3
104984,4
149207,3
133039,4
17560,3
96795,4
17639,3
83830,1
133621,1
909,1
885,3
83316,4
99615,3
101116,3
128427,3
112462,3
114364,3
108260,3
103710,3
104583,3
149553,3
95161,3
125694,1
125693,2
904,1
879,4
110046,3
107842,4
1078,1
1077,3
81240,3
16441,2
17224,3
128936,3
97666,3
100893,3
55660,3
18313,3
20397,1
16763,4
130447,3
17506,3
897,1
877,3
80542,3
106929,3
65361,3
65504,3
129825,3
128046,3
128793,3
102731,3
126371,3
127341,3
86852,3
108906,3
86172,3
1079,1
90450,3
109510,3
110943,4
149397,3
97219,4
98202,3
112005,2
135566,3
60146,3
61549,3
127790,1
127693,3
99161,3
100843,3
131213,3
148854,3
148993,4
149120,2
111495,3
40242,2
88564,3
89985,4
65465,3
126331,3
1093,1
91186,3
82255,1
149608,3
96010,3
127446,3
127937,3
874,1
873,3
104234,3
104913,3
111652,3
65730,3
148766,3
148855,3
108402,4
872,1
867,3
132761,4
81794,1
133283,3
128640,3
17217,3
129161,3
22791,1
24608,1
126941,4
134842,4
65322,3
81178,3
864,1
863,3
130893,3
131491,3
80734,3
81230,1
149494,1
149517,3
105794,3
28958,3
29642,1
137238,1
136754,3
17280,3
17166,3
107440,4
865,1
78935,3
79404,3
127778,3
88074,3
6450,1
6352,3
85014,3
80770,1
103213,3
45550,3
47101,2
79778,3
97775,3
98820,4
105075,3
79586,2
128411,3
128813,3
100532,3
106304,3
149671,3
149786,3
85984,3
87740,3
148271,3
148490,3
1112,1
1111,3
860,3
47206,2
45663,3
109460,3
125917,3
96564,3
65546,3
1103,1
1104,3
115020,3
104674,4
105715,4
1109,1
16795,4
18120,3
131143,4
131933,3
127574,3
828,3
44164,2
109036,4
859,1
114446,3
115131,4
110042,3
150479,3
1116,3
51043,1
846,3
103868,3
127535,2
127275,4
110436,3
856,4
917,3
84968,3
49331,3
128122,3
107976,4
89425,3
128330,3
150340,3
150488,4
44225,2
132429,3
90801,3
85009,4
85664,4
90977,3
92496,3
114045,3
117133,4
126434,3
98450,3
100148,4
83368,4
85589,3
953,2
106818,3
128751,3
87463,3
147990,3
97104,3
131441,3
132159,2
94641,3
148765,2
148767,3
850,3
1685,1
1686,1
125613,3
105262,3
107009,3
109556,3
102400,3
852,4
117214,3
127053,3
127875,3
149537,4
132269,3
127980,3
100258,4
104367,4
105220,3
148133,3
148333,3
148604,3
149969,4
150000,3
150112,3
91147,3
94103,3
95930,3
60025,1
60026,3
148672,3
108578,4
134797,2
43799,3
5620,1
5898,3
130678,3
131399,3
131994,3
134844,2
135186,4
129075,3
103354,3
150274,4
107364,3
67438,1
67394,3
126580,3
149541,3
133575,1
125305,3
126310,3
90533,3
91391,3
150284,3
87122,4
134240,2
111240,3
132689,2
845,1
126427,3
126973,3
97910,3
99725,3
65564,3
137953,1
137954,2
86267,3
89843,3
15622,3
83164,4
129327,3
148005,3
148255,3
127528,3
90323,3
127772,3
136639,4
134247,2
137204,1
1665,1
1666,1
82991,3
131200,3
841,3
85019,4
129575,3
126995,2
131913,3
113332,3
149417,3
126722,3
106614,3
104896,3
84848,4
15373,3
17043,3
90819,3
91749,3
132923,3
109206,3
84627,3
944,3
57073,4
127893,3
146910,4
103850,4
104855,3
65775,1
65354,3
65580,3
78410,2
77622,3
77625,3
132335,3
76962,3
124771,3
125979,3
148997,4
96910,3
76961,1
77005,3
89221,3
107926,3
92109,3
93490,3
65667,3
99871,3
101277,3
126908,3
148120,3
130041,3
133741,4
93564,3
95194,4
132641,3
133205,3
127372,3
91127,3
131568,3
148090,2
149243,3
126377,3
127315,3
1834,1
1646,2
130932,3
135906,4
136254,3
136317,3
65755,3
96594,3
146849,4
149057,3
97475,4
99152,3
133803,3
107591,4
70899,3
1633,1
1634,1
70777,3
102872,3
132135,3
110935,3
106247,3
842,1
45688,3
65390,3
127799,3
86269,1
87061,3
130437,3
104540,3
136307,3
136421,3
90411,3
107628,3
91881,3
57910,3
89828,4
108494,3
126899,3
1190,1
1165,3
126085,3
132984,3
831,3
129774,3
130401,3
57679,3
129039,3
125848,3
17867,3
131426,3
101941,4
53625,4
99525,3
100918,4
72318,4
132420,3
148732,3
81172,2
79856,3
81251,4
924,3
82176,1
81800,3
96076,3
74596,3
74840,3
74842,2
75548,3
75557,3
76040,2
124531,3
125545,3
76030,2
59508,1
59507,3
127273,3
131284,3
131889,3
149972,1
149973,3
150004,4
8619,3
9999,3
91385,3
92964,4
8620,1
8630,3
126597,3
73344,1
73226,3
82205,2
103332,4
104352,3
130017,3
107243,3
108991,4
65279,3
128165,3
97024,3
98699,4
149818,2
149800,3
149820,3
149801,3
149746,2
149745,2
73756,2
73755,3
73813,3
130691,3
94438,3
17393,3
105878,3
128607,4
125616,3
126379,3
88883,3
90877,3
94624,3
1537,1
1538,3
136401,3
136491,3
109884,4
112872,3
65599,1
65303,4
77041,3
90396,4
791,1
792,3
132732,4
133478,3
80268,3
81729,3
16953,3
65163,3
87356,3
782,1
774,3
128255,3
129490,3
124179,3
125265,3
824,3
79542,3
79932,3
130486,3
131077,3
126975,3
113941,3
114118,3
98973,4
100505,4
87281,4
127821,3
136561,3
126203,3
98790,3
132049,2
102441,3
126453,4
127215,3
91339,3
80158,1
114015,4
114570,3
132001,3
88420,3
65205,3
884,3
125476,3
78928,3
103830,3
148722,4
112228,4
87284,1
89093,3
1490,4
1574,2
80368,3
136452,2
130111,1
101528,3
60482,3
63622,3
63973,3
112290,3
114479,3
1477,1
1443,3
89406,4
131837,3
132445,3
109084,3
126719,3
135704,1
80996,2
80746,3
81613,3
106835,3
108519,3
47485,3
95274,3
125690,3
132471,3
133226,3
96576,3
98355,3
80536,1
128105,3
129203,4
64114,2
127447,3
90862,4
64709,2
129913,3
81316,3
816,5
82894,1
82893,3
91877,3
130485,1
130896,3
92325,3
93892,3
136330,3
136728,1
121254,4
126262,3
64710,4
126076,3
28395,4
29972,1
65425,3
127073,3
125295,3
125972,3
80808,3
116619,3
118397,3
1530,3
124952,3
102973,3
123841,3
124799,4
126290,3
98833,3
100035,3
114716,3
114806,3
115440,4
858,1
129997,1
131469,3
132257,3
136242,3
125549,4
90002,4
102649,3
83121,3
65215,3
768,1
767,1
101217,3
132717,3
129699,3
128673,3
129541,3
102386,4
98439,3
114816,2
91302,3
773,1
797,3
109789,3
1240,1
1239,3
130397,1
130398,3
126281,3
130716,3
106486,3
108149,3
88960,3
114541,3
129999,4
130702,3
114773,3
106196,3
133015,3
96134,4
97782,3
77306,3
78920,3
126077,3
126911,3
77264,3
77043,1
59579,3
123367,3
124569,3
132418,3
115425,3
116594,3
1134,4
103409,3
131197,3
131899,3
70375,1
70305,3
129037,3
114719,3
890,3
926,1
1420,3
116565,3
132180,3
114352,4
16954,1
16956,1
131099,3
93385,3
114410,3
65217,1
65259,3
124636,3
125361,3
65670,3
65827,3
105681,3
125861,4
126620,3
58923,3
59757,1
70699,3
71712,4
130606,3
90508,4
131951,3
132380,2
61818,3
1125,3
61565,3
84367,3
100767,3
102085,4
89586,3
150072,3
150064,4
131455,4
1492,1
1273,1
1274,3
132728,3
150010,4
149975,4
800,1
825,2
100509,3
65526,3
65685,3
112098,4
58924,1
125051,4
130454,3
130963,3
132115,3
4792,3
4522,3
4798,3
4864,2
4868,3
106796,3
82396,3
132303,3
134693,3
97514,3
98869,3
125456,4
126105,3
129545,3
130375,3
67330,3
111981,4
103102,3
124454,3
95744,3
97322,4
139439,3
1534,3
1536,1
126411,3
118345,1
118286,3
131291,3
82601,3
125652,3
90996,3
3817,2
3886,3
4318,3
122911,3
123755,3
124127,3
124680,3
117176,3
99883,3
64712,1
65616,3
131293,3
106330,4
107688,4
132041,3
88193,3
91227,3
129381,3
124896,4
90090,3
130292,3
97412,3
99343,3
150061,3
131885,3
132518,3
81961,3
117428,3
117427,3
117600,3
118094,3
148232,3
118188,3
116557,3
125990,3
92841,3
100995,3
124341,3
115549,3
117051,3
131797,3
65687,1
65741,3
105129,3
129897,3
130526,3
61783,4
95232,3
97011,3
118037,3
119177,3
101641,3
102851,3
125170,4
128819,3
4320,1
83544,1
83234,3
123413,3
65261,1
65289,3
88194,1
100000,3
101345,3
124549,3
136026,3
136194,3
60469,3
131405,3
83524,3
44226,2
97882,3
130193,3
130391,3
65451,2
8632,1
8638,3
7624,1
7623,4
119491,3
129571,3
132327,3
148124,2
148123,2
148160,3
129067,3
129779,3
124215,3
122697,3
148194,4
90610,3
148141,3
124939,3
125765,3
4674,3
1381,1
1382,3
82887,3
123867,3
771,1
772,3
5897,1
5900,1
1372,3
100460,3
65291,1
129444,3
94894,3
96787,3
117971,3
73852,3
74210,4
76676,3
59055,3
136392,3
770,1
769,3
131363,3
76774,4
65551,1
105872,3
107266,3
99592,3
129935,3
3086,3
2858,3
3088,1
3808,3
78911,3
108311,3
129811,3
92683,3
94221,3
124783,3
125562,3
4349,4
2857,1
96945,3
101817,3
2860,1
117000,3
72826,1
72780,4
3735,3
81362,3
108779,1
108407,3
123518,3
1422,1
132060,3
122467,3
123284,3
70267,3
71136,3
149783,3
149792,3
149811,3
104803,3
149813,3
149833,3
149848,2
149869,3
124649,3
100850,3
102155,3
1277,1
131229,3
891,1
128655,3
102463,4
116904,3
117549,3
92003,4
92551,3
123387,3
123789,3
124384,3
40248,2
73472,4
82285,3
80958,3
94596,3
96373,3
40043,2
129655,3
130294,3
130729,3
130607,3
131107,3
124999,3
129353,3
123815,2
116852,3
117485,4
1371,1
123610,3
91720,4
92259,3
94469,3
128523,3
129135,3
58453,3
59735,3
109275,1
108891,3
131191,3
130455,3
83795,1
125335,3
148180,4
65845,1
101274,3
1319,1
1301,3
98480,3
148102,3
148165,4
116796,3
117433,4
107522,3
87402,3
1366,3
129775,3
122295,3
123061,4
131876,3
124587,4
108853,3
80431,3
43801,2
128387,3
129123,3
129581,3
130159,3
123720,3
130769,3
65743,1
124223,3
96105,3
116736,3
117314,4
104391,3
105448,3
106740,3
130951,3
82890,1
123369,4
124183,3
70268,1
94184,3
127150,1
126461,3
125623,3
129347,3
79635,3
80567,3
106933,3
67773,3
101910,3
102993,3
4825,3
96273,3
116678,3
117243,4
3641,3
129503,3
130423,3
127921,3
128577,3
129844,3
39630,3
3644,1
83667,3
84945,3
79621,3
107660,3
122131,3
122749,3
136186,3
78907,3
131545,3
110289,3
40044,2
1302,2
5410,1
4801,3
121054,3
125011,3
126051,3
130010,4
127071,1
127072,1
116598,3
117172,4
148175,4
123751,3
81772,2
81070,3
82041,3
129143,3
117909,3
129427,3
128119,3
128747,3
131085,3
111109,3
112169,4
128985,3
794,4
820,3
83045,3
84049,1
93955,3
94735,3
100472,3
86606,2
85404,3
131449,4
100052,3
112724,3
149476,3
136178,3
117887,3
116536,3
117075,4
78235,1
78236,2
79967,3
80589,3
89766,3
91643,3
129609,3
109887,3
112221,3
128446,3
78245,3
130721,3
121117,3
148099,3
148205,3
107148,3
104953,4
106430,3
81323,3
125503,4
109964,3
112637,3
1121,3
1130,3
102415,4
103387,3
83358,1
124881,3
61040,3
121857,3
122394,3
122950,3
123689,3
116440,3
116991,4
139425,3
139457,3
117792,3
129033,3
127006,1
127005,1
139485,3
147798,3
1344,3
128834,3
3861,3
107150,1
775,4
787,4
80241,3
103917,4
79622,3
134175,3
134886,3
71711,1
101174,3
19975,3
20856,1
122657,3
80831,3
85149,4
137133,3
137134,1
136934,3
137431,1
95705,3
93710,3
85006,3
117735,3
56471,3
60749,3
116318,3
116900,4
82431,3
127791,3
110507,1
9788,2
12013,3
122498,3
122869,2
86477,3
97964,3
112926,3
125110,3
128734,3
129483,3
126645,3
94285,4
123507,3
71490,3
59567,3
114908,3
116081,4
97307,2
131103,3
117662,3
77119,3
78253,3
116268,3
116839,4
100763,3
77120,1
77276,2
3573,3
122159,4
72254,3
102891,4
95775,3
128605,3
129435,3
112938,2
128351,3
126081,4
127093,3
8820,3
65617,1
66006,3
99644,3
130980,4
1114,3
1120,3
122862,3
101690,4
127547,3
128149,3
122680,3
72710,3
149386,3
89582,3
112899,3
117615,3
2044,1
112681,3
116200,3
116788,4
123346,3
128785,3
811,3
1100,3
61836,3
123787,3
73317,2
73670,3
134522,3
135214,3
121665,3
110605,3
53375,3
61795,4
104481,3
105973,3
4350,1
73318,3
98481,1
117567,3
73930,3
62354,4
73464,2
74118,1
127381,3
128175,3
112839,3
114341,4
82505,3
116122,3
116721,4
112430,3
122625,3
126509,3
60625,3
62311,4
128631,3
129319,3
114401,3
112646,3
17847,3
94366,4
73096,1
73052,3
101236,3
102249,3
107748,1
65855,2
66032,3
3574,1
3580,3
65799,3
128317,3
1345,1
4277,3
85677,3
136340,1
136298,3
117496,3
114867,3
122379,4
123117,3
103305,4
104407,3
116656,4
123263,3
1106,3
85908,3
80409,1
100316,3
3769,2
109588,3
128533,3
17848,1
16982,3
128836,3
127543,3
81369,3
121931,3
82795,3
117445,3
116591,3
123611,3
130900,3
95363,3
98510,3
1095,3
136434,1
136300,3
129096,4
124891,3
760,4
41391,2
128417,3
79048,3
127107,3
127993,4
130610,1
130609,1
98958,3
128185,3
49233,3
125490,3
126305,3
79692,2
121503,3
3746,3
117326,3
41340,2
139415,3
122205,3
122805,3
147759,3
102643,3
128601,3
129552,3
126149,3
103835,4
117253,3
146914,4
123404,3
94833,3
96448,1
8767,3
130668,3
130469,3
130471,3
130867,4
110174,3
104831,3
6121,1
6122,3
105399,4
100960,3
101938,3
6124,1
126615,3
6796,3
7616,3
3684,3
127745,3
6798,3
124221,3
124525,3
133136,4
121998,3
124169,3
117200,3
59310,3
126041,3
126445,3
121846,3
4280,1
130046,1
130045,1
130496,3
130921,4
132384,2
67064,3
121925,3
122165,3
129069,3
129904,3
130470,1
134982,3
135414,3
125915,3
126345,3
122663,3
122544,3
130075,3
132281,2
109587,1
103129,4
3834,3
122925,3
123830,3
82030,2
81400,3
82199,3
149748,2
149747,2
104257,4
136177,3
122179,2
122060,3
128545,3
125819,3
126255,3
80884,1
80883,3
84415,3
85241,3
100468,3
136263,3
127457,3
77786,1
77785,3
81399,1
81529,3
125198,3
125645,3
125667,3
126177,3
100237,3
77389,1
77390,3
129491,3
130410,3
113270,3
66966,3
67308,3
128927,3
71736,2
82811,3
84488,3
126783,3
126390,3
126542,3
126991,3
94588,3
98109,3
101207,4
102480,3
121203,3
121678,3
126242,3
122116,3
125466,3
124969,3
125849,3
3914,1
72996,2
79685,3
81001,3
122401,3
126692,3
127163,3
102802,3
103705,3
123459,3
135207,3
135742,3
127403,3
121822,3
122375,3
122035,3
126049,3
125578,3
125993,3
128844,3
126502,3
104711,3
105819,3
126936,3
127333,3
89284,3
89658,3
127401,3
60030,4
67211,3
126373,3
84037,3
84570,3
12045,1
67536,3
125714,3
89391,4
126151,3
129359,3
82921,3
139490,3
139422,3
142004,3
92488,3
94493,3
127152,3
82957,3
84185,3
72353,1
72283,3
129971,4
125890,3
126297,3
122757,3
136538,3
136960,3
3685,1
126698,3
79076,3
79776,3
139445,2
139469,3
122072,4
94307,3
128962,3
125483,3
78555,3
126267,3
101899,3
86485,3
67445,4
126181,3
126593,3
104941,3
106209,3
81333,3
86523,3
90747,2
82636,3
79190,3
78664,2
104087,3
81375,3
83101,3
92983,3
95724,1
12534,3
82260,3
82857,3
127033,3
127020,3
126060,4
126523,3
99931,3
123235,3
81283,3
82366,3
103018,3
122366,3
123181,3
67667,4
77907,3
125062,3
125871,3
150014,4
149979,4
149894,3
126391,3
4696,1
4695,3
126435,3
105315,3
106523,3
3958,2
108683,4
84724,3
80550,2
80676,2
150018,2
149983,4
129706,3
135136,3
133135,2
149896,4
81459,3
3716,3
100729,3
4387,3
135606,3
104527,4
102428,3
103606,3
97786,3
83989,3
81740,3
82458,3
122674,3
126015,3
133056,2
126239,3
128636,3
123545,3
84058,3
79986,1
99932,2
78134,3
139416,4
105707,3
106917,3
127757,3
135894,3
127212,3
125675,3
124762,3
67680,4
4103,3
4462,3
86043,4
81780,3
123251,4
77919,2
78168,1
81587,3
83179,4
127266,3
127819,3
77391,1
136322,3
136458,3
128581,3
129420,3
123092,3
124175,3
128035,3
84150,3
82520,4
15457,3
15412,3
104176,3
128311,3
106087,3
107299,3
86335,3
135085,3
79566,3
125905,3
101371,3
136023,3
102982,4
136234,3
125277,3
81824,3
4562,3
83265,3
109791,3
127601,3
101061,3
133055,4
112310,3
90438,2
108875,4
112303,3
86482,3
52637,3
53394,2
52638,1
52631,3
100069,3
124527,4
149775,3
149868,4
149738,3
106703,3
82598,3
57197,3
73934,3
83787,3
74055,4
74742,3
134632,4
123570,3
71876,3
23589,1
23590,4
128393,3
84240,3
27630,3
80956,1
97450,3
99660,3
135428,3
127028,3
132675,3
133215,3
128141,3
129057,3
74503,3
75352,3
100675,3
15458,1
102011,3
75077,3
76844,4
103730,3
135521,3
133122,3
133423,3
81351,3
123322,3
28261,2
125681,3
124000,3
124869,3
28340,2
112690,3
135814,3
135976,1
4467,3
126169,3
84816,1
84815,3
127830,3
101765,3
60058,4
61526,3
27512,4
30689,3
126605,3
127521,3
127587,3
128087,3
133034,3
133351,3
128715,3
133931,3
112577,3
125998,3
126489,3
143392,3
87638,1
135991,4
136077,3
125447,4
133033,3
133247,3
127928,3
124382,3
121909,3
124727,3
101283,3
81354,1
96204,3
99064,1
92595,3
93518,3
1092,3
102513,3
103536,3
125894,3
126326,4
86875,3
106481,3
107122,3
133111,3
133185,3
113205,3
127267,3
86698,4
125738,3
126227,4
132463,3
132879,3
128014,3
82149,1
82150,4
136961,1
136197,3
136314,3
90620,3
133590,3
133280,3
133388,3
133684,3
100358,3
127561,3
128503,3
126624,3
125287,3
125649,3
93288,4
94106,3
133168,3
105800,3
107370,3
91239,3
126094,4
133534,3
133750,3
132663,3
132961,3
104290,3
81499,1
81500,3
133856,3
134571,4
108082,3
135319,3
126527,3
124959,3
125533,3
133021,3
126019,3
133362,3
133620,3
132751,3
133003,3
126816,3
136059,3
136099,3
136326,3
105446,3
89000,1
88999,3
132397,3
100942,3
133245,3
80790,1
80789,3
107979,3
111419,3
132893,3
126362,3
103149,3
106128,3
107656,3
126546,3
127000,3
93800,3
136323,3
133103,3
133730,3
127329,3
125279,3
125657,3
126388,3
128069,3
127202,3
133209,3
124812,4
4464,3
99250,3
52263,3
52634,1
125881,3
126690,3
133399,3
52264,1
52270,1
132083,3
132703,3
92061,3
136349,3
125463,3
125833,3
111871,3
126221,3
133189,3
83384,2
83669,4
125575,3
133107,3
106428,3
127041,3
125975,3
136097,3
136463,3
135056,3
135683,3
133708,3
126145,4
126569,2
125697,2
136165,3
103743,4
104836,3
136440,3
137066,4
136501,3
133023,3
133337,3
133608,3
134123,3
126988,3
135864,3
70978,3
71284,3
71169,3
132977,4
99840,3
125999,3
126449,3
125618,3
82308,3
85438,2
85578,3
127804,3
133241,3
93802,1
127011,4
106720,3
59346,3
60486,3
126653,3
135969,1
135957,3
53039,3
133392,3
133733,3
125887,3
126351,3
81516,3
131891,3
103046,3
133074,3
133151,3
15348,3
94448,3
133573,3
133815,3
102830,3
78383,3
79680,3
126231,3
137157,1
81628,3
135793,3
135930,3
134305,4
135251,3
84356,3
99249,1
135977,3
133671,3
133891,3
104389,3
126252,3
127430,3
133321,3
133739,3
133835,3
49236,1
49465,2
134015,3
134243,3
83259,1
126014,3
139396,3
73556,3
78400,3
147152,3
131527,3
132019,4
24313,1
73614,4
147147,3
136136,3
106407,3
109249,3
84410,3
85956,2
80396,4
133973,3
134189,3
102486,3
103384,4
82310,1
23592,1
23594,1
77246,3
78560,3
137140,1
135426,3
133775,3
4856,3
5216,3
5396,3
99517,1
99518,3
77026,4
104247,3
133703,3
5928,3
133927,3
134151,3
6392,3
81732,3
83959,3
7614,2
135919,3
105522,3
134259,3
134739,3
81629,1
133369,3
133263,3
133625,3
5930,1
133915,3
6130,3
104925,3
131367,3
127078,4
141982,4
143724,3
134107,3
133657,3
139428,3
84526,3
132986,3
133881,3
91723,3
93088,4
133201,3
133545,3
135887,3
15347,2
15190,3
134173,3
134333,3
133754,3
78194,1
90752,4
77245,3
133822,3
106040,3
135874,3
101592,3
102895,3
133101,3
133417,3
133756,3
71190,3
72286,1
131247,3
131903,3
134237,3
134495,3
121819,3
122456,3
81948,3
132915,3
103099,3
104014,4
98574,1
98573,3
133842,3
134291,3
134551,3
133924,3
15131,3
15384,2
132251,3
105475,3
120705,3
122363,3
675,1
671,3
133355,3
134056,3
132313,3
132629,3
134345,3
134525,3
136442,1
81211,1
81212,3
131121,3
133792,3
133976,3
49827,2
93293,1
92627,3
674,1
669,3
134700,3
134833,3
60080,1
60079,4
102544,3
133870,3
132254,3
135925,3
107469,3
110635,3
127131,3
125844,3
90478,3
149986,1
149939,3
132431,3
84164,3
84580,3
133567,3
133946,3
88520,3
90593,4
106520,3
134656,3
134799,3
98955,3
93646,3
124213,3
131038,2
131324,3
136135,4
82072,3
134915,3
89001,1
103715,3
104646,3
134429,3
92022,3
135839,3
106009,3
134315,3
59822,3
134602,3
134763,3
88536,4
91101,3
133390,3
133875,3
134583,3
134155,3
134111,3
134271,3
134728,3
135127,3
122696,3
102398,3
103397,3
135882,3
135950,3
132310,3
135407,3
78584,2
131037,3
131201,3
134723,3
134289,3
106251,3
71248,1
134550,3
122714,2
97252,3
139194,3
134017,3
134227,3
134394,3
96297,1
95855,3
77247,1
136158,3
122699,3
133256,3
133781,3
134516,3
113429,3
122407,3
93267,4
94218,3
92557,3
135918,3
135984,3
135734,4
133967,3
134206,3
78586,1
134396,3
122555,3
125757,3
133887,3
81952,3
60363,3
60950,3
103649,3
86607,4
102182,3
103201,3
134530,3
90788,3
91375,3
99327,3
134588,3
122236,3
52655,3
70977,1
87117,3
88680,4
104345,4
84720,4
66965,1
133142,3
135368,3
135619,3
122414,3
133997,3
105196,3
134494,3
134674,3
134147,4
5218,1
134000,3
135238,3
135237,3
135326,3
132268,3
81388,2
135108,3
134544,3
135985,1
136046,3
132196,3
132649,3
60528,3
101254,3
102016,3
98742,3
100101,3
93777,4
86166,3
149913,3
149942,3
131552,3
131371,3
132024,3
149889,3
135274,3
135295,4
149875,4
86724,4
149737,1
90572,4
91753,3
132909,3
133341,3
134253,3
86637,4
102975,3
134640,3
103233,3
86921,3
95148,4
96360,3
136104,4
136124,3
131307,3
132086,3
135010,3
135155,3
110413,3
92650,3
105838,3
86880,3
89214,3
90093,2
90155,3
86173,3
86797,3
135445,3
135336,3
135392,3
135487,3
131051,4
133047,3
133221,3
104809,4
134114,4
134373,3
88437,4
135966,3
102274,3
135420,3
135466,3
131521,3
132305,1
132651,1
135150,3
135169,3
84782,3
86519,3
91528,3
93079,3
135988,3
135518,3
135725,4
88072,3
89140,3
103980,4
82172,3
86659,3
104045,3
135217,3
131897,3
135364,3
135203,3
67332,3
130761,3
129953,3
130763,1
13692,3
14934,3
134555,4
1050,3
95926,3
100924,3
101953,3
131243,3
131859,3
135321,3
134222,3
123504,3
99610,4
100837,3
88071,2
88820,3
135149,3
102856,3
60606,3
61250,3
29830,3
32319,3
135277,3
108999,3
112699,3
11217,1
11218,3
1053,3
93318,3
94669,3
132971,3
82274,3
135770,3
40764,3
135305,3
97934,3
135398,3
40818,3
134689,3
132758,4
88490,3
134906,3
135121,3
135745,4
135996,4
91272,3
92730,3
60211,3
150913,3
131997,3
130909,3
135303,3
67638,3
135636,3
88198,3
105407,3
84135,3
72164,1
71427,4
133984,4
67421,3
67716,3
135263,3
135968,1
132757,1
67695,3
67960,2
135663,3
135989,4
139358,3
132351,1
132245,3
87249,3
102913,3
134691,3
134869,3
104426,4
131999,3
62500,4
62459,3
135504,3
136062,4
133602,3
133403,3
133908,4
86141,3
87077,4
83501,3
84314,3
135221,3
135373,3
135396,3
101625,3
136074,3
103563,4
12002,4
12313,3
133237,3
133062,3
132557,3
130745,3
131139,3
102495,3
100248,3
91120,3
92509,3
134157,3
130445,1
130285,4
135173,3
129477,3
95988,3
132405,3
82781,3
84093,3
13257,2
97642,3
134735,3
134804,3
94760,3
96570,3
86557,3
132079,3
132242,3
99612,1
133757,3
114557,3
13872,2
94132,4
68214,2
82209,3
83238,3
60296,3
134812,3
94045,4
130633,3
135209,3
89622,3
133789,3
107829,3
135523,3
135773,3
130288,1
130585,3
135549,3
60796,3
132903,3
104932,3
135246,3
135353,3
81039,3
82398,3
97126,4
90896,3
92196,3
132867,3
14243,3
120659,3
121222,3
90118,3
150806,1
150766,3
8768,1
134817,4
67637,2
104047,4
100909,3
102257,3
67675,2
133595,3
95470,3
102487,3
118895,3
121139,3
130993,4
133979,3
103210,3
60421,3
150803,1
150761,4
99528,3
130465,3
136012,3
106458,3
88910,2
135855,1
135829,3
135288,3
80418,4
81303,3
135705,3
84446,3
134019,3
100118,3
132692,3
133179,3
91924,3
150802,1
150756,4
134696,3
131937,3
129956,1
129807,4
27488,3
129424,3
134538,3
134179,3
134269,3
134684,3
130311,3
130879,3
80207,3
80756,3
131703,3
131161,4
131337,4
135441,3
15054,3
15430,3
133861,4
133371,4
85913,1
79281,3
80276,2
11211,3
141967,3
96188,4
97722,3
104535,3
132542,3
133011,3
135792,3
101549,3
150529,3
14862,3
93004,3
94605,3
131515,3
134524,3
82399,1
82526,2
139404,3
80278,2
129809,1
130089,4
103708,3
121414,3
90292,3
135639,3
77036,3
79323,2
134197,3
135417,3
135159,3
131164,3
150618,3
150752,3
135879,1
135842,3
134199,1
90419,4
121430,2
122172,3
79546,1
133709,3
133989,1
89989,3
90822,3
132410,3
87969,3
133374,3
133577,3
122470,3
84542,3
121383,3
121179,3
68600,1
134937,4
67550,3
60962,3
122163,3
129801,3
130383,3
134499,3
135289,3
96866,3
98432,3
150936,3
93528,3
95077,3
85031,3
8763,3
74460,3
113637,3
116229,3
122369,3
121341,3
132124,3
132604,3
121034,3
109759,3
135799,3
121124,3
80279,1
12008,3
12940,1
135134,3
138664,3
104188,3
134302,3
22120,1
130016,3
130284,3
135012,3
135101,3
131252,3
759,1
133763,3
103126,1
103125,3
74467,4
129423,1
135311,3
135649,3
91438,3
98966,4
136003,3
134281,1
134282,3
17071,4
19501,3
133430,3
133929,3
112244,3
133995,1
89884,3
91248,3
132298,4
132468,4
123449,3
136051,4
89046,3
89276,3
93978,3
95805,3
136066,3
97354,3
85290,1
123178,4
125030,1
129508,3
134491,3
134181,3
82671,2
83476,2
81389,3
102143,3
135046,3
85236,3
150556,3
150624,4
131854,3
10665,2
10666,1
27306,3
135163,3
3651,3
131117,3
14972,2
82672,3
15186,3
27333,3
12005,2
135131,3
135457,3
130206,3
94488,3
96103,3
108245,3
110707,3
90458,3
102569,3
103805,3
135753,3
130657,3
130484,3
131006,3
133331,3
132011,3
150751,1
150749,3
128455,2
128067,3
128815,3
98524,3
99961,3
129461,3
129963,3
8405,3
9124,1
73603,4
74569,3
82774,2
96315,3
135573,3
91798,3
150525,3
134377,3
150485,3
150439,3
132875,3
132698,4
133192,3
14905,3
150739,3
150775,1
150551,3
129105,3
129877,3
60423,1
92468,3
31506,4
34014,3
134929,4
101137,3
102437,3
13731,3
14833,3
135381,3
73520,3
95000,3
96885,3
133261,3
150446,2
111565,3
113335,3
130576,3
149936,3
11117,3
131550,3
11118,1
11120,2
150672,1
133700,3
90940,3
130371,3
130834,3
135095,3
123102,3
130884,3
132700,3
133026,3
89742,3
84249,1
71649,3
71607,4
135655,3
105428,3
150443,2
40820,2
134217,3
150381,3
784,3
134657,4
100940,3
129605,3
133051,3
134807,3
135484,3
129309,3
80892,3
127833,3
150598,3
150686,1
77017,1
77018,3
103321,3
131410,3
131917,3
150513,3
150549,3
95696,3
97309,3
130550,3
18022,2
97940,4
99431,4
129454,3
135281,3
102987,3
105132,3
131250,3
132786,3
132946,3
109466,3
102683,3
89744,2
25313,2
74572,1
74641,3
150600,1
100573,3
130281,3
150550,1
101262,3
102989,3
135047,3
135259,3
133904,3
134781,3
91366,4
16163,3
40157,2
150393,3
150435,3
75453,3
77152,3
129995,3
134957,4
135616,3
129737,3
127453,3
127991,3
122910,3
75454,1
1007,3
974,3
980,3
1013,3
134096,4
96260,3
97837,4
129520,3
101580,3
135820,3
150769,1
150760,3
115446,3
123121,4
124690,2
65842,2
132901,3
149883,3
134848,3
121636,3
133901,3
131316,3
135379,3
142858,3
143830,3
150790,1
150788,3
130321,3
58447,2
57231,3
58539,4
100087,4
81314,3
120783,3
124611,2
131055,3
131556,3
132927,4
150395,3
150431,2
16564,4
131678,3
74519,3
74843,3
6129,1
134993,3
89767,3
137270,1
137269,3
130165,3
98868,3
135571,3
74520,1
74674,1
25314,1
12740,1
12635,3
129949,3
75659,3
101972,3
115724,3
117689,3
16939,3
17665,3
132655,3
135438,3
135525,3
90528,3
127173,3
127859,3
132437,3
131942,3
132152,3
133921,3
134184,4
97390,3
98569,3
62514,2
131344,3
129394,3
62358,3
112381,3
988,3
1017,3
60812,3
57405,4
58687,4
59469,4
21624,3
21623,3
22752,5
22961,3
135659,3
130387,3
112773,3
134973,3
129128,4
150405,2
100719,3
132585,3
977,1
959,3
130389,3
130589,3
134875,3
135037,3
127471,3
16436,4
104083,3
130875,3
131269,3
135761,3
135788,3
87972,2
89067,3
90518,3
131964,3
132358,3
131802,3
99632,3
76533,3
77988,3
128381,4
62397,3
88112,3
130783,3
17330,2
17194,3
17374,3
126809,3
52786,1
128719,4
129440,3
17078,4
17723,3
135613,3
98023,4
99155,3
106478,3
133779,3
87524,1
87523,3
141984,3
134749,3
76625,3
131075,3
19089,3
12074,1
11208,3
96950,3
11186,3
107791,3
129029,3
129341,3
130517,3
132293,3
133147,4
57519,3
58833,3
59387,3
128061,3
134717,3
135025,3
127773,3
131575,3
118845,3
120952,3
135389,3
135698,3
100503,3
18008,3
85934,1
85933,3
132121,3
134326,4
133745,3
15669,4
90984,3
92472,3
118157,3
120939,3
135513,4
126421,3
127207,3
131359,3
132068,3
127395,3
133605,3
126009,2
111398,3
133311,3
133555,3
98681,3
99687,3
101906,4
134608,3
128425,3
100152,4
125902,2
135347,3
74859,3
27182,3
27298,4
27148,2
27320,4
27434,3
96842,3
108942,3
18009,2
18048,3
134975,3
21950,4
22079,3
22535,3
22539,1
150514,1
135125,3
97605,4
150516,1
18050,2
18626,3
134342,3
27151,2
128017,3
135211,3
126893,3
130360,3
57637,3
59341,3
116371,3
127795,3
74862,1
74877,3
132255,3
16843,3
16957,3
133609,3
98541,4
100081,4
134697,3
134901,3
131881,4
76115,3
76867,2
131437,3
129736,3
129521,3
130186,3
107312,3
108794,3
126010,4
22145,1
113507,3
134907,3
135111,3
105659,3
135371,3
135623,3
74783,3
75229,3
150736,3
131158,3
150800,1
83816,2
81982,3
84004,3
74293,3
74955,3
135143,3
96272,3
134503,4
134851,3
22232,1
22061,4
101648,4
121184,3
134350,3
12048,3
135195,3
26963,3
128451,3
135721,3
27313,5
57200,1
24214,3
127683,3
128801,3
99780,3
101567,4
74259,3
74350,3
22294,1
22133,4
98211,3
18627,2
18976,3
129965,3
22015,3
91846,4
27309,3
27369,3
127089,3
28855,3
23504,3
23505,3
24020,3
135485,3
93508,3
66443,2
66421,3
66864,3
135197,3
132153,3
121097,3
22350,1
22205,4
135299,3
96965,3
25860,2
133269,3
149886,4
149908,3
127413,3
33770,3
36446,3
18912,1
133115,3
117129,3
114669,4
126652,3
27295,3
82124,3
125901,4
1051,1
129043,4
129363,3
22438,1
22271,4
134839,3
25881,2
22648,1
22413,4
16879,3
134711,3
134934,3
19016,4
19484,3
110077,1
18804,4
18878,4
19506,2
130992,3
25589,3
27376,3
121591,3
17012,4
74372,2
74658,1
99516,3
101296,3
22502,1
22341,4
22016,1
135611,3
123147,3
126439,3
81482,3
129679,3
132278,3
134232,3
105247,3
134267,3
86714,1
135385,3
108868,3
66819,3
127389,3
95282,3
135269,4
108008,3
22063,1
134809,3
134895,3
132553,4
133811,3
22580,3
22962,3
115373,3
132861,3
22629,4
127082,4
127506,3
84338,3
65316,6
74260,3
80748,1
80747,2
108839,3
110035,1
112848,3
98044,3
72412,1
72376,3
982,3
22135,1
16892,3
16654,4
86009,3
90472,3
130742,3
131111,4
99142,3
101067,3
84852,2
85384,3
91337,3
22207,1
80001,1
80002,3
65967,1
65877,3
133617,3
133833,3
16902,2
16931,2
88250,1
72264,3
72811,1
24082,3
66105,1
66099,3
126044,3
127003,3
135495,3
97569,3
134127,3
73891,1
73749,2
135609,3
92362,4
92940,3
93860,3
134719,3
984,1
74308,2
119009,3
22273,1
134163,3
79624,1
79623,2
129829,3
84851,3
120329,4
71917,1
71777,3
86997,3
82530,3
92561,1
135181,3
22343,1
130163,3
107185,3
128696,4
1012,3
1046,3
87172,3
98873,3
100789,3
8114,3
23507,3
134859,3
81260,2
80862,2
81298,1
66091,3
108476,3
135642,3
109839,3
110285,1
111567,3
112114,3
101843,4
786,1
98009,3
133335,3
22415,1
25394,3
135707,3
130562,3
93374,3
94946,4
129281,3
72072,4
72651,1
1082,5
135039,3
134977,3
135152,3
57407,2
104142,4
92364,1
134861,3
18341,2
80861,3
133940,3
108687,3
88530,3
89967,3
91907,4
132073,3
133957,3
134177,3
66397,3
135167,3
101161,3
104091,3
125700,3
126631,3
149879,3
24100,2
67462,3
130182,3
130505,3
23924,3
110801,3
17638,2
17637,2
76116,1
127964,3
100535,3
82016,3
116797,3
80766,3
17884,2
73737,3
135235,3
128358,3
128690,3
17911,2
134989,3
109386,3
135899,3
135109,3
18791,4
97385,3
85546,3
12050,3
88828,3
131361,4
72595,3
145677,4
91585,3
92273,3
62172,3
62288,4
24113,3
130320,3
62127,2
62126,3
151710,3
62338,4
62450,3
3652,1
3891,3
131833,3
28664,3
29155,3
75337,3
19444,3
133767,4
40158,2
125422,3
126115,3
61082,3
150797,1
150781,2
150782,1
8406,1
8984,1
79681,3
138334,1
138332,3
12564,1
126323,3
127223,3
91588,2
112314,3
98113,3
66085,3
77058,2
76162,3
77238,3
112315,1
133807,3
73035,1
72750,4
101837,2
101291,4
101399,3
131412,3
86110,3
79605,3
92797,3
94321,3
111377,1
111378,3
98621,3
112856,4
79606,1
79697,3
112176,3
135582,3
94432,3
95801,3
73120,1
72840,4
118129,3
130339,3
125783,3
138439,1
138440,4
23046,3
54905,3
24474,4
66385,3
134760,3
73203,1
72944,4
28201,1
28202,3
62235,4
76368,1
80399,1
62236,2
151711,3
116047,3
84979,3
17772,4
124996,3
17818,4
126515,3
126955,4
127807,3
62277,3
132860,3
88159,3
89618,3
107851,3
110464,3
86230,3
134323,3
129940,3
100203,3
73302,1
73040,4
97459,3
99013,3
28008,3
31495,4
132905,4
57845,3
79795,3
75482,3
126191,3
135351,3
111770,3
135467,3
100979,3
60916,4
129094,3
136130,2
73393,1
73140,4
136069,3
106635,3
85744,3
24851,3
60684,3
60815,4
19976,1
134645,3
95094,4
96409,3
125857,3
91830,3
88495,3
63216,3
125537,3
73501,1
73236,4
124826,3
97813,3
99571,3
129899,3
18849,4
60385,2
63208,2
100019,3
61109,3
142830,3
24221,3
126567,3
127297,3
129600,3
16633,4
143769,3
143988,1
127439,3
128269,3
66053,3
138164,3
138404,3
18678,4
63207,3
138406,1
138444,1
138464,3
138468,3
138514,3
138516,3
138584,3
93815,3
138578,3
18722,4
19439,3
82696,3
60358,2
63289,2
135803,3
93966,3
131203,3
126285,3
72358,3
111472,3
115753,3
60978,4
16458,4
16991,3
126023,4
130655,3
135915,3
136127,2
124604,3
125281,3
85079,3
98407,3
66381,3
110762,3
127035,3
134865,3
135507,3
97025,4
95946,3
60919,4
79797,1
80482,1
128797,3
129741,3
72468,4
91832,1
92484,3
127589,3
86312,3
61048,3
135313,3
128001,4
34777,2
34571,3
36282,3
17057,3
130712,3
72592,4
109639,3
137996,1
137994,3
94653,4
131019,3
33356,4
120413,3
121077,3
86885,3
88787,3
137944,1
137940,3
105614,4
127323,3
28038,3
90123,3
90320,4
125723,4
126481,3
19314,3
59804,3
124947,3
124380,3
72696,4
136450,1
136386,3
98769,3
17767,3
111748,3
135916,1
91714,3
81406,1
81405,3
114623,3
72808,4
127229,3
91959,3
111626,3
128699,3
131057,3
60725,3
61003,3
96601,3
134643,3
135199,3
66367,3
137886,1
137885,4
135963,1
99021,3
90693,3
82876,3
92486,1
93394,4
19483,3
19602,1
127755,3
128541,3
80920,1
80919,4
77237,1
72928,4
105533,3
27124,3
57971,4
59619,4
150735,1
150738,1
70042,2
70041,2
126223,3
127007,3
125491,4
85920,3
87958,3
95303,3
124210,3
124753,3
138472,3
73016,4
73454,3
71691,3
61590,4
138432,3
72021,3
80406,1
80405,3
60595,3
60953,3
72335,3
77144,3
66811,3
93989,3
87586,3
66359,3
72165,3
17809,3
116739,3
119722,3
135867,3
135837,3
135883,3
135923,1
136362,3
136389,3
28358,3
73315,3
73922,1
89237,3
119800,4
79239,1
79223,3
126671,3
123876,3
124559,3
60335,3
125095,4
125945,3
61227,3
128223,3
72302,4
18663,4
121631,1
121307,3
96229,3
98451,3
117902,3
135403,3
121321,1
143517,3
144120,3
63288,3
132032,4
59673,4
72406,4
39008,3
121079,1
92286,3
136474,1
66797,3
132126,4
133823,3
135677,3
75397,3
66345,3
90164,3
91725,3
72524,4
31989,3
31514,4
31638,4
25393,2
94603,3
20008,2
124911,4
125633,3
126403,3
123555,3
124709,3
82060,3
138272,3
135293,3
135471,3
136397,3
109009,3
59789,3
60348,3
134453,3
134792,3
72636,4
111079,3
122767,3
16247,3
16371,4
135785,3
135851,3
59861,1
88907,2
60544,3
60650,3
60738,3
147165,3
84991,3
87156,3
71566,3
39629,2
71619,4
73212,2
73664,3
39482,2
135559,3
72732,4
60932,2
61102,3
135179,3
82192,3
66771,3
136480,3
137678,3
77889,3
95817,3
97968,3
26997,1
26901,3
60862,3
137798,3
137831,3
137986,1
34263,3
135147,3
81017,3
138252,3
151401,3
72844,4
126163,3
16391,4
18456,3
125429,3
7099,1
7100,3
18711,4
60360,3
75398,1
75399,3
72070,3
117523,3
119201,3
134924,3
84501,3
85373,3
135561,3
58047,4
59635,3
116108,3
80408,1
107920,4
124371,3
18560,2
20003,2
72180,3
130862,3
131969,3
670,1
18559,3
19299,3
60226,3
60504,3
83047,3
84560,3
59570,1
59555,2
122567,3
123239,3
107859,4
127047,3
135117,3
135255,3
134251,3
88115,2
59488,3
72296,3
135869,3
135695,3
135807,3
73666,1
73810,3
125027,3
125883,3
58057,3
59361,2
59566,3
82262,3
135597,3
135628,3
98077,3
100927,3
134997,3
135088,4
71945,3
69505,1
69506,3
135857,3
39024,3
136460,3
136153,2
72404,3
66335,3
56871,3
59691,4
59832,3
60004,3
60328,3
136132,2
95219,3
97602,3
59362,1
65787,3
39525,2
75600,3
77127,3
16335,3
16411,2
72496,3
73767,3
74320,3
83210,3
122411,3
122947,3
90163,1
90497,3
136403,3
123571,3
39063,4
94037,3
61187,3
61537,4
133571,3
134003,3
130354,3
131207,3
80018,3
136131,4
16469,3
134133,3
134337,3
60176,3
59661,2
125587,3
72759,3
73380,1
59429,3
59833,3
66327,3
136208,4
19141,3
119648,3
36624,3
36506,3
36636,3
36672,3
83082,3
66759,3
71877,3
64122,3
61416,3
134954,4
136187,3
73768,1
74265,3
124063,3
125269,3
77130,1
135015,3
135175,4
59442,2
119731,4
120890,2
138202,1
138201,3
138258,3
77892,1
94223,3
36505,3
16607,3
122275,3
122735,3
74403,1
80348,3
59922,3
15957,3
26902,1
26906,3
123399,3
94304,1
94303,3
123231,3
71550,3
137742,3
135645,4
135731,3
71582,4
118821,3
119823,3
66321,3
109486,4
112275,3
71972,3
58729,3
84922,3
71549,1
95473,3
36545,3
132029,3
133096,3
113654,3
135585,3
92090,3
71526,4
71944,3
72194,3
119047,3
120429,3
35994,3
26908,1
26952,3
72675,3
73414,3
135815,3
135539,3
122919,3
117755,3
130739,3
131621,3
135461,3
135283,4
135341,4
135139,3
79224,1
94889,3
97143,3
134201,3
66749,3
132401,3
60809,3
122051,3
122562,3
61144,5
114080,3
115687,3
134963,3
66315,3
123761,3
133349,3
135833,3
134263,4
87634,3
63211,3
135505,3
135657,3
64267,2
68799,1
68800,2
83538,3
72628,3
73190,1
135431,3
72066,3
72672,1
135749,3
36696,3
134898,4
74213,1
74214,4
123171,3
74229,3
36555,3
38400,1
135286,3
117167,3
118739,4
26939,3
74230,1
120054,3
119930,3
119929,3
120400,4
132137,4
133597,4
69484,2
125583,3
135777,3
66731,3
16609,1
16709,3
72854,1
97059,3
99927,3
122676,3
134509,3
123531,3
131133,3
136495,3
122902,3
130084,3
130679,3
135673,3
91133,3
91349,3
133422,3
58730,1
59182,3
69483,3
69724,3
134599,3
134767,3
135005,3
122419,4
136396,3
93950,3
94716,2
66298,4
121877,3
136417,3
69446,2
69458,3
70622,3
94040,1
36073,3
102455,3
92281,3
94645,2
74189,1
74190,4
94621,3
91987,3
124797,3
65399,3
136352,3
136304,3
136357,3
26940,1
27122,3
120243,3
56858,2
134713,3
70587,3
71056,3
73333,3
73540,1
135316,3
134873,3
134939,3
123196,3
120065,3
2558,1
2557,2
120843,2
123350,3
86999,3
68663,1
67410,3
66714,4
2559,2
71025,3
130491,3
129888,3
136246,3
136309,3
112459,3
69209,2
120419,3
60049,3
71523,3
71924,3
71236,4
131553,3
132525,3
135563,3
135691,3
56840,3
135449,3
2783,1
2779,3
130967,3
71859,3
122843,3
16670,3
17517,3
60376,3
31625,4
74173,4
75554,3
121683,3
122215,4
94622,1
96398,3
136259,3
80349,1
80414,3
91262,3
72104,3
134170,4
135591,3
91839,3
111606,3
72077,2
72482,3
136236,5
134829,3
74174,1
73334,2
73759,1
123510,3
121515,2
136224,3
66300,1
66580,3
138154,3
130781,3
32984,4
106793,3
109435,3
91840,3
91992,3
129716,3
130303,3
130663,3
85475,3
33544,4
60197,3
135331,3
135491,3
31021,4
32973,4
74126,4
75495,3
119360,1
119206,3
120209,3
121416,2
134825,3
122621,3
124534,3
114390,3
66582,1
135265,3
82143,1
82144,3
92531,3
137762,3
137874,3
132053,3
132953,3
138104,1
138103,3
70243,2
70590,1
74125,1
131265,3
130477,3
133662,3
34122,4
35908,3
72374,3
73312,3
70244,1
115164,3
133738,3
133956,3
134162,3
135093,3
135019,3
135190,3
66716,1
92148,1
70999,3
71341,1
122569,3
119626,1
119625,3
122029,3
121516,4
138024,1
138023,3
74108,4
74454,1
131091,3
130047,4
129464,3
134969,3
73729,1
33012,4
33204,4
119088,3
81180,1
81179,3
119572,3
120129,3
135922,3
135672,2
135933,1
136008,3
92534,2
94357,3
80415,1
80564,3
74107,1
130647,3
127949,3
19143,1
86594,3
88840,1
83666,3
116134,3
125451,3
133299,4
134561,3
27217,3
113587,3
117248,3
74075,4
74882,1
135332,2
135357,3
132461,3
118575,3
138115,3
131947,3
98787,3
998,3
1150,3
1195,3
75319,3
138236,3
95757,3
121415,3
85581,3
130449,3
130945,3
129853,3
118463,3
120132,1
129306,3
122367,3
92788,3
74076,1
27753,3
137756,1
54977,2
55588,3
37668,4
39567,2
122384,3
100785,3
103229,3
70949,3
71295,1
37590,4
74046,3
74855,1
138041,3
73263,3
119777,1
8113,1
91896,1
123217,3
131734,3
75124,3
75385,3
55667,3
137776,3
138009,3
124255,3
72288,3
73176,3
134744,3
67350,3
124994,3
126027,3
130765,3
69016,3
128988,3
129681,3
132191,3
95434,3
130233,3
132919,3
133721,3
71477,3
80565,1
80692,3
72031,4
83854,3
86850,3
110952,4
134294,3
131981,3
132385,3
27219,1
74194,3
74068,4
24168,3
24411,4
136365,4
40852,2
127689,3
128637,3
24626,2
92253,3
93404,3
110877,3
135935,1
135936,3
57261,3
56781,3
57334,3
57891,4
56784,3
131460,3
71997,3
72267,3
15701,4
16559,3
24498,4
24729,2
70925,3
71281,1
130619,3
75252,3
75630,3
132175,3
138004,3
138816,3
40800,3
129449,3
130013,3
134616,4
123877,3
124757,4
64272,2
34124,1
35360,4
72742,1
125641,4
126601,3
115860,3
64771,2
85392,3
56092,3
132563,3
72212,4
55808,4
137976,3
133723,1
134011,3
92254,1
64772,3
56841,2
136007,1
84432,3
85557,3
132063,3
75573,3
80744,3
136252,3
101747,3
105437,3
71893,3
75419,3
137778,4
132393,4
56872,2
56035,3
106447,3
107967,3
82282,3
64758,2
131290,3
131863,3
131909,3
117631,3
127233,3
128189,3
92366,1
1779,1
1675,3
135889,1
135890,3
75233,1
75234,3
75513,3
64757,3
94534,3
94959,3
130419,3
130209,3
73129,3
72156,3
73014,3
28551,1
119075,3
119384,1
119383,2
65202,2
73116,1
73115,3
73937,3
75169,3
84550,2
91079,1
91080,3
130063,3
126277,4
137844,4
124467,4
125353,4
123591,3
134894,2
131510,3
70859,3
71261,1
71439,3
71834,3
54452,2
75017,4
75778,3
132713,3
133871,3
134459,1
73880,1
73879,4
132221,4
123304,4
131977,3
2773,2
83097,3
73799,3
80798,3
131116,3
65663,3
93406,1
92979,4
56809,3
57458,3
91416,3
54465,2
134837,2
75687,3
76488,1
142458,3
142832,4
136511,3
131848,3
127973,3
128621,3
24461,4
135765,1
135766,4
113233,3
75106,1
75105,3
36595,3
119021,1
119022,4
24730,3
83571,3
106133,2
107586,3
72622,3
56013,3
95060,4
136223,1
72576,1
24464,2
24845,3
131592,3
61980,3
75046,3
136220,4
126925,3
55472,3
55747,4
115165,3
132008,4
132543,3
136316,3
136371,3
125927,4
124929,4
24167,2
124219,3
131431,3
61827,3
130950,3
131319,3
135670,3
95286,4
95772,3
111490,3
135669,1
57426,4
57850,3
133697,3
134193,1
135631,1
135632,3
128403,3
128957,3
85795,2
136284,3
136345,3
130501,3
119321,3
75565,3
76200,1
127783,3
128285,3
70815,3
71243,1
134953,2
74975,3
111433,4
98983,2
71361,3
72424,2
137963,3
118294,1
118293,3
70264,2
69756,3
70154,3
118812,3
118992,3
1409,1
1359,3
134920,2
94755,4
131165,3
108543,3
136295,1
98880,2
59436,4
132423,3
94564,3
131871,4
132342,3
135782,3
133129,1
132871,4
105823,2
73234,2
130755,3
128661,3
129219,3
131499,3
87488,3
89432,3
80774,4
130219,3
128059,3
126519,4
136211,4
136205,3
75283,3
76015,3
95023,4
125579,4
73747,3
73701,1
73702,3
124675,3
24625,3
131341,3
120141,3
134919,4
135476,4
124324,3
127455,3
135971,3
135715,3
135959,3
136039,3
56845,4
128515,3
74889,1
74890,3
137979,3
35828,4
136029,4
136109,3
90295,3
80775,1
33193,4
128949,3
129479,3
129624,4
135451,4
137837,2
136111,4
73677,3
131235,3
133971,1
128275,3
60429,3
61072,3
61091,3
80842,3
81526,1
112674,3
118435,3
118454,3
136183,4
137724,3
137790,3
124233,4
98982,4
55832,2
132167,3
137632,3
137725,4
85386,1
85385,3
131541,4
13114,4
55773,2
131081,3
108154,3
110475,3
112907,4
72639,2
73275,1
137631,1
137633,3
98879,3
129855,3
118745,2
105597,3
128781,3
34914,4
128131,3
74828,1
74827,3
26142,3
507,1
508,1
73872,2
75773,3
76644,1
17242,3
17667,3
129301,3
94827,3
95299,3
57218,3
56961,3
55842,4
13166,3
15873,3
89719,1
57089,3
57656,1
36683,2
36639,2
60840,3
127911,3
16669,1
32111,3
34885,4
128573,3
72579,3
130837,3
127175,4
126193,4
73646,1
73645,3
125249,3
136523,3
71787,2
71720,4
72400,3
93099,3
35246,4
74946,3
65815,2
80844,1
81149,1
55912,3
134950,1
134770,3
73807,3
128457,3
91985,1
91805,3
55803,4
70775,3
71205,1
135500,3
135824,2
95995,3
132373,3
94003,3
74871,3
131345,3
131971,3
53890,3
128197,3
55601,3
55865,3
73763,3
74136,3
129121,3
107205,3
72494,3
73222,1
77012,1
76759,3
128993,3
128657,3
136375,3
91274,4
92210,3
128437,3
104921,3
55425,3
125837,4
126889,4
65394,3
56016,3
116853,4
119155,3
125478,4
127747,3
108200,3
131921,3
95902,3
74084,3
74302,3
131841,3
60637,3
18021,3
18843,3
107893,3
110098,4
74698,3
73705,3
74751,3
76656,3
77721,2
77309,3
78581,1
129985,3
131443,3
60554,3
135547,3
72383,3
123839,3
125379,3
128691,3
119968,1
119804,3
57594,3
54029,3
55977,3
95901,1
96590,3
91912,3
92832,3
85511,3
119898,3
120449,3
72089,1
71936,4
74251,4
119803,1
73673,3
74043,3
123781,1
123782,3
72238,4
136083,1
136084,4
137635,1
137786,3
72630,3
70739,3
71183,1
137730,1
134322,3
135042,3
137583,4
91066,2
91065,2
16575,1
35638,3
36408,4
89674,3
119705,1
119706,3
126485,3
72444,4
72832,3
127377,4
128231,3
73627,3
74464,3
24927,3
25821,3
123576,3
122614,2
80984,1
80983,3
100233,3
16134,1
74217,3
74629,3
128405,3
112954,3
65814,3
114250,3
107605,3
108697,1
116784,3
74625,4
76521,1
87490,1
89342,3
123575,1
72678,4
73048,3
91562,3
92299,3
92403,3
92992,1
132551,1
120403,3
121299,1
123476,3
124698,3
91087,4
73484,3
74116,1
136527,2
82638,3
83709,3
104643,3
106591,3
80986,1
81077,3
135479,3
96591,1
97334,3
137442,1
137428,3
893,1
894,3
86099,1
24273,3
74539,3
135228,3
119763,3
120375,3
72872,4
123373,3
93071,3
94763,3
135687,3
135955,3
120223,3
121245,2
74556,3
135361,3
128755,4
130195,3
127957,4
127119,3
82054,3
83017,3
122613,3
92080,3
127160,3
119194,1
119193,3
136446,3
84523,3
136381,3
107365,3
108396,1
119303,3
71308,4
82217,3
77095,3
111782,3
114515,4
74241,3
76881,4
71722,1
125685,3
70680,3
71133,1
104441,3
105516,1
71698,3
134774,4
91090,1
91787,4
122723,1
78364,1
123168,3
137425,3
137532,1
119645,1
119481,3
106873,1
106874,3
2461,1
1941,3
120049,3
120648,3
123478,3
73682,3
90229,3
92017,4
84564,2
137584,1
96516,3
98146,3
137337,3
137577,3
80572,3
59336,4
74276,3
123167,1
15875,1
72036,3
90468,2
118276,1
118075,3
125358,3
127043,4
128471,3
129377,3
127595,3
109217,3
895,1
73432,1
73224,3
123740,3
118510,2
118077,4
118684,3
123554,1
123527,4
61127,4
84097,3
73374,3
73848,3
80571,1
80644,3
109709,1
109710,3
93742,3
95509,3
135239,3
72242,3
56756,3
60616,3
119482,1
104139,3
105200,1
90934,1
119764,2
24409,3
60731,3
110698,3
115658,4
133970,3
81131,3
82485,3
72472,3
136306,3
73570,3
74088,3
92121,3
118686,1
118583,3
77089,3
136216,3
136141,3
136201,4
136146,4
115742,3
117459,3
136107,4
120269,3
121020,3
117681,3
117822,3
136088,4
136871,3
136809,3
136873,4
136999,2
136031,4
129861,3
135953,3
137379,3
137416,1
137433,3
77611,1
129379,1
72684,3
73082,3
135030,4
128161,3
91790,1
92163,1
73692,3
68934,3
60828,1
109437,1
109438,3
61830,1
61879,4
102164,3
125572,3
97920,3
98932,3
81330,3
88722,4
57315,4
119851,2
123619,1
87919,3
87920,1
87922,1
87962,3
18342,2
84788,1
60733,2
102067,4
103883,3
105917,4
61376,1
61375,4
94234,3
96211,3
73084,1
73974,3
135049,4
135601,3
54030,2
117682,1
106497,1
106498,4
80970,3
71201,3
124450,3
126584,3
53889,2
71233,3
71414,3
74482,1
74364,3
106725,3
120116,3
123713,1
109425,3
71407,3
127864,4
92027,3
93132,3
137598,1
118563,1
118457,3
33123,4
35237,4
60730,3
137465,3
92101,4
35482,3
35642,3
129864,1
143520,3
120046,3
126001,1
126002,2
108529,3
97654,3
98649,4
142668,3
119220,3
142457,3
136370,2
136811,3
127261,3
119165,1
119139,3
134399,3
74040,4
76549,3
77949,1
117387,3
117669,3
118806,3
97332,3
124598,1
124597,3
120047,1
69180,2
69132,4
69581,3
24943,2
100378,3
114588,3
106238,1
106237,4
85848,1
85847,3
135653,3
116932,4
117514,3
70551,3
71107,3
18500,3
74206,2
118615,3
103661,3
104576,1
900,3
53552,2
127172,3
127785,3
137091,1
137092,3
60792,3
17241,1
102613,4
137079,3
137239,4
94804,3
125639,3
124305,3
124735,1
121370,2
119020,3
121838,3
1151,1
53579,2
69407,1
69352,4
23744,3
35458,3
61947,3
127171,1
127451,1
116576,3
116934,1
117102,3
98418,4
60636,3
83167,3
107254,1
135944,4
145639,4
108901,1
108902,3
118769,1
118682,3
117771,3
73642,3
69560,1
69510,4
35381,3
35405,3
53366,3
129340,2
91201,3
133786,3
71186,3
136256,3
118681,1
99115,3
124306,1
94056,3
125892,3
69668,1
69638,3
136163,3
136247,4
912,3
949,3
117597,3
117995,3
63856,3
90580,4
124182,3
71612,1
71611,3
136170,4
136144,4
136117,4
136082,4
133394,3
131374,3
132646,3
53439,3
103373,3
104384,1
136035,4
128373,3
116873,4
65789,3
4642,2
23502,3
35664,2
151039,4
136963,1
136947,4
116310,3
113504,3
115599,4
134777,3
73944,3
135377,3
51992,3
53367,2
98082,3
13113,1
35672,3
106977,1
145629,3
118808,1
84221,4
81396,3
134706,3
93401,1
92689,3
86923,3
84245,4
86965,4
88675,3
53440,2
52026,4
131373,1
93295,3
67371,3
992,2
98784,3
99627,3
69606,3
70090,3
87477,1
70086,3
70293,1
35649,3
15248,1
14570,4
60866,3
4644,1
111944,3
61499,3
125640,1
117598,3
117765,3
103097,3
104130,1
137638,4
73853,3
35411,3
134120,3
73350,1
73349,4
85549,3
87093,3
58979,3
94416,3
70538,3
108755,3
139412,5
73714,3
117267,3
112150,4
112502,3
68904,3
1198,3
76095,2
76096,2
35467,3
116876,1
128375,1
129099,2
100047,4
101042,3
116621,1
116551,4
70085,1
70083,3
35595,3
36387,4
105606,1
105605,4
61949,1
62029,3
73144,1
17243,1
71613,3
90921,3
116309,2
99182,3
93567,3
69133,1
134701,3
117917,1
98596,3
90999,4
108237,1
108238,3
69354,1
137340,3
137080,1
117732,3
107617,3
69511,1
66915,1
66916,1
90410,1
89816,3
35479,3
35534,3
76288,3
69568,3
116554,1
116847,4
125810,3
70079,3
126033,3
71403,3
72122,3
72124,4
73154,1
70080,1
71180,3
70074,4
104703,3
81160,3
124998,3
65980,3
132548,4
134534,3
85483,3
85591,3
125899,3
126945,3
91202,1
81062,4
99770,4
100739,3
105266,1
105265,4
116977,1
95876,3
117021,3
81168,4
84407,3
65985,2
66115,3
101956,4
129623,2
85885,3
98143,3
99566,3
92799,3
89357,3
70073,1
70067,3
70206,3
991,1
70208,4
70410,3
70401,3
70896,3
115933,3
73149,1
107981,1
107982,3
129498,2
137168,3
70889,3
90454,4
72126,1
71151,3
72128,3
137117,1
137118,3
92801,1
136280,4
18903,3
35548,4
106385,1
15823,3
22149,3
109737,3
116850,1
134652,4
125900,1
125931,1
129497,4
131352,3
126947,1
127279,1
119496,4
122429,3
12238,3
136273,3
136174,1
136152,1
136121,1
136056,3
136094,1
136058,1
136043,1
118396,1
62032,2
62067,3
126316,4
131295,4
94463,1
93959,3
12276,4
100456,3
104992,1
104991,4
102218,3
114674,4
115713,3
93455,3
97022,3
98762,3
115980,3
115979,4
116017,3
116218,3
71908,1
71905,3
116276,1
109221,3
110725,3
131562,3
70399,3
102149,4
102504,3
70881,3
73159,2
72905,3
73161,3
72923,3
72132,3
70037,3
69567,1
68878,3
69383,1
115457,3
73513,1
73257,3
73357,3
73259,3
73151,3
106105,1
93457,1
78614,4
81090,3
102024,4
106959,3
106179,4
116140,3
76240,3
100130,3
94835,1
94325,3
88325,3
90403,4
94909,3
96312,3
111853,4
113468,3
111854,1
84617,3
85035,1
81338,3
100704,3
116507,1
116508,3
70397,3
72136,3
72794,1
70873,3
78680,4
133234,4
101369,3
102792,3
116020,3
116337,3
126092,2
62151,3
106058,3
116517,3
134513,3
36177,4
37569,4
73854,4
74104,3
46946,2
66875,1
66876,1
136291,3
137285,3
136696,3
136815,3
136686,3
136765,4
97670,3
99336,3
83978,2
83216,3
84268,3
70038,1
70030,4
136287,2
72799,1
105807,1
72133,3
46951,2
94017,3
70869,4
71402,3
70394,3
72140,3
116237,3
118028,3
92985,3
94265,3
95827,3
111661,1
111662,4
69498,1
69497,4
72918,4
117733,1
83552,3
114776,3
115885,3
73541,1
112511,1
61557,1
99754,3
70029,1
70391,3
70212,3
70015,4
46588,3
74836,3
73999,3
107333,3
74831,4
116069,3
94267,1
78579,4
71132,3
72142,3
72432,2
70713,3
70871,1
71229,3
70710,3
94527,3
14300,2
14204,3
136556,3
90738,3
70389,3
108883,3
110211,3
110471,1
110472,4
72146,3
111443,4
73690,3
87389,2
86983,3
90771,4
91683,3
72914,4
73532,1
74818,3
75515,3
98168,3
78177,4
106531,3
12650,3
14286,2
133943,3
135544,2
116189,3
75518,2
76649,3
89718,1
88863,4
94529,1
94703,3
78138,3
59098,3
14543,3
68788,3
69103,3
102447,3
104182,3
76646,3
69089,3
69201,3
137081,3
69187,2
69375,3
137266,3
61977,3
62271,3
69361,3
90473,4
69501,4
69611,3
69609,3
89305,4
81604,3
112260,1
72892,3
73773,2
94705,1
66146,3
66456,3
70705,3
137960,3
138084,3
70385,4
73825,3
82930,1
82929,3
89513,3
90625,3
71212,4
71398,3
90707,3
72913,1
137312,3
70012,3
102448,1
72893,4
73566,1
48755,3
52494,3
115834,4
59175,3
59944,1
99980,3
94974,3
96249,3
100755,3
101885,1
94547,3
97504,3
108229,4
111156,3
82252,1
82251,3
108563,3
109659,1
137519,3
137430,3
137517,3
80412,2
78905,3
80670,3
89919,3
90489,3
90959,1
71385,3
149809,1
149759,3
134857,1
134858,3
70231,3
70227,3
66576,2
137083,3
136875,3
136954,4
72148,3
61812,3
62173,4
73533,1
98712,3
6745,1
6723,4
70708,1
70388,2
86984,2
88516,3
69595,3
70014,1
126315,2
102237,3
115482,3
115814,3
115916,2
137346,3
115669,3
85484,3
115481,3
112803,4
70418,3
137251,3
95490,3
96719,3
61742,2
61345,3
113228,1
113227,4
74415,1
74416,3
74418,1
131434,3
74811,3
25670,3
26073,2
136761,4
66697,1
66698,1
91408,3
92655,3
93721,1
93277,4
69088,2
69087,3
60992,4
97085,3
109411,1
84629,3
85575,1
131355,4
145630,2
110959,3
71131,3
130056,3
71207,4
137181,3
76638,3
77965,1
93791,3
114246,3
90227,3
91169,3
145518,2
130190,4
132453,3
93895,1
93427,4
126318,2
128116,4
62016,3
134942,3
135022,3
71210,3
71561,3
96000,3
80113,1
80114,3
136292,2
115671,3
101962,3
103456,3
115992,1
94097,1
93573,4
84106,3
84010,3
103455,1
112994,1
112993,4
70617,1
70592,4
92143,3
88117,3
99494,4
35576,4
35602,4
24240,2
24239,2
24141,2
83895,3
99622,3
101961,1
107955,3
110135,3
114374,3
7417,1
7414,3
26133,4
27864,3
62471,3
90045,3
90958,3
120284,4
110625,1
110626,3
24562,3
97015,3
114146,4
113711,1
6549,2
6511,3
135337,3
6714,4
71246,3
37641,4
40384,3
137516,3
137754,1
137642,3
104017,3
105174,3
25008,2
96414,3
97289,3
120535,2
122755,1
92804,3
25817,3
36764,3
7169,3
29619,2
7166,4
7345,2
136878,1
36806,4
40517,2
137034,1
133693,3
134747,3
138040,1
138027,4
7342,3
88344,4
92518,3
66167,6
66226,3
93038,3
22013,3
22613,3
66094,3
70809,1
70810,4
62255,3
90233,3
134560,1
134559,3
92258,2
76630,2
77439,1
107641,3
108825,1
22609,4
22965,3
24599,3
24645,2
67290,3
67351,2
136620,3
136760,3
136801,3
110407,1
110408,3
96856,3
97637,3
124027,2
22968,4
23965,3
81758,3
88000,4
70063,3
70226,3
69711,3
70058,3
69710,3
69515,4
69357,3
67372,2
67328,3
151067,2
151075,3
93266,3
113497,1
113145,3
134909,3
24407,3
92578,3
6475,3
103612,3
91574,2
88128,3
5703,1
5470,3
23977,3
90236,1
90523,3
92031,3
17464,1
26191,3
98776,3
137814,3
6687,4
22076,4
22586,4
97058,3
97899,3
77230,3
59360,3
137809,3
93442,2
98455,3
138033,4
80786,3
6476,1
77336,4
22978,4
23606,3
114073,4
134879,3
135106,1
138088,3
71699,2
72048,3
61775,3
72427,2
133173,3
72715,3
69704,3
72717,3
73475,3
70053,3
1327,1
1328,4
23999,4
24098,2
61268,2
73761,2
81976,3
112633,1
112634,4
74395,2
66119,3
66233,3
107191,4
108477,1
74809,3
7161,3
7280,1
6467,3
68770,3
69166,1
115672,1
137177,3
79399,3
90092,3
91607,3
71022,1
71021,4
134783,4
97338,3
98175,3
120832,3
24718,3
24287,3
24725,3
25072,3
113333,1
137054,3
137810,4
133358,4
133799,3
25092,3
25220,1
87169,1
86792,3
105281,1
106870,4
69701,3
70049,3
80166,2
6443,3
142688,3
61918,4
62349,4
97656,3
60024,3
61078,3
133801,1
134328,3
107118,3
134224,3
134664,3
103611,1
61423,3
73219,1
73215,3
136407,3
136017,2
136399,3
112343,1
112344,4
87518,3
136608,3
6673,3
135411,3
98600,3
97736,3
109785,1
109786,3
70045,3
69519,4
68973,3
136570,4
104126,3
68855,3
68971,3
98654,4
68850,4
66467,3
68752,3
28161,1
28162,4
7158,4
113150,1
63003,3
93340,3
135846,1
135810,2
135338,1
73218,1
66093,2
40542,3
40695,3
6440,1
6439,3
135579,1
135470,3
112245,1
112246,3
104350,1
80787,1
80950,3
30509,3
31445,3
66575,3
61232,3
135057,3
90091,3
90721,3
83256,3
85106,3
86572,2
86086,3
133257,3
133614,3
134223,3
134442,3
6403,3
134536,3
134756,3
58982,1
109543,4
6671,3
69523,4
68970,4
70044,3
133551,4
138092,3
66089,3
138030,4
6658,3
6962,3
142704,4
509,1
489,3
12124,3
108782,3
62112,3
62741,1
11900,4
27723,3
6967,3
102559,3
7154,3
134754,3
7588,2
51993,3
53900,3
7590,3
7584,3
7662,3
17978,1
112019,1
112020,3
74793,3
76718,2
7664,3
7898,2
135570,2
29245,1
29216,4
135223,3
7892,3
142459,3
108731,4
133254,3
134945,4
85646,3
87089,3
128168,4
132412,3
27731,1
27732,3
90083,1
90084,4
90961,3
97928,4
42162,3
106416,3
108690,4
46597,3
51994,3
90951,1
80951,1
81048,3
60112,3
61200,3
68724,3
68848,3
68978,3
82140,3
84165,3
69527,4
70594,3
70804,4
71027,3
71264,3
71259,3
71406,3
71409,3
71809,3
65926,2
42171,3
66552,3
76756,3
61622,3
76681,3
79390,3
97990,3
99814,3
66090,2
66148,3
119921,2
120752,2
95522,3
21569,3
22572,4
111903,4
109498,3
68982,3
6379,3
6654,4
69531,4
70598,3
74770,3
97531,3
101441,3
101443,1
101859,3
22972,4
118027,3
66882,2
67266,3
132958,3
133439,2
65905,2
61892,3
61164,3
23898,3
114005,3
66705,3
111840,3
24289,3
133562,1
95588,4
97807,3
106119,1
106120,3
23899,3
87721,3
88124,3
107511,3
24025,4
112861,4
7666,3
7872,3
64426,3
134986,4
66191,2
66179,3
66285,3
88102,3
24301,3
68984,4
69535,3
70602,3
81300,3
72766,1
72765,3
86812,1
86811,3
108410,3
112090,3
104710,1
104709,3
24936,3
84256,4
88267,4
61026,3
61610,1
72748,3
73021,3
74220,2
73806,2
74516,1
73023,1
73279,3
66176,3
24933,3
73282,1
73576,3
118349,2
25104,3
89794,3
101861,1
102203,3
28614,3
29004,3
7148,4
84557,3
97274,3
98095,3
151093,3
81734,3
87755,3
90145,4
6380,2
6650,3
66877,2
91343,3
93438,3
90765,3
68696,3
66125,3
71899,3
105769,3
68988,3
69282,3
70800,4
69274,4
136363,3
136551,3
105096,3
95368,3
136965,3
98097,1
98493,3
109225,1
109021,3
93554,3
95461,4
90263,4
107724,1
107723,3
85647,1
83226,1
82006,3
102205,1
86951,3
90537,3
91205,3
112794,3
40598,3
96328,3
77897,1
77898,2
71999,4
138142,1
60442,3
138026,3
137820,4
99119,3
93911,3
96743,4
64453,3
97273,1
91439,3
86285,3
70797,3
69270,4
98495,1
98675,3
68990,3
110062,1
109881,3
105430,3
78886,2
66249,3
66435,3
83085,3
84439,1
60632,3
61186,1
132878,3
134603,3
113780,3
7580,3
7476,3
7576,3
7324,3
7478,1
136015,2
7322,3
6706,3
7144,3
6699,3
7818,3
72314,3
90979,3
96975,1
96976,3
108297,3
68991,1
135940,2
120831,2
114030,4
72297,3
140138,4
136000,2
110869,1
110677,3
96585,1
96586,3
68695,2
69252,3
128117,2
79784,3
98677,1
152472,3
1829,3
2750,1
61814,4
61887,4
61696,3
112012,3
113842,3
132911,3
69257,3
128170,2
128199,3
132914,3
133405,3
1226,3
100711,3
92589,3
94369,3
111557,1
111453,3
91770,3
136844,1
136698,3
118935,3
66641,3
67259,3
123930,3
132975,3
61752,4
90621,3
136672,3
136700,3
114127,3
117898,3
106307,3
136664,4
61863,2
1243,3
142703,2
140146,2
67833,2
22565,3
107273,3
136542,3
136572,3
138823,1
138048,3
28040,3
136456,3
136544,1
100215,1
99125,4
22963,3
73804,3
135854,3
96835,3
111699,3
113815,3
136001,2
135999,3
136005,3
23908,3
98631,3
115237,3
66393,3
66553,3
67822,2
71769,1
69255,3
61852,4
61925,3
6871,1
6700,1
136016,3
87087,3
88892,3
140285,3
140286,3
140247,4
141681,3
82288,2
97511,1
97121,3
140149,3
140248,3
28095,3
139917,2
79554,3
25108,1
107781,3
90352,2
40335,4
61735,3
40387,3
136905,3
68440,2
125388,2
121334,3
91811,4
93163,3
136019,3
69467,3
136455,1
136488,1
86286,1
83590,1
105054,3
106637,3
133259,3
133837,2
141695,3
142697,4
104776,3
105461,1
100659,1
99669,3
106951,1
133020,1
133644,3
140305,2
140901,4
115363,3
71768,1
62382,3
115428,3
117137,3
125377,2
111333,3
121633,3
90218,4
133260,1
10387,3
11834,4
69603,3
81528,1
80752,3
136189,3
113765,3
136901,3
137153,3
136720,3
136600,3
136660,3
79556,1
90309,3
92819,3
61697,3
137861,2
135827,3
136604,3
137822,1
137824,4
97319,1
66556,1
7827,3
7448,3
7450,3
7088,3
6982,3
7091,3
6822,3
6983,3
72690,3
111335,1
6484,3
6831,3
68439,1
6372,2
6485,3
133427,1
6371,3
84329,3
85593,3
74236,3
74233,2
71759,1
97550,4
76619,3
70124,4
67292,2
67295,2
69757,3
77039,2
76911,3
78386,3
108857,1
107907,3
101065,1
100063,3
96824,3
111452,3
61593,4
61824,3
106001,3
103877,3
105161,3
112197,3
111959,3
112903,3
113355,3
71148,3
72815,4
132994,3
61594,1
30344,4
139419,4
107444,3
70682,3
71798,3
70681,1
70460,4
95135,1
95136,3
69948,3
70352,3
55170,2
79908,3
70235,3
96073,1
112931,3
61713,3
62307,3
133643,1
109245,1
108215,3
67348,3
115484,3
118475,2
83136,1
83135,3
76798,4
90308,2
22561,3
79331,3
80218,3
66540,3
23215,3
86677,3
23227,3
23585,3
98636,3
24024,3
23570,3
81756,1
81116,3
7338,3
7454,3
7220,3
7351,3
7122,3
7228,3
7126,3
107217,1
107218,3
6985,3
111703,3
112709,3
94635,3
105653,3
106325,1
96346,3
97431,4
66069,2
66067,3
111124,3
90088,3
90257,3
105163,1
105585,3
88696,3
89389,1
74234,1
115705,1
67341,3
60034,3
90137,4
61493,3
85387,3
86089,3
10388,1
114922,3
118588,2
61330,3
71595,3
95733,3
88695,1
76583,1
76535,4
6603,3
6835,3
6602,3
6489,3
67832,3
67275,3
30343,1
76536,1
137826,1
137857,1
137930,3
72418,1
1246,3
66389,3
70273,3
61716,1
76538,1
112465,3
86092,1
1832,1
105587,1
109471,1
108709,3
78898,2
79648,3
62938,3
63337,3
76555,3
145641,2
1376,1
87951,3
90791,3
92997,3
80802,3
132995,2
134136,3
105993,3
110148,3
111509,3
66065,3
102507,3
102393,3
102921,1
67220,3
67319,3
62654,3
71041,1
107132,3
98635,1
99741,3
81560,3
93311,3
25249,2
25005,3
25759,3
136862,3
136942,3
145446,2
6989,3
118793,2
67821,3
76418,3
6837,3
118794,3
76800,1
86227,3
74246,1
106535,3
107543,3
459,1
460,1
145680,2
147125,2
75439,2
75265,3
75717,3
99114,3
66377,3
100223,3
133375,3
67245,3
102213,3
102677,1
91179,1
121150,2
62444,3
98099,3
75568,3
75967,3
86231,3
75760,3
76117,3
121206,4
145473,2
6847,3
105995,1
6491,3
87895,3
69644,3
70669,1
93313,1
93589,3
76018,3
76351,3
66063,3
85177,3
41274,3
62306,3
110499,3
111999,3
121149,3
76204,3
103510,3
72866,4
62262,3
62534,1
136751,3
61908,3
103509,1
101425,3
102469,3
76494,3
78635,2
79912,3
114921,1
30345,1
30322,2
22209,3
22066,3
22065,3
22554,3
6993,3
6849,3
95010,3
40979,3
85178,1
30270,3
83673,3
66363,3
106491,3
107855,3
82216,1
93591,1
94025,3
7458,4
114924,1
72685,3
6995,3
62186,3
62428,1
66057,3
62727,3
90069,3
89931,3
112739,3
113569,1
28041,1
101835,3
102797,3
60342,3
112677,3
84302,1
84301,3
6999,3
97955,3
99581,4
75194,3
87757,3
88233,3
103069,3
106016,3
74368,1
6851,3
95787,2
95157,3
96347,1
36411,4
109087,3
88109,3
88601,3
78636,3
80308,3
81802,3
36434,3
39762,3
88449,4
88897,3
68298,2
88725,3
89187,3
107857,1
108191,3
30269,1
30262,3
74854,2
74640,3
75058,3
89107,4
89637,3
81214,3
24628,1
24627,3
6857,3
66355,3
111131,3
112413,3
73030,4
89447,3
74826,3
6493,3
97956,1
98409,3
94027,1
94617,3
68287,2
75254,3
89879,3
75038,3
75508,3
102115,3
24807,3
25476,4
113325,1
66055,3
3567,1
3568,1
75212,3
75728,3
76454,3
111493,1
110867,3
7003,3
6859,3
75512,3
76002,3
108615,3
109697,4
34846,3
72967,5
60874,3
75786,3
76190,3
96979,3
62104,3
7824,3
107163,3
7462,3
76050,3
7011,3
78897,1
24870,3
82492,1
11873,4
12652,3
10793,3
76382,3
66331,3
61747,3
111777,3
69401,2
86232,1
85408,3
102443,3
73578,1
73577,3
74443,1
74166,4
73568,3
73844,3
80556,3
10416,4
11975,3
3355,1
3356,3
99678,3
104558,3
72315,3
94030,3
61209,3
69402,3
79984,1
79014,3
56953,2
7015,3
6625,3
12069,3
12615,4
6627,4
6373,3
69416,2
26813,3
102285,1
102286,3
25058,3
40650,3
134980,1
107497,3
61510,2
61312,3
136591,4
136638,3
69415,3
91905,1
91126,3
61974,3
109338,3
111173,3
11879,3
12597,3
81592,3
99750,3
75726,3
66051,3
95188,1
94555,4
79771,3
80738,3
99673,4
101522,4
62409,3
85569,1
85189,3
138137,4
139448,2
29036,1
28217,2
98525,4
62410,1
62440,4
83767,1
76292,4
98565,3
101449,3
87717,4
92269,1
91374,3
72081,1
71631,3
66317,3
88407,3
117563,1
117564,3
93228,3
13108,3
89051,3
113237,3
115826,2
61749,1
114281,1
108138,3
109719,3
3291,3
3570,1
66043,3
117637,1
76405,3
76253,4
85769,3
86913,3
89853,4
13073,4
111539,3
24903,3
74934,3
95539,1
94965,3
61973,1
62047,3
74929,4
79264,2
76147,3
25240,3
75925,4
12367,4
86871,2
74161,4
73025,4
72013,3
72339,3
72333,3
90479,3
11815,2
11610,3
7820,3
65650,1
65264,2
74757,3
74928,3
7302,3
7050,3
7303,3
74583,3
74759,3
7052,3
72674,3
6912,3
74429,3
74585,3
6917,3
92785,1
91768,3
74285,3
74423,3
79926,2
22492,1
22487,3
117338,3
6560,3
6633,3
74271,3
87659,2
6565,3
63112,3
63823,3
73835,3
74158,3
6375,3
73723,3
73833,3
73623,3
73716,4
73509,3
73618,4
73389,3
73504,4
73287,3
73384,4
73278,3
72725,4
118639,1
117998,3
66311,3
121274,4
122610,3
96181,1
95385,3
136978,3
137047,3
137170,4
39853,3
44118,3
93673,4
60876,1
61114,3
62442,1
62468,3
13156,2
30261,1
80980,3
85190,1
25280,3
26410,3
13129,3
72327,3
72763,1
108561,3
110121,3
127962,1
66039,3
89721,4
116687,2
89789,3
12749,3
62690,3
12837,3
1310,4
90445,3
91223,3
102859,1
102022,3
29821,1
29691,3
76460,1
76340,4
74918,3
75903,2
75897,3
74026,3
74154,3
74028,4
73830,4
39766,3
96509,1
96363,3
66305,3
95031,3
116860,3
117540,3
86846,2
76700,2
76658,3
77259,3
72323,3
72757,1
1297,3
84984,3
11514,2
11345,3
94079,3
87583,2
116688,3
107499,1
118825,1
118571,3
110123,1
110419,3
60966,3
25085,3
117257,3
77355,2
77117,3
77599,3
95919,3
97061,3
97769,4
61848,4
66021,3
12096,3
77345,4
77859,3
97841,3
74913,3
75889,3
77595,4
78143,3
92312,3
61138,3
103123,1
102320,3
121181,3
71632,1
76570,4
91542,3
72321,3
72745,1
77879,4
78343,3
71959,3
72250,2
116857,1
7648,3
7822,3
7496,3
7644,3
7497,3
7305,3
62336,3
121165,3
70358,3
95655,3
26120,3
56954,4
78323,3
78997,2
119986,3
110859,3
90417,3
91097,3
103170,4
105021,3
74587,3
74912,3
66289,3
12240,4
122307,3
109355,3
136968,3
79608,3
63111,1
63369,1
71793,3
72062,3
6921,3
6635,3
74907,3
75219,3
6569,3
75222,3
75487,3
6377,3
75489,3
75885,3
95657,1
78946,3
72322,2
72729,1
64074,3
64427,2
66015,3
86777,4
97157,1
137032,3
78225,3
73269,3
11299,2
11300,2
7056,3
7309,3
73381,3
73497,3
73609,3
73711,3
73823,3
74034,3
74152,3
62618,3
69480,3
103439,1
102622,3
96173,3
64454,2
64095,3
30482,1
52626,3
75499,3
75869,3
11933,3
87551,3
93675,1
71874,3
72174,3
117251,3
35654,3
108137,1
96581,4
74906,3
61139,1
61170,3
78899,3
71775,3
74147,3
103047,3
75226,3
117252,2
117787,3
74904,3
72719,1
70006,3
70774,2
75977,3
71442,3
66281,3
134279,2
90389,3
90905,3
137385,3
6929,3
21570,1
134824,2
76341,1
6573,3
78183,3
105023,1
105383,3
70736,4
6637,3
109749,3
69955,3
70717,2
6381,3
94157,3
97091,4
85133,3
76571,1
75837,3
74902,3
84112,4
97137,3
66016,5
12560,4
13060,3
135554,4
28128,3
12572,3
78850,3
30067,1
72008,3
71940,3
7840,3
10364,5
12099,4
91601,1
91323,4
59891,4
59319,3
59716,3
60203,4
60284,3
118164,3
119071,1
86613,3
91085,3
78151,4
70440,2
70836,3
93367,3
71785,3
68892,3
68891,1
68606,3
69820,3
60667,2
77118,2
59320,3
59542,3
91715,3
74900,3
125599,3
105385,1
105731,3
87545,3
75826,2
77161,3
67113,4
90212,4
90717,3
78751,3
66275,3
77445,3
11568,3
94633,3
87519,3
88165,3
72362,3
13542,1
13554,1
7058,3
7313,4
66999,4
77777,3
70439,3
70984,3
71685,3
72245,3
61474,3
73821,3
74143,3
134823,3
88129,4
88877,3
78047,4
66078,3
151842,3
66157,3
65870,2
39764,1
3292,1
75658,2
75653,3
74896,3
75643,3
88849,4
60076,4
71593,3
72158,3
91326,1
86264,1
86217,3
66160,1
78710,3
70527,3
71072,3
65854,3
105733,1
106167,3
61712,3
62544,3
73213,2
72963,3
71391,3
89685,3
89641,4
26925,3
27851,2
73295,3
71162,4
71471,3
78638,3
117464,2
66242,3
72051,3
25543,3
73319,3
74142,3
94421,1
93781,4
12532,3
75636,3
74894,3
6933,3
10936,2
10825,3
11392,3
60592,4
73055,3
73403,3
11936,4
12405,3
65263,3
65876,2
87520,2
87859,3
95966,3
70625,3
6387,3
117836,2
118034,3
77373,3
87725,3
71671,3
96055,4
59473,3
87983,3
88499,3
74071,3
74426,3
137210,4
74428,2
74576,3
74574,3
74764,3
74750,3
74897,3
73127,3
73587,3
88347,3
9622,1
9514,3
88683,3
89147,3
118306,3
77864,3
11572,4
12890,3
78574,3
90945,3
89039,3
123929,3
105171,3
106671,3
71053,3
71316,3
74919,3
75116,3
70782,3
75114,3
75312,3
75308,3
75613,3
89580,3
135034,3
59907,4
104199,1
103582,3
91519,3
77316,4
9146,1
9126,3
73173,3
73653,3
75689,3
76893,3
72474,4
70923,3
71225,4
61560,3
62182,3
72550,3
79558,3
78536,3
90925,1
90591,3
7848,3
70745,2
61602,1
7317,2
62583,3
26374,3
73255,3
73719,3
71144,4
86218,1
71452,3
108263,3
71579,3
71965,3
10799,2
10800,2
6389,2
118035,1
63734,2
801,3
89817,3
35946,3
12284,3
61300,3
63757,2
86185,3
35995,3
28114,2
29596,2
11704,3
12778,4
13194,3
123073,2
104493,1
103928,3
11149,3
60509,4
78432,3
79506,3
33505,3
33611,3
137174,3
12777,1
71836,3
137130,4
93784,1
94121,3
73325,3
73783,3
75306,3
75596,3
71623,3
122740,3
70885,3
76726,4
77131,3
77297,3
104461,3
106673,1
107157,3
122778,3
126923,2
4672,1
4646,3
119107,1
119108,3
68318,3
69039,3
76902,4
61174,3
28070,3
71708,3
118402,3
77377,3
71634,3
77108,3
77635,3
78262,3
84577,3
85997,3
62770,3
73407,3
73875,3
79472,4
118691,3
77354,3
77935,3
59820,3
104815,1
104192,3
78231,4
70366,2
71865,3
125602,1
77624,3
71520,2
43051,3
47275,3
85937,3
94123,1
12620,4
13080,4
61034,4
13442,3
28130,3
28250,3
78175,3
79241,3
9040,3
9164,3
9039,1
9115,2
73469,3
73995,3
94543,3
63982,4
86153,3
12619,1
9600,2
118717,1
11038,3
10062,1
9740,4
107159,1
107425,3
9636,2
73043,2
72951,3
73186,3
7852,3
12130,3
9890,3
10379,4
95139,4
73583,3
79463,3
80250,3
56975,1
56976,3
118403,1
118614,3
73291,3
90521,3
127060,2
10868,4
79207,3
60387,4
95215,3
96481,3
75545,3
62720,3
63150,2
11405,3
63796,3
63953,4
80189,4
105031,3
105750,3
72855,3
73283,3
9307,4
10865,3
36491,3
78155,3
39138,3
89571,3
89395,3
28307,3
29618,4
94545,1
62183,1
62504,3
73647,3
13358,3
13668,3
12922,4
62660,1
62604,3
3191,3
89419,3
104510,4
105346,3
107427,1
107729,3
72785,3
73200,3
63243,3
12481,4
79366,3
83991,3
73340,3
97537,1
97005,3
119701,3
78129,3
79171,3
75249,3
75828,3
105214,3
60905,4
57030,3
72666,3
73111,3
58513,1
58247,3
75571,3
76044,3
96483,1
62535,3
72634,2
72294,3
66526,3
12482,1
75775,3
76236,3
88405,1
88383,4
56047,4
56995,4
57988,4
11265,3
11971,3
118948,3
85938,1
62220,3
64052,4
64104,3
70904,3
76023,3
76472,3
73485,3
107731,1
13232,3
121304,4
124878,3
85422,1
85361,3
85829,3
73008,4
105970,2
13419,3
14318,2
8223,1
105139,3
105866,3
76231,3
76580,3
56055,3
57961,3
78065,3
79135,3
91197,4
76443,4
93952,3
88384,1
105883,3
76561,4
12765,4
104977,2
104875,3
60268,2
93999,4
71268,4
88292,3
76729,4
62582,3
72545,2
92265,1
91807,3
71641,3
72224,4
105765,3
77190,3
120936,3
76939,3
12260,3
62206,2
77584,3
64037,4
72462,2
78008,3
79107,3
107126,3
89338,3
483,3
532,3
97483,3
77585,1
69495,3
104817,3
105689,3
104802,3
73751,3
68737,3
69309,3
63000,3
9835,3
92493,1
91983,3
108915,1
108255,4
77957,3
26461,3
72056,2
72379,3
105783,3
81680,3
81138,2
81137,3
81968,3
58999,1
58862,3
107985,3
29595,3
512,3
615,3
62944,3
98507,1
97999,3
62343,3
71300,4
71530,3
31761,4
77921,3
79061,3
451,1
450,3
60767,4
105419,3
88291,1
11100,4
11784,3
81347,3
81769,3
8462,1
8436,3
52248,4
53320,3
118904,3
92715,1
92237,3
73586,3
74131,3
109147,1
105116,3
72055,3
72439,3
12637,3
88212,3
84492,3
85211,3
63927,3
64097,3
105647,3
98757,1
98414,3
97485,1
97849,3
77871,3
79009,3
92919,1
92459,3
64420,3
478,1
477,4
67950,3
85135,4
89337,1
70888,3
71063,4
105343,3
107270,3
89268,4
72129,3
72565,3
95831,1
94599,3
91200,1
91581,3
72625,3
73156,3
106062,3
73188,3
73693,2
61519,3
71095,4
11089,4
86097,3
28184,3
75155,4
74243,3
74446,3
75294,3
93351,1
92793,3
77833,3
78965,3
58630,3
59288,3
117050,3
118837,3
105235,3
105958,3
84081,4
8996,3
118007,1
117938,4
72201,3
84211,4
108258,1
83229,3
97651,3
135847,3
12498,3
12970,1
83041,3
13315,3
13593,3
14073,3
118329,1
118182,4
84447,3
99545,1
98964,3
70867,3
71287,3
12198,2
12197,2
74544,3
75484,3
82800,3
105862,3
87852,3
87188,3
87787,4
98646,3
74412,3
64303,3
118488,1
118406,4
68871,3
78915,3
77673,3
96287,1
95063,3
72835,3
88510,3
69895,3
76158,4
105404,3
84173,3
11516,4
118663,1
118566,4
88461,4
137151,4
152468,3
138146,3
116898,3
117634,3
7366,3
6529,3
7276,3
7410,2
91583,1
91929,3
76563,1
105939,3
73332,3
99759,1
99160,3
6530,1
6841,3
89380,3
89847,3
63508,3
107068,3
76731,1
76907,3
73230,3
10768,3
11459,3
96121,3
97921,3
14014,1
74662,3
75592,3
89229,3
89335,3
72162,3
76909,1
93250,3
69847,3
63521,4
77123,3
68739,2
73919,3
98289,3
135532,4
77125,1
77357,3
78723,3
93723,3
66525,3
66589,3
62699,2
72590,3
73304,3
7199,3
117521,3
77360,1
137104,3
87187,2
87513,3
96765,1
95553,3
60687,3
92343,4
87419,3
72489,3
71483,3
77613,3
85136,1
89303,3
74808,3
75744,3
43052,1
43960,3
87669,3
88081,3
74269,3
97924,1
91931,1
90131,3
69645,3
87941,3
13054,3
13861,3
31672,3
117783,2
85077,3
12714,3
60688,2
60000,2
88313,3
88841,3
72662,3
118819,3
119268,1
73787,3
74101,3
88671,3
58770,4
59697,3
60690,3
60006,3
151699,2
118184,1
89153,3
74888,3
75950,3
6955,3
7237,3
72544,4
74203,3
74653,3
28729,3
28544,3
28763,3
28967,3
86265,1
72547,3
31657,3
93503,3
94201,3
4645,1
4638,3
73354,3
105638,3
89265,3
98587,3
12423,1
118407,1
72461,3
73697,3
74197,3
99242,3
518,3
449,1
72736,3
73436,3
66528,2
29001,1
473,3
502,3
74526,3
82984,4
89994,3
98863,3
99602,3
118568,1
118800,3
77581,3
119504,3
66983,3
58416,4
71536,3
72099,3
106627,3
11503,4
75036,3
524,3
527,3
92345,1
92993,4
12380,3
12904,3
11248,3
100591,1
100086,3
73635,3
74111,3
69153,2
557,3
584,3
589,3
72802,3
73572,4
118783,3
93301,4
93973,3
86275,1
137828,2
74261,3
597,3
12029,3
98589,1
99095,3
99788,3
53004,4
53348,3
89266,3
28739,3
28808,3
54026,4
74007,3
78643,3
28934,4
77551,3
118763,3
119446,4
7977,1
7978,3
12906,1
94549,3
623,3
6956,1
69866,3
71826,3
66954,3
99331,3
74846,3
100949,1
100490,3
109899,2
108393,3
108821,3
106278,3
120862,1
120861,3
63258,3
8236,3
8037,4
73243,3
73685,3
93061,3
93775,3
75248,3
76336,3
105908,3
58391,3
89912,4
11172,1
11171,3
67115,3
152413,3
118679,3
119379,4
626,1
637,3
44502,1
43962,1
78575,3
13254,3
77421,3
79237,3
79498,3
553,3
106038,3
106256,3
2982,1
2981,3
91824,3
54038,4
100442,3
94269,3
95167,4
119704,1
64305,1
64387,3
91883,4
75450,4
76448,3
74399,3
29189,1
29144,4
79477,3
80117,3
105786,2
95675,3
78539,3
69811,3
75126,3
77381,3
627,3
657,3
106338,3
72646,4
73601,3
73861,3
7807,3
120126,1
120058,3
13211,3
13758,3
11759,3
12471,4
99729,3
119964,4
8574,3
75972,3
76530,3
554,1
28682,3
116897,1
100001,3
119309,1
119310,4
94059,3
94938,3
106079,3
106612,2
487,3
72902,3
73369,3
79289,2
79994,3
100702,1
77340,3
73499,3
73911,3
74591,2
454,3
81809,3
118649,3
119231,4
74047,3
24534,3
26523,3
77349,3
78505,3
76037,3
76598,3
71043,3
72080,3
474,3
120643,3
28754,3
29238,1
89865,3
99731,1
119901,4
69813,2
1432,1
1348,3
35966,3
552,3
101303,2
101005,3
101947,3
120793,1
120794,3
73780,3
75280,3
519,3
98415,1
97327,3
95839,3
96991,3
80121,3
7808,1
94667,3
74592,3
69848,2
8575,1
8922,3
545,3
571,3
82975,4
76177,3
76722,3
118589,3
119113,3
27739,3
9308,2
8815,3
9445,3
77140,3
78429,2
93545,1
92507,3
63756,3
64591,4
6925,3
10767,2
11077,3
119774,4
598,1
12522,4
542,1
541,3
118579,1
118580,3
106419,2
120544,3
73493,3
100053,3
75606,4
58741,3
98593,1
97597,3
74714,3
28543,1
13212,1
13366,1
107249,2
100055,1
100231,1
35219,3
8849,4
9759,3
362,1
347,3
398,1
365,3
76034,4
76848,3
11146,3
107250,4
61969,2
28606,3
8295,1
8149,3
120692,3
69676,3
79043,3
81579,3
64622,3
605,3
100709,3
101267,1
11307,3
12515,4
13486,3
119153,3
119707,4
120423,3
107182,2
95471,3
96773,3
492,4
600,1
591,3
119036,4
12175,3
6780,4
539,3
52068,2
52067,3
74816,3
75748,3
76194,3
77008,3
2914,3
121143,4
6864,4
118519,3
72998,3
12233,3
12707,3
73249,2
73591,3
93947,1
92977,3
149753,3
150578,1
14141,1
13805,3
575,3
348,1
107181,3
81892,3
95119,3
75938,4
101612,3
102337,3
98977,1
97979,3
11591,3
119327,3
120592,3
120324,3
74938,3
313,3
76356,3
121724,3
10286,2
10285,2
10623,3
91530,3
11310,1
96385,3
118473,3
118941,3
121088,4
73250,3
73659,3
31769,3
99933,3
101305,3
12176,1
28640,3
91575,4
31844,2
73675,3
10899,3
12584,3
13343,3
646,1
641,3
119224,4
119577,3
81999,4
73992,4
75056,3
120247,3
564,3
117207,1
117208,3
120488,3
28641,1
94271,1
93365,3
124922,2
125513,3
594,4
32368,3
7738,4
76462,3
9219,3
9971,3
124568,3
99449,1
98463,3
108207,4
6768,2
6767,4
60672,4
74420,2
73935,3
74512,3
120979,4
73310,3
82107,4
122746,2
122702,2
123470,3
73816,3
536,3
96159,3
82195,3
102135,1
63315,3
63729,1
80538,3
73739,3
26526,1
118419,3
118861,3
107057,1
107058,3
60647,4
75188,3
120364,3
108208,1
32587,3
78325,3
119717,3
91046,3
8615,4
11464,3
121679,3
119143,4
119590,4
456,3
70638,3
72107,3
516,3
73368,3
73775,3
91093,4
92023,3
107918,3
118967,3
314,1
74063,3
74636,3
120896,4
120173,3
548,4
8601,1
8493,3
107529,3
106315,1
106316,2
642,1
8685,4
12378,3
13214,3
124164,3
125007,4
3271,1
120282,3
67842,3
8309,3
107839,3
121640,3
118363,3
119315,3
73446,3
73883,3
106446,3
106699,3
107214,4
119051,3
119473,4
101635,3
303,3
74171,3
74754,3
122428,3
10493,3
10925,3
635,3
9545,3
10203,3
120827,4
6845,4
107840,1
2913,1
106161,1
106162,3
120094,3
120200,3
135758,3
117125,4
118150,3
73550,3
106702,3
106462,3
101308,1
101307,3
121611,3
6749,3
122701,4
91379,3
92449,3
11267,3
12075,3
99663,3
100683,3
125949,3
74357,3
74850,3
118591,3
107943,1
123736,4
6881,3
7701,3
27952,2
27951,1
28087,2
663,3
653,3
779,3
119401,4
69664,3
70248,3
120709,4
74001,3
105673,1
105674,3
124337,3
323,3
407,3
13719,4
75708,3
120110,3
649,3
95921,3
67841,1
67879,3
120025,4
8311,1
8421,3
73608,3
74447,3
74960,3
537,3
121550,3
13740,4
28088,1
105916,3
11949,3
118593,1
119013,1
90806,3
105333,1
105108,3
647,3
107999,4
304,1
632,3
596,1
610,3
92067,3
93093,3
120614,4
9861,3
10451,3
74121,3
619,3
90829,4
129395,2
15636,3
124775,1
124497,3
2985,1
2986,1
73000,1
124627,3
125161,3
99171,3
99837,1
123998,3
74535,3
75096,3
105019,2
104627,3
106055,3
93767,3
94459,3
464,3
123328,3
119953,4
8075,1
7906,3
121511,3
52863,3
8423,1
28683,1
28684,3
418,3
802,1
98995,3
10847,2
128742,2
101001,3
74225,4
73736,3
124705,3
125529,3
12986,3
53312,4
126047,2
106880,3
107152,3
70640,2
3040,3
100251,3
66756,3
66932,3
105252,4
117126,1
82746,3
74449,4
75242,3
294,2
15620,3
16100,3
611,3
63223,3
106418,2
106568,3
120469,4
82939,4
89280,3
123778,3
121417,3
106155,3
14306,3
104429,3
104968,3
91729,3
92701,3
119443,1
124230,3
66816,3
485,3
89954,3
91235,3
53316,3
55900,3
67962,1
73798,3
74279,3
82278,3
117581,3
11839,3
122961,3
99969,3
106894,3
13612,3
14345,3
82449,3
89259,3
102339,1
105554,3
74551,4
75442,3
11413,3
108070,3
123982,3
10095,3
10697,3
28661,3
93459,3
74333,4
104430,3
104517,3
124943,3
101559,1
121352,3
8731,3
15462,3
14944,3
15447,4
28498,3
124785,3
73910,3
119813,3
120353,4
64393,1
64064,3
124232,1
124444,3
100947,1
15752,3
61262,2
61068,4
61086,4
117127,1
117525,1
61067,1
98679,3
8656,3
9091,3
67881,1
106677,3
8258,4
105041,3
124480,3
69663,1
8177,2
74685,3
119814,1
246,1
236,4
11109,3
14967,4
15421,3
15743,4
63176,3
11024,1
16078,4
462,3
92331,3
108146,3
94175,1
93582,3
74020,3
7525,2
7380,4
7637,3
123873,2
506,1
496,3
107246,3
108057,4
14820,3
108626,4
121259,3
120273,3
93283,3
91237,1
91593,3
6545,3
6775,2
8562,3
105536,3
105752,4
73132,3
107799,3
108447,3
16236,3
8209,4
15737,3
16069,3
14506,3
1004,1
1001,3
124668,3
69226,2
7019,2
7020,3
7129,3
74094,3
69261,2
10299,3
11095,3
98521,3
99017,1
14634,3
15027,3
513,3
561,3
106379,3
100501,1
12988,1
8447,3
7482,3
7865,3
7286,3
63203,3
64127,3
129396,3
107023,3
108165,3
28851,3
235,1
168,4
121217,3
92975,3
568,3
106956,3
109335,3
108987,3
109427,4
109954,3
11603,3
12356,3
82000,1
1414,3
128741,3
9094,1
74178,3
64187,1
63944,3
8802,1
8704,3
14432,3
109657,3
109753,3
104484,2
98522,3
99131,3
63175,2
91595,1
91975,3
124252,3
11401,4
106004,3
16205,1
1395,3
603,3
92725,3
28646,3
29031,3
63204,2
15030,1
471,3
66817,1
99637,1
99333,3
120987,1
109160,3
105188,3
109413,3
109625,3
29815,3
29709,3
32103,3
82002,1
29697,3
93381,3
74248,3
16221,2
9349,3
94076,3
94954,3
81415,3
98706,1
98855,1
66824,4
8282,4
8342,4
78376,4
35266,3
108533,3
90150,3
8450,3
99755,1
91977,1
92461,3
106258,4
3002,1
109692,4
7784,1
7783,3
7985,2
104891,2
481,3
8706,1
108701,3
106843,3
107348,3
107910,3
9351,1
53035,4
93384,1
93823,3
108454,1
108026,3
60704,4
61688,3
135530,2
99645,1
106565,3
107072,3
7426,3
14493,3
14361,3
80142,3
82279,2
11668,3
12548,1
94119,3
95430,3
107600,3
135529,3
135738,4
7769,3
82450,2
82074,3
108424,3
109031,3
9775,3
9955,3
109843,3
69373,1
69325,3
67951,2
67952,4
69128,3
13350,3
14373,2
9675,3
135711,4
7395,3
92464,1
106312,3
106724,3
7720,3
10773,3
66934,1
121219,1
66825,1
66844,1
110003,3
108142,3
108773,3
69225,3
107678,3
9853,3
62528,2
69262,3
28645,1
105036,3
109648,3
107230,2
11443,3
65584,3
93711,3
106177,3
13475,4
95066,3
96208,3
62541,2
9678,1
8243,4
64250,3
65571,4
53047,3
107836,3
109776,3
107679,1
7967,4
105070,4
106387,3
8382,4
107000,3
7243,3
78590,3
7396,2
7634,3
93375,3
10199,3
8021,3
8301,4
38648,3
109185,3
107572,3
76918,3
11667,1
94535,4
95887,3
10726,1
10593,3
7554,3
8361,4
8476,4
7673,3
120662,3
108292,3
7682,3
108433,4
109315,3
105797,3
106647,3
10202,1
11033,4
78340,3
9856,1
107571,2
107877,3
7209,3
7225,3
129047,2
130529,3
11131,3
95725,3
90160,4
93929,3
8285,3
8455,3
9660,3
10030,5
7487,3
107670,3
108555,3
109477,3
34800,3
167,1
10439,3
7145,3
77299,3
77629,3
29945,3
103775,1
103776,3
54557,3
8349,3
9049,3
80479,3
46,3
196,3
199,3
230,3
225,3
68744,3
68759,2
29667,3
89821,3
105296,3
106130,4
64182,3
103337,3
29390,3
7937,3
54576,3
106689,3
107162,1
107824,3
95159,3
94155,3
80129,3
8290,3
468,3
10442,1
130302,2
130972,3
470,2
7469,4
77351,2
108917,3
109621,3
8027,3
106949,1
7085,3
107934,2
93932,1
117582,3
120104,3
110670,3
64260,2
203,3
215,3
105650,3
110031,3
656,1
10667,3
8059,3
8407,3
64147,3
29515,3
29863,3
78413,3
67478,3
68030,3
94477,2
7733,3
105964,3
7775,3
64255,3
81174,3
79085,1
79086,3
10670,1
108341,3
109420,4
134286,3
135717,3
7542,4
64199,3
65332,3
78974,3
79674,3
30097,3
64548,1
7531,3
90288,3
118412,1
118224,3
7043,3
7421,3
118979,1
118980,3
222,3
209,3
7704,3
94829,2
61124,4
62316,4
134787,3
64415,3
147933,3
134285,2
99212,2
98582,3
99802,2
79552,3
79972,1
61105,3
129008,2
99935,3
117899,3
118628,3
107901,3
108930,4
107449,1
107450,3
84584,2
110225,3
102932,3
82819,2
79996,3
132900,2
132702,3
130971,2
11059,3
11991,3
7044,2
7373,3
128568,3
7561,3
118726,3
119388,3
30031,3
30809,1
128603,1
124979,2
12142,1
12141,2
29834,3
106665,2
106569,3
107171,3
98125,3
98428,4
108428,4
8248,1
8247,4
106148,3
107014,4
109614,3
110589,4
106082,3
10720,1
10558,3
117592,3
118267,3
10776,4
7655,3
7378,3
102960,4
103771,3
97793,3
29733,3
11009,3
1002,1
993,4
119161,4
9023,3
9707,3
7284,3
46505,3
47278,1
107930,3
105589,3
6882,2
7039,3
9752,1
8933,3
9422,3
106266,3
97123,3
118400,3
98760,3
100914,3
99809,3
100092,3
109162,3
80591,2
130532,2
130635,2
130636,3
7492,3
10863,3
11771,3
133123,3
134790,2
102391,3
103142,3
99179,3
99665,3
34802,1
35114,3
24533,1
25737,1
7493,3
33870,4
71008,3
105759,4
106540,3
107665,2
105135,3
112032,3
100716,3
68279,2
119818,4
69329,4
8747,3
9016,2
29913,3
110144,3
110841,3
107576,3
118772,4
69404,3
131069,2
96867,3
97301,3
124980,4
8589,3
8811,3
103911,3
104338,3
104503,3
108638,3
35182,3
8427,3
8633,3
10247,3
9830,3
10058,4
10495,3
8511,3
103619,3
8109,3
102527,4
103314,3
64418,1
64523,3
118269,1
104799,3
105369,4
28205,3
8313,3
101863,3
96868,2
68007,3
106317,3
104052,3
30610,3
8144,3
119521,3
97415,2
77,3
98990,3
9424,1
9694,4
110327,4
111783,3
174,3
82147,3
106786,3
110143,3
108140,3
36693,2
36500,3
37619,2
133124,2
133859,2
124168,2
125440,3
127762,3
97957,3
10806,4
11512,2
97811,2
7607,3
7689,3
104935,4
103768,3
105949,3
91117,1
10270,4
98780,3
99074,3
132701,2
6402,3
96051,1
96052,3
102071,4
103027,1
101251,3
34166,3
9981,4
75781,3
73365,3
75731,3
77939,3
108594,3
110797,1
34112,3
99138,3
99634,3
13051,1
120202,1
71764,4
73126,3
131888,2
131160,2
124167,3
125744,3
107168,3
6599,2
6583,3
6732,3
10548,3
104469,4
105539,3
29915,1
9266,4
9950,4
104293,3
7683,3
118773,1
100624,3
85446,3
10590,4
11116,1
131927,2
6695,4
6886,3
908,1
835,3
62346,3
1756,3
6823,3
7082,3
110257,3
62319,3
101487,3
102501,1
98714,3
100181,3
91287,1
90360,3
1719,3
84581,3
98156,3
98530,3
7611,3
71762,2
71680,3
132371,2
71693,4
10011,4
10254,3
95843,1
95844,3
124447,3
126198,3
103960,3
104963,3
7061,4
7214,2
72260,3
107045,1
107046,3
132232,2
7884,2
7883,4
7957,2
64526,1
64565,3
69731,4
72203,4
77204,3
83308,2
98063,3
69740,3
7187,3
6557,3
9986,3
10119,3
96815,1
96807,3
107232,3
99866,4
9808,3
119765,3
108085,3
108842,3
6667,4
9935,3
106733,1
106734,3
96433,1
96407,3
102061,1
107502,3
98065,1
61772,4
91509,1
90424,3
7963,4
131135,3
6793,3
61223,3
10513,5
116234,3
116233,1
116164,3
106900,3
7222,3
6945,2
6907,4
104332,3
64568,1
64713,3
38472,3
9832,4
106501,1
106502,3
67000,3
152414,3
124765,3
126550,3
94085,1
94083,3
110260,2
110375,2
10524,4
90392,3
107237,3
117596,3
74614,2
74339,4
74607,2
69734,1
7025,4
105357,3
106409,1
106410,3
107580,3
108319,4
99944,3
100486,3
106624,3
109270,3
103823,1
103824,4
6558,2
7185,3
117560,3
117923,3
105742,3
111423,1
111424,4
98732,3
110534,2
117925,1
118065,3
7139,3
7260,3
118067,1
118631,3
106913,3
95697,1
95698,3
90334,4
6632,3
99625,3
118609,3
106151,1
106152,3
13460,3
74340,1
74341,1
62276,3
62453,3
114021,1
114022,3
125031,2
106270,3
118495,3
119055,3
98641,3
96239,3
96340,4
6880,3
85405,3
107760,3
108895,3
103405,1
103406,4
104438,3
63410,3
116163,1
117350,3
106559,3
99817,4
101922,3
6401,2
50070,1
98785,3
110998,3
128683,3
131138,2
6964,3
93246,4
90442,4
113894,3
114788,2
117559,1
110262,3
106036,3
9564,3
13095,3
13139,3
111969,4
7195,3
9592,4
10110,3
7137,3
93245,2
93105,3
94294,3
74095,1
73328,2
106333,3
7437,3
7778,3
11232,3
109841,2
110125,3
23103,1
23093,3
67770,2
103075,1
103076,4
86658,2
87042,4
109374,3
61014,3
61743,4
7118,4
93106,2
94207,4
7981,3
8070,3
118931,3
119616,3
118421,3
10312,3
12461,3
7895,3
108278,3
7790,2
131807,2
86297,3
86645,2
113893,1
90335,2
7192,2
21612,3
22975,3
121573,1
121574,3
110374,2
110674,4
90375,4
90598,2
104456,3
99075,4
100461,1
6958,3
61832,3
112140,3
132372,3
109506,3
103988,3
105110,3
98073,4
98028,3
89603,3
90531,2
12990,3
113849,3
111580,3
111995,4
111030,3
114733,3
72788,3
7089,2
173,1
76,3
64716,1
64789,3
115875,1
115603,3
132231,3
117919,1
117849,3
102669,1
102670,3
113042,4
109931,3
118218,3
118829,3
11420,1
23371,1
23285,4
8086,1
110835,4
112205,3
12806,3
12963,3
12885,3
109612,3
110455,3
123715,3
122234,3
124332,3
12805,3
132588,2
7901,2
8647,2
133459,2
32823,3
113782,3
114089,3
46269,2
109051,3
9852,3
96565,1
96566,3
8335,2
93327,1
92717,3
113781,1
117285,3
114592,3
111194,3
98445,3
99761,1
114663,3
117203,1
117204,3
103584,3
118863,3
117667,3
88911,2
110058,3
86881,4
87162,4
97177,3
130553,3
129717,3
131945,3
132425,3
87019,4
88954,2
111025,4
112305,3
64792,1
64863,3
12967,3
16251,3
113679,3
88736,2
110978,3
12932,3
86664,3
108472,3
109540,4
76610,3
79446,4
89606,2
79982,2
82418,3
46270,3
92227,3
93550,3
115257,1
103236,3
110684,3
132233,2
133383,3
12841,3
7053,3
7630,3
112125,3
9270,3
9744,3
88912,2
118097,3
116958,3
10092,2
133460,3
31397,3
99197,3
72308,3
113465,1
113128,3
88735,2
117705,3
72255,4
117628,3
118061,3
12038,3
12785,3
86307,3
88375,3
114555,3
131808,2
111975,3
112826,3
113525,3
114482,3
71099,3
110742,3
21177,3
22006,3
102882,3
108662,3
91825,3
93113,3
71100,4
73251,3
96577,3
97479,3
116583,1
116584,3
12512,3
111779,3
112734,3
128172,3
114407,3
64866,1
65297,3
118736,3
101429,1
101430,4
110292,4
8716,3
117554,3
117983,3
129452,3
11634,3
116555,3
104580,3
105330,3
59859,3
60685,3
132078,3
8717,4
111597,3
111993,1
110358,3
118005,3
108279,3
109020,3
91333,3
92605,3
21178,1
21779,3
9231,3
103450,3
89555,2
115507,3
115735,3
101047,1
101048,4
89557,3
94916,4
117362,3
117935,3
118602,3
96899,4
98053,2
111411,3
111803,1
109820,3
94795,3
96370,3
74712,3
76586,3
128034,3
130149,3
89556,3
104789,4
106466,3
88657,2
107382,3
108725,1
89370,2
45,1
48,1
95891,3
9968,3
113324,3
113753,3
86663,2
110768,3
111113,3
109362,3
104228,3
114369,3
90104,3
92069,3
111617,1
89372,2
89369,3
100545,1
100546,4
127029,3
114274,3
102064,2
63961,3
63701,3
63738,4
63812,3
114311,3
12746,3
118272,3
12322,3
9248,1
9011,3
109320,4
111407,3
123380,3
125024,3
96169,4
97427,3
78797,3
80902,3
9569,2
110767,3
111076,4
6686,3
94996,4
104403,4
105339,1
103914,3
32826,1
33197,3
12798,3
13267,3
112557,1
112558,3
90511,3
77851,3
117237,3
118044,3
101602,3
12720,3
114947,1
115618,3
116482,3
30307,3
75648,3
117238,1
98715,3
99695,3
48524,3
48868,3
112299,1
112300,3
104061,4
23209,3
24755,3
104867,1
107966,3
114186,3
77617,4
95250,3
96871,3
94885,3
101238,3
111849,3
108017,4
13190,3
117505,1
112109,1
112110,3
113484,3
115350,3
86308,2
75,3
95319,4
98519,3
99108,4
22122,3
113361,3
7844,4
126902,1
124924,4
121250,2
120826,2
121658,3
116306,3
12852,3
127146,4
128092,4
103704,3
104513,1
7888,4
63739,1
82,1
100736,3
111294,3
128093,3
128712,3
129794,3
90690,3
98520,3
98766,4
99923,3
128243,3
116744,4
95502,3
76662,3
6718,4
7334,4
116341,3
113255,2
113591,3
63790,2
90825,2
104150,1
110617,4
63704,2
109683,3
109423,3
110008,1
110301,3
36630,3
100113,3
61574,3
61803,3
99560,3
108217,3
110775,3
126937,3
96124,3
110992,3
111590,3
117015,1
116775,3
94626,3
97285,4
99993,3
121582,4
127065,4
113256,3
116209,3
66894,2
109213,3
109716,1
61635,4
99134,3
111966,3
105953,1
105954,3
66905,2
117307,1
116893,3
14455,2
128136,4
110411,3
110883,3
124688,3
128101,3
106884,3
108203,3
60085,3
61361,1
111107,1
113823,3
132725,1
113681,3
108911,3
109457,1
77082,3
113950,2
114296,3
122044,3
100125,3
110987,1
98804,3
106826,4
99691,3
100491,3
12464,1
13437,3
116026,5
116615,1
105601,1
105602,3
65946,3
110791,3
132092,3
120825,3
94114,3
95520,1
23471,3
108389,3
109830,3
7578,3
65420,3
65887,3
114198,4
114724,3
28406,1
28403,3
28465,2
13804,3
102316,3
101976,3
102969,1
103972,3
132791,1
107647,3
66856,3
113794,4
111600,3
66845,3
110583,1
110584,3
132150,3
116680,3
23308,3
24267,3
99301,3
99986,4
122500,4
9363,3
87710,3
87148,3
88379,3
89014,4
97378,3
114580,4
114888,3
127500,1
127061,3
128822,4
105099,1
105100,3
61400,3
93718,3
94921,1
108879,3
101502,3
102537,1
21816,3
110378,1
110377,3
106347,1
105342,3
100857,3
122564,3
98980,3
99733,4
90826,3
114083,3
8957,3
83356,2
61448,3
61506,4
115514,4
115566,3
107287,3
108241,4
134138,3
106230,3
65421,3
110149,1
110150,4
86534,3
87745,3
132979,1
126636,1
126635,3
65329,3
83419,2
93717,2
94462,1
99326,3
106262,4
132208,3
6185,3
104943,1
104944,4
111438,3
100975,3
102255,1
31781,3
77848,4
113349,3
91234,3
100362,3
91782,3
65880,3
106897,3
107811,4
90385,3
91709,3
77894,3
33839,3
114431,3
8459,1
8132,4
100059,3
126142,1
126141,4
89759,2
91219,3
71743,4
25043,1
95005,3
86006,3
87065,3
65867,3
111141,3
114962,2
71130,2
105572,3
133069,1
150647,1
150648,1
132264,3
109071,3
121615,3
101029,3
105008,4
106490,3
30052,3
30825,3
13679,3
15396,3
116745,2
116748,2
107464,4
7336,1
7430,3
89601,3
100235,3
101865,3
7184,3
125636,1
125635,4
112705,3
22850,3
23535,3
90587,4
8875,1
8661,4
121956,3
124836,3
85426,3
86443,3
13424,3
111059,3
128180,4
108455,4
109405,3
7670,3
8600,1
8498,3
133119,1
126457,3
114832,3
106840,3
112837,1
132274,3
112257,1
112003,3
127945,3
129458,3
96653,1
96654,3
89850,3
118961,1
118962,4
77634,3
111142,1
111181,3
7671,1
106403,1
106404,3
124452,3
125044,3
58636,3
28323,3
60343,3
127787,3
129138,4
99613,3
101120,4
23379,3
23969,3
126005,3
85425,2
85856,4
14681,2
103375,1
103376,4
107991,4
108809,3
15329,3
92541,3
91887,3
92667,3
133409,1
114802,1
114801,4
127517,3
128203,3
115210,3
96146,1
96145,3
61339,3
132288,3
104152,4
109641,1
12499,3
13985,3
124080,3
124716,4
114533,3
115015,3
127355,3
128030,3
104208,3
106494,3
105999,1
106000,3
25189,1
24985,3
107082,3
107614,4
125114,3
28138,4
108329,3
114761,4
115189,4
7838,3
66418,4
66857,2
127179,3
127851,3
95597,1
95598,3
98729,3
100448,4
102935,1
102936,4
20761,1
20762,3
125482,3
21016,3
21755,3
7788,3
123580,3
124328,4
97462,3
24535,3
115191,1
115469,1
133523,1
111431,1
126959,3
128390,4
97357,4
121490,4
60088,1
91851,3
109113,1
92837,3
91435,3
91979,3
97998,3
8320,4
132308,3
107242,3
107958,2
26522,2
96895,3
97559,3
126667,3
128145,4
20828,3
91336,3
114892,3
7713,1
7444,3
86959,3
124978,1
114914,4
123176,3
123844,4
23023,3
23735,3
87292,3
102029,3
7787,2
8093,3
16293,1
103664,3
126443,3
127969,4
125814,4
25231,3
128499,3
99738,4
8835,3
9171,1
102547,3
107414,1
97029,4
98015,3
106104,1
1976,3
60973,3
126253,3
127038,3
133345,1
92999,3
96437,3
124638,1
117905,2
114458,3
92084,5
122722,3
123424,4
5412,4
6218,3
132340,3
1943,3
101639,3
102331,3
31442,3
126031,3
126793,3
128103,3
8664,1
55240,3
56482,3
8116,1
8134,1
114457,1
22143,2
22995,3
114763,1
115263,1
103108,3
96095,3
96739,4
126554,3
5734,3
6308,3
101316,4
102373,3
33903,3
24403,3
128331,3
128969,4
114460,1
97533,3
117450,2
124414,3
91707,2
91708,3
92261,3
21687,3
122410,3
123025,4
22083,3
101888,3
88179,2
88357,3
92885,3
118301,3
119844,4
120386,3
125565,3
127193,4
86236,3
91810,3
98826,3
92836,3
132997,1
128736,4
8003,3
7183,1
7264,3
121408,3
132400,3
66846,2
66557,3
61419,3
61662,1
95741,3
96263,4
24803,3
97107,3
124823,3
126467,3
128569,4
100925,3
101451,3
123750,1
122602,4
8650,2
7265,1
98329,3
102014,3
8321,1
8368,4
102519,4
81067,3
80559,3
81332,3
81621,3
151889,1
67103,2
130546,3
101519,3
95283,3
95957,3
102451,3
100696,3
127282,3
71840,4
77667,3
87412,3
96393,3
88627,3
101034,3
28324,1
23187,3
119946,3
20766,3
21357,3
117906,4
130346,3
94971,3
95637,4
72447,3
123393,1
121654,4
132839,1
102180,3
93066,3
102102,3
101607,3
92554,3
93495,3
117449,3
22737,3
132458,3
6065,3
7066,3
79945,3
81003,3
97579,3
99009,4
126930,3
129469,3
96143,3
96817,3
25627,1
25297,3
66880,3
101196,3
101725,3
124605,3
125708,3
99920,3
119453,3
101833,3
111448,3
93145,4
95156,3
28094,3
101080,3
102268,3
129336,3
122281,1
122282,3
127122,3
127816,4
101256,3
91944,3
92591,3
87632,3
123160,3
61194,4
61839,3
23,1
18,3
7180,3
110079,4
112933,3
30664,3
95833,3
118302,2
119135,3
101081,1
96416,3
124441,3
125921,4
22469,3
22949,3
101931,3
78495,3
80246,3
119508,4
121876,3
21314,3
129061,3
127537,4
21995,3
101873,3
16632,2
13986,3
14016,3
24963,3
124832,3
92791,3
22476,3
96177,3
124265,3
101965,3
97095,3
98422,3
5261,1
5154,3
101392,3
129602,3
127362,4
101324,3
124125,3
124671,3
99709,3
89325,3
90052,3
21592,3
8327,3
129445,4
88713,3
92223,3
101325,1
101514,3
123837,3
124500,3
5501,1
5366,4
92905,4
20982,3
99104,4
100383,3
96729,3
97796,3
8367,1
25033,3
89786,3
20701,3
129151,4
129769,3
55184,2
55874,4
20099,1
20023,3
123631,3
124989,4
115907,2
115547,3
116945,3
133347,1
101281,3
102539,3
14056,1
131348,3
131064,3
131397,3
132514,3
3065,3
14032,3
126963,4
20939,3
128194,3
121988,3
5965,3
6170,3
91421,3
123453,3
124827,4
106225,3
106753,4
151975,1
76872,2
131065,1
78880,3
80510,3
23339,3
87864,3
96730,2
97406,3
88873,3
76871,4
14036,1
128025,3
27004,3
99834,4
129405,3
65844,2
23838,3
14382,1
14381,2
125068,3
35134,1
35133,3
14370,2
123277,3
124646,4
86237,3
86366,3
118372,3
98492,3
99293,3
90192,3
151853,3
16637,2
94467,1
94289,3
120446,4
122256,3
92527,3
93369,3
21252,3
127838,3
91860,4
5153,3
5423,3
7780,3
129556,3
130169,3
123679,3
27763,3
28778,3
105941,3
106349,1
61733,3
62072,3
94007,3
95028,3
100681,3
102125,3
35193,3
35426,3
114911,3
115849,3
128421,3
123125,3
126188,4
124778,3
129982,3
132666,3
122849,3
123492,3
92126,5
92672,3
23119,3
5474,5
5750,3
25535,3
60106,3
87876,3
89119,3
93921,3
94693,3
98667,3
5774,3
6052,3
93471,3
127351,3
129837,3
91902,4
6466,1
6206,3
99617,3
122693,3
123331,3
93543,3
94582,3
105595,3
106051,1
124928,3
125672,4
92040,3
96382,4
25871,1
25872,3
91739,3
128520,3
81140,3
17925,1
17926,2
122519,3
123856,4
92814,3
125499,4
111001,1
111002,3
79122,3
23557,3
99900,4
101503,3
106754,1
17,1
22,1
86596,3
93883,4
76874,1
77149,3
118424,3
19145,3
111244,2
111084,3
111519,3
93593,3
122332,3
123645,4
35516,3
36462,3
125290,4
88122,3
99061,3
99775,3
110805,1
110806,3
24673,1
24674,3
90548,3
78433,1
78169,3
110415,1
110416,3
128108,3
98847,3
115235,3
116623,3
120798,4
33876,4
33896,3
105205,3
105713,3
111355,3
19053,1
19054,3
4994,4
124051,3
92988,3
93795,3
110595,1
110596,3
106515,3
107075,1
126592,3
60996,4
61546,4
78366,3
110233,1
110234,3
110912,3
6678,3
122516,3
106516,1
33859,3
94012,3
5647,2
61939,3
111725,2
111595,3
111859,3
99531,3
111136,3
128356,3
129014,3
99821,3
110037,1
110038,3
127307,3
128151,3
21996,2
6547,1
6288,3
86634,3
24341,3
25120,3
100482,3
22338,3
20929,3
132696,1
133044,3
98658,3
114511,3
93098,3
93979,3
24055,3
102819,1
128789,3
99955,3
123585,3
34355,3
106451,3
20703,3
126244,3
94820,3
95668,3
111441,3
5241,3
105101,3
105529,3
6248,3
963,3
1227,3
55183,2
106396,3
106713,1
79752,3
80551,3
128586,3
5804,2
95180,3
27277,3
27978,4
81622,3
123775,3
124471,4
100135,3
21386,3
34654,3
126037,3
86976,3
77383,3
97962,3
99003,3
105514,3
111203,3
26487,1
93264,3
94161,3
60344,1
57058,4
5400,4
21349,3
84384,1
84383,3
122339,3
123392,3
131303,3
79178,3
130601,3
111380,4
61730,3
62213,1
124284,4
109781,1
109782,3
125808,3
94554,3
6080,3
94378,3
94884,3
117980,3
127494,3
110295,3
104847,3
110164,3
111057,3
114179,3
115149,4
5401,4
75987,1
75988,3
21499,3
94902,3
6100,3
5648,3
24537,3
110432,3
20909,3
95810,3
105102,3
105285,3
126463,3
124129,4
100137,1
100415,4
110887,3
130521,3
130728,1
109565,1
109566,3
122191,3
123406,3
6607,1
6368,3
5018,3
60899,1
60900,3
109894,3
82556,2
82113,3
82840,3
118414,3
1846,3
1953,3
23232,3
30814,1
30813,3
94006,3
115345,3
2372,3
110249,3
28243,1
126205,3
2325,3
128923,3
110701,3
109399,1
109400,3
95317,3
96290,3
97488,3
98743,3
82085,2
122077,3
122511,3
109696,3
75355,1
75356,3
93579,3
94501,3
6081,1
90954,3
129929,3
82453,3
77923,3
110501,3
110896,3
110054,3
6330,3
99483,3
128627,3
59888,4
100870,3
119249,3
125982,3
126556,3
121977,3
122386,3
93362,3
21329,3
4196,1
3663,3
102129,2
101587,3
102176,4
101287,4
109454,3
95016,3
95992,3
113791,3
114749,3
58635,1
26717,1
26144,3
117141,3
21171,3
20727,3
22378,3
124873,3
109755,3
117869,4
121849,3
122267,3
61388,4
93969,3
97044,3
98389,3
110363,3
131224,3
131953,1
60779,3
7182,1
109401,2
6132,3
23797,3
5543,1
5550,3
95684,3
6160,3
110640,3
124702,3
132991,3
126140,3
121709,3
122670,3
109527,2
149743,3
149856,3
131223,1
60016,4
110139,3
93572,3
24178,3
24913,3
7870,1
7609,3
21099,3
7569,4
31329,3
31332,1
31040,2
95044,3
101040,3
71896,4
71976,3
131520,1
124523,3
22628,3
23477,3
27036,4
27485,3
110448,3
121619,3
122493,3
96512,3
97803,3
36530,1
83694,3
109984,3
126340,3
127128,3
21243,3
116799,3
109869,3
35195,1
6462,3
113401,3
114307,3
6134,1
27887,3
28190,3
35694,3
35465,3
35934,2
94615,3
95482,4
65976,3
6578,3
125034,3
126949,3
121509,3
122356,3
110267,2
94043,3
122769,3
36138,2
82207,3
130463,3
87104,2
87594,2
80213,3
124883,3
119449,4
121024,4
78341,2
78701,3
132968,1
132967,3
126660,3
36350,3
36324,3
81565,2
121363,3
121769,3
8046,1
7755,3
65969,3
23919,3
95893,3
36310,4
114925,3
115827,3
96803,3
101358,3
6194,3
94149,4
94988,4
65901,3
130072,3
125261,3
96241,3
58316,1
80547,3
28780,3
28902,3
121243,3
121662,3
71745,2
71781,4
122477,3
115942,3
77459,3
6809,3
123636,3
113402,1
113911,3
93677,4
26978,3
76226,3
74708,3
74223,3
74258,3
74866,3
37479,1
37480,3
24460,3
121137,3
121557,3
108438,4
151293,1
151294,1
81045,2
28434,1
87979,3
114829,3
115668,3
95271,3
95938,3
68355,3
71867,2
65949,3
66129,3
93746,3
97313,4
26013,4
26991,4
76509,3
77915,3
55203,3
56406,4
19022,3
122595,3
123255,3
6196,1
6292,3
94313,3
79397,3
27770,3
1411,3
1847,1
25246,3
117626,3
118578,3
115115,3
37255,1
37256,4
95961,3
21427,3
21820,3
119029,1
133879,1
65996,3
8141,1
7925,4
124803,3
121862,3
115900,4
117927,3
25698,4
27447,3
35197,3
66023,3
123088,3
25683,3
72167,2
28928,3
29152,3
16001,3
79619,3
132970,3
22759,3
61242,3
61860,3
94517,3
95583,3
74257,1
74376,3
124953,3
125777,3
120603,3
121232,3
72796,2
101606,3
102484,1
60609,3
60984,3
122839,3
47817,3
17356,1
17355,2
93838,3
21822,3
21089,3
66512,4
66564,4
100692,3
102051,3
117481,3
124620,4
37978,1
5744,3
89783,3
20815,3
23791,3
125542,3
130071,1
24203,3
121939,3
28424,3
66123,3
66323,3
96343,3
96086,3
96904,3
97049,3
29018,3
29728,3
72168,3
118596,3
133586,3
133787,1
87981,3
88775,3
81021,1
94539,3
125339,3
76716,3
131287,1
131009,3
79367,3
97757,3
35443,3
118597,1
118756,4
72795,4
80216,2
80763,1
97567,3
98394,3
93968,3
94711,3
108484,3
66384,2
102884,3
96540,3
60782,4
121705,3
75721,3
7570,1
98031,4
120427,3
120878,3
115001,3
115663,3
6068,3
29584,3
30058,3
111429,3
7483,3
23261,1
23149,3
36226,3
35257,3
35980,3
100106,3
101393,3
96113,3
74618,3
66375,3
24670,3
8233,1
8091,2
90330,3
80231,1
121817,3
122223,3
94116,3
94815,3
78171,3
130003,3
97799,4
23491,3
121728,4
120313,3
121188,3
36987,1
36988,3
37035,3
37742,3
95777,3
96421,4
94985,3
76062,3
88733,3
66409,3
66237,4
109725,3
122112,3
132028,1
131880,3
117954,3
131907,1
131867,3
73388,3
72783,3
73558,3
72643,3
120211,3
120651,3
94172,3
85169,3
132480,1
96943,3
3537,2
3505,2
3539,4
115954,3
3506,4
66622,2
66626,2
99960,3
100951,3
118996,4
119743,3
122007,3
66042,3
95101,4
96154,3
97391,4
28376,3
28580,1
120097,3
120532,3
96781,3
60039,4
66757,2
97153,4
98465,3
7074,4
72620,3
35038,3
113923,1
113924,3
120011,3
120362,3
128492,2
128266,3
129376,3
29180,3
99959,2
100495,3
25515,1
24587,3
114876,4
115320,3
121338,3
130363,4
131421,3
4308,3
6812,1
61618,3
76888,3
21487,3
66785,2
110937,2
35212,3
96959,3
119905,3
120801,3
66509,3
4925,3
78391,3
49880,2
107021,1
106626,3
29744,3
30494,3
128078,3
129494,4
21890,3
15,1
9,2
66080,3
66152,3
113789,3
102209,3
45556,1
45555,3
66758,3
106625,1
97634,3
98103,3
20169,3
55953,4
120631,3
7677,3
107144,4
128077,2
128525,3
23863,3
24383,3
131559,3
72921,3
6188,3
118116,3
119216,3
84129,1
84130,3
113609,3
114492,3
66784,3
28000,3
60244,3
61478,3
73205,3
73794,3
97904,3
107196,3
119729,3
106652,3
119575,3
120479,3
120851,3
15984,1
15983,3
128321,3
36963,3
124377,3
125570,3
107319,1
106846,3
75051,3
75979,3
101566,3
102821,4
131855,3
37026,3
106305,3
74097,2
28906,3
29396,3
66591,2
66593,2
97683,3
113610,1
114236,3
66121,1
18097,3
119455,3
119958,3
66808,2
4337,4
5187,1
124207,3
125620,4
97499,3
77110,3
71081,2
70951,3
71349,3
73466,3
66806,4
36665,3
36996,2
119355,3
119791,3
120584,3
78675,3
30406,3
30916,3
65847,2
66452,2
70807,3
71219,3
66680,2
106089,3
106607,1
37226,3
74098,3
123903,3
124639,3
110938,2
110984,1
118971,3
119270,3
122328,4
12500,1
127260,2
127070,3
127552,3
25690,3
119658,3
70175,3
70855,3
120718,3
121107,3
74518,1
74517,3
101086,3
102264,3
34508,3
34677,2
7400,2
7258,3
7521,3
27847,4
119487,1
23961,3
105911,3
106413,1
123711,3
124455,3
75300,3
128809,3
1795,1
1687,3
72985,1
126860,3
128260,4
66673,3
79687,3
121008,3
111105,3
112704,1
57648,3
6318,1
47567,3
47865,3
70216,3
70941,3
118438,4
119084,3
103679,2
103265,4
103899,1
115837,4
128011,2
127839,3
128114,3
19559,3
29398,1
123551,3
124269,3
56752,3
57146,3
81497,3
84428,3
126578,3
127303,3
105912,4
106149,1
23021,3
59805,3
120882,3
103266,1
28468,1
98436,3
97694,3
98013,3
98558,3
118264,3
128744,3
89703,3
90964,4
128680,4
100728,3
101870,3
123389,3
124807,4
128440,3
126356,3
127156,3
129732,4
36485,2
36838,3
74777,3
67170,4
70559,3
71083,3
77112,3
7391,4
66763,3
66869,3
120090,3
70077,3
21507,3
118570,3
119128,3
1201,3
1267,3
94088,3
117519,3
105978,3
130685,3
37854,4
128486,4
123187,3
124613,4
102946,4
103483,1
24507,4
126168,3
126939,3
30665,2
31390,3
93925,4
111087,1
111088,3
76412,3
47291,3
16123,3
88906,3
69911,3
70309,3
96138,3
128598,3
129371,4
118694,3
119228,3
15947,3
30338,3
16184,1
98792,3
100727,2
101446,3
93729,4
96019,3
90187,3
92168,3
97985,3
69465,2
69949,3
21653,3
66430,2
70284,3
70431,3
70698,3
6268,3
125914,3
127462,4
23583,3
24201,3
122917,3
124428,4
24761,3
25928,3
98302,3
119890,3
74256,3
124907,3
129077,4
15825,3
15996,3
92465,3
96216,3
3500,1
3499,3
70702,3
102873,4
28108,3
151332,3
35456,2
35464,2
151354,3
71375,3
115573,3
115877,3
29652,3
23113,3
117657,4
127287,4
122783,3
123455,3
103496,3
75770,3
67135,4
118828,3
119334,3
7545,4
128920,4
70446,3
69466,3
70023,3
16047,4
16104,3
104386,1
104385,3
35903,2
35979,2
101723,3
103223,3
88415,3
111641,3
119997,3
120342,3
73652,3
83116,3
84604,3
115691,3
122599,3
123286,3
100981,3
29248,3
120042,1
120041,3
89180,3
70772,3
71457,2
127567,3
7108,4
117491,1
117105,4
79163,3
80095,3
124553,3
26500,1
26499,4
130058,3
68103,3
68248,3
56302,3
56664,4
125966,3
97693,3
118636,3
3571,1
120239,3
98773,4
104118,1
104117,4
113639,1
113640,3
73858,3
35124,3
116549,1
116115,3
117225,1
116973,4
69743,3
70165,3
122461,3
123131,3
12601,3
26960,3
26588,3
26909,3
27082,3
118978,3
119422,3
97539,3
30028,3
30589,1
115574,1
114754,3
5830,3
6520,3
6735,3
114193,3
37264,3
117931,3
111484,3
130612,3
116177,1
115957,3
117576,1
117275,3
77398,3
75121,3
36486,2
120122,3
124726,3
125467,4
131275,3
72862,3
73183,3
37828,2
38416,1
96930,3
97662,4
103933,1
103934,4
123602,4
105117,1
104859,2
70844,3
115339,3
127227,3
78745,3
79487,3
118728,3
114300,3
105012,3
92229,4
15116,3
15955,3
129803,3
6736,1
28798,3
3543,3
69542,3
93535,1
35745,3
3510,2
69623,3
69858,3
3501,1
7252,4
125151,4
117769,3
85915,3
27032,3
27274,3
104860,3
96814,2
96597,3
119112,3
119598,3
34740,2
34878,3
28141,4
104022,4
91004,3
92503,3
68104,2
121917,3
123093,3
102915,1
102916,4
23858,2
80761,3
82392,3
69862,3
70496,3
16322,3
62557,1
129567,3
127399,3
128073,4
97257,3
97816,4
98545,3
114157,3
114520,3
26852,3
29715,3
78315,3
79151,3
37112,4
124935,4
3066,1
3173,3
96185,2
96186,3
82462,1
82461,3
116395,3
116587,4
118858,3
37755,2
73361,3
83408,3
69578,3
127032,3
104423,1
68371,2
74478,3
16877,2
16596,3
17524,3
118124,4
127898,4
129414,3
123707,3
102572,1
102571,4
103873,4
18945,3
18947,3
69900,3
70564,4
26835,3
77021,3
84079,3
3480,1
3479,3
116727,4
78759,3
6594,3
130736,3
26968,3
127763,4
104180,1
96821,3
129918,3
7073,1
7404,4
7693,2
127116,3
119392,3
119828,3
114277,3
12466,2
14342,3
112217,3
27197,3
113728,3
151302,3
102433,1
102434,4
114595,3
115370,3
6892,3
100985,3
102154,3
81556,3
68372,3
98042,3
82891,1
35304,2
46481,3
46888,3
98006,3
123375,3
69482,3
69750,3
89197,3
92659,3
12296,3
121781,3
122460,3
129762,3
34956,2
125955,3
96338,4
16225,4
6895,3
89552,3
103966,4
59023,3
69990,3
70648,3
114695,4
115974,3
103158,1
84411,3
119244,3
6370,3
96308,3
110829,3
69360,3
69689,3
14344,1
119280,3
120177,3
27112,3
27286,3
29716,1
3763,3
85471,1
85472,3
3438,3
66611,3
13802,1
12606,3
130021,3
129538,3
125709,3
121669,3
122582,4
98469,3
98959,3
99792,3
123541,3
124239,4
1270,1
1405,3
68952,3
69423,3
113960,3
89035,4
69964,3
74080,4
28598,3
102957,1
119559,3
7550,3
132414,3
114176,3
100016,3
80299,3
119168,3
26330,3
128537,3
121559,3
121963,3
125509,3
3459,3
124076,4
113731,1
113732,3
83423,3
35343,3
117227,1
116955,3
76241,3
75503,3
3460,1
70133,3
70726,3
117544,4
7029,3
79561,1
96276,4
119044,3
119435,3
59205,4
3429,1
3430,3
95131,1
95132,3
120358,4
98256,4
102662,1
34907,3
37756,3
116590,1
100707,3
101106,3
89401,3
92943,3
96470,3
68993,3
69471,3
128360,3
126247,3
129710,3
28511,3
121405,3
121824,3
123807,4
70113,3
99065,3
1020,1
1019,4
31378,3
31806,3
118878,3
119332,3
117543,1
35344,2
35775,3
73298,4
68458,3
68579,3
68616,3
128143,3
116730,1
74786,3
125985,3
121313,3
121713,3
70378,3
70790,3
100427,3
100819,4
31097,2
31722,3
59315,4
46412,3
68896,3
71240,3
73209,3
69169,3
69573,3
67654,2
129859,3
130473,3
68403,3
101420,3
133213,1
133109,3
73561,3
102804,3
118768,3
119723,3
27174,3
27358,3
117808,3
69806,3
69945,3
28029,4
128706,3
132770,1
132769,4
34818,3
121171,3
122064,4
31919,1
68838,3
69019,3
96357,3
96528,3
126293,3
79225,3
80871,3
29094,3
35137,2
125728,3
98068,3
98426,3
27041,3
96928,3
97830,3
103479,1
103480,4
70183,3
67657,2
133085,3
117343,4
7193,3
78761,1
16532,3
100073,4
100553,4
130307,3
76469,3
108079,3
110092,3
113708,3
70187,3
68883,3
70450,3
70852,3
97040,3
118662,3
119555,3
27976,3
101167,4
88956,3
117001,3
128555,3
96275,3
57140,3
123415,4
69013,3
3658,1
3531,3
68110,3
68451,3
89631,3
93159,3
111552,3
113566,4
121085,3
121951,4
99024,3
69079,3
69302,3
124663,3
23117,3
22819,3
23254,3
23529,3
117003,1
98562,3
113137,3
114995,3
130080,3
69828,3
74086,1
103280,1
103279,4
19005,3
96390,3
46848,2
70325,3
103939,3
119781,3
118550,3
119427,3
24541,3
25602,3
99099,4
100207,3
69278,3
16577,1
128825,3
104202,2
100905,4
69886,3
23820,3
125865,3
21970,3
6805,4
124488,3
120945,3
121806,4
70502,3
70946,3
59745,4
6312,2
6150,3
127374,3
76855,1
122139,3
132035,1
132036,4
104103,3
19154,2
34679,3
35801,2
68636,3
68897,3
69109,3
68275,3
68523,3
117647,3
22820,2
22876,3
67615,3
32240,3
84740,3
37758,2
115375,4
116180,3
103029,1
103030,4
118446,3
118816,3
101926,2
16193,2
16519,4
15328,1
15327,3
24085,3
124319,3
34234,3
33660,3
120849,3
121213,3
7329,2
17085,3
17623,2
3547,4
3915,3
97526,4
97744,3
98602,3
126080,3
126931,3
100395,3
6556,1
69350,3
69930,3
29886,4
33515,3
34515,3
32438,3
32527,1
84904,4
27572,3
6806,1
117346,1
117577,3
68628,3
103802,3
29012,3
119486,3
70780,3
3586,3
5541,1
118324,3
118699,3
70335,3
128469,3
67285,3
67105,3
97036,4
6333,3
68767,3
68957,3
82771,3
97192,3
15385,2
15680,3
124860,3
120713,3
121114,3
35138,1
68187,3
68332,3
15897,3
92569,3
93809,3
149954,1
101613,3
122774,4
77055,3
98692,4
126627,3
70620,3
71104,3
121907,3
15937,2
67926,3
67851,2
67852,3
67964,4
70381,3
73621,1
118606,3
68024,3
68146,3
106363,3
108828,3
99723,3
100589,3
104158,3
68151,3
103569,3
68328,3
69984,3
114997,1
115287,3
119656,3
120077,3
69803,3
70421,3
70722,3
18699,1
120593,3
121031,3
149744,1
66474,3
66914,3
86025,1
115595,3
116376,3
123791,3
128629,3
129401,3
2402,3
27010,3
126415,3
28407,3
109596,3
117579,1
68650,3
101329,3
122028,3
122447,4
70096,3
67860,3
67985,3
68200,3
68725,3
68820,3
80153,1
79883,3
69699,3
70109,3
118012,3
118943,3
111649,3
98718,3
99353,3
15252,3
92099,3
93305,3
83945,3
119989,3
19093,3
54794,3
56363,3
121346,4
2501,3
3363,3
70475,3
103340,3
97037,2
97164,3
68662,3
68816,3
124917,3
129112,3
23008,3
128268,3
69135,3
69420,3
111012,3
69775,3
68354,3
122322,4
89327,3
79380,3
80962,3
117891,3
118795,4
68682,3
100677,3
119848,3
28767,3
79379,1
70136,3
70547,3
37573,2
97646,3
67917,3
68065,3
128973,3
97675,4
91711,3
92843,3
34233,2
148407,1
70786,3
101051,2
132038,1
132694,1
133088,1
122187,4
121156,3
27172,3
115632,3
117556,3
68832,3
69181,4
113059,3
35349,2
119000,3
21196,4
103016,2
16210,3
16855,3
115289,1
124591,3
108980,3
110799,3
69229,3
69807,3
121401,3
67868,3
70170,3
79764,3
68394,3
68764,3
117893,2
31530,4
31880,3
123206,3
91277,3
92384,3
67883,3
67946,3
19127,3
19161,3
37114,1
99553,3
1354,4
70240,4
70980,3
111089,1
89329,1
19209,3
23827,3
25045,3
18425,3
20471,3
67940,3
124767,3
125523,3
99235,4
100687,3
98935,3
97907,3
98747,3
68228,3
69085,3
124659,3
123798,3
580,2
118744,3
5680,3
5956,3
67920,3
69557,3
69937,3
115377,1
89803,3
91890,3
96732,3
3532,1
18403,4
69017,3
69291,3
121173,3
125316,3
111414,3
2514,3
2677,3
122793,3
15886,3
106979,4
34184,2
22376,3
23821,2
98949,3
99658,3
96809,3
97751,3
118855,3
119324,3
68874,3
69071,3
67956,3
68272,4
29196,3
98617,3
112225,1
28481,4
35350,2
125019,3
69285,3
69409,3
69666,3
6419,3
122606,3
121285,3
121695,4
31529,1
23828,2
22463,3
97831,4
119197,3
3629,3
35303,2
109432,3
69630,3
28236,3
70302,3
81941,3
96246,4
122479,3
31453,3
31664,4
70556,3
89737,3
121602,4
68798,3
69099,3
115411,3
68190,3
68400,4
69433,3
124096,3
119080,3
97034,3
97496,3
98089,3
96404,4
82049,1
82050,3
30726,3
118023,4
112337,3
32439,1
32486,3
68130,3
68319,3
114239,1
113529,4
123108,3
27898,4
121473,4
49875,3
96462,4
69698,3
70362,3
3456,3
78059,1
96502,4
67968,3
74130,3
100557,4
101311,3
68794,3
26356,3
29050,3
29838,3
67184,4
67167,3
96300,4
68915,3
69197,3
68157,3
89104,3
113187,3
75301,4
97033,1
122831,3
94473,3
96111,3
16692,3
112555,3
97756,3
115225,3
115606,3
96444,3
96610,1
123149,3
99805,3
100887,3
69746,3
80584,3
6473,1
128650,3
122648,3
32487,1
32516,3
100699,2
68810,3
90057,3
30354,3
68863,3
68996,3
67934,3
68183,3
99580,3
67155,4
26590,3
107581,4
110182,3
35291,2
104853,3
100777,3
101247,4
101731,3
77319,3
68964,4
121981,3
69487,3
115360,3
83372,3
116240,3
70379,3
99340,3
15940,3
66918,3
66746,3
122733,3
68910,3
12219,3
114561,1
113833,4
114125,3
100788,2
33250,2
68045,3
68259,3
77435,3
34183,3
36625,2
121842,3
32517,1
32584,3
6422,1
31454,3
99681,3
100465,3
100827,4
101621,4
102965,3
27402,3
31659,4
69012,3
69545,3
17307,2
17209,4
17563,3
30227,3
35500,3
31869,3
111615,3
112455,3
122892,3
123597,3
121731,3
67948,3
71629,3
71119,3
72084,3
72169,2
31136,2
15161,1
15162,3
67975,3
68132,4
98999,3
69492,3
77321,1
42100,3
99311,4
67044,1
40754,1
40753,1
112843,3
101264,4
101816,3
86926,3
86925,1
86743,3
87994,2
115842,3
68048,3
122134,3
111679,4
69058,4
123434,3
68446,3
128402,3
129894,4
90371,3
57692,4
13078,1
67978,3
92074,3
118675,3
119605,4
123273,3
16983,3
17455,3
116754,4
117752,3
99148,3
97350,3
25903,4
86315,3
87431,3
121936,4
31524,4
68156,3
68486,3
6064,4
98708,3
99069,3
118599,3
119464,4
128188,3
129685,4
31692,3
122167,3
36626,3
33375,3
32446,3
32740,4
28832,3
29638,3
76020,3
74646,3
75693,3
76222,3
22004,2
97719,3
99719,3
105526,4
57113,3
118471,3
118847,3
17644,1
35499,3
128008,3
128646,3
108267,3
110810,3
99213,3
100043,3
15163,1
58564,4
81147,1
17521,3
74734,3
75982,4
68397,3
68602,3
116606,3
29738,3
92049,3
92190,3
15243,3
3576,4
113139,3
118369,3
118732,3
12220,2
13251,3
69392,3
127836,3
128478,3
98021,3
2761,1
94511,3
121933,3
68315,3
68544,4
77663,3
120345,1
120346,3
102868,4
103359,1
56249,3
56633,3
1358,1
72067,3
22127,2
71951,3
72370,2
33311,2
33070,3
68042,3
69068,3
68176,4
89103,3
32940,3
81014,3
82747,3
110913,3
85851,3
86985,3
59545,3
68390,3
118249,3
118641,3
127580,3
128273,3
99758,3
2944,3
28452,3
74733,1
17237,3
32366,3
32510,3
2735,3
28065,3
28803,4
92050,3
92500,3
28758,3
93505,3
31503,3
101433,4
101825,3
117034,3
117914,4
122042,3
122503,3
93050,3
99057,3
2897,3
110973,4
111787,3
119016,4
94849,3
28815,3
127392,3
128847,4
91245,3
17587,3
98475,3
98895,3
32537,3
22128,4
28350,3
56126,3
68117,3
68254,3
104401,3
122372,3
71599,3
72233,3
20518,2
74942,3
116092,3
17391,3
17783,3
76476,4
127192,3
128614,4
68168,3
83533,4
28783,2
32302,3
32420,4
31526,1
112748,3
113037,4
114149,3
118813,2
87791,3
104185,3
105103,3
20557,2
76905,3
80355,3
122241,3
113423,3
114259,3
29476,3
58766,4
68114,3
72311,3
83635,3
85428,3
27743,3
28090,4
15241,3
15310,3
76210,3
119063,3
128990,3
120215,3
121160,4
127024,3
128432,4
22228,4
106174,3
68480,4
93819,3
116032,4
116884,3
72821,3
16600,3
35058,3
35809,3
32568,3
1353,1
104011,3
104887,3
32618,3
107358,5
101073,4
126724,3
127441,3
32200,3
32336,4
120113,3
121066,4
54606,3
117392,3
118040,3
17145,3
27431,3
27972,4
17755,3
113689,3
114495,3
101215,3
3374,3
6146,3
6261,4
6271,3
76981,3
86309,3
118809,3
128575,3
71931,3
126544,3
127270,3
3447,2
109215,3
68708,4
116264,4
120029,3
120377,3
92967,3
1021,1
1027,3
1168,3
101053,3
103785,3
104649,3
1203,1
1170,3
86705,3
59006,3
60116,3
68642,3
109307,4
111403,3
32474,3
76677,4
79959,3
126322,3
127105,3
18080,1
100713,3
100988,3
1266,2
118909,3
119363,4
94277,3
95355,3
6262,1
119931,3
120266,3
69796,2
69590,3
70428,3
29133,4
68166,3
32199,1
32262,3
128739,3
129466,4
115913,3
26714,3
68512,3
21264,4
22544,2
6314,4
6358,3
117304,3
20474,1
21157,4
28866,3
16937,2
80392,3
103525,3
104473,4
126070,3
127676,4
27674,3
98118,3
119240,4
119771,3
120146,3
100878,3
129332,4
99693,3
68813,3
69120,3
93913,3
95760,3
6289,3
74645,3
115914,1
32392,3
100669,3
113976,4
114821,3
68204,3
68534,3
119123,4
125406,3
127049,3
120554,4
113573,3
8122,2
129063,4
86014,3
117642,4
118154,3
32210,3
103357,3
104275,3
8111,2
130696,3
131504,3
116502,4
101929,1
94243,3
127825,3
93531,3
120391,4
105026,3
72823,1
73265,3
68373,3
68596,3
106834,3
29694,3
29967,3
117536,3
49399,3
50520,1
69562,3
70179,3
69044,3
69288,3
103049,3
104075,4
115279,4
32324,3
71687,1
71688,3
105215,3
120597,3
130723,3
56925,4
93726,3
120292,3
68757,3
68912,3
121755,3
122828,4
68950,3
69084,1
84955,3
83241,3
84485,3
85585,3
76680,1
79057,3
110849,3
112105,3
68236,3
81605,4
68301,3
68472,4
127387,3
69363,3
70143,3
837,3
962,3
116674,4
68839,3
129872,3
68949,2
69010,1
119675,3
125018,3
126283,3
30228,1
30478,3
117874,4
118318,3
59485,3
60472,3
68376,3
82909,3
69221,3
68961,1
102925,3
103809,3
34402,3
35345,3
68754,3
81129,3
121645,3
122547,3
114242,4
115143,3
1677,1
1715,1
26313,3
120318,3
129746,3
70308,3
70818,3
119500,3
127541,3
128225,4
68308,3
30815,3
131036,3
131832,1
116770,4
124868,3
126473,4
28732,3
1271,2
1272,3
1284,3
113301,4
95927,3
68942,3
121539,3
121948,3
60573,1
1280,3
1288,3
91563,3
93864,4
129529,3
119415,3
128040,4
102611,3
103599,3
120441,3
120931,4
124696,3
125460,3
115467,3
86260,3
1304,3
1305,3
1321,3
17182,3
121375,3
121811,3
16823,2
1282,3
70689,3
81763,1
130067,3
18019,3
119840,3
31597,1
23456,2
127871,4
69411,3
71334,4
120836,4
124502,3
125073,3
66794,4
95097,3
26824,3
109767,4
110281,3
69320,3
69903,4
116910,4
118020,4
68530,4
84023,3
85095,3
118430,3
28554,3
102612,2
103365,3
79383,3
121269,3
121699,3
838,1
840,1
72778,2
73769,1
68639,3
68804,3
129868,4
120688,4
1292,3
1315,3
124348,3
124916,3
107554,4
1300,3
114524,4
93511,3
94592,3
131380,1
122046,3
75430,3
36269,3
116504,1
130174,3
68360,4
119907,3
69114,3
69823,3
129726,4
81721,3
103189,2
68701,3
936,3
124212,3
125591,4
108513,3
113619,4
70108,3
112231,4
1026,3
121928,3
28384,3
86888,3
104445,2
117122,4
118290,3
127405,4
91927,3
94100,3
128675,3
70487,4
123864,3
125433,4
1294,3
70584,3
59868,4
102105,2
114704,3
112561,4
68467,3
68586,3
129841,3
83527,3
85024,3
118546,3
121792,3
119623,3
128496,3
72337,1
72338,2
122120,3
30152,3
125734,3
68519,3
130942,2
101992,2
68834,3
123684,3
125040,4
15308,2
115811,3
71115,4
78369,3
121197,3
128337,3
68361,2
68456,3
16734,1
111094,3
129980,3
130598,3
117332,4
68866,4
123514,3
124225,3
119749,3
120163,3
70313,4
150713,1
150701,3
68432,2
71728,3
95942,3
68727,3
121100,3
128932,4
68940,3
69241,3
80369,1
79973,3
126701,4
130434,3
115895,4
121879,3
12738,1
33372,3
34720,3
123356,3
123994,3
71049,4
120072,3
125294,3
113919,3
111206,4
104619,2
108095,3
108981,3
30109,3
78937,3
120996,3
25227,3
26878,3
102106,3
84615,3
115717,3
130277,3
69718,3
127847,3
109770,1
104807,3
119981,3
122004,3
122424,3
85397,3
123194,3
123753,3
117528,3
118646,3
68494,3
68747,3
125528,3
126274,4
72569,1
72570,3
112781,4
113869,3
69139,3
69615,4
93323,3
121112,1
101991,3
129023,3
14281,2
57862,4
124409,4
122299,3
114095,4
126055,4
86629,3
87772,3
116912,1
68715,3
68516,3
70119,3
70200,3
70793,4
120891,1
71553,3
14266,2
60586,1
60124,3
80381,3
122183,3
106683,3
108415,3
79459,3
80101,3
78258,1
78257,3
125794,4
143,1
122,3
105491,3
107361,2
83061,1
82137,3
72553,3
14282,2
80735,3
128599,3
124106,3
111534,4
84989,3
121389,3
103184,2
104498,3
105181,2
71491,3
124475,3
127199,3
69034,3
69081,3
118648,1
118952,5
70693,4
76219,1
76141,3
114583,4
108479,3
109481,3
69570,3
69971,3
101458,4
102079,3
113065,3
20616,3
86343,3
87210,3
14265,2
58445,3
77911,1
77912,3
128771,3
129511,4
103105,2
104161,3
65697,3
95715,2
127853,4
128641,4
117124,1
107556,2
106643,3
69397,4
70099,3
95487,3
68917,3
75664,3
77725,4
65479,3
31074,1
121158,3
69077,3
124151,3
129368,4
126826,3
111093,1
20714,4
107995,3
86344,3
86738,3
68824,3
69369,4
33242,2
129101,4
71311,3
109141,3
121263,3
121687,3
111790,4
126559,3
113275,3
124304,3
124899,4
114825,4
116083,3
105397,2
111208,1
70147,3
58620,3
71431,3
7,2
29104,3
116475,4
76482,1
76481,3
28773,3
29375,3
121578,3
70479,3
71249,3
72869,1
124720,4
126320,3
130912,2
29074,3
128021,4
107142,3
108188,3
69889,3
26934,3
71681,4
121440,3
127055,4
124555,4
81665,3
82607,3
76202,3
76508,3
130732,3
68785,3
68828,2
109535,3
68674,3
71773,1
70003,3
69206,3
69843,4
78827,1
78739,3
126731,4
82997,3
83517,1
84055,1
109342,3
109713,1
115065,4
116243,3
129959,3
37972,4
49210,2
86866,3
78353,3
79810,1
75562,3
108190,1
108508,3
106243,2
70455,3
117530,1
111536,1
112166,4
75491,4
127168,3
79266,4
81223,3
71684,1
72009,4
106112,2
114160,1
113474,4
129818,3
126532,3
17167,3
18761,3
70539,3
5875,3
6156,3
6348,1
6528,1
100569,1
100570,3
111096,3
72938,3
105517,3
30111,1
33796,3
72097,1
70481,3
71059,3
77136,4
71089,3
129621,3
74289,3
77087,3
29392,3
125471,3
82727,1
33371,2
83087,1
109201,3
115247,4
79204,4
70995,4
130094,3
125180,3
59109,3
59740,3
126640,3
54626,3
85257,3
69160,3
69685,4
68673,2
68829,3
117339,4
117429,3
120310,3
107538,4
108770,4
70321,3
109467,3
72885,4
114271,1
113650,4
54552,3
54583,4
25563,4
27244,2
112400,4
70257,4
124949,3
72012,1
72199,1
107344,3
113846,4
121441,1
126954,3
127584,4
129557,3
107625,1
111791,1
54388,3
28169,3
79429,1
69046,3
69640,3
1139,1
71645,3
1024,3
105274,3
125661,3
54507,3
54767,3
127409,4
130237,3
115383,4
116651,3
82739,3
107728,3
109170,3
100134,3
5679,1
59356,4
77884,1
77434,3
58068,3
88947,3
89004,3
91189,1
104796,4
70755,3
127220,4
27395,3
28445,3
84161,3
85613,3
112624,4
70833,3
71575,3
72955,1
56929,3
57602,3
125308,3
87689,3
1,3
54416,3
125739,3
70103,3
70685,3
110511,3
114066,4
129875,3
100133,1
29394,1
128917,3
101036,3
102329,1
33412,3
57512,2
72888,1
73145,4
63972,3
65450,3
80701,2
80515,3
80945,3
57511,3
71485,3
115539,4
116801,3
78504,1
78162,3
107539,1
129089,3
2,1
5,1
58310,3
69543,3
130019,3
130627,3
69478,3
104980,4
105208,3
33351,3
33620,3
112770,4
17181,1
104114,3
104465,4
72015,3
5877,1
59592,3
125365,3
51226,3
107914,3
73207,1
57699,3
88547,1
88141,3
54407,3
70747,3
36271,1
36583,4
128110,3
108653,1
107772,3
104464,2
71381,3
130460,3
84978,3
86181,3
89683,1
114226,4
80516,3
82227,3
125553,3
126311,3
88982,3
70615,3
78567,3
70071,3
127953,3
130323,3
104551,2
18763,3
19037,2
71539,3
73148,1
73273,1
88653,3
89588,1
115745,4
116985,3
69869,3
70468,3
112402,1
126110,3
112948,4
104683,4
20502,3
127768,3
70521,3
70987,3
71885,3
71953,3
72419,2
29223,1
2737,1
87299,4
125895,3
57633,3
57708,4
59912,3
29446,3
102159,4
128303,3
69634,3
86907,3
108036,3
114398,4
30187,3
31188,3
57521,3
85784,3
86647,3
102119,1
101242,3
20577,3
23184,4
70847,4
57609,3
56747,3
57567,3
56817,3
57887,3
102459,3
122589,2
122391,3
122790,3
128065,2
102278,3
72171,1
115909,4
111554,3
129889,3
71303,3
104453,3
104883,3
58004,3
113124,4
69438,3
69818,3
88277,3
70437,3
105544,3
108184,4
110927,3
88279,1
71845,3
70337,3
70767,4
109343,3
108977,3
109849,3
110159,3
128442,3
89323,1
89123,3
122195,3
122539,4
58722,3
108721,3
109653,3
20116,3
71771,3
72289,3
60549,1
60298,4
71215,4
54133,3
53399,3
54112,2
86158,3
109511,4
114626,4
70222,4
83731,3
84544,3
85246,3
54444,3
27455,3
28625,1
122928,3
99712,3
98945,3
99478,3
99918,3
100903,3
928,3
111502,3
106111,3
88823,3
110011,3
110659,3
70662,4
19948,3
122025,3
122351,4
107505,3
108717,3
113320,4
1033,3
49510,1
78707,3
79141,3
28192,3
29377,3
19969,3
71669,3
72207,3
88825,1
20139,3
129343,3
128010,3
33910,3
71121,4
18941,3
27262,3
81985,4
110489,1
122707,4
106242,3
107165,3
2923,3
71601,3
85002,3
100814,1
100813,3
83217,3
24292,4
98946,3
99524,3
123202,2
111553,1
84146,3
121671,3
122148,4
108037,3
114846,4
128229,3
128914,3
116205,4
58966,3
107330,3
89233,3
65605,3
65606,4
79217,3
80616,3
109801,3
69859,3
70296,3
86769,3
87646,3
111102,3
111686,3
69437,1
69763,2
110341,1
101232,3
70562,3
71046,4
72151,3
59808,3
122481,4
116253,3
89027,3
89403,1
128669,3
70185,3
71531,3
81544,1
113544,4
122885,4
49400,3
79663,3
24982,3
25324,3
19105,3
108539,3
109273,3
54036,2
123860,3
128466,3
2977,3
121967,3
122278,4
123616,2
123402,3
123834,3
70760,3
122627,3
115080,4
70912,3
71418,3
83403,3
84310,3
112280,3
109901,1
121519,3
121784,4
29662,3
30153,2
2961,3
111220,4
82987,3
123139,4
89028,1
69765,1
70141,3
70605,4
78903,1
60611,1
60496,4
85038,3
79337,3
80579,4
122089,4
123558,4
106715,1
106716,3
108443,3
110103,3
100171,3
71521,3
113742,4
84836,3
85524,3
110145,3
89589,1
72003,3
84074,3
3106,6
49908,1
51004,3
53674,3
122398,4
124102,2
121387,2
121628,4
30188,2
29701,3
34648,3
82659,3
71156,3
121914,4
75189,1
74715,3
122800,3
123297,4
70061,3
70512,4
110277,4
111400,3
115268,4
116095,3
71322,3
112959,3
122201,3
88487,1
88213,3
123746,4
79079,3
87391,3
28700,2
81562,3
121388,3
108363,3
109864,3
122524,4
84682,3
71033,4
54286,3
54617,3
113962,4
59666,3
110441,4
121720,4
59994,3
122951,4
84593,3
49250,3
83777,3
79081,1
28727,2
122032,4
86521,3
69914,3
70423,4
123465,4
19107,1
19377,3
71568,3
83547,3
111532,3
35805,3
37919,4
30366,1
30365,4
80454,3
83963,4
71806,3
115392,4
111705,3
109068,3
88939,1
88871,3
113162,3
122344,3
122690,4
70764,3
121542,3
83258,3
79593,3
19632,4
87897,3
112960,1
82160,3
121834,3
69475,3
123209,3
3445,3
73227,3
54462,4
54807,3
123561,3
152096,3
101424,3
152092,2
70894,3
71453,4
100300,3
75539,1
122144,4
69916,2
70324,3
114182,4
113009,3
88107,3
89261,3
60186,3
60570,3
3378,4
3638,3
79475,3
79969,1
20115,1
111962,3
112728,3
122473,4
115558,4
95091,3
94675,2
96092,4
96851,3
84451,3
70671,3
150727,1
150702,1
83257,1
53968,3
122866,4
1192,1
121648,3
1172,3
29522,4
122986,3
115626,3
15484,4
27665,3
60280,3
60352,3
574,3
100874,2
71112,3
113216,3
85897,3
87579,3
113000,3
102171,5
71011,3
71372,4
152091,3
121974,3
122272,4
89053,3
89805,1
71703,3
29461,4
28590,4
70568,3
84208,3
54668,4
54979,3
122617,3
100731,3
114330,3
113328,3
54171,3
3617,3
3698,1
108442,3
121758,3
81321,2
81305,3
81618,3
108569,3
122093,4
29367,3
31308,3
71253,4
71638,3
19379,1
19541,3
98583,4
79077,1
79078,3
70862,3
122404,4
94676,3
80703,3
81208,3
113392,3
122486,3
101364,3
110266,3
35806,1
26965,1
26915,3
101157,3
81439,3
81932,3
84030,3
54305,3
54860,3
55137,3
29270,3
152094,1
152099,2
121870,3
114554,3
115496,3
29572,4
100806,3
50712,3
29666,3
88609,3
89729,1
122211,3
71541,3
71168,3
79767,3
140729,1
140728,3
81839,3
82238,3
137757,3
110118,3
111571,3
29511,4
84209,1
31090,3
31712,1
141158,3
56253,1
56223,3
109551,3
100451,3
114708,3
80596,1
80595,3
152101,3
113614,3
103462,1
103345,5
84681,1
95088,3
97046,3
122006,3
1186,3
122054,3
93364,3
1035,3
55022,4
55267,3
82536,3
79260,3
100287,3
99079,3
108944,3
111465,3
71438,2
20745,4
54531,3
115331,3
81157,3
56117,3
56603,3
82511,3
82808,3
85766,3
28622,3
80453,3
29341,3
29587,3
91506,4
101577,3
99167,3
2786,3
2743,3
3310,3
3353,3
54207,3
3432,1
3431,3
80777,3
3434,1
53920,4
108728,3
19543,1
19705,3
81642,3
82248,4
28023,4
82732,3
83184,3
100098,4
12910,2
10688,3
13490,1
69476,3
70094,3
3620,1
93363,1
95212,3
28491,3
83494,3
101891,3
79462,3
34098,3
35432,3
20835,1
81386,3
87699,1
86689,3
86491,3
81158,2
89025,3
93814,3
95582,3
55160,3
55437,3
79819,3
87457,1
85412,4
82654,3
83792,2
114898,4
89247,1
78550,3
36361,3
36093,3
36096,3
36738,3
54873,3
29786,3
102533,2
103433,2
81494,3
103336,2
55885,3
56503,4
81355,3
31075,2
69429,3
69760,3
83324,3
85139,3
82882,3
54707,3
69980,3
69918,3
69849,4
69587,3
70194,3
15059,3
10456,3
11428,1
96296,3
96350,3
4035,1
4036,4
69789,3
96938,3
101244,3
100254,3
70027,3
70442,3
36094,1
19839,4
60426,3
78549,1
79001,2
109674,3
87029,3
56392,4
57082,3
55051,3
92691,1
92692,3
19707,1
19899,3
4059,1
70277,3
70484,3
23410,2
25216,3
30106,3
30957,3
70289,3
70271,3
54322,4
81219,3
113104,4
113220,4
20748,1
21109,1
81457,3
82626,3
89191,1
111305,3
56649,3
57543,1
57202,3
57931,3
110994,3
98093,1
96878,4
16790,4
82676,3
3911,3
4740,1
19654,3
88597,3
87905,3
88931,2
92005,1
92006,4
28496,3
55756,1
56265,3
83090,3
84263,3
95128,3
85343,3
86822,2
84970,2
85253,3
31766,1
31614,3
16809,2
17729,1
30484,3
87333,3
81504,3
85323,1
1039,3
36844,1
36532,3
86665,2
922,3
57240,3
58136,4
55335,3
94236,4
63969,3
65446,4
62818,2
62537,4
63637,3
28043,3
3368,4
88183,3
101243,1
42807,1
42805,4
56487,3
14708,3
15465,3
91429,1
91430,3
84911,2
55719,3
28377,3
8522,1
7364,2
84653,2
72992,4
74306,3
87675,1
57377,3
58041,3
83973,3
53921,1
69781,4
57221,3
82007,4
95721,3
69797,3
93584,3
69323,3
27601,3
28649,3
120668,4
69620,3
91027,1
91028,3
79382,3
30122,3
1210,3
95872,3
70261,3
1182,3
88331,1
1208,3
69565,3
19138,3
15852,3
69719,4
55693,3
19207,3
26916,3
3371,3
3478,3
15835,4
65470,4
65522,3
83765,3
84441,1
68830,2
69151,3
34902,3
68711,2
56145,3
3687,3
83625,3
84517,1
56888,4
90515,1
90516,4
31399,3
68712,1
60109,3
65457,4
69549,3
83509,3
84365,1
30758,3
69683,3
69751,3
64801,4
69735,4
70161,3
94348,3
69155,3
65602,2
65443,3
65567,3
55503,3
61655,1
61429,3
113091,3
120184,2
69348,4
54323,1
54818,2
29207,1
29200,3
84231,1
56197,3
56374,3
70129,3
75049,1
1181,1
1178,3
120203,2
66623,2
15583,3
18395,3
78356,3
79707,3
83846,1
83845,3
69554,4
65591,2
69572,3
69907,3
66646,2
69821,3
81711,3
82241,3
90974,4
91784,4
71904,3
74440,3
72459,3
73728,3
83622,1
83621,4
29526,3
50976,3
42806,1
33662,3
81872,3
82849,3
84091,1
79457,3
80993,3
2765,1
2766,3
14707,2
3730,4
74185,3
74650,3
26629,3
27303,3
83442,1
83441,4
34668,3
36042,3
64827,3
42970,3
46024,3
24906,1
24812,3
56285,3
83967,1
81491,3
128006,3
128594,4
56273,4
56744,3
6280,2
2674,3
91874,3
79183,3
81285,4
58145,3
2758,3
41212,1
41211,2
668,3
58244,4
59099,3
5961,1
29527,1
29800,1
82490,3
83117,3
74545,3
75922,3
120669,2
23012,3
23406,3
83227,3
83721,1
55448,3
55542,2
120702,4
81319,3
82497,3
28671,3
88539,2
69786,3
59189,4
59913,4
88522,2
120704,2
82712,3
121258,2
127997,3
55524,3
79015,3
80132,3
83521,1
88531,1
88532,3
56256,3
81151,3
82265,3
74461,3
75684,3
55786,3
128563,4
128765,4
129256,2
54746,4
6228,3
73864,3
102534,3
56164,3
78668,4
79955,4
130885,2
59679,4
60194,3
56179,4
56643,3
77064,3
78450,3
25592,1
82045,3
128407,3
124073,3
129141,2
21710,3
36294,3
77116,4
25032,3
130886,2
101878,4
74202,3
74610,3
18382,3
130888,2
38750,3
1041,1
24236,3
62231,2
62043,4
31401,1
1043,1
60617,4
15274,3
61269,4
77933,2
79098,3
81505,3
88540,3
71948,4
72602,3
74611,1
74798,3
88521,3
37625,3
38717,3
41249,3
69706,3
105066,1
105065,3
63269,4
63857,3
69556,2
19181,3
19304,3
74799,1
75004,3
18572,3
19139,2
69728,3
56641,3
57094,3
19182,2
18604,4
69464,3
81074,4
77934,3
79362,3
72088,3
72692,3
76838,4
75009,3
75524,3
56044,3
2803,1
2781,3
58963,3
59327,5
33377,3
33132,3
32879,2
56051,4
56559,3
37184,3
32355,2
58773,3
59045,3
99948,3
123812,3
81813,3
60048,1
59843,3
38651,4
42052,1
42051,3
66624,3
72182,3
72804,3
79694,4
80887,3
34511,3
35207,3
66742,4
31100,2
35817,3
58469,3
58838,4
34067,3
78318,3
59955,4
60262,3
41770,3
42248,3
66645,3
56771,4
58253,4
62369,4
62797,3
89201,1
69832,2
2673,1
70914,3
58530,3
75285,3
63527,4
63885,3
32159,3
91434,3
63557,3
70961,4
72306,3
72910,3
82153,3
58346,3
60065,3
60306,3
28703,1
28689,3
78648,3
80492,3
104578,3
105380,3
26832,2
44419,3
46130,1
74472,3
74746,4
60131,3
60372,3
686,1
72410,3
73101,3
17766,2
31897,3
32308,4
60598,4
60757,4
91348,3
60213,4
60462,3
81474,3
31898,1
55713,3
56435,4
17795,2
20171,1
20011,3
75258,3
90107,1
90108,3
19961,1
19871,3
60265,3
60518,3
61155,4
61799,4
91082,3
91387,4
2178,3
72558,3
73179,2
93408,3
60315,3
58666,1
58665,3
75000,3
75549,3
29123,1
59825,3
35901,3
35075,3
88914,3
93319,4
77172,3
79248,3
33802,4
60393,4
60692,3
75551,1
75797,3
2969,1
66727,3
66737,4
27811,1
27522,3
80806,3
60477,3
12553,1
12332,3
27039,3
60551,3
60835,3
73037,3
80989,4
97630,3
75015,3
76565,3
77065,3
77113,3
79140,2
62649,4
6227,1
26752,2
96426,3
89158,4
81832,3
14464,3
102492,4
104602,4
69730,3
66789,4
67024,2
74037,3
59520,3
1177,1
1176,3
36933,4
60589,3
60933,3
79083,2
89772,1
89771,3
59161,4
77301,3
79782,3
58944,4
72907,3
73345,3
60639,4
60987,3
66507,3
67633,2
19673,3
79953,3
81153,4
58590,4
59708,4
31420,3
60723,3
61051,3
77078,3
78993,3
2435,3
74405,3
20409,3
23155,3
89152,3
72650,3
73239,3
34857,3
723,1
721,3
26389,3
76861,3
79046,3
62189,4
86302,3
85076,3
85529,3
86808,3
70019,3
60773,3
56120,4
56571,3
74548,3
60097,3
100797,2
35765,3
59800,3
69836,4
71075,3
23573,3
77779,4
27590,3
13506,1
13248,4
56681,2
80109,3
81164,3
84610,3
19303,1
19569,3
60889,4
61597,4
20155,1
71363,3
72183,3
59864,4
101841,3
73633,3
74181,3
83432,1
82592,3
28054,1
27906,3
56612,3
27213,3
77157,3
28837,3
72980,3
34472,4
79576,3
60287,3
56668,3
65932,4
58410,4
1206,3
1314,1
58329,3
906,3
73459,3
59984,3
64275,4
55318,3
64299,4
32918,3
33191,3
74092,3
26787,3
76624,3
77607,3
84068,3
85464,3
35563,3
83753,1
82918,4
19221,3
73106,3
73595,3
86176,3
87678,3
67710,3
60134,4
63123,4
56314,4
73002,3
18504,4
62507,4
73904,3
74315,3
32969,3
70865,2
70341,3
71125,3
69800,4
12088,2
11804,2
27258,3
85971,3
60499,3
88860,4
59379,3
73771,3
81465,3
18402,3
18471,4
60238,4
43032,1
76078,3
76710,3
29201,1
73507,3
59171,3
56526,4
56935,3
31936,3
32374,3
60581,3
74283,3
58786,3
58983,4
76790,3
73307,3
73637,3
72848,3
60332,4
87908,4
88699,4
58795,4
33061,2
103857,3
83244,4
84352,3
55348,4
76173,4
80623,2
58613,3
74005,1
59193,3
62011,4
69801,2
80668,3
80576,2
16562,1
16561,3
86590,3
18157,4
75144,3
81861,3
40244,3
69386,2
60432,4
25724,4
59015,3
74796,3
72790,2
73088,4
63307,3
58494,4
27405,1
76427,4
77899,3
74547,2
32762,3
73421,3
73731,3
58429,3
56698,3
57853,3
70157,3
70494,3
88779,3
63081,4
73196,4
69838,2
69936,3
88158,3
58819,3
104243,4
76243,4
35250,4
60753,3
61391,4
26425,3
28409,1
28363,3
69439,2
18104,3
59421,5
71433,3
75074,4
40219,4
83556,4
84962,3
60516,3
88218,4
741,1
739,3
75246,3
72789,3
58647,3
67734,3
151827,1
151828,1
76465,3
38006,4
39029,3
73563,3
73789,2
74384,4
36528,3
31419,2
70612,3
72641,3
72971,3
73490,3
6229,2
59199,3
68205,3
5824,1
5823,3
28787,3
82651,3
31746,2
75326,3
60602,4
73611,3
7602,3
733,3
747,3
13249,1
678,3
58827,3
59217,3
59717,4
73363,2
70572,3
71545,3
70374,3
72555,3
72828,3
85342,3
86992,3
86981,3
89416,3
750,1
757,1
72465,2
72325,3
27099,3
121,1
62919,4
55802,3
56204,3
74579,4
85844,4
62361,4
59039,3
59239,3
33410,3
711,3
58851,3
75182,3
72721,3
80257,3
82733,3
84844,4
59068,4
74386,1
58693,3
79934,3
73629,2
55895,3
28361,3
58875,4
31798,3
72616,3
61707,4
71319,3
71665,3
31745,4
75262,3
16658,3
16885,3
59881,4
79735,3
78883,3
79550,3
80427,3
70656,3
78441,3
79148,3
71480,3
26719,1
26700,3
32266,4
751,3
72453,3
59247,4
31816,3
31938,3
28982,4
56089,3
56416,3
699,1
690,3
82297,2
81865,3
82933,3
78861,3
59084,4
60035,4
713,1
85786,4
709,3
63177,3
58893,4
1350,1
1349,3
74737,3
59499,4
56269,3
84171,3
37090,3
38632,4
27648,4
3648,3
3707,4
58703,4
755,1
60157,3
70830,3
79964,3
80364,3
74521,3
81669,3
82516,4
59263,3
59106,4
101547,3
31956,3
20209,3
58913,4
16706,3
17583,3
28723,4
85910,3
88465,3
25363,3
26140,3
26203,3
71731,3
60257,3
79701,3
744,3
44420,1
46628,3
62137,4
62779,4
58731,3
14115,3
17906,3
61204,4
59295,3
5698,1
5694,3
72477,3
32628,3
31913,3
32010,3
81670,3
82080,4
59158,3
72219,3
72769,3
34040,4
78347,3
85450,3
58582,4
54890,3
93500,3
80019,3
58947,3
58503,4
26336,3
54916,3
26806,3
38752,3
40147,3
93397,4
17601,3
5572,2
5538,3
5634,2
70646,3
71789,3
91294,4
78989,3
74523,1
58775,3
83584,4
31773,3
31847,3
3717,4
91360,4
97435,3
78889,3
79199,3
57176,3
78203,3
56428,4
6428,3
5826,1
5816,3
59847,3
60449,5
101403,3
103725,3
59325,3
78913,3
79339,3
59601,4
71606,3
71962,3
79073,3
79533,3
3653,3
3723,3
29414,2
29551,3
1811,1
1502,3
78697,3
70577,3
3284,4
6047,3
59331,3
59969,3
78147,3
58973,3
23483,3
706,4
718,3
79231,3
70932,3
71662,3
71140,3
31824,4
72577,3
72977,2
72220,3
72243,3
3288,4
59165,3
59383,3
58977,3
85110,4
61470,4
87924,1
87923,3
59210,3
78571,3
716,3
736,3
32540,3
32620,3
17591,2
17645,3
58821,4
78023,3
83202,3
101205,3
103551,4
70734,3
2187,3
2465,3
85194,3
6319,3
59029,3
63041,4
56111,3
17607,3
39900,3
2448,3
3267,3
71032,3
71716,3
55884,3
79112,3
32140,3
32404,3
17192,3
72587,3
79615,3
77841,3
78160,3
72386,3
79729,3
13085,1
13086,3
34832,4
36438,3
8505,3
10511,3
78961,3
71088,3
71802,3
27139,3
28232,3
26636,3
78871,4
38350,3
38982,3
62599,4
26297,3
73107,1
32494,3
13070,3
13238,3
731,3
78447,3
32467,3
84533,4
56212,3
72712,3
72884,1
32644,2
77707,3
32664,3
78658,3
78980,3
84551,3
17568,3
58717,3
60207,4
61009,4
13069,3
100798,3
103379,3
16724,2
77579,3
78131,3
71172,3
71882,3
61844,4
78282,2
78191,3
26385,3
16736,3
13876,3
13954,3
30728,2
30727,1
31034,2
59609,3
16677,3
13512,3
72714,1
32625,3
32786,3
13773,1
13588,3
78551,3
58909,4
32489,3
58654,3
29244,3
3425,1
62823,4
38349,3
38757,3
16477,3
71258,3
79376,3
78371,4
62847,4
77121,3
78125,3
78721,3
79144,2
59285,3
726,3
83970,4
25019,3
25555,3
72222,1
87926,1
103276,4
104823,3
31033,2
33998,3
32561,3
32771,3
26161,4
26225,3
79124,3
32497,3
46552,4
47870,3
84046,3
13798,3
33277,3
33985,3
78977,3
77875,3
71338,4
26280,3
682,3
683,1
17198,4
104565,3
105373,3
48018,1
78197,4
39362,3
79253,3
102184,3
13799,1
692,3
693,1
56430,1
56536,2
13071,1
11803,3
86716,4
78835,3
61301,4
32428,3
105087,3
105583,1
78611,3
12917,3
82604,3
91053,3
93298,3
68149,3
68802,3
31365,3
2179,4
22699,3
79155,3
29767,3
26209,3
26281,2
77649,3
26386,2
26289,3
56802,2
1619,3
1253,3
1625,1
1635,2
2135,3
2213,3
71817,1
71379,3
79053,3
67703,4
1787,2
67725,4
68771,3
79069,3
76805,3
77455,3
28529,2
28825,3
2662,3
78113,3
78543,3
1218,3
121075,3
707,1
26786,3
27663,3
2031,3
2663,4
3300,1
62402,4
77093,3
60745,4
67625,1
67626,3
2864,3
78509,3
71445,1
120874,4
152160,3
59073,5
78939,3
49196,1
29264,3
96284,4
78361,3
67159,4
42614,4
20755,3
103999,3
36562,2
58804,4
86842,4
91549,3
41213,3
59875,4
66165,1
66108,3
78845,4
78497,3
104477,3
36467,3
61605,4
36559,3
32180,3
78149,3
38767,3
39790,3
28393,3
26126,3
42,3
728,3
78397,3
33144,2
33921,4
59399,3
698,3
764,3
76653,3
62630,4
32318,3
78817,3
62644,4
64117,3
79094,4
61115,4
77287,3
90629,3
92063,3
28194,3
2667,1
15821,3
28453,3
36142,3
77079,3
77591,3
29306,3
6364,1
6363,1
17351,1
17290,1
77343,3
77715,3
20560,2
21871,3
92850,3
95264,3
77555,3
78077,3
34726,3
74968,4
31427,3
34715,3
77839,3
28064,3
12730,1
12729,3
92805,3
26004,2
26115,2
29000,3
39105,3
58843,4
1193,3
1249,4
78673,3
35900,3
60539,4
94978,3
33038,2
61401,4
62225,4
93107,3
31288,3
31591,3
33538,3
34629,4
67176,3
59625,3
38514,3
52448,3
54797,4
54921,3
6211,1
6203,3
7236,3
7599,3
41216,1
27705,3
12732,1
13379,1
16448,3
29384,3
32812,3
7206,3
1056,4
29022,3
16523,3
6942,3
7124,2
21855,3
35887,3
54871,3
59244,3
11528,3
12381,1
63958,4
64583,3
5537,3
5645,3
8118,2
60831,4
59213,4
62477,4
52544,3
53298,3
54803,2
103864,3
21355,3
23687,4
59237,3
32331,3
6226,1
7080,2
62521,4
63930,4
90630,1
58932,4
102473,3
93900,4
93110,1
93737,3
701,3
806,3
104271,3
70958,2
70510,3
71272,3
11343,3
94144,3
32231,3
20506,1
20378,3
34208,3
35369,3
25672,3
26070,4
103759,3
32129,3
20377,1
61965,4
20507,3
93740,1
120560,2
120559,1
7946,3
807,3
32281,2
26268,4
26466,3
22055,1
21799,3
70276,3
70574,3
23695,3
60245,4
43054,3
46472,3
49028,3
20345,4
930,3
103139,2
6694,3
61219,4
25004,3
24651,4
70370,4
71038,3
8030,3
32207,3
939,1
20174,3
20152,3
20143,3
64224,2
64721,1
19709,1
19710,2
20133,3
69894,3
12231,1
104274,1
29771,3
29876,3
19737,3
23656,3
24577,4
19642,3
20105,3
62241,4
25571,3
20395,1
32477,3
62279,3
63745,4
69991,4
70658,3
69028,1
69027,4
26051,4
147178,1
151807,1
151808,1
78804,3
29740,3
29792,2
24493,3
1063,3
1155,3
26263,4
29810,3
1161,3
69592,3
20447,3
29735,3
29819,3
71328,3
33406,3
34998,3
30434,2
25677,3
78932,4
26008,3
78588,3
60565,4
36018,3
36165,3
8009,4
78781,4
85056,3
35991,3
26241,3
26367,3
27441,3
69694,4
70317,4
27454,3
28487,3
20165,3
29407,3
29421,4
75068,3
85027,4
70824,4
71572,3
29793,3
30437,2
70720,3
22177,1
21997,3
29751,3
66487,3
67150,3
19696,3
29787,3
28514,4
69260,3
8052,3
59305,4
59996,4
5539,1
8082,3
59060,4
26116,3
8047,4
9682,4
65956,3
67127,4
58961,3
33226,3
33309,3
69388,4
69942,4
36033,3
61647,4
43777,3
8017,3
8077,3
31776,3
36101,2
36304,3
1153,3
1163,1
20244,3
70463,4
71014,3
25913,3
19641,2
6641,3
8871,3
119568,3
36305,2
37728,3
22825,1
22826,3
35728,3
38207,3
60923,4
22815,3
23038,3
13777,2
13778,3
14077,4
69098,3
69656,4
22999,3
23247,3
31125,2
70580,4
71276,3
24212,1
24183,3
48560,3
50076,3
31126,3
70160,3
31650,2
41146,3
14200,1
1252,1
1323,1
29779,3
61983,4
70034,3
71658,3
16762,1
62039,4
13926,3
14293,3
29802,3
70098,2
70202,4
70928,4
69322,3
31649,3
70151,3
70010,3
99746,2
29429,4
13970,3
6423,4
6516,3
37179,3
6499,4
6393,3
71292,3
21663,3
69772,4
23645,3
23881,3
25679,4
25595,4
25663,4
25751,3
25885,3
28540,4
25705,4
25807,3
71424,3
25785,4
13562,3
25867,4
23884,1
71820,3
68888,3
22816,1
6455,3
23001,2
68264,4
68812,3
22223,3
24423,3
1391,1
1340,3
30361,1
30255,3
69882,4
70516,4
27474,3
60382,4
33523,3
59443,4
59813,4
69454,4
71078,3
63781,3
22045,3
22423,1
99745,2
59222,4
50949,1
59139,3
30630,1
30577,4
13754,3
14064,4
34384,3
69564,3
70172,4
61383,4
13578,3
13858,3
14408,1
14407,3
29824,3
13673,3
31706,3
13392,3
67153,2
74967,2
69108,3
23783,3
70652,4
67166,2
70992,4
71992,3
29449,4
6222,3
34219,3
14499,1
14500,2
15822,2
20219,2
72813,3
68742,2
99764,1
22822,1
22794,2
28546,4
69816,3
6253,4
25391,3
25604,3
26003,3
25665,3
25710,3
25889,3
34045,2
33723,2
60716,4
67862,3
67830,3
68089,4
33615,3
70330,3
22494,2
22417,3
22644,3
68731,3
37930,3
38345,3
69075,3
27480,3
60217,4
85166,3
85127,4
61613,4
21647,3
59557,3
43772,3
46191,3
20220,2
22545,3
22712,3
82026,4
68504,3
61651,3
62385,3
82203,2
86691,3
19580,2
22655,4
19579,2
71332,3
72092,3
12555,3
63311,4
21613,3
22264,3
36810,3
38044,3
33852,3
63333,4
69922,4
35622,3
34996,1
34995,3
15906,3
21213,3
38270,3
38662,4
31809,3
47794,3
48532,3
22311,3
29844,3
94093,3
70192,3
71194,3
88302,3
93827,4
25392,3
25577,3
29469,4
68078,3
68299,3
91501,2
88259,4
91758,3
22059,2
67261,2
86801,3
67236,2
24690,1
24684,3
28572,4
69208,3
25615,4
31713,3
33665,3
71474,4
72230,3
34748,3
35505,1
32120,3
60545,4
61246,3
22193,4
118469,1
118470,2
67804,3
61693,3
63033,3
22584,3
22742,3
71232,2
59904,4
27498,4
71176,3
23799,3
33360,4
19131,1
19035,3
68570,4
68955,3
14134,3
24648,3
25022,2
71297,3
22677,3
22901,3
25012,3
93032,2
89762,2
91177,2
24390,3
31603,3
13781,3
68062,3
38216,3
13826,4
35774,2
38611,3
70519,3
37503,3
67239,3
65915,4
33436,3
67060,3
59627,3
22196,1
22331,3
46744,3
47790,4
25909,3
13391,3
24940,3
24786,4
24918,4
69161,3
24992,3
35675,3
70414,3
35771,3
26029,3
59404,3
26148,3
31945,3
32914,3
25406,3
22402,3
22549,3
68363,4
68806,4
59311,3
71676,4
72346,3
29868,3
50306,3
1390,1
14618,1
29485,3
118070,3
25921,3
87543,3
70678,3
67802,3
16220,1
22506,3
33442,1
19036,1
35478,3
39916,3
41740,3
27862,3
28608,3
69660,4
22881,3
68056,3
6305,3
9631,4
25924,1
25937,3
70403,3
68116,3
68631,5
70500,3
68936,3
69583,4
60318,4
61073,4
13916,3
24636,3
27961,4
24780,3
61285,4
21107,3
21587,3
24910,3
52182,2
52181,3
52399,3
49906,1
26854,3
27518,3
26856,4
61313,4
71920,4
72456,3
89761,3
12912,3
71323,3
16024,3
19468,3
59774,3
24283,3
52546,3
12954,3
11606,4
52396,3
26224,3
69235,3
67784,3
67983,3
68038,2
26189,3
25973,3
66109,1
19353,1
19354,2
44568,4
25456,3
25545,3
52507,4
89656,3
72814,2
77642,4
68123,3
34745,3
70960,3
72487,2
67993,3
72058,3
13242,1
71557,3
43762,3
49902,2
50806,3
41872,2
42009,3
22883,4
148493,1
148494,1
29878,3
68418,3
12982,4
25593,3
26041,3
89062,3
90470,3
70665,3
29499,3
68926,3
42664,4
43708,3
62553,3
52223,3
53343,3
25486,3
33316,3
22330,3
13146,1
19809,3
19680,3
19792,2
19953,1
68694,3
21409,3
21410,1
21841,3
70340,3
21590,3
71198,4
67209,3
67238,3
48488,3
69395,3
70137,3
71368,3
60171,4
32362,3
38880,2
60824,4
12983,1
13032,3
31564,3
123765,3
38837,2
67600,1
6651,1
68775,4
19594,3
67124,3
67040,2
124009,3
124403,2
13678,3
13520,3
24609,2
24557,3
24752,3
137758,2
138109,1
49654,2
69876,3
24702,4
25052,2
116141,3
118166,3
13702,1
19791,3
19782,3
19750,3
118447,3
124197,2
31902,3
125954,1
15991,3
16072,3
19784,1
86239,3
88616,3
69116,4
24966,3
21852,3
29934,3
71199,1
37282,3
37103,3
13066,3
62819,4
30572,3
31178,3
24320,4
34228,3
67046,3
29427,3
29539,3
22391,3
67744,3
29203,3
29438,3
24661,2
25102,1
62859,4
63827,4
49158,4
15682,4
34905,1
22528,3
29163,2
29205,3
28861,2
31174,3
23332,3
24125,3
68924,3
69674,3
23145,1
23130,4
28823,3
28697,3
28844,3
50302,1
49296,3
31540,3
22870,2
28710,3
28648,3
59616,4
26044,1
70642,3
12867,3
13126,3
24093,4
23081,4
23224,3
29337,3
29359,3
88392,4
29347,3
12868,1
59954,3
60659,4
68854,3
59462,3
59584,3
29030,3
24249,3
42665,1
43444,3
61120,4
23163,3
27167,3
27578,4
24489,2
28761,3
68930,3
28772,3
23263,3
49157,1
61166,4
28742,4
69094,3
27236,4
21987,3
22869,3
23602,1
23601,3
90048,3
39517,2
34170,3
51876,4
69190,3
23576,3
23957,3
41845,1
41825,4
26922,3
19786,3
39404,2
9667,4
70285,3
51922,4
53127,4
59489,3
23467,1
23468,3
35689,3
43956,3
45260,3
68980,3
9344,3
26278,3
23469,3
23915,3
54008,3
9426,3
11561,3
47089,3
48300,3
29038,4
87424,3
88190,4
89076,4
23551,3
48742,3
23941,3
39518,3
87388,3
30570,3
69974,3
70472,4
22198,3
59273,2
39403,3
89692,4
70252,3
70405,4
24138,4
31233,3
87158,3
88138,3
70506,4
70610,3
23815,3
22148,3
22306,4
69194,2
151820,1
151819,3
60526,3
70118,1
53973,4
63367,3
65286,5
695,1
688,3
1258,1
1222,4
59291,3
70451,4
1259,1
1236,4
35844,3
19399,3
19977,3
58222,3
59395,3
29046,3
43667,3
31889,3
32190,2
60680,3
43935,3
20157,3
20214,4
70281,3
70543,3
111828,3
23294,3
28800,3
59001,3
69066,3
62215,3
31161,3
20225,3
20949,4
48626,3
88007,3
13283,3
69792,3
23082,1
23108,3
31537,3
60967,3
72850,3
69317,3
87008,3
87948,3
71277,3
48233,3
30560,3
48672,3
60854,4
62056,4
23314,3
88889,3
26237,4
26249,2
31152,3
26334,2
26458,4
69150,3
25416,1
25316,3
50570,1
69296,1
29228,3
48649,3
23110,1
22147,1
22308,1
22480,3
22889,3
91300,2
89483,4
90021,3
87826,3
86944,3
16379,3
18475,3
24440,3
23194,3
23790,3
69234,3
22395,3
69380,3
43659,3
86854,3
87776,3
23128,3
23180,3
25201,3
25263,3
69432,1
21837,3
23872,3
22984,3
48413,3
88941,3
48507,3
49098,1
88581,4
89249,3
29234,3
51020,3
23078,3
24030,3
32063,3
31534,3
32201,3
24217,3
51376,3
67664,3
68074,3
88917,4
24399,3
21838,1
21833,3
48459,3
28746,3
51587,3
52910,4
28654,3
87778,2
89083,4
89665,3
86462,4
87480,2
29555,3
60806,4
24840,3
25127,3
89183,4
29052,3
87846,3
39714,3
29059,4
48454,3
16350,3
21013,3
21289,3
30559,3
28674,4
15336,3
15335,4
15552,4
21128,4
21367,3
89625,3
33846,1
33822,3
41801,4
21342,3
87535,3
21932,3
31208,3
24335,3
68921,3
69967,4
26413,2
87911,3
43601,3
55616,3
5859,3
26344,2
20226,3
20258,3
5718,3
25281,3
24923,3
87582,3
88059,3
87297,3
53709,4
25164,3
45473,3
25287,3
25894,3
72189,3
87738,3
55579,4
21328,3
21796,3
687,1
20421,3
15964,3
22396,1
22591,3
21759,4
31137,3
47015,3
22959,2
22845,3
152388,1
152387,1
35619,3
22594,1
67039,3
31584,3
90584,3
22840,3
20621,3
20417,3
21893,3
88186,3
30811,3
50594,3
51096,3
48442,3
49742,3
89780,4
22012,1
21960,3
21288,3
21555,3
20893,3
21017,1
31154,3
39409,3
35787,3
39834,3
49733,4
88620,3
21442,3
111833,4
114741,3
21606,3
85625,3
50585,4
88728,4
60415,3
61720,3
8944,4
21781,2
8990,4
88896,3
51065,3
51208,3
85876,4
87186,3
68721,3
69470,3
20232,3
25500,1
25499,3
39984,4
41798,4
62676,3
52389,1
52235,3
43592,4
24031,3
35705,2
60367,1
60368,3
13260,3
16034,3
16351,2
39689,3
88666,3
41792,4
75192,1
74120,2
50413,1
50213,4
20290,3
58817,3
59136,3
16380,2
16097,3
51188,3
51325,3
22839,1
13617,2
35799,3
67058,2
67067,3
43318,3
48428,4
49179,3
51418,3
21959,1
22042,3
22044,2
22160,3
49176,4
23440,2
43399,4
58883,3
59491,3
67047,3
85378,3
43575,3
22268,1
21261,2
68645,3
69680,3
62496,4
49724,4
50198,4
50576,4
66128,3
50908,5
948,1
941,3
45357,3
31283,3
38554,3
21554,1
40031,4
67874,3
68654,4
46994,3
71091,4
25939,3
41772,4
29990,3
48406,3
24381,3
24957,3
21222,4
51136,3
22899,2
22900,3
22938,3
89072,3
21694,3
24484,3
49173,3
20655,4
24109,3
21014,3
25166,3
52731,4
43118,3
23365,3
49717,4
20666,3
29105,3
51123,3
53498,4
50191,3
88749,4
28692,3
55281,3
51413,3
50571,4
58414,3
21034,3
25178,3
51054,3
24977,3
20572,3
20574,3
27981,4
21126,3
21322,3
43509,3
27670,3
20216,1
21220,3
21420,3
51197,3
48392,3
51335,3
51592,3
27362,3
46666,2
45955,3
46549,3
73744,2
21326,3
49704,3
72819,3
50373,2
70434,3
13544,3
50568,3
51168,4
51287,3
26414,4
62464,4
23242,3
26311,3
40476,3
41402,3
25508,3
37202,3
36587,3
36855,3
38012,4
89398,4
25462,3
26000,3
20503,3
41758,3
21540,3
25272,3
25920,1
25089,3
85372,3
86202,3
67870,3
42674,3
73006,3
86262,3
88414,3
89047,3
67820,3
64135,3
15226,3
26196,2
26230,3
65652,4
65951,3
25978,4
77184,2
81874,4
86104,3
13636,2
89713,3
87166,3
52734,1
53119,2
51076,3
35851,3
46631,1
46605,4
21192,3
48380,3
65672,4
45913,1
45877,4
15859,3
39563,3
40891,3
2019,3
3802,3
20504,1
87014,3
88092,3
59704,2
50725,5
85810,3
74822,4
51650,3
85131,3
25662,1
25326,3
21496,3
15828,2
12343,2
12344,2
12999,3
15857,2
67858,2
38122,1
87928,3
21426,3
21532,1
67876,3
8148,4
8971,4
9990,3
60044,3
60072,4
61058,2
38570,4
40637,3
52998,3
55059,3
67835,3
86730,3
55678,3
12824,3
13403,1
8261,3
9945,3
67871,3
68180,4
55643,4
57196,3
72947,3
13655,3
13569,3
13596,3
13634,4
71177,3
68163,3
67354,3
89523,1
51251,3
52284,3
72857,3
87837,3
20603,3
55301,3
56767,3
41159,3
37535,3
13571,1
84960,3
28651,3
13546,3
22907,3
19666,1
19650,3
71463,3
25748,4
25954,4
41821,3
26244,3
43460,3
21116,2
28079,3
87927,1
85694,3
27902,3
87901,3
49105,2
49106,3
49279,3
49698,3
22946,3
20604,1
13473,5
13556,3
87902,1
62178,3
45924,3
87273,3
46519,3
105256,3
62164,4
62978,3
46589,3
13709,3
13982,3
23026,2
22702,3
50610,4
51778,6
57717,1
15834,3
19630,3
20090,2
25308,4
25532,3
105258,4
111659,3
20638,1
21602,3
70156,3
22532,3
22622,4
22388,3
22444,3
22216,3
22284,4
25528,3
48356,3
22000,3
22092,3
21518,3
25732,3
25933,3
63040,3
59476,2
21940,3
26207,3
1076,4
69716,2
969,3
967,4
989,2
19298,3
15952,4
808,1
1067,3
69594,3
21096,1
21095,3
13474,1
70007,3
18653,3
35936,3
37487,3
20084,3
13671,3
13728,3
29109,3
20640,1
20612,3
38151,3
13765,3
58332,2
19589,4
20063,4
13737,2
21088,3
93701,3
105458,3
58436,3
68416,3
20599,3
58214,3
61150,3
16058,4
16142,3
21072,3
58395,3
59258,3
25090,1
57484,4
58317,3
49694,3
25301,3
14479,1
14000,3
23415,1
23376,3
25526,3
49930,3
49896,3
50698,3
47436,1
47376,3
25521,3
25719,3
112630,3
113064,3
28510,3
29191,3
15889,3
15929,4
20033,3
20583,4
21636,3
19085,3
21900,3
48351,2
89332,3
16029,4
89750,4
54924,3
56615,3
49853,3
48346,2
26321,3
21066,3
87564,3
14591,1
14336,3
22214,3
88481,3
89859,3
59269,3
15981,3
16149,3
88650,3
18330,3
63067,3
21608,3
21726,3
19486,3
19849,3
58233,3
21051,3
62960,3
57835,3
58402,3
20549,4
21639,3
22512,3
22750,1
68574,5
15724,3
16899,3
62961,2
21866,3
19741,3
19983,3
29344,3
29910,3
57435,4
15763,3
19946,3
25302,1
3023,1
3024,3
62981,3
13620,4
63095,3
64571,4
64751,3
21572,3
65281,3
13619,1
20205,3
28594,3
12823,2
13153,1
62995,3
21050,3
62193,3
62589,3
91958,3
21763,3
22032,3
36440,1
36428,3
20160,3
20275,3
49856,1
23297,3
46567,2
62010,3
62142,4
59824,3
21023,3
20234,3
14416,3
23810,1
21903,3
22186,3
26432,3
26437,3
26285,3
29536,3
22074,3
22360,3
57701,3
58322,3
59042,4
59811,3
20511,4
22252,3
37874,3
22954,3
58488,2
1425,3
1426,2
1423,3
1521,3
67304,3
67484,1
22394,3
48334,3
21535,4
62147,4
46202,1
46201,3
62123,3
46088,4
46265,3
46162,4
3092,1
3090,3
61442,3
1468,3
1655,3
14674,1
55975,1
55624,3
67274,3
67326,1
46355,1
46317,3
61487,4
46128,1
46069,3
40628,3
1452,2
1430,2
1454,3
81875,2
25152,1
25142,3
21149,3
1424,3
59976,3
52892,4
53294,2
54892,3
81688,2
20212,3
27860,3
21103,4
57546,3
58173,3
1449,3
1466,1
18516,3
19932,3
17467,4
18295,4
56174,3
67192,3
67294,1
54394,2
50601,3
50925,3
25054,3
25409,3
15718,3
74016,4
80824,4
20480,4
59930,3
21463,3
61435,3
62005,3
41568,3
61265,3
61444,3
65211,4
151707,1
151708,1
36416,3
36651,3
21716,3
59898,2
25870,1
26233,3
59897,3
59917,3
60011,4
61273,4
3591,1
3592,3
19084,3
54389,4
52426,3
67162,3
67218,1
58811,3
59340,4
47354,3
19020,3
19364,1
48313,3
57531,3
59935,3
22025,4
20462,4
21077,3
66828,4
67208,3
57036,2
57515,3
19703,3
58044,4
968,1
5753,3
6505,3
976,1
985,2
57024,5
59981,3
52636,3
52742,3
54758,2
61363,3
61898,3
1701,2
1861,3
50329,4
1071,2
37936,3
54725,3
51432,3
54956,3
34337,1
34320,3
25755,3
26256,4
37443,3
21438,3
35857,3
3804,4
4203,3
61291,3
21069,3
54366,3
36405,3
54839,3
54951,3
21560,3
21867,3
69428,3
67264,1
15723,1
23144,2
41144,3
41660,3
59836,3
1700,2
1651,3
59965,3
21730,3
30775,1
30776,1
3594,4
3665,3
20425,4
21055,3
43196,3
43724,3
26438,1
26740,2
37861,3
1504,1
1503,3
21946,3
22171,3
67254,3
10054,3
27444,2
10025,4
59752,4
60719,3
52446,3
52522,3
19676,4
38561,3
58606,4
59066,3
22036,3
22317,3
18069,3
19509,3
36827,3
37533,2
45767,1
45751,4
64088,4
62100,3
22243,3
22831,3
23133,3
3666,1
61189,3
62060,3
1509,2
46531,1
46522,4
43703,3
44485,3
41541,3
61097,4
48181,2
48511,3
54784,4
48067,3
57528,3
58338,3
88482,2
24796,4
47353,3
21260,3
38115,4
1528,1
34319,1
1547,3
48084,3
21039,3
49616,3
22787,3
22985,3
49964,3
1628,1
1627,3
43319,3
22807,3
19458,3
52360,3
45752,1
34303,3
45754,1
60644,3
25518,3
46047,3
52725,3
46283,3
46524,1
46716,1
1548,1
20400,4
20561,4
55076,1
55072,3
3812,3
4117,3
41650,3
43613,3
20678,1
20735,3
48390,3
19638,3
44305,3
8183,3
8278,3
10662,3
10631,4
57834,3
43505,3
44002,3
49685,3
20750,3
42478,3
44523,2
49885,3
22158,3
22367,3
50522,3
47561,3
37056,3
52201,3
52357,3
22298,3
22507,3
48144,3
22454,3
22661,3
66348,4
66370,3
64660,3
65657,4
23623,1
23624,3
20966,3
1060,4
55046,3
55180,3
23626,3
23766,3
50941,3
51216,3
58424,3
47762,3
48977,3
22664,1
3473,1
3463,4
4119,1
40739,3
42156,3
24146,3
22790,1
4384,3
20718,3
20813,3
38957,3
56844,3
49165,3
50348,3
60643,1
54365,1
46048,1
46049,1
54348,4
52421,3
29482,3
29576,3
46284,1
46516,1
24134,3
24348,3
20390,3
79762,3
86754,3
4332,3
4558,3
59304,3
24566,1
68623,2
69224,3
28660,3
29517,3
29559,2
21924,4
20348,4
20802,3
20914,3
19394,3
20339,3
34245,3
35573,3
21436,3
61002,3
61999,3
104074,1
104073,3
6416,4
6761,2
29850,3
3146,1
24044,3
15706,3
15749,3
2113,1
2114,4
3180,1
3179,3
59712,4
2029,1
2026,4
29466,3
35679,1
4916,3
62580,3
39093,3
72704,4
76640,3
52397,3
52489,3
36297,3
65674,4
65924,2
52629,3
52948,4
87565,2
3026,3
39373,3
26182,3
26275,3
105936,3
22434,3
2807,1
2808,3
24008,1
23750,3
21806,3
65370,3
51212,1
87246,2
65423,3
65913,2
7387,3
44170,3
105486,3
35779,4
36511,2
17916,3
17999,3
3028,1
3048,4
104116,1
87399,2
8166,3
17420,1
17419,3
15750,2
15755,3
20864,3
3464,1
47569,3
3466,3
3602,3
3816,1
51689,3
17527,3
17468,1
22436,1
15612,3
15707,2
50629,3
56356,4
57182,3
2849,1
2850,3
66127,2
6786,3
61758,4
44548,2
4933,4
1955,1
1956,4
5663,3
5788,3
66338,2
56819,2
56820,2
151655,3
26764,3
5641,4
5912,3
2631,1
2632,3
47571,1
66337,5
17758,3
19189,4
57021,3
26755,2
57235,3
57346,3
22808,1
20857,3
5845,3
6240,3
54900,3
57355,3
57022,1
85960,4
36217,3
15526,2
8229,3
15571,2
8272,4
3497,1
3468,1
2960,3
3051,1
3122,3
108111,3
107533,3
108011,3
3975,1
3976,3
107210,4
3206,1
23714,3
105580,3
20469,3
22425,3
59933,1
59852,4
20337,1
20194,4
76642,2
57061,1
53548,3
53550,1
55136,3
27422,4
60055,1
59962,4
58216,3
54253,3
24266,2
60151,1
60068,4
6143,3
54702,3
42154,3
42252,3
1875,1
1876,4
57399,3
57678,3
3162,4
66361,3
62560,4
63750,2
60241,1
60180,4
24376,2
3604,3
3738,3
23706,4
3740,1
42398,3
42494,3
15147,1
13275,3
56982,2
56788,3
12520,1
12127,3
24392,3
4288,3
60309,1
60254,4
20222,1
2682,2
2693,3
58194,4
65760,3
66262,4
2633,1
6297,3
66214,3
60401,1
60338,4
19531,2
67522,1
67521,3
57704,3
20041,3
19647,3
19966,3
58782,3
55040,3
24160,3
24143,3
60490,1
60418,4
53176,3
15731,3
5626,3
42522,3
42108,3
3202,1
23675,3
39707,3
11558,3
111865,3
25222,4
152353,3
2992,1
6789,3
44868,3
21898,3
58748,3
59050,3
28440,3
29410,3
3347,1
3348,3
3350,3
3396,2
44553,4
3422,2
55004,3
3442,2
3608,3
58198,3
58384,3
10100,3
11787,4
42497,3
152354,3
20093,4
57289,3
59019,3
107650,4
108836,3
58302,3
58466,3
57738,3
6792,1
6757,2
25303,3
58228,3
45750,2
58398,4
58546,3
26384,3
58480,4
58638,3
59576,3
46083,4
26181,2
27078,3
46149,4
47112,3
85824,4
55300,3
58560,4
44619,3
41939,3
42167,3
4254,3
4621,3
1877,1
57411,3
49188,3
48906,3
55577,1
1880,1
58658,4
47229,3
47932,3
1960,1
3095,1
3096,3
59549,3
2028,1
3204,3
2118,3
2204,1
4128,3
50273,3
33974,1
33973,3
23073,3
23066,2
23065,3
23417,3
59606,4
58880,4
59101,3
67694,1
67547,3
59646,4
26794,2
27420,3
59010,4
59225,3
49762,3
50642,3
5171,1
42443,3
3132,1
24946,4
24225,3
24189,3
25276,4
59118,4
59299,3
25433,3
59792,4
42387,3
45769,3
2695,1
81058,3
26114,2
59232,4
59391,3
23833,3
23775,3
23795,3
47260,3
57455,3
59856,4
18835,3
20313,3
25389,3
25561,3
59322,4
43202,3
26644,2
26171,2
45965,3
56229,1
56115,3
55824,3
41560,4
59946,4
58276,4
23387,3
43135,3
46063,3
59412,4
46075,4
46953,3
49050,3
23727,3
56116,1
25857,3
26046,4
60062,4
44506,1
43446,3
47979,3
12845,2
13278,3
27421,1
9756,2
9390,3
60160,4
3609,1
62633,5
26625,3
26641,3
26662,2
45968,1
4048,3
4380,3
5220,1
5049,3
57159,3
57357,3
26689,2
60250,4
29441,2
56443,3
8543,1
8544,3
60312,4
60958,3
105582,1
106274,3
6758,2
2406,2
2407,3
48078,3
3612,3
9240,3
9257,3
12676,4
13518,1
33623,2
33437,3
33643,3
20096,1
20142,1
25741,4
33139,3
33457,4
40089,4
46039,1
45945,4
9315,3
10260,3
6295,3
60878,3
46177,1
46102,4
41868,1
3260,1
18836,1
2120,1
33053,3
33148,3
80104,3
82764,3
57507,4
32713,3
33066,3
48440,3
45989,4
3712,3
3768,3
3711,1
3713,1
2474,1
2483,3
32581,3
32735,4
5775,2
3525,1
3526,3
106115,3
3312,3
15410,3
15602,4
4055,3
4490,1
8584,3
23054,3
9419,3
55002,3
55098,3
56239,3
27490,4
58326,3
63602,3
33162,3
33237,3
27363,4
32947,3
33116,3
58342,3
58390,3
27526,4
15728,4
15810,3
10466,2
10488,3
58484,3
55274,3
54976,3
55692,1
27818,3
58558,3
58778,3
1160,1
1146,4
55728,3
56162,3
105816,3
107042,3
34004,4
58656,3
33669,3
8566,3
27596,4
58740,3
4395,3
4883,3
56325,1
57555,3
33475,3
78163,3
77243,3
78165,1
78639,3
58858,3
33263,4
58972,3
79245,1
57467,3
81570,3
84532,3
59088,3
57088,3
15719,4
32958,4
26505,3
27204,3
59198,3
32765,3
27807,3
29098,1
6199,3
52539,3
53964,3
78379,4
59284,4
28027,3
28899,3
2862,1
107565,3
32582,3
84648,2
85267,2
76992,3
23053,1
15591,4
15695,3
15861,3
59458,4
9435,3
9690,2
77819,1
51016,3
16819,3
51372,3
52155,3
59526,4
23389,2
21542,3
21966,3
10754,3
29214,5
10072,2
106780,3
8614,3
8346,3
24151,3
9519,3
52827,3
59686,4
8307,3
79129,1
78953,3
5059,3
59772,3
105815,4
21768,3
22322,3
5062,1
5159,1
11844,3
59846,3
85230,3
15539,4
15579,3
78380,1
3265,2
3261,4
59896,3
58364,3
77869,1
77870,1
3616,2
107355,3
108850,3
33556,2
33566,3
3528,1
56304,3
60020,4
29696,3
29872,3
15231,3
15535,3
33275,3
78381,1
60128,4
67540,3
109006,3
4808,1
4653,4
32966,3
60228,3
60476,3
15409,1
32636,3
109490,3
29705,3
29944,3
16421,3
17087,2
15522,3
29544,4
15555,3
78654,4
106655,3
60820,3
33576,3
4056,1
33697,3
39720,3
42985,3
33285,3
4886,1
33584,3
26137,3
69768,3
9089,3
9613,3
11182,3
12659,4
1264,1
10188,3
67591,3
27055,1
26773,3
55118,4
18615,3
109377,3
110788,3
28875,3
28951,3
2497,3
32976,3
3452,1
3451,3
3513,1
3514,3
1231,4
33487,3
1213,4
20634,3
39155,3
39234,3
36239,3
36332,3
17749,4
29211,4
29962,3
3491,1
3485,3
107235,3
108588,3
3398,3
55887,3
29543,5
29546,5
8740,3
32635,3
14893,2
10685,3
10856,3
33297,4
3693,3
3980,1
106470,3
52469,4
1141,3
22154,2
22458,3
3787,3
32641,3
32988,4
58191,1
57837,2
32602,3
4058,1
54954,3
9152,3
56777,3
106339,3
36394,3
32787,3
1088,3
31121,5
31417,5
1059,1
1057,3
15369,3
109165,3
110579,3
5606,3
39464,3
84908,3
39554,3
5741,3
36220,3
3484,3
1261,1
3518,1
84951,3
86893,3
55375,1
55327,3
33492,4
58670,4
39070,3
29943,4
30911,4
31259,5
1234,1
36385,3
36472,3
106975,3
108419,3
1215,1
78360,3
79824,3
33183,3
33321,3
6069,1
6001,3
10715,3
14603,3
22459,1
22602,3
33141,3
33208,3
35891,3
36277,3
5873,1
5817,4
33156,3
38862,3
33026,3
5627,3
3400,1
4830,1
4793,3
703,1
32808,4
5969,1
5915,3
36377,3
57838,3
8786,3
23879,3
61366,3
18448,3
20051,3
112296,4
39071,3
23932,1
35568,4
36329,3
36398,3
3656,3
1058,1
20455,3
21270,3
51282,3
58147,1
58148,3
43550,3
22406,2
23172,3
39491,3
4655,1
50383,2
50091,3
50955,3
48190,3
48603,3
67460,3
69597,4
56923,3
10371,3
9661,4
58382,3
58553,3
80273,3
55727,1
56075,1
57491,3
108973,3
110394,3
86896,1
101951,1
63832,4
24591,3
54254,1
54480,3
86189,1
86190,1
106831,3
108176,3
34526,3
35556,3
9917,3
39147,3
106072,3
33508,3
36563,3
48411,3
57494,1
57529,3
59352,3
53374,3
79102,1
78548,3
78140,2
58186,3
58038,3
56501,1
56389,3
80444,2
59267,3
6177,3
6755,2
47916,3
39341,3
39504,3
3646,3
3863,1
78139,3
57947,3
56710,3
4795,1
57924,3
43101,3
5515,4
81373,2
108737,3
110237,3
26271,1
26135,3
59425,3
43269,3
44599,3
9980,3
25041,1
25027,3
39146,3
39229,3
32836,3
44614,3
57776,3
20164,3
20724,3
57533,3
57756,3
70730,3
77430,4
34972,3
106574,3
108031,4
45743,4
45797,4
45901,4
45933,4
11372,3
5615,3
51353,3
23174,2
23662,3
48045,3
18749,3
50966,2
9267,3
9717,3
34983,4
35682,4
51140,3
51121,3
51174,3
51310,2
3470,3
38448,3
59988,3
59829,1
59653,2
8828,3
3582,4
3728,1
33182,3
33185,4
54650,3
3998,1
3566,3
14534,3
44616,1
43256,3
60202,3
41462,3
39820,3
18701,3
18921,3
29373,3
29346,3
29491,3
29537,3
57975,1
54190,3
60813,3
56660,3
56821,3
60403,3
105204,3
56979,3
51122,3
51171,3
3472,1
8418,3
12228,3
64410,4
48275,3
9334,3
8389,3
19907,3
46754,1
46497,4
81485,3
19759,4
51192,2
57037,3
57337,3
108565,3
110048,3
6944,2
7514,4
51133,3
50754,3
6178,3
6252,3
54944,3
5573,3
28792,3
29302,3
9998,2
10040,3
33217,3
11025,3
11896,3
107714,3
50989,3
29613,3
29763,3
57420,3
57539,4
5598,4
57347,3
57387,3
56552,3
56793,3
10038,2
55330,1
56893,1
56865,3
62393,1
62394,3
57723,3
57820,3
57711,3
57859,3
57916,3
58177,1
48141,2
48556,3
106936,3
57538,3
57553,3
48081,3
57434,2
51301,3
51410,3
61297,3
61666,3
59142,3
34082,4
35235,3
59732,4
80626,4
84607,3
29938,3
57487,3
57550,3
109855,3
24594,2
8950,2
106283,3
52096,3
52604,4
31110,3
30830,3
31416,3
13308,3
56689,3
34050,3
50968,3
51091,3
9399,3
9839,3
5781,3
29,1
30,3
56662,3
20369,2
20848,3
29304,2
62380,4
62488,3
21492,3
23370,1
20282,2
31588,3
31567,4
32086,3
57503,3
10142,4
29418,3
57557,4
32077,4
54943,1
55205,1
115136,3
116316,3
117896,3
9595,3
108378,3
3678,1
36765,3
37380,3
9205,2
57617,3
21520,3
21519,1
21655,3
38146,1
37602,3
31432,3
32068,4
33235,4
30829,3
33246,4
34031,4
29890,3
6232,3
109578,3
30380,1
30363,3
9206,3
25123,3
11103,3
36190,3
36515,3
25096,3
25199,2
22618,2
22590,3
22874,1
25383,2
69854,3
76105,3
56390,3
29354,2
23682,3
23930,1
62379,1
25896,2
35782,4
25958,3
62389,1
25842,3
107681,3
109002,3
26093,3
25983,3
33885,3
34153,3
62568,3
33282,4
57275,3
33289,2
55174,3
56309,3
59129,4
20049,3
50336,1
50049,3
39182,2
40912,3
8935,3
20698,3
21140,3
21722,1
33399,3
33346,3
108699,3
22521,3
37517,3
35941,3
57930,1
76229,3
43097,4
34519,3
30846,4
48942,3
22058,1
22018,3
21552,3
57659,3
105203,3
65691,3
65643,3
50402,3
5782,1
5982,3
56758,3
56849,1
56850,3
84703,3
110274,3
22096,1
5989,2
67588,4
62661,3
63089,3
67082,1
67042,3
12398,3
8724,3
118415,4
118526,3
8707,4
48091,2
37477,3
56806,3
56880,3
58037,1
58020,3
10216,4
10478,3
58360,3
39159,3
32492,1
32491,3
20370,3
20810,3
6276,3
21668,3
83205,4
86420,3
8925,3
9262,2
15504,3
22326,1
22325,2
112833,3
109998,3
21979,3
107397,4
152133,3
118612,2
22315,3
57945,1
57938,4
56708,3
84034,3
119567,2
30289,3
30401,2
30398,3
3553,3
108549,3
117426,1
106667,3
61007,2
60948,3
56017,1
55845,3
57879,2
24952,4
110486,3
65407,2
65534,3
9893,4
30290,1
6322,3
57693,3
5521,3
56011,3
56409,3
30350,3
11241,3
19761,1
20279,3
38303,1
38304,3
30595,1
37654,1
37653,3
59089,4
5529,3
48054,2
106453,5
106025,3
20227,3
57907,2
57928,4
15547,4
65324,3
65372,4
10330,3
10567,4
56776,3
56830,2
108281,3
109859,3
9552,3
9618,3
21317,3
21724,3
22955,3
20351,3
20946,3
10811,3
65356,4
65376,4
37788,3
37803,2
10457,4
56411,1
56947,3
30318,3
38158,3
65271,3
22520,3
57278,4
57479,3
65410,5
65498,4
61322,3
60790,3
50050,1
10302,3
50267,3
57695,3
32551,3
32621,4
34299,4
35749,4
33364,3
61182,3
65508,1
60153,1
60154,4
57719,3
119808,2
38260,3
15423,3
85060,3
87696,3
15340,3
57925,1
57465,3
107490,3
21876,3
58899,3
59091,3
37007,3
20988,3
10191,4
59132,3
59201,3
55712,2
55711,1
131305,2
6349,3
80628,1
57743,3
23064,1
23063,1
107345,3
17389,2
107833,3
108712,3
131306,1
3503,2
109632,3
60398,3
63833,2
20877,2
108198,3
109284,3
9619,1
56019,1
61726,3
57811,4
58723,1
58685,3
10879,3
57277,1
9812,1
9811,4
65252,4
65294,3
86195,3
101437,3
108788,3
21118,3
54162,3
54228,3
52324,3
53090,3
34085,3
35605,3
21484,3
61020,3
36375,3
57300,3
37994,3
29479,3
10689,3
58219,1
58220,3
20878,3
58241,1
59731,1
10579,4
60945,3
54648,3
50181,3
25984,2
26183,2
50432,3
33404,3
10332,3
18299,2
30092,2
30360,3
59971,1
59972,4
36830,3
30259,4
30444,3
20539,3
21002,3
49238,3
58344,1
9192,1
9191,3
67078,3
30868,3
13383,3
67378,3
68906,3
20441,3
21642,3
22234,3
50429,3
50512,3
61452,3
3691,3
10462,3
52292,3
50241,3
56949,1
57281,3
54494,3
54753,3
30858,3
50385,3
20976,3
63848,2
9195,3
83004,3
60852,1
60829,4
8926,1
10047,3
10343,4
9354,1
9211,3
6326,3
6542,3
2167,3
2168,1
2190,3
2205,2
50226,3
50289,3
34435,3
31293,3
57954,3
58128,3
54046,4
6269,3
7466,3
9909,3
10075,3
51640,3
67087,3
58578,1
58577,3
58282,3
55574,3
56281,3
52758,3
52535,3
52766,3
52936,4
52536,3
52610,3
57897,3
20843,3
9928,4
60645,1
60633,3
58507,3
66988,3
49782,3
38337,4
40049,4
58284,1
9731,3
9843,3
9213,1
9215,3
52744,3
52760,3
58355,3
66987,2
66736,3
58928,3
9639,3
9754,2
67089,1
67119,3
22707,3
24642,3
6161,3
5964,3
6118,3
22052,2
53037,2
29167,3
9439,3
9727,4
52770,3
64273,1
64266,4
9450,3
52607,3
57302,3
9218,1
33474,3
34206,3
58433,1
58407,3
37215,4
57204,1
57203,3
37720,3
10583,1
5506,3
20709,3
5511,4
10166,3
10409,3
53698,3
54139,3
65589,3
30091,3
52761,3
64871,1
64569,3
52771,3
10169,3
76331,2
76334,3
57899,3
20497,3
76166,3
56283,1
56317,1
9940,3
58086,3
64570,1
64576,3
22598,2
2581,3
2583,3
3063,3
31303,3
3160,1
3253,3
58353,3
54987,4
68718,3
71326,3
9088,3
67121,1
67257,1
60406,3
52745,3
52756,3
34619,3
8275,3
9045,3
10195,3
47983,4
21458,2
21027,3
21862,3
81450,4
63700,3
58525,2
14781,3
14783,1
23717,3
25076,3
73840,4
61317,3
9452,1
9462,3
27801,1
27482,3
55436,3
9954,1
49240,1
49506,3
15304,4
57143,3
34707,1
53410,3
66213,2
5939,3
60164,3
53302,3
53604,3
63917,1
63862,4
11303,3
66294,4
59705,3
59990,3
51938,3
51896,3
51616,4
27200,3
27353,3
65461,4
66028,3
64756,3
64786,3
65140,3
52309,3
109452,3
35339,3
64498,3
8206,2
3552,3
10284,1
58958,3
64508,4
33479,3
11467,4
12034,3
9932,2
6097,3
20977,2
59169,3
59563,3
9404,2
9466,3
64284,4
54268,3
9931,4
52452,4
52712,3
41312,3
41434,3
53301,1
59093,3
59478,3
58378,3
27483,3
6235,3
24995,3
25426,3
37273,3
37328,3
37660,3
30884,3
31828,1
31827,4
31682,1
31681,4
54792,3
55341,4
9401,3
34210,3
9590,1
5344,3
36524,4
64874,3
65188,3
34054,4
35096,3
9148,3
64980,3
63874,4
5352,4
37498,3
37596,3
27177,3
32719,3
64889,3
5901,3
36495,4
10307,1
24309,1
24198,4
9147,1
9157,3
63630,4
32472,3
59133,3
53641,3
33772,1
33654,3
53290,4
24996,1
59021,3
59149,2
20589,3
65028,3
32505,3
55612,3
33677,3
59037,2
9975,4
13521,3
22303,3
65015,4
40547,3
58831,3
64512,3
58527,3
58814,3
71394,3
25948,3
41596,3
32069,3
9327,3
9767,4
33522,3
33952,2
31855,3
64824,3
31490,3
31701,3
64288,3
58565,3
31509,3
31311,4
57919,3
24708,4
25995,3
29798,1
29762,3
37218,3
37700,3
9345,4
58165,2
33743,3
63894,3
64332,3
20356,3
20979,3
6197,3
9167,3
7515,2
21225,3
55798,3
10282,3
10435,3
57977,3
26129,3
6539,3
62894,3
63642,4
34058,3
34424,2
53578,4
10295,3
64333,1
12504,3
14608,3
64102,3
82004,2
27047,3
24586,1
24362,4
25830,4
21389,3
82135,2
83581,3
9560,2
9571,3
37679,3
37890,3
9383,4
30894,3
31148,3
64107,1
58092,3
57767,2
10007,4
9201,3
85670,3
12320,2
29625,3
29747,3
24197,1
57525,2
9799,4
6059,3
35403,3
38328,3
9581,2
62909,3
63674,3
54458,3
54561,3
37096,3
37251,3
37583,3
41589,3
41766,3
61878,3
39056,3
27539,3
10208,1
10207,3
58691,4
40551,2
21789,3
55015,1
55016,3
6007,3
9382,3
26105,4
26363,3
26309,3
26531,2
32075,3
26520,3
37483,3
54876,3
9203,1
49379,3
49846,2
27809,1
10471,3
11717,3
37648,3
73954,3
24067,3
54123,4
73330,3
77646,3
62917,1
7659,3
25352,3
10114,1
10019,3
25814,4
10297,1
25916,3
40771,3
54914,2
54967,2
9819,2
42980,3
20148,3
20484,3
41357,3
31333,3
33858,3
33862,1
33976,4
30093,1
30095,3
54926,3
55698,4
54542,3
54587,3
9381,3
8205,3
31005,3
58117,2
49866,3
24118,3
33755,4
55054,3
6772,3
24068,1
55047,2
34898,4
10219,3
31027,3
45734,3
45628,4
45694,4
45742,3
54608,3
54632,3
54812,3
32750,3
33529,4
30517,3
32284,3
32521,3
46556,3
53834,1
53833,4
30546,3
54518,3
10035,3
62869,1
62833,3
22763,3
22407,3
22915,3
54364,3
54534,3
27221,1
27222,3
53835,1
53895,1
54088,3
30378,2
58626,3
151670,9
58695,1
57968,1
57741,2
54946,3
58585,8
58599,8
58623,8
58652,8
58725,8
58737,8
58763,8
30201,3
44410,3
45564,3
54970,3
55074,1
32328,3
58625,1
37940,3
47927,3
48907,3
64361,3
22917,1
23123,3
58120,2
54848,3
54566,3
54729,2
9630,1
54420,3
10227,3
58235,2
32123,4
36149,3
9821,1
33978,1
33994,2
54737,3
47894,3
23014,3
34289,4
32747,3
54998,3
55048,2
54460,3
49499,3
24428,3
56061,3
49755,3
50202,3
64900,3
27187,3
28172,3
10243,3
23895,3
54826,3
33833,1
40761,3
40907,3
54759,3
10067,3
50464,4
54082,2
54101,2
33783,3
64232,1
64207,3
32571,3
54108,3
54217,3
58709,1
58710,3
54081,2
58634,1
58633,3
58720,1
33879,1
33880,3
58076,2
57998,2
58081,1
54788,3
54740,4
51590,3
33590,3
58641,1
81520,4
20485,1
20598,3
67091,2
67431,3
21583,3
57997,1
54706,3
54690,3
9810,1
9809,3
9509,3
55005,3
27161,3
27855,3
52436,3
41817,3
78622,3
54482,3
152382,1
58734,1
58733,3
63556,3
63682,3
21955,3
63429,1
63430,3
58663,1
58664,3
53292,2
53764,3
54263,4
58743,1
26512,3
4356,3
3994,3
4358,1
4680,1
20989,3
68409,2
68410,1
29310,3
39302,3
58105,1
58106,3
58676,1
53621,3
54333,3
60002,3
61929,3
62491,1
62457,3
63587,1
58006,3
58116,1
58005,1
20772,3
21311,3
27149,3
54096,4
71017,3
87304,3
23015,1
10081,3
33817,4
58008,1
12248,3
54543,3
54490,4
54496,4
54520,4
23013,1
54475,4
54435,3
54640,3
47926,3
54436,4
28678,2
28470,3
29025,3
50204,4
27127,3
27689,3
54340,4
68665,3
63909,1
63907,3
64847,3
36,3
20838,3
23948,2
23926,3
77830,3
37076,3
35074,2
58123,1
58124,3
55083,3
55236,4
10251,3
54643,3
55086,1
55494,4
55776,3
61504,3
61951,3
58024,3
58134,1
58023,1
36188,3
37045,4
9823,3
13770,3
58682,1
58681,3
64984,3
54404,4
54500,3
23632,3
63344,3
58026,1
58683,1
61953,1
62375,3
8324,3
10612,1
10316,3
21773,3
54554,3
54675,3
54431,4
10232,4
34867,4
54934,4
10255,1
27107,3
27567,3
38246,3
63046,3
63435,3
28489,3
26498,3
25366,3
64894,3
62665,1
62611,3
29750,1
9726,3
58153,1
58154,3
54854,3
10322,3
10168,1
10098,3
53356,2
35159,3
58053,1
58054,3
27021,3
58158,2
20108,3
20630,3
58644,3
31339,3
28494,1
28655,1
58643,1
31755,1
58056,1
58646,1
58163,1
4492,1
4262,3
63437,1
63690,3
31041,3
64993,3
65059,3
63871,3
63884,1
31357,2
66694,3
68666,1
54384,4
21643,3
22245,3
58707,1
58708,3
47006,2
47005,2
47649,3
35136,3
36061,4
65462,2
24196,3
64773,3
58169,1
58170,3
58714,1
58064,3
58180,1
58063,1
151657,1
151658,1
25294,3
25488,3
25450,3
25799,2
58066,1
25864,3
33600,3
27603,3
64344,3
64840,3
33823,3
7757,3
54863,3
24260,3
25278,3
27409,3
66520,3
62377,1
27345,3
64683,3
58207,1
58208,3
34061,5
26491,4
58097,1
58098,3
38656,3
58212,1
63706,3
35164,3
58543,1
58544,3
65453,3
65769,3
58104,1
68611,3
33595,3
64759,3
20972,3
58550,1
33622,3
27067,3
27049,4
21411,3
22048,3
52418,3
53011,1
33739,4
47161,3
64309,3
34880,3
66076,3
66469,4
61372,3
61513,1
3060,1
3057,3
54301,3
67814,1
67813,2
29183,3
29323,3
58223,1
58224,3
54743,3
54885,2
62963,3
58101,3
58232,1
58102,1
25784,2
58109,1
54887,2
67929,3
58600,1
47819,3
49682,1
49681,3
71102,3
9048,1
64310,1
47805,3
63564,4
51578,3
27229,3
47233,3
54657,3
41051,3
42853,3
65647,3
65825,3
67932,1
54731,2
9249,4
53402,3
53659,3
27822,1
27821,3
32541,3
54940,4
9142,3
29249,3
32650,1
52409,3
61178,3
61395,1
65971,3
62415,1
62416,3
58575,1
58576,3
65963,3
35166,1
35204,3
8440,2
25965,3
26101,2
66071,2
54659,2
52939,1
52940,1
58588,1
29836,2
26486,3
3993,3
31290,3
47308,1
47257,3
21827,3
10080,2
34991,1
10828,1
23336,3
23952,3
31300,4
27201,3
36201,3
25,1
26,3
34882,3
29675,3
36146,2
22429,3
27043,3
34884,1
34894,3
36145,3
21060,3
22542,3
23954,1
66045,3
31867,3
32163,3
49683,1
49925,4
68112,4
36163,3
36610,3
29399,3
51724,3
26095,2
47267,2
31571,3
31978,4
70586,3
47236,1
37698,3
58596,2
4452,3
53429,3
53869,3
58551,3
36167,3
33863,3
34066,1
34199,3
60742,3
60999,3
25116,3
31676,4
37047,1
38781,3
33868,1
55315,2
7915,3
66102,3
22126,3
59535,6
9190,3
9524,3
70628,4
70918,3
34223,3
34311,3
59477,3
33638,3
58236,3
31045,3
31408,4
4309,3
4544,1
65045,1
64705,3
21134,1
27853,2
27993,3
35503,2
70492,3
51627,4
22280,3
23018,3
26479,3
34561,3
30675,3
31144,4
3556,4
52473,4
28003,3
28211,3
70523,4
52403,3
34793,3
52873,3
53792,3
33712,1
35821,3
36077,2
53991,3
35109,2
33786,4
35540,2
15128,3
27027,4
57733,3
15153,3
70299,4
70633,3
35825,2
20018,1
20017,3
35822,1
35824,3
30447,3
30778,4
55150,3
34584,2
64452,1
64443,3
50998,3
58698,3
30525,3
9554,1
56451,5
65032,2
65011,3
65114,2
64631,1
64632,3
47321,3
67671,3
152436,3
64444,1
65107,3
26085,4
9298,3
30205,3
69442,3
64442,3
57734,1
30207,1
30301,3
65012,1
65039,1
58140,3
64436,3
65108,1
65119,1
21993,4
63627,3
63718,3
34239,3
23151,3
64687,3
35982,2
63579,3
63633,2
50898,4
69450,4
27930,3
64723,4
34669,2
60074,3
60708,3
47324,1
47555,3
25780,4
25929,3
104411,4
26063,3
64411,3
26701,3
2769,3
38946,3
26692,4
26869,3
4310,1
4508,1
25118,3
27299,3
27559,1
26871,1
27030,1
64690,1
47675,3
36235,4
36950,3
20104,3
20898,3
63580,3
54059,3
49232,3
50589,4
54851,3
34012,3
34315,4
47556,1
25328,3
25322,3
29609,4
29847,2
63609,3
64243,3
25714,4
25852,3
53841,3
54179,3
33962,2
33961,3
36079,3
63590,3
8055,3
27060,3
22107,3
24172,3
10079,1
62330,3
35925,2
5175,4
36022,3
40196,3
42008,3
5191,3
36083,3
66543,3
63535,3
9748,2
9705,2
54880,2
52483,4
52623,3
54067,3
30107,2
23950,3
36088,3
38978,3
64213,4
64383,3
2191,1
2322,3
59390,3
64385,1
36894,1
36893,4
61900,3
62900,3
63553,3
64665,3
64655,3
61731,1
61700,3
30090,2
30085,4
26056,3
3390,1
3233,3
55490,3
55526,4
56895,4
57084,3
24354,1
33999,4
47864,3
26660,3
66516,3
60556,3
30069,4
25772,3
25853,2
32227,4
27,1
59146,3
59063,3
59631,3
57444,3
24089,3
54795,2
32044,4
61491,1
53281,4
57243,4
57904,3
25268,4
87383,3
88422,3
37816,3
53305,4
51844,4
31740,4
57623,4
58268,2
58598,2
36144,2
58752,3
58886,3
64365,3
64600,3
51872,4
20056,3
36090,2
66638,3
31486,4
88410,4
90254,1
36812,3
37143,3
66617,3
60102,3
34922,1
34921,3
61699,1
31212,4
25930,2
25951,3
67406,5
87377,3
152435,3
30908,4
59925,3
60222,3
34605,3
58715,3
59154,3
64056,1
64049,3
59121,3
88398,4
90074,1
54058,3
92572,2
90428,3
94658,3
6036,3
25398,3
61211,3
36029,3
36657,3
39126,3
39262,3
53583,4
54117,3
66137,3
35793,3
36132,1
30391,4
46910,1
46909,3
58815,3
59451,1
35437,3
35854,1
58376,3
60188,3
51254,4
87369,3
56670,3
35131,3
35494,1
36873,3
37495,1
65575,3
65839,2
38887,3
35352,4
88352,4
90362,3
34713,3
35014,4
53021,3
2587,2
34523,2
38142,3
65859,3
25588,3
34595,4
51486,3
51856,2
65751,3
90364,1
59259,3
90399,3
25620,3
25691,3
36744,3
39376,3
34249,3
2220,3
3128,1
3123,3
51499,4
52042,3
87363,3
26622,3
39017,2
65397,3
33982,4
47115,2
47113,3
47363,3
32733,3
33835,3
47361,3
47501,3
20415,3
47489,3
67541,2
88295,4
89600,1
47200,3
36822,3
54241,3
54537,3
106804,3
36734,2
43198,3
39215,3
110487,2
104366,2
5834,3
67485,3
67134,3
67403,3
42760,3
37108,3
67323,3
87359,3
39339,3
3391,1
3392,3
41112,3
36733,4
56971,3
32814,3
88238,3
89145,1
51278,3
52273,3
41448,3
41492,3
106646,3
106984,4
42488,3
47622,3
67145,4
63514,3
29178,1
29159,4
106645,2
106819,4
39543,3
65753,1
61160,3
48010,3
43009,3
90270,3
91560,3
43173,3
63544,4
152117,3
3124,1
3117,3
104399,2
104055,3
58422,3
27013,3
27929,1
28630,3
45540,3
45602,4
32297,3
52505,3
52564,4
107170,3
25162,2
25185,2
50928,4
87353,3
44430,3
104542,2
2771,1
47995,3
48152,3
62447,3
32108,3
47733,3
64219,3
64350,3
66767,3
67206,3
97746,3
104521,2
39515,3
39757,3
43834,3
89030,3
66017,3
106377,3
107025,3
49370,3
19854,3
31840,5
25270,1
37768,3
52506,2
52913,3
57250,3
58263,3
52751,3
101982,3
64768,3
64642,4
87346,4
31550,3
66310,1
48236,1
48235,1
66219,2
106378,2
56376,3
56797,3
91968,3
94880,3
46976,3
50603,4
51858,4
43003,3
97925,3
108131,2
109906,1
108432,3
31276,3
107916,2
28365,3
28735,4
25504,4
91969,2
58874,3
97410,3
100440,2
36923,1
23423,3
24455,3
87366,3
92192,2
92161,2
3235,3
30607,3
31016,3
3118,1
29160,1
56529,3
39401,3
26892,3
27831,3
104056,3
152097,3
29086,4
29239,3
101003,2
30678,3
29186,4
69417,3
89611,3
49708,3
108132,2
29507,3
66571,3
66663,3
96261,3
97688,1
107915,2
29458,3
66710,3
101981,2
152073,3
36839,3
29591,2
29769,1
49953,3
51573,3
30070,1
30449,3
32908,3
32909,3
33029,2
32828,3
61153,3
30073,2
30054,2
92719,2
92162,2
94813,2
39190,3
39944,3
23734,3
25197,3
32882,3
38585,2
37981,4
96981,2
99215,2
64819,1
64820,2
96953,3
64821,2
37547,1
37232,4
49091,3
49516,3
64933,1
64934,3
64928,3
64974,1
65066,3
65065,1
65058,3
65082,1
65133,1
65134,3
65193,1
65194,3
65130,3
65160,1
65186,3
65210,1
25624,4
25728,3
61142,3
56946,3
65365,1
65366,3
26891,1
65360,3
151817,3
37162,3
60113,3
60438,3
60942,3
61352,3
64542,4
96831,3
97611,2
56671,3
63900,3
60439,1
60514,3
26607,1
26608,1
26538,1
26537,1
3564,1
63523,4
63658,3
10143,2
63645,3
3238,1
61434,3
62836,4
63509,3
10352,2
37156,3
63898,3
60848,3
51800,1
51799,1
37300,3
37734,3
52888,3
58460,3
54198,3
101004,2
96894,1
52406,3
53465,4
64964,1
64927,1
64371,3
64311,3
64369,4
64429,4
65057,1
65080,1
64203,4
64314,4
65129,1
65158,1
65208,1
65185,1
49068,3
49315,3
65359,1
37227,4
25457,4
29352,1
29334,4
25583,4
64627,4
58260,3
64596,3
35,1
66255,3
39559,3
40280,3
10144,3
64707,3
66352,3
26888,4
94941,3
10351,3
94944,1
37318,3
32898,3
33945,4
39043,3
25331,3
24955,3
26665,3
58349,3
58753,3
49549,3
49604,3
64539,3
65737,3
66095,3
57476,3
66768,4
66802,3
37097,3
63506,3
53561,3
53934,3
64587,3
49784,3
50751,3
66776,3
66661,4
66681,3
27462,4
63892,3
64358,4
64202,4
64326,4
5052,5
53757,3
64422,4
56762,2
5068,4
57499,3
63889,3
49464,3
64308,3
64348,3
64532,3
64589,3
49754,2
53691,2
32950,3
66493,3
66717,3
152082,3
20353,3
21431,3
40013,3
40652,3
14472,3
64335,3
66703,2
56196,3
66936,3
49705,3
54684,3
151886,3
58906,2
53897,3
56088,3
58759,3
66632,2
66606,3
66648,3
60229,3
64635,4
62571,3
63185,3
60232,1
60711,3
151881,3
24868,3
63503,3
63467,3
21399,3
21951,3
49533,3
59033,3
64630,3
63863,3
63934,3
58897,3
37843,3
31909,4
31966,4
38743,3
54154,3
56104,2
56599,3
36243,1
36244,3
99704,2
65738,1
40409,3
41078,3
37925,3
47352,3
49641,3
49757,3
56607,3
64322,3
66654,1
66653,2
33,3
25718,2
25098,3
26033,3
46600,3
47000,3
58997,3
64867,1
64868,3
58593,3
64880,1
64870,2
37155,3
65714,3
65342,3
65341,1
65336,3
151811,3
35983,1
35984,3
65138,1
65126,3
65125,1
21347,3
21453,3
64911,1
64912,3
64930,1
64908,3
65122,3
65041,1
65042,3
65038,3
65064,1
66885,3
69038,3
69366,4
26553,3
26883,3
65178,3
65177,1
65176,3
65184,1
60531,3
37407,5
21938,3
21974,3
35713,1
35714,3
58677,3
60354,3
21406,4
21543,3
39843,3
151861,1
50496,3
25994,3
64294,3
108431,2
21460,4
21615,3
28567,3
62159,3
63078,3
47314,3
60532,1
21905,3
66449,3
30452,1
40834,4
41696,1
14096,3
21548,4
21659,3
108354,2
29113,3
45533,2
64907,1
64926,1
29187,1
25576,3
26469,3
65037,1
65121,1
65132,1
65056,1
65182,1
65175,1
29335,1
21626,4
21717,3
29459,1
46808,2
19712,4
39599,4
65335,1
27427,3
53398,3
54104,4
21676,4
21775,3
69327,3
56219,3
66229,3
66505,3
21879,3
21850,3
56165,3
21736,4
34,2
50,3
52391,3
108353,3
67854,3
368,2
358,3
394,3
64670,3
68463,3
21808,3
15068,3
60881,3
56496,3
28519,1
28436,4
63267,3
299,3
239,3
292,3
350,3
43420,3
21305,3
383,3
436,4
53572,4
54262,1
62882,3
21353,3
21293,3
21415,4
63880,3
56103,5
63631,3
63866,4
21467,4
65989,3
66156,3
28421,1
28336,3
43002,3
66567,1
21561,4
66060,3
32358,3
33042,4
344,4
32211,1
32212,4
279,3
21631,4
38593,3
32118,1
32117,3
5064,4
21679,4
66529,2
218,4
382,3
65850,4
64086,1
64022,3
62576,3
62968,3
61530,4
21749,3
52685,3
26819,3
4812,4
5055,4
59942,3
8186,4
27439,3
58569,3
15154,2
15015,3
35356,3
37785,3
63754,2
63753,3
63915,3
4816,3
5257,3
40621,3
41965,4
27260,3
27659,3
66583,1
67732,2
67252,3
67771,2
23195,3
67701,3
63110,2
63166,3
67453,3
12000,1
11756,3
340,4
39,1
32316,1
58457,3
32226,1
101,1
102,3
62624,2
376,3
99825,2
272,3
32149,3
66142,3
21692,3
63038,3
63277,3
62868,2
21308,3
27550,3
28457,4
27503,1
27339,3
21229,3
63446,3
43298,5
21429,3
62732,3
4944,4
6903,3
21501,3
266,3
158,3
202,3
38408,4
39317,3
21579,3
87,1
88,3
43131,3
247,3
63299,3
21645,3
45520,2
64234,2
64225,3
35032,3
118,3
139,3
21705,3
63459,4
106556,3
21333,1
63683,3
34601,3
317,3
14880,3
15069,2
63668,3
63913,1
62905,3
63062,2
120,1
45026,3
39291,3
39597,3
39867,3
66923,2
425,4
447,1
39851,3
40131,3
33990,4
40129,3
40345,3
40333,3
38033,3
33953,4
40587,4
26605,3
26955,3
15158,3
19685,4
21048,3
52208,3
47336,3
58112,4
59726,3
34326,3
63145,3
33058,3
34271,4
45818,3
52328,3
21179,3
61554,3
61671,3
27438,3
27986,4
25510,3
23733,1
24468,3
65596,3
65988,3
47704,3
15288,4
19463,3
19733,3
62889,1
62890,3
28550,3
19503,3
21581,3
38220,4
38791,3
42816,3
67454,2
97,3
28506,5
28582,3
63434,3
52,1
54,3
67032,3
56,3
62,3
26757,3
27169,3
14524,2
145,3
242,3
32525,3
14577,2
10424,3
65387,3
62878,3
306,4
364,4
63022,3
28522,4
28017,1
21686,3
197,3
29592,3
28372,3
45490,3
27342,3
29054,2
66834,4
445,1
420,3
11757,1
28401,3
29055,2
32175,3
32605,3
403,3
64551,1
64552,3
62856,4
25253,3
26303,3
27893,3
53397,1
70,3
64696,1
64695,3
37174,1
36708,3
61767,3
62156,3
57180,3
57390,4
27933,3
8194,3
30053,2
66920,2
21684,3
21698,3
31911,2
38101,3
39185,4
65346,3
36338,3
36709,4
40557,3
41645,1
21534,3
116,1
54467,1
54468,3
65345,1
62672,3
62843,3
412,3
296,3
354,3
31924,2
38137,3
38213,3
31970,4
32311,3
35520,3
36341,4
62133,3
62400,3
66232,1
62673,1
24548,3
64653,3
62494,3
60821,3
31921,4
64554,3
64616,3
27325,4
57416,4
57564,3
24713,3
66831,1
66832,2
414,2
42401,3
42747,3
37129,3
53166,3
64247,3
90,3
336,4
430,3
31892,3
66838,2
62802,1
62787,3
31834,3
34518,3
35521,4
66909,2
57,3
56066,3
57161,3
28331,3
28049,3
28047,3
28165,3
66671,2
62753,3
28125,3
28180,3
28847,1
27915,3
27946,4
58520,3
27587,1
27477,3
187,3
27687,3
55554,1
55536,4
66140,4
151864,3
65364,5
47776,3
48134,3
62754,1
28186,3
62803,1
34517,1
34536,4
38413,3
38847,3
140,1
50971,3
38537,4
39188,1
40183,3
61562,3
61995,1
37021,3
37069,3
45005,3
289,3
57361,3
57381,5
45825,3
53388,3
36969,3
62711,1
62712,3
62526,1
26124,3
26503,1
40185,3
63064,3
19933,1
65587,3
390,3
433,1
177,3
253,3
41959,3
27781,3
27966,1
58029,4
27555,3
37028,3
92,1
112,3
136,3
285,3
58034,3
62598,1
62578,3
36719,3
62682,3
62955,3
151859,3
66559,3
58,1
71,3
36345,3
62134,1
62234,3
63594,2
138,3
332,3
66837,1
62332,1
62331,3
2219,1
2264,3
283,3
377,3
63515,2
37032,4
63419,4
52130,3
63424,3
124,3
25097,1
27751,3
35525,3
27667,3
27841,1
48786,3
30074,2
62956,1
19478,3
48832,1
126,1
52466,3
43127,3
258,4
34538,1
34554,2
66,1
65,3
28148,4
43225,3
45415,3
150,3
47272,3
60559,3
61306,3
62482,3
65871,4
25961,3
53514,3
53738,1
62716,3
27835,3
50814,3
40477,3
41225,3
50762,3
28075,3
152,1
28341,4
62668,3
62736,3
62515,1
41228,2
3196,1
3195,3
369,3
19345,3
19454,3
62738,1
63012,3
47367,3
55094,2
54570,3
62022,3
19227,3
19332,3
19079,3
19220,3
66217,2
23378,3
19007,3
19074,3
52157,3
42072,3
18885,3
19000,3
18739,3
18860,3
55514,3
57320,3
52393,3
53264,3
18589,3
18730,3
26849,1
24714,2
24619,3
45313,3
18459,3
18576,3
53486,3
53536,2
18309,3
18452,3
17887,3
17762,3
17886,3
17979,3
18209,3
18308,3
62412,3
18087,3
18196,3
56032,3
60270,3
18086,3
17976,3
53245,3
38388,3
38665,3
53491,3
27939,3
6586,3
8167,4
21747,2
21986,3
58069,4
53481,3
33102,1
32932,3
38218,1
57613,3
37038,3
62976,3
33076,3
249,3
319,3
51362,3
52239,3
57765,3
58001,3
23204,2
52301,3
52987,4
106,1
83,3
28076,2
28103,3
68,1
41350,2
31833,3
31916,3
38693,3
52140,3
52261,3
17761,1
67665,2
84,1
107,3
25963,1
38283,3
38827,3
61307,4
169,3
172,1
191,3
211,3
31875,3
32051,3
65836,3
165,3
400,3
62392,3
311,4
67648,2
32412,4
19452,3
31878,3
110,1
402,1
409,3
42216,3
34616,3
62726,3
63218,3
24549,2
34611,3
62520,3
50120,4
22078,2
23989,2
61961,2
61962,1
63193,3
63296,3
63297,1
63411,3
61455,1
61341,2
61017,3
61343,3
39985,4
62758,1
43291,3
65084,3
65147,3
18537,1
18538,3
60971,2
60445,3
62626,3
14678,3
14854,4
15002,4
270,3
327,3
371,1
21812,4
62684,3
47141,3
28721,3
410,1
424,1
18482,4
42245,3
43715,3
63117,3
63250,1
10230,3
63118,1
19776,3
14990,4
14977,4
14931,3
41444,3
62550,4
60281,3
60447,1
10444,4
10614,3
63196,1
9904,2
24416,3
19772,3
19982,3
205,3
10375,4
20304,3
20670,3
27562,3
23203,3
50761,1
147,3
61669,1
61670,2
180,3
7022,3
10427,4
29115,1
29119,4
46661,3
49077,3
14844,4
20671,1
21382,3
62883,1
62863,3
18481,1
148,1
14758,2
60292,3
59623,3
27291,1
27292,3
14835,4
154,3
21064,3
10432,4
62686,3
21448,4
21920,3
29602,3
53026,3
18385,3
18692,3
34392,3
29129,4
21510,4
14767,2
14746,3
33664,3
34363,3
18421,3
61684,3
10397,4
65721,3
14647,3
40673,3
62841,3
61625,3
62085,3
61643,4
17548,2
17547,3
17661,3
14083,3
40019,4
43386,3
19748,3
24984,1
24974,3
17739,3
29606,3
23351,3
14103,3
17397,3
17877,3
57873,3
59521,3
61347,3
23748,2
23988,3
60293,1
60457,4
17511,3
17983,3
29132,1
29139,3
62064,4
62421,3
85,2
28829,3
62586,4
63404,3
17595,3
18099,3
33717,2
17753,3
18235,3
104508,3
104629,4
1341,1
1342,1
17852,4
62090,1
274,3
18926,3
18696,3
18823,3
19028,3
23699,3
23707,2
14578,3
18943,3
19134,3
19025,3
19280,3
28869,1
28870,4
19095,3
19430,3
61787,4
17496,1
17495,3
19205,3
19524,3
24973,1
19321,3
19612,3
19235,3
25138,3
19355,3
64185,3
64295,2
56026,3
86,3
43706,3
44277,3
64125,3
64227,3
64079,3
64191,3
29632,4
60802,4
18288,3
64043,3
64153,3
182,3
54211,4
24136,3
24396,4
63985,3
64091,3
3084,3
63937,3
64045,3
63869,3
64001,4
26083,2
65554,3
63821,3
63923,3
65809,3
17406,1
17405,3
63787,3
63851,3
310,3
374,1
34418,4
63763,3
63801,3
63713,3
63765,3
94,3
127,3
14478,3
261,3
24596,4
24896,3
65577,2
65561,3
63695,3
63711,3
63661,3
63687,3
32470,2
186,3
278,1
161,3
131,3
134,1
63617,3
63653,3
25848,2
64488,3
64610,4
63571,3
63615,3
18618,3
64650,4
64782,3
63531,3
63561,3
63533,2
64692,3
334,1
27335,1
27336,3
264,1
63406,4
45387,3
47642,3
45255,3
63374,4
23571,3
24311,3
18166,3
33752,3
17364,1
17363,3
164,1
96,1
45219,3
45329,3
64717,3
64797,3
34428,4
34480,3
33702,3
33685,4
24422,2
24505,2
18491,4
19238,3
151194,4
151189,4
53405,3
17318,1
17317,4
24377,4
34377,3
57639,3
24581,4
17968,3
18273,3
2266,1
2270,3
28882,1
34607,3
4482,3
4803,3
57857,3
18418,3
18685,3
64645,4
52217,3
17264,1
17263,3
33701,1
64648,3
28871,1
29100,3
64605,4
26082,3
29101,1
24343,3
63939,3
48681,2
50077,4
53065,1
17895,3
18369,3
56025,3
63767,3
64469,3
64601,3
59759,3
24545,3
24877,3
18522,3
57280,3
64027,3
17687,3
66049,1
65791,3
21771,3
23512,3
25847,3
17188,1
17187,3
65248,3
65518,3
28228,3
18586,3
18753,3
17989,3
59672,3
53957,3
54275,3
24296,3
34622,3
24351,3
65529,3
18057,3
58867,3
63395,5
17453,4
60410,3
62614,3
29319,1
29318,3
18171,3
18869,3
57797,4
58616,3
18121,3
17154,1
17153,3
64778,2
62951,3
62948,4
62265,3
42762,4
65517,2
65519,2
17539,3
4615,3
38016,3
2276,1
17764,3
37909,3
40187,3
18301,3
18963,3
27250,3
27413,2
63387,4
13824,3
14167,3
64779,2
24153,1
23956,3
99703,2
17094,1
17093,4
63304,4
63382,4
63454,4
62710,4
62934,4
63056,3
45220,1
46297,1
65307,3
4882,3
5610,3
99826,2
18848,3
19125,3
13218,3
13907,4
63786,1
63778,4
23877,1
23694,3
14030,3
14353,3
27991,3
29644,3
62640,3
62564,3
62366,4
17053,3
17213,3
14483,3
62923,4
17054,1
62286,3
62326,4
20305,1
20522,3
14250,3
63172,3
16965,2
17331,3
18772,3
19113,4
40137,3
40975,3
63201,4
39739,3
39167,3
40124,3
63379,3
13317,3
13959,3
14475,3
63598,3
63262,2
17328,3
17409,3
63771,3
11289,1
11290,4
11254,1
11253,4
62065,3
25991,1
25899,3
33686,1
64010,2
20420,3
33688,1
17027,3
40861,4
17028,1
13515,3
14041,3
18554,3
19033,3
151084,1
151083,1
17327,4
12946,3
62915,3
23050,4
12409,1
12410,4
5608,3
27323,3
54377,3
52044,3
53671,3
25845,3
26399,4
48057,2
56307,1
56153,3
62198,3
16987,3
63600,2
49986,3
50489,3
12794,3
13205,3
16988,1
12107,1
12108,3
61807,3
62096,4
14694,3
14547,4
39035,3
39255,3
13347,3
62247,2
62432,3
25693,3
26109,3
12648,3
13160,3
13598,4
65173,2
29658,3
65174,3
65794,1
14125,3
17706,3
59188,3
62203,2
38577,3
39121,4
65152,2
16963,3
13033,3
32502,2
11501,3
12200,3
65172,2
61356,4
65171,3
26111,1
26353,2
65170,2
13451,3
39683,3
16964,1
19275,4
26733,1
26495,2
11502,1
61575,3
62135,3
26873,1
26471,4
17972,3
13644,4
14163,3
12544,3
67451,3
62161,3
29256,2
11121,1
11122,4
61412,4
38644,4
39313,2
67566,3
26393,2
63482,3
63360,4
63456,4
63599,2
25633,1
25634,3
50310,3
51283,3
17929,4
11677,4
60190,3
13817,3
17597,3
17837,3
65228,4
18490,3
53165,1
53326,4
21132,3
59560,3
11968,3
18091,3
53364,3
28575,3
21275,3
53381,4
17751,4
28518,1
28517,3
38397,3
13265,3
13686,3
48402,4
65168,3
65219,4
25735,2
17910,3
26273,3
14233,4
53340,3
25650,3
11001,1
11002,4
65274,7
65310,3
25722,3
12093,3
49878,3
12387,3
12748,3
18435,3
38398,1
38456,3
28317,3
14595,1
14596,4
13323,3
38800,2
54549,1
14709,3
14765,2
27280,1
27176,3
25443,4
12307,3
12607,3
53010,2
14451,1
14452,3
60392,3
60896,3
61357,4
11452,3
11955,2
53211,3
57495,3
57616,3
12468,3
18899,3
19550,3
36550,3
38017,2
17882,3
18398,4
64340,1
38617,3
14331,1
14332,3
64728,3
65301,2
65314,2
61532,3
63356,3
63114,3
12059,3
10817,1
10818,4
57270,3
50193,3
60885,4
61498,3
3101,3
62168,3
62144,3
12171,3
65431,3
62199,2
34686,3
34968,3
24711,1
24571,4
5472,3
6581,1
29672,3
11930,3
60184,3
62793,4
63105,4
37910,2
64472,4
14975,3
15804,3
26155,3
11881,3
23360,3
23359,1
17846,3
18075,3
39864,3
40142,2
23422,4
57386,4
24885,1
24767,4
41453,4
4431,4
50894,3
52039,3
18361,4
18732,3
24352,4
24230,3
40564,3
62298,2
27096,3
27494,3
18658,4
39345,3
12770,3
12279,3
41117,2
11674,4
18056,3
18177,3
20136,1
20006,3
25444,1
20419,1
20436,1
62297,3
40118,3
12884,3
13762,1
13761,3
138313,1
137807,3
53997,1
10693,1
10694,4
32556,3
18146,3
18321,3
63347,4
29682,4
99348,3
18645,3
99588,4
118497,2
53027,2
49776,4
65024,2
57758,3
57792,3
18272,4
18463,3
11486,4
38027,2
3341,3
13084,3
13427,4
13548,3
50186,3
28327,4
29257,2
14964,2
31425,2
18430,3
19534,3
19889,1
27457,3
27718,3
57008,3
57329,4
61632,3
15640,2
62763,4
34306,3
34623,4
17604,4
60799,3
65509,2
62295,3
13244,3
65502,2
25211,4
26089,3
13629,1
13630,3
17695,4
18614,3
31578,2
17621,3
14038,3
63346,2
63567,3
29974,3
29973,3
30065,3
31338,3
63551,3
63791,3
30076,4
30225,3
11354,3
60786,3
10563,1
10564,4
31451,1
59427,3
63775,3
64065,3
30234,3
30461,3
26898,4
27349,4
19498,3
19917,3
64166,4
64175,3
63342,2
38545,2
64639,1
52178,4
52330,4
37485,2
29315,3
29775,5
151124,3
52108,4
4627,2
4623,4
4874,3
28903,3
29330,3
30439,3
31065,3
31424,4
5247,1
28923,3
58889,3
59447,3
14093,3
14349,1
13148,3
64157,3
64558,3
4878,3
27458,3
27459,2
50178,3
18182,4
18283,3
37109,3
28367,3
58257,3
58901,4
11194,3
13121,4
50878,3
31577,3
52089,4
34698,4
34582,4
34639,5
22778,3
23312,1
52063,4
13949,3
14269,1
27720,3
20129,3
63330,4
57823,3
58262,3
10405,1
10406,4
37110,1
30319,4
30419,3
27756,3
42753,3
45496,3
45514,4
45594,3
45596,4
52145,6
151521,1
151522,1
13807,3
14139,1
34106,3
34590,4
19460,3
19743,3
34659,4
34693,4
52992,3
57394,4
49773,4
34704,3
48422,4
13028,4
37117,3
11046,3
57369,3
59465,3
57351,4
33730,2
33472,3
34105,2
34585,3
41655,3
34724,3
52031,4
52293,3
35128,3
19780,3
20261,3
21203,4
21281,3
36404,2
41457,3
26449,3
45428,4
45536,3
47611,3
137043,3
137759,3
13699,3
49431,3
49457,3
51711,3
52720,3
52993,4
48859,3
49301,3
48697,3
47595,3
48593,3
58919,4
30238,3
37120,1
30324,3
30541,3
13904,3
33630,2
35763,2
34673,4
34690,4
44985,1
44986,3
35398,2
53028,4
41948,3
34742,4
55424,3
55338,3
55427,4
40465,3
55331,3
4390,3
35762,3
65319,3
56554,2
58274,3
42214,3
45118,1
20182,3
65501,2
38235,2
34758,3
33613,2
33385,3
35758,2
35423,2
36160,3
25191,4
26217,3
11726,3
57065,3
57295,3
34787,4
36641,3
40480,3
33649,2
34018,2
53013,4
34017,3
34020,2
34073,3
34265,3
35757,3
33935,3
18140,4
48641,3
53575,3
30735,3
31181,3
21082,3
48563,3
18650,4
18682,3
48178,4
55020,3
55647,3
30330,4
30488,4
19958,4
20373,1
33386,2
10267,3
10850,4
59481,4
18766,3
55552,2
56647,2
18599,4
53598,3
53610,3
40060,3
40496,3
58925,3
151221,3
10982,3
11922,3
13388,3
21343,3
39656,3
40088,3
60772,3
31119,3
31555,3
63552,1
34988,3
17845,3
64580,3
30203,3
30267,2
58304,4
38796,3
39667,3
20500,3
30272,3
64582,1
64614,2
36291,2
26750,3
30334,3
30427,3
31794,3
151179,3
30236,3
29979,4
50272,1
49942,3
64876,2
62296,3
19640,3
30604,3
18109,4
53050,4
38702,3
39417,3
21423,3
11054,3
12056,3
41489,3
42164,3
18934,3
38140,3
38425,3
30245,3
25791,1
25775,3
136301,3
137018,3
30963,3
31238,3
62755,3
48248,4
41490,1
10145,3
10734,3
65231,2
65232,2
151804,3
38022,3
18217,3
18541,4
24759,3
25223,3
59495,3
40257,3
39275,3
37160,3
38039,2
30549,4
39512,3
30340,3
30498,3
17855,4
11877,3
12192,3
58953,4
53200,3
36519,3
36647,4
53041,3
23446,3
36882,3
37178,3
35289,3
47305,3
24563,4
24122,3
21599,3
24119,3
24303,3
64875,2
24360,3
28587,1
28588,3
14779,3
15201,3
18115,3
18260,3
36887,3
57790,3
57286,4
57807,3
58013,3
14297,3
31777,3
18232,4
18891,3
19012,3
64462,3
36649,1
36659,3
18011,3
18051,4
151180,1
27931,1
27932,3
12023,3
12310,3
24723,3
24733,3
32557,2
24891,4
5045,1
17943,3
4668,3
30652,3
151197,4
151204,4
19670,3
4165,4
4205,3
27132,1
27131,3
62406,1
18002,4
14877,2
19194,4
19622,4
9155,3
10586,3
64082,2
63912,3
64077,3
30601,3
31049,4
31498,3
37357,3
18478,4
62846,1
27104,3
12149,3
12440,3
17953,3
18811,4
19070,3
135595,3
32059,2
38433,4
25776,3
25877,3
18808,3
59503,3
151229,3
36777,3
17920,4
30597,3
23939,3
24277,4
34477,3
34805,3
137042,3
138064,3
26167,3
26360,3
23691,3
23980,3
28937,3
58967,4
15639,3
63240,3
63239,1
63234,3
18282,3
63328,3
63486,3
63475,3
63726,3
42568,4
57248,3
59513,3
59676,3
12257,3
12586,3
17805,3
33781,3
34259,3
23720,4
28610,3
63842,3
63838,4
60710,3
61046,3
64005,3
53658,1
18957,3
27024,3
27179,1
28379,3
12950,4
14288,4
49263,3
64149,3
23486,3
61216,3
23330,1
22292,3
37773,3
64140,4
64252,3
26214,3
26632,3
27936,3
61253,4
58308,3
31796,2
32089,3
38840,3
38670,3
38874,3
39259,3
61585,3
19317,4
19581,3
19886,3
47905,3
44516,3
43307,3
43351,3
18125,4
63724,3
30412,3
21008,1
20908,3
20266,1
20068,4
30423,3
38707,3
31421,3
11465,3
18390,4
12351,3
12734,3
38202,3
38477,4
25988,3
34753,3
18705,3
47973,3
49150,4
57795,3
38052,3
38237,3
63276,3
63392,2
59531,3
63385,3
38084,3
29985,4
151123,3
14804,1
11638,3
18338,3
59700,3
59788,3
19059,3
58991,4
46367,3
31553,2
63998,4
59886,1
60094,3
22516,4
19405,3
19789,3
30414,3
27760,3
30247,3
63230,3
60608,3
26545,3
26744,3
63317,3
58312,3
12133,3
12366,3
13134,3
63472,3
30006,3
33782,1
27023,1
34780,3
29805,3
20907,1
20997,3
19994,3
10764,3
63722,3
23383,1
23384,4
14238,4
63836,3
59571,3
29057,3
12478,4
13310,3
63992,3
19251,4
29063,3
28701,3
64134,3
27001,2
24016,3
14858,1
59025,3
17961,4
18030,4
26678,3
55551,3
28716,4
34494,3
12901,3
13464,3
11990,3
23770,4
19873,3
63319,3
57174,3
30974,3
31069,4
30640,3
30976,3
58285,3
30474,3
11550,4
57208,3
52246,3
53133,3
23516,4
64130,3
20080,4
20625,3
19365,3
27762,3
13101,3
13580,3
26213,1
26454,3
18344,4
20917,3
21241,1
10676,3
15063,3
15064,4
15193,3
15283,2
63229,1
49672,3
60436,3
60676,4
64915,3
64841,3
13219,3
13750,3
30014,3
42695,3
42964,3
57773,3
57979,3
11138,3
11582,3
13363,3
13900,3
30557,3
18277,4
45445,3
61350,1
13479,4
14058,3
57943,3
13589,4
21915,3
26482,3
13997,3
25855,3
32094,1
31744,3
18706,5
11367,4
18496,3
60236,3
60492,4
11957,3
11996,2
18214,4
11987,3
18790,3
19877,3
58239,3
47810,3
49198,3
61428,1
11738,3
12203,3
45116,4
45346,2
17955,4
19058,3
136483,1
136484,3
11222,3
11722,3
10542,3
18117,3
20478,1
20146,3
30471,3
60260,3
58122,1
58052,3
27103,1
137897,3
138188,1
20476,3
20805,3
21124,1
10476,3
10903,3
28067,1
27949,3
57886,2
57844,3
19720,3
27953,3
57942,3
136436,4
136566,3
27772,3
59986,3
31472,4
55666,3
55715,2
26419,3
15977,1
15978,4
5137,1
63490,3
63286,3
63479,3
63651,2
4321,3
58189,3
58476,3
48619,3
64461,3
26549,3
26840,3
31077,3
38884,3
18414,4
58450,4
58662,1
25597,4
11302,3
24064,3
30251,3
30977,3
11870,3
35008,3
15893,1
15894,4
15500,4
48955,3
10152,3
10680,3
38497,3
30264,3
43188,3
60138,4
23802,4
64739,3
30026,3
16569,1
16570,3
38092,3
19494,3
11978,3
20200,3
20791,3
20048,3
23526,3
60740,1
17859,3
18134,4
23019,3
23480,3
20899,3
42835,3
63285,1
30705,4
26795,3
27064,4
15366,3
136518,4
136644,3
11418,3
31317,3
31686,3
136175,3
59644,3
30990,4
59677,3
18990,3
19099,3
19447,4
60558,1
18289,4
18630,4
19608,3
26796,1
16362,3
16485,3
59518,3
65268,2
14956,3
15263,3
23139,4
59256,3
59554,1
33774,1
33773,2
28790,1
28712,3
21377,3
18264,4
35082,3
58442,3
58808,3
12578,4
14798,3
15176,4
60274,1
27955,3
59096,3
59277,1
18485,4
65267,3
26919,1
11510,3
58168,4
18858,3
19341,3
136596,4
136712,3
18240,4
151570,1
151569,1
26894,3
59126,1
42809,3
31081,3
15663,3
19603,4
30880,4
58918,3
42908,3
57152,3
57193,3
64995,3
22518,1
22716,4
26544,3
30627,3
58950,3
19387,3
11808,4
16224,3
26350,3
26789,3
136230,3
58758,3
14702,3
15005,4
61706,3
61866,3
10595,3
10770,3
58602,3
58791,3
30280,3
19573,3
57774,1
19223,3
136636,3
136786,3
42648,3
13705,3
14226,4
136095,3
136378,3
24102,3
57866,3
19763,3
57868,1
24331,3
24367,2
58486,3
58627,3
18187,4
57984,3
31732,2
57985,2
14628,3
14920,4
18410,4
16300,3
58500,3
18061,3
58078,3
28668,3
23840,4
58280,3
17937,3
61664,3
136388,3
31687,3
20595,3
58290,3
58181,1
30540,3
20081,1
34762,3
52046,3
52265,3
61578,3
61639,4
31326,3
15971,3
24438,2
24622,4
31087,3
65352,2
64519,2
23566,4
56701,1
56702,1
14446,3
14811,4
11964,3
64110,3
34861,3
28658,4
17067,3
17672,3
28416,3
29225,1
136757,3
136850,3
10469,3
10551,3
27780,3
61674,4
61702,4
28442,3
19097,3
24921,1
43352,1
61760,3
26790,1
24736,1
19517,3
10489,3
10559,3
27788,3
15564,3
65959,2
55792,1
35017,3
19417,3
61722,4
136726,1
136682,4
31460,3
61552,3
14330,3
14629,4
12044,3
12696,3
18303,4
18770,1
16038,3
16356,3
2800,3
61657,4
10656,3
10830,4
61717,4
61780,4
136832,3
136886,3
45267,3
136454,3
64013,2
63575,3
63967,3
11227,4
63401,3
31091,3
25401,3
26339,3
42647,1
10088,3
10309,3
30050,3
14518,4
58516,3
20452,3
151210,4
136708,4
136794,3
61934,4
30492,3
30566,2
13313,3
18073,3
58294,3
61623,3
61679,4
61869,4
58825,3
58996,1
18697,1
26791,1
16156,4
34919,3
35336,3
60148,3
17138,3
17702,3
58860,1
8682,4
9338,3
58727,3
16535,3
61737,3
58755,1
47809,1
33165,4
136840,4
136916,3
30555,3
136746,4
16074,3
16432,3
30288,2
58649,1
12148,3
12820,3
10519,4
10874,3
14086,3
14386,3
15268,3
61555,3
34939,3
4875,1
59841,1
15616,3
18644,1
136780,4
59683,1
9960,3
10426,3
13412,4
30671,3
42916,1
136534,3
4197,3
18202,4
57165,6
10449,3
24130,4
16004,4
136882,4
136974,3
30966,4
31255,3
52858,3
53147,3
19389,3
17186,3
17746,3
33154,4
15213,3
58405,3
58522,1
13976,3
14326,3
64740,2
58419,1
23868,4
58296,1
18609,1
61855,4
61960,3
10629,3
11112,4
27796,3
12262,3
12942,3
52865,3
8798,4
9540,3
15286,3
15778,3
61883,3
23598,4
13532,3
15138,3
26673,1
26674,3
57673,3
16883,3
13056,3
12254,3
26801,4
16136,3
13704,3
14253,3
16581,3
10103,3
136912,4
136373,3
28145,1
14715,3
15035,3
136602,3
27804,3
23199,4
26609,3
52045,3
137898,1
138214,1
18566,1
61921,3
17298,3
17788,3
30747,3
31166,3
136414,3
9341,3
26012,3
12350,3
26766,1
14890,3
136632,4
21443,3
12089,3
12686,4
136625,1
136576,3
4191,3
4361,3
137024,3
19109,4
16627,3
17064,3
4299,4
4775,1
15376,3
16182,3
30292,2
136411,3
14775,3
20926,3
136676,3
25825,2
26428,2
10211,3
18251,3
22353,3
22818,3
46368,1
46361,3
52956,3
53161,3
12575,3
17402,3
17894,1
136692,3
14666,3
11829,3
52964,3
12808,3
21971,3
52778,3
24477,3
24373,3
136468,3
136470,3
30460,2
137020,3
137248,1
14468,3
24164,3
9225,3
4927,1
4923,3
136756,3
22556,3
10813,4
11506,3
23886,4
13642,3
14206,3
31232,3
30298,3
9915,3
10303,3
10728,3
151216,4
16309,3
23636,4
25402,1
25135,2
31499,3
24663,1
24664,3
15277,3
15506,3
16256,3
23265,5
136826,4
13536,3
14156,3
27814,3
53222,4
53414,3
15413,4
19391,1
22115,3
30840,2
9942,4
10419,3
53072,3
53171,4
9143,3
9645,3
136866,3
136578,3
15848,3
23267,1
136573,3
57190,4
57342,3
57636,3
12420,4
22896,4
57064,3
57150,4
13472,3
14020,4
14528,3
136354,1
136353,3
34161,3
16490,4
9994,4
10527,3
9624,4
45189,3
136655,3
11233,3
34960,4
12538,4
13352,3
13936,3
4148,3
30055,3
9063,3
4189,3
15776,3
15748,3
24208,3
15510,3
61369,1
61037,3
15578,3
16347,3
16659,3
17384,3
53008,3
23912,4
137016,3
56400,3
15840,3
54512,3
56419,3
4919,3
5185,1
10022,4
10651,4
23654,3
10724,3
25654,3
11214,4
12656,3
8681,1
30762,3
54298,3
55134,2
13274,3
13793,3
20759,3
9605,4
34840,3
34892,3
34978,3
54299,2
23396,4
53179,4
53234,3
57033,3
57127,3
57147,3
16288,3
52120,3
52464,2
8993,3
16065,3
15359,3
15440,3
15656,3
10064,4
10743,3
13138,3
13694,3
54750,2
54749,3
151593,3
151628,3
30761,1
30946,3
34839,1
56069,3
55505,3
56072,2
56329,3
136827,1
11857,3
8413,3
57665,3
14123,3
151557,3
53464,2
23112,3
14555,3
51190,3
52443,2
53187,2
56332,2
53238,3
31251,3
31543,3
54145,3
8896,4
9574,4
55703,2
15762,3
15782,3
16573,3
16739,3
52529,3
53185,3
15125,3
15527,1
51837,3
10108,3
10839,3
30417,1
12998,3
13566,3
30079,3
56876,4
53225,3
55651,3
8559,3
24232,2
22131,3
24629,2
24698,3
26535,2
11199,3
14144,3
52883,3
57091,3
4183,3
10128,4
10987,3
23944,4
30996,4
31633,3
15712,3
16646,3
23678,4
15788,3
16159,3
59282,1
58942,3
12803,3
13433,3
24630,2
8829,3
9548,4
30704,3
10158,4
11165,3
21665,3
30703,1
13745,4
14396,3
20647,3
21029,3
55859,2
57630,4
58062,3
22397,3
14560,3
4922,1
10853,3
152343,4
16617,3
11655,3
25129,4
11838,3
33153,2
11664,3
45980,4
58939,3
61468,1
24401,3
24420,3
31060,4
31717,3
25132,3
61998,3
62702,3
45115,3
45836,4
30876,4
32565,3
33303,3
24450,3
152346,3
14390,4
8773,3
9502,3
53193,3
14552,3
64060,2
24242,3
24857,3
25567,3
24638,4
13647,3
24682,2
24834,2
137028,3
24487,3
34965,3
24695,3
24833,2
32127,1
31865,3
16091,3
15168,4
16466,5
66216,4
67398,4
24720,3
24764,3
45976,4
64061,2
24521,3
31140,4
31751,3
24681,2
14873,4
15316,3
63197,3
24270,4
20955,3
21231,3
8721,3
9469,4
20437,3
21731,3
61028,3
61955,3
23994,4
13170,3
13841,4
16245,3
13340,3
23724,4
24445,4
25015,1
25016,3
14272,3
14179,3
13957,3
14130,3
31200,4
31835,3
64112,1
23462,3
14303,3
15142,3
12995,3
13151,3
25645,3
24748,3
34827,2
34994,3
34627,3
25470,4
15039,3
14537,3
8414,3
10184,4
10932,3
8416,1
26433,2
13755,3
14005,3
33325,3
33367,3
21190,3
8659,3
9442,4
55583,3
24855,1
16730,3
17736,3
24792,4
15095,3
23176,3
14515,3
63493,1
62670,3
31270,4
30520,3
32566,2
32074,3
12975,3
12869,3
151524,1
151523,1
34628,2
34656,3
16400,2
16512,3
18060,3
19173,3
8444,3
34113,2
31925,3
16369,2
16747,4
20957,1
10240,4
11030,3
4098,4
18082,4
20271,3
66610,1
66302,3
137076,1
14497,3
14823,4
9379,3
59168,1
33260,3
24631,3
62119,3
63200,2
21398,3
21769,3
23854,4
11576,3
151218,4
24306,3
13103,3
8524,1
8523,3
30581,4
31320,4
32001,3
24040,4
57422,4
57628,3
57801,3
25469,1
23780,3
11390,3
11768,3
57578,3
57452,3
57579,3
57662,3
57653,3
57784,3
8766,1
8765,1
10262,3
11128,3
32296,2
151211,4
14423,3
14756,3
14965,3
25154,1
25099,4
31817,2
32979,1
33216,3
25353,3
25804,3
34812,1
34811,3
8525,1
8530,1
32305,2
151166,4
31404,4
32055,3
30647,4
17249,2
22913,3
53192,3
57573,3
57669,3
57779,3
17206,2
21787,1
57657,3
57118,2
57116,3
57213,3
58865,3
33096,2
33694,3
57448,3
14816,3
35153,1
11258,3
11490,3
15018,3
57571,3
57005,3
14420,4
14902,3
57583,3
57449,3
57645,3
58017,3
10971,3
53217,4
30296,3
58202,3
57587,3
31476,4
32099,3
22445,3
23309,2
57596,3
30739,4
58099,3
32141,4
59186,1
25768,3
26406,3
58161,2
57727,3
57730,3
62374,3
35000,3
20327,3
58073,3
9020,1
9019,3
14809,3
14994,3
14872,3
32153,3
15134,3
20440,3
25257,3
25374,3
34912,1
14338,3
16836,4
24865,1
11317,3
31518,4
13044,4
13638,3
10241,1
58524,2
30381,3
15012,3
25767,1
26215,1
24338,3
24818,3
14870,3
15320,3
35383,1
35384,3
30795,3
53191,2
53618,3
35200,1
35199,3
9150,1
9072,3
24772,3
24078,4
23059,4
57589,3
8842,3
57649,3
53218,2
53232,2
8063,1
8064,3
62008,2
25169,1
34749,1
34750,3
23812,4
12161,3
34529,1
34530,4
10748,4
11011,3
35020,1
35019,3
14747,3
13698,3
14313,3
25925,2
9160,3
11854,3
2799,1
151869,1
151870,1
12347,3
13202,3
24784,2
31606,3
30429,4
32938,2
10886,4
11108,3
30615,4
10264,1
11542,3
9362,1
31226,4
15212,3
15830,3
14721,3
14960,3
13008,3
13376,3
13576,3
24872,4
26489,1
13850,3
14196,4
8464,4
13294,3
14611,3
14800,3
30505,4
8106,3
21476,1
14924,3
30697,4
35023,3
8690,3
9028,3
35002,3
61822,3
14680,3
9794,1
9778,3
62201,2
24370,2
35388,3
66164,3
9111,3
9275,4
9506,3
18026,3
35215,4
8612,1
8515,2
21189,1
18037,4
24106,3
34768,4
34532,1
34544,4
9112,1
9185,4
35040,3
18206,3
35004,3
61963,2
14927,3
15331,3
23844,3
17449,3
18167,4
60535,3
62723,2
30561,4
31406,1
13236,3
13845,3
11088,3
30081,1
9318,1
10747,1
30432,1
13912,3
53241,2
53207,2
14788,3
53168,2
11330,3
29484,1
27057,3
14046,3
8466,1
8474,3
34129,3
15227,3
15625,3
8743,3
10677,3
32866,3
13090,3
13784,3
24470,3
24677,4
13431,3
27289,1
26747,2
62037,2
11066,3
14593,3
30851,3
30507,1
61988,2
35400,4
11328,3
13963,3
14308,3
35222,3
56916,3
57263,3
10859,3
57234,2
58431,1
14504,3
14750,3
34781,3
11312,3
11554,3
34546,1
34556,4
61541,3
62407,2
8519,2
8789,3
10678,1
14113,3
11044,3
62130,2
15091,3
15433,3
31520,1
9277,1
9375,4
8817,3
10094,1
9872,3
8482,3
30563,1
53242,2
53208,2
53167,2
14209,3
14718,3
11016,3
14540,3
14312,3
13716,3
9532,1
38342,3
11323,3
18408,3
12215,3
13007,3
13664,3
8792,1
10861,1
17593,3
18353,3
24685,4
16850,4
8964,2
14696,3
30617,1
32770,3
33150,3
31194,4
25358,3
13445,3
35586,1
24900,2
10996,3
35408,4
38949,3
8843,3
8486,3
9321,3
9666,3
35232,4
33636,3
33762,3
24465,3
24743,3
65960,3
14644,3
11339,4
23277,3
18735,1
8490,3
12930,3
23432,3
34795,4
13714,3
13721,2
7907,4
34558,1
34568,4
11351,3
12269,3
53170,2
8976,1
8880,3
8666,1
8578,2
8736,2
66222,3
53243,2
33705,3
21976,3
23233,4
53219,2
15697,3
66136,3
57223,2
30700,1
62038,3
33040,3
62052,3
10960,3
13455,3
65940,3
61987,3
11347,3
8918,3
12833,3
32610,3
32962,3
24932,2
33713,3
4097,3
66200,3
8492,3
15968,3
15323,3
12105,3
60981,3
61544,2
66244,3
9114,3
66153,3
66478,4
8840,3
14568,3
15084,3
8699,3
10902,3
55604,4
13809,3
11965,3
12288,4
24987,3
35599,1
12831,2
12832,3
53169,2
13321,3
35418,4
16767,4
16946,3
22930,3
11375,3
35035,3
35240,4
11525,3
12158,4
15507,3
35052,4
57224,1
8737,2
34810,3
8500,3
23069,2
34570,1
34580,1
53244,2
53220,2
15234,4
17619,1
8978,3
98030,2
17205,3
98129,2
9013,3
14097,3
30854,1
11393,4
10901,3
11695,4
61989,2
14247,3
14508,3
7402,1
7401,3
14734,3
17700,3
18517,4
65900,3
11423,3
12447,3
14984,3
20329,1
20331,1
20892,3
18562,3
31193,2
31185,4
15352,3
15675,3
14448,3
62017,3
16303,3
17514,3
35618,1
7501,2
14663,3
56869,3
13573,3
13965,3
56907,2
7909,1
35422,1
15107,3
31602,2
35244,1
10907,3
11439,3
31186,2
31203,3
14189,3
8163,3
35066,1
10126,3
32406,3
34826,1
60008,3
13735,3
16185,3
16506,3
7537,3
17038,3
17299,3
17631,2
10929,3
11455,3
61243,2
62020,2
13855,3
14376,3
20554,3
16107,3
16390,2
14601,3
59901,4
15607,3
15843,3
24529,1
24530,3
18938,3
16027,3
16176,2
14053,3
14262,3
65991,3
66453,3
18520,1
18673,3
10937,3
11471,3
79272,1
79271,3
65862,2
79274,1
80827,3
14154,3
14358,3
12501,3
15945,3
58089,2
80830,1
84821,4
15293,2
15294,3
12488,3
14292,3
84926,3
68470,3
84913,4
86860,3
7133,4
7715,3
10939,3
12362,3
11479,3
22690,1
22072,3
13557,3
53258,2
68490,4
86862,4
17248,3
15023,4
53269,2
53251,2
12665,3
13371,3
17904,2
98796,3
10274,3
10684,3
16154,3
65865,2
16012,4
16264,1
10941,3
11483,3
11887,3
67416,4
67532,3
11188,3
15093,2
87144,4
91515,3
26427,4
15813,3
11497,3
14017,3
84763,3
87009,3
11226,3
15087,2
14258,3
14399,3
15055,2
30138,2
15600,3
10953,3
84663,3
85434,3
32350,4
32417,3
8857,3
30161,2
31205,1
13988,4
14222,3
14275,3
14915,3
10538,3
86918,3
87445,3
87973,3
15856,4
16052,3
30137,2
18597,4
18915,4
7134,1
11545,3
87873,3
88425,3
7344,3
7951,3
31581,2
32073,2
30162,2
88147,3
88635,3
8197,3
16396,3
13939,3
14186,3
88315,4
88845,3
84585,3
85367,4
14935,3
15071,3
63128,3
88651,3
90025,3
58523,3
62132,2
11250,3
63139,3
16110,4
16414,4
13186,2
91853,3
98805,4
32333,4
89871,4
90459,3
7976,3
8532,1
32334,3
25824,3
98797,2
90237,3
90887,3
13883,3
14160,3
16926,2
15257,3
90890,1
89215,1
89117,3
84539,3
85264,2
17722,1
17354,3
85293,3
86901,3
11577,3
16327,2
16558,3
91891,3
91331,3
92565,3
152370,3
24186,3
22071,1
92184,3
94187,3
14120,3
13689,3
13978,3
99507,3
126588,3
15934,4
16118,3
85535,3
4040,3
4264,3
5556,3
87395,3
20414,4
20738,4
16315,3
13163,3
151272,1
151271,1
16169,4
15973,4
14687,3
33122,2
33121,1
33214,2
84515,3
85204,3
12839,3
13262,4
13788,3
85261,3
85771,3
12741,3
7136,1
99195,3
99349,4
10963,3
15475,3
11613,3
94021,3
94717,3
14175,4
14587,4
16201,1
93533,3
98737,3
85562,3
85985,3
58090,3
87361,3
88039,3
62093,2
14026,3
85223,1
152368,2
85802,4
86133,3
16043,4
15644,2
16009,3
97913,3
126573,4
84417,3
85115,3
86060,3
86255,3
13288,1
87256,3
87944,4
91850,3
7935,3
12936,4
13335,4
10962,3
11629,3
15495,3
90283,3
97738,3
7595,3
90285,2
87150,4
90272,2
17357,3
15629,3
26706,3
90268,3
89874,2
91042,3
90544,3
90838,3
91268,3
90214,3
89924,4
90153,3
89923,2
15867,4
15913,3
10958,3
11657,3
90407,3
15915,4
88664,3
90012,3
93855,3
84335,3
85045,3
13367,1
23894,3
24062,3
15818,4
13932,3
22685,1
22686,3
17543,3
15543,3
15766,4
87812,3
88264,3
13014,4
13407,4
67389,4
8438,1
15901,3
66522,4
22931,3
21043,3
87152,3
87247,3
16614,3
16716,3
66497,3
67411,4
15494,3
58555,3
87099,2
87131,2
33230,2
15909,3
12581,3
18198,3
88317,2
11669,3
15796,4
38950,2
36928,3
87651,3
88319,3
15792,4
88320,2
14137,3
91579,3
91945,3
87083,4
86225,3
85820,3
86910,3
92847,3
93411,3
87125,3
21286,1
21148,3
10956,3
11691,3
85808,2
13425,1
67036,3
13649,3
84183,3
84590,3
88300,3
85819,2
90040,4
87394,3
84942,3
7386,1
67028,4
24526,3
8823,3
9178,3
15400,4
19149,3
13092,4
13499,4
15922,3
85687,3
35572,3
36752,4
85497,3
85004,3
18796,4
12373,3
12680,4
85539,3
86626,3
15785,4
93257,3
90837,1
15574,3
16055,3
91018,3
86815,3
35939,2
85382,3
13607,3
13886,3
84538,3
10946,3
11709,3
14028,3
14511,3
88182,3
83863,3
84496,3
21068,3
10016,3
90917,3
91242,3
86694,2
86693,3
13525,1
21302,1
93083,4
13381,3
13603,3
90020,3
16591,2
23621,1
23622,3
12787,3
91492,3
9137,3
9372,3
16094,3
23704,2
11821,3
12394,4
90818,3
10945,3
11747,3
13660,3
66928,3
26880,2
27011,2
12774,3
15557,3
16082,3
84498,1
17368,3
15418,4
15516,4
13492,3
84800,4
14546,3
15388,3
84574,3
90797,3
13866,3
17654,3
17874,5
17108,3
88004,3
88904,3
84196,3
15379,4
9302,3
9964,3
66861,3
13529,3
13830,3
8787,3
22991,4
29406,2
29467,2
85459,4
86354,3
16587,3
14532,3
13239,3
90256,1
22733,3
18226,3
83864,1
14580,3
15180,3
16547,4
21277,3
12863,3
13174,3
10947,3
90988,3
91616,3
65824,1
65823,1
89770,1
12858,4
84482,3
83743,3
12430,4
85228,3
85415,2
15468,3
15740,3
16230,4
33229,1
85460,2
7105,3
7762,3
26946,3
87135,3
85354,4
86251,3
14436,3
13682,3
11563,4
90798,1
90800,2
85186,3
13402,3
16502,4
16697,3
33607,1
33608,4
9054,3
91164,3
91818,3
16203,3
85256,2
13111,3
85353,2
12862,3
12486,3
12956,3
91112,3
68295,3
85073,3
86212,3
84754,3
21452,1
13011,2
13353,3
9264,3
9749,3
11491,3
15394,3
15685,4
8761,3
8907,3
19698,1
19697,3
27890,3
16040,3
91820,3
92140,3
29173,3
33213,1
12145,3
10758,3
23865,3
9877,3
33874,1
12978,3
10340,4
17995,3
12974,2
12971,3
84886,4
85305,3
20124,2
20297,3
10967,4
12875,3
16020,4
16307,3
91834,1
16451,4
85114,3
86145,3
12528,4
12959,3
7645,3
8378,3
30781,1
30537,3
5532,4
6902,3
83685,3
17801,1
17802,3
86305,3
33272,2
33271,3
33318,4
34056,1
33732,3
15648,4
15997,3
13468,4
16312,3
15338,3
84306,3
12492,3
84234,4
84798,2
12208,3
84885,2
84484,1
12003,3
84297,3
15118,4
8692,3
86673,3
9209,3
24155,3
25495,3
36753,2
36814,2
13330,3
27076,2
11601,3
12020,3
92206,3
10977,3
11585,3
16407,4
16873,4
12590,4
13023,3
8657,3
86106,3
16916,3
13395,4
13484,1
86352,3
15596,4
15950,3
15279,4
12230,3
20238,1
20138,2
92009,3
92524,3
10979,3
27917,3
29564,3
8878,3
33418,4
13117,3
11617,3
33365,3
36817,3
26149,3
12632,3
30538,1
30716,4
16359,3
16383,3
16859,4
11635,3
12040,3
92010,1
93086,2
93538,2
20126,3
93557,2
10985,3
93035,2
92120,3
93016,4
30171,1
30172,3
86101,3
86775,1
21702,3
13143,3
13405,1
8231,3
20123,3
17070,3
86855,3
93558,3
20201,3
20224,2
12266,3
12624,3
84241,2
92454,3
93356,3
92644,3
15529,4
15882,1
92874,3
16623,3
15238,3
84298,2
17713,4
83726,2
20175,3
20125,3
86067,3
11651,3
12878,3
17844,3
91864,3
5531,1
5533,1
5760,3
11681,3
12084,3
15058,3
11021,3
83686,2
83725,2
23905,3
24116,3
27165,2
12452,3
17150,3
12706,3
27130,2
7574,1
12298,4
15480,3
15927,2
17288,3
17089,3
85841,3
11683,3
13040,3
12346,3
12594,3
16533,3
16693,3
16242,3
11063,3
11713,3
11733,3
12112,4
17488,3
30513,1
30514,4
22335,1
22336,3
16261,3
14840,3
15403,3
86719,3
12476,3
16604,4
16831,4
35729,3
12754,3
27166,2
17047,3
12226,3
12390,3
27411,1
26302,3
11093,3
12334,3
27129,2
8623,3
11763,3
30913,1
23070,3
11791,3
12244,3
7504,3
7993,3
86720,1
5762,1
5864,3
16746,3
17023,3
30243,1
135334,1
16217,3
35047,3
27501,3
19730,3
16728,1
86709,3
35026,3
11125,3
86169,1
86115,4
126575,2
135345,1
27248,2
22858,1
15314,3
5865,1
5904,3
12816,3
11849,3
85007,3
30818,1
22356,3
33498,3
16137,3
16566,4
9764,3
10710,3
5872,3
6012,3
8585,3
33463,4
126540,2
7806,3
16924,3
85565,4
86271,3
86274,1
27502,2
27704,3
86019,3
97698,3
125556,3
5973,3
6076,3
11205,3
27247,3
17899,4
150955,3
11891,3
21598,3
12568,4
12880,3
5978,3
6114,3
13004,3
29166,3
30046,4
19490,3
20579,3
8940,3
12508,3
37311,2
12896,3
5993,3
6208,3
30399,3
30632,4
8742,3
33842,3
35027,2
27451,2
27545,3
15988,3
16343,3
16513,4
16666,3
15207,3
11263,3
11939,3
33558,3
33190,3
33559,3
24655,3
16781,2
6182,4
6508,3
35048,2
33736,3
12628,4
32534,2
5840,3
7294,3
22758,3
22496,3
22007,4
14786,3
33036,3
33173,3
17395,3
22779,3
16683,3
20842,1
20496,3
30400,1
30534,4
32928,3
12017,3
16346,1
37004,3
32927,3
33049,3
32535,2
8452,4
16890,3
17378,3
12926,3
11337,3
16771,3
5944,3
12670,4
21372,3
21792,3
11959,3
33680,4
16647,3
11985,3
6470,4
6610,3
6181,1
16139,2
12053,3
14724,3
15149,4
7268,4
6166,3
5802,3
17336,3
6596,3
6680,3
6645,4
6764,3
30733,1
11751,3
28559,2
6727,4
6874,3
17502,4
9653,3
16642,3
29165,1
33496,3
33631,4
28462,2
6071,4
6354,3
6801,3
6952,3
11611,3
12063,3
11379,3
16612,3
16994,2
12359,3
12782,3
17988,4
150956,3
30674,1
5908,3
19492,1
21575,3
14646,3
14829,3
19048,3
17381,3
17574,3
17534,2
11782,3
6953,1
7032,3
22795,1
6446,4
6949,3
7096,3
15099,4
15661,3
14773,3
24173,3
11084,3
37418,2
37502,2
17656,3
17676,3
7077,3
27792,4
85566,1
5766,3
6213,4
6588,4
16580,3
16997,3
30536,1
30686,3
29426,2
97553,4
8014,4
21122,1
20934,4
15877,3
85491,3
85941,1
12674,3
7256,3
7948,4
17234,3
33673,3
6434,3
6562,1
27054,3
27683,4
85492,1
14726,3
15032,3
7989,4
15197,3
5879,3
12454,3
13927,4
27824,4
27904,3
32388,4
12079,4
124150,3
125323,3
123786,3
124153,1
6301,4
123582,3
123801,1
123342,3
123593,1
123341,1
123343,1
16420,3
16839,3
24175,1
14586,3
17134,2
29718,3
30426,2
20495,1
20660,3
15199,2
15561,2
53252,3
53257,3
21914,1
21650,4
5765,1
5809,3
7248,4
7517,1
21304,3
14669,3
84361,3
85174,3
32395,3
6589,1
123005,1
123006,3
14930,3
5812,1
151736,3
17382,3
17415,3
151730,4
27727,4
85838,3
6397,3
10374,3
7045,3
85062,3
6729,1
5923,4
12372,3
15713,3
15757,3
6815,3
17551,3
123007,1
124426,2
124424,3
17173,3
20520,3
7242,3
7922,3
5854,3
123020,3
14462,3
16941,4
17081,3
30906,2
31248,3
12115,3
125064,3
19651,3
19557,3
19658,1
19755,3
9166,3
9528,4
13018,3
27505,3
27879,3
8385,3
21084,3
21482,3
24657,1
7919,3
8123,3
17019,3
16811,3
85034,2
84964,3
85520,1
14641,3
15533,3
19758,1
19845,3
124423,2
17615,3
19539,3
19587,1
28558,3
84997,3
17492,3
6015,4
11826,3
124985,3
17097,4
7911,1
7912,3
30687,1
8087,3
8189,3
16911,3
15631,4
15871,3
14860,3
15260,3
16755,3
122592,3
123034,3
122591,1
122559,3
8153,3
8265,3
84884,3
85401,1
16979,3
14600,3
23973,4
7232,4
7876,3
8217,4
11624,3
124888,3
17569,3
5853,1
15815,3
8365,3
19846,1
19913,2
14388,3
20830,3
84768,3
85292,1
19540,4
19567,1
6139,4
20519,1
20688,3
6976,3
5925,1
16378,3
16707,3
123036,3
124790,3
28059,3
14949,3
15143,4
15588,3
17537,3
11422,3
6258,4
6867,2
18454,3
19816,4
84684,3
85183,1
17017,3
17157,3
22299,3
22420,1
7218,3
7384,3
6303,1
19514,3
7802,3
31818,3
19815,1
6869,1
15799,3
123050,3
14322,3
91105,1
91106,3
7520,1
7697,3
14909,3
15019,4
19583,1
16907,3
124683,3
84602,3
85049,1
26186,3
26307,3
7833,4
19725,4
19924,3
20689,1
6017,1
16267,3
16481,3
16165,3
21046,3
32396,2
6340,4
5256,3
4850,3
5254,3
4810,3
7174,4
19600,3
19614,4
19726,1
53300,3
6399,1
28461,3
19635,1
7070,3
27654,1
27653,4
97400,4
5715,1
5552,4
14792,3
16551,2
16622,3
6412,4
84601,2
84966,1
15301,2
15239,3
15355,3
123098,3
15492,3
9319,3
15692,3
124518,3
16869,3
17426,3
17001,3
16719,2
14888,3
8213,3
19767,4
24434,4
26205,2
14213,3
14366,2
20831,1
23938,3
26540,3
7104,3
7710,3
6142,1
6167,1
16927,3
15010,3
20924,3
21256,3
7801,1
14791,1
39309,2
123083,3
14347,3
39311,2
7800,3
16853,3
19867,4
84229,3
84755,3
16791,3
124365,3
19681,3
7742,3
4872,3
6960,3
7641,1
14737,3
16240,3
7759,3
4626,3
16754,3
27786,3
39838,2
26779,1
15471,3
12758,3
11628,3
12566,4
12726,4
84021,3
84565,3
12854,3
13538,3
14067,3
5848,1
5670,5
15362,3
21092,3
21392,1
124067,3
11284,3
62724,2
123051,3
16894,3
14841,3
12514,1
12444,4
6948,3
7440,1
15568,3
16424,4
14805,3
10648,3
13421,3
6890,3
7419,1
14739,4
8252,3
9393,4
14521,3
14274,3
14573,3
14637,3
19940,3
16865,2
20874,2
15181,3
111311,3
101959,3
105512,3
111645,3
17941,2
18015,3
4712,1
24800,3
82726,2
6814,3
7415,1
6257,1
91107,1
94650,3
10536,3
11238,3
111648,1
111819,3
16674,3
18453,1
19395,3
67006,4
6784,3
7356,2
121744,2
121743,2
30063,1
29599,3
67001,4
67053,3
122508,3
28196,4
14614,3
14848,3
3984,3
106460,3
112213,3
16759,2
12318,3
8264,3
6260,1
6722,3
7298,3
12611,3
21254,1
14657,3
15122,3
15513,3
106854,3
114605,3
7687,3
14486,3
14242,3
14352,3
26886,3
27657,1
6620,3
7272,3
12664,3
22242,3
5984,2
5968,3
19284,2
18130,3
18432,3
6342,1
13993,4
11153,3
7617,4
8569,1
8339,3
16527,3
11410,3
28635,3
15079,2
67094,3
6619,2
7112,3
11412,1
11776,3
29020,3
13280,3
16498,4
14958,2
6414,2
6914,3
11559,4
11982,3
8468,4
6978,3
14566,3
12164,3
12542,3
8221,3
21982,3
76705,1
76706,3
11818,3
6701,3
13838,4
14489,4
10317,3
10759,3
28975,3
12324,3
11969,3
12384,3
7651,3
7809,2
19804,3
7434,3
24433,1
12137,4
31819,2
75043,3
7765,3
109228,4
121625,3
14911,3
12640,3
31047,1
19538,3
19956,1
16463,3
16813,3
19404,2
12273,3
12814,3
10701,3
5554,1
8605,1
14324,3
14865,3
12848,3
13048,3
8136,1
7972,3
20236,3
19690,3
5468,3
5689,3
21175,3
22249,3
6148,1
22626,1
13296,3
8550,3
13061,3
13508,3
3866,3
3954,4
94651,1
96968,3
6175,1
5918,3
96882,4
7598,3
7597,4
14700,3
4930,1
12795,3
13652,3
11050,3
19980,1
10617,3
17892,3
18065,4
19426,2
27301,3
28450,1
13037,3
23992,3
8137,3
2218,3
13743,3
26875,2
27091,3
5850,3
26876,1
30953,1
30954,3
3829,4
10618,3
10991,3
67225,3
18148,3
22345,2
3870,4
8642,3
9285,4
9735,3
18093,4
8292,1
8291,4
3830,1
5602,3
63008,3
6436,3
11008,3
17945,3
18153,3
125764,3
127424,4
130290,1
17532,2
22259,3
9649,4
66162,1
66161,2
63140,2
62531,3
67188,2
67222,3
122245,3
7766,1
63007,2
60696,3
10844,3
10893,3
66651,1
66585,4
23488,1
23487,3
23875,3
23967,3
11429,4
17485,3
151167,4
16016,3
8399,3
29656,3
24180,3
8025,4
27382,3
29007,3
11659,4
7973,1
21249,3
22261,1
10952,3
23345,3
23609,4
66134,1
66133,3
23891,2
27205,4
29861,3
9286,1
66103,1
66104,1
3628,3
19988,3
26859,3
11384,3
19283,3
3634,4
4016,1
9287,1
10162,3
67649,3
8555,3
11903,4
151113,1
151114,1
10872,3
12119,4
19428,1
8592,3
12699,4
31280,3
11133,3
9651,1
9887,1
18704,2
23739,3
21005,3
5851,1
11589,3
11639,3
31371,2
31348,2
11911,4
12415,3
26683,3
27240,3
10834,3
11313,3
12827,4
12179,4
12549,3
11017,4
23936,2
21413,1
151721,3
151748,3
12301,4
151743,4
8594,1
8608,3
10766,3
12433,4
31345,3
30836,3
20319,3
21199,3
12643,4
19699,2
3882,2
66401,1
66570,3
30713,3
23346,3
12799,3
62695,2
7747,3
8101,3
11285,3
27543,1
16517,3
5467,1
10974,4
8495,3
8626,3
7861,4
26684,1
66901,1
10732,3
8287,1
8119,3
11260,4
8090,3
8536,3
8674,3
67602,3
67944,3
8097,3
67363,2
150979,1
150980,1
18375,1
8496,1
8518,3
60976,2
62221,3
62222,4
16271,3
22596,3
10910,4
20097,3
10714,3
21201,1
21309,1
22606,4
24255,3
23498,1
8155,3
11163,3
11476,3
16233,3
16543,3
16341,1
8528,3
8696,3
10660,3
10889,4
39310,3
11621,3
7864,1
7999,3
67270,4
30955,1
11082,1
8728,3
67470,3
10518,1
10390,4
8061,3
8139,3
10161,3
8554,3
39837,3
3200,3
11943,3
10544,4
10821,3
3211,4
11361,4
20162,3
12263,1
122761,3
61325,3
63364,3
12104,3
150998,1
20218,2
8758,3
53324,3
54084,3
12305,3
10391,1
8002,1
12459,3
24258,1
24739,3
30803,3
11055,3
11493,3
30837,2
26575,1
25255,3
9006,3
10289,3
61511,2
20286,3
11183,3
10508,3
10998,3
20285,3
8848,3
20253,3
20273,3
66904,1
12438,1
12221,4
11190,3
10919,3
8253,3
2122,3
2294,3
121975,3
20381,3
2508,1
2444,3
27190,3
52069,1
52060,3
20312,3
8411,1
11184,1
9367,1
9368,3
22067,3
151008,4
23628,3
61089,3
30714,2
26768,3
20800,3
151003,4
135394,1
135393,1
2398,3
20217,2
9060,4
106946,3
26781,4
27943,1
2274,3
8175,3
106948,1
107762,3
67227,3
19752,1
19618,3
8892,3
20359,3
10922,1
19500,3
19643,4
40000,3
19312,3
19527,3
8297,4
67280,4
9498,3
60141,2
60142,3
59128,2
60522,3
10481,3
19160,3
19373,3
30395,2
30529,3
80098,3
67425,3
19159,2
19216,3
19156,3
62605,3
60523,2
19856,1
19855,4
16500,1
16499,1
60697,3
59755,3
67362,3
72329,4
8479,1
22068,3
9130,4
8152,3
60698,2
151672,3
11847,4
8986,4
59177,2
59178,3
21093,3
22650,3
59071,3
58151,2
11947,3
18394,2
18294,3
18508,4
20076,3
80099,1
90710,3
8425,1
8099,1
8239,3
58144,2
11189,1
18144,3
18326,3
47922,2
45320,3
47946,2
19369,3
45364,4
2222,3
2286,3
25657,4
9544,1
57368,3
107763,1
8678,3
19859,3
19972,3
18014,3
18152,3
26455,3
26861,3
2098,3
58936,3
57375,3
19659,3
23627,1
12328,3
20038,3
9222,2
20301,1
20259,3
19254,3
54248,2
19990,3
17924,3
18044,3
19258,3
120921,3
19152,2
19120,3
8832,3
9076,3
20149,3
20294,3
19263,3
19664,3
19691,3
20016,3
54317,3
18830,3
19203,3
2512,1
16545,1
16589,3
18854,3
17780,3
17934,3
8831,1
8903,4
10367,3
10705,3
12693,3
19255,3
10003,3
10506,1
20029,3
2097,1
2536,1
13182,4
19305,3
26566,3
26969,3
52286,3
53247,3
19250,3
18550,3
17660,3
17798,3
20035,3
20186,3
18186,1
18185,2
18191,2
18220,3
8241,1
8809,3
9849,3
10086,1
26131,3
18162,3
12249,3
30532,2
9241,3
9454,3
12690,3
17484,3
17684,3
18267,4
16602,2
17009,3
127891,3
20454,1
19967,3
20071,3
26736,3
27087,3
17350,3
17633,4
8905,1
8927,1
11321,3
12252,1
59116,3
25685,3
26326,3
18855,1
19002,3
133223,1
134612,1
72350,3
19837,3
19998,3
40747,2
40993,3
17872,3
22989,3
59077,4
11075,3
11741,3
89682,3
93804,3
18005,3
14082,1
13726,3
104918,3
112396,1
19411,3
24782,3
53332,2
53520,3
40828,2
41222,3
19288,3
19683,3
19904,3
93786,3
95968,3
11201,3
24829,4
26828,3
27183,3
25943,3
26664,3
95934,3
96304,3
8893,3
96012,3
30789,2
18594,3
96098,3
96839,3
18035,3
14378,3
53140,3
53249,2
18334,3
19577,3
19722,3
93758,3
95750,3
10638,4
21235,2
20783,3
120922,1
53385,3
95692,4
95910,3
8954,4
9103,3
10781,3
53274,2
116272,3
45230,3
17344,3
18173,3
25629,3
26578,3
18221,3
41346,3
45283,4
26981,3
27465,3
48070,3
19437,3
19596,3
53521,3
53386,3
41544,3
48023,4
19076,3
93598,3
94808,3
13416,3
52977,3
94790,3
19329,3
95593,3
95851,3
11293,3
17555,3
19231,3
21629,2
25448,2
26098,3
19368,3
19473,3
23392,3
20786,2
21672,2
30012,1
30011,1
20367,3
22670,4
26776,3
27135,3
22730,4
25067,3
30573,1
30574,1
16386,3
11917,3
16338,3
16366,4
19310,3
94771,3
18317,3
19325,3
95835,3
25356,3
18919,3
53273,3
94679,3
95109,3
95039,3
95527,3
11397,3
95467,3
18959,3
25173,3
25701,3
12183,3
13894,3
19359,3
24705,3
67442,3
26529,3
27263,3
96573,3
103922,2
16326,3
16325,3
19951,3
20487,3
11333,3
93578,3
10924,3
11836,3
26346,3
21019,1
21020,3
20753,1
52577,3
25437,3
24706,2
25360,3
8750,3
8899,4
16978,3
16368,3
16494,2
14660,1
14530,3
16540,2
10393,1
10394,4
53389,3
18367,3
20631,3
21162,3
18467,3
10635,1
4566,1
4565,1
93548,3
14623,3
13399,1
12068,3
16554,3
26707,3
27391,3
25143,3
8968,4
9074,3
10554,3
11160,3
9692,1
9586,3
25971,3
10050,4
22722,3
13333,3
14769,3
43023,2
13880,3
8929,4
95977,3
42682,2
81232,3
8771,3
9031,3
10049,1
93514,3
94567,3
20773,3
21528,3
9585,3
9702,4
71780,3
81183,4
94506,4
95515,3
17586,2
17825,3
95492,3
95659,3
17388,2
14987,3
20307,3
25607,3
7997,4
14981,1
53876,2
26251,3
21630,3
17040,3
16376,1
26847,3
10174,4
13208,3
9312,4
21671,5
9279,4
99782,3
98824,3
99684,3
101618,3
17268,3
93452,3
21802,3
22674,4
30804,2
94449,3
9227,1
9228,4
22740,3
10402,3
11436,3
95240,3
21829,3
22723,3
26973,3
96223,3
100595,3
102877,3
21712,4
52657,3
53847,3
25873,3
20730,3
9826,3
26769,3
41233,3
17220,3
17140,3
12338,3
99359,2
93436,3
104917,2
105058,3
9391,3
106144,3
12718,3
21740,4
21846,3
53286,3
94385,3
22201,4
93390,3
51907,3
9577,4
25580,4
94318,4
18223,1
9534,3
68638,3
74274,1
41570,3
9899,4
20994,3
20534,3
20846,3
8866,3
9858,4
26177,3
11437,1
11862,3
13097,3
22288,3
43022,3
21026,1
93354,3
98985,2
94241,3
42681,3
10090,3
20652,3
95185,3
9771,4
25056,2
7767,3
8033,3
67496,2
67558,4
67475,2
67479,3
9734,3
25055,3
25796,4
8680,3
9494,3
7791,4
8227,3
20309,3
26561,3
51892,3
64164,3
93316,3
7527,3
10572,3
95524,3
51891,2
7557,4
8353,3
8542,3
8794,3
20516,3
20866,3
51908,2
11811,3
14229,3
11434,3
25065,3
26066,3
93272,3
95106,3
20700,3
8404,3
8668,3
95068,3
7177,3
95205,3
54580,3
10235,4
81029,1
81030,4
21010,3
102878,1
9924,3
22766,3
22928,1
7201,4
7729,3
23806,1
23805,3
10722,3
53859,3
8546,3
53862,2
56199,4
102691,3
114130,4
39293,1
39294,3
93092,3
22560,3
25073,3
26318,3
8868,3
94895,3
21619,3
22619,3
8375,3
17775,1
15920,2
21620,1
21076,2
20808,3
21238,3
98986,2
151472,4
46393,5
46663,4
46939,3
151462,3
62607,1
6497,3
45607,3
46541,4
151459,4
46940,1
50212,2
6740,3
7339,3
8784,3
9134,3
96224,2
95939,3
151460,3
50239,2
7855,3
46699,3
56059,2
55752,2
56077,2
67619,2
46700,1
55751,3
95226,3
96099,2
67612,2
102499,3
103269,3
10178,4
94565,3
25696,2
10153,3
8702,3
9036,3
10502,4
10884,3
67790,3
67793,3
20938,3
21338,3
46179,3
8487,3
46180,1
8604,3
8888,3
46120,1
46119,3
25083,2
22720,4
14403,3
8804,3
79520,3
88758,3
22666,3
7479,3
8127,3
45608,3
45828,3
46144,3
46426,3
93040,3
47838,1
47667,4
46614,2
6536,4
6692,3
67440,3
67491,4
8537,3
94837,3
55115,3
55221,3
55757,3
47623,1
46681,3
104196,1
22745,3
22772,3
48796,3
53287,2
47907,3
48771,3
49452,4
5813,3
46474,3
9080,3
10604,3
47725,3
47964,3
8671,3
49474,4
92582,3
10531,4
5841,4
6622,3
9198,3
46644,3
95208,1
11086,3
95591,3
112341,3
116465,1
48214,3
46386,3
47643,3
47723,1
46583,3
100311,1
100004,4
7707,3
48330,3
48418,2
47547,3
48130,3
11596,2
12872,2
67497,3
67791,2
54774,3
47443,3
48042,3
67563,4
67794,2
67659,3
47369,3
47940,3
45949,3
47303,3
47884,3
67472,2
25932,1
25172,3
47304,2
47796,3
67356,3
67473,2
67578,3
47698,2
46222,3
67359,3
46734,2
8775,3
9412,3
49433,1
49434,4
67355,2
8753,3
24881,1
67427,3
67501,3
46529,3
46812,2
67503,3
46530,1
46795,4
67360,2
23243,4
12268,2
22798,3
64263,1
49368,3
49512,3
6432,3
46970,4
64858,2
49381,3
47219,1
66952,2
56244,4
8533,3
48265,3
67611,3
12948,3
65382,4
95198,2
95357,2
22691,1
22569,2
66961,2
7751,3
22570,2
8885,3
9041,3
8859,3
65679,2
6266,3
6524,4
47004,2
11306,2
3022,2
47084,2
11275,2
3067,2
3741,3
46798,1
8397,3
8646,3
10137,3
67620,4
7331,2
7771,3
6104,3
6336,3
7795,4
8580,3
5385,3
13222,3
8999,3
7332,3
48304,3
5566,3
5885,3
22810,3
24766,3
9785,3
10740,2
5996,3
6151,3
59650,3
95880,3
57950,3
59371,3
106145,1
107640,1
6742,3
82663,3
95036,3
8808,3
7372,3
100006,1
105506,1
46986,3
48305,2
6032,3
9237,3
7813,3
10326,3
8914,3
48266,2
47728,3
22706,1
45712,2
94586,3
95200,4
7398,3
151477,3
8306,3
8598,3
5893,4
6828,3
52086,2
112342,1
112946,1
52093,2
6366,3
6580,3
7859,3
8358,3
95189,4
95857,3
25266,1
95143,3
6384,3
2556,1
2555,1
95860,2
5405,4
5595,3
9096,3
24809,1
50748,3
7408,3
9415,3
7879,3
5992,3
51217,3
67742,2
68142,4
6010,3
95145,2
5919,3
56260,4
67621,3
7917,3
45747,2
47416,2
46648,4
46116,3
46577,4
8622,3
67729,2
68015,3
5189,3
5204,3
5439,2
7442,3
5603,3
8394,3
6202,2
6406,3
2854,3
9565,3
6174,3
3743,1
7931,3
6189,3
8959,3
5780,3
5941,3
46655,4
46782,3
6028,3
9056,3
5710,3
5821,1
95042,2
46723,3
95797,2
46928,3
5727,1
6898,3
8652,3
7955,3
5560,3
23873,1
23363,3
47121,3
6592,2
8430,3
6452,3
2941,3
5214,3
14697,3
15104,3
94928,3
94969,3
6096,3
7490,3
44072,3
6101,3
23619,1
46545,2
45349,3
7959,3
152314,3
152309,3
5987,3
8005,4
15230,2
5250,4
47371,3
8712,3
14215,3
22812,2
23302,4
7512,3
15455,1
44297,3
6966,3
6480,3
50776,4
50864,4
5393,2
5370,3
8041,3
47374,2
48311,3
6125,3
45805,2
5251,1
7530,3
48244,3
50720,3
68245,2
68208,2
49566,3
50733,4
13921,3
14182,3
50627,3
50801,4
8065,3
150909,1
14181,2
53146,2
53189,2
49625,3
6552,3
13496,3
13881,3
7566,3
13922,3
12792,3
13992,3
2088,1
2087,3
65415,4
40442,3
2128,3
2183,3
5997,3
41699,3
12155,3
13497,2
56201,2
56213,4
58010,4
54857,3
57955,4
23245,1
67062,1
67061,3
2307,3
48502,3
49014,4
152322,3
2210,3
2411,3
2947,2
12791,2
2396,3
48787,4
48823,2
94786,3
54858,2
57257,3
84872,3
24454,3
27959,1
11780,2
152317,3
47912,1
47911,3
11535,1
6613,4
48896,2
48985,3
47914,1
48013,3
62768,3
2820,4
13816,3
14003,2
64861,2
65435,2
11754,2
46409,3
48185,3
2085,3
23786,1
66722,2
94887,3
11533,3
13246,2
2439,1
2440,1
49504,3
49570,4
49612,3
49521,4
23436,4
2086,1
23399,3
94274,3
94787,2
49407,3
49591,3
66721,1
13815,4
13945,3
10610,4
49646,2
13245,2
48188,1
48257,3
49042,4
94888,2
94665,3
13874,3
51258,3
47731,3
48475,3
51193,4
23426,3
43359,1
41525,3
21393,1
21394,2
23427,3
14684,3
49395,2
13851,3
14649,3
48805,4
49394,3
48547,3
49266,2
10499,3
13225,4
46410,1
150897,2
63613,3
2208,2
40363,2
39414,4
30281,2
48627,3
94016,2
94141,2
48550,1
12195,2
2207,1
30214,2
47480,4
49265,3
46559,3
47478,3
22112,3
21858,3
21523,3
23282,4
21472,3
21503,3
13301,2
47732,1
65763,1
65764,4
21153,1
21154,3
79519,4
12196,2
13226,2
39352,3
11447,1
11448,3
11192,1
11191,3
4704,4
150872,3
39384,4
23457,3
11069,1
11070,3
39660,4
42744,3
8595,3
10943,1
10944,3
2143,1
2132,4
13300,3
23561,4
107484,1
107184,3
11538,4
23283,1
47437,4
12292,1
12291,3
94574,4
95124,3
107222,4
107417,1
107367,3
107384,1
46981,4
47023,3
11932,2
12025,4
93588,3
94214,4
106859,3
107314,1
103827,3
106988,2
11271,4
12425,3
38444,3
11688,3
39290,3
102281,3
103814,3
38418,3
39327,4
2131,1
2104,3
23519,3
2578,1
100587,3
102050,3
38411,2
39353,4
12187,4
98563,3
101827,3
39494,2
50459,2
11357,4
37235,3
39421,2
95221,3
99005,3
94559,4
106165,3
94191,4
94465,3
93569,3
94127,3
39659,2
90281,3
20970,2
39658,2
11140,4
50364,3
88945,3
90402,3
86299,3
88990,3
12401,3
101904,3
102526,1
107061,1
107062,1
11521,4
84169,3
86340,4
1909,1
1910,3
17965,3
17743,2
17998,5
18377,3
39657,3
1904,1
1903,4
82531,3
84192,3
34551,3
11915,3
80705,3
82564,3
36213,3
16510,2
93995,3
76156,3
79529,4
11278,4
94159,3
80587,3
19830,3
79581,3
39678,3
1793,3
2811,4
40208,3
2387,1
2388,3
105928,1
105927,3
12152,3
59529,3
11074,3
106940,3
98947,3
100156,1
101784,1
101783,3
84218,4
11907,4
82562,4
105903,3
105416,3
106680,3
89064,3
62873,3
63624,2
102997,3
23521,1
13616,3
104070,3
2389,1
11951,3
13627,3
86484,3
11530,4
63919,2
2392,3
68218,3
107008,1
81966,3
68125,2
84272,3
98799,3
102776,4
3319,1
3320,1
14584,3
82610,3
14691,3
105119,3
92199,3
93831,3
81787,3
107467,1
106551,3
19461,1
19197,3
92234,4
14655,3
90432,3
63920,3
106172,3
106217,4
8557,3
9516,3
14675,2
15344,3
19564,3
18896,3
19398,3
107753,1
106548,3
105120,1
15297,3
1741,3
1918,3
18352,3
18374,3
104026,1
4717,3
9479,4
62740,3
62784,4
36327,4
89066,1
89114,3
60844,3
62749,4
79597,3
62812,3
1742,1
84290,3
93961,3
93833,3
18908,3
19271,3
82646,3
62657,3
62759,3
17164,1
17076,3
19487,3
17952,1
17731,4
68211,3
72738,2
60857,3
1721,3
84348,4
79611,3
81634,1
102301,3
103114,3
82666,3
11865,3
17075,2
17628,4
108759,1
108760,3
19148,3
108762,1
109794,3
98725,3
101299,3
62851,2
11598,3
12168,3
1673,3
1836,3
62886,2
101300,1
106219,1
16462,3
101600,1
19259,3
17680,1
19800,3
101997,3
103782,3
83716,1
82690,4
19545,3
91816,1
17229,1
79645,3
81166,1
11453,3
16318,3
17346,3
64550,1
64270,3
14372,3
97233,3
98663,3
107886,1
107488,3
86488,3
23562,2
23579,2
100774,1
100543,3
103942,1
103856,3
11245,3
102302,1
1814,3
23499,2
62852,3
86544,3
94230,3
62885,4
38502,2
38501,2
39202,3
104238,1
1631,3
62930,4
62986,4
92246,4
98447,3
23528,2
84478,3
82692,1
82667,3
64448,4
17414,3
103783,3
18955,3
19383,3
18895,3
79677,3
13789,4
13833,3
102167,3
55143,1
55091,3
17561,3
17863,3
39420,3
15524,3
16713,3
11071,3
11646,1
102168,1
35115,4
36215,2
48855,1
48725,3
104310,1
104563,1
93699,3
96226,3
1868,3
110399,1
110400,3
30282,3
93656,3
101328,2
100973,3
102017,3
92969,3
36253,3
36373,2
36402,2
49357,1
49358,3
30213,3
46436,3
23465,3
107394,3
110555,1
110556,4
36254,2
35186,4
79699,3
80988,1
43963,3
46395,3
23523,3
68212,3
70907,3
40778,3
23272,3
1541,3
1798,3
19031,3
2845,3
24049,1
2518,3
65337,1
65338,4
98121,4
99823,2
10751,3
11366,1
55067,3
55738,3
110779,1
110780,4
107904,3
105643,3
86584,2
88704,3
95949,3
97136,3
2538,3
101701,3
107315,3
36589,2
36430,2
13303,1
13304,4
17778,1
17777,2
82569,3
17814,3
101573,3
98050,3
13178,3
55037,3
55248,3
82469,4
17119,3
83303,3
49359,1
49438,3
14457,3
111040,1
111710,1
110576,3
17460,3
110468,3
59595,4
36590,3
83191,3
83687,3
14411,4
16830,3
17536,3
12897,1
12898,4
17792,3
17811,3
18250,3
36429,3
80857,1
80858,2
54973,3
55111,1
19186,3
23274,1
97581,3
18774,3
101440,3
62854,3
63025,4
59587,5
88632,3
92242,4
63058,4
17611,3
63120,4
80839,3
40284,3
61904,3
62992,4
82470,1
35850,3
36573,4
80793,3
81546,1
88625,3
108252,1
108251,3
16845,3
16807,3
105644,1
48545,3
17691,3
17823,3
79843,4
79906,3
105441,3
10625,3
11148,1
82303,4
12557,1
12558,2
54927,3
55065,1
93540,3
101276,3
103902,1
83487,3
108254,1
108813,3
1782,3
80202,1
80201,3
80332,3
80771,2
30336,1
30358,1
30223,1
30277,1
109824,3
33333,2
33334,2
32386,2
109473,3
110016,3
17694,1
17769,3
1781,1
33114,2
88621,3
89489,3
82898,3
31894,2
54823,3
54995,1
33244,2
33243,2
32389,2
33133,2
1525,3
1775,3
55245,3
55706,4
13584,3
31941,2
108816,1
109241,3
84986,3
110924,1
49546,3
15942,3
62813,1
62814,3
101204,3
103222,1
88151,3
89464,4
101190,1
101189,3
92219,3
9912,4
10928,1
95641,3
96329,3
65348,4
65852,3
17897,5
109244,1
82178,4
82717,1
96332,1
96623,3
110084,3
84803,4
86536,3
59585,2
103096,1
80360,4
16644,3
96626,2
61604,2
61258,2
54603,3
54895,3
109415,3
110120,3
101046,3
9274,3
9885,3
54901,4
55294,3
93251,4
109063,3
13290,2
110610,3
111017,3
89352,4
92216,3
14482,3
18420,2
18439,2
25156,1
25155,1
37745,1
37030,2
1526,1
1740,3
16643,1
48365,3
49121,3
16704,3
97417,3
54711,3
54959,3
55163,3
55386,3
100912,3
103258,1
35143,4
31893,1
84286,1
84285,3
100760,1
100759,3
84176,4
17960,4
150963,4
150965,4
18442,3
9127,3
9430,1
18105,5
150964,4
150966,4
86327,3
86978,3
54775,4
54843,4
92173,3
82022,3
107316,1
35330,3
35970,3
80376,3
31942,1
86643,3
88200,1
79920,3
83351,3
89351,1
84678,3
85207,3
55257,3
55442,3
112156,1
111857,3
102986,1
35230,2
82246,3
89354,3
90616,2
49618,3
97325,3
98970,1
33540,4
35201,2
111020,1
111185,3
84673,4
85571,3
107083,3
1621,1
1622,2
109064,1
84016,3
64458,3
65440,3
8833,3
9173,3
97297,3
53201,3
54661,3
55303,3
55486,3
85335,3
18348,3
100582,3
112958,1
59784,3
60845,2
36724,4
108966,1
108965,3
16778,3
84460,3
17727,1
17554,3
98838,1
35329,2
36699,3
8882,4
9243,3
55069,3
97207,3
81920,3
60858,2
60727,2
48123,3
48961,4
5953,3
6024,4
6617,1
35434,2
54488,3
55395,3
55556,3
5954,1
86167,3
80378,3
61257,3
95243,1
95163,4
100475,3
102362,1
55850,3
54715,3
97208,1
54582,3
92176,1
94964,1
94931,3
63371,1
104287,3
8946,4
9303,3
108333,1
108283,3
83251,3
55353,4
55620,3
104618,3
106527,3
35433,3
57832,1
1506,1
1505,3
43521,1
42898,4
42837,3
41657,3
55734,3
97089,3
13942,3
89388,2
90950,1
112823,1
109867,1
109353,3
54656,3
33512,4
83936,4
15049,3
9008,4
9431,3
100325,3
102343,3
109688,3
110734,3
55415,4
54983,4
55287,4
55812,3
55892,3
63182,4
55479,4
35512,4
59728,4
81708,3
93237,4
94609,3
8834,1
63158,4
107342,2
106877,3
107972,3
81294,3
49714,3
43585,1
42954,4
61975,1
61633,3
14942,3
79948,3
151678,3
54487,1
63131,4
9804,1
9803,3
68281,3
70910,3
68210,2
63018,3
94483,3
55655,4
55986,3
66462,4
66484,4
10360,4
55563,4
1433,2
1593,3
54904,1
42381,3
9068,4
9535,3
100095,3
101822,2
10147,3
83155,4
110736,1
110856,3
96195,3
97439,3
95075,3
63190,4
1938,1
104928,3
106685,3
8780,2
33511,2
43632,1
42990,4
62091,3
47919,3
48843,4
83735,4
55721,4
56040,3
3103,1
3104,2
95905,4
81293,1
108130,3
33468,2
52152,3
54893,3
55215,4
50951,3
52125,4
64476,1
64475,4
16920,3
91420,1
90613,3
84293,4
93252,1
92875,4
93067,3
42438,3
110858,1
111036,3
107927,3
9283,3
9609,4
62098,1
61778,3
11042,1
36846,3
8779,3
9679,1
55815,3
56082,2
36957,4
9671,4
9919,3
50624,3
50607,3
43711,1
43034,4
82028,3
108490,3
102290,4
102951,3
109354,1
85181,3
50484,3
105610,3
41731,4
58393,2
3232,2
55275,4
42462,3
83094,4
55881,3
9357,4
104212,1
104211,3
90599,3
91917,3
40798,3
8821,3
18034,3
54894,1
54963,3
106889,3
6026,2
150870,3
90600,1
43790,1
43066,4
102888,3
103145,3
63019,1
63074,4
83612,3
55319,4
106034,3
107106,3
9120,4
102089,4
110318,3
111284,3
14937,3
18137,2
102815,4
103695,3
90559,3
108990,3
33467,4
80795,1
80782,4
54714,3
55031,3
150869,2
61515,3
107401,1
107402,3
36365,3
36212,3
36322,2
36705,2
14102,3
14883,4
9483,4
9713,3
84115,3
79950,3
49582,3
49790,3
55153,4
42510,3
42267,1
41787,4
8863,3
80758,4
81820,4
55409,4
36211,2
36459,2
13622,1
13621,3
97440,1
9779,3
10043,3
47920,2
48683,3
84597,3
54772,3
55087,3
81990,4
94453,3
104171,3
49272,3
103249,4
103923,3
43867,1
43164,4
16089,3
17170,3
108492,1
108740,4
37210,3
36938,3
37307,3
37538,3
104486,3
55199,4
106346,2
107091,3
97365,3
104218,3
91742,4
9182,4
87082,2
92676,3
93069,2
55461,4
36252,2
103517,4
41239,3
40782,3
45333,3
18366,3
19292,1
90702,1
100077,3
100802,3
104768,3
105724,1
105126,4
1569,3
82972,3
9555,4
54828,3
48766,3
49069,3
42554,3
95783,3
79976,4
42311,1
41843,3
8937,3
55261,4
104516,3
104880,3
35435,1
35471,3
80645,3
81136,1
100078,1
37310,1
37337,3
55547,4
100770,3
101222,1
64070,3
64521,1
83340,3
100037,3
43922,1
43206,4
9254,4
61938,3
41342,3
94425,3
49211,3
54884,3
61421,3
61911,3
49974,3
36947,3
104814,3
55311,4
63162,4
35862,4
55625,4
14662,1
63135,4
91487,4
81760,4
82836,3
9875,3
62230,1
35831,4
97147,3
50544,2
42592,4
55201,1
62210,3
63085,4
63500,4
42345,1
41873,4
9003,3
95729,3
84546,4
87373,3
81759,1
111286,1
111460,3
105082,3
63440,4
36880,3
36991,3
55389,4
79017,1
79018,3
1517,1
1518,3
63415,5
109718,3
105684,3
94359,3
105686,1
105944,3
100038,1
43965,1
43232,4
9324,3
105946,1
91631,3
62997,3
63351,3
1544,4
1738,1
18244,2
13772,3
22499,1
19166,3
55000,3
65476,3
36308,2
40699,2
40459,3
40872,3
62025,4
63030,3
55449,4
36980,3
2456,3
110154,3
111126,3
81654,4
82722,3
95650,3
9065,3
81653,1
55961,3
97861,1
97791,3
91632,1
42628,3
61422,1
61521,3
92597,3
63732,3
64528,5
42389,1
41919,4
55819,3
56507,3
1462,3
55314,1
93984,1
93933,3
41240,3
48106,3
83932,4
38003,3
1881,2
1882,4
1915,3
60302,4
9876,1
10355,3
2540,2
13974,1
40237,3
40658,4
44012,1
43288,4
55519,4
1922,4
1965,3
94309,3
93566,1
93515,3
41485,1
107092,1
16968,1
16188,4
1968,4
1979,3
41933,4
48230,3
62078,3
50887,2
84548,1
85252,3
1982,3
2193,3
59640,5
41308,3
87286,3
91280,4
92598,1
110947,4
108425,3
110028,4
33470,1
33501,4
55110,3
81537,4
82632,4
107116,3
81538,1
13179,1
13320,3
42656,4
112326,3
9117,2
95465,3
78630,4
50700,2
2080,3
54144,3
13504,3
92535,3
40139,3
40404,3
86018,1
87196,3
44069,1
43332,4
2457,2
91215,4
80646,1
55255,3
1498,3
1670,2
100782,3
40077,2
40288,4
48362,3
81461,4
18230,3
41338,3
55685,3
48982,3
49701,1
1818,1
1817,3
13528,3
82541,4
34144,3
110614,3
50888,3
61524,1
61627,3
102090,1
42702,4
10642,3
87160,3
108676,3
62896,2
63070,3
102075,4
79917,3
33503,1
34115,4
50699,3
97765,3
98828,1
40078,3
44125,1
43378,4
97069,3
87031,3
87539,3
42126,2
80034,4
80210,3
92970,2
93077,3
110818,1
110817,3
80128,3
81340,4
41394,3
41888,4
82425,4
86935,3
87931,3
42740,4
37621,2
37297,3
37812,2
97759,3
1434,3
16332,3
48580,3
100653,3
55575,3
83711,4
94767,3
87708,3
90491,3
101935,3
44171,1
43438,4
84600,1
33113,1
108677,3
109602,4
110314,1
110313,4
41870,4
97731,3
98666,1
94743,3
1417,3
57936,3
59657,4
92476,3
111637,1
102515,3
97003,3
87032,1
61629,1
61791,3
15220,3
62895,3
33134,1
18229,1
41200,3
95861,3
85364,1
85363,3
1750,1
1749,3
42798,3
107180,3
95365,3
96955,3
99796,1
99795,3
103021,3
48284,3
78629,1
55230,4
56148,3
59780,2
103254,3
37137,3
37375,3
81341,1
81900,3
41468,3
86937,3
94744,1
82258,3
83617,4
99177,3
100139,3
63072,1
1668,3
62004,3
97729,3
86938,1
40472,3
40996,3
42417,3
36998,3
97709,4
98690,1
94723,3
57959,3
59743,2
99707,3
100477,3
36965,4
108679,2
109016,3
96451,3
86034,1
86787,3
97169,3
14974,3
61135,1
61049,3
40575,3
37010,3
37059,1
60301,2
84507,1
110588,3
42842,3
43337,4
100480,1
58368,2
86867,3
81902,1
82232,3
55158,3
35870,3
37259,2
96897,3
111676,3
94690,1
94689,3
100815,3
95234,1
37062,3
78632,2
79252,3
87484,3
88639,3
44291,1
61793,1
106438,1
106421,3
15452,4
62461,1
62259,2
100381,3
101895,3
60278,2
81958,4
83498,3
86868,1
40372,3
1386,4
1479,3
41899,4
42445,3
94637,3
91165,3
92421,3
61029,2
61336,3
97680,4
79466,1
84443,1
90347,4
114443,1
114428,3
79312,3
93013,3
93521,3
113596,3
114430,1
111197,1
41558,3
40160,3
16189,1
44371,1
43390,4
10802,3
97679,1
42944,3
49192,3
37190,2
41927,4
42489,3
106422,1
93487,3
106344,3
101711,3
50030,3
92369,3
89800,1
89799,3
37122,3
15389,4
87153,3
87705,3
48283,1
61063,3
110876,1
1385,1
97672,4
100034,1
60277,3
13822,3
40611,3
41604,3
63153,1
63154,3
94597,3
86732,1
86731,4
60938,4
62187,3
83826,3
44407,1
43448,4
80634,3
80094,1
79979,3
113755,3
89521,3
61030,3
48997,3
41977,4
42531,3
80636,1
102862,3
97671,1
93448,3
88640,1
83576,2
86632,3
40395,3
40821,4
1464,3
92255,2
109328,3
110356,1
37191,2
37414,2
3148,1
3147,3
97619,3
98354,1
41622,3
101712,1
62898,1
62989,2
63226,2
113298,3
113380,4
44459,1
43488,4
55207,3
56000,4
47954,3
37314,3
87527,3
88230,3
67109,3
67117,2
48705,1
48706,2
37413,1
40200,3
40522,4
92973,3
42569,3
43392,1
3150,2
3151,1
10292,3
41997,3
94338,1
3144,2
53506,3
54164,4
56987,3
55949,3
1388,1
1398,3
92240,2
88533,3
101585,3
50664,3
50767,4
92481,2
109742,1
4932,1
4112,3
2024,2
81960,1
1972,3
1926,4
1732,3
50265,1
62648,1
62561,3
1852,3
1886,4
1754,3
1802,3
1854,4
1804,4
41692,3
40358,3
53524,4
54428,3
10124,3
10600,3
60869,3
61236,3
15488,3
112442,3
92974,2
94926,1
44499,1
43542,4
43450,1
42019,3
109408,1
62301,3
38770,1
96915,3
111837,1
96380,3
101535,3
3120,1
3119,3
50060,3
61397,1
96436,1
3129,1
3231,1
41384,3
112550,3
113624,3
98108,1
1369,3
1440,4
111678,1
44571,1
43598,4
35298,4
50922,3
43490,1
63741,3
79785,1
11170,2
42595,1
42083,3
34117,2
35283,3
41092,3
50789,4
62721,1
51408,3
67050,3
114970,1
114578,3
9882,2
10348,3
48911,3
48925,3
60870,1
60654,3
41015,3
41722,3
101133,3
63518,4
50671,3
50917,3
86762,4
50647,3
44629,1
43690,4
43544,1
62990,3
35845,3
62117,3
62511,3
42575,1
42119,3
50100,3
33972,2
49851,3
48863,3
35320,4
79299,1
79300,4
112580,3
60656,3
79515,1
79516,4
63464,4
1377,3
1458,4
112565,3
4705,2
43600,1
78841,1
78842,4
79089,1
79090,4
40756,3
64535,3
77927,1
77928,4
63797,3
115085,1
114932,3
78219,1
78220,4
1370,1
78461,1
78462,4
60913,3
77588,1
77587,4
14760,1
14759,3
76440,1
76439,4
77030,1
77029,4
64832,3
77330,1
77329,4
42607,1
42159,3
60621,4
63291,3
51267,3
14010,3
49970,3
86280,3
86838,1
87182,3
76752,1
76751,4
14732,3
14796,1
47953,1
48337,3
76574,1
76573,3
4718,2
2547,3
14731,1
14619,3
56458,5
75974,1
75973,3
1572,1
1552,3
81977,3
81657,3
81955,3
82235,3
82270,4
82709,3
82801,3
83012,3
42275,3
43894,3
48395,1
1556,4
14620,1
83270,3
83282,3
60653,1
2503,2
44717,1
44000,3
86128,3
86334,1
42699,1
42195,3
85250,3
85068,3
85440,3
85548,2
84940,3
85220,3
2470,2
86008,3
86216,1
84668,3
84950,1
85552,3
87408,3
87612,3
84530,3
84878,3
85828,3
86070,1
63100,3
63495,3
50360,3
14621,1
84008,3
84624,3
89661,3
89607,3
89776,4
89837,3
90735,3
90487,3
90782,3
92133,2
85936,1
90261,3
90562,4
90342,3
91870,4
1934,2
33971,2
110544,1
110528,4
83746,3
84278,3
1890,3
107515,1
107516,3
90006,3
85700,3
115148,1
48723,3
83520,3
84012,3
1858,3
83366,1
42501,3
83740,3
48340,1
1808,3
107767,1
107611,3
107997,1
107853,3
9881,3
1768,3
105480,1
105479,3
105688,3
67972,1
67971,3
87784,3
88096,3
42737,1
42233,3
108227,1
108181,3
108527,1
108528,3
80015,3
80876,3
2796,3
110527,1
112137,3
112615,3
53462,3
95913,1
95883,4
111302,1
111260,3
111041,3
94197,2
94198,3
80938,3
62805,4
110509,3
1394,3
1474,4
10005,3
53473,4
53786,3
92709,1
92521,3
52586,4
53334,3
95780,4
44064,3
57163,1
57079,3
88176,3
88370,3
92054,3
92107,3
62971,1
62972,3
108953,3
108948,4
108582,3
80037,3
112795,3
111634,4
15520,2
88434,4
88686,3
90836,1
94492,4
94578,3
90618,1
111907,1
111908,4
90416,1
80053,3
80998,3
44871,1
44134,3
61668,2
62420,1
105706,1
15469,2
1706,1
1705,4
113459,3
113460,3
115275,1
115318,1
95688,3
98866,1
44066,1
13487,3
14172,3
9863,2
151279,1
80105,3
1362,4
94780,4
53453,3
53613,3
79716,4
109455,1
109278,4
57107,3
2504,3
111732,1
111731,4
79454,3
57254,3
57256,1
57366,1
63274,3
63605,3
2410,3
112649,3
113049,3
79196,3
109564,1
109390,3
42335,3
78982,3
1361,1
106018,1
105834,3
17111,2
65073,3
65490,3
95531,3
78602,3
82989,3
113720,4
114470,1
57109,1
112852,3
53354,3
53558,3
60702,1
60664,4
54093,3
55012,4
78332,3
108461,3
17032,2
82410,2
44208,3
48724,1
56855,3
90100,3
108645,3
42598,4
65013,3
65090,4
77976,3
60627,4
60928,4
65033,4
50052,4
89824,3
57935,2
63655,1
83513,1
83514,3
93291,1
93127,4
89608,3
112650,1
112876,4
88950,3
77361,1
88550,3
60466,3
88328,4
57960,2
64562,3
41363,3
42062,3
9938,3
60867,3
9864,3
105293,1
105191,4
77091,1
108985,3
42338,1
45011,1
44282,3
1772,3
101071,3
76811,1
1336,4
113315,3
53744,3
53966,3
1709,3
114972,1
100882,4
109592,3
80203,3
85041,1
85042,3
62941,3
13488,1
13626,3
43057,1
53594,4
53713,4
76451,1
63358,3
57772,2
43265,3
111488,3
112262,1
150844,3
63773,3
64215,3
1560,3
2306,1
2272,3
75976,1
53438,3
63047,3
110822,4
57793,2
100963,3
103138,1
56785,3
56952,1
41237,3
41499,3
112878,1
113120,3
54194,3
53911,4
150847,3
1484,3
63625,3
64210,4
107472,3
41133,3
41376,4
53472,3
53670,3
105679,3
111487,1
112144,1
107471,1
56638,3
14202,1
41041,3
41265,4
100964,1
63273,1
44422,3
35301,3
36674,4
42463,2
42688,4
53877,4
94601,3
40931,3
41170,3
56498,3
1335,1
56863,1
56815,3
115278,1
115130,3
67973,2
68232,3
36661,3
53982,3
68901,3
68609,3
68998,3
69355,3
57501,1
56983,3
40815,3
41085,3
54032,3
107409,3
56703,3
114940,1
113868,3
60276,2
68670,4
1337,1
67554,2
68234,2
40701,3
41058,4
52170,3
45175,1
2830,2
2542,3
42464,3
9866,1
111139,3
111051,3
111816,1
111957,1
85782,3
62283,3
62911,3
42812,4
53694,3
100945,3
62927,3
63323,3
40549,3
40937,4
52135,4
2506,2
53450,3
82185,1
82186,4
53987,4
54168,3
56859,3
53570,3
53746,3
113347,3
67555,2
50502,3
52243,2
60903,3
61240,3
82701,1
82702,4
90034,3
90062,3
111724,1
2123,1
2124,3
100861,3
101946,1
40461,3
40802,4
66490,4
53357,3
82466,4
89112,3
93023,3
56939,1
107377,4
56763,3
89156,3
51426,3
52557,3
88815,3
114062,4
115480,1
40389,3
40601,3
88623,3
88922,1
61059,3
108211,3
108067,3
88792,3
150828,4
88085,3
88454,1
63547,3
63709,3
63428,1
45072,3
45671,1
107378,1
53915,4
54129,3
87879,3
88334,3
105405,3
106512,3
40301,3
40490,3
92358,4
17112,4
91211,4
53840,3
53592,3
53810,3
88078,3
87629,3
13776,1
10136,1
87840,3
113675,3
100862,1
91409,4
86905,3
80325,3
41713,4
79756,1
17031,3
40227,3
40421,4
83000,3
113073,3
2595,2
150825,3
86727,3
87114,3
66406,3
66459,4
64851,3
110217,3
112292,3
65234,3
51105,1
50705,3
113174,3
86577,3
86898,3
44474,3
44684,3
44969,3
86281,3
86702,3
56862,1
53358,2
53467,4
40127,3
40338,4
41606,4
106449,3
107328,3
86131,3
86322,1
2624,3
53456,3
53881,4
54077,4
85989,3
86288,3
100852,4
86140,3
66210,4
56623,4
56811,3
50054,1
50222,3
66341,3
66188,4
41359,3
85832,3
62733,3
39773,3
40224,3
65973,3
66035,3
53706,3
63988,3
63805,3
64068,1
63221,3
60275,1
2007,1
2008,3
64196,3
64504,3
54223,3
42574,2
83104,4
113252,3
94686,3
100851,1
82730,1
103074,1
102980,3
51205,1
50831,3
56293,3
56188,4
56517,3
63647,3
65725,3
65981,3
41155,4
82494,1
53735,3
53937,3
82226,1
56632,1
56567,4
106184,3
108382,1
56657,3
56835,3
109370,4
108445,1
1964,3
150827,2
2579,2
65104,4
65717,4
65049,4
44336,3
105192,1
65941,3
66010,3
90928,1
56095,3
56128,4
114858,3
114620,3
115518,1
115641,1
39673,3
39882,3
56226,4
61062,1
61333,2
43958,3
44589,3
113254,1
113294,3
53759,4
54015,3
93044,3
95012,3
65115,3
64999,3
65019,4
64990,3
53652,3
80389,3
89984,3
39565,3
39775,4
65936,3
64844,3
100872,3
101736,1
90066,3
56705,3
56883,3
114396,3
115388,3
56097,1
104679,3
51884,3
39423,3
39685,4
40703,4
56278,4
65635,3
65715,3
62734,1
41248,3
41481,4
53600,4
53701,4
114136,3
89256,3
65257,2
65631,3
42928,3
54049,4
55994,4
112628,3
113462,3
114222,3
115336,3
92990,3
55946,3
53773,3
39299,3
39605,3
2797,2
41386,4
110218,1
43476,3
44235,3
64500,3
56735,4
56919,3
101730,1
65255,3
40463,3
39221,3
39475,3
63845,1
37126,1
37125,4
53638,3
41295,4
56516,3
2569,3
64836,3
114836,3
63649,1
63735,1
62879,1
53781,4
54073,3
39127,3
39459,4
40500,4
72897,4
72960,4
113931,3
106848,3
77648,2
77647,1
79166,3
41176,4
100220,4
102293,3
55890,4
114420,4
62706,1
62705,3
95014,1
95082,3
39019,3
39305,4
41081,4
64180,3
56789,4
40400,4
55918,3
42206,3
56677,3
51297,1
51084,3
43096,3
43781,3
110388,1
110387,3
85563,3
85944,4
92116,4
38933,3
39209,4
61484,3
53805,3
54147,3
40966,4
85365,3
85628,4
2328,3
91921,3
85143,3
85448,3
1647,1
1648,3
53587,4
84785,3
85226,1
94074,3
95830,3
56601,3
64626,1
64620,3
53582,3
38857,3
39045,3
40574,3
40837,4
93344,3
65820,3
65817,3
84555,3
84974,3
106541,3
107820,3
62627,3
62829,1
50508,3
65087,3
65144,4
112802,3
113552,3
83843,3
84744,3
85161,1
85162,3
56825,3
38779,3
38963,3
40750,4
91064,1
65709,3
53721,3
43371,3
41857,3
83539,3
83986,3
65537,3
65629,3
40066,4
38715,3
38899,4
40615,4
83359,3
83662,4
88973,1
88974,3
83478,3
65403,3
65532,3
64492,3
53985,3
64179,1
82879,3
83190,1
41736,4
82617,3
83030,3
38595,3
38806,4
56635,3
39971,4
56336,4
56563,3
90067,1
65396,3
53646,3
102563,3
103435,3
82321,3
82736,4
93330,3
42776,3
64604,3
81993,3
82478,3
108795,3
109618,3
109878,3
55958,4
65245,3
115726,1
41623,4
81775,3
82088,4
86549,1
86550,3
39767,3
64825,3
81359,3
81864,3
38253,3
38713,3
112952,3
113630,3
88553,1
88554,3
115122,3
49035,3
50354,4
81161,3
81512,3
41530,3
80913,3
81310,3
56396,4
81034,3
63235,3
106542,1
113008,1
112696,3
56653,3
41417,3
56189,1
62430,3
62530,2
80577,3
39575,4
61479,3
1496,3
1690,1
113983,3
56619,3
63247,1
63759,3
41398,4
115260,3
107645,3
107602,1
107601,3
51292,2
56492,4
106757,3
53986,1
54234,4
64397,1
64398,3
41289,4
103227,3
114548,3
56227,1
38177,3
38364,3
113209,4
114081,3
2400,3
65626,3
56628,4
65818,2
65707,3
41164,4
107476,1
107475,3
62034,4
106712,1
38099,3
38275,4
2590,2
107495,3
95056,3
2437,3
64402,3
114630,3
53823,1
56548,4
40999,3
38031,3
38195,4
39129,4
56279,1
39682,3
39873,4
51126,3
61991,4
101406,4
64490,3
1495,1
1610,1
42308,3
89374,3
40858,3
92574,3
93842,3
37959,3
38123,3
39785,4
41991,3
102909,3
114169,3
40767,4
51337,1
38955,3
37885,3
38063,3
39697,4
64816,3
56337,1
41956,3
102806,4
103083,3
64976,3
40662,4
39633,4
112538,1
112537,3
38974,4
37775,3
38047,4
41705,3
84126,3
49036,1
83858,3
65385,3
103006,4
39471,4
56210,3
83596,3
40488,3
37645,3
37956,4
55903,4
115266,1
114744,3
38869,4
65621,3
103350,3
39335,4
37523,3
37882,4
113547,4
114251,3
41503,4
103260,4
103596,3
55026,3
56377,4
85980,3
65928,3
112540,1
94664,3
56258,3
39034,3
39237,4
85734,3
37373,3
37682,3
111187,1
111188,3
65920,3
85542,3
105618,1
105617,3
66002,3
39151,4
53799,4
103486,3
103908,3
115749,1
115520,3
37321,3
37555,3
53776,3
82496,3
62774,2
62680,3
63052,3
40180,3
56328,3
39051,4
64395,3
82168,3
44893,2
44703,3
45197,3
38542,4
64485,3
81972,3
37229,3
37434,4
64680,3
64677,3
85325,1
85326,3
64806,3
114864,3
42362,3
40083,4
103788,3
105576,3
2297,3
91597,3
38457,4
41609,3
41853,3
37331,4
49153,3
44587,3
45001,4
83130,3
95952,3
41067,4
91898,3
110825,4
112744,3
39993,4
113749,4
114917,3
82824,3
38263,3
56630,1
41742,3
92408,4
82552,3
37165,3
95745,3
98472,3
44449,3
44758,3
94456,3
95451,3
93844,1
94110,4
39895,3
62486,3
41641,3
56464,4
51415,1
51265,3
44343,3
44635,3
65242,3
40845,3
108125,3
16114,2
16113,2
150940,3
2095,3
2169,3
39811,3
106050,1
105962,3
57017,1
56891,3
61495,3
63947,3
38105,4
41564,3
44201,3
44490,4
42025,3
65620,3
40866,3
95172,4
39807,4
49562,4
50341,3
65704,3
65802,3
107632,3
115196,3
65804,2
42540,4
41409,3
44051,3
44392,4
62596,3
62871,1
79168,1
79922,3
40678,3
95479,3
96378,1
39693,4
15994,2
15993,2
150939,3
65912,3
150821,3
37167,1
37197,3
115357,3
43933,3
44231,4
41300,3
89137,3
89646,3
110826,1
39613,4
105243,1
105244,4
88901,3
89272,3
92616,3
93850,3
88655,3
89090,3
40985,3
41191,3
43791,3
44090,4
88447,3
88718,1
39369,3
38185,3
38367,4
88187,3
88544,3
37778,4
1948,4
87935,3
88272,4
43623,3
43967,4
41100,3
68246,3
96254,1
68207,3
39263,3
87183,3
88034,3
82594,3
85996,3
107351,3
37199,1
37237,3
40320,3
57185,1
57132,4
63449,1
63450,3
38285,4
43485,3
43844,3
41007,3
112683,3
39171,4
63169,1
87005,3
87452,3
38203,4
40249,3
86805,3
87214,3
37542,3
43369,3
43683,3
86617,3
86972,3
62831,2
39080,4
80599,3
86209,3
86672,1
112552,1
112551,3
40055,3
38133,4
65075,3
37245,3
37559,3
65118,3
51125,3
43239,3
43650,4
37242,4
49281,4
86318,3
98592,3
100162,3
100800,3
1513,3
37239,1
64673,3
102763,3
38967,3
103008,1
64965,4
86030,3
1947,1
1949,1
94981,4
96184,1
64396,1
38054,4
103094,3
43093,3
43491,4
37269,3
37219,3
65701,3
109503,3
109305,3
110559,4
110649,4
113752,1
114263,1
44864,4
50758,3
54238,3
39877,4
104032,2
56386,3
64663,3
82622,3
111191,1
37986,3
115301,3
115734,1
104033,3
42987,3
43361,4
52958,3
2636,4
112362,1
112361,4
65998,3
93012,3
37658,3
37906,3
42887,3
43176,3
49563,1
49630,4
44606,3
10509,2
98309,3
37271,1
37393,3
52917,4
37823,3
115738,1
115737,1
42767,3
43011,3
44650,4
51317,3
38658,3
106634,1
111309,1
115728,1
49062,1
49061,3
56431,4
37692,3
42671,3
42912,4
45399,4
51539,1
51525,3
44477,4
63231,2
63584,3
38573,4
80619,3
40736,4
56320,4
52282,2
52432,4
51245,3
51395,3
39982,3
40173,3
56475,3
42824,4
39477,4
82291,3
82706,4
44374,4
63294,3
38485,4
56368,4
82019,3
82386,3
45179,4
81563,3
82222,3
40105,3
97994,4
98752,1
51465,3
44059,3
81349,3
81718,3
115552,4
38381,3
56414,3
42197,3
42602,3
88668,3
44712,3
45038,4
81404,1
51377,4
108951,3
110333,4
40001,3
88444,3
39243,3
51523,3
63678,3
64023,3
110430,3
111695,3
102764,1
38301,3
88170,3
94920,3
95769,1
61183,3
61874,3
81263,3
105003,3
106966,3
44889,4
39929,3
102745,3
39268,3
56754,3
64017,3
97263,1
97264,3
43819,4
65693,3
65796,3
40366,3
38401,3
51517,3
51721,1
65786,3
65896,3
44744,4
97082,3
49727,1
49700,3
50486,3
40924,4
39815,3
65892,3
39161,4
77427,3
66000,1
114920,1
38130,3
100190,3
85835,3
86162,4
99888,4
100578,3
104044,1
39715,3
42109,3
42266,3
91630,3
85611,3
85992,3
85443,3
85816,3
111601,3
63585,1
51246,1
64941,3
64958,5
85265,3
85470,1
65053,3
102746,1
50692,3
85069,3
85394,3
39348,3
39645,3
42005,3
42220,4
57077,3
57619,3
100242,3
102768,3
84933,3
85216,3
105006,1
84201,3
85016,3
42660,3
10510,2
92267,3
39507,3
97773,3
98710,1
41931,3
42135,4
101798,3
68223,3
43248,4
43948,3
44243,4
37771,3
68268,4
83979,3
84342,3
37835,3
39391,3
38810,3
41841,3
42046,3
99887,1
51509,3
51775,1
83675,3
84102,4
111768,1
53819,4
44104,4
111974,3
83447,3
83850,3
109992,4
111497,3
45701,3
83187,3
83504,1
38761,3
82969,3
83272,3
41711,3
41969,3
16208,1
16207,1
43977,4
42998,3
61184,2
61457,4
83050,4
68968,2
69005,3
1334,1
1333,1
82778,3
88885,1
88886,3
68938,3
82474,3
49284,1
49335,3
38549,3
41611,3
41952,4
150822,1
1437,2
45509,4
42332,3
68686,4
97294,3
43864,4
109730,1
109729,3
43028,4
115231,4
68945,3
67980,2
67806,2
67990,3
113292,1
112730,3
65784,3
45202,3
41475,3
41849,4
86771,1
86772,3
67805,3
43695,4
99522,3
65884,3
51503,3
51823,3
42880,4
38371,3
11282,1
37837,1
37865,3
45067,3
41381,3
41718,4
112294,3
63541,3
63903,3
63994,3
63825,2
63878,3
63826,2
43523,4
38170,4
97714,4
99285,3
49812,3
1514,1
1516,1
50690,3
51057,3
44920,4
41271,3
41553,3
37879,3
38164,3
65093,3
65237,3
43140,3
43394,4
99848,3
64496,1
64495,2
38147,3
65223,3
65607,3
64763,2
44794,4
41167,3
41414,3
101057,3
102252,3
43279,4
113360,1
113244,3
97296,1
37867,1
111973,1
91077,3
65593,3
90142,3
64918,3
51491,3
44663,4
68278,3
41089,3
41317,4
90813,3
42528,4
65689,3
43184,4
68241,3
46374,4
38469,3
38683,3
37913,3
38182,3
51333,3
1438,1
92816,3
92954,3
93262,3
114500,1
114344,3
92152,4
41218,4
44512,4
111210,3
50686,3
50985,4
51809,3
53790,3
42428,4
94248,1
37899,3
38587,3
54011,3
44397,4
69172,4
42207,3
53994,4
40503,3
41012,3
67998,3
56934,3
37901,1
51483,3
68380,2
93348,3
97491,4
98722,3
113672,3
38491,3
49409,2
63550,1
63232,3
44270,3
68782,3
115722,1
67807,3
55358,2
55128,3
55516,3
51427,3
37931,3
38210,3
102229,3
44131,3
104421,1
104360,3
115712,1
42013,4
51867,3
51675,4
51893,1
39177,3
44122,4
83454,3
106881,3
109392,1
109391,3
45322,4
114270,3
114953,3
83212,3
86320,1
65782,3
49874,3
82788,3
43989,4
40427,3
40582,3
50759,3
51103,3
65882,2
109624,3
100122,3
38228,3
50618,3
49205,3
82980,3
40343,3
40526,4
43835,4
45030,3
57871,2
57817,3
58027,3
94644,1
104806,3
109105,3
100115,3
100934,3
114987,3
115489,4
41076,3
38797,3
39217,3
40239,3
40455,4
43554,3
114133,3
114903,4
113026,1
113025,4
51931,1
51765,3
45100,3
81343,3
51341,3
84424,3
41615,4
42128,3
42327,4
51299,3
84180,3
68010,3
83982,3
40153,3
40376,3
43423,3
57430,3
78136,3
45915,4
80641,3
97708,3
93026,3
111846,3
111578,2
51383,4
42236,4
44927,4
38229,1
38272,3
63978,3
67809,3
113265,3
113928,2
93118,3
43312,4
40069,3
40277,3
115096,3
102197,3
102524,1
45697,3
41403,3
42145,4
44782,3
82407,3
38842,3
39249,3
43214,4
39979,3
40254,4
94797,1
94798,4
103392,3
112912,1
112911,4
40688,3
95663,1
95664,4
41426,4
44481,3
42056,4
45178,3
45546,3
101022,3
92137,3
65328,2
65325,3
65512,2
39871,3
40165,4
43006,3
38273,1
38292,3
38721,3
45379,3
41973,4
65505,3
65683,3
41282,4
91209,4
114727,4
78976,1
39793,3
40079,4
113218,1
44253,4
38860,3
39285,3
45206,3
38583,3
38754,3
38361,3
41862,4
52011,1
51851,4
63376,3
63670,3
94031,1
94032,4
39691,3
39918,3
103133,4
38389,3
79354,1
78304,3
64484,2
64482,3
64744,3
46456,3
115254,3
92077,3
92310,3
41512,3
41753,4
101477,3
102189,3
46389,4
64742,3
38489,3
38608,3
39627,3
39824,3
112158,3
93420,3
50016,3
64910,3
109296,3
68053,3
68343,3
41634,4
46475,3
42634,3
68082,3
80139,3
81928,3
38520,3
39483,3
39753,4
38904,3
39321,3
38776,3
86177,4
87712,2
63539,3
63818,3
40884,4
41547,4
50713,3
67683,2
63807,3
108845,1
108846,4
42550,4
38431,3
39650,4
63965,3
95984,3
96062,3
96456,4
94486,3
95002,3
95152,3
40322,3
62594,1
43674,4
40786,4
67684,3
51545,1
51529,4
95246,3
94682,3
44381,3
44667,3
95738,4
38640,3
42455,4
112160,1
112454,3
51637,1
51603,3
115704,1
115676,4
39499,3
114609,3
92698,4
115538,2
115699,1
115702,1
112162,4
40505,3
40273,4
44534,3
65008,3
50685,4
38564,3
42350,3
56753,1
38802,3
93019,1
93020,4
51365,3
43398,3
44415,3
49383,1
38473,3
42255,3
53078,4
113107,3
92015,3
92456,4
40349,4
97348,3
43462,3
44288,3
65831,1
79723,3
81422,3
94444,3
42242,4
55594,3
112776,3
113202,3
52035,1
51949,4
53033,3
57748,4
98952,3
44151,3
115341,3
115543,3
100031,3
114527,3
115283,3
42141,4
64481,1
43210,3
113519,3
113232,3
113522,3
114471,4
104560,3
44007,3
49353,3
42032,4
57124,3
50739,3
51347,3
107175,1
107104,3
96256,3
112964,3
43527,3
43890,3
100066,3
78564,4
41891,3
58510,4
40445,3
40683,4
115395,3
115685,1
54021,3
39990,4
115185,3
52087,1
52049,4
50579,3
43729,3
53533,3
54000,4
95514,3
41784,3
51050,3
79275,3
81008,4
40530,4
102512,1
42778,3
54355,4
102190,3
43572,3
57070,4
53540,4
54308,4
45023,2
104393,3
51422,3
93336,3
95153,3
41667,4
39813,3
95176,3
40449,4
64737,1
64734,3
42734,3
115028,3
115125,3
78910,1
41576,4
39617,1
39618,3
93054,3
51582,3
51747,3
89209,3
94877,3
68094,3
39830,3
42523,3
40380,4
108452,3
109560,3
99188,3
94532,3
51658,4
55175,3
55742,4
52653,2
92106,3
92680,3
41408,3
82697,3
39709,2
40263,4
52614,2
51752,4
61753,1
17116,2
67692,3
42341,4
56424,3
108022,3
108716,1
78565,1
78894,4
92430,3
80608,3
55127,3
40191,3
114036,1
113730,3
1401,1
1402,3
51842,3
105846,3
114800,3
115464,3
52213,3
52652,3
17033,2
64351,1
64345,3
56369,4
91899,4
89125,3
51930,3
39892,3
40110,3
51113,4
51314,4
57069,1
45160,2
56486,3
56322,3
109584,3
40016,3
41044,3
56381,3
114196,1
113954,3
63540,1
45159,3
102192,3
102928,1
39939,3
63809,1
57642,3
57964,3
109562,1
110324,3
40918,4
55768,3
43284,4
64342,3
83505,3
49983,3
114946,3
115524,3
63950,4
64240,1
41981,4
42439,3
42643,3
49441,3
49995,4
114418,1
114174,3
40811,4
90637,3
53511,3
64720,3
78357,3
80194,3
84738,3
86028,3
87547,3
53515,4
42564,3
114576,3
40708,3
53796,4
53086,3
53769,4
42465,3
55265,1
41751,3
57877,3
52190,3
40571,3
106862,3
49998,3
50285,3
50817,3
42866,3
42358,3
55225,4
115120,3
115638,4
41810,3
57000,3
57372,3
56140,3
56401,3
52613,3
40536,4
44979,3
45461,3
52078,3
87276,3
108957,3
51271,3
42261,3
113762,1
113761,3
104039,1
102194,3
7328,1
4480,3
103136,1
40453,3
41582,3
100029,3
110326,1
111800,3
44849,3
45242,4
114002,3
78358,2
79748,3
112252,1
43050,3
43358,2
42174,3
44715,3
44949,3
67886,3
68138,3
101478,3
102202,4
41865,3
42087,3
115661,1
67892,3
44607,3
44814,3
43162,2
89079,3
115300,3
115656,1
100694,1
41994,3
100025,3
58425,3
58611,3
44465,3
44685,3
57111,3
112336,3
67700,3
49397,3
49938,3
51547,3
49897,4
41903,3
41184,3
99895,2
99896,4
51403,4
44353,3
44708,4
97306,3
98513,3
51419,1
51619,3
48471,3
56999,1
99007,3
41148,3
94732,3
44173,3
44582,4
79351,3
43467,2
91995,1
40887,3
88738,3
51381,3
51537,1
57453,3
55567,3
112708,3
113598,3
64949,4
44067,3
44433,4
53045,2
90277,3
45007,3
43468,4
43943,3
44160,3
43235,2
96158,3
51679,3
65001,3
40691,4
81704,4
84197,3
43827,3
44027,3
44761,3
1403,1
1578,3
51307,3
51515,1
43236,3
57829,3
58093,3
64904,3
64954,4
55309,3
55599,3
43657,3
43916,3
56899,3
108076,3
115643,1
115368,2
37609,1
37603,3
56131,3
56289,3
43938,4
43041,1
43042,3
44887,3
45141,4
113072,3
41638,4
44990,4
57999,3
58269,3
101473,3
99881,3
56447,3
40793,3
41053,3
42901,1
42902,4
43738,4
55663,1
55672,1
44855,4
44248,3
96508,3
97895,3
40942,3
58159,3
54816,3
55241,3
55333,3
101469,3
99207,3
40829,3
67904,3
51548,1
45755,3
99877,3
97891,3
43996,3
58333,3
54820,4
40726,3
41256,3
67708,2
45584,4
43025,3
43275,4
55454,2
55474,3
45293,3
40583,3
96474,3
99859,3
101463,3
42787,3
43142,4
51599,3
59123,1
58987,4
41710,2
45170,3
55380,3
48357,3
48751,4
44107,3
44332,4
42685,3
42869,3
97888,3
45019,4
48209,3
48552,3
44181,4
42605,3
42756,3
101462,3
111258,1
99853,3
51051,1
44884,4
96440,3
86121,3
42187,1
42188,3
48055,3
48467,4
44056,4
42515,3
42661,3
115629,1
115630,1
44722,3
56900,2
56523,2
42413,3
42678,4
96325,3
47917,3
48274,3
42037,1
42038,3
56546,2
37567,3
39366,4
97875,3
103732,1
103514,3
103497,3
99843,3
102216,3
44691,4
42293,3
42581,4
57761,4
56901,3
47815,3
48138,4
37568,1
39357,4
41829,2
44470,3
16364,3
50473,3
50564,3
41895,1
41896,3
77866,4
42203,3
42479,4
54371,3
55096,3
42917,3
47689,3
47935,3
41830,3
44367,3
71654,3
77799,3
42272,3
47579,3
47852,3
57067,1
56913,3
42121,3
51329,1
51330,3
44228,4
103490,3
81908,1
102224,3
42191,3
42709,3
47459,3
47729,3
51370,3
44082,4
113888,3
67912,3
42017,3
41945,3
42103,3
45453,4
47339,3
47872,4
55473,1
59375,1
59279,3
43928,3
42115,4
40370,3
97869,4
42833,3
42993,4
47009,3
47408,3
58251,3
99224,3
45163,3
40354,3
42890,4
42000,3
55379,1
56169,3
56521,2
103487,3
45194,4
57325,4
102234,2
40325,4
101361,1
99990,4
42783,4
42320,3
96277,3
42354,4
40276,2
54336,3
58533,4
44840,3
56132,3
45957,4
40327,2
42313,3
43529,3
97863,4
46907,3
47074,3
45786,4
53830,3
42139,3
43366,4
46487,4
57683,3
99862,3
46809,3
47032,4
45269,3
45641,4
44578,4
96231,3
40009,2
105722,1
47616,3
43179,3
55607,1
55585,3
68172,3
56353,1
56233,3
46701,3
46931,4
45522,4
40042,2
58869,4
42223,3
42384,4
67914,3
97858,4
43016,3
48702,4
55413,1
55414,2
48037,4
52844,3
46615,3
46854,3
52797,3
56175,3
44338,3
45341,4
42289,4
42921,4
55633,1
48597,4
55771,3
56191,3
56333,1
46770,3
99914,3
44388,4
96117,3
42199,4
47835,3
42828,4
56264,1
48326,3
16363,1
47136,3
56109,3
45034,4
46653,3
59407,3
44114,3
97855,3
42691,3
68386,4
51285,3
55586,3
58371,3
44879,4
48484,4
42667,4
59347,4
59655,1
99972,3
44461,3
44754,4
55690,1
57911,3
51014,3
42512,3
48308,4
69840,3
97853,3
44645,4
68476,4
42431,3
67713,2
67922,3
55640,3
68345,2
47924,3
48171,4
52896,3
53777,3
44496,4
58437,3
55909,2
55847,3
55746,3
42323,4
46235,3
1580,3
1930,2
67714,3
48060,4
40010,2
55793,3
47266,3
48947,2
48879,3
49125,3
42225,4
46124,4
68407,3
40041,2
47949,4
53509,3
47244,4
55877,1
48809,3
49024,4
43251,4
57585,3
45839,3
42002,3
96118,1
103604,1
55511,3
47017,3
48892,3
42003,1
42022,3
55419,3
57267,3
45706,3
58787,3
46882,2
48827,3
55745,1
42999,3
45557,4
55544,2
48776,4
43046,3
45412,4
57851,3
48719,4
43617,3
42023,1
42076,3
47720,4
42779,3
45210,3
55530,2
56171,1
48584,4
43534,3
46814,3
44204,4
45185,4
43153,3
43413,3
59251,4
59463,1
48464,4
42586,4
56110,1
44932,3
42077,1
42112,3
52984,3
50780,3
46913,3
47125,4
43304,3
48341,4
44807,3
47348,4
39631,2
47036,4
43191,3
48218,3
42415,3
39672,2
44674,4
43733,3
46936,4
48097,3
42113,1
42130,3
42240,3
44538,4
67936,3
53160,2
48064,4
48938,4
42931,4
42150,3
1488,3
1583,3
45971,4
1446,3
1494,1
1445,1
1448,1
44396,3
67724,2
1902,3
51435,3
50072,2
50219,3
47944,3
42819,3
58701,3
42151,1
2099,1
2100,3
48814,3
2083,3
2234,3
45679,3
42499,3
42706,3
42420,3
2236,3
2342,3
55529,1
53093,2
53151,3
48837,4
42629,3
45724,4
50746,3
2562,3
2608,3
2622,3
39620,2
2344,3
2418,3
2528,3
2554,4
51399,3
51705,1
50421,3
39654,3
43685,3
49215,4
42535,3
49472,3
50132,3
47582,3
45338,3
48762,4
43855,3
57881,3
2523,3
46399,3
58357,3
39653,2
47156,3
2420,3
39521,2
64902,3
57841,3
64945,4
57803,3
49142,4
47440,4
48660,4
46252,4
39584,2
59254,1
59275,1
48873,3
49058,4
47261,3
86066,3
86248,3
45044,4
48445,3
45811,3
46145,4
2242,4
2352,3
1585,1
1587,3
66907,3
66852,4
66939,3
67197,4
56573,2
39426,3
56538,2
48957,4
64901,1
64948,1
66183,4
47150,3
86207,3
46020,4
48898,4
48199,4
46857,3
47054,4
44776,3
45879,4
86149,3
66850,3
66670,3
67214,3
46745,3
46977,4
44802,4
1589,3
1961,2
1951,3
2075,4
2050,3
49388,3
49588,3
90115,4
66675,4
66967,2
46876,3
1592,1
1597,3
78444,3
43037,2
58609,3
59053,1
45542,4
44660,3
2360,3
2246,4
57806,2
49326,3
49467,3
46815,4
2422,3
2521,3
45383,4
69239,3
38420,3
91792,1
49262,3
49403,3
43595,3
44031,3
44917,3
45212,4
48320,3
48565,4
1952,2
2046,4
49389,3
45103,4
2519,3
2566,4
66440,4
53272,2
48480,4
2602,4
46601,3
43427,3
43839,3
1599,1
1601,4
49323,3
2532,4
44944,4
2430,4
48375,4
2364,4
51519,3
2250,4
66446,4
66779,3
46500,4
67096,3
49276,4
43241,3
43606,4
91605,1
48226,4
47331,4
2042,3
46309,3
49170,3
45332,3
48032,3
43055,3
43409,4
67248,3
47956,6
46184,3
49093,3
56574,4
56537,4
67231,4
51580,1
51813,3
47134,3
46059,4
43268,2
2460,1
2426,4
2368,4
48994,4
2254,4
50404,3
47187,4
45926,4
1532,1
1531,1
1850,1
1844,3
1554,1
1553,1
48915,4
1564,1
1563,4
1724,1
1723,3
1612,1
1611,4
49493,2
47062,4
66860,1
56578,3
57688,4
47656,3
45740,3
55146,4
56541,3
57721,2
71468,3
49764,3
49459,2
50545,3
51817,1
48842,3
66205,4
51665,3
45719,4
67097,1
47592,4
58745,1
2452,1
2424,3
2376,4
66185,1
50631,1
2258,4
48802,4
48100,4
45442,3
66208,1
66415,3
51250,1
50717,3
68192,4
47248,3
47469,4
57667,3
48693,3
45249,3
56107,3
68496,3
66658,3
68411,3
47358,4
44077,3
67298,3
55057,1
55058,2
48590,3
45138,4
67131,3
67301,3
47284,4
48497,4
66427,3
44964,4
47742,4
66502,3
2049,2
2172,3
2173,3
2198,3
2199,3
2238,4
2316,3
2317,3
2356,4
2550,3
2592,4
2625,4
2650,3
46403,4
48398,4
1692,1
1691,4
66499,1
1658,1
1657,4
1638,1
1637,4
55166,4
56142,4
44806,3
43682,3
66598,3
66688,3
43907,3
44177,3
49220,4
48168,3
66896,1
46171,3
55145,2
43481,1
67073,3
67283,1
43986,3
51666,1
51888,3
46206,3
49084,3
58370,1
49339,3
68340,3
68423,4
2054,3
1792,1
1786,3
49099,3
45850,3
66640,1
43794,3
46719,3
55783,3
56236,3
57605,3
49838,3
2056,3
2145,1
47830,3
49425,3
46634,3
48888,3
67074,1
67100,2
47738,4
45552,4
49350,3
46272,3
46537,3
58299,1
48242,3
2058,3
2161,1
44263,2
47627,4
57211,3
58249,1
2012,1
2006,3
49155,3
49288,3
46452,3
48745,4
68500,3
68427,4
66536,1
47512,3
45224,3
66788,1
49243,3
46345,3
68098,3
68196,3
1842,3
1908,1
68018,3
68100,4
68017,2
68025,3
47398,3
50809,3
45276,3
1565,1
1567,1
55445,3
55869,3
1605,3
1615,3
1641,3
1661,3
1695,3
1727,3
49184,3
68528,1
48577,3
68341,3
68435,3
67646,2
43998,3
50581,1
50582,3
47890,3
47377,4
67420,3
68106,3
2151,1
68026,2
2070,4
50409,1
50410,3
44818,3
48612,3
46052,3
67380,3
67423,3
47290,3
67643,2
67312,4
48974,4
44504,3
45132,3
48252,3
45937,3
50905,1
67387,3
52663,3
52583,3
52782,4
52875,3
68483,1
45431,3
45760,3
47910,3
48492,3
48882,4
1840,3
1914,1
56046,1
54448,3
38419,1
50723,3
55871,1
52541,3
52660,3
2494,3
2489,3
2544,3
2545,2
2574,3
2347,4
2571,3
2229,4
2598,3
2164,3
2157,4
67316,4
67430,3
2038,3
2067,3
2033,4
2002,3
45609,3
2669,4
46861,3
2684,3
55194,4
55569,1
48674,3
48815,4
52487,3
52580,3
67102,1
54471,3
45470,3
4479,2
5208,1
48758,4
50793,3
1607,1
52449,3
52550,4
4360,2
47966,3
48709,4
48108,4
4170,3
52383,3
52502,4
1764,3
67305,3
1760,4
47713,3
2486,4
67376,1
2338,4
2226,4
1894,2
2154,4
2065,3
52462,3
1896,4
67333,3
2013,1
2014,4
54523,3
55400,3
56360,3
1759,1
47492,4
2740,4
4267,3
49810,3
53653,2
47027,3
47076,4
1745,4
1870,2
2454,1
2147,3
2312,3
2335,3
2278,3
2314,1
2280,1
2224,2
53630,2
2063,3
67641,1
67595,3
67517,3
67598,1
52722,4
1865,4
50183,3
44672,1
50293,3
50765,3
49286,3
49832,3
67524,1
67840,3
68120,3
67140,2
67139,1
67164,1
49118,3
1746,1
52600,2
67750,3
67844,3
67458,1
67749,1
67754,1
49952,3
49888,3
50000,3
50036,3
48984,3
1733,4
1825,2
53362,5
54449,2
67335,1
67365,1
2604,3
50001,4
47601,3
47875,3
1821,4
2001,1
48921,3
2059,4
2109,3
2105,4
2141,3
1998,3
49882,3
47750,3
51186,3
51112,3
51274,3
51322,4
48872,3
51557,3
52618,3
51073,3
51230,3
47646,3
54472,2
53605,3
1653,1
1654,1
48847,3
52620,3
57212,1
57611,1
47535,3
1683,1
1679,4
50042,3
38167,3
48587,3
50419,3
50772,3
1997,1
1993,3
48780,3
2485,1
2618,3
2480,3
52480,3
47394,3
52951,3
2093,1
2089,4
50977,3
51157,3
68128,1
50437,3
50784,4
50947,3
51086,3
52880,3
50098,3
67846,1
50879,3
51006,3
54231,3
54610,3
2333,3
50323,3
2475,3
51481,3
51630,3
52693,2
52822,3
1994,1
50962,3
1989,4
50038,4
52241,3
52554,3
115184,1
50461,3
50826,3
51393,3
51542,3
52694,3
4246,3
4485,3
48322,3
50343,3
53183,2
51477,3
2137,3
55561,3
56726,1
2332,3
2472,3
4152,3
4257,3
49429,3
49914,3
51488,4
49146,3
52736,3
1900,1
151590,4
53612,3
54326,3
1874,1
1823,1
50499,3
50910,3
1736,1
1680,1
1682,1
1985,3
2018,1
51247,3
2036,1
52037,3
52278,3
2062,1
2092,1
2108,1
2140,2
51402,3
52698,3
2692,2
4088,3
4153,3
2675,2
49006,2
4018,3
4090,3
50296,3
50450,4
50218,3
50366,4
49447,4
49934,3
55063,1
54806,3
3960,3
4019,3
50320,4
151577,4
49053,2
49224,4
50102,3
52219,3
52380,3
50939,3
4370,3
4537,3
50246,4
3920,3
3961,3
48933,2
51108,3
51957,3
52072,3
50807,3
49054,3
52143,3
52288,3
3868,3
3921,3
51566,2
50128,4
50527,3
51648,3
50721,3
51000,4
2680,2
2697,2
51835,3
52074,3
38168,1
40201,3
49421,3
3750,3
3873,3
49771,3
49946,3
49405,3
52115,3
52226,3
51549,4
50063,4
50675,3
50822,3
51735,3
51880,3
48970,2
49104,1
1986,1
1987,1
48902,4
52002,3
49960,3
50621,3
50716,3
47280,4
53210,5
51718,3
48969,3
2751,5
3760,3
47223,3
53443,3
50553,3
50682,4
49799,3
49980,3
49477,4
49009,1
50638,4
52166,3
49385,3
4311,3
4066,3
4068,4
3858,3
3857,1
3850,4
48924,1
52122,3
50548,4
53204,2
49749,2
2698,2
49140,3
49306,3
49750,4
49988,3
48632,3
2679,2
49517,2
50442,4
53205,2
4294,3
4545,3
53720,3
48876,4
55279,3
50388,4
49377,3
52684,6
53253,3
4210,4
4072,4
3849,1
3851,4
51625,2
51636,3
49794,4
50020,4
2739,2
50316,3
2688,2
50934,4
55731,1
55457,3
49086,3
49253,3
49455,3
51806,3
51643,3
49487,3
50232,3
50730,2
4548,1
4579,3
51728,3
51584,3
50249,4
53435,2
49361,3
3853,1
3842,4
4076,3
4121,3
4228,4
51458,3
48990,3
49201,3
49816,4
50140,3
49343,3
53417,3
4327,1
4328,4
55029,3
4435,1
4436,4
50738,3
54992,3
53309,3
53680,3
50742,3
48920,3
49129,3
3841,1
3843,4
4080,3
51184,3
50678,4
49721,3
49922,3
51142,3
50332,2
53663,4
51506,3
49649,3
49862,4
49045,3
50598,3
4496,3
4617,3
4498,3
4440,4
4334,4
4238,3
2687,4
4084,3
50853,2
51046,3
50326,4
49573,3
49709,3
50446,3
2689,1
3846,1
50854,3
3838,4
49491,3
49644,3
48812,3
48951,3
49328,4
48432,3
49419,3
49595,4
4500,4
4629,3
51242,3
48347,3
4240,1
4242,4
50958,3
49526,4
4052,3
50868,3
55271,2
48870,3
49416,3
4002,3
3837,1
3836,3
54042,3
54413,3
4568,3
4681,3
4570,4
4504,4
4448,4
4342,4
4172,3
4248,4
4096,2
4174,4
4094,4
55589,3
49819,4
50381,2
50396,3
3925,3
3835,1
56021,3
50524,3
49660,2
50398,3
52528,3
52860,3
53654,3
50454,3
50337,3
71469,1
73820,1
53629,3
39120,1
39119,1
50208,3
48930,3
4025,1
4026,4
2754,1
2746,4
49669,3
52370,3
52680,4
49678,3
53959,1
53960,3
80501,4
49978,3
49584,3
50710,2
4640,3
4733,3
4650,4
4574,4
2510,3
2705,3
3240,3
4514,4
4456,4
4366,4
4252,1
49948,3
4178,1
52192,3
52518,4
4099,3
4030,1
3883,3
50258,3
49745,2
49889,3
53349,1
53350,3
49746,3
3791,3
3889,3
52062,3
52366,4
3982,1
3895,3
80604,3
55497,3
56217,1
48473,3
48966,3
49834,3
50006,3
49767,3
54351,3
54765,3
51840,3
52186,3
48184,3
50901,2
54127,3
48496,3
49002,3
51564,3
51904,3
55725,1
48825,3
49032,3
3901,3
3771,3
4599,3
4658,1
4578,1
4510,2
4443,2
4232,3
4323,2
4225,3
3988,2
3987,3
51156,3
51633,3
48677,3
48851,3
49088,3
3821,3
3824,4
3905,4
48540,3
54063,3
54382,1
53228,4
48714,3
50902,4
40204,1
40447,3
43354,3
41912,4
41942,3
45096,3
48820,2
48819,3
49112,3
49136,3
3699,3
54064,1
54066,2
54861,1
52054,3
54837,3
54215,1
52870,3
51296,3
4509,3
48734,3
4324,3
4444,3
4130,1
4129,3
4044,1
4043,3
48750,3
47959,2
47962,2
48768,3
47640,2
54971,1
47691,2
52702,4
51683,3
50670,3
51118,3
3649,3
3679,3
41877,4
53754,4
52532,4
50494,3
50871,4
3752,1
3751,3
53766,3
3878,3
51759,3
52386,4
53739,3
3773,1
3774,3
50314,3
50653,4
4275,3
4282,1
4185,3
83300,3
2699,3
2806,1
47554,3
4188,1
50068,3
50467,4
2464,3
2614,1
3621,3
4113,3
76596,3
83221,4
47608,4
52098,3
4116,1
4031,3
4034,1
51352,3
47553,2
3669,3
49918,3
50279,4
3971,3
3966,3
47610,2
47856,2
2801,1
51624,3
2700,3
3900,3
3328,4
2442,3
2611,1
49740,3
50055,3
51737,3
3828,2
54142,3
2835,1
2836,4
2907,1
2908,4
48913,2
2963,1
2964,4
53969,3
2925,1
2926,4
2877,1
2878,4
2793,1
2790,4
48914,3
49920,2
3661,3
52099,1
52194,3
47180,2
51480,3
47231,2
44437,3
46756,3
3662,1
40711,2
41915,3
51356,4
52980,3
41918,1
2404,3
2615,1
52854,4
51149,3
54099,2
54138,2
50032,3
47030,3
47221,3
52672,4
50913,3
52748,4
2702,3
2792,1
2840,1
2882,3
2906,3
2930,4
2968,1
2988,3
2989,2
3004,1
51827,3
2708,3
52516,3
2386,3
50665,3
56150,1
54728,3
43611,1
43610,3
51554,3
50479,3
56123,1
54734,4
4000,1
2385,1
2712,3
3018,1
3017,3
3008,1
3005,3
3193,3
3322,3
43609,2
2884,1
2886,3
3177,3
3208,3
3157,3
3184,3
3133,3
3169,3
3097,2
3140,3
2714,1
3098,3
2716,3
53068,4
46930,3
74534,3
78350,3
2887,1
2890,3
52974,4
51572,1
52846,4
2717,1
2720,3
2891,1
2894,2
40630,2
3037,1
3033,3
3080,1
3079,3
3054,1
3053,3
84858,1
52670,3
40553,2
82830,3
84751,1
2895,1
40494,2
40113,1
40114,3
2721,1
2724,3
81754,3
83006,3
54682,3
54691,4
53488,3
55122,4
81906,3
83148,3
54152,3
55077,4
50085,2
2725,1
2730,3
3032,3
53336,3
82383,3
83278,3
55828,1
2975,1
2972,4
2995,1
2996,4
3012,1
3011,4
3228,1
3227,3
53214,3
82509,3
83434,3
81194,3
74310,3
74924,3
55777,1
55130,3
53058,3
82641,3
83564,3
74309,1
74549,1
82012,3
54592,3
53527,3
54003,3
40115,1
82743,3
83682,3
52968,3
81052,3
81745,4
3252,3
82402,3
2729,1
2727,3
3256,3
3010,3
3222,3
2994,3
3224,1
2974,1
2934,1
2868,3
2826,3
2870,3
2776,3
2823,3
2778,1
2728,1
80852,3
81534,4
53530,3
54243,3
82905,3
83818,3
53062,3
52832,2
80726,3
81365,4
82720,3
83996,3
80574,3
81198,4
2874,3
2824,1
74925,1
75064,3
3276,3
3360,3
151616,1
80386,3
81023,1
82596,3
151613,1
82818,3
84108,2
80152,3
80754,1
55610,1
55407,3
75065,1
75198,3
82994,4
79672,3
80561,1
77616,3
78490,3
53838,2
53640,3
53863,4
53532,1
82051,1
78492,1
78594,3
75200,1
75298,1
3225,3
3070,2
81774,1
3069,3
2904,1
2902,3
79468,3
79774,1
53639,2
81509,1
78595,1
78662,1
77615,1
77632,1
79467,1
79491,1
2916,1
2915,3
81199,1
81280,1
41749,1
41430,3
82996,1
83014,1
53647,3
55459,1
3336,3
3366,3
3304,3
3338,3
3274,3
3305,3
3215,3
3246,3
3248,3
3279,3
3166,4
3217,3
3386,3
3798,3
55408,1
2954,2
2956,3
2875,1
3404,4
3168,1
2937,3
55079,2
55101,3
54697,3
41429,1
41432,1
2938,1
2940,1
54279,3
42723,3
41325,3
42277,3
44561,4
53891,4
54311,2
54343,3
45108,3
44778,3
44829,4
45326,3
53903,3
54375,3
54836,1
45123,3
45528,3
45235,4
45684,3
54723,1
53675,4
45465,4
45888,3
53854,3
45619,4
46106,3
53804,3
53856,4
53825,4
53750,3
53683,3
53885,3
45857,3
46276,3
44595,3
44939,3
53076,3
41131,1
41132,1
41326,1
41533,3
44251,3
46278,1
46418,3
53124,4
46419,1
46534,3
42857,3
45237,1
46536,1
46624,3
45467,1
46625,1
46758,3
44039,3
53732,2
53907,3
45621,1
46446,3
42279,3
41536,1
45578,3
53731,2
47040,3
53728,4
46694,3
47176,3
47178,1
47296,3
46005,1
45782,4
47297,1
47382,3
46156,1
45962,4
47384,1
47508,3
46295,1
46132,4
47509,1
47700,3
46430,1
46242,4
3296,3
3295,1
3297,1
3316,3
3317,1
3332,3
3333,1
3411,3
3436,3
3443,1
3476,3
47465,3
47888,2
3520,3
3522,3
45082,4
48728,1
45784,1
45963,1
42711,3
42504,3
46134,1
44573,1
44402,4
46967,1
46826,4
46243,1
3414,1
3415,1
44713,1
44550,4
47066,1
46942,4
46030,4
44876,1
44688,4
47195,1
47046,4
53054,3
3624,3
53053,2
53081,4
3722,3
3794,3
3626,1
3674,3
3676,1
45031,1
44844,4
47302,1
47146,4
53084,2
53717,3
43693,3
47310,4
47636,3
46376,4
3530,1
44404,1
51969,2
51911,3
51997,3
47450,4
47770,3
46828,1
45497,1
45246,4
51980,4
52665,4
51521,3
44552,1
51560,4
52642,4
47598,4
47896,3
46943,1
45662,1
45480,4
44689,1
52924,2
48490,1
47992,3
47710,4
45819,1
45632,4
47048,1
52961,2
44846,1
47147,1
47848,4
46008,1
45792,4
3783,3
44520,4
46996,4
52923,2
45248,1
47452,1
3784,1
3785,1
52962,2
45481,1
47599,1
52776,2
42503,1
45634,1
47712,1
52825,2
46641,1
46508,4
45793,1
47849,1
47998,2
46742,1
46620,4
45368,3
47632,4
46867,1
46708,4
44037,1
43882,4
46974,1
46830,4
52800,4
44175,1
44004,4
45802,3
52705,4
53420,1
44346,1
44144,4
46510,1
42713,1
51513,3
44467,1
44310,4
47269,1
47118,4
51533,4
51732,3
46621,1
50787,3
47356,1
47240,4
50836,4
51701,4
43694,1
46710,1
47483,1
47342,4
43884,1
46831,1
44861,1
44680,4
52676,4
53295,1
50024,1
50023,3
52316,4
47620,1
47456,4
44006,1
52198,3
52376,4
53268,1
45018,1
44836,4
46593,4
53725,2
51613,3
52173,4
44145,1
45183,1
44982,4
47120,1
44312,1
45352,1
45166,4
47241,1
44073,4
42280,1
42804,3
43159,1
42971,3
47344,1
51181,3
51771,3
44682,1
43273,1
43075,4
47457,1
44837,1
43405,1
43243,4
47191,3
48074,2
44984,1
43557,1
43381,4
51345,3
51971,3
46187,1
45997,4
45167,1
43717,1
43517,4
46344,1
46167,4
43910,1
43699,4
44895,3
46465,1
46299,4
44043,1
43885,4
51511,3
52111,3
42906,3
47779,3
52297,4
46566,1
46437,4
43040,3
45288,3
43222,3
44425,1
44257,4
46000,1
46851,1
46695,4
43324,3
52337,4
52834,3
51768,4
51691,3
44576,1
44411,4
46169,1
51820,4
52793,4
43474,3
46966,1
46833,4
44705,1
44543,4
46302,1
49798,3
50045,3
47067,1
46947,4
43616,3
49824,4
50457,1
44878,1
44699,4
46439,1
47204,1
47057,4
43902,3
46217,4
44046,3
50749,3
46698,1
43262,3
50797,4
51070,4
50536,4
43264,1
44212,3
50556,3
51027,4
50253,1
50254,3
46835,1
44352,3
46950,1
45681,1
45505,4
47044,3
48688,3
44494,3
47059,1
45900,1
45675,4
51610,4
49910,4
50392,3
44678,3
50932,3
51595,4
46045,1
45831,4
46869,3
52886,1
46200,1
46035,4
52795,1
52851,1
45064,4
50028,3
50636,3
51129,3
45216,3
46517,1
46379,4
43545,1
43546,3
45460,3
46640,1
46511,4
45590,3
50168,4
46731,1
46609,4
48689,1
49608,4
50472,3
50764,3
51303,3
45776,3
46860,1
46711,4
43548,1
44726,3
46012,3
46190,3
5134,3
4990,3
5130,4
5340,2
4820,3
4986,4
4398,3
4134,3
4399,3
4518,3
4520,1
4612,3
4609,3
4786,3
4133,1
4135,1
4781,3
4821,1
50984,3
51495,3
5336,3
50236,4
49780,3
51741,4
49805,4
46354,3
49634,3
49893,3
46464,3
4605,4
4728,1
45222,1
45191,3
4985,1
4981,4
5125,4
5331,4
46570,3
51743,1
51801,4
51238,3
52030,1
45808,3
45145,3
45458,3
50011,3
45657,3
51804,1
52005,1
46692,3
5371,1
5328,4
5122,4
4982,1
4978,4
45077,3
45078,1
50014,1
50153,4
4402,1
4403,4
5496,1
45061,3
5324,3
44947,3
45359,3
5119,3
4977,1
4974,4
45605,3
5116,3
44727,1
5321,3
49609,1
45361,1
45579,3
45954,1
48207,1
48208,1
5374,1
5317,3
49636,1
50187,4
50614,1
5111,4
4973,1
4969,4
50156,1
45582,1
44854,1
44853,1
44948,1
45055,1
50189,1
50377,3
46842,3
5315,3
5107,4
4970,1
4965,4
4777,3
4603,3
5375,1
4406,1
4407,4
5311,3
46843,1
51340,1
4913,2
4910,4
50303,3
50551,1
4963,3
5104,4
5309,3
4726,1
4597,3
47096,1
4409,1
4411,3
4542,1
5382,1
5306,3
4960,4
5100,4
5303,3
4741,3
4593,3
4414,1
50304,1
50351,1
4592,3
48945,1
48946,1
4394,1
4392,3
4688,1
4686,3
4536,1
4534,3
4475,1
4476,3
5380,1
4289,1
4290,3
5300,3
4742,3
4200,1
4199,3
4906,4
4956,4
5096,4
5297,3
5378,1
5294,3
4744,3
4902,4
4952,4
5092,4
5291,3
5288,3
5457,1
4746,3
4898,4
5285,3
5089,3
4948,3
4201,1
4750,3
5210,1
5085,3
4752,3
4893,3
4940,4
5281,3
5392,1
5493,1
5490,3
4416,1
4415,3
4417,4
4756,3
5205,1
4890,3
5086,3
4758,3
4419,1
4421,4
4764,3
5279,3
5485,3
5081,3
4888,3
4762,3
5275,3
4423,1
4425,1
4524,3
4526,1
4584,3
4838,1
4836,3
4865,1
4862,3
4586,1
4660,3
4662,1
4700,3
4702,1
4768,3
3951,1
3947,3
5273,3
5082,3
5481,3
5269,3
3948,1
3945,3
3941,4
4138,3
4139,3
4214,3
4221,3
4298,2
4304,2
5078,4
5267,3
5484,1
5264,3
4770,4
3942,1
3935,3
4143,3
4935,4
5080,1
5182,3
5184,1
5266,1
3936,3
5033,1
4831,3
4938,1
4158,3
4160,3
4272,3
4274,1
4833,1
4771,1
4774,1
3938,1
3933,3
4689,1
4690,1
4164,1
3930,3
3777,1
3778,3
3929,1
3927,3
3779,1
3782,1
3928,1
4024,1
3747,1
3748,1
