Node,Farness_unweighted
21361,4431992
20613,4379418
21320,4484246
20594,4431672
19044,4379100
19052,4326846
34946,4152729
32382,4100155
18256,4431286
16976,4379272
17948,4378947
19200,4274498
20102,4379420
19042,4326720
16972,4327161
17580,4326854
19066,4274456
18349,4379596
18350,4327022
26166,4274686
23710,4222112
18358,4379453
18359,4432027
18458,4326898
17005,4274953
18028,4326578
18175,4379152
18526,4274332
11224,4314307
19177,4222029
27272,4341206
27268,4288632
23671,4169643
16172,4327295
17227,4222621
17421,4170209
18831,4275195
30306,4280765
29732,4228191
52478,4198558
52234,4145984
12633,4366501
26930,4236892
22334,4117344
26911,4184430
46281,4289707
46282,4237133
6244,4683032
6243,4630458
6245,4577897
6281,4630464
7115,4577912
7282,4525347
6661,4630473
47143,4184561
47144,4131991
47070,4079431
47069,4026857
26903,4146957
27255,4236331
26645,4147304
26646,4094730
28176,4251059
28151,4198758
6663,4683047
6938,4577910
6504,4525334
9329,4262647
6799,4525350
28400,4146833
29998,4198345
7035,4472785
6800,4577924
26648,4147304
26760,4042241
7745,4420243
47091,4079423
6531,4525337
21521,4118299
21146,4065725
44788,3974344
49227,3988282
29996,4175727
31736,4137980
30008,4146175
31727,4160846
15249,4380125
14278,4327551
28418,4094424
52718,4198558
52118,4093414
7728,4472797
8777,4367711
31008,4146103
32371,4123409
30885,4198506
30886,4145932
10949,4314466
13282,4379863
34504,4048035
34485,4071289
52117,4040848
53507,4145988
5862,4473377
12723,4327355
13197,4275013
16702,4380125
5861,4525951
5546,4421180
44787,3921795
47086,3974329
9330,4315179
20190,4170489
19118,4117915
8160,4210621
12211,4275139
12212,4222565
50560,3935728
44720,3869241
24567,4065028
43620,3816701
50516,3883201
36930,4100609
10703,4274944
34682,3995726
34643,4018980
39502,4048300
20334,4065606
21166,4013369
43619,3869275
38226,3764202
50074,3830661
34202,4198677
30890,4093839
30016,4145924
28428,4146656
26810,3990200
24667,4013488
21182,3961253
20025,4013490
50662,3935722
19121,4065840
17427,4222709
50674,3988284
30156,4093838
30924,4041654
52646,3883187
16488,4485433
16487,4432859
17251,4275239
17431,4222983
16913,4327764
17240,4327773
16785,4380305
17177,4380284
16774,4432818
16484,4485345
17316,4328107
17314,4275533
5545,4473754
15888,4275728
15883,4223154
16446,4537751
16687,4485258
17435,4170760
17060,4328243
16402,4485654
16960,4433318
16959,4380744
16897,4380760
17035,4275796
6856,4368648
16751,4433147
28429,4199230
16825,4380728
35415,3995700
35440,3957602
16903,4328220
17141,4223265
16401,4433314
16881,4328185
17439,4118333
17117,4223289
24813,4065329
21210,3909071
20027,3961308
17442,4170794
7358,4158490
9233,4210557
29274,4198221
16799,4380775
17101,4275653
16525,4380785
16757,4328240
16985,4275696
17446,4223190
9791,4262460
9757,4315005
10485,4314032
9043,4158437
10620,4327526
16995,4223296
10779,4327352
30982,3989546
10787,4275235
16167,4170806
10898,4379926
9641,4263236
10336,4367227
17245,4223253
17255,4170935
18446,4275764
17271,4118436
10576,4366780
10784,4262144
10155,4315477
9355,4210995
9457,4263416
10491,4314665
29088,4146724
49803,3791910
10369,4314790
10738,4209853
10131,4263259
10277,4263225
9603,4315825
9905,4210764
10266,4210730
9561,4263292
10384,4262299
28972,4147179
29293,4094697
12414,4157398
9798,4158207
29068,4147038
29712,4042456
5891,4316424
5892,4263850
8032,4106203
17258,4223509
9816,4105837
28954,4095160
28224,4042746
28932,4147300
24912,4042541
26844,3938099
24051,4014031
23218,3961579
23862,4014115
24297,4065895
24088,4066386
24518,4117829
28538,4147055
25432,4095071
7151,4316116
29137,4094870
21272,3856963
7152,4263584
54695,4145999
54201,4093425
7357,4211044
22923,4014082
27766,4042978
6136,4158708
52710,3935743
53668,3935761
19424,4013672
17275,4065980
54173,3988301
54174,4040861
24443,4066065
25204,4132807
28132,4095300
33108,4476523
33107,4423949
25181,4147660
22682,4066263
9294,4053886
25764,4043021
17124,4105050
17105,4052956
25644,3990890
26594,3990631
25182,4200234
54528,4145993
27765,4095552
27742,3990651
25148,4095437
28916,4043324
28486,3990750
54688,4198567
28002,4042966
26568,3938431
32447,4581605
32448,4529031
24219,4065922
24644,4118169
54529,4198567
54680,4198567
24659,4170703
26866,3885898
28980,3989929
17709,3961737
17473,4014039
17670,4014280
17836,3909360
17452,4066597
16803,4001484
17128,4105514
25612,4043309
25010,4118588
25376,4081055
17051,4053718
8225,4001765
25048,4066300
28750,3938194
17600,4014268
54176,4093435
22681,4118340
24034,4013678
32691,4476478
32692,4423904
32449,4581605
32452,4476461
32863,4476483
32860,4423913
33104,4371379
25260,4066258
16969,4002027
17508,4053407
23752,4118580
32453,4529035
32456,4476469
32696,4371357
32857,4371373
33098,4318839
25158,4013751
35560,3944200
36354,3906041
35529,3995755
23890,4171154
32457,4529043
32460,4423916
32604,4529043
17832,3961751
32852,4371368
33088,4266299
16804,3949482
23640,4066094
17400,4001436
17260,3949740
32600,4476490
32461,4476490
32847,4318834
17202,3897231
32700,4318827
17828,3948914
32845,4266292
33084,4213757
32702,4371401
23998,3961203
23934,4171154
36099,4063709
36098,4011135
36193,4011173
36194,3958599
35973,4050172
35974,3997598
33080,4161237
35873,3997614
35874,3945040
31012,3937386
32218,4041947
35610,3892582
35532,4048329
35579,3944213
34533,3997374
34433,4049573
34829,3944967
34835,3997430
34434,4102147
34440,4101342
34442,4153916
34448,4086922
10018,3949504
13450,3845077
26942,3833730
32840,4252008
32658,4199434
36356,3892511
36450,3868154
36198,4011173
36104,4063709
23160,3908681
35978,4050172
35646,3840475
35613,3892534
32648,4146864
32760,4252008
32519,4056392
32632,4094384
36454,3816324
35701,3840446
35722,3788221
33072,4109182
36370,3840436
6135,4211278
32676,4146827
32670,4109281
48950,3739408
50436,3740373
34841,3945276
33023,4161736
33766,4057308
34804,3997377
35332,3892881
32669,4161855
33016,4161786
33324,4214310
6137,4211282
7362,4106532
32981,4004944
34354,4109783
32672,4057446
33009,4162273
49082,3687871
38249,3711884
36248,3735819
35739,3892903
35148,3945249
35168,3945025
34728,4048988
34733,4072363
34357,4124687
33270,4214847
33001,4110005
32999,4162530
32674,4110020
32684,4005033
34730,4057604
34365,4110063
32995,4110052
33212,4215104
32996,4162626
32991,4057491
35170,3996734
35789,3930748
34367,4162637
34371,4057643
32686,4057607
32688,3952496
53056,3792947
34373,4005175
35264,3983169
35865,3916079
35276,4020483
35172,4020015
32520,4108966
34375,4057749
34393,3952641
32596,4004767
32706,3900129
32397,4057291
64197,3704747
64198,3652173
35394,3968554
35895,3863592
35392,3916060
35270,3968010
35174,4005150
64236,3704731
64235,3652157
31953,4094902
31363,4042434
31957,4147453
32203,4109233
64279,3757197
64280,3704623
32195,4109735
32370,4005143
22276,3856538
64317,3757211
64318,3704637
21298,3804871
32342,3952659
32081,4161856
32191,4057723
31734,4147511
32341,4005194
32726,3847760
36173,3811073
47824,3635534
31656,4094990
31726,4147537
32047,4162362
8172,4054211
32048,4162371
32134,4110284
32345,4057692
32182,4109813
65778,3652090
65874,3757211
65774,3652077
31355,3989914
65745,3599613
65681,3599625
31908,4200018
32096,4147464
32062,4094969
32178,4109386
8161,4041121
7536,4159106
31808,4095038
31780,4042464
30928,3885487
31030,3899423
10116,3897358
9460,3949888
36000,3810556
36207,3759030
7929,4026531
8472,4002252
38692,3764458
38255,3660328
8782,4054826
37066,3684263
37041,3744987
36258,3796686
59940,3627541
59939,3574967
32774,3796668
9473,3989115
31036,3848386
30773,3886149
40540,3596931
27000,3782318
21784,3805142
19520,3753344
21364,3805341
8572,4026939
8332,3974365
57271,3554049
57272,3501475
15960,3792807
7930,4079105
30140,3834398
31054,3796634
32548,3796822
8316,3922114
16192,3753752
17718,3701836
53158,3656525
52740,3603951
57226,3489761
59840,3469825
21514,3753625
8752,3974525
9086,4041683
6748,3869847
8854,4027093
8856,4079667
9292,4094257
23533,3768409
52342,3551381
53131,3603951
14072,3740925
37053,3722260
38814,3670461
57225,3542335
38787,3693339
54204,3656525
26020,4150833
25552,4136157
26021,4098607
26260,4098611
25468,4083604
25554,4150829
21516,3806199
22524,3702058
26025,4046048
25558,4150828
25210,4031046
25474,4136023
25631,4098531
26038,3993490
25635,4045973
25482,4083464
65806,3599536
65733,3547069
36184,3848645
146640,4257674
146518,4205100
36986,3901219
66082,3704639
26050,3940946
35697,3901150
66047,3652183
23029,3716787
25346,3820911
145117,4205104
145118,4152530
66112,3546986
24961,3978505
26371,3993513
26375,3993527
26513,3940990
26058,3888405
32778,3745208
31102,3745024
65908,3494520
30142,3886972
34093,4217303
34087,4164729
35698,3953724
32818,3693323
33462,3797753
50833,3498815
27018,3730856
34330,4112165
34329,4059591
26291,3888450
26284,3940972
25381,3940887
26062,3835884
25339,3978380
25386,3940651
25049,3925961
25341,3978402
25336,3873438
24962,4031079
25335,3925868
25379,3888122
25412,3835581
33790,3902842
33759,3850268
34763,4007027
34634,4007810
35089,3954492
34238,4112159
34088,4217303
22020,3650203
34822,4007038
35447,3901953
26078,3783359
35448,3954527
25037,90
24967,70
25139,90
66964,3652062
66280,3599488
33847,3850752
35156,3902746
35445,3850696
59850,3522395
34268,3956202
34772,3955758
24907,54
34852,3903676
34248,3903682
34464,4008776
33893,3851158
34457,3851663
35010,3955287
33850,3799014
25827,63
25349,60
25812,62
26397,70
9290,1
9289,1
59872,3417265
34407,3799135
26296,63
26738,74
27072,3716612
29401,3693176
57432,3437201
34889,3851143
59750,3407122
62776,3383753
35696,3903270
35311,3798978
25149,58
25539,73
145120,4099964
26990,94
34709,3851656
25542,66
26983,94
66667,4072341
66481,4019767
25838,53
147264,4257674
57440,3423260
25235,50
25188,60
34476,3904237
66977,4177453
66976,4124879
24649,68
66836,4124883
66754,4072309
34701,3799123
35094,3851527
66604,4019743
34635,3746603
66980,4177453
35314,3746609
66686,3651994
66945,3757199
66482,3967195
67244,3704755
24790,64
35316,3799183
34563,3694077
34350,3746635
66930,3599546
66957,4019736
66947,3967179
66981,4072310
24315,75
66504,3914639
65907,3488631
65910,3447848
66946,3704660
49213,3598081
48792,3545507
67243,3757329
142911,4171804
142912,4119230
66538,3862098
34345,3641581
34352,3799209
66942,3914636
39049,3646934
40467,3622377
66608,3914652
66636,3809561
66629,3914668
66898,3967192
24316,95
66889,3967207
66926,3862099
66689,3862118
66711,3967221
66840,3914670
66884,3914657
39060,3722858
39025,3745741
67021,3862146
67010,3809572
50275,3630442
50113,3577875
50278,3683002
50649,3683002
31224,3589733
32874,3745897
31170,3797598
29416,3641440
27142,3664926
50370,3630433
50540,3683001
67004,3757044
66656,3757034
50844,3643580
39442,3674762
42559,3570842
66700,3704504
67075,3862188
67072,3809614
67080,3862188
36835,3955762
36836,4008209
37001,3903229
37398,3955687
37675,3850754
37623,3903289
38295,3798241
39142,3699282
39075,3722977
38290,3775479
67108,3704568
37553,3955752
38112,3955796
50839,3591013
36842,4060731
37916,3985438
38078,3933006
6747,3922421
39193,3775438
38187,3827928
50110,3525313
37998,3932899
50830,3538451
50109,3577887
38072,3880443
49247,3472765
38307,3880363
66972,3652108
66991,3652112
67223,3704686
66996,3704672
40436,3729196
40426,3676622
38200,3932854
39165,3827861
50857,3446269
67230,3757246
40386,3729037
40570,3624066
36848,4113198
37790,4037965
39223,3804083
60562,3364856
39331,3751817
38352,3985318
38001,3947790
38736,4037892
40053,3832369
39938,3779795
40169,3832887
40048,3780313
40267,3833697
40156,3781123
42517,3519017
44628,3623416
69125,1
69126,1
69245,1
69246,1
39225,3856657
69540,1
69539,1
69677,1
69678,1
38843,3790665
39395,3727235
39546,3727239
39469,3779736
36858,4090566
37576,4090410
39527,3818634
39550,3714075
17465,3635631
27158,3613100
138707,1
138708,1
40094,3728561
39214,3819030
39486,3766567
39866,3676005
40438,3676481
40270,3623919
36862,4038929
37342,4053107
41122,3571504
38704,3948318
38602,3895744
37499,4053042
37990,4000340
37952,4052879
38439,3895654
37953,4105453
37428,4001263
38601,3948318
38817,3843174
39037,3843048
68608,4251401
68594,4198827
37840,3949002
39245,3790999
39282,3700598
38690,3738942
38280,3843929
62828,3436192
62839,3395409
36962,3986988
37946,3896469
72438,1
72437,1
62790,3342970
40144,3662632
60764,3331339
37810,3934668
60776,3290556
73004,3570100
72950,3517526
68584,4198765
69314,4146393
69307,4093936
73457,3517635
73426,3465061
73544,3528662
73480,3476088
73599,3382346
73442,3329772
73649,3434831
73516,3382257
39242,3738923
42442,3505535
48781,3493768
40744,3623991
39040,3686771
39092,3648610
39780,3714782
38155,3896490
38530,3791443
6083,3922636
6084,3870062
69298,4041461
69670,4041555
70356,3989348
70344,3936774
74483,3487333
74476,3434759
38333,3829642
75104,3749995
75102,3697421
67898,4199057
67890,4199029
68002,4146487
67982,4146459
68238,4093964
68222,4041438
68460,4146427
39524,3701042
68450,4093970
68698,4146327
68689,4146315
68844,4093869
68826,4041336
69024,4041420
69008,3988887
72076,3569945
69267,3988953
70783,3884340
70751,3831766
37250,3934853
37616,3882436
69649,3989068
70000,3989210
71224,3779480
71192,3726906
71702,3727142
71598,3674568
69985,3936723
70333,3884271
76140,3749995
75100,3644851
73336,3412537
73400,3423564
38156,3949064
47604,3455128
58455,3396510
49560,3480927
38174,3882162
40006,3648746
77792,3749903
77791,3697329
37950,3829926
68422,4041432
68676,4093772
39015,3672407
78515,3802284
78493,3749710
39388,3596427
77795,3644765
75094,3592287
38120,3777415
38603,3777407
67889,4251603
6751,3817492
72020,3569820
72486,3517455
79194,3854848
79187,3802274
40360,3662693
69254,3936413
70744,3779223
38374,3725005
38865,3724937
79734,3854961
79727,3802387
38638,3672529
39323,3620007
68086,4093913
68070,4093920
80108,3802397
80049,3749823
68350,3988969
68338,3936496
77801,3644705
75086,3539745
69652,3883931
69625,3831596
69996,3831532
69987,3779092
71870,3622124
71861,3622061
78480,3697146
79902,3697259
72562,3465002
72452,3517395
73192,3360180
73376,3371207
39771,3596561
53112,3290569
144759,4047400
53142,3238858
143946,3994838
67907,4094057
67908,4041483
67888,3989022
68052,4041448
68311,3988982
68555,3884026
68551,3936512
68733,3831558
81502,3697515
80966,3644941
68714,3779118
68879,3884032
68870,3831648
69263,3884039
79711,3697077
77700,3592210
77696,3644642
79720,3592434
74670,3487236
74668,3539704
73447,3434737
73019,3277604
73246,3360228
69247,3831648
69601,3779191
39967,3648902
69977,3726776
70969,3726691
70966,3674373
71497,3674367
71461,3622048
71851,3569700
71844,3622063
69959,3726729
72700,3569969
70954,3621911
67606,4251852
67605,4199278
67656,4251852
77690,3592163
79512,3644739
67740,4146716
67636,4094142
68860,3779182
69061,3779204
77688,3644608
74434,3487222
74436,3487380
69054,3726735
73395,3434892
69953,3674274
67798,4094154
67738,4041580
69926,3621797
27374,3664975
70878,3569434
68044,3988993
39398,3544023
39343,3567593
71449,3569592
72670,3674637
68548,3936533
79357,3592413
77684,3644755
67582,4146708
39465,3515170
39532,3491606
72890,3465084
72880,3412510
67581,4199282
68040,3936542
68539,3884082
68706,3726660
69048,3674242
71422,3517110
72280,3517296
72276,3464807
76942,3592345
77682,3592428
74622,3539891
76936,3540064
74603,3487598
73323,3382567
78634,3539914
143375,4066658
77678,3539942
68032,3936542
68538,3831611
143260,4014088
12762,3765011
68020,3989064
68334,3884080
68226,3936580
74604,3540172
68658,3779140
74594,3435101
68626,3831668
75322,3487596
76928,3540061
69780,3674301
70863,3621977
72271,3465027
72881,3465084
73070,3308072
73122,3308149
68019,4041638
48196,3428614
51441,3451755
68560,3884118
69336,3884242
70840,3569826
71357,3569783
71344,3517530
71829,3517469
71824,3465216
72266,3412798
76920,3592490
68014,3989080
73271,3330048
6085,3922636
67571,4146846
67572,4094272
67573,4146846
67766,4041702
76919,3645064
77672,3487417
39704,3467176
32576,3538115
39675,3491462
67761,4094268
67864,3989144
67855,3936709
46874,3481040
67762,4146842
68790,3831694
27282,3561440
68766,3884241
69002,3779258
67756,4146838
69004,3831832
69460,3726790
75758,3382503
75761,3435047
76864,3434948
76858,3487446
77697,3539941
79470,3644958
69462,3779364
69878,3622189
69880,3674763
70827,3569963
72658,3360481
67755,4199412
67856,3989283
67757,4199412
72434,3413015
76389,3539986
76854,3539960
75764,3487621
75765,3487554
72115,3517670
72117,3465353
70821,3517668
72954,3255870
74360,3592670
74359,3645244
74355,3540098
77723,3592444
78944,3592461
78950,3644964
76397,3592531
74352,3592635
72436,3465589
70822,3570242
74351,3645209
74347,3645062
76409,3645105
74343,3592960
74344,3645534
74337,3540510
74327,3488054
75238,3592949
75214,3540472
76366,3592732
137799,4032014
78958,3697538
77753,3540141
76370,3540180
40037,3543286
14896,3739612
40062,3519045
47320,3442137
74324,3435580
74790,3488025
74736,3435527
75316,3540412
75310,3487989
47519,3455337
76376,3487923
77805,3487890
148505,35
148367,38
148394,34
148627,38
74323,3488154
74313,3383042
47532,3416383
147176,3974333
47812,3388012
50123,3399368
148614,37
148515,32
148648,50
71848,3203662
73011,3225497
71978,3173202
74240,3278008
148516,45
74311,3330514
76380,3435451
148463,29
148597,45
44935,3439807
50135,3358264
77825,3435474
76386,3382998
148368,37
52353,3390311
52354,3337737
76392,3383014
148429,32
77835,3383032
76394,3330545
50124,3451942
148388,37
148485,45
77843,3435604
76404,3383117
148421,50
137719,4242078
137713,4189504
51445,3467315
51474,3430072
51447,3444130
51784,3404980
51933,3404987
137162,4323849
137161,4271275
34588,3589791
137495,4346967
137453,4399475
137490,4399449
137545,4294465
137544,4346952
137673,4241980
137399,4451968
137460,4451946
137670,4294494
137710,4242023
137747,4137001
137744,4189513
137763,4084515
137766,4137045
137369,4468299
137410,4486558
137329,4481260
137366,4501581
137299,4428765
137326,4481240
51449,3457508
51941,3375055
137601,4399552
137602,4346978
51945,3427602
137492,4415726
137610,4363251
137550,4381542
137665,4310767
137705,4294514
137455,4468223
137401,4468224
137357,4481178
137317,4428711
137295,4376235
51461,3470340
51955,3480149
137186,4218758
137233,4323757
137662,4258253
137704,4242000
137450,4415732
137618,4310742
137554,4363230
137396,4415733
137500,4363224
137360,4449053
137314,4428712
137293,4376240
52349,3390284
137215,4271249
51963,3436896
137111,4271400
137060,4218826
137558,4310760
137614,4258267
137484,4310753
137718,4294574
137680,4205775
137291,4323753
137447,4363265
137351,4396577
137389,4363257
137746,4242087
137309,4376233
137770,4189619
137445,4310776
137486,4258264
137562,4258294
137684,4153301
137114,4166256
137605,4205799
11243,3713426
137653,4100787
137599,4153281
137566,4205778
52335,3442828
51953,3489327
51463,3516674
137059,4271400
52212,3331120
51988,3266343
52344,3436209
51959,3483298
51469,3504061
137097,4113748
136546,4166297
137224,4061250
137699,4048294
52311,3383670
51695,3517049
51975,3436213
51698,3470584
51452,3451552
50145,3358752
51201,3331356
51688,3418148
51451,3436404
51848,3371382
41546,3571619
51453,3383867
51608,3412096
37439,3641821
40028,3602783
51926,3318830
41128,3532088
40039,3595860
41095,3556718
136894,4071620
136545,4218871
51662,3359549
51221,3290742
13919,3687941
136531,4198153
136506,4303293
136505,4250719
136584,4207052
136475,4303289
50149,3317804
136476,4355863
136478,4355863
136509,4212640
136610,4154554
147313,3951040
147314,3926289
136510,4160142
136704,4124164
11244,3766000
21823,3583968
139576,4431111
138932,4378541
140504,4483683
136622,4131638
46902,3410383
136557,4135639
46923,3369416
50157,3313836
136824,4184212
136792,4078811
136515,4132583
136773,4083097
144358,4536257
46739,1
46740,1
136516,4185157
12913,3734633
137250,4131095
45483,3492381
136677,4080041
42177,3480269
44821,3487579
148527,3899888
148528,3859966
15806,3713886
45727,3540153
44428,3446431
41805,3506509
132449,4067363
140571,4891717
140572,4839143
41436,3531869
148841,3912540
40152,3579087
41419,3554400
62574,3302837
57713,3250263
18668,3622823
38937,3654792
44423,3410267
46878,3421862
6709,3839771
6710,3787197
41450,3529374
41882,3529027
42794,3504062
138800,4325973
37429,3693969
38939,3707366
39840,3669024
137287,4183358
137288,4229408
42652,3556250
44140,3476201
25833,3606013
138394,4265330
44035,3446301
44723,3462767
36045,3900826
36046,3848252
43804,3527919
42651,3608824
42653,3608824
39723,3721189
41244,3644779
43878,3487341
43720,3475761
36482,3851294
36477,3798720
36770,3798854
36769,3746280
76842,3225776
43634,3516310
138408,4296928
138802,4353657
38995,3744502
39725,3773120
36476,3848015
36048,3900826
37424,3745961
38992,3796463
36050,3884072
36773,3797142
138454,4317904
42750,3503048
138502,4402072
138424,4349498
39729,3825077
45128,3468676
46762,3474270
37426,3798323
36779,3846009
38988,3848640
36051,3936646
45126,3521089
36054,3869197
44729,3515211
138527,4402072
39965,3930215
39962,3877641
70940,3162273
71068,3131745
37446,3849270
37872,3850870
37875,3903444
38020,3903193
39960,3929444
38023,3955767
38190,3953941
38191,3952161
38376,4004455
39622,3877626
39733,3876880
39438,3929789
39604,3929418
39206,3952484
39432,3980555
38379,4056825
38726,3953067
39100,3900772
39198,3928057
39084,3952474
38822,3900547
38986,3900564
38824,3951174
38727,4005542
41703,3581044
45844,3526730
46728,3526650
41108,3697341
41682,3619651
40103,4034588
40102,3982014
38731,4055099
38385,4056532
41729,3632808
41907,3606585
45845,3573460
44731,3567608
46684,3578724
32654,3807037
31595,3755042
35711,3858857
41305,3671321
38609,4103719
38737,4002552
38613,4051193
38391,4004052
40789,3802483
40790,3749909
41515,3645564
42555,3554625
40592,3802477
36783,3896355
37074,3898295
36056,3890799
37084,3948419
37450,3899699
46526,3625682
46492,3620792
40591,3855051
46478,3678234
40760,3749909
44733,3619972
45853,3625868
44735,3672008
40849,3802483
45861,3677938
36785,3948929
46468,3730370
36787,3931737
44098,3555219
44737,3723650
138881,4406231
139032,4380177
45869,3729557
46422,3772387
40206,4034588
38527,4054391
38623,4049863
39737,3889741
38377,4052122
39184,3902031
38833,3925668
37452,3947954
51153,3366410
50158,3366410
50141,3272180
39743,3863559
40046,3942315
40946,3723435
44739,3759370
45873,3760411
46364,3719851
42400,3606740
44166,3606392
36643,4048323
36607,3995749
35719,3963456
35717,3910882
41303,3697146
41840,3698138
37454,3983673
38159,3999818
36552,3943328
36613,3959067
38622,3998304
38150,4034924
39955,3878838
39954,3826264
46320,3667299
44741,3743704
45883,3707873
36060,3943373
36554,3995902
36621,4011641
36793,3953339
42340,3659086
42925,3658133
40260,3775617
39742,3913041
38826,3974508
37934,4098194
37466,4045620
40261,3828191
42211,3711175
42295,3710500
46460,3616193
46240,3663363
45891,3704578
37085,4000993
42184,3814922
42183,3762348
37458,4005387
44811,3772879
41151,3749254
41775,3748423
40901,3775004
44283,3607791
44384,3660365
18262,3631017
26017,3653386
40609,3825745
36359,3976698
36065,3924124
42123,3800346
38149,4087498
38534,4020196
38496,4041269
39430,3952129
38882,3975106
39434,3976627
38889,3998664
39749,3938025
40306,3927110
42270,3761146
42460,3763074
29929,3702971
37462,4026032
36797,3974029
40853,3800070
29907,3686817
44218,3606806
41537,3798917
42638,3811871
35743,3905124
44446,3658188
35753,3940982
43897,3657682
40307,3979684
40606,3875744
46153,3569122
39536,4029201
39456,3962075
38891,4051238
38895,4021404
45640,3751196
45896,3705100
45156,3791292
45646,3791247
44924,3821236
45094,3821644
44909,3809338
44773,3763001
36796,3993660
37798,4078606
44110,3709210
44748,3710493
44852,3756832
40330,3913253
45372,3781138
36513,3942095
41126,3851025
42770,3864445
42844,3759525
49133,3377094
49011,3324520
25790,3755400
24385,3702826
42873,3708947
44541,3755658
36792,4011738
37470,4063596
45174,3728618
41278,3849836
41697,3849912
43824,3708397
38495,4093843
45668,3745517
42620,3809585
45504,3693170
36687,3924887
36749,3993891
38893,4006606
42096,3861346
37474,4045632
45674,3652833
41021,3903572
40847,3953958
43638,3758773
39453,3985081
38518,4026095
41725,3911753
35755,3993556
44053,3760033
39862,4000134
38766,4026722
38524,4045277
45730,3611403
46649,3520687
44359,3806477
44362,3778875
41093,3887923
44655,3727894
44957,3692565
44954,3744963
45635,3652411
40765,3979179
41020,4006532
43945,3810260
45526,3704823
45822,3663812
40229,3964624
46651,3573079
46837,3468953
45666,3716293
46140,3716150
38424,4063257
46766,3521295
47427,3416905
40930,4031753
38437,4115680
41514,3991786
41321,3939212
42347,3859336
43588,3809828
47386,3469357
48639,3364627
46157,3673721
43860,3808860
44194,3856974
39997,4052708
46018,3705602
46413,3625014
39664,4007333
40560,3913516
48652,3352283
44196,3909548
44296,3829459
44318,3881903
46637,3573439
147205,3807988
45616,3747086
46291,3661238
45650,3757166
43258,3858208
41323,3991786
43080,3859600
44654,3796546
44968,3787671
50115,3300052
44642,3847274
40216,3976853
47387,3521931
48246,3521931
44974,3839858
45575,3798957
41520,3937715
42179,3961842
44324,3929312
40225,3951784
44639,3890397
46073,3712997
46670,3612889
44326,3981886
46777,3561240
40177,3963540
44955,3844993
41396,4017193
41310,3964619
47325,3508969
37878,4186319
37869,4133745
42862,3908694
42257,3909830
46571,3717437
46572,3664863
40483,3939191
46056,3817509
46055,3764935
42181,3957804
42789,3906319
24386,3755400
38592,4133253
46484,3715612
39857,3986572
45994,3819970
45993,3767396
40318,3991513
40841,3990707
41600,3986689
46496,3664587
46788,3717437
39827,4023267
40730,4042706
41103,4040917
40731,4090859
41539,4014768
39405,4059783
47213,3613573
47214,3560999
42403,3990876
45919,3715315
46432,3715090
45920,3767889
41293,4067340
38741,4080584
39104,4111952
47050,3612599
47391,3456605
42473,3938951
42470,3961255
42405,4013221
47403,3508298
48425,3404508
45814,3816044
45813,3763470
46369,3662874
39886,4075381
39446,4127856
39796,4126605
38698,4099092
45763,3759926
46068,3816044
45764,3812500
46990,3612799
46989,3560225
16948,3646378
46248,3711001
46904,3611243
25036,3802648
25025,3750074
45426,3901713
45425,3849139
45717,3802218
45778,3842764
42306,4034993
40198,4043250
40418,4043248
38959,4132788
46224,3755165
38299,4116572
42376,3982997
43628,3977699
40292,4094225
46820,3659435
46118,3796571
47417,3559410
20248,3650273
37870,4186319
37941,4081175
39952,4092590
38065,4132706
38314,4168772
38953,4182608
139401,4734013
139269,4681439
39448,4179131
47421,3607653
40722,4140738
40955,4137622
40544,4142083
40720,4186752
40534,4188276
40072,4145011
45710,3836203
38069,4184956
48435,3456508
38855,4215407
39011,4232097
38679,4236028
38864,4232894
38451,4218274
38682,4288602
38462,4249379
40430,4197585
38316,4203007
37829,4029226
37685,3977218
37849,4081499
40956,4183121
38324,4184927
37712,4029751
42285,4071801
38073,4133133
42368,4004181
42544,4035561
39542,4174067
39934,4139450
39712,4164244
39926,4173071
42546,4088135
42640,4088101
42642,4140675
42894,4109155
43642,4015265
44024,3953533
41848,4124373
42282,4056289
44018,3954874
44186,3924890
47400,3652311
26637,3782282
38936,4215219
45392,3874807
42694,4056591
42978,4161729
41294,4119914
47185,3803865
47182,3751291
41847,4176947
41186,4235695
40960,4216059
39642,4187834
39921,4205953
37359,4082104
37732,4082325
39538,4196194
6711,3839767
8216,3839771
46618,3797747
47172,3699315
7510,3892339
45353,3824484
42949,4056622
42950,4004048
46358,3849121
37360,4134678
37364,4134340
55532,3287696
59663,3228601
46673,3746074
36442,3873018
39639,4233582
43109,4001752
43630,3980873
43942,4067839
39022,4228633
43072,3951761
26477,3834856
40971,4236917
41061,4268633
39893,4228378
39609,4255642
46674,3787492
47168,3740823
38081,4185707
37851,4134073
38330,4231142
47390,3693976
36028,3838533
36038,3821033
16456,3750831
43629,4033447
43654,3930859
7509,3944913
36702,4080304
36701,4027730
40655,4312747
40645,4260173
36691,3975168
36745,4027709
47164,3734942
32580,3803820
48408,3507790
32481,3769068
36072,3870460
139339,4891717
139340,4839143
44912,3905980
44914,3855128
43664,3880203
43082,3900887
42730,4022967
42958,3952372
42715,3971461
42392,3989577
42281,4041684
36606,3975414
36601,3922840
37366,4186914
37370,4131525
36869,4132352
36867,4079778
46955,3774727
139423,4786571
139321,4786571
15075,3682984
38724,4246685
39090,4280332
139311,4734001
46956,3827301
46958,3722349
66425,3281046
70936,3200565
41796,4157971
41764,4105397
40969,4247949
40642,4281999
43122,3921122
39096,4298463
39274,4294354
39904,4251113
39594,4277128
43670,3901673
42936,3972979
42720,3991701
42380,4000632
42283,4052736
49567,3548556
47225,3495982
46821,3773936
139252,4628881
46824,3826510
46962,3670624
40950,4270190
41348,4197483
43478,3921580
43457,3869886
43126,3973696
43146,3905102
42938,4025553
42940,3957083
42726,3975555
42410,3949733
42299,4053443
16947,3698858
48407,3560364
48387,3556122
48928,3560364
36850,3907515
38560,4263880
40626,4291225
39114,4315714
39908,4273706
39590,4298152
36897,4027415
36604,3975179
37401,4079346
139243,4576415
139210,4523879
139253,4681356
139324,4681369
139174,4471363
139214,4576371
42315,4001896
139038,4418968
139169,4523805
43743,3818099
139326,4733943
139352,4705005
138972,4405189
43086,3888534
139048,4442650
38476,4270872
39912,4291223
39110,4322712
39586,4314975
42450,3898083
42369,4002277
28239,3729883
48384,3600485
46915,3618712
47253,3723033
47256,3775607
47673,3683225
47684,3642162
38356,4219275
38712,4323419
41466,4157152
39580,4367523
39086,4375260
138934,4637011
138933,4584437
138970,4426392
41470,4157905
50093,3351941
52161,3324535
40632,4275005
47694,3694639
48222,3647852
41162,4219443
42094,4158922
42050,4106348
42080,4054320
138958,4374418
41472,4106207
37896,4167847
139249,4628820
139330,4704999
46789,3648865
46407,3674610
46689,3619148
46855,3578789
41114,4240551
41174,4198667
139170,4576379
139121,4562350
41038,4223726
41032,4256877
41180,4235849
41330,4158321
41352,4199280
41478,4158746
39068,4375618
39574,4402161
39804,4417211
39784,4405980
39976,4419382
39970,4381283
40098,4381340
40076,4329434
40212,4329218
40172,4277302
40304,4328616
40310,4276795
40414,4327560
40411,4327563
40432,4172394
43156,3836933
42373,3950392
137200,4322423
138960,4426948
138955,4479456
42484,3846516
139347,4688966
42435,3898839
139296,4688670
138953,4531943
138966,4584349
139264,4652437
48004,3695051
48001,3642607
47774,3642707
40984,4276386
47782,3590200
47695,3747213
37391,4128173
36900,4076358
41188,4220806
139293,4636681
41488,4211174
42106,4211320
139122,4614924
43741,3782708
139276,4636381
43172,3889507
136732,4374993
137914,4270337
139005,4689073
138996,4636499
42800,3794810
42505,3935980
55360,3392838
55359,3445412
55508,3340266
52925,3276527
61328,3340270
41496,4196166
41630,4196569
139260,4741198
139259,4688624
41628,4196775
41780,4145071
41814,4093237
41923,4093060
139102,4583634
139185,4599886
139286,4584394
139225,4636108
40880,4224879
41028,4241926
139350,4741540
140187,4741540
138998,4636170
139018,4688728
139283,4532329
47287,3537696
43680,3835274
44593,3730870
44601,3750289
45613,3695077
45623,3714549
40298,4224937
46575,3649242
46581,3701816
139057,4636192
139106,4531692
70631,3108541
88104,3172273
55292,4
55291,6
61280,4
139272,4479815
139328,4584903
139044,4688754
61279,6
70532,3241087
139219,4583884
30591,3705911
40162,4120916
40566,4224865
40296,4173391
40716,4173202
40392,4121594
40796,4277405
40915,4277316
41034,4258186
41196,4236728
139167,4636782
139164,4584208
41335,4196135
32480,3751673
41508,4144729
139013,4741290
41664,4145222
36679,4024247
36910,4116533
139008,4793856
36678,4012232
41647,4092947
139108,4479701
41834,4040895
139151,4532200
41962,4040798
43679,3887848
43688,3855039
40026,4175609
39947,4123035
139234,4531900
139007,4846430
136731,4427567
30655,3723585
32378,3814281
139036,4793874
139040,4741320
37794,4131349
139236,4584474
136734,4427567
44128,3802855
44609,3733418
44129,3855429
139240,4427724
139116,4427617
139189,4480101
39272,4175603
39271,4123033
39847,4070465
37704,4079470
36912,4064475
139088,4846448
40776,4225947
40934,4243183
41048,4222326
139222,4427935
41208,4196837
138911,4323190
138910,4270616
41370,4144716
40666,4174224
40808,4226372
41522,4093117
41831,3988953
42068,3988442
42577,3884242
42065,3936685
36918,3959901
139125,4375478
36914,4012252
37544,4027377
39253,4070467
39561,4017899
139096,4323016
40036,4069200
43326,3952510
43325,3899936
37420,3975321
40514,4122007
137915,4322911
43754,3952510
40408,4069846
43114,3847366
37006,3975225
137972,4218190
40580,4174601
139158,4375462
139280,4480270
137690,4166151
37304,3922986
42649,3831889
139266,4532814
139308,4532828
41585,4041098
41574,4093421
43087,4005072
43088,3952498
41380,4145248
37152,3870591
41235,4197392
39890,4017362
41072,4259259
43089,4005072
43106,3899930
43224,4005072
40869,4226325
40876,4174572
139290,4585372
139376,4585402
40510,4122348
139146,4428009
43107,3952504
22935,3746647
139053,4585719
139054,4533145
43060,3743023
40898,4226924
139076,4533143
139082,4480577
42771,3816692
40473,4174861
139144,4480575
139198,4480556
146675,3994572
146641,3941998
36092,3818381
39799,3965339
139196,4533122
139230,4533055
139224,4585621
139268,4585388
139292,4637946
139318,4637938
139320,4690512
139342,4690508
139344,4743082
139368,4743082
40904,4278603
40474,4226934
39254,4123041
39558,3913166
46920,3451595
47094,3500646
41241,4249966
40928,4331177
41088,4311833
42774,3869266
67402,3282461
42947,3764493
137689,4218725
51233,3376856
52789,3339184
137656,4114076
137655,4061993
46919,3504169
46863,3403208
145263,4047134
145264,4099708
146023,4047134
146392,3994565
40300,3965740
130877,4074424
128997,4021850
132390,4103177
132389,4050603
132450,4119937
128998,4074424
50095,3404515
39176,3860905
122317,3900517
122318,3847943
46864,3455782
46735,3442456
128625,3969280
132200,4032377
42981,3748998
146376,4047135
146435,3994566
46095,3767123
43218,3706047
127286,3979467
127109,3926893
88106,3224847
88674,3211424
88678,3263998
90356,3250186
90380,3302760
90894,3288622
90904,3341196
91504,3326723
52437,3429430
91518,3379291
93446,3363530
83353,3930377
83026,3877803
122294,3795991
125049,3888466
83025,3930377
81401,3930350
81012,3877776
77877,4035368
76890,3982794
76743,4087939
76615,4035365
125100,3941040
46736,3495030
46738,3495030
50405,3429116
49958,3479824
52537,3481690
48656,3528258
48668,3528259
93466,3416097
95090,3398688
48164,3549902
47765,3602397
48160,3570988
46893,3650999
47564,3623483
42623,3913611
39380,3861037
131610,4114043
131609,4061469
127112,3979467
126971,3979319
128559,3949271
82212,3825233
131577,4008897
99845,3439595
99850,3435614
79573,3930287
79496,3930259
79394,3930259
146855,3889438
49530,3360447
52811,3327278
70530,3224182
52926,3305745
134210,4084951
132199,4012358
129976,3978287
69211,3195417
126547,4016772
127752,4031885
69123,3079567
38772,3768015
43063,3728278
131533,3985534
94137,3468671
79393,3877695
93468,3424522
44197,3968542
44198,3915968
128367,4001698
43747,3916132
43748,3863558
45910,4020999
45909,3968431
46304,4021000
46314,3968433
76616,3982793
132235,3990480
52928,3329101
55509,3295824
55540,3262245
105804,3472706
45929,3915868
93476,3477096
127419,4084455
127936,4084459
41972,3954342
41260,4006912
41988,3954344
42424,3901776
129925,4013069
46891,3683898
47108,3675965
44214,3863405
77388,4087805
77387,4035231
39133,3808587
43752,3810995
40024,3913611
146847,3836882
147120,3942012
132247,4023144
46328,4020999
45941,3968291
77000,3982726
78985,3982694
127420,4137029
127422,4137029
81725,3772673
134966,4470065
134856,4417491
68313,1
68314,1
120908,3692048
120412,3671940
120960,3710875
122250,3744067
4806,16
4730,10
79233,3930190
81041,3825190
79234,3982764
4729,16
44222,3810905
43756,3758488
130916,4019149
132895,4048993
129911,4065511
127769,4054104
128723,4037976
79160,3982750
79159,3930176
128709,4081645
129523,4057355
133878,4259803
133832,4207229
46245,4073422
46109,4020857
46261,4125853
129535,4108182
46136,4073288
38232,3794697
76786,3930225
45737,4020700
45951,4020722
129107,4100603
64144,23
64143,16
45531,4073187
45771,4033428
46892,3704204
45253,4020799
45567,4085892
44763,3968341
45263,4073344
44585,3915829
44765,4020886
44405,3863346
44631,3968264
4692,16
4691,10
44452,3915785
44242,3863479
122270,3796641
119962,3650016
120454,3724514
122798,3848454
79176,3877648
43760,3811062
43808,3678671
43429,3744106
46845,3679106
47140,3720549
80741,3772684
4824,16
122812,3901028
123526,3900873
45279,4125860
80147,3825146
44771,4073398
134106,4364927
134024,4312353
81201,3720144
47446,3668066
4693,16
4789,16
119046,3626352
120000,3702590
125631,4014222
19349,3702263
19892,3668278
45148,4178358
45289,4178277
44904,4125906
45152,4191084
44906,4178314
44779,4125831
45969,4033447
123550,3953447
123730,3953000
76559,3877711
78390,3930197
125595,3991068
125488,4014780
80742,3825258
48658,3549902
127301,4036024
77540,4035276
124350,3991676
133714,4259817
133559,4207243
146667,3836888
146969,3784332
127811,4090356
127393,4088003
45297,4150856
45042,4150896
45048,4098338
133962,4312363
133954,4259789
44785,4125758
47217,3679131
135100,4470065
77542,4087850
78336,3982739
80150,3877720
80433,3772621
124352,4044250
45309,4098310
48155,3582671
45058,4045792
46285,4057077
46165,4004509
46306,4017978
46195,3965356
118710,3600601
119074,3678926
45985,4004372
44791,4073212
79182,3930264
78696,3877690
81025,3667602
79548,3772620
80847,3720129
105201,3525276
115624,3509176
130903,4049968
130406,4102409
131240,4049383
146473,3861651
134196,4364921
133560,4259817
46548,3626589
45315,4045766
45074,3993248
129750,4126349
78338,4035313
44797,4020668
118410,3572628
118724,3653175
80850,3772703
44285,3981099
44286,3928525
42791,3849214
42589,3901788
43069,3796656
42030,4006918
149219,234
149102,227
149222,217
149301,220
20060,3700231
80042,3615094
76547,3825188
76956,3930285
46001,3951872
149284,195
149375,265
133635,4154673
129083,4149803
46257,3971804
78770,3825162
47412,3626636
45086,3940747
127983,4107917
78772,3877736
44294,3888342
116350,3543201
118428,3625202
48664,3571004
50010,3602476
126716,4036548
46013,3912783
77885,3877797
77886,3825223
130313,4101868
133637,4102125
133416,4049579
127879,4055926
45090,3951899
132959,3997035
43499,3716733
148898,226
149214,214
44300,3835938
43073,3769283
149269,170
149368,199
149199,192
77342,3772653
78412,3877797
76548,3877762
45789,3866725
46027,3919206
45591,3919209
45866,3814309
45355,3958679
45654,3866797
45376,4011224
131829,4101445
44827,3906232
45112,4004443
44657,3853810
44834,3958778
130314,4154442
131001,4049871
131840,4154019
44463,3801333
44696,3801380
44529,3748899
44302,3888512
44314,3783540
146433,3833394
146616,3914225
46230,3919353
46033,3866812
146815,3731787
133035,3945046
46209,3668737
46233,3574175
45396,4063770
43949,3681776
131225,3997420
149189,151
45120,4056988
121810,3786104
121799,3733530
44848,4011316
43111,3821855
44316,3836114
44320,3731086
126649,4073050
127532,4056439
79704,3720111
149372,225
46213,3866932
46043,3814386
115636,3561750
45404,4063807
149197,213
127582,4068995
45134,4063800
149017,191
128832,4195334
128633,4142760
79052,3720118
79806,3667600
44860,3958901
129792,4231674
129501,4179100
44356,3696459
116352,3595775
44100,3644044
105202,3577850
105774,3577850
130847,4102361
45218,4063855
45422,4011378
46216,3919506
149400,220
149502,270
45225,4011428
44978,4011394
46079,3761898
44998,3958956
44874,3906439
128730,4075362
124317,3825236
124291,3772662
135980,4050745
135979,3998171
93176,3562634
149345,198
149440,232
129882,4234153
129641,4181579
131384,3945363
45438,3958864
130040,4207558
129933,4154984
130848,4154935
19338,3720268
43328,3874429
44900,3853890
130753,4050278
132456,3892970
132884,3893029
147219,4010982
147220,3958408
15077,3735558
45440,4011438
45450,3906310
126643,4124863
146434,3780849
149516,277
133728,3945599
128667,4127872
129020,4077712
130273,4102711
131333,3997835
46091,3709481
128925,4130225
129474,4050894
130153,4050615
126644,4177437
126656,4143709
131125,3998045
128222,4248780
127888,4196206
149275,164
44366,3703110
44262,3604664
129476,4103468
130086,3998470
46097,3662983
147179,3755964
147204,3800709
148896,232
148975,207
146476,3728282
147107,3733992
137002,4009899
43540,3734328
44347,3679185
43347,3839460
43348,3786886
43342,3830284
43562,3777734
147222,3905836
31645,3817310
41259,4059486
41441,4059486
132742,3840899
44378,3657116
136994,3957791
38773,3808103
148961,208
131512,3946339
131370,3893765
149095,167
130512,4050491
46111,3616315
132088,3788787
149079,190
130426,3946084
149205,171
147226,3853269
147248,3905836
45486,3563851
131097,3945991
130428,3998658
131000,3893662
127890,4198822
126681,4146756
45500,3521704
145957,3722813
149339,188
136806,3958225
136693,3906043
136694,3958428
136992,4010348
148895,265
148953,241
147169,3733010
147181,3748685
149065,223
137121,3905663
147156,3725003
131586,3841247
149334,217
149460,222
48192,3530263
49115,3623578
43515,3830294
43903,3731736
43512,3784292
128297,4178273
129115,4182799
42849,3935428
42850,3882854
64036,15
64701,14
137004,4010579
148970,280
128300,4198828
127904,4146764
148899,304
149053,262
137006,4063153
45051,3638641
149465,267
149436,296
149435,251
148959,286
128308,4146794
149320,195
149430,248
127914,4094530
126679,4094520
19896,3687208
149507,296
130616,3784932
133316,3790702
136987,3958221
42851,3935428
43344,3882858
43514,3836866
44239,3784310
145927,3716006
140280,3707950
147252,3958410
147270,3958410
126669,4042125
147230,3905843
128314,4094563
127918,4042134
149512,259
136778,3906203
149446,275
149445,230
19333,3739199
20885,3707363
136988,4010795
65611,15
133611,3843276
128326,4042170
127924,3989716
126663,3989713
136729,3853780
136920,3853478
136943,3906035
126664,4042287
126657,3937251
149549,304
133318,3817008
134298,3789901
126641,3884782
127930,3989775
128334,4042247
136735,3801221
125919,3832296
126756,3937314
127934,3989796
126711,3884832
128340,3989821
127942,3937335
15371,3757762
19335,3791773
147201,3733173
134962,3937818
134961,3885244
125911,3779794
127948,3989909
128344,4042395
43296,3741932
43295,3794506
43309,3730501
44752,3690807
45014,3695841
45301,3596376
134215,3842456
134678,3786748
136724,3748937
134890,3832672
147101,3731461
134828,3780102
134626,3839282
146112,3781813
43829,3906113
43830,3853539
43831,3906113
44014,3800969
65550,18
68257,22
44015,3853543
44190,3748403
135242,3771689
44191,3800977
134146,3867419
122853,3754092
124294,3825236
122856,3806666
118145,3757809
118146,3810383
118141,3803747
147211,3714439
134570,3862464
45433,3550872
46748,3477774
45272,3647586
129053,3836615
44994,3677969
43484,3582681
48601,3574834
135219,3802343
135422,3761361
59510,3229263
59453,3272479
135424,3813935
134117,3814859
134592,3809904
99309,3486642
43315,3783075
134580,3839241
133303,3842406
135232,3832606
31261,3917439
31262,3970013
31263,3962613
31448,3868228
147216,3699760
43435,3696198
133295,3894956
135250,3885180
133296,3947530
133281,3947506
134563,3891791
108347,3848983
118198,3856321
134545,3944341
134878,3944365
38688,3773015
134541,3996903
133282,4000080
133286,4000068
148542,3678837
133288,4052642
133294,4025055
134984,4049477
133306,4077625
129054,3889189
129010,3887451
64035,18
130556,3940025
128448,3936397
133308,4130199
133310,4130199
38674,3732726
15372,3780099
15171,3800033
15172,3819002
137732,3733675
47098,3429704
48232,3496433
48238,3445937
48800,3549007
14827,3836649
14828,3853441
36600,3783051
38671,3763447
41592,3713553
14487,3833882
36717,3775899
41003,3730411
41579,3745809
49443,3463779
49444,3411205
14439,3781455
14087,3799886
20644,3762139
138697,3751568
138866,3716414
11178,3940038
11177,3887464
48158,3380923
139756,3697311
10914,4045152
10223,3992578
11027,3992584
10671,3940010
13811,3834910
11886,3817205
11925,3817193
10823,3847675
128052,3984121
133798,3988971
151350,4090530
35708,4037956
151351,4043752
35725,3991178
9100,3952775
65473,19
94725,3703176
94697,3650602
10224,4045152
10225,4045152
92539,3518196
93181,3606713
74775,3465873
92550,3570770
130623,4496313
130624,4443739
42968,3644129
43020,3601144
126686,4189192
126685,4136618
97119,3852003
97116,3799429
95763,3799433
95764,3746859
35707,3985384
127841,4031482
129032,4036695
35726,3938606
132485,4548849
132486,4496275
41672,3674202
130626,4391171
132490,4443707
41653,3705438
41685,3712712
126688,4189192
126693,4084048
94994,3694293
94843,3737634
97118,3852003
116286,3901557
92401,3659273
92406,3654970
108325,3893890
41760,3669375
44557,3757980
34422,4237404
33574,4184830
92388,3703163
130632,4338607
132494,4391143
73817,1
73818,1
92387,3698744
130640,4286048
132498,4338584
133676,4338585
96132,3925011
94958,3872437
92379,3742275
73708,1
73707,1
130644,4233493
132506,4286029
94844,3790208
94929,3777194
94968,3816363
95580,3829768
92377,3790190
93028,3783762
93006,3829749
93432,3823112
48718,3403755
126696,4136622
127824,4078549
132510,4327941
130026,4180961
129352,4130168
130032,4220210
127438,4124174
129390,4178392
95020,3849606
46383,3563520
92373,3842756
130940,4419389
130928,4366815
131396,4425408
131392,4372834
9099,4005349
96603,3892817
96514,3840243
34191,4184833
34174,4132259
92374,3895330
92376,3895326
9102,4005349
9868,3900221
94842,3888812
97188,3840894
97162,3788320
76568,3564813
76102,3512239
33656,4184821
34140,4184820
34664,4079709
9722,4005363
9721,3952789
94734,3934440
93273,3947900
92480,3947900
74531,3419389
132512,4380515
132522,4359458
11647,3825437
97339,3736244
132524,4369107
132750,4412032
95825,3893303
95823,3840729
131382,4376299
130926,4314265
76123,3554659
83648,3554567
132530,4374946
133162,4398573
94733,3882360
95814,3885978
96579,3788666
96648,3736437
34139,4237394
95789,3833846
97372,3684017
34120,4132265
34466,4237394
34134,4027154
33573,4132268
138930,3714633
92555,4397266
92433,4344692
127370,4169560
128436,4175878
135948,4210262
133988,4157688
131174,4323775
130986,4320295
131156,4298288
130988,4296088
98993,3533298
130744,4261720
130564,4251933
130750,4267757
129528,4217628
130028,4257564
135536,4451147
130560,4259367
129178,4215142
129532,4244243
43870,3746110
46332,3746118
129313,4202615
33968,4132286
33939,4079712
94791,3878925
95794,3781698
42884,3798680
42883,3851254
42885,3851254
43810,3702328
10294,3952795
98612,3579497
99855,3585868
76125,3607233
76127,3561547
82422,3592458
9724,4005363
10257,4005363
95754,3826859
97376,3631773
97404,3684347
127337,4197102
98035,3624968
129324,4221415
92434,4397266
92436,4292122
133659,4238604
133647,4186030
134001,4250891
133991,4198317
124193,4243940
123437,4289579
124204,4265623
76128,3614121
120815,4387482
120511,4432080
120818,4436092
120975,4342110
123432,4334513
120971,4387470
127292,4215952
94178,3927655
35669,3886036
35624,3932814
92438,4344696
95709,3774724
92440,4239556
92395,4186994
92818,4292130
76104,3515441
81085,3554617
140622,3759584
35588,3880246
35632,3833468
133166,4350862
131170,4268495
130342,4279123
130572,4265539
130758,4269183
130344,4331697
130052,4310138
127238,4241043
128494,4223746
97395,3670076
98861,3677542
128508,4224158
36670,3813818
38928,3733899
124187,4317913
92883,4134456
92392,4081882
48394,3570189
48505,3396834
92396,4239568
92381,4134436
99856,3638442
100733,3638442
95710,3827298
95712,3722430
145166,3832039
93963,3875356
94708,3980229
93964,3927930
120501,4476355
120822,4480536
120966,4432064
124730,4290638
124244,4342851
124714,4314437
127136,4242245
92382,4187010
124238,4366623
123923,4364790
123924,4417364
123894,4410237
34091,4079708
34171,4132276
95714,3775004
96220,3718837
98300,3715222
129434,4280034
129410,4227460
98342,3760001
98988,3767796
92418,4029332
94361,3823010
129721,4329681
129722,4277107
140780,3811619
140870,3811038
132811,4316053
132111,4263479
131178,4263338
34147,4079715
132107,4254191
120489,4519953
34089,4027152
120963,4476329
92420,4081906
92444,3976786
98344,3812575
132813,4306765
94170,3867945
95340,3770999
131180,4253923
123964,4415615
124248,4415279
124744,4288386
124733,4332998
123989,4433306
123644,4386968
132103,4242023
127026,4246818
123207,4431354
123208,4378780
123685,4421529
123213,4422724
94228,3815937
96430,3804566
123442,4378745
41063,3687168
120483,4562998
41677,3669363
41745,3622968
120984,4519767
92446,4029360
92393,3924244
93991,3968878
93992,3916304
93332,3893345
34125,3974602
124259,4437550
34100,3922064
132789,4294597
125962,4392953
125961,4340379
95971,3763777
132099,4227835
126342,4346667
126341,4294093
124492,4438046
124491,4385472
131188,4241397
109018,3945525
109040,3994032
109912,3994032
107559,3938454
38923,3689231
41285,3641110
107389,3983583
106867,4027696
107392,4036157
107574,3990008
41613,3623047
125392,4391937
125391,4339363
41675,3575817
92394,3976818
92414,3871706
132095,4210804
132779,4280409
94700,3860612
95113,3808454
96120,3816347
131183,4227094
120477,4577873
109940,4038912
120992,4562754
96164,3868921
96718,3868921
35581,3910445
35625,3863471
45239,3803142
45240,3750568
141090,3861820
46333,3702336
126983,4247138
129407,4224618
120478,4578345
107806,4035314
131181,4243598
132773,4263378
120998,4577590
31096,3954003
34101,3952774
132093,4191846
35542,3915878
37737,3830586
35488,3962899
41230,3593512
48204,3518476
31128,3994438
47800,3420582
55614,3386071
91160,3767390
90834,3728475
91157,3819109
91354,3804763
91356,3857248
91822,3841098
90366,3689041
90856,3781049
89808,3647142
90367,3741551
89654,3630126
88136,3602982
89810,3699666
91836,3892715
92426,3922451
93230,3944090
94458,3908936
77324,3512494
88144,3606912
126705,4296600
128449,4243577
125390,4367233
124769,4354596
109948,4083056
37894,3785671
122645,4466497
123219,4442039
121891,4514490
122652,4509801
128759,4217701
128778,4206551
128482,4233563
121421,4548430
121887,4548403
120486,4551332
121409,4552261
129945,4272807
129948,4325381
130669,4263941
134883,4250891
133183,4212587
133641,4157618
132981,4237502
133196,4185655
130651,4250355
130871,4254959
130855,4239411
132667,4260074
132988,4211908
109763,4079349
131255,4225363
46256,3655164
131245,4172932
131481,4206781
131467,4154350
132013,4169734
132301,4207528
132659,4236576
132055,4131540
132318,4184030
43809,3754898
140776,3864190
141010,3862805
140775,3915377
69050,3161622
37970,3740335
38916,3641971
107769,4176746
107259,4124172
109990,4126950
109333,4123173
107020,4080270
37782,3865395
45231,3527368
90728,3780064
91567,3909822
89812,3752240
94480,3951442
94311,4003949
95898,3899175
121885,4524997
121399,4551244
46351,3602636
47550,3516318
120492,4547924
92058,3935986
93135,3989123
93748,3996664
124579,4556300
124483,4503726
106868,4071602
124249,4451156
124486,4556300
123699,4447910
124257,4398704
121881,4525633
92046,3897970
91837,3945289
77076,3466362
77368,3515533
123694,4470351
76578,3419795
77084,3469278
122642,4524779
76234,3469198
76592,3372987
123199,4485873
76248,3521466
75578,3468933
141322,3912120
96293,3846740
74329,3372783
47431,3555339
108900,4325750
108660,4273176
45305,3860044
45306,3807470
78329,3725512
78330,3725512
78438,3672941
79116,3672941
108659,4325750
125781,4343178
126612,4287624
125790,4334004
125386,4358818
90726,3821570
74032,3279266
72216,3231905
76591,3326246
110531,4179524
109985,4170645
94328,4024113
73989,3231672
72215,3184029
75110,3278908
93136,4003324
121873,4523359
107912,4176746
108792,4220606
120494,4498574
120275,4499346
120514,4446629
130652,4197873
141011,3914386
141174,3913323
130864,4186938
131025,4291985
120107,4551906
120278,4448099
119975,4604470
120118,4500659
119769,4657038
119978,4553223
119770,4709612
119788,4605791
79214,3620371
125373,4359331
125804,4354092
126420,4280208
123463,4495277
123695,4443365
142560,4226459
142556,4173885
111009,4294042
110545,4241468
50703,3866311
50696,3813737
76322,3574040
95847,3919211
75109,3325882
50891,3813741
50876,3761167
96692,3855206
94332,4003413
94778,4076687
37834,3832644
20888,3726904
109178,4168038
122232,4525427
122644,4577353
122893,4529245
122898,4539482
123222,4492054
122238,4550795
102231,4376894
100835,4324320
121871,4497623
100836,4271748
47786,3468878
106921,4115876
107686,4119875
37819,3741560
109096,4164110
37736,3787507
37136,3790800
93150,3971080
94344,3961141
90676,3822374
91292,3858173
102235,4324322
91298,3854489
107828,4172449
100842,4219180
142440,4121338
142561,4226430
59455,3325053
59949,3238280
59978,3194463
133827,4105128
89820,3781015
90557,3818833
37651,3692797
141826,3961752
109833,4207175
91306,3810808
102207,4271754
100848,4166616
126383,4325698
93141,3971182
93751,3918690
95183,3971762
95867,3889199
93140,3866266
132043,4106627
94727,3988462
94730,4041036
133634,4052582
95204,4024336
103719,4263180
103720,4210606
109138,4207418
104121,4275326
104122,4222752
103903,4292599
103904,4240025
121995,4547176
122325,4550455
122333,4557866
122705,4538701
120497,4395567
122726,4534303
36571,4075182
36154,4022608
123265,4491093
123268,4487608
123677,4440426
126338,4370390
125425,4357048
124267,4395862
125423,4401549
93138,3971275
93137,3918778
142648,4279004
142563,4243747
37293,3744265
20675,3744950
106922,4168450
106909,4159419
102227,4219190
71590,3136014
41206,3546040
100866,4114056
47433,3607913
142806,4277142
142702,4224568
89731,3787551
90167,3728606
38913,3594861
89664,3735141
90551,3766430
91316,3758406
47461,3504949
111253,4262784
132040,4080082
133666,4000829
126301,4395000
127883,4363344
127886,4415918
128125,4354416
128140,4406990
129001,4342519
129012,4395093
129561,4327886
129564,4380460
129941,4308191
129958,4318981
130217,4285671
130246,4295401
130683,4254016
130901,4208081
130906,4218542
131403,4156161
131416,4166444
143308,4277142
103356,4223396
103355,4170822
103362,4122597
55673,3429078
56468,3371076
142711,4202572
142565,4224561
144747,3881821
145508,3884599
47679,3470385
102225,4166630
126097,4411557
100880,4061500
145484,3936843
145982,3937173
89663,3682626
125411,4418842
103714,4164128
104146,4183060
106075,4242201
106391,4202938
106907,4202966
106400,4255512
106078,4294775
36594,3842939
109827,4251697
120467,4344405
119790,4658365
142926,4232151
142922,4179577
102239,4114074
111212,4309455
111841,4283337
95868,3836735
50695,3866311
100900,4008948
93168,3813798
50882,3708603
51180,3813741
109836,4280144
37211,3796446
143276,4232151
119614,4436318
119609,4383744
106902,4241263
88143,3659486
119349,4436516
119345,4383942
142931,4141451
35487,4015192
35483,4015168
142721,4164900
142567,4187453
35535,3968154
36126,3968282
36714,3845940
38060,3834467
89669,3682458
90810,3667311
88154,3659198
89435,3651156
35484,4067534
35150,4067141
74330,3425263
126068,4398030
125013,4387382
124275,4390861
124850,4375200
124278,4380275
123289,4457252
123272,4446693
35190,4020171
36105,4020477
122342,4540810
76111,3375588
145478,3988417
142928,4088905
91320,3705970
142727,4112354
125826,4364449
127526,4450604
142573,4134907
119346,4436516
119341,4331378
142071,4010894
119601,4331180
119993,4436318
131428,4139022
142276,4160994
142118,4108420
142072,4059878
56232,3414749
57752,3336206
145476,4037643
142924,4036361
142720,4059810
130262,4268435
142558,4082363
129970,4293292
104772,4210602
104766,4164669
105664,4251643
105702,4245035
106008,4278630
105987,4285863
109382,4283138
111670,4333133
118202,4300721
111711,4385633
109197,4330311
103284,4076563
103026,4055987
103288,4100817
91446,3742482
102318,4033187
103034,4081997
91448,3704100
92214,3778817
79220,3567805
92302,3740629
90636,3719643
90684,3726393
102364,4073760
93188,3821115
86580,3616120
86573,3666589
100266,3983578
99290,3957441
100280,4036079
88646,3703442
89563,3688996
89568,3689908
87807,3708799
97952,3928787
99281,4009919
97342,3894104
97947,3974199
97420,3944691
96673,3907711
89549,3741430
20646,3795510
121827,4518907
121828,4466333
121585,4466401
121575,4413827
122127,4621264
122128,4568690
120761,4449469
120721,4396895
121287,4497851
121277,4445277
119342,4383952
119314,4304640
119570,4304031
121045,4501618
121043,4449044
145472,4086233
145682,4090217
74332,3477829
75026,3427918
75028,3480440
76736,3422576
76733,3475098
102845,4150694
102846,4098120
125438,4348563
60090,3156697
123886,4424149
123769,4444155
122522,4488378
122530,4463703
142250,4136496
122346,4567862
91454,3755389
75119,3530140
75519,3532895
59951,3290854
60051,3203003
130298,4240033
129992,4266198
131912,4092185
99282,4062493
99275,4060460
100753,4088653
144537,3931081
144618,3932715
100296,4088252
49308,3603511
49300,3550937
75985,3579951
76026,3580081
76361,3527655
143206,4012102
47653,3445845
142252,4189058
131988,4052554
90691,3771121
91327,3763380
142504,4103056
142501,4155618
75584,3527499
36153,4020403
47495,3495413
96674,3960285
96671,3951163
133670,3948790
75522,3579932
100743,4140826
99276,4113034
99263,4097407
100318,4133282
131996,4050000
36156,4061998
105411,4251662
105412,4199088
92316,3791943
92810,3783942
62322,3111047
96665,3997618
97571,3983154
97545,4026671
97945,4007882
122360,4516214
122105,4517719
122124,4570293
121832,4518907
121600,4361328
121290,4497851
121052,4501618
120724,4449469
120466,4292640
60053,3255577
61763,3197743
35686,3979450
36458,4075182
126819,4407844
126788,4355270
100747,4185856
99264,4149981
99251,4128630
98659,4117956
98660,4065382
100328,4164171
98444,4091924
98441,4039350
93192,3826556
92322,3842734
129547,4365443
129548,4312869
90687,3819298
91451,3806192
131186,4147125
35998,3881021
96651,3974585
97260,4035512
91460,3855854
91971,3847931
128277,4386723
128278,4334149
122809,4568713
122765,4516139
93218,3879018
94774,3872807
100751,4216745
100338,4193371
86574,3719163
86513,3717005
99252,4181204
99258,4156164
50164,3656045
50163,3603489
50886,3761177
51901,3761177
93213,3925352
90679,3865469
92328,3889179
131024,4143390
131990,4099257
91464,3901921
118177,4353275
104753,4118402
131984,4047503
132816,3998207
105434,4152816
106123,4338437
37863,3822115
38482,3822227
145866,4138807
99260,4208738
99245,4141991
100342,4179059
100745,4245945
36465,3883953
145442,4033673
87803,3759157
20720,3814936
20890,3844152
87795,3807947
92336,3938244
92601,3930128
86514,3769579
86566,3765938
130500,4187845
131227,4099078
142498,4173917
142598,4208192
33240,4057438
37354,4609804
37278,4557282
37530,4662312
100749,4231633
93209,3966024
92340,3985864
91468,3949607
90680,3918043
90656,3913203
100354,4126547
99246,4194565
99239,4089478
33295,4099554
131975,4092886
133688,3896977
132842,4044432
125401,4392856
126396,4336094
50171,3656063
107923,4369007
109232,4382832
107643,4402618
107932,4402562
107644,4455192
107654,4424932
49291,3498389
127384,4335843
127311,4297471
127896,4318116
126201,4317988
127975,4278738
129516,4309775
38629,3874801
129397,4257488
32822,4078893
86568,3818512
86561,3818463
87798,3854787
106159,4226283
105981,4173709
104749,4139872
105817,4189438
101631,4157246
100969,4196418
101644,4183132
102097,4123736
102093,4157437
45571,3543633
102353,4113808
32894,4119701
93206,4018393
94747,3913593
123243,4482582
122857,4510429
123336,4431148
123595,4459372
100647,4147599
100937,4219058
102831,4137063
123658,4426409
103040,4120617
122914,4459002
123913,4434336
100603,4168181
103302,4138677
124108,4418915
124375,4419235
99254,4113135
97167,4037036
96947,4011756
97184,4037083
97717,4060058
96972,4012038
97726,4059248
97976,4038908
122574,4412653
124432,4401126
96017,3954355
96668,3976046
95289,3921433
95296,3915621
96066,3950853
90113,3794004
89547,3792819
125003,4373695
112264,4543317
112263,4490743
37382,4609796
37598,4609781
90655,3965777
90643,3964543
93201,4070736
92348,4038207
91472,4001920
37188,4504757
112567,4595881
112568,4543307
132262,4145460
131967,4089092
118178,4405849
118169,4405829
37521,4557252
37800,4557262
38635,3826148
38510,3773574
108158,4481207
108157,4428633
112780,4648451
112768,4595877
142492,4208544
142588,4226491
109236,4428591
108163,4466798
95314,3952557
89543,3843168
90303,3845393
119338,4331303
119514,4305233
86562,3871037
86553,3868289
93197,4122032
106601,4390648
106602,4338074
69874,3180789
69873,3128215
89544,3895742
89539,3893066
92333,4089503
130706,4135746
37323,4557278
37116,4452230
90644,4014780
91476,4052213
45562,3568395
37385,4504724
37716,4504730
131961,4085272
132846,3992489
119546,4331098
38267,3772993
74422,3530403
74502,3530399
118170,4458403
118172,4458370
119816,4299498
96080,3986340
130355,4135499
131152,4084383
76048,3632655
86554,3920863
86545,3915111
38311,3722247
101340,4255420
101339,4202846
101349,4219677
101686,4183138
37064,4399703
37265,4504757
108169,4493292
89540,3945640
109258,4466756
93195,4087741
37586,4452198
37335,4452196
89537,3940033
121608,4309802
146396,4136818
145694,4084244
122616,4406757
92354,4051540
90646,4067354
90652,3969398
91480,4013880
119834,4328245
51795,3521881
47651,3469307
131956,4033085
132612,4037121
145673,4116491
132590,3985099
132855,3946700
89533,3895434
90297,3992607
94750,3963933
35118,4093386
145056,3982852
145430,4076183
96698,4010846
127986,4251570
144600,3981613
118174,4510944
118176,4487783
35139,4060728
35594,4061772
127243,4271581
142532,4261118
125969,4294076
86546,3967685
86539,3955443
129163,4229010
37016,4347178
37193,4452234
96988,4045611
123313,4379838
105619,4202822
105855,4202704
123629,4431172
124904,4356403
124061,4426288
130857,4084532
131530,4032883
124401,4380154
37285,4399668
37506,4399666
93224,4086599
91484,4050385
89531,3932602
90670,4006090
112013,4490759
112014,4438185
98615,4156752
98608,4104178
122712,4355330
87763,3902918
34136,4112459
95324,4003015
36118,3869009
36851,3921477
105620,4213622
20861,3918408
20767,3865834
107135,4441541
107136,4388967
107419,4490254
107420,4437680
89527,3940292
97216,4066943
109262,4519276
108171,4477368
20905,3966405
20823,3913831
118186,4514809
119026,4488954
35071,4085348
35271,4087840
102351,4153478
102356,4139849
98883,4181395
98884,4128821
102376,4159087
102601,4159495
101211,4290493
101212,4237919
101651,4201807
102634,4176587
103310,4158633
103969,4158182
103986,4174952
104741,4156203
111477,4490726
111478,4438152
132833,3894749
36972,4294653
37133,4399711
133680,3845108
86540,4008017
86529,4007939
98295,4117777
98296,4065203
37221,4347142
37388,4347134
131217,3980878
96088,4038914
107946,4424859
87766,3947892
97748,4086203
89525,3977370
15046,3972630
13870,3922078
14953,3972617
16280,3954445
110021,4689413
110022,4636839
107674,4442567
16274,3919250
93234,4077134
13867,3869719
109330,4571762
90195,4014048
90661,4042409
90183,4066522
89517,3985135
35545,4050918
97982,4065221
119032,4436398
109627,4707906
109628,4655332
118192,4541484
86530,4060513
86525,4060413
141969,4505302
141970,4452728
36932,4242126
37079,4242132
37222,4294619
37346,4294605
142654,4505302
141978,4400158
37618,4399708
124817,4369824
125941,4339162
118194,4594058
120504,4345139
121058,4284146
132182,3981215
96710,4054158
98338,4090428
118196,4488929
34196,4103968
87749,4000369
89511,4029854
127965,4297140
105079,4235593
105051,4183019
96998,4086209
98605,4128875
144592,3973578
105363,4240440
105359,4187866
125669,4319857
131893,3929015
127140,4280594
89503,4037599
37290,4242080
86526,4112987
86515,4052875
36884,4189598
37017,4189600
90176,4119064
129166,4281584
130327,4181580
119040,4383844
37696,4347179
93242,4066455
118200,4436375
129697,4178424
130845,4084177
90662,4094983
71448,3096159
144538,3983655
97224,4106603
97507,4093811
98888,4165901
99086,4150176
133640,3793080
111167,4490666
124724,4333950
132784,3891156
124111,4393071
124370,4358595
123362,4328298
124050,4370345
123668,4379766
103673,4262174
103674,4209600
122816,4303768
103318,4175266
31986,4036738
32867,4107540
102654,4225957
102390,4211661
99953,4149075
99966,4169274
99268,4134288
100600,4186606
142683,4347607
142680,4295033
98553,4113909
89493,4090141
98549,4134405
98057,4090419
98060,4113560
93157,4116807
93749,4014169
97821,4104049
101351,4236220
97824,4128367
97613,4125019
97616,4119094
93754,4064521
97228,4159177
101654,4236388
96059,4070313
94754,4016507
95747,4040055
96084,4122887
95768,4092629
95328,4055589
144588,4000989
121001,4273811
97636,4171668
36860,4137070
36973,4137068
86516,4105449
86509,4105401
99298,4153039
37279,4189556
37088,4137038
37024,4084514
37205,4137032
32014,4066931
34107,4134962
37760,4137060
132682,3936781
143041,4295073
142881,4242499
97828,4180941
130851,4032502
103996,4190554
104740,4171026
35685,4027185
130535,4081603
119856,4351978
119542,4383642
118206,4436170
132353,3884588
124538,4344677
125934,4297358
98080,4166134
133126,3841702
112018,4490759
112267,4543317
110681,4543135
111178,4543202
112572,4595881
110347,4591517
110694,4594784
112778,4648451
36859,4084542
36939,4084536
31058,3977081
110350,4640553
108923,4582389
108499,4529871
108934,4565769
109247,4598290
109290,4634462
109447,4619409
109445,4649924
108481,4513251
109685,4679885
109706,4683912
36984,4031994
37139,4084532
110017,4680625
107939,4460741
35906,4004765
107411,4476319
107112,4420456
86510,4157975
86505,4157936
87491,4157949
142796,4347607
106355,4286956
106584,4343343
142144,4347593
142675,4242479
106091,4234663
106358,4292060
106098,4239750
105655,4213570
105636,4213052
105350,4186371
37175,4084530
37663,4084534
100218,4221848
105056,4187874
35952,3933392
104731,4223322
141980,4452728
142136,4400163
149846,1
149845,1
31105,4021201
127968,4349714
98552,4186110
143032,4295073
103574,4190781
103678,4262174
104006,4203790
30168,3998037
126897,4241100
35905,3956119
89494,4142715
89487,4126990
125670,4372431
130929,4032821
37605,4032012
119538,4436183
142882,4189929
118208,4488690
49293,3550963
36915,3979473
37091,4032032
31085,4046760
31157,4073534
36885,4032004
37105,4032030
87495,4210485
86506,4210510
86502,4210472
132889,3838016
89467,4179540
100597,4203454
101228,4203145
144566,4026859
145024,4053563
75053,3582682
30198,4030358
31131,4099145
102680,4253531
37525,3979490
31949,4077680
104732,4275896
104727,4235282
101656,4253647
99306,4187644
99653,4169772
30932,4124132
31929,4103250
142994,4242503
142676,4295053
119534,4488695
142890,4137389
110351,4685567
118209,4541264
118214,4537477
37051,3979534
145628,4142837
145345,4103493
85976,4263026
85975,4315578
86493,4263026
87499,4263039
122433,4271684
123334,4300168
131299,3973505
69124,3047461
98735,4204645
99315,4222690
100608,4185874
142152,4452732
98830,4255346
101664,4287504
101342,4218744
36854,3974051
36977,3874503
77454,3792917
77156,3740350
77464,3845481
77512,3845478
76154,3687790
77180,3792911
104496,4240132
104724,4240289
76153,3740364
76182,3635230
102701,4269923
37011,3926969
92823,4324702
92824,4272128
37302,4032108
123672,4432340
101333,4200444
101666,4269910
124100,4336973
124146,4285314
89468,4232114
89449,4232094
44528,1
44527,1
92545,4429774
92546,4377200
124496,4308971
56685,3519871
56686,3467297
101670,4304188
101918,4284150
93987,4117095
119530,4509730
93760,4114794
118216,4557777
93158,4167080
102939,4322497
124388,4257339
102699,4284905
102310,4295900
101672,4316414
131931,3929251
87505,4315593
89450,4284668
89458,4284652
126063,4282083
86494,4315580
104722,4213475
104420,4238475
104206,4213815
104717,4234961
104036,4214288
104230,4211129
104028,4213297
103790,4204200
103792,4214206
106768,4395183
107099,4472131
103576,4203469
106745,4446976
106301,4344577
106108,4292267
133852,3741131
105670,4238450
105351,4183155
98832,4307920
98891,4289698
100612,4238333
125856,4298032
126675,4262452
104718,4211039
130336,4126550
102929,4337479
102695,4295966
102672,4243459
101674,4263909
119525,4505072
129698,4230998
142892,4189963
142895,4150115
143046,4084857
118222,4552982
36115,3822047
92165,4482318
92156,4429744
126678,4315026
145008,4079433
128127,4218963
144514,4050935
37764,3669811
98892,4342272
98839,4306773
37708,3721660
86496,4368132
100618,4290701
35911,3942857
87509,4368167
99303,4256591
47497,3519168
89460,4337226
89453,4337214
102919,4296033
102663,4253468
132443,3882813
133229,3786003
101336,4251944
101676,4212456
36005,3843535
37102,3773004
119520,4452539
118226,4523720
120955,4261362
93772,4165035
93985,4167368
35913,3994223
35931,3895836
93172,4219598
100622,4324032
101680,4244476
101913,4223388
101193,4376606
128130,4271537
129651,4172517
91857,4587422
91828,4534848
100626,4304862
122107,4257540
99279,4271974
129851,4122655
89454,4389788
89451,4389780
86498,4420686
87503,4420706
102645,4252759
102907,4306042
138129,3696459
102305,4228092
101682,4264329
86111,4368132
86114,4420706
85963,4368148
85964,4420722
85966,4420722
86904,4473256
100634,4284742
36008,3895406
36729,3794284
101696,4275569
57227,3493800
57228,3441226
100640,4296630
132537,3830793
74940,3687819
74939,3635245
99233,4285632
102905,4305333
102308,4280666
102639,4225954
103580,4256043
15205,3954429
16269,3867473
87482,4525830
87486,4525830
89452,4442354
89480,4442350
45561,3620969
47521,3538238
103796,4266780
110406,4738141
100644,4348085
101700,4279765
99217,4337087
76299,3687793
76518,3687791
144470,4029651
144880,4103509
76505,3740352
76880,3740351
119858,4399987
76914,3792912
107373,4509938
107388,4562512
110064,4733199
77186,3845472
107120,4524705
106543,4395870
106748,4499550
102629,4277449
104761,4222497
109464,4702498
106546,4448444
120508,4397653
109271,4618265
109294,4670839
106327,4397151
108506,4565825
105857,4290911
105860,4343485
105623,4235239
37923,3825578
105632,4287813
105302,4177814
104030,4265871
101706,4330480
102607,4328164
104236,4263703
104735,4206610
57472,3388722
58800,3299282
125716,4309618
127258,4350606
118296,4505079
118228,4471187
94648,4288113
94374,4252485
94662,4320717
95596,4320719
119862,4418656
94118,4215087
94382,4305059
94126,4267661
120518,4445435
93744,4217553
93498,4269839
93766,4270127
93526,4322413
99218,4322886
93180,4272172
92808,4324662
92828,4377236
92560,4429774
95602,4350473
91936,4482294
92182,4482318
91938,4534868
91662,4587406
91661,4639980
91653,4639968
100650,4367247
101375,4400659
144058,4004864
144558,4057505
124190,4268664
96235,4486476
96236,4433902
124417,4221099
142898,4202689
142900,4097583
122825,4233392
99222,4355426
98003,4357559
98842,4340240
47198,3536753
47525,3490024
47664,3489928
102597,4378867
101718,4381883
97444,4563934
97443,4511360
89482,4494924
89560,4494924
129654,4225091
36617,3899428
36618,3846854
97017,4555551
97018,4502977
101507,4419821
99228,4355259
100662,4378078
95630,4378389
130357,4019483
131074,3921529
125701,4362184
130269,4071264
94674,4373291
118230,4463714
91654,4692542
91649,4692534
119872,4411183
120528,4462935
99232,4367054
98844,4390994
121957,4241648
98001,4407968
98858,4441367
47539,3489184
101715,4406315
105237,4216712
116488,4172792
100666,4429730
15443,4006978
15438,3971787
15689,4059552
31997,4113600
33268,4095245
102581,4429560
14441,3922052
99272,4417806
14427,3974193
101709,4457008
11699,3825434
91650,4745108
91645,4745104
120956,4302744
47670,3492962
74567,3582973
103885,4477899
103886,4425325
119880,4400922
120038,4432355
31973,4154463
32277,4165837
31384,4123908
103739,4528312
103740,4475738
118232,4516272
47543,3456779
142899,4150157
142917,4045057
143044,4032331
125679,4414754
126266,4414758
101500,4482304
31463,4175761
32257,4206755
98878,4456352
99203,4468181
97447,4459165
132178,3875245
48290,3517872
130037,4119989
102577,4480156
91646,4797678
91648,4797678
101707,4507604
118234,4568846
47249,3508819
47575,3423283
97065,4509320
130890,3967528
97068,4561894
96857,4482713
96543,4459684
96870,4535287
118236,4568834
96546,4512258
95981,4407010
95986,4459584
95625,4428568
41262,3563076
119867,4388569
128980,4218784
128979,4166210
143902,4015706
104777,4273335
99201,4518726
98902,4508492
43151,3558263
47315,3475401
125680,4467328
126156,4467328
118238,4621408
97451,4492461
43167,3525105
118240,4621400
34157,4119490
35068,4141816
52650,3481891
51763,3505497
54292,3456818
100771,4621790
100615,4569216
100630,4600117
53949,3496071
33534,4134774
121163,4257071
99183,4570903
95626,4481142
95621,4466957
102576,4530626
56272,3441206
128054,4162941
127869,4110367
145934,4195411
145276,4106682
101703,4558074
128761,4162441
143831,4018552
33563,4114704
124437,4206007
35492,4029235
105233,4267519
115509,4215332
49537,3387282
144102,4007166
98920,4559055
118242,4673974
118244,4673970
119868,4441143
119865,4355254
97453,4542959
99941,4623477
119866,4407828
121134,4260918
102618,4554480
95622,4519531
95613,4492308
35366,4013581
101693,4609399
98915,4576090
105289,4318234
104296,4374759
104299,4397428
104534,4324093
104554,4346833
103467,4526029
103430,4519965
37637,3742629
35651,3946391
102567,4606743
125798,4245659
125797,4193085
98913,4608939
97455,4593502
118246,4726544
118248,4726544
16266,3920017
130581,4011906
95614,4544882
100199,4620832
100656,4609302
100195,4671559
95609,4516586
98909,4626667
102590,4658832
144580,4059701
144964,4110038
123731,4230566
124461,4177588
101455,4661475
132171,3919839
35473,3965131
142202,4049445
126046,4245659
130029,4116337
144628,4008007
122905,4243043
123310,4231141
97457,4617406
32543,4193695
98897,4650726
125873,4140515
145346,4156067
99539,4698254
100185,4681957
99191,4696944
99564,4684843
99192,4644582
126335,4057921
102604,4653754
101456,4658458
94914,4621706
94899,4569132
32172,4228216
32529,4236679
125876,4193089
126101,4087949
121328,4251602
122537,4243662
129315,4116677
130393,4064320
97465,4612276
98906,4629380
100177,4636536
36619,3899428
99576,4657970
120213,4264092
16284,3937448
102626,4601361
15427,4006204
34786,4013578
101468,4606182
94900,4592337
144672,4060199
144860,4112234
97072,4651390
97071,4598816
95612,4539215
97076,4562707
97469,4662603
9961,3833148
74772,3582973
144832,4085336
145176,4084359
124677,4108941
128764,4215015
98169,4715177
97471,4617168
61043,3283796
61044,3231222
102658,4572031
101484,4609289
95618,4560255
97001,4581757
121796,4258540
34941,3965138
31845,4246030
94629,4717931
94613,4665357
94355,4770493
94353,4717919
94905,4612801
99903,4637317
99715,4629491
94147,4823061
94135,4770487
101512,4606248
130841,3966030
90177,5992516
90173,5939942
142297,4219042
142241,4166468
122198,4252768
142242,4219042
142119,4113898
53950,3548645
104300,4419375
105297,4368847
122786,4243028
124272,4215224
96479,4578620
96506,4595548
96833,4598655
96838,4615302
95645,4612821
94384,4770493
94628,4717931
94136,4823061
94140,4823061
94923,4665367
130467,4018418
33231,4211816
89277,5939942
90200,5887372
121092,4262427
127572,4318334
126962,4265760
32168,4262986
32660,4262582
40231,3605339
89278,5887372
123828,4231716
104304,4469757
105311,4420387
143815,4071087
124460,4126152
141923,4061688
142162,4111431
58471,3305435
59722,3256357
101590,4658822
102058,4601374
102060,4653948
40234,3572543
43227,3577651
104308,4470848
106433,4888066
106434,4835492
103414,4569995
121675,4273577
37723,3690855
38748,3617729
120111,4261911
106697,4940634
106675,4888060
30931,4107115
36112,3762350
132141,3970178
97754,4665693
128214,4267644
128213,4215070
104312,4522399
36483,3710760
38241,3722160
105317,4471972
95633,4665391
99388,4646705
142184,4058867
15246,4076368
15217,4023794
125496,4213921
125037,4161347
42298,3630198
43496,3630215
104316,4572732
105321,4522474
99091,4610969
143113,4123628
143794,4123614
90204,5834808
89286,5834807
141924,4009124
95634,4717965
95636,4717965
122194,4227644
22102,3893787
22097,3928833
22164,3940482
22155,3976351
23614,3985316
141816,4004325
105325,4572712
104318,4622529
89288,5887381
89290,5782242
143414,4176144
143796,4176136
144136,4176188
144692,4046824
143114,4176202
89292,5729684
98781,4624973
20904,3878637
22382,3945284
143448,4228662
22448,3992408
23544,4006354
92951,5735919
92935,5683345
33414,4115971
107595,4940634
100445,4706398
100245,4653824
106692,4940634
128984,4221747
128977,4169173
129784,4123480
129765,4070906
38970,3598972
106393,4782928
106101,4730368
106402,4835502
105849,4677812
106118,4782942
105629,4625260
105870,4730386
105634,4677834
7473,1
7474,1
103273,4619978
33454,4112975
33570,4074539
89689,5782258
89294,5782258
89300,5677132
31464,4194028
40826,3680270
42609,3682762
98695,4676639
100008,4636814
124044,4284290
121372,4287100
124030,4142093
131535,4075182
131525,4022608
98696,4729213
98247,4722515
36111,3814924
120063,4210868
120928,4265586
20881,3895474
33288,4207427
33381,4164151
92936,5735919
92931,5630775
89725,5729706
89302,5729706
89312,5624586
126375,4213284
127511,4245150
100041,4648816
100992,4651380
13898,4025318
15221,3988810
15733,3989227
16290,3885024
15736,3937464
13897,4040941
38086,3774712
38851,3672130
38085,3827286
143806,4228662
143086,4308680
143085,4256106
143430,4230765
143087,4257376
144664,4007089
145052,4099392
145050,4059657
145082,4151966
89314,5677160
89316,5572046
89679,5677160
34258,3981427
98248,4775089
120970,4263805
121596,4281933
33431,4162303
127514,4259475
128217,4217376
129753,4122904
129751,4121844
130480,4069430
130997,4069001
131016,4119780
98149,4751332
122152,4239451
131538,4073097
132144,4017588
99777,4685086
33301,4169823
33551,4124562
43497,3682789
42717,3682772
132146,4070024
133266,4062661
143423,4218113
98150,4803906
98131,4730519
109579,4680177
109580,4627603
110459,4476921
110460,4424347
93309,5683349
110243,4578828
110244,4526254
109995,4629572
109979,4576998
92932,5683349
92957,5578211
141782,3956911
143810,4230790
144198,4281236
89317,5624620
89334,5519520
89922,5624608
34426,3934468
39000,3606911
121210,4259314
100994,4703954
102624,4635370
34214,4027872
119951,4181568
120586,4214445
39004,3605449
40314,3625092
38466,3827263
129003,4223803
129004,4171229
90705,5677182
89928,5677167
144366,4283364
31522,4142255
143812,4218138
40780,3677637
41024,3732834
100528,4737660
121708,4248103
123496,4175969
127097,4264093
40987,3730201
34187,4078862
98132,4758234
103291,4664243
32442,4249491
144344,4270712
90697,5729741
89930,5677175
143801,4165582
141779,4006451
141828,4017286
139634,3909314
142838,4047531
143506,4024409
32677,4213727
141185,4058637
141795,4056338
88507,5571967
88491,5519393
39957,3677662
109131,4730651
109081,4678077
142797,4068977
142807,4069035
126710,4314553
127466,4280771
127467,4295208
128249,4265979
37961,3970943
37962,3918369
89936,5624631
90731,5729749
32161,4246273
129788,4172646
129018,4221183
38068,3708246
38919,3619741
131030,4167631
131564,4119845
99976,4809702
99975,4757128
132155,4122475
130494,4120234
31982,4193735
145344,4112231
38677,3879837
110955,4372952
110956,4320378
108571,4780869
108559,4728295
110653,4425294
110654,4372720
88239,5624429
88201,5571855
106093,4877424
106094,4824850
105185,4866955
105183,4814381
143799,4113047
102864,4679820
143415,4218121
143881,4060527
105788,4898611
105787,4846037
37563,3639304
38941,3627133
120334,4186754
39958,3730236
40595,3730236
144204,4113101
143781,4165585
38179,3813237
91039,5677205
89938,5572069
37627,3633055
38109,3626608
102413,4723579
104588,4814432
104587,4761858
138685,3804116
89942,5624465
61462,3302881
61461,3250307
89348,5467010
91011,5677039
87351,6149599
87347,6097025
86436,6202162
86435,6149588
93359,5630785
144666,4059663
144820,3995883
122896,4187301
92958,5630785
92947,5525653
86433,6097020
89944,5572080
87339,6044457
120225,4184624
121194,4183631
98111,4766981
99090,4810808
122264,4196511
141689,4216059
141555,4163485
38127,3970943
38597,3813372
38320,3760798
86429,6097017
123606,4154755
60324,3210265
69049,3126396
103295,4709336
87335,5991895
91057,5624654
86430,6149591
89948,5519549
86423,6044454
58472,3358009
58463,3357914
111873,4267856
116365,4212084
116384,4207946
103315,4753227
119376,4169330
41135,3785402
61943,3154324
108073,4778145
108102,4830719
87967,5676888
87963,5624314
40990,3782769
110353,4475360
110362,4527934
86415,6044440
87329,5939341
120147,4199456
36122,3741087
37491,3691492
143416,4270695
89098,5414518
89356,5467046
61463,3206888
42611,3735336
143772,4218145
143418,4270695
73424,3148733
141661,4268514
141597,4215940
89952,5562597
92948,5578227
35307,3792591
97159,5479918
95047,5427344
92933,5473115
94397,5474373
94404,5421835
89364,5414554
95050,5374808
90885,5615171
86416,6097014
89956,5594635
138686,3856690
69231,3014157
48576,3499362
49063,3520552
121382,4236205
140597,4060635
141384,4110924
86413,5991884
138677,3856659
86407,5939336
121960,4173964
101933,4768202
41139,3835331
35324,3733527
87317,5886793
92928,5420577
94402,5369297
40991,3835343
120785,4206546
38096,3865801
16296,3937084
20267,3832484
90985,5647209
30920,4090034
97181,5374844
95605,5322270
89962,5583883
37964,3970943
34151,4129273
99672,4766171
95559,5269732
95052,5427382
95054,5427382
34431,3885459
141733,4321084
141665,4268510
86403,5939308
87305,5834251
116452,4252411
119287,4185916
92927,5473151
92915,5368041
94428,5316761
94806,5421871
32729,4173958
34179,4083294
138678,3909233
141600,4215562
138676,3902870
87753,5729341
87751,5676767
145152,3967299
138370,3718487
138529,3665182
86404,5991882
89978,5531366
90891,5636457
32432,4244052
121040,4207743
86401,5886759
34560,3948869
34559,4001441
34823,3896297
126709,4358968
97173,5322306
38098,3918375
92896,5409112
127508,4345698
95541,5217945
94434,5357791
128253,4267318
132161,4168175
86397,5886731
131044,4212690
138669,3921486
138784,3955444
131572,4164929
130514,4167645
34773,3948869
129814,4220072
87308,5781729
98112,4811462
128281,4314489
129050,4271622
114107,4515233
114108,4462659
33652,4084320
34225,4036584
113897,4567803
113898,4515229
34397,3936448
34856,3835578
87310,5834238
87531,5729216
87530,5676711
87760,5624262
53951,3520836
87956,5571809
143771,4270719
88643,5571967
88208,5519350
88478,5466888
143778,4270711
144316,4270719
85737,5939243
85709,5939212
86389,5886705
34285,3987255
34461,3886530
138670,3974060
141789,4321084
138659,3902324
96517,5115432
96021,5166958
96524,5167741
96907,5063399
96920,5011149
97083,5011428
97112,4959177
97277,4959373
97317,4907052
97489,5011947
123446,4164759
141808,4163000
87314,5834227
42875,3735344
93464,5409080
94424,5305817
89979,5583940
89975,5499910
90502,5554735
90481,5531377
90642,5559447
90648,5554752
91554,5550520
91558,5603094
91764,5498313
93486,5402483
91766,5445866
92564,5454476
101824,4818745
92890,5446900
33747,4037362
35223,3887179
35253,3836102
121716,4179342
62291,3104588
121443,4178972
85710,5886700
57313,3546344
57309,3493770
103325,4780507
106053,4805801
86385,5834193
87322,5781715
96001,5218744
95542,5270519
95535,5260486
121041,4260317
28246,3984812
34871,3843729
141208,4215792
141110,4268336
141305,4163231
138570,3902628
138561,3864601
142095,4540047
142096,4487473
92902,5394430
138651,3865578
90611,5531393
90439,5499920
89971,5447450
85712,5939159
86381,5886661
32274,4256032
87326,5729195
96534,5167010
96002,5213815
30042,4039345
30041,4091919
30134,4022387
127357,4377110
127345,4360172
126714,4373797
127901,4342869
128345,4365405
128366,4417979
128851,4319319
132186,4164456
132188,4205699
132748,4115161
32304,4217371
33221,4226102
132766,4156453
133274,4103965
131487,4209376
131463,4241779
128874,4371893
140974,4270450
141177,4320097
101934,4820776
103320,4823224
115985,4304969
116419,4296238
115527,4357530
115534,4357530
114621,4410093
113900,4567803
85714,5991733
85716,5991599
28245,4004433
86373,5939109
104081,4875798
103298,4851969
140527,4013043
140850,4112913
98140,4854652
98944,4864036
87064,5781673
87380,5781722
143786,4323281
144064,4323285
88473,5519354
86804,5834131
87070,5834191
89087,5362381
91091,5583967
89361,5362413
89969,5395243
35286,3784894
138562,3917175
138557,3829853
123228,4172484
138648,3813031
100013,5014644
99706,4962070
28264,4023226
140139,3963139
140719,4065427
96548,5114731
142192,4487475
142103,4434901
95536,5313060
95534,5254029
96004,5208700
85718,6044173
85722,5939257
86369,5939076
105889,5044828
105885,4992254
141073,4322847
141233,4267535
57305,3528138
98817,4990564
98670,4937990
55908,3475574
150601,4309766
150589,4257192
138633,3846289
138860,3760487
140877,4270605
140878,4218031
141251,4214976
13291,3950110
13292,3897536
42877,3787918
121436,4172868
132776,4189892
141329,4267778
141265,4267454
141739,4215486
103080,4861665
104840,4904543
143788,4375855
143824,4375855
132204,4235429
133271,4137398
94330,5351217
95550,5247643
96008,5157149
94336,5299673
131464,4250256
96556,5062665
96016,5105095
85724,5886774
86359,5886561
138558,3882427
138556,3793128
138617,3812066
13264,3966462
13263,3913888
138374,3752866
138542,3740585
140922,4165470
126726,4381243
30135,4040027
30181,4067254
30872,4054691
141145,4270285
28263,4039383
142273,4278731
142219,4331099
142599,4226182
98158,4897133
89963,5352936
90170,5426591
90566,5385021
90967,5449890
90505,5332878
90870,5415478
90875,5363335
86357,5834239
92912,5342658
91546,5454740
91548,5507314
88178,5834296
150575,4204626
150658,4309723
96026,5098863
95556,5195384
30184,4084736
30221,4100222
141038,4165052
94340,5247414
86362,5781778
80613,1
80614,1
85726,5886821
85728,5939395
85730,5834326
125327,4486362
125328,4433788
141199,4319981
141347,4320013
141094,4218022
30783,4123559
102566,4912900
103081,4834572
113910,4520673
113905,4468099
102468,4964052
102586,4885824
106227,5044828
102028,4975069
102476,4937573
105465,4939688
105873,5044822
101540,5008829
102046,4947145
104869,4887128
105455,4992256
142105,4487475
142179,4382335
100370,4969091
101552,5061403
104872,4939702
100345,4952214
123103,4193342
133290,4153731
140569,4117933
140839,4115266
132798,4206228
138606,3759515
132214,4243545
103556,4804143
131466,4257228
119264,4234661
122443,4183513
95573,5143311
32433,4296626
96777,5046920
96747,4994693
97149,4942433
93705,5291129
94352,5195452
96046,5092240
85731,5886900
32560,4223590
33518,4278674
93650,5269993
86378,5781800
88010,5729356
85740,5834348
92914,5395232
92922,5373460
142278,4383088
32248,4262327
37749,3646574
38909,3663078
150565,4152068
150636,4257157
89345,5310147
89945,5300670
141255,4372537
141433,4372537
35293,3784712
36634,3683639
140495,4170360
140766,4167760
121753,4198030
96537,5144814
85742,5886922
121736,4192544
96050,5040291
95565,5135416
122688,4208629
88018,5676901
85748,5834397
86394,5729348
127794,4489626
127398,4437052
127144,4384506
127434,4416131
127184,4363585
126744,4409464
90208,5301178
90207,5248604
125285,4448443
92277,5424964
92917,5321616
143465,4075939
92278,5477538
92287,5372576
125286,4501017
142129,4359699
35281,3836305
36133,3793765
125301,4423121
34528,3937463
33519,4331248
142193,4412247
142346,4435055
142707,4121357
141025,4167225
133412,4135748
93660,5217713
132804,4188249
35029,3887702
36108,3845206
105456,5044830
105876,5097396
99661,5042387
98405,4989813
92899,5269234
132218,4225225
131486,4213623
140405,4120469
140537,4222910
145006,3997121
145746,3954555
85750,5886971
141200,4322284
94259,5165696
95563,5084371
150692,4362246
96070,5032394
85752,5781901
141319,4424778
141519,4372658
88022,5624433
86410,5676900
52013,3543347
85758,5781951
118120,4279345
119684,4286481
150695,4414820
117968,4331780
118117,4322969
117796,4379901
117970,4384354
117604,4400755
117800,4432475
139456,3879277
139434,3831967
139462,3850917
139476,3925745
49161,3500747
139406,3782953
139442,3803435
116820,4348709
117606,4453329
139474,3897979
139494,3934692
139392,3805208
139408,3754984
48608,3464660
116838,4401283
116416,4338507
125304,4475695
125319,4423179
126798,4411451
141888,4214576
142085,4307154
92869,5268738
139644,3910966
140257,4015438
144442,4015437
145104,4049685
142253,4464796
142424,4382632
85760,5834525
140467,4173029
140637,4275184
101811,4905439
85762,5729451
94279,5113550
85753,5781965
135666,4092054
102594,4855364
97008,4980220
88026,5571947
86426,5729414
141391,4424700
141611,4320235
140363,4067980
132226,4213853
132802,4225325
52015,3545109
52921,3543921
141275,4269748
131498,4165600
52930,3546773
53944,3544292
55363,3515139
119629,4337935
88764,5571928
88469,5519492
150688,4309680
142613,4173649
142950,4173905
140934,4219927
139334,3791250
139394,3857782
126856,4368101
91535,5432175
91531,5379601
125320,4475753
125343,4379274
55371,3567588
55854,3505715
33604,4131907
139010,3714387
64392,3090319
95564,5136945
96354,5010519
93449,5270017
93433,5217443
115471,4363005
116411,4362723
99599,4985733
99648,4962557
100331,4922411
101111,4910447
98397,5018367
61132,3128643
64381,3088659
101109,4879817
85754,5834539
88459,5467263
88028,5624466
141974,4254618
142392,4359693
86440,5676936
142317,4435061
142476,4330084
141719,4266477
141902,4246696
85756,5729487
122586,4203747
101809,4916682
140505,4225562
140705,4326741
140678,4120459
103547,4773673
150559,4099540
150612,4204594
85598,5843575
85597,5791001
141677,4267680
90499,5280503
56909,3580708
32954,4175422
33719,4086773
141725,4298256
92279,5320197
90898,5310960
141483,4372156
91521,5327222
48644,3428110
49363,3465776
37493,3744066
133094,4277899
88032,5677040
85776,5738447
86452,5685896
125346,4431848
125333,4357639
93807,5218246
93787,5165672
131506,4113137
126880,4320013
36864,3661724
141226,4217203
123427,4251074
101801,4875097
102924,4969256
144967,4102252
145562,4102254
142540,4277524
140962,4219085
141415,4218620
36903,3599882
142377,4382513
100307,4932032
33937,4193253
33938,4245827
34218,4140681
140573,4277675
140789,4274184
101144,4840745
142570,4224989
101795,4824765
38332,3699146
33136,4132810
141621,4319012
140204,4067976
140343,4067625
142651,4278238
142591,4277535
142849,4226339
123294,4207150
124155,4252795
34576,3937407
35178,3940265
103544,4740758
129430,4530285
129086,4477717
129425,4478309
129565,4530619
124141,4226327
124633,4305229
101791,4833500
124656,4278757
125752,4352337
128770,4425153
129081,4425741
125731,4300130
126220,4372506
128476,4372593
128774,4373177
126883,4268032
144735,4120569
145156,4137960
126226,4425080
128510,4320617
95679,5061576
98375,5002875
87987,5639752
87985,5587379
88174,5692326
32246,4268032
61096,3181207
88457,5467357
88709,5414855
86129,5744624
52019,3511153
86458,5692071
141499,4321943
100303,4888989
32249,4241836
98311,5055279
99635,4931907
141862,4307164
142336,4231159
100275,4894468
101127,4801493
140859,4221625
101785,4791880
32245,4285766
142453,4329953
20323,3883086
140665,4225117
150519,4047011
150586,4152074
140106,4120519
139944,4172529
140015,4171454
20363,3930904
32252,4246849
32935,4202600
20405,3912089
21565,3947105
150682,4257122
150704,4362254
116191,4396259
116407,4376414
103540,4701427
140887,4171253
140978,4271629
141561,4371242
101777,4752579
99605,4984181
100267,4852309
117281,4509836
117282,4457262
150614,4257124
123237,4211264
123824,4204839
143526,4027190
35103,3992523
35736,3992830
140907,4223802
141298,4322925
142580,4330096
142663,4330089
140276,4120174
140609,4119135
143485,4078001
143562,4029449
140117,4119938
89134,5324978
88455,5519889
89384,5272744
92865,5320299
91511,5350022
90881,5345435
90239,5214818
90010,5266884
143547,4080276
143620,4030502
144252,4030357
144589,4068001
21506,3999665
22363,3995936
87667,5639837
87977,5534929
87682,5692397
144898,4056840
86470,5744631
30831,4074583
86474,5692403
103527,4661497
22439,4042794
140761,4172557
98312,5107853
98271,5025513
101773,4756806
123189,4187656
61108,3172416
61107,3151304
60365,3192395
114635,4415535
115461,4377232
115757,4415562
122350,4211371
119285,4386970
119632,4364854
119101,4431169
118715,4430649
94284,5112916
118871,4473885
119118,4483743
124122,4195171
126875,4215787
118886,4506898
116367,4385051
116817,4428881
116813,4437517
117029,4481267
116021,4448779
116196,4407993
117025,4489926
117261,4477323
117827,4418059
117264,4490229
117838,4442396
117955,4375459
117964,4417788
118125,4365280
118377,4374504
118385,4416706
118531,4422356
118552,4455582
118695,4473934
118711,4507059
115889,4467291
116056,4460498
115892,4480989
115762,4429359
142716,4128622
141480,4268414
30863,4108977
31292,4141281
114640,4429803
113383,4520667
92862,5268333
30833,4093991
101761,4716700
148808,3655805
101130,4853423
143499,4132336
143579,4107303
100268,4904316
22256,4048492
90857,5363593
91500,5350311
22295,4095344
23539,4054991
150531,4099551
150604,4204603
139943,4225103
123883,4174065
124750,4163391
144825,4133710
144833,4107693
30866,4127943
31241,4143332
141502,4317669
142579,4336707
142757,4336702
61217,3203878
99595,5036222
140896,4276367
140991,4276361
143203,4183561
143228,4184302
98272,5078087
98233,5077646
145350,4120568
143017,4278891
141610,4348805
35104,4042796
35657,4002453
102721,4666477
103524,4621403
102693,4625931
101743,4676158
150584,4204618
23607,4030113
23660,4033314
140218,4172706
140421,4172748
26709,4080486
141770,4358238
141933,4359722
150796,4362271
150744,4309697
91612,4946749
91611,4894175
87686,5640002
29896,4056355
139532,3905186
139587,3861693
90858,5416167
90839,5311594
26710,4085005
139914,3961776
119654,4409584
120031,4366762
123185,4210818
123351,4181927
29927,4100490
91499,5402885
86735,5639996
91688,5298253
91690,5293807
92859,5298467
94251,5216374
60233,3262785
55856,3213770
23476,4107521
88456,5528851
88746,5482497
128235,4268333
128248,4320907
129580,4583193
23657,4080703
24072,4065477
150674,4204574
126864,4150488
122138,4238613
125417,4204119
126861,4236010
26174,4128607
139498,3814753
139651,3913094
95973,5276744
95974,5224170
18798,3844964
99585,5003914
98234,5130220
98219,5046309
33792,4138933
34178,4089476
26173,4167328
142631,4338205
142811,4389262
104531,4673977
140017,4224028
140067,4119057
103521,4580271
59781,3312243
60168,3315353
36581,3743496
140895,4328920
141053,4328902
140177,4172370
139880,3964286
139895,3963294
5957,4213813
5958,4161239
100270,4910252
101123,4813382
16661,3861316
96319,5261077
96320,5208503
114047,4573241
144914,4056179
113384,4573241
113394,4573241
141845,4410796
142017,4412284
35840,3897758
36381,3895436
140290,4225245
99536,4961355
98215,5055918
26157,4264403
26158,4211829
87692,5587543
87097,5587534
98216,5108492
98209,5013334
28267,4083373
96681,5199284
96682,5146710
49412,3386269
56208,3620162
53109,3599347
115205,4466608
115206,4414034
52934,3599347
95235,5217510
95236,5164936
52023,3563727
50633,3444300
142709,4390765
142885,4383000
114642,4482377
114646,4438890
114855,4461604
114843,4409030
117655,4529214
117649,4476640
104995,4547417
104996,4494843
115351,4461612
115352,4409038
104701,4536076
102710,4678144
140967,4381126
141117,4379889
101737,4728027
105211,4501939
105209,4449365
90840,5281065
100274,4864803
150668,4152047
150732,4257132
88476,5482496
99487,4967150
88796,5430007
101126,4773024
100284,4870466
93391,5351041
35496,3999528
92855,5293903
98205,5065170
141769,4408777
91679,5270438
139983,4066615
92851,5270448
126862,4202977
127549,4288574
98206,5117744
98199,5019006
128043,4341142
128056,4308109
128363,4393716
5756,4213800
5755,4161226
127564,4255541
115007,4492402
115008,4439828
150574,4152084
150632,4204606
30644,4111759
30701,4145767
141907,4463358
140148,4223824
140195,4276274
140348,4277793
87702,5535025
139362,3772754
139345,3794344
139377,3735262
26695,4134034
26728,4126371
27680,4057191
117503,4562792
117493,4510218
114648,4491464
114650,4440131
139257,3776959
101740,4729224
101150,4824752
34514,3987206
142965,4330452
98193,4973038
142585,4285653
99497,4921530
142787,4389292
102716,4730150
101746,4781459
121919,4289191
124747,4233273
128380,4360683
34547,3987130
35374,3946974
26686,4178989
143187,4207920
34278,4036928
26724,4170980
27635,4092794
141023,4379994
141189,4376505
126868,4183130
127348,4133773
142225,4282165
142510,4233106
31618,4160103
94252,5268948
94250,5164318
142754,4180246
143215,4235066
26613,4213975
150517,3994475
150655,4099524
150710,4204609
31631,4159454
125773,4194878
126872,4169444
143939,4394231
143833,4341657
114652,4492705
114654,4409390
34308,4036822
34951,4023575
150807,4362291
150784,4309717
95252,5194394
30116,4126102
141414,4268900
125769,4199037
143602,4236553
125372,4258895
141616,4355966
30144,4159831
150811,1
150812,1
150572,4099550
93954,5193793
140092,4171412
116649,4491000
116635,4438426
143323,4287432
141893,4384910
140245,4328673
140390,4328733
99479,4972780
27710,4100905
100292,4921911
149509,3865991
149288,3813417
98187,5024101
26669,4213929
27154,4166096
5547,4266219
5535,4213645
91673,5239511
101164,4876464
128385,4186347
90842,5249259
126761,4202700
102728,4782033
101764,4833322
92854,5218455
93156,5271029
92880,5166054
120004,4415999
121103,4341444
125761,4219153
126563,4187224
141531,4377256
141830,4359889
141239,4373001
142819,4336735
88484,5482471
88765,5377493
150228,3941975
150592,4046998
114656,4461964
114658,4376437
5526,4213604
5712,4161134
142752,4338212
141099,4327448
27624,4117976
141284,4270073
141485,4317313
142054,4568498
141971,4515924
27694,4130913
38580,3715650
27115,4204537
119317,4550948
119318,4498374
87877,5482471
138758,3694280
139022,3732697
96497,5178360
96493,5167579
140429,4169784
141015,4170103
138538,3707716
138753,3675884
144110,4446760
143969,4394215
144194,4448005
97189,5112859
138535,3686624
138384,3805440
94375,5245998
95258,5190175
94380,5241905
97202,5072769
97701,5119243
83541,4920556
81247,4867982
93840,5189083
5525,4266178
98183,5074626
97689,5124939
100322,4927568
35640,3949888
99455,5024584
98173,5075772
93846,5206835
106235,4409711
105791,4357137
5519,4161070
5568,4161053
140319,4327438
140438,4327451
5520,4213644
31617,4160023
105393,4403534
105826,4306914
140049,4118880
140384,4223599
105377,4400193
36802,3608338
36954,3565865
104911,4491150
104970,4445886
104716,4491167
27530,4130335
5561,4108517
27633,4151883
28532,4169655
33119,4162080
126739,4177408
139937,4014141
31896,4233977
31632,4159775
125749,4250415
143695,4289097
36756,3641299
102736,4833804
101770,4885006
59796,3364811
143235,4339966
143565,4288036
88504,5430000
141294,4318519
141517,4365456
139067,3717561
141819,4383176
141105,4275229
141106,4222655
126729,4229118
128589,4158259
114637,4336912
114850,4376039
115228,4387292
115356,4461612
115486,4386000
115930,4489536
116064,4465294
116202,4412791
116361,4385919
69052,3178970
69176,3083576
31943,4209514
144952,4047784
91669,5206770
91934,5292085
141209,4322614
150705,4152082
92674,5134861
101397,4934997
101782,4885692
91627,5154777
90844,5215092
96489,5136632
95255,5167226
94394,5218956
144924,4056129
145364,4025502
90866,5169044
98165,5081388
90245,5168594
90016,5220661
144073,4421392
144290,4395860
139068,3695258
36646,3742631
36739,3692327
99458,4979272
91732,5102335
92688,5176677
139141,3727373
142055,4568494
33668,4136853
119660,4452753
119876,4439457
144869,4106994
145270,4047800
120297,4389958
143169,4392524
143115,4445080
125756,4242614
121752,4339197
29118,4222229
140369,4274891
140464,4274897
150730,4309694
125398,4252575
101172,4928622
126748,4210065
142087,4332649
142228,4310671
150721,4257167
101410,4986306
142618,4180965
101178,4979894
100392,4979062
99462,5030772
125747,4241946
5706,4108594
33887,4118284
102754,4885244
150772,4257171
5736,4108678
5887,4108690
101788,4936393
34324,4075152
35367,3981421
21505,4052239
115051,4409084
115052,4356510
5508,4160969
5699,4056058
142080,4621068
115693,4490583
115694,4438009
33898,4086029
142239,4285775
142296,4363239
31852,4181903
149062,3708353
149037,3760908
149124,3760889
141163,4274895
93852,5176738
150719,4204640
144262,4315898
92696,5145185
140294,4065364
96487,5104219
101806,4936506
95268,5136380
94412,5188110
144851,4133552
145619,4159568
140365,4117657
33914,4070580
99470,5030533
140551,4275178
140497,4274678
140957,4222649
142369,4338343
142523,4233495
5507,4213543
98161,5131077
144527,4185681
31786,4139148
144149,4395686
144372,4343300
35841,3950332
31873,4157453
144533,4185464
145605,4186126
91628,5207351
143403,4392236
100400,5030275
142077,4621068
99472,5081679
101779,4986939
145583,3996103
146016,3935229
90868,5221618
140642,4011994
143001,4497605
143133,4497603
6004,4213789
102787,4936492
90872,5116636
140417,4222332
22190,4066313
36759,3659286
31696,4159613
31747,4156790
93868,5144808
92706,5111280
141527,4435726
141455,4430339
141913,4410434
144563,4343359
144488,4290785
96845,5066846
96861,5026635
97193,5032215
96453,5113049
96041,5146811
96476,5072900
91638,5064633
94409,5155944
140599,4013357
96037,5156511
95278,5104214
119894,4482844
120018,4436922
145568,4037569
98164,5085485
99465,5086857
121239,4489953
120295,4437379
98190,5042665
143061,4522796
143177,4522728
120289,4481536
36667,3709596
36905,3710762
120015,4480722
114137,4442053
114138,4389479
31812,4138510
31886,4112236
141111,4219912
5836,4056142
128953,4136619
101753,5036724
144245,4343126
140451,4222325
140565,4327238
139837,3967523
140222,4014800
31324,4563183
31123,4510609
126760,4209611
31480,4512199
31215,4459625
5464,4266083
5463,4213509
141127,4268408
6005,4266363
6088,4161336
121691,4384700
122847,4391771
102783,4988043
145650,4100374
144158,4263354
92131,5070839
92712,5111094
143457,4339689
144137,4314729
31176,4560889
31019,4508315
5582,4108433
91636,5024368
95292,5066829
94399,5118552
96033,5119167
138940,3658815
139112,3676638
96859,4985735
128945,4188202
131495,4099592
97196,4989335
99459,5081735
96449,5032158
97625,5041543
98230,4995452
142014,4334010
31801,4157087
84735,4867986
82870,4815412
141333,4417470
141534,4482897
36382,3948010
143121,4495045
143251,4470170
148809,3708379
149294,3788424
143002,4550177
141999,4358048
120579,4429071
121674,4429924
99445,5041166
107053,4310521
106289,4257958
107003,4311571
108619,4259995
100404,4990188
106281,4207420
148729,3630812
148814,3708368
105625,4354240
105813,4257957
101751,5037900
105611,4306926
104794,4445918
104929,4445900
104951,4400218
120575,4471934
105388,4354249
37752,3529530
142467,4286063
128941,4224481
102779,5039721
31629,4148545
31903,4132969
101741,5043420
119664,4494646
126766,4228748
92722,5070951
32899,4093568
32816,4040994
118898,4525984
118541,4441293
118533,4455888
118373,4440903
118107,4389564
93872,5111128
117797,4423812
117645,4457474
117375,4520995
117363,4468584
91626,4983762
38087,3720636
144395,4238225
116445,4354920
140485,4274885
140659,4379762
114973,4323510
115026,4283929
126779,4242932
114692,4296644
32408,4073100
113995,4395723
113996,4448297
114042,4349212
125331,4268541
97623,5045514
145660,4090143
97212,4940599
96029,5078440
95310,5026073
121543,4425727
122903,4482498
94395,5077792
35956,3792540
35552,3896848
6040,4108804
6344,4161356
99441,5041714
98284,4950331
27564,4159464
5738,4056058
97609,5000435
22239,4113468
22802,4144248
146501,3889835
139535,3918442
139900,4019239
142266,4179287
30770,4146172
143345,4417614
5729,4003522
99423,4996675
35507,3931314
108629,4209105
106963,4260906
100434,4945216
143165,4442487
141421,4470028
141630,4534637
102771,5091560
101571,4997698
31535,4356033
30986,4303459
144887,4552361
144815,4499790
145575,4604919
35988,3759422
142334,4230911
143127,4232441
30819,4421420
30521,4368864
30821,4473994
31001,4471849
92724,5030415
146502,3840212
143078,4602751
93876,5070911
22695,4194276
32287,4111641
5764,4003602
5460,4218989
143265,4337381
143491,4392067
5459,4271563
144339,4290568
5444,4166453
140454,4273753
96027,5037511
139359,3757449
95330,4985173
99411,4996664
94389,5083069
140533,4327412
140747,4378463
97599,4948273
119668,4494079
120573,4472586
92150,5036336
98275,4902961
142326,4338345
91624,4939089
119255,4521140
143390,4417503
144053,4367262
119266,4548102
124711,4360791
123539,4409082
124738,4398473
125271,4315037
5578,4113913
5676,4055981
118908,4538637
119670,4520587
92734,4987725
93880,5030568
23641,4155699
99412,4950335
125382,4364198
5935,3951037
102271,5047342
100429,4899461
102752,5099898
102761,5144116
5427,4218973
126775,4257224
128951,4277055
30806,4151905
5980,4056265
6110,4108817
106964,4209092
141273,4368999
5575,4089527
108633,4157944
122859,4416669
122882,4445623
31004,4524423
149218,3761067
149204,3708493
144705,4447231
144961,4552348
141507,4521655
141700,4504018
139852,4071752
140166,4067258
120571,4501494
143239,4389931
121425,4461759
126737,4307059
31111,4500986
99416,4950335
98267,4850808
97585,4895998
119680,4537347
116441,4322761
116861,4321855
119272,4580940
118535,4466446
117802,4436957
140627,4378450
140813,4325918
30422,4317242
30310,4264700
139247,3707784
118375,4455382
117364,4444325
118112,4404156
140715,4221462
116015,4284357
116397,4283086
115036,4244129
116044,4244041
99418,4902978
101525,4952035
108641,4105382
142048,4281978
100423,4853877
106994,4156529
144286,4237309
5950,3951091
92159,4942541
92740,5035914
92170,4897464
33348,4093011
33775,4086206
142025,4306015
139071,3653263
144304,4237087
26582,4233865
143306,4389913
143513,4470063
26618,4233930
30859,4448430
142246,4229793
32269,4191603
32270,4139029
121366,4485190
141589,4471151
141766,4510407
120569,4520988
94392,5037076
119692,4549311
117815,4443899
28290,4134761
92745,4991519
93888,4988287
57969,3410372
58489,3410448
140926,4168428
6058,4056271
6284,4108819
99422,4904239
141218,4316574
141523,4418674
5979,4003719
118912,4569342
119097,4545588
142027,4358573
142205,4253827
98259,4805474
97236,4895085
94420,5089650
97588,4850913
95360,4939979
117372,4444483
140949,4218602
144577,4394678
144822,4499790
140891,4273362
30408,4316322
30619,4419289
28292,4163964
30192,4212335
99428,4857650
140695,4326007
101531,4906451
100419,4808086
27086,4182811
145425,4552347
145479,4604911
108647,4053991
5161,4324081
5162,4271507
142733,4389124
142621,4441680
143033,4336564
139814,4124253
140094,4123117
123515,4498197
122781,4466992
122057,4476730
122802,4458097
30128,4264748
122080,4465790
121265,4503297
119407,4645590
119408,4593016
5667,4108517
5429,4194587
131662,4151156
135796,4077596
115056,4203299
112411,4051658
112408,3999084
99436,4809523
5164,4299619
31023,4407064
98262,4759202
97590,4804930
143374,4442473
143625,4522623
33793,4038973
5651,4138147
5793,4056056
103239,5249250
103240,5196676
117843,4496473
117852,4415323
117408,4402596
141663,4503053
141840,4457851
108650,4106565
108655,4002499
99438,4761999
100855,4860660
100411,4762057
30502,4366747
30743,4455755
18882,3895226
141858,4405401
34236,4083885
33979,4049177
148703,3603418
148836,3683386
143196,4284931
144673,4447238
144942,4552349
119095,4545498
118914,4517706
142511,4492222
142694,4494240
140834,4220970
138942,3639273
97244,4849583
18930,3942909
91556,4848743
99444,4713119
92746,4946353
95382,4894774
56910,3633282
97592,4804482
30127,4316364
98245,4711961
138944,3622499
121151,4517038
120567,4554960
6041,3951162
141140,4369120
141588,4363155
148880,3655946
149289,3761030
142122,4411097
143225,4337387
139754,4176434
139858,4176813
6106,4003719
6224,4056274
118918,4520361
117395,4368550
117805,4418172
143470,4495033
143727,4497288
118529,4469201
18982,3919687
21143,3964637
140652,4064239
117812,4401598
99452,4662981
100867,4814631
100407,4714868
34540,4033719
128415,4359633
139369,3685642
139314,3631212
30586,4403213
141735,4450497
126735,4353582
35928,3844760
144521,4342129
126750,4402679
32425,4072578
99502,4612898
97254,4853118
144265,4288041
98237,4759034
103757,5354386
103753,5301812
95398,4898417
92750,4949824
97563,4807896
144783,4499797
145012,4604905
149648,3840998
98221,4762018
125359,4408947
140785,4273499
142595,4544782
142780,4546800
141760,4396943
141943,4457958
30253,4366771
146022,3996883
145918,4049133
146126,3944573
56675,3453699
57994,3462897
149273,3813579
32145,4151190
139397,3705615
21336,4069046
21216,4016472
91232,4803266
34948,3983526
35915,3879041
138599,3688723
146378,3892402
147050,3790876
92178,4852125
139799,4228993
139908,4229356
99799,4664875
100795,4767442
113607,4153395
113589,4100821
128211,4455253
120159,4588355
120001,4593311
120181,4640720
119877,4578528
120014,4645885
119884,4563699
119633,4553004
120623,4569490
119425,4584164
119642,4521545
120636,4622037
119458,4552061
119295,4565016
119147,4513767
119291,4554149
142512,4439666
119141,4477107
118922,4504542
143586,4494874
143869,4444728
30682,4395888
126752,4430318
118389,4452632
121142,4477586
143681,4337237
118099,4452590
118365,4420383
117830,4421638
117818,4412450
117381,4331299
116422,4289812
33388,4044932
115403,4203888
126770,4472694
6020,3898612
125368,4450578
124503,4425008
123663,4447165
124510,4477183
5652,4113998
5723,4108584
120792,4485396
97268,4856767
98179,4713942
123633,4499341
141667,4415626
97566,4762068
122084,4491594
5722,4108545
108658,4055073
92756,4904506
94009,4950308
115382,4162957
141080,4321315
141341,4421694
108623,3950865
94036,4954107
5797,4003518
140558,4064729
95408,4902162
144877,4552353
145124,4552347
147482,3574884
33577,3997643
144424,4289593
144976,4394685
142673,4597342
142854,4494240
32783,4032639
30375,4403235
34253,3999080
25778,4286430
25770,4316493
115021,4162398
142341,4281370
5144,4352148
5143,4299669
5362,4247113
5357,4247125
144281,4287860
5433,4142049
143707,4286827
139710,4177379
145672,3980205
141430,3927631
126774,4500069
125337,4477041
143737,4288118
144397,4340366
128209,4552643
126804,4493607
143953,4392168
139841,4281543
139956,4280537
146076,3996902
146130,3996890
146030,4049251
146078,4049001
145984,4101540
146031,4101310
145936,4101471
145986,4153579
145938,4153523
145890,4101358
25769,4369061
25967,4293827
141850,4449500
142021,4487507
142824,4387106
30800,4354522
25883,4294559
26597,4241264
140733,4116499
143676,4442314
125408,4470339
145254,4499788
33256,4032456
116758,4292252
117379,4377159
140757,4166746
141029,4271140
142215,4248747
123634,4551915
123640,4489482
145840,4153664
145891,4153445
97239,4811033
143079,4284016
143557,4284711
94042,5006160
95422,4954234
117369,4337328
98171,4766196
98801,4664275
98852,4613993
99541,4562572
99828,4614588
90808,4757319
92194,4904699
118924,4471608
144971,4499795
30457,4395908
142761,4544782
142954,4441680
26985,4190017
141624,4344606
141154,4373855
142299,4305400
142784,4333500
141937,4240324
142255,4300779
142081,4463435
32784,3988867
103750,5249242
104057,5354386
21215,4069046
116424,4250074
139381,3738216
140124,4119729
103244,5249250
140717,4169039
103756,5301816
139883,4282472
140012,4228005
126808,4486433
26947,4242581
27523,4137552
141912,4480295
139678,4124842
139844,4229926
125720,4463952
144829,4341301
98172,4818770
98196,4764330
96701,5006808
143820,4389754
128369,4539007
126829,4455719
95411,4908780
122086,4524699
94050,4956980
123649,4523385
5002,4404843
5001,4352269
8966,3846168
148902,3708495
117832,4382101
144314,4392914
33255,3989389
116428,4208958
138640,3671081
138644,3648297
138716,3653377
30553,4354524
27616,4138068
145077,4447235
5586,4037038
142986,4389120
5435,4142061
113944,4153395
113583,4048251
142269,4300370
142775,4357530
5355,4194587
5145,4299715
142815,4492222
27583,4142303
140990,4323529
141957,4291948
141065,4375813
141214,4424255
118928,4431721
114786,4174483
114785,4121909
115024,4121738
114792,4078617
146164,3944770
146329,3944754
146752,3944849
146173,3996924
146134,4048993
146084,4101034
146035,4153323
145990,4205570
145946,4205524
145895,4205453
145839,4205707
116188,4168254
116432,4256814
31760,4190299
31244,4204417
115994,4318593
115993,4266019
98226,4715461
96611,4863132
97229,4763977
140056,4175447
142868,4334558
94054,4960409
92760,4858677
96636,4815594
95387,4862567
141986,4487670
139939,4280540
94062,4911064
111563,3949839
112397,4044666
34917,4034324
126802,4444470
139388,3656035
118359,4380790
113581,4045718
117846,4341905
124577,4516482
61407,3143778
61408,3091204
113952,4098292
116830,4297456
113578,3994201
140078,4172012
140312,4172279
116393,4261415
138714,3627973
138774,3632677
116823,4302284
30641,4303449
123625,4537090
122075,4536281
34370,3999692
35260,4034491
33172,4043937
140920,4322619
97197,4715375
139642,4074793
139903,4074155
98252,4665305
96631,4766999
33421,3996899
34026,3947174
141121,4426415
141262,4470893
142907,4439662
92762,4812000
95369,4815763
115504,4214389
116011,4219807
94066,4865239
115048,4078149
112393,4000186
119650,4487482
144224,4445438
144738,4445488
119888,4616273
119259,4508287
119257,4493138
118938,4482111
33292,3941098
116381,4220971
149263,3866129
149374,3866153
116834,4262204
113563,3941650
90663,4710495
92297,4759983
139989,4227997
138772,3602659
138838,3597035
5784,4055985
92275,4712066
92766,4864412
30765,4251040
5660,4061453
81248,4920556
141462,4313408
141853,4292572
98280,4615205
140009,4124859
140154,4224567
5453,4089551
5345,4194633
5235,4247178
5348,4142123
97179,4665473
5232,4299730
99511,4512247
5000,4352274
96613,4717102
112915,4052760
139366,3604569
143015,4492212
142963,4439649
143105,4544675
112389,3947628
100120,4564418
100144,4513944
100794,4616992
92772,4816498
93637,4816508
95347,4767177
93633,4767273
94070,4817433
123621,4562984
114794,4131191
112385,3896126
141201,4473904
141336,4418499
122061,4537769
109569,3900537
140919,4270336
141248,4371203
84200,4762846
90358,4662036
116363,4177779
116844,4221295
145841,4257893
145899,4257528
140668,4114493
145950,4257515
146000,4257555
146045,4205330
146092,4153063
146142,4101193
146179,4049164
146332,3997028
144096,4445696
144329,4497998
141918,4540242
139946,4280306
21169,4017211
53942,3536961
141917,4592816
27611,4167036
28298,4216410
139594,4023274
139742,4127308
114796,4032436
143454,4389833
143453,4337259
145593,4310381
145847,4309993
145594,4362481
95337,4716397
96605,4717325
98294,4564289
91695,4768017
91696,4715443
94072,4870007
90991,4819653
90992,4767079
138840,3565874
33336,3993316
91191,4872901
91192,4820327
143006,4492206
143157,4545603
91961,4715483
91962,4662909
61410,3143778
61534,3143774
64985,3038640
25819,4347127
141243,4471040
141426,4365955
91401,4820541
91402,4767967
98306,4615969
99399,4461865
142267,4659531
142195,4606957
145851,4361958
145596,4414446
146336,4049142
146144,4153189
140071,4177414
140198,4276939
139480,3574330
96608,4666976
95344,4665792
33353,3944735
33445,3946005
38036,3770840
38506,3684692
116280,4126669
93625,4716163
92774,4764478
123895,4554831
123954,4607385
124353,4537841
139524,3866900
139567,3970947
124408,4590415
35227,4034625
35428,3982060
124618,4569056
123329,4595347
123617,4615538
122863,4594621
123358,4647901
32025,4139219
122251,4590313
122874,4647175
144173,4498256
144409,4550562
120695,4483573
122311,4642873
122068,4590343
141221,4217854
98320,4565319
96618,4666713
140648,4062266
141160,4165483
141554,4397631
141489,4365968
141797,4345132
119275,4492622
119673,4445794
120005,4487001
139002,3598941
119274,4453324
118879,4468326
118521,4448874
118890,4477669
116193,4081401
115397,4033849
116222,4036315
118333,4409479
118101,4369359
118348,4462053
118515,4479173
116380,4181835
117411,4272802
139680,4075710
36014,3811926
37509,3823389
38428,3735284
149136,3971280
149135,3918706
117877,4323747
118104,4421933
115401,3988626
115011,4032474
115040,3987198
117414,4324973
114327,3986832
114338,3942129
145855,4361640
142893,4387089
117715,4375619
142155,4554387
142304,4659531
5228,4299766
139212,3609334
145598,4466806
26937,4295149
4998,4404833
112386,3850183
138102,4144628
30752,4198569
143090,4544563
143219,4494616
90106,4612138
90777,4714561
90775,4715900
91047,4819444
91007,4768311
91151,4769302
91381,4717879
91675,4665407
91953,4612884
92778,4766370
96622,4616377
140613,4063531
141132,4113223
95352,4615633
140254,4224827
140410,4224684
93621,4666113
141313,4418483
35947,3826813
35732,3929498
92782,4716531
149138,3971280
149139,3866136
139000,3567745
140133,4228608
98324,4513609
99402,4411129
35961,3793578
33340,3892327
140580,4114915
141373,4112043
144008,4393190
138870,3534498
139131,3575811
100775,4566518
96628,4565217
145456,4687808
145412,4638322
145492,4674814
145494,4687806
145520,4622700
145522,4674366
145566,4570970
145569,4622718
145588,4519017
145589,4570979
145622,4518785
145624,4570879
145662,4466426
145664,4518822
145724,4413905
35100,3792315
145729,4465813
145859,4413565
145878,4309594
145881,4361546
145906,4309676
145911,4361723
145959,4309606
146011,4309689
144279,4550820
144503,4603130
146053,4257348
146095,4205100
146147,4205334
146184,4101184
146189,4153376
98366,4462825
146340,4101693
28111,4268845
28312,4268892
141260,4265479
26980,4147005
35120,3757580
36001,3846103
96642,4514441
95374,4616483
36286,3864481
93617,4667067
120666,4446280
92779,4717546
140457,4277258
140241,4067730
56912,3633282
139558,4023492
33305,3942465
33832,3842690
127619,4475377
127620,4422803
141410,4367392
141743,4397627
149140,3918710
149133,3813593
146514,4154255
146509,4102104
146342,4154215
149259,3866140
26995,4196359
33257,4027047
140511,4167190
141095,4165265
33853,3894879
124012,4659959
142156,4501821
142358,4501821
29857,4251016
125093,4549475
125094,4496901
139300,3576306
123742,4668112
35884,3828506
36423,3898655
143197,4439456
122439,4672261
122890,4699749
123378,4700475
143132,4520765
143283,4442056
4843,4404906
4844,4352332
122442,4724835
122338,4695447
32885,3993233
33343,3936685
124839,4570056
124840,4517482
119636,4405591
140181,4276958
140326,4277008
108547,4001932
129295,4404681
129296,4352107
120674,4453634
120642,4408181
30020,4132347
30791,4149350
146747,3997190
33809,3938146
33827,3887086
100157,4463703
96644,4565929
124593,4611490
124594,4558916
99406,4360635
98378,4463750
27927,4426351
27923,4373777
36944,3874498
37966,3787831
116924,4284493
117418,4331883
117693,4376840
116714,4234225
116913,4287834
116732,4237361
116388,4135998
28016,4373953
28011,4321379
146507,4049642
146344,4101828
144359,4603388
144567,4655702
130147,4358054
130141,4305480
95378,4565926
96658,4515215
93614,4616640
145459,4638324
145502,4636800
145458,4587239
145411,4587249
100823,4053023
109733,4054408
143905,4340642
144308,4445764
139702,4127340
143400,4337688
92769,4667276
112404,3805144
149134,3866167
149147,3761045
124299,4636883
124300,4584309
149257,3813603
143361,4389511
139557,4075268
139621,4075197
143426,4339056
30036,4114317
31229,4201866
120566,4369453
29690,4613715
29272,4561141
29070,4508585
29277,4511911
141344,4317167
141703,4415637
143190,4468205
147036,3843182
147116,3741676
146743,4049444
5152,4352326
5221,4247228
126812,4422639
128372,4475377
5156,4299788
125134,4475031
127634,4390297
146346,4101638
4846,4299790
28884,4532236
29071,4459355
143184,4385635
140378,4275747
95394,4515390
96662,4464524
89918,4562041
90603,4664616
93603,4566215
98382,4412701
92767,4616970
99383,4309809
100159,4413209
90606,4717046
140261,4118984
140623,4219735
140136,4225250
140225,4277789
98361,4413056
23649,4151398
91154,4718210
91345,4667664
91641,4615232
91947,4562719
92491,4665458
123847,4622509
123848,4569935
142310,4449255
142677,4410001
143143,4409665
141596,4207850
144463,4655960
31642,4178835
32114,4096721
139849,4025610
140169,4120152
139497,3767443
146739,4101633
116907,4290693
146348,4153691
117422,4383374
149408,3866177
135878,4056556
138069,4130170
148904,3761069
116560,4188055
112406,3857718
23651,4203972
23983,4098873
141684,4259474
142039,4344331
139657,4127634
139750,4079444
112424,3758834
114340,3994703
114346,3897104
28776,4522562
28886,4492726
115060,3942272
117405,4387676
14899,3867092
18779,3852846
129291,4305002
130137,4254274
131071,4358054
127650,4351730
117709,4386073
120422,4330283
121192,4422027
96678,4413702
126822,4390123
93606,4514138
95404,4463405
125141,4484978
143319,4390221
92757,4564741
98359,4361868
139579,4023509
139130,3542860
100163,4362383
99371,4258916
141279,4264607
141660,4367728
143752,4393184
144335,4393199
98333,4362203
146427,4153940
146736,4153735
146425,4206058
146350,4205657
88162,4764748
28688,4477068
28793,4545283
140299,4225250
59795,3417385
140227,4172700
139499,3719757
139515,3769783
4848,4247238
29680,4564485
60170,3367927
116404,4087022
29281,4460899
29077,4406818
125139,4433321
124852,4466589
124608,4507954
31374,4085036
32592,4050023
124310,4533281
123866,4518827
140525,4272210
140863,4272309
28586,4426013
28705,4528235
116906,4239512
145112,4692350
145110,4744888
145332,4639787
145324,4692325
131067,4306848
145415,4534725
22696,4246850
139687,4077948
139802,4026928
122933,4539538
122934,4486964
141962,4396854
142235,4396693
129276,4253233
146731,4205724
98327,4310539
117401,4341349
130134,4202294
146423,4258000
95418,4412694
96680,4466276
117373,4341639
93610,4461906
96686,4361699
127658,4300420
125131,4382425
126850,4345671
100039,4311490
28316,4321213
92751,4512377
28115,4320959
28010,4373479
99357,4207306
27924,4426351
27914,4403398
143270,4441909
98291,4258834
119687,4366814
142607,4462278
143066,4462362
28474,4373746
28601,4477492
139816,3974381
139865,4077320
35228,4087199
28472,4425153
28320,4372604
146354,4257702
118511,4489079
146151,4257295
141182,4212199
141379,4317179
139521,3819571
118512,4541653
118505,4473342
145319,4744865
145108,4797433
146356,4309580
146727,4257636
139834,4026327
140119,4123544
96690,4310137
31610,4217868
92743,4461980
95420,4465268
95440,4360517
93630,4411367
94721,4514480
51261,3402798
53867,3465569
131674,4202751
89700,4563167
90179,4511798
126846,4382265
127662,4339968
130130,4253705
129238,4300886
117300,4290201
119515,4327573
143658,4444125
144231,4445741
90608,4769620
125106,4414771
36162,3951215
36925,3924315
100023,4259880
99362,4155774
98316,4207226
139564,3918464
96704,4309608
135907,4030043
139729,4025417
139383,3543824
31379,4228398
26979,4194604
27245,4248846
145199,4797427
145311,4797171
145202,4849737
145018,4849746
145017,4901910
139609,3970978
139559,3871155
142517,4457205
142642,4514836
140487,4324709
140691,4322615
139501,3671403
146724,4309999
29283,4513473
29285,4408362
29630,4513473
146178,4309300
146364,4361945
146185,4361251
146150,4309284
146082,4257113
146040,4309345
145994,4361892
145996,4414053
145910,4413928
145880,4413511
34929,3836606
145846,4465384
145712,4518356
145737,4517515
145686,4570876
145713,4570050
145684,4622570
145646,4570798
145644,4622462
139705,3922803
145608,4622677
145604,4674314
145525,4636777
145500,4587251
145464,4534736
145419,4482214
117881,4432653
118499,4433245
4724,4194841
4722,4142267
117330,4294452
120235,4289320
120876,4382857
143224,4388177
142543,4509762
142746,4567390
131687,4254109
27191,4144149
96708,4258601
95448,4309615
92741,4411437
93642,4360624
141910,4449410
142174,4449210
145206,4849541
143296,4389678
143581,4391598
130125,4301292
126841,4414624
127625,4373447
33484,3989326
34865,3887760
145015,4851042
139772,4026298
139876,4078884
4721,4194841
125081,4442745
27210,4184933
55465,3486725
56691,3496848
129195,4340311
139691,3973243
5384,4089697
141381,4369753
100017,4208348
99366,4104165
98346,4155604
146715,4362121
146366,4414051
123870,4466276
96714,4258642
116961,4242452
116777,4191245
116968,4295026
116645,4139390
116780,4243819
116648,4191964
116399,4040732
5224,4194677
143761,4496682
115069,3993034
117358,4297341
37148,3838962
114153,3851712
114321,3949666
113861,3805868
114141,3904274
113819,3858430
96724,4206942
112236,3713029
95456,4258014
92737,4360070
93652,4309080
117354,4252435
117760,4343489
91075,4514002
91059,4461428
89562,4615524
37169,3933601
145307,4746567
144927,4798746
146712,4414231
32886,4011220
33274,4013889
146368,4465988
140445,4275204
140543,4376448
28304,4371367
31267,4280962
31573,4208400
28890,4440186
108873,4106914
111269,4010467
131669,4304253
122957,4501376
123880,4486374
130122,4340738
127604,4404128
125072,4465920
129160,4373761
126838,4442614
99396,4105379
4677,139
4634,117
32680,4044594
142605,4562317
142802,4619773
117183,4206733
117438,4301756
29580,4460936
9627,3839868
29287,4460936
29289,4355806
139811,4078843
139932,4130717
116389,4069263
99380,4156527
90165,4564161
92593,4410893
92610,4463271
96736,4259305
98370,4207967
108511,4159424
108910,4159488
91056,4513791
95443,4310377
115075,4043998
141446,4159893
93664,4361482
107755,4211940
108516,4211964
146416,4466318
146708,4364896
144928,4746239
146417,4417078
145303,4694060
118671,4433476
118674,4486050
118841,4383535
146370,4416441
118844,4436109
119059,4333123
143635,4496696
143897,4549242
143524,4444153
118492,4389244
119049,4290900
141844,4501971
141994,4501966
32703,4023118
117780,4388472
28295,4394922
27866,4405645
27642,4353186
27868,4444524
140617,4375159
140937,4270220
89200,4665584
142387,4448720
132863,4356827
27418,4301293
27715,4392070
131658,4347781
69143,3066759
139674,3870618
64986,3066451
5498,3984611
5445,4089597
126836,4465799
131653,4393530
123890,4500777
119511,4288244
127606,4429249
130118,4374194
139534,3874266
139663,3823011
125078,4486015
35883,3881069
36313,3783802
129168,4404414
122955,4509899
140473,4327722
119357,4243919
119829,4243889
146703,4312442
146419,4364552
144930,4693711
145299,4641532
117739,4347197
116392,4073954
142689,4614857
142878,4619056
118084,4439821
98386,4208663
115078,4096572
139728,3974585
139853,4130174
139974,4129473
93666,4413279
94173,4362162
94180,4414520
96750,4311682
95425,4362735
139533,3926840
91068,4514711
91706,4566365
143523,4496715
27605,4347679
140963,4217678
141363,4162570
119587,4199096
143731,4549256
143989,4601800
28286,4388123
132865,4446104
69144,3034047
28894,4436851
131650,4426754
31621,4169037
145291,4588994
146696,4260172
144932,4641173
146372,4465131
141892,4554470
142066,4554466
145908,4465798
145966,4466213
145964,4413714
146004,4361554
31083,4300393
31341,4300148
129192,4429425
131643,4468797
31481,4260948
123898,4479411
125086,4469103
127610,4450709
130114,4404790
140393,4222655
122936,4487276
98402,4157330
28120,4440583
28283,4354469
28020,4488522
28122,4493157
28022,4541096
27837,4393387
140507,4378492
140701,4378492
29534,4408380
29297,4303373
29079,4405235
92618,4464151
31190,4125632
120198,4248089
94489,4414555
95415,4363627
96754,4364229
27387,4295233
32612,4027552
94513,4465649
93903,4465783
94212,4467094
92619,4516544
93924,4518357
97497,4416803
93670,4465672
96756,4312481
4633,139
88938,4715558
89997,4716731
142773,4643225
142960,4566498
145287,4536456
91070,4567285
91031,4567074
144934,4588635
139891,4077663
140030,4178025
118053,4394555
118298,4439414
107756,4264456
108524,4264480
131640,4457350
132885,4521371
121447,4545720
121448,4493146
141081,4322802
140985,4270228
139830,3973514
4587,99
31084,4269076
33486,3971551
139614,3826245
143863,4601814
144089,4550856
116436,4052719
116936,4126528
143287,4441888
35959,3933618
36542,3933611
142288,4500688
143145,4461230
122940,4492703
129224,4450833
96760,4261092
121450,4496341
143937,4549259
131637,4496648
95401,4364379
130108,4429797
127614,4469028
123910,4486674
125090,4479057
141952,4605344
142114,4605273
118277,4441238
141843,4554545
28896,4449224
145283,4483917
120140,4203217
120418,4252367
144936,4536097
140575,4326425
140797,4375225
29083,4355720
92620,4568011
93286,4569118
140097,4020534
142996,4513979
96762,4313066
140351,4170111
140519,4274317
143037,4484766
143199,4489074
35886,3933643
144151,4498296
140113,4071681
93443,4517375
93682,4517352
118465,4391187
118974,4341108
140074,4125513
139503,3622056
31412,4034882
143233,4492756
121211,4220466
120948,4167892
142843,4590668
107745,4316976
108536,4317000
132679,4549222
139947,4128683
96770,4313735
95391,4365166
131634,4482355
142320,4499666
142771,4500071
31385,3989745
145282,4431612
139528,4036515
139527,3983941
144938,4484209
127598,4478974
129212,4469106
130104,4451208
131631,4519536
143947,4602644
121326,4494692
121458,4494685
122938,4496120
96792,4209706
125102,4486327
139786,3921010
123916,4492100
31220,4217585
141183,4375374
141071,4322800
120067,4154860
146976,3895492
147038,3895682
146954,3947765
146978,3947962
146928,4000006
146962,4000119
146892,4052161
146930,4052426
146832,4104244
146894,4104694
142032,4572639
142170,4570364
146796,4156272
146827,4156677
146776,4208250
146792,4208579
146768,4260527
146652,4312131
146692,4312445
146626,4363723
146654,4364082
146524,4415810
146619,4415658
146526,4466521
146200,4413198
146202,4465127
139630,3775661
139777,3873389
145752,4517071
145753,4568705
140865,4322669
90273,4717872
145417,4531384
145244,4484138
145295,4379674
145196,4536637
145239,4432172
145142,4536848
145187,4484633
145090,4589037
145133,4484817
145040,4589170
145085,4537006
144984,4536711
145027,4537125
144990,4484750
144906,4432313
144856,4380363
144893,4432571
144810,4328351
144847,4380589
144768,4276280
144805,4328540
144718,4224162
144763,4276439
144678,4172008
144726,4276640
144636,4119805
144682,4224488
144602,4067501
4588,121
138854,3501914
108542,4369574
93686,4516459
140675,4374156
139336,3508647
92636,4567049
107741,4369502
91032,4619648
139530,4036515
139549,3931371
33907,3938313
91013,4617442
36205,3888909
95392,4417740
120434,4208211
143217,4491782
5420,4037131
143057,4513422
96784,4261781
146530,4518733
120308,4161774
120868,4260785
28280,4317896
28834,4406641
146204,4517310
140793,4269176
145409,4583582
145757,4620897
132735,4572110
28836,4459215
131626,4503602
142859,4605197
142860,4552623
4529,85
142969,4537308
135116,4591094
131589,4538520
144035,4550084
139856,4025668
122946,4495886
130100,4469460
131612,4521837
127594,4486210
123942,4495290
125124,4491745
129200,4478993
122980,4494217
140039,4073068
121462,4472070
89834,4770381
90485,4667744
138720,3466009
140278,4222652
140587,4220807
140913,4322689
145761,4673033
146534,4570872
142230,4517807
146206,4569423
5415,4037198
145407,4635722
142094,4520083
37124,3888709
87290,4817237
146947,3754819
147122,3693074
94509,4466516
147018,3948197
147042,3948097
146996,4000509
147020,4000511
147002,4052810
146980,4000270
92631,4619519
146878,4156908
146898,4104674
146874,4156774
146824,4208821
90989,4669918
93690,4517466
142176,4467206
90733,4720225
107742,4422076
139571,3878805
58497,3463022
141711,4310309
56712,3526479
146208,4621247
108495,4422076
107733,4422034
140767,4321600
145765,4725446
146538,4622933
145405,4688073
139540,3983941
146956,3706187
147262,3644421
132295,4574411
146212,4673565
131607,4553496
142937,4561114
118468,4443761
130097,4479330
129183,4486146
118280,4493812
118056,4447129
121472,4432398
125148,4494929
127630,4491574
121325,4547266
123958,4493619
123014,4471614
117385,4256180
117394,4308754
116983,4156329
117189,4208246
139520,3723550
139648,3827775
116773,4104693
116782,4157267
116450,4008062
140005,4125569
142339,4624872
142281,4572310
142533,4677108
114324,4002240
114144,3956848
113820,3911004
113822,3911004
146542,4674927
27884,4359877
27922,4412135
146214,4725830
28272,4369074
28859,4266319
145545,4738992
145769,4777751
139964,4077018
5479,3984678
145541,4791320
145403,4740378
146218,4727285
120062,4110308
145771,4791241
27738,4392090
90742,4772720
95849,4313349
95307,4364664
95916,4261728
92623,4672008
93041,4569062
139607,3879725
139724,3876330
94839,4415715
95334,4313298
91022,4722413
93046,4621539
94846,4468262
22836,4112821
24003,4100806
93694,4570008
140811,4321722
140999,4374364
24838,4089379
142158,4467528
5592,3932177
143232,4770993
143168,4718429
143667,4823553
119892,4064799
132639,4606070
146546,4637663
27828,4393132
146220,4740667
107734,4474608
108487,4474608
131599,4531443
107719,4474572
145539,4843587
145401,4792631
146224,4690002
145773,4792903
146618,4428863
146658,4415977
146686,4364356
146764,4312770
140216,4176524
140426,4275162
146790,4260828
146820,4208840
146870,4156769
146902,4104648
146938,4052378
140683,4273025
125156,4493243
127696,4494717
123920,4471008
139539,3931375
129172,4491420
121480,4391908
88542,4922279
87780,4869705
123030,4431943
22864,4110530
24773,4139050
120390,4214348
141393,4115089
139950,3921770
146550,4585584
146226,4690209
145777,4742301
145315,4327654
145779,4689942
146230,4637982
145234,4380121
145180,4432563
145132,4432717
145084,4484906
144882,4380482
144838,4328458
139919,3873966
145026,4485009
144794,4276367
144762,4224225
144992,4432661
144730,4224405
144637,4172288
144686,4172210
144638,4119971
145399,4742049
142863,4477556
91009,4774933
92613,4673087
93897,4519311
94854,4520785
93906,4520118
93696,4519247
90744,4825231
142197,4519748
142349,4624874
142871,4508255
90225,4876557
90852,4826371
131580,4543451
107263,4527132
107705,4527118
108459,4527146
146554,4533355
146232,4637843
139998,3972791
107264,4579706
107276,4579678
140897,4324416
141061,4326933
88396,4821681
88882,4822879
27471,4288220
139584,3930786
139653,3932281
145783,4690079
35077,3784905
146240,4585658
28256,4373143
145397,4742249
34414,3887589
121367,4270258
121236,4217684
120700,4268926
120618,4216352
140028,4023860
140173,4124222
27990,4419108
143098,4665869
143242,4770989
88694,4924160
88006,4871586
146242,4637956
146558,4481103
94858,4520834
123906,4431320
140282,4228439
131582,4546529
123042,4391442
93908,4468326
125136,4470613
140633,4221482
117193,4260820
129188,4494535
127654,4493005
145787,4690217
146246,4585774
145395,4742405
121494,4350595
141627,4263176
141873,4362744
142404,4362444
147046,4000431
147024,4052946
147006,4105306
146984,4052788
146960,4052625
28998,4318893
146936,4104866
146906,4157093
146866,4209204
146818,4261200
146762,4364774
146688,4416344
146662,4468551
146622,4379720
146560,4533480
142108,4415243
142263,4572310
142431,4677434
146248,4638099
107701,4579672
108383,4579692
107278,4632252
107280,4632232
146564,4484369
35105,3748901
36266,3731266
145791,4641200
146252,4690545
145393,4693400
4530,107
140969,4276500
141123,4379497
8074,3879728
34468,3835636
93940,4417189
93453,4570992
93734,4468288
31172,4165108
94862,4469776
28910,4213902
139542,3983949
93482,4520089
139583,3983344
139683,3982966
28680,4316834
28528,4264260
141997,4414843
93074,4570961
139758,3928880
34071,3710795
35377,3744355
92041,4725611
92646,4674164
141133,4067249
141443,4166963
120263,4168880
120168,4116306
91251,4776087
92038,4725763
143149,4718429
143328,4823549
121506,4308952
127624,4470557
123056,4350350
120617,4268926
145795,4589225
129216,4492985
125118,4431148
146256,4641440
123902,4391090
145391,4641434
131604,4544933
27628,4340697
27910,4359263
91284,4828590
90914,4877751
29994,4096449
140152,4176051
140201,4227837
140356,4279407
120522,4166014
142141,4571990
4472,75
30021,4076639
30220,4106190
94864,4522350
94870,4418332
36501,3836349
30721,4118625
142327,4624870
142479,4729672
94874,4365769
107284,4684792
107697,4632232
108367,4632246
146260,4589144
145799,4536963
145389,4589198
29686,4111561
36653,3786687
141511,4215317
28252,4320703
27776,4306823
139719,3981432
139846,3980817
141033,4329064
141193,4432065
142110,4467817
139586,3929968
86682,4869729
30753,4084755
31296,4085008
120858,4117692
29014,4091779
30659,4066727
144996,4380599
145035,4432929
144890,4328418
145094,4432838
144840,4276357
144796,4224228
145138,4380649
144772,4172044
145182,4380516
144721,4172222
144679,4119987
145248,4328064
145327,4275589
144642,4067695
144550,4120061
144605,4015218
144508,4172625
144546,4067778
141803,4315624
142373,4315311
144478,4225193
144509,4120342
144416,4277765
144472,4172910
144415,4225482
31350,4041422
139637,3982509
89434,4875360
143024,4613313
145803,4485003
145387,4537245
146264,4589334
146443,4536803
141311,4167743
146445,4536970
140386,4326877
146568,4432130
91036,4878968
116345,3962529
140151,4226942
129230,4470312
127640,4430857
146570,4484643
146630,4327751
146646,4429277
146648,4378741
146700,4416344
146772,4364774
146800,4313173
143213,4770989
143378,4876109
146802,4313163
125120,4390662
146830,4261396
146836,4261341
146860,4209301
146922,4157211
131618,4522232
146924,4104913
147054,4052698
123053,4350260
119735,4018561
121500,4266746
123045,4308414
27599,4254306
123928,4349785
140249,4229172
94872,4470906
121148,4167847
21396,4136898
22829,4153394
107693,4684798
108369,4684806
107281,4737358
30950,3949515
146574,4484927
146449,4537214
146266,4589568
142142,4569806
142471,4569794
142393,4677108
22784,4118651
28034,4366667
140900,4224388
9687,3845187
141103,4381632
141227,4484637
121485,4313690
120170,4168880
22371,4182004
22919,4205948
30941,4044365
139667,4032626
139763,4032631
146578,4432971
146453,4485235
146268,4537394
140523,4273855
140825,4171838
140033,4025261
4471,97
143281,4823549
143482,4823549
125128,4349319
131646,4482286
127686,4390315
90354,4929170
142973,4560769
143349,4665873
29859,4303590
123978,4307911
121465,4268129
129242,4430544
142484,4464738
123038,4266210
91364,4776253
91396,4775281
120523,4218588
139927,3825320
92664,4621827
140329,4279410
140434,4328669
146272,4485292
145385,4485221
107696,4737372
108355,4737372
140207,4178781
145807,4432974
107282,4789932
141137,4434204
146582,4380949
146457,4433178
146274,4433168
28248,4268261
142494,4499713
30694,4072634
142461,4674908
35380,3796929
36221,3693520
111270,4063041
111245,3964954
144719,4119833
144644,4015266
143576,4770989
139807,3982208
120813,4071280
146278,4380987
145811,4380816
146586,4328785
146461,4380993
139693,3982527
146280,4328733
145383,4433068
141101,4276962
139999,3977382
140184,4075491
37858,3632450
4374,69
142408,4517280
143355,4770989
139712,3774840
139959,3876164
139660,3774443
36339,3734141
146632,4275715
146806,4261017
146780,4312667
146720,4364271
146664,4326694
146857,4157077
146840,4209155
21402,4160115
22483,4234563
119736,4071135
119462,3971084
129258,4390106
131664,4441815
124006,4265953
125166,4307654
127704,4349133
145815,4328560
146284,4276391
146465,4328665
121454,4218826
146590,4276454
123010,4220166
144902,4276292
140371,4280200
140470,4280223
144844,4224195
145335,4223490
144802,4172027
145186,4328435
145146,4328532
145100,4380721
144776,4119805
145381,4380804
145045,4380801
55365,3501060
55468,3513253
144998,4328487
144716,4067554
141755,4368107
141919,4367879
111246,4017528
111229,3918695
25451,4099861
140441,4226076
140547,4276186
89840,4876659
145819,4276144
146288,4223949
146469,4276209
139977,3927471
140163,4028858
146598,4223966
145379,4328389
142904,4613319
143279,4613343
139716,3825423
121456,4171292
69145,3004563
25230,4150060
139737,3930040
120694,4020878
121482,4121553
145192,4276255
145232,4275976
140499,4328616
140723,4224504
145236,4223801
145339,4171319
22687,4248744
23211,4223850
142435,4414580
25452,4105344
143419,4718429
139698,3877495
118965,4085509
118719,4032935
146602,4171471
145833,4223825
146292,4171498
55367,3520157
53941,3589535
145377,4276064
127714,4353920
129252,4395229
125228,4312286
122992,4221133
124022,4268638
86681,4922303
80546,4922251
91254,4922187
131656,4446892
90570,4825505
91794,4775343
92202,4724933
140413,4229370
111230,3971269
142583,4674926
142519,4622352
111233,3871623
25229,4155795
30325,4149419
29585,4164551
29856,4149419
30635,4119273
141149,4118880
141396,4220292
140237,4127980
141057,4119622
111279,3667398
111963,3692202
16690,3859876
18839,3903944
145923,4223889
146296,4119287
146495,4119261
146491,4067061
146610,4223625
145922,4171673
145823,4171587
27697,4216123
145375,4223813
22942,4276411
4179,97
4180,75
29648,4161469
18909,3952090
121488,4172268
119253,4027658
119105,3975084
4108,85
145825,4119306
146300,4067034
145919,4119415
146489,4014820
145373,4171519
127736,4311799
129248,4353430
131680,4405087
124040,4220521
140381,4178925
140455,4280682
140561,4329282
122996,4171246
125246,4268064
18951,3928696
111234,3924197
111231,3821314
141317,4272770
141468,4272817
141851,4420343
142353,4367621
18994,3926892
19864,3971380
142903,4665873
143103,4665893
27252,4151932
22773,4279418
144609,3962876
146519,3962549
146304,4014752
145829,4066938
141875,4473067
141756,4420493
145372,4119141
4008,83
27225,4136539
27552,4163643
26656,4103478
18716,3908524
139981,4085696
139941,4034931
140083,4083977
111215,3645753
112093,3744583
146612,3910503
146193,3858401
20953,4117854
92294,4672424
141340,4325293
141540,4325324
17479,3933019
19825,3978425
26680,4087236
27515,4152007
92034,4722850
144414,4015207
144613,3910589
139511,3672673
127732,4267549
132819,4420022
132820,4367448
132347,4419355
132348,4366781
140655,4277055
140995,4172146
131716,4359651
122997,4223820
129246,4311275
123066,4121101
124056,4170617
125256,4219930
111931,3797119
112597,3796028
111232,3873888
111249,3770941
21652,4191194
146319,3806623
140490,4331474
139625,3879585
139626,3827011
144498,3962919
136848,3272496
136333,3219922
136859,3258534
136341,3205960
142977,4718429
30730,4033327
140360,4123649
141786,4373044
141882,4472707
140395,4176067
145062,3820249
118560,4138079
118559,4085505
139873,3982443
139994,4086898
140339,4077490
33970,3938047
54425,3496143
111761,3750699
112425,3848556
118562,4138079
141424,4377712
141638,4375713
118722,4085509
118881,3980371
118884,4032945
119089,3927811
59003,3579053
111252,3823515
111265,3719874
30709,4031702
30898,3992884
118059,3984415
118057,3931841
118803,3879905
119417,3924825
141812,4425504
142208,4472448
132794,4364390
133172,4420000
121468,4071394
131722,4412155
132366,4367101
133200,4472562
133382,4472550
133379,4525090
133762,4525082
133771,4577594
133912,4577590
133913,4574534
134022,4574534
134025,4521974
134212,4627096
134203,4574536
134304,4674181
134310,4621621
134648,4726755
121460,4123403
140407,4228604
28950,4144318
129268,4363747
127644,4319921
25286,4183422
25417,4131228
123024,4173557
124036,4222943
125238,4272283
34030,3885816
139670,3824953
91121,4928227
90854,4875653
140536,4329401
140737,4329400
18992,4088648
18570,4036074
91841,4825687
91842,4773113
30667,4079911
30841,3992100
28986,4095156
112751,3847078
141318,4274561
4107,107
4061,99
119372,3877533
111383,3698278
111683,3802614
30117,4102576
140042,4136531
140233,4031423
141708,4373265
19938,4069250
141510,4377594
139921,4034999
138215,3433322
25492,4107556
111268,3772448
112319,3899408
113153,3897756
28917,4141603
141634,4324849
9638,3849315
10878,3897761
25463,4132862
140630,4331557
140817,4329643
30901,3950096
30994,3908174
119211,3829928
119950,3929554
120382,3981675
120716,3980846
129263,4416087
131726,4464645
127680,4372188
120726,4032746
120906,4031445
120913,4081618
121272,4077415
22468,4296320
21948,4243756
22652,4306051
140541,4281149
121282,4127521
121746,4174406
125199,4324538
121733,4175302
122050,4226889
122070,4279463
122390,4277791
122416,4330365
122730,4225789
30446,4030320
122732,4278363
123072,4225809
124017,4275192
91052,4874429
141748,4427852
142148,4475203
32032,3859215
33020,3860109
142980,4771003
143011,4770989
139581,3932157
139582,3879583
25311,4159768
25639,4130931
30855,3985754
32017,3905152
91735,4823191
142655,4604849
142550,4552275
139823,3929884
141354,4223771
91570,4873127
139969,4086891
140088,4086891
111154,3620926
30465,4030093
31993,3938499
141606,4325037
17322,3913904
140830,4019310
4062,121
4012,117
112901,3901316
113691,3948162
140710,4381879
140881,4277255
131744,4471837
110312,3574311
140844,4070941
141269,4171248
36318,3681641
127710,4422465
125174,4375189
129180,4464509
123986,4325997
140604,4071582
123078,4276721
142958,4823555
143093,4823555
110402,3599113
111549,3750555
112186,3853446
141651,4377299
141836,4480412
140270,4029037
140593,4123976
33920,3955024
140953,4224695
36288,3643896
37352,3631727
111264,3750022
25285,4208663
22684,4253499
36200,3645264
140023,4034992
140142,4136538
25745,4111606
142443,4466819
120738,4083123
141530,4276181
120384,4032927
139546,3723009
139781,3877340
139971,3982438
36231,3595641
37362,3593478
139554,3773409
140784,4329648
143839,4120351
143754,4067777
113560,4053290
113559,4000716
36009,3663544
29581,4116636
25312,4183190
118081,3879275
111807,3801777
118868,3782146
134347,4569073
134352,4516511
134637,4621647
134030,4469426
131760,4472095
123079,4329295
23034,4200942
123081,4326360
127726,4465901
118088,3828848
117747,3984411
125176,4423880
142691,4657415
142604,4604841
129146,4471598
117748,4036985
117750,4036985
123970,4375363
36024,3614123
36535,3544863
143004,4876121
143137,4876125
26611,4087732
28073,4078125
110996,3752127
111666,3801579
114283,3995075
114099,3948163
114871,3969820
28818,4119692
112517,3854212
113056,3953872
141723,4429859
141898,4532899
117091,1
117092,1
142957,4876129
140190,4083982
140265,3978879
140063,4086898
111987,3803690
4011,139
4013,139
117291,3972434
117272,3919860
142420,4414695
142875,4519393
140856,4277090
113057,4006446
113224,4005352
140296,4079975
127722,4495609
140045,3927220
131774,4419613
141546,4275993
125194,4470892
129148,4498719
123075,4377031
123946,4425773
143753,4120351
144474,4015175
120396,4085236
140801,4329325
143074,4928691
120748,4111253
139725,3929886
142395,4367562
142846,4467267
121855,4227876
140232,4132537
140516,4127274
121740,4176046
141211,4223784
141471,4223573
121292,4128354
120912,4107233
133446,4416918
133448,4469453
132560,4392392
132782,4358781
134044,4516527
132574,4387845
134434,4510752
132362,4363914
141586,4328250
113053,3958142
113456,4004414
131730,4471964
111623,3754850
141801,4482396
141954,4582739
114938,3968035
115773,3917568
142365,4419852
142817,4420134
142686,4657411
113776,3959382
113472,3906808
140129,4085694
113921,3900515
103286,4974761
142284,4419926
19894,4020976
21246,4104134
129156,4496660
131672,4468753
142739,4709985
127718,4498449
125220,4495542
123017,4425988
114403,3947477
123932,4470898
141171,4276287
141172,4328711
113278,3958150
142306,4471533
142789,4472426
134062,4510768
133450,4463844
112943,3906784
19910,4048180
33942,3903110
140194,4184038
140475,4179836
141942,4376956
14900,3919666
16085,3871178
141863,4532595
142036,4530184
34072,3744816
19881,4025738
21208,4081612
19244,4026822
113668,3854254
142770,4709985
112815,3854228
139689,3982450
139862,3980485
141365,4276087
140081,4034933
19813,4059788
21185,4058304
129174,4467066
131684,4416252
110995,3804701
111506,3702474
110242,3528202
123934,4468345
113449,3959358
125224,4491902
123003,4424874
127700,4493291
21478,4155384
22754,4148386
116628,3965489
133452,4411294
139510,3725188
139537,3724156
134080,4458222
141302,4280620
110343,3553087
111298,3649951
116630,4018063
107692,3481609
117729,3928332
117728,3875758
143075,4981265
142126,4422504
8508,3881532
8980,3851657
142098,4527551
19268,4060257
21136,4081983
108807,3532168
111199,3604098
140193,4236610
140460,4181070
142137,4424154
142384,4524084
141927,4480058
35630,3646703
141865,4275810
117223,3874561
117702,3873730
113369,3801712
35665,3597118
36824,3631663
115197,3919264
116250,3872244
133526,4434101
134484,4533723
134475,4503350
134650,4586297
132830,4351281
132571,4381316
132325,4358303
139671,4035015
139733,4035008
131692,4438516
134088,4450808
21477,4207958
127672,4467853
129208,4466057
125216,4464103
33943,3910123
117611,3827938
123938,4422449
122993,4376871
24960,4187475
114290,3896005
24971,4166482
33866,3894765
140804,4381899
30177,4047817
117959,3780978
118460,3782400
118832,3733763
118835,3833984
140423,4233642
142069,4475028
30241,4078318
30623,4069065
33883,3756983
131712,4430955
118309,3734491
142324,4576630
142736,4576646
134687,4555924
140711,4076006
133538,4424968
127645,4416503
134465,4492720
134100,4440178
129234,4414762
24824,4135939
123950,4371246
122989,4325705
125212,4412836
113939,3849046
26649,4054575
28078,4096425
9488,3850539
116024,4029872
115935,3977298
139672,4087572
139789,4085607
118655,3684803
24949,4130257
117224,3927135
59873,3316676
59874,3264102
141327,4328563
141387,4328499
112738,3700578
28275,4020365
120596,4086105
120778,4136501
120780,4189075
120886,4085773
115830,4079902
115829,4027328
120590,4037588
142009,4427508
120880,4037168
120304,4038097
120186,3989335
120306,4090671
121280,4080031
119934,3936928
120162,3989995
119190,3885604
119912,3937781
121860,4228620
121762,4127755
113151,3752395
33640,3857327
119184,3912131
23221,4121795
110679,3656600
112239,3655002
118573,3786150
141325,4381002
141791,4328343
134472,4459548
135081,4479870
134091,4407003
116051,3924771
116572,3826232
133540,4477542
133529,4392131
143780,4277639
143742,4330069
143961,4330155
144070,4225198
130225,4409100
131754,4379083
127638,4364432
130241,4357140
129272,4362936
146934,3729264
125204,4360775
117614,3880512
123966,4319185
122976,4273627
33805,3763310
144025,4277741
144166,4172722
139825,4033043
139966,3928300
146943,3680595
147098,3669181
146318,3781812
139696,4138171
143704,4382463
143928,4382557
122011,4279893
122012,4227319
30787,4056992
21990,4124107
23168,4136727
140502,4128568
140741,4023717
115697,3975719
142260,4529252
142627,4629192
139543,3774627
139820,3823380
146326,3733143
147093,3642544
139508,3777753
139604,3776325
117962,3833552
4007,105
3968,101
143993,4330226
144128,4225253
133089,4339637
133457,4380741
134480,4447036
141169,4228167
140744,4076291
140821,3971189
134083,4394491
116292,4029757
115960,3977183
131768,4348375
130249,4305092
129288,4310660
143666,4382398
143909,4382476
122014,4174920
125188,4308564
127668,4312203
122968,4221272
123974,4266974
139617,3826702
116437,3878724
117036,3779781
131740,4297009
133081,4307019
144097,4277750
142044,4374883
139986,3875754
140051,3977300
113499,3804187
141231,4333069
141399,4433561
143642,4329884
143878,4329953
32027,3907546
32934,3810925
144318,4120223
141963,4375875
142221,4476700
9108,3855222
139748,4085607
139869,4033263
114057,3901465
140002,3927631
140447,3974561
144075,4330175
150059,3994621
150060,3942047
115459,3923165
115782,4027994
133458,4367083
134075,4379317
131707,4286730
130221,4297780
113801,3854103
114285,3953551
127692,4310845
31115,4057118
31469,4009256
125183,4312510
116283,3930001
116919,3832287
123984,4308900
142330,4581810
118260,3635153
140835,4022820
141068,4123332
143530,4382316
143841,4277436
122016,4128040
32021,3926259
32291,3892981
122964,4172513
33159,3763662
33170,3715675
140481,3922179
115872,3979938
144276,4172757
31599,3956720
143274,4434785
143538,4382349
115984,4080568
143490,4434866
143692,4329889
143352,4592341
143340,4539808
143443,4539809
140585,4023076
141041,4075211
113279,3803760
128869,4305333
32271,3911128
37672,3580529
143250,4487262
143321,4487288
110107,3709096
111062,3708312
141291,4385622
141495,4486008
144235,4225266
139923,3980862
125184,4337823
126916,4311044
133464,4350414
139798,4085827
143408,4592247
116150,3929446
116546,3981273
134047,4361086
134249,4431891
3967,123
3970,123
144003,4330015
118989,3942237
118988,3889663
143472,4487344
143659,4382393
143238,4539763
143369,4539719
28959,4098737
133077,4294562
131697,4275181
129595,4328000
130211,4287541
28920,4194177
113881,3905379
114631,3957425
117234,3732909
61535,3196348
64116,3196348
111752,3707475
112585,3705635
142223,4529260
129589,4319216
125192,4314235
144048,4382551
144209,4277704
128846,4277092
124002,4259752
28991,4100752
143385,4539739
17340,3939503
17404,3958774
142234,4581814
142400,4634372
143644,4434875
143976,4277491
28502,4087631
143212,4487339
143357,4487290
144448,4067703
115945,3878091
139793,3876789
126920,4283680
113605,3855521
139953,3980191
140102,3979403
125208,4263242
110840,3760814
116131,3930061
116668,3935047
28785,4112554
37368,3543565
37612,3542776
141187,4280706
116816,3785434
117456,3684737
143621,4487340
144176,4330080
33056,3861321
33128,3812464
17292,3917633
133482,4314438
134034,4324508
134235,4413660
141371,4437953
141569,4435686
143182,4539879
143341,4434846
113034,3751491
147332,3595696
143941,4224973
16427,3869646
17309,3942546
141947,4326200
145061,3872823
145954,3793685
133072,4279810
131700,4261575
130213,4339951
116810,3884799
144406,4120242
129586,4329415
116533,3888244
143598,4539786
112173,3758144
112881,3732632
139599,3828890
139774,3826884
139840,4033427
114368,3933620
115217,3932072
144141,4277544
143894,4277413
142363,4581834
143172,4592431
143316,4487386
140885,4232878
140847,4180304
17135,3947729
17369,3966469
117100,3737265
30435,4098472
107816,3485387
108937,3584684
21962,4126013
141086,4175668
142302,4634376
142464,4686934
144367,4172774
129583,4351536
128854,4248067
118760,3837699
118749,3838767
119171,3863420
118331,3737184
119914,3888666
126136,4261305
120770,3988701
126133,4255771
120707,3939042
120990,4034083
121012,3986291
122020,4082054
122286,4175230
122253,4129482
122510,4174045
122534,4128512
122931,4127202
123260,4218397
125234,4261565
37688,3491728
123247,4173722
124026,4263383
143171,4645005
143299,4539938
144114,4225020
143865,4329921
108724,3637196
109515,3637165
133488,4261944
134242,4377082
116696,3837942
134028,4272330
143541,4539750
139935,4032753
140020,4032737
110445,3761606
111272,3812435
141377,4333019
141457,4385422
141655,4433291
36877,3684237
130229,4328440
130574,4392525
144349,4225224
129584,4341327
140555,1
140556,1
116353,3935041
143844,4382403
36577,3443362
131702,4245333
133502,4225961
16443,3925587
10414,3852361
144093,4172499
143509,4434833
112582,3785133
113177,3734247
20010,4214156
20009,4214961
20239,4161584
114224,3778610
144247,4067551
143773,4434868
144326,4277600
115649,3831842
139507,3829888
139595,3880476
140805,4231336
140982,4127749
108504,3590396
109365,3689665
142362,4686938
142514,4734312
144269,4015295
143477,4382367
114205,3882912
114680,3883249
141761,4328513
109771,3689039
32833,3844440
111560,3759908
30215,4093060
116247,3981267
116888,3888228
143552,4592253
143748,4487322
126131,4248385
141775,4361781
142061,4428432
141729,4380763
128858,4237740
140060,4031955
140400,4027087
144297,4225064
144050,4224928
129592,4290127
130544,4381014
141075,4127547
141537,4385169
18546,3983678
130255,4296850
18533,3984049
110963,3789611
51791,3369769
139936,4085298
32514,3963702
32216,3860590
36261,3579772
143436,4434907
114980,3883360
115475,3882019
141476,4227953
142582,4681754
143719,4539797
111925,3810627
117012,3788148
112830,3786725
114975,3686746
12235,3904933
12236,3957507
117588,3789794
50088,3335302
107936,3537912
108366,3642856
144258,4172535
141006,4180059
141451,4179832
143995,4277439
143301,4592512
143395,4487459
130699,4387093
130697,4334519
143532,4487312
114461,3830982
134188,4324904
134040,4247935
143687,4434850
131736,4210678
133513,4204638
140771,4180657
140941,4180289
142442,4737004
116791,3934845
126129,4238031
125242,4256153
129616,4278370
124046,4260858
109519,3741512
110643,3741501
128862,4226048
143980,4329941
144227,4120006
116990,3839560
130538,4349424
130227,4281949
36567,3493367
129618,4245665
111049,3812305
16418,3865628
109301,3742062
117309,3892058
19214,4032549
115304,3833332
140510,1
140509,1
143957,4382406
139980,4084516
140110,4084513
141671,4381049
9406,3855157
141989,4464539
142187,4480992
143647,4329880
28759,4117025
19245,4064487
19834,4083672
125821,4301326
125822,4248752
111717,3862028
112359,3863201
143934,4434868
114779,3832715
28782,4125620
29312,4146084
144180,4172431
126127,4226062
129630,4230425
131061,4387093
117196,3587357
118326,3686925
138216,3485896
18634,4064904
19805,4084150
128866,4211945
122597,4081058
123245,4128351
123499,4219605
122634,4034966
121311,4035801
143616,4382420
123487,4174876
118619,3788700
118765,3866366
121316,3990744
116469,3785356
118622,3816268
119169,3841661
119918,3842412
120720,3941984
129644,4195224
124082,4220517
124397,4289869
28535,4085279
118047,3714413
143698,4487360
109895,3793951
117509,3841221
140880,4180336
141019,4232618
20119,4162389
20941,4109018
141641,4332644
124355,4267641
124543,4290810
29034,4146874
116954,3891772
144145,4224947
143397,4540033
143587,4434972
143889,4434908
140036,4137072
140158,4137071
124545,4317674
124963,4285901
49539,3439856
141549,4280493
106838,3434807
143664,4382380
139805,3874995
112448,3839155
140772,4128149
134052,4207610
134448,4249352
134438,4208277
134772,4301926
140975,4283624
141203,4284902
108156,3642864
109127,3695265
133496,4164989
106926,3438352
140854,4180566
140316,3872096
116682,3889690
144122,4277458
124972,4286614
111396,3862930
112102,3864905
140491,3972741
140687,4075589
115109,3784204
115921,3786488
131752,4189947
143874,4329910
126123,4226219
129635,4175257
128876,4195598
108134,3590398
117150,3842422
141869,4414336
142074,4517084
114514,3780478
144200,4119973
125830,4238175
109495,3846284
110437,3793931
140307,3923139
144105,4329943
139767,3879450
31790,3907847
139591,3880512
144216,4067717
143847,4277399
138197,3398464
131770,4153193
107541,3543388
147162,3620439
134814,4260851
143916,4434897
144082,4382410
134425,4167132
108604,3695281
133469,4134710
134070,4176803
147192,3570111
147336,3547071
116578,3837889
140066,4189629
140210,4187810
121911,4043318
121320,4043318
120742,3892842
124546,4291113
21910,4103041
146886,3695092
147157,3593672
143766,4329939
143999,4172449
129638,4197243
147196,3521366
126487,4212325
128880,4186973
144065,4382430
142315,4533566
131763,4124469
111722,3917299
140906,4232862
141142,4335906
110633,3864636
141574,4280031
115767,3736949
144019,4120193
16672,3993309
16474,3948559
16354,3948904
17650,4030356
143589,4487546
143743,4382491
140645,4111029
140827,4127998
143888,4382427
53947,3450203
54453,3548674
141602,4313245
108886,3747678
144043,4329949
21885,4079363
141905,4519424
116749,3838932
110110,3846256
146308,3753481
133455,4083949
134821,4219706
134066,4126000
134418,4116185
35629,3658873
108220,3648287
115044,3733357
144014,4277430
146313,3704762
29090,4102300
29260,4152742
138198,3451038
140128,4240368
140272,4184759
138186,3357058
35668,3609292
117695,3666589
118251,3766039
126506,4227335
118256,3718308
118776,3918940
21832,4080992
119175,3794817
119180,3746839
119579,3745927
109304,3799979
122451,3988428
121297,3941073
122464,4038457
126121,4239178
125507,4249847
125817,4249838
122638,4084878
123133,4082194
119574,3697218
119727,3795074
145974,3755041
146883,3664997
125253,4280075
125511,4258207
119740,3747131
120735,3943519
125274,4287616
119926,3795039
124779,4291927
124941,4292134
16952,3993591
18530,4050391
123136,4131927
124741,4318468
124541,4296976
123529,4175472
123490,4129744
124321,4273406
124014,4224537
111456,3915274
116359,3788064
117007,3790802
112010,3891552
143983,4224916
116211,3736346
117699,3741237
116579,3688663
111658,3942259
20002,4109892
6053,3934102
141084,4285157
133442,4032607
138175,3314793
138488,3377748
134670,4168759
134060,4074624
134406,4064764
54456,3601248
54513,3601183
128882,4239547
128888,4165600
129650,4180131
143950,4277456
131764,4177043
131749,4083543
28346,4063062
140553,4061822
140946,4163593
141357,4232389
16128,3875812
29783,4058110
29326,4007122
29562,4106974
29905,4057142
141833,4466862
32888,3827113
33005,3795616
30130,4059898
110493,3844656
140162,4237317
140336,4132203
126967,4262608
126968,4210034
33032,3761805
112468,3919652
50033,3349034
143745,4435065
143923,4330008
138176,3367367
138073,3271606
127241,4277580
127242,4225006
130350,4198554
130349,4145980
30176,4083167
30209,4073016
107941,3595855
109396,3648198
140479,3957208
116691,3739764
110178,3752866
28390,4033519
28618,4064228
33092,3713599
141003,4180572
110424,3799375
16146,3877489
140374,4079645
115530,3685919
107256,3490852
133433,3981548
127479,4256090
127473,4203516
131747,4042972
134381,4012944
134668,4117338
54516,3653757
54595,3556289
129672,4142650
114188,3739152
115307,3639188
30185,4024292
110594,3799311
140332,3905978
140529,4009740
120733,3996013
141753,4418326
30454,4128187
116106,3686869
141557,4231910
106738,3387749
33178,3664778
140220,4184765
106855,3391016
141288,4284886
33045,3747545
105050,3340489
143914,4225021
16214,3900495
19807,4136712
20683,4077383
140671,4114383
143913,4172765
105146,3343579
110971,3443380
109143,3595815
127469,4156318
130823,4094959
127248,4177195
129667,4109895
130817,4103402
134363,3972417
135075,4002573
132593,3991944
133436,3940735
132598,3956805
131776,4007932
32919,3780086
33251,3732019
128892,4133361
118503,3822519
118450,3769945
120732,3948894
120941,4046200
18531,4102965
115846,3637135
126119,4224862
126512,4213734
115063,3691677
115821,3590305
143925,4382582
34360,3614310
108736,3543302
140304,4132210
28219,4044089
140521,4062303
54260,3507425
54635,3573470
142057,4521712
69177,3128681
141692,4365773
142007,4470892
28353,3989659
131780,4012939
132602,3905507
141577,4264599
128896,4118879
127484,4177195
127252,4195338
69232,3004838
69338,3003357
130820,4064445
129663,4068010
141332,4265856
109875,3700505
131788,3965851
133492,3949931
134370,3983542
130813,4017142
135903,4043329
141238,4337223
145955,3805669
20706,4106372
132616,3862988
135071,4014308
112694,3897340
141346,4274674
141673,4317127
35306,3665203
27873,3993274
28913,3998142
140522,4114839
140751,4166946
109806,3648088
21942,4127525
53977,3402383
21927,4135463
34281,3681978
54638,3626044
54671,3550869
26508,4043749
35327,3615626
112763,3850866
113016,3872106
128898,4171453
128900,4076765
129627,4025703
130809,4022210
32236,3809072
131792,3914655
117230,3614469
116262,3637475
54178,3454894
54304,3559963
135914,4095903
32254,3762017
114451,3741699
115328,3693928
133494,4002505
133510,3910561
118452,3822519
118790,3795126
22842,4136623
118792,3847700
119188,3799413
122660,4036740
134390,3951100
127249,4210953
127016,4223335
127481,4196006
126535,4225576
119594,3646842
126174,4234632
119752,3697444
119938,3747013
120192,3847579
122310,4041825
123536,4083834
123728,4179088
123144,4184501
125654,4241538
135067,3984192
121478,4044502
122314,3990786
124966,4246106
120189,3900007
120444,3899366
124584,4245507
123743,4130443
124361,4222083
120439,3901749
124088,4176403
121522,3998527
120920,3999682
120926,4052256
120772,3999665
150202,3994536
150157,3942049
150230,3889485
110269,3653189
110900,3801082
16087,3897901
140584,4167402
140807,4217967
142033,4367939
150068,3889560
132888,3915562
132634,3820224
131794,3919644
22799,4079908
109240,3595634
54220,3507428
34410,3564720
115570,3642710
117157,3540330
28634,4072377
141245,4318377
10916,3851728
54406,3612537
28964,4050362
141593,4327209
28922,4046433
16129,3903057
128902,4129339
128904,4025935
129658,3974711
140873,4216155
130807,3971100
111006,3755462
111720,3802691
131810,3872145
130804,3923567
134402,3911653
16148,3875635
132932,3867946
133516,3867982
54402,3536909
54719,3519025
22106,4074875
114757,3744045
113288,3843917
135064,3951710
135577,4036766
118032,3648128
118009,3595554
31265,4234566
30824,4181992
30370,4076852
30938,4180755
109847,3600766
110689,3705641
111320,3757956
140664,4219513
54020,3454923
54314,3522659
20385,4150236
138526,3430311
138681,3450212
128905,4078509
128907,3983134
129631,3931832
130801,3928542
131816,3877041
132625,3776983
54722,3571599
54779,3476258
132950,3825136
133505,3825172
51864,3350018
150224,3836997
134410,3869013
138390,3350020
113080,3872193
113908,3791495
135061,3912252
135512,4004284
110703,3705631
111612,3757187
114860,3695025
140732,4268721
138074,3324180
56194,3211530
138052,3227590
141525,4278260
141930,4329048
18582,4012504
20086,4097731
110371,3653260
54510,3508936
80545,4974825
131820,3829268
142111,4523466
18555,4005783
20058,4064999
130797,3932484
112660,3805367
133483,3781471
109526,3548301
54056,3507468
134397,3873929
135329,3964826
111418,3705587
128908,4035708
128884,3939804
129608,3888361
130791,3885033
122155,3996775
122156,3944201
20679,4017096
147082,3646220
147183,3543288
54929,3266284
54250,3245527
55879,3221495
55898,3221601
150158,3994623
131822,3833413
132621,3733263
30158,3973030
30760,4129420
112820,3851028
113442,3850880
141466,4225726
51862,3297587
54831,3423802
111934,3804081
131826,3785564
130788,3840793
134367,3830685
134967,3926503
112322,3755066
141685,4228718
50660,3318546
56007,3224161
137950,3182829
138244,3280130
147550,3577823
28946,3994366
54072,3522685
54422,3497620
54116,3560042
55924,3223818
21474,4127400
29268,3955566
114488,3743922
133475,3785872
133895,3834045
111022,3495825
132619,3689376
131813,3741415
20538,4129922
22085,4069298
138682,3502786
120190,3952581
121979,4051101
120229,3850988
121526,3948876
120232,3798442
120605,3951910
111085,3653221
111794,3653112
120608,3900128
28941,4050641
56008,3225002
131028,3893367
130773,3793079
129614,3844579
128883,3992378
128886,3992378
113165,3879137
113698,3803220
134359,3786425
134925,3883259
55923,3215922
28944,4103120
29041,4061283
56136,3215265
147075,3616004
140321,3937427
141050,3915982
54574,3466549
141566,4176188
139912,3975711
54834,3476376
54867,3371301
134357,3742592
133467,3741996
55817,3249259
36569,3511713
112664,3805555
139911,3989999
141035,3945979
28995,4113832
29125,4068478
120610,3847589
121985,4001450
112128,3703557
36509,3393365
121530,3896343
54122,3497658
30120,4010781
33392,3787317
33391,3734743
23042,4129927
29251,4018950
117217,3567114
113699,3855794
114012,3753034
134355,3697906
134927,3795166
111527,3600727
116110,3493421
150070,3942134
150108,3837035
104874,3294919
23084,4120958
23318,4094677
54621,3414072
54917,3318782
133465,3697242
133472,3697352
117161,3544026
133155,3644724
133153,3599250
133536,3651875
133884,3749911
54642,3519123
54949,3281134
56183,3301359
134366,3652412
104959,3297938
113980,3344989
141544,4177176
141749,4281279
15654,3902528
54160,3445200
54504,3456028
116146,3494291
128159,4248580
141494,4124641
112440,3755230
112973,3857825
15709,3868397
54192,3550232
136633,3195143
134709,3704986
133936,3190880
134386,3606002
22844,4073912
23003,4101670
134597,3268867
133866,3203848
113706,3805571
114304,3700556
21036,4182494
111802,3651173
138246,3332704
138328,3262980
27639,3988584
28627,4045848
29922,3960167
104336,3294455
138674,3407433
137878,3169670
132441,3816158
132435,3763584
134416,3559665
133582,3602675
104448,3299344
113805,3299249
36510,3411636
48736,3374361
141646,4229737
141821,4332366
138642,3407425
138752,3363938
29898,3908356
54525,3403559
138386,3306995
138614,3402578
138072,3218443
54599,3351059
114612,3648021
62082,3204841
151714,3235101
29229,4021563
111300,3548247
147548,3578343
148104,3579001
134681,3612239
134422,3510041
112789,3807543
112153,3703635
133594,3556508
132999,3553357
134446,3463200
141412,4072823
29811,3971542
133652,3507032
23055,4093898
54613,3298555
54206,3392727
114114,3753093
54506,3508602
138372,3359558
30962,3951587
31757,3932278
141877,4279816
132595,3763588
132561,3711014
134671,3515774
134456,3413220
30114,3986413
147547,3630203
149298,3571242
113528,3780362
132745,3711024
132737,3658450
111576,3598749
19382,4046165
22879,4087821
23257,4117509
112043,3493913
30147,3948572
30970,3954638
32005,3907953
28811,4051584
141714,4281841
150208,3784514
32656,3783151
34007,3684940
133656,3460391
134468,3365526
133000,3605892
133718,3512923
102972,3286769
104379,3323576
15674,3913909
14946,3920925
15770,3905926
29949,3896712
108028,3350827
54288,3445301
113718,3598057
114958,3598270
112589,3756119
32286,3730687
34333,3632445
138348,3315544
138496,3412132
141198,4020699
141503,4125365
103779,3376069
104745,3376092
54256,3340191
34387,3582908
35688,3530966
113129,3783564
112799,3730990
133543,3562581
133726,3515744
15269,3879903
16198,3953116
134166,3418074
134488,3317470
132580,3763588
132436,3816158
133950,3468260
133846,3470612
132740,3711024
133159,3609049
133794,3518328
133170,3661623
133176,3615151
141772,4229292
26222,4059833
113314,3730069
113883,3727865
14998,3895456
34343,3635436
35603,3532859
54246,3287677
20875,4202808
134619,3321423
112132,3546316
149279,3623102
69216,3098843
69303,2981866
15173,3860192
150198,3732038
23729,4122501
34035,3686445
35062,3687194
27581,4011820
26715,3967532
114740,3650829
115868,3545877
22168,4067176
104440,3428628
105549,3428437
141437,4177927
141715,4177618
133796,3570902
134461,3370023
134131,3422570
134451,3372046
32185,3856159
22220,4058007
133175,3667725
138579,3359560
54370,3291775
55181,3333491
138308,3270994
113684,3677567
113047,3678564
26557,4055388
26602,3975254
133848,3523186
133964,3472907
8911,3848395
55572,3343949
56693,3349214
53446,3274068
133178,3667725
114486,3702189
115422,3600757
113184,3573515
137040,3140918
141361,4178192
141648,4230497
138572,3315540
104193,3428608
104782,3481050
134141,3424593
113409,3495400
103443,3374262
50476,3338148
113395,3626053
54284,3290969
105142,3480932
106707,3479909
50173,3355039
147187,3494429
147104,3513395
133966,3525481
54329,3298785
11269,3904302
147112,3464385
104499,3454315
142262,4189502
142166,4136930
142669,4242066
114268,3702076
115291,3653265
141309,4125818
141582,4230762
32221,3812339
134143,3477167
134815,3373997
54330,3281017
134613,3373993
23667,4161865
24611,4091747
103011,3339250
104222,3426761
51080,3302467
32241,3765955
31560,3834374
115708,3548237
16132,4005578
20198,3980584
104924,3506498
147066,3565574
29918,3870638
54653,3343996
31619,3743115
32263,3745392
29879,3921304
141249,4073261
141516,4178388
22270,4110538
23453,4175473
24551,4139693
134891,3426567
141116,3968391
134614,3426567
36032,3523966
32463,3797936
32876,3697902
114091,3650610
115072,3655381
29901,3895947
31274,3830375
33926,3737355
113480,3547719
55730,3385431
36069,3423902
29852,3928495
115214,3445432
33958,3738168
34496,3738937
29488,3903373
29941,3883502
104568,3479113
106222,3532355
115296,3446250
142102,4084362
142552,4189494
29434,3956553
29454,3905300
114890,3497919
31315,3867880
31351,3886670
107199,3455668
141439,4125835
35878,3530277
101202,3272050
114839,3602820
50106,3377918
50415,3357366
141257,4020965
102489,3391303
103401,3391752
35836,3430203
20608,4077432
113956,3500144
28751,4056994
142030,4031798
142487,4136926
113901,3447697
106824,3508130
107951,3403162
104378,3531570
15924,4057954
20530,4049863
55234,3374818
6054,3986676
32466,3850508
32923,3800081
103154,3444288
104099,3444227
28714,4109517
29148,4009062
141370,3922307
23207,4133582
24262,4140923
11746,3872857
141351,3950343
147065,3618148
114574,3550323
113714,3552823
113713,3500249
141886,3979239
142428,4084362
104160,3496682
105027,3583550
105667,3584352
106073,3560129
107226,3507688
115179,3395312
111672,3354004
113182,3763072
113181,3710498
107622,3455167
110515,3431176
102943,3443819
103426,3496776
102241,3376509
22137,4059070
20664,4069307
104841,3549102
28301,4162050
28563,4137291
106441,3559631
32944,3797281
22181,4007570
104042,3496705
26159,4055929
113677,3552805
35796,3480010
22948,4081030
23237,3977595
142946,4096850
142945,4044276
35636,3515900
35767,3498482
103217,3496307
103846,3549212
113477,3605370
113809,3605368
113213,3710498
113437,3657931
56556,3392064
59366,3349328
104223,3548665
25109,4183645
105229,3634881
50504,3326606
113399,3657932
113273,3657932
8202,3844282
101597,3342429
102552,3428993
106529,3506562
104002,3600094
104639,3601097
50425,3345836
104786,3621125
105545,3609939
103762,3567764
79228,3150752
78558,3112456
78650,3136115
24011,4099236
102964,3481475
33725,3849855
22254,4345303
22090,4292729
35813,3448682
36300,3454115
50428,3385505
50969,3323577
105241,3584539
103300,3533891
141620,3926687
142134,4031805
35087,3467420
35921,3495141
28643,4034624
142414,3991713
143161,4029936
102336,3447365
104642,3652416
103494,3585174
104131,3619100
21744,4345283
22236,4240179
104988,3570786
105931,3585548
141429,3925646
113524,3763072
115243,3396079
104071,3603416
106085,3559043
141406,3953019
35881,3531556
35126,3508304
36487,3553235
36263,3473766
104489,3605568
114054,3345736
22142,4292747
22640,4187639
102095,3394931
103246,3446770
101258,3289912
103937,3568613
105801,3690688
105802,3638116
106639,3690687
22422,4240207
22852,4135109
141405,3954569
141442,3928646
24862,4149234
25673,4147798
141619,3928457
28302,4214624
34500,3521981
104689,3555153
141407,4007143
141419,3954918
22094,4345319
21883,4345318
21374,4397841
21745,4397857
142292,3953916
103770,3550978
104544,3533433
28877,3983211
23760,4046688
103001,3394913
28157,3900869
142291,3951492
29842,4008459
29722,3955887
30384,3991765
101104,3255758
29219,3913908
101197,3272589
102726,3342401
20788,4555539
20787,4608113
20789,4608113
20960,4502969
96952,3238455
103930,3498490
22680,4187671
23100,4082591
103459,3323755
109576,3483138
111627,3406380
21112,4450403
21375,4450415
103670,3446105
104416,3480969
14192,3855112
20961,4555543
22374,4292779
22099,4292778
14049,3875017
107749,3531907
21113,4502977
54186,3395956
142578,3919191
36420,3456289
49730,3404811
24559,4149247
142258,4084367
36379,3475062
22894,4135153
23190,4030083
103839,3428628
104758,3518236
25440,4096810
103056,3393664
28387,4105990
24479,3942927
142662,3977373
143461,4045705
33902,3770754
56512,3444390
142448,4084379
149212,3571900
146952,3480871
110332,3721620
110331,3669052
110602,3721620
111054,3669052
33931,3749919
34380,3773247
22654,4240238
22385,4240231
111392,3616485
31456,3787099
37580,3450831
12342,4110142
16008,4110528
21884,4397892
146968,3431748
31492,3740813
31698,3693758
30124,3939193
33428,3775351
23324,4082635
27746,4067132
27400,4014597
27507,4067136
27875,4119657
76796,3059893
106640,3743261
33450,3753195
34339,3778760
76876,3083552
85430,3173915
104492,3533506
105640,3535648
110386,3669051
6055,3986676
113492,3350641
110687,3616485
111067,3563919
14108,3869881
26197,4104007
37513,3469503
32652,3852653
23137,4135195
23554,4135199
28182,4158531
28055,4171903
111291,3458890
112199,3457865
27750,4172211
14714,3918179
26416,4038598
14727,3891893
26442,4018537
26572,4015598
22868,4187720
22659,4187713
106864,3529777
108159,3560797
31367,3887888
31435,3820027
22100,4345352
104165,3481122
104904,3532861
28561,3889635
29952,3888013
52272,3824479
51568,3771905
109061,3534505
110852,3535626
28477,4053460
103560,3376206
26797,3962054
31465,3775248
107850,3586822
26379,4018541
31362,3847443
105336,3516979
106046,3550044
24502,3994321
30230,3836625
23354,4187771
23756,4187769
142413,3971743
31305,3799884
31651,3751691
111823,3510364
113085,3454462
104571,3480452
27733,4001033
27968,4224457
28207,4224461
27643,4119683
143573,4098279
110847,3616487
111115,3511361
27312,4119463
22179,4292777
22855,4187751
62438,3293948
62435,3241374
112183,3743392
112184,3690820
112318,3795966
26421,3969303
105736,3535698
26188,4059158
104342,3427999
30284,3820961
69333,2973637
34269,3753617
34487,3773248
113857,3299847
118482,3345974
69215,3049283
111099,3563201
104939,3465404
107510,3584723
108316,3639335
111515,3614608
51567,3824479
52840,3667634
52839,3615060
26117,3919376
26527,3941552
104607,3360512
27995,4224542
70973,3032698
70974,2980124
23758,4240343
23922,4240343
69343,2951414
32830,3646181
25512,4044263
27538,4172233
143051,3993142
112524,3795958
112274,3743386
112846,3848532
110365,3585859
36128,3605802
36228,3526276
32137,3704488
35043,3721148
27886,4277011
113773,3351298
118379,3299953
26652,3924298
111691,3562244
105391,3517001
106232,3535052
23353,4240345
107959,3637257
108804,3691226
26583,3890374
22461,4240259
111091,3615334
51098,3343371
26754,3913857
33395,3750225
30314,3777548
110629,3587055
52222,3771911
51668,3719337
112812,3402575
116311,3377738
28085,3860140
50993,3356313
112606,3690822
106998,3570712
104666,3412965
51569,3824479
22180,4345351
111481,3561858
106580,3515872
51146,3373833
112434,3480656
113433,3402060
27426,4172020
27797,4224764
27145,4014372
48212,3457371
48148,3509933
105899,3501733
108805,3743800
109194,3690643
50180,3365082
51031,3378796
110481,3638314
28100,3869637
27216,4066915
51654,3404165
52690,3720174
52689,3667600
112332,3638256
112822,3743396
52408,3707984
52260,3655420
52559,3655446
107445,3623248
28123,3952253
50228,3386297
51601,3416889
48147,3562507
105600,3450046
48048,3562499
108790,3689135
109608,3638148
112760,3428231
112146,3638272
112145,3585698
110783,3615279
106246,3484845
111323,3590002
112088,3533144
105881,3381025
52102,3614032
52458,3602882
27678,4224571
27844,4172016
110307,3614175
111149,3591375
110070,3585621
91603,3233304
90075,3180730
144334,4306948
144322,4254387
144418,4254387
144433,4201826
144456,4257734
144466,4205173
144604,4260922
144620,4257704
144756,4212712
144779,4211451
144974,4162539
144985,4161362
145490,4110014
24282,3975661
145513,4057463
146684,3533091
146683,3584650
147058,3499874
27736,4119472
106631,3537357
49732,3429385
109312,3636624
51669,3771911
51756,3666775
145227,4110000
145615,4004918
146991,3593497
147013,3551365
145360,4161400
145127,4160171
144955,4211456
144814,4208366
144660,4152639
144631,4149292
144302,4254400
51986,3666578
52254,3561493
35462,3560873
36076,3578846
33423,3701535
108789,3741709
105966,3433401
110665,3591022
47988,3615069
48992,3615073
56511,3496964
32904,3649169
34973,3726607
72177,3007080
107133,3589896
51812,3666681
52081,3614142
110013,3583367
47987,3667643
47989,3667643
69304,2944147
84345,3158674
89378,3226489
109797,3536153
56473,3450411
52897,3562496
21754,3990862
25080,4028142
107937,3678788
107485,3626214
142942,3940579
29754,3940582
150815,3784300
150816,3731726
108996,3622532
51918,3614231
32615,3705729
32803,3654935
108995,3675106
51745,3614236
108004,3469008
49638,3384170
144226,4300020
144596,4201852
109409,3483773
110519,3538599
108339,3399268
51746,3561683
49666,3406287
50532,3396490
108706,3573929
14148,3863599
53116,3538858
53097,3556222
53432,3491372
33892,3701529
23347,4238234
22709,4290763
23250,4290719
23663,4185685
52498,3550342
52905,3579752
23548,4238170
24191,4133154
34599,3473514
53425,3516638
53930,3448032
111620,3431740
49637,3402825
52512,3566191
53104,3562127
145219,4107625
111592,3407156
76647,3045720
76684,3033626
52131,3561599
53377,3532379
53923,3491370
147138,3398342
49599,3434374
107801,3574045
110166,3486200
145257,4055080
145701,3954429
143174,4045706
108412,3451656
54183,3443475
55944,3447991
53926,3543944
24038,4185640
24999,4080640
108301,3521527
144156,4247489
144481,4254416
55919,3469435
49600,3389474
22633,4343329
142212,4004045
142609,3939096
52306,3508954
142132,4056613
141992,4109173
28199,3837609
143151,1
143152,1
62426,3346518
62425,3293944
51834,3509133
144876,4155829
49310,3401752
49622,3406341
29956,3776414
145512,4057488
145358,4107639
145549,4006977
52320,3524640
28849,3942202
29387,3969270
49251,3559468
49252,3506894
29976,3730860
109493,3511662
110548,3486647
144910,4103284
114044,3484330
113366,3486539
115324,3455140
52571,3546891
53099,3588989
49073,3401131
52572,3501616
150358,3679156
150819,3784300
51898,3456593
144950,4155832
145452,4057477
145977,3902774
23090,4343242
50081,3485788
49319,3433214
144740,4100104
25520,4066365
23097,4043339
28414,4118939
93378,3220573
51914,3472275
144701,4096757
142168,4056608
142450,4024258
22567,4395853
142658,3888034
143070,3993143
113365,3539113
110288,3669332
109727,3616758
147062,3450593
110480,3539199
111288,3484185
143063,1
143064,1
110010,3616788
109589,3564214
141991,4161747
143382,4098280
115684,3403059
118281,3351857
147027,3502014
110392,3591743
110982,3591773
23356,4290693
145741,3955322
147009,3552068
147135,3552906
49309,3454322
146674,3645779
22471,4395808
146679,3604372
147085,3602991
144361,4300040
110248,3643712
110885,3644317
142092,4109167
142379,4076821
145268,4109868
145656,4006999
51798,3449234
52570,3515000
52803,3554155
109224,3486676
52806,3567461
53017,3586192
52810,3584553
53095,3538367
109961,3643872
110563,3643154
144982,4158686
144438,4247507
25370,4358527
24842,4305953
49017,3398565
110793,3408377
145122,4159981
145554,4058467
144922,4053617
51672,3419867
32890,3597245
24246,4185624
111013,3485572
144161,4142379
145022,4047490
76740,3058625
83578,3106111
32841,3605910
34204,3548428
110337,3643298
110763,3590668
24888,4133140
145468,4108697
142636,3905983
22351,4434055
151513,1
151514,1
32746,3656088
33587,3601691
142314,4096769
110765,3643242
110939,3538124
142851,4045713
110214,3646302
110213,3593728
112698,3459642
114732,3484330
49737,3411583
51162,3399912
51605,3431085
144155,4194939
111524,3409482
109968,3488632
110942,3590698
144023,4151115
144024,4098541
62809,3346518
145074,4106165
28154,3829883
51787,3428692
110094,3593758
110093,3541184
110428,3462274
146673,3698012
144576,4163223
144183,4110661
144648,4215702
51886,3462597
110872,3409785
146682,3656625
146997,3655340
28105,3821061
29358,3811624
69219,3058838
110968,3409483
69306,2941689
142623,3958495
76713,3071117
79416,3096175
142852,4098287
142528,3991649
37634,3437803
24045,4238131
29321,3777413
142546,4011048
142649,3940546
79371,3095427
36274,3520596
37549,3456410
143124,3865543
22309,4411023
142765,3992991
22905,4358429
57397,3434956
39638,3448205
152371,3472987
34925,3474135
41313,3474332
152372,3491838
117608,3376755
143313,4098287
52814,3534093
146400,3749042
145266,4158724
29926,3773821
144548,4169484
144866,4169497
146025,3850267
146160,3799747
146409,3708770
29957,3728886
32709,3683051
23191,4305880
23496,4343267
22191,4358457
29622,3789336
146169,3759488
24835,4185704
142410,4044209
118556,3344495
29548,3764967
32715,3681586
144458,4116965
144751,4116991
142416,4063608
145160,4001150
118441,3298336
122718,3341091
142645,4045551
142989,3970500
48858,3556281
48857,3503707
115645,3833963
115646,3781389
144239,4065364
115614,3728817
49018,3451135
48738,3389218
144059,4048503
52413,3552682
52414,3500108
144354,4117872
144651,4064434
48679,3404811
146059,3810023
146323,3810334
79500,3119771
79479,3119043
83362,3142244
24775,4238262
25114,4238278
117164,3349739
122551,3294570
79257,3146374
51984,3447744
51790,3481266
52103,3419961
79283,3169998
83311,3141578
145654,3900777
110891,3409799
144554,4065432
143944,3997066
144111,4013827
113022,3512216
108226,3458413
22192,4305937
145667,3860560
146137,3860590
115613,3781391
115532,3676249
110599,3461019
53380,3584953
52581,3519737
52428,3483015
34095,3569317
34044,3607434
146431,3862896
146635,3914472
24749,4290771
142589,4098106
142913,4023060
144459,4013834
49207,3485767
147133,3653652
114529,3682467
114530,3629893
52058,3430621
34490,3473971
34934,3491792
114474,3577333
115222,3623683
149326,3550878
142411,4096770
146411,3860828
110483,3511731
112620,3489880
113572,3575713
113496,3523161
24691,4343253
144323,3961433
143862,3988492
144185,3953299
142590,4150680
142825,4075615
89320,3128167
55967,3482814
115156,3571123
108335,3487535
111608,3540829
145218,3950977
23633,4276355
23850,4253337
24615,4290689
34444,3523693
22485,4305966
22410,4253392
145271,3910768
145733,3912988
52590,3572297
52440,3535575
25030,4395827
114378,3524781
146017,3913128
146309,3818354
113364,3495095
49991,3420103
143640,3936255
143971,4041048
52568,3411861
23289,4253343
143117,3917988
115102,3518571
115506,3623697
23154,4200838
112592,3518520
49021,3518061
49656,3538325
145887,3965407
146196,3965566
34293,3553162
34403,3518785
24555,4343241
88660,3163296
111538,3593378
114314,3495592
34481,3469063
22412,4305966
145010,4009091
145941,4016940
146499,3913380
149928,3522583
113516,3497974
43853,3558132
43815,3505558
147174,3382550
147141,3329976
113452,3522655
32640,3655876
142742,4180716
142741,4128142
48574,3494360
48573,3546934
48737,3441788
34297,3473536
144697,4011885
145067,3967272
115032,3488601
115494,3571145
145601,3963332
112546,3571019
146999,3707914
73657,3745612
73658,3693038
49993,3472677
50847,3386319
47209,3372760
24513,4395813
24431,4358447
146481,3766014
111464,3645740
145261,3918533
114265,3488576
143354,3831477
29504,3765703
143025,3970535
143473,3883971
145163,3966948
145448,3876742
145652,4015860
146007,4068364
143534,3883885
143699,3988810
145602,3928273
64463,3188808
113340,3575126
114950,3479437
116663,3453815
116664,3401241
24471,4411019
144707,3964854
145149,3922129
112444,3623325
49481,3546831
146755,3967046
144039,4049828
49022,3570635
145435,3875560
52729,3624871
142749,4023070
143053,4023068
52594,3624865
52442,3588149
145697,3876910
111376,3648778
23450,4148322
49345,3509914
114207,3510509
29372,3752335
29495,3759422
51708,3386244
52229,3418836
142764,4032498
143099,4075621
143591,3936428
145706,4024838
146041,4024835
48113,3387656
49257,3457358
113282,3627412
144516,3961223
74061,3640466
114929,3448380
23373,4095833
23824,4200833
144524,3912528
112327,3650775
144379,3908941
146505,3871110
146787,3923684
142744,4075630
24356,4305889
143755,4041244
144085,4005856
151713,3287675
114894,3500374
116294,3396649
116704,3373043
34078,3558849
29529,3766827
111228,3599381
114167,3562514
146810,3923698
146678,3871124
147127,3364127
136688,3155553
138629,3131504
142983,4085059
143153,4085098
29532,3819401
144253,3900854
143677,3945157
56739,3712746
56740,3660172
145060,3974844
144960,4020924
145174,3928107
56733,3607606
56832,3687165
56833,3739739
56964,3645129
92272,3205079
92306,3201129
145726,3981942
146107,4015890
56958,3592563
57104,3592615
57100,3540049
113239,3653737
52596,3677439
52598,3677437
92158,3188099
23762,4148353
24326,4253385
89736,3167661
92185,3183814
114808,3552430
55968,3485647
56587,3535334
89246,3148093
49373,3509923
144383,3860230
144586,3915930
89753,3211413
112270,3604373
146593,3818566
146783,3871270
143857,3997470
33963,3474970
144696,3968469
145002,4073485
51389,3368877
74054,3587896
111134,3546838
114111,3592228
151499,1
151500,1
143000,4137620
143191,4041634
142905,4050355
142794,3997804
143606,3796344
143837,3808120
144493,3814456
113158,3607075
29028,3744071
145558,3824422
145870,3929432
48834,3545342
48833,3492768
32402,3678838
23648,4200911
146063,3973409
145533,3823240
114746,3583212
115100,3605004
146881,3923839
146987,3871422
24170,4253427
49189,3509913
146114,3920998
112190,3551873
143027,3997813
143716,3848686
146390,3818375
146757,3713738
144758,4021031
48569,3440213
49037,3527963
145064,4076836
111071,3494289
143022,4094175
143255,3989081
114019,3598970
52819,3730011
49269,3562478
76164,3587908
75476,3535334
143637,3953816
143638,3901242
146786,3818856
146917,3818853
145368,3977717
51713,3421334
52371,3415485
113076,3554575
142982,3953841
144800,3869816
146122,3868522
146383,3869762
24604,4305995
116356,3367554
116039,3500879
116040,3448305
122836,3336864
114688,3592037
115090,3635786
48707,3545324
122665,3290170
123854,3389438
112121,3499331
146852,3766296
145727,3929386
113929,3549388
143084,4041621
143331,3936522
145868,3876999
146406,3818660
149496,3623814
111043,3546598
144818,4024354
145114,4027342
144356,3867003
144743,3765131
120302,3288781
145750,3824533
143569,3848789
120366,3281154
123705,3342744
113011,3502068
107892,3505412
49417,3615052
114598,3542525
115084,3644611
107987,3534796
111979,3551768
56731,3555048
145632,3772081
57097,3487491
144244,3916372
144541,3919501
23647,4253485
145611,3770899
67340,3344048
67339,3291474
113837,3496883
73430,3640466
115677,3418952
120258,3338905
143612,3755867
143917,3860652
144874,3974913
145210,3974781
146311,3871218
146606,3766253
143110,3989060
13820,3894087
144018,3913146
144310,3968934
149128,3674930
149469,3675674
13890,3887139
49413,3349821
13951,3847808
112941,3525937
68954,3058095
114507,3490020
47129,3368840
146019,3922434
146386,3923780
77873,3493249
77604,3440675
110491,3598947
110219,3646588
110495,3650820
69031,2937504
151487,1
151488,1
143008,3901306
143593,3808312
115805,3552223
115806,3499649
111045,3598700
111339,3598830
109013,3639445
110230,3698495
111331,3650617
111755,3603799
144028,3710018
111757,3655550
108553,3587190
109024,3684664
143010,3860829
143671,3811699
113737,3519846
108574,3632405
145904,3929547
112285,3554451
43816,3558132
43713,3452988
76218,3482776
107636,3550462
107709,3580045
144946,3922351
112203,3606545
55433,3574579
55394,3522005
56589,3550385
57051,3539995
57047,3592541
52849,3424373
150197,3679731
150206,3731917
57402,3401642
144079,3965708
147128,3414838
147130,3416697
145708,3722127
73429,3693040
75620,3693040
144346,4021494
144884,3817425
145689,3721027
147143,3293742
114433,3481010
48415,3492777
146065,3974996
146402,3923881
144117,3864009
147031,3871432
24605,4358569
68678,3055595
77046,3388123
114231,3512057
146118,3922434
72708,3718680
72681,3666106
68419,2926361
111773,3706453
111329,3702387
112193,3658103
113601,3659119
116617,3680451
116257,3628346
117975,3703089
67338,3238902
72227,3771243
72197,3718669
107030,3594466
144125,4018254
144388,4021445
80044,3184053
114233,3564631
107153,3624243
115587,3470202
145498,3826137
145278,3877504
145536,3773568
146119,3976206
146440,3871373
143504,3864237
144009,3762467
67489,3291476
67435,3238902
79258,3197608
109042,3737055
108600,3684873
145970,3669908
56591,3550386
56715,3602933
56717,3629492
57042,3644772
112194,3708909
112596,3710677
145929,3668810
146890,3818866
147068,3703912
56339,3536516
56596,3516468
139745,3173526
139435,3120952
79132,3248103
48416,3545351
56346,3536129
33928,3555233
146811,3661424
55970,3485338
145277,3876235
144171,3969128
144444,3968883
143384,3916792
143733,3916763
53000,3391011
147070,3603499
115410,3522049
145440,3826111
145720,3721349
138446,3183431
137978,3232118
115454,3470775
146157,3923792
146486,3818811
67201,3186332
76808,3430224
146843,3611373
147071,3465267
116215,3575790
144581,3867300
48885,3597898
109889,3849408
109890,3796834
143210,3969316
143439,3969354
146102,3515395
115864,3523231
113641,3927426
113505,3874852
145486,3877492
144965,3820584
56719,3612844
57040,3665380
143092,3913342
55393,3574579
113002,1
113001,1
146670,3818821
151483,1
151484,1
133865,3256422
147073,3469269
111327,3650485
111729,3730566
111735,3729673
112210,3731684
144219,3916566
114209,3948755
113935,3927415
114331,3896189
145098,3873137
115366,3573305
147074,3521843
80126,3235034
115413,3521944
113353,3822285
114718,3623751
146235,3871230
144189,3762276
145031,3718739
113967,3843620
114765,3572344
115843,3574094
112989,1
112990,1
42230,3449896
144169,3814822
143142,3965891
143247,4021878
143495,4021900
61207,1
61208,1
145167,3925692
79131,3298138
56721,3569029
145530,3878772
113245,3769723
113795,3874848
47007,3439122
114489,3812042
114025,3759468
143291,4018396
83100,3819682
83099,3767108
146068,3617552
145223,3771219
76358,3470886
146162,3871240
77033,3440358
78764,3344856
74782,3510653
76347,3523130
78766,3396207
79484,3348983
74768,3525917
5388,4174709
5140,4122135
55927,3483483
116006,3575260
113101,3717169
113827,3791057
143208,3965846
115334,3730821
115333,3783392
115815,3730821
115904,3678253
143297,4074423
143553,4021881
115969,3625691
146088,3567579
108757,3737218
109050,3789350
109663,3789072
109675,3840594
110205,3750944
117713,3703227
119067,3651613
110203,3803383
108800,3789721
110901,3650406
110904,3701487
108463,3737427
111371,3701572
111368,3729541
108287,3781625
108466,3785558
108055,3729271
108275,3828712
107793,3676798
108063,3776358
111911,3733212
107777,3719143
111913,3733151
112471,3725228
112473,3731654
106729,3666595
106660,3636652
145229,3928753
145580,3826328
116684,3625695
13819,3946661
11794,3860082
144532,3867378
144213,3814821
144572,3870547
11867,3841212
113864,3706912
116659,3596720
57045,3621603
56582,3471724
14052,3927591
110201,3852321
110453,3855957
149104,3726985
148596,3778876
79929,3285308
110905,3754061
110908,3753900
111363,3781954
116494,3730823
111917,3785564
112477,3784067
112962,3784228
143337,4074403
143631,3969319
144676,3823840
144918,3771282
82716,3714536
146049,3616461
20803,4033099
113540,3863311
113539,3810737
145353,3876328
145636,3773767
79570,3335210
110910,3806474
110916,3803977
111360,3832287
116073,3835961
111921,3836004
116297,3783390
112481,3834684
112965,3836641
110457,3904895
110198,3870150
144364,3919861
144624,3923109
143825,3867518
56350,3494506
55982,3474750
47210,3406719
145874,3773777
114318,3675118
117665,3650668
106294,3677952
113830,3622588
116001,3624233
110552,3850923
110920,3856491
111351,3884798
110535,3903414
111927,3888515
110194,3892394
106475,3713304
144273,3867370
112489,3887195
112968,3857108
109636,3893138
109635,3841205
113247,3850035
143365,4021841
72187,3666103
117356,3598107
73077,3613540
73066,3613537
73409,3560984
73397,3508423
149152,3726988
47080,3372443
113723,3758333
117723,3545336
144402,3663785
145431,3823768
55929,3536057
46805,3558596
46806,3506022
143853,3814994
144293,3765673
113403,3840848
148624,3778986
149156,3779268
144428,3972423
144668,3926091
112986,3902532
110922,3908347
111935,3940201
111347,3936507
112497,3938787
112977,3939769
82523,3661966
74732,3523551
75032,3578435
75022,3576059
75208,3630942
75204,3628361
75446,3683386
75447,3708441
77566,3545429
77282,3492869
77563,3597660
77272,3539948
77014,3487703
55931,3482372
78455,3448722
78778,3399219
78277,3501126
78465,3451639
76143,3575648
76328,3575218
78111,3553686
78274,3503900
78108,3605948
75958,3628196
76134,3627729
75957,3674379
107766,3771246
52901,3412107
143246,3920000
109054,3841884
110189,3922647
109643,3893728
80393,3796129
80387,3743555
112741,3777550
33626,3588038
33929,3560771
77561,3643610
77816,3649487
77810,3648589
78102,3600728
113406,3893422
75714,3709815
75712,3682885
75455,3680588
75961,3667546
118703,3599372
119785,3704187
33964,3481089
33745,3505325
144491,3919862
110926,3936549
111344,3940221
111939,3938781
112505,3932463
112981,3991361
143685,3867530
145169,3666514
146071,3566547
145355,3823778
47012,3400880
47103,3377886
113778,3674557
29027,3698023
45713,3397298
49558,3375774
47011,3453450
106352,3728984
107718,3765836
144486,3975670
144712,3876400
20465,4102433
55499,3640052
55500,3587478
148638,3831310
149160,3813643
110932,3983925
111337,3990670
145213,3616741
143262,3920031
143711,3920066
111945,3991319
112513,3985001
52943,3375710
55492,3534908
55864,3640052
117776,3546433
104594,3718159
144452,3565698
148048,3830869
143278,3972567
143789,3923276
55211,3624955
55212,3572381
45408,3418981
108470,3837903
104597,3769221
105926,3780617
73059,3560978
72188,3718677
55192,3555805
109597,3894095
109600,3946259
109803,3944925
109813,3997448
110186,3975176
110524,3955943
110879,3955287
110864,4007816
111169,4012516
111164,4036455
111473,4018027
111469,4070587
111949,4043879
112519,4037561
112983,4037575
52716,3360172
53277,3354342
77558,3591047
78098,3548165
83955,3747953
83467,3733905
83954,3759812
83197,3717487
83465,3786437
82949,3682312
83196,3752344
82947,3699819
81950,3628420
80898,3638419
80897,3690985
81626,3585855
81946,3579399
144520,3926091
144786,3823839
81645,3533293
5043,4594959
5037,4542387
5173,4647533
143932,3870757
144132,3818209
83949,3812344
84158,3739315
84137,3687793
84372,3687819
150196,3627262
84373,3636134
150199,3679448
118667,3546816
71174,3718694
71173,3666120
120319,3331377
120758,3272166
119352,3389618
55935,3466068
118362,3494256
74726,3519388
112992,4090135
75013,3571884
75195,3624179
112525,4090129
75459,3705161
75954,3709597
111953,4096447
76150,3666923
76317,3614413
76512,3627722
76513,3666918
76632,3587169
111470,4123155
76633,3627546
76802,3540215
76793,3581026
76995,3528514
77265,3581017
77549,3643585
78093,3600701
78268,3555260
78471,3502979
78786,3450480
119412,3382246
120679,3322454
144978,3823849
83461,3800454
83677,3800483
83655,3812319
53156,3419358
53330,3403551
83941,3791820
143546,3975833
143883,3975838
74292,3542083
73972,3489509
79387,3385632
115202,3674771
117094,3597235
118899,3493174
59363,3345812
57014,3426480
57003,3398200
66599,3194093
66531,3146550
66613,3161839
75704,3708257
75945,3707688
75697,3704676
75461,3697090
55990,3440600
55937,3446722
66547,3114069
56583,3437194
77737,3648557
78089,3647754
77766,3689996
77537,3684573
112988,4142703
144560,3873529
59113,3333523
143264,3972605
102262,3734312
80907,3743559
5038,4594961
5031,4489819
55838,3418058
148674,3865691
149170,3837184
80388,3796129
55861,3405363
56439,3432855
148086,3830990
57009,3422469
120806,3261290
73060,3613548
56441,3403536
120753,3311635
127188,3248080
104251,3814680
104605,3821225
113191,3725582
119760,3373524
103637,3786329
104253,3866321
113115,3669998
114202,3675019
5180,4542393
143336,4025111
120335,3364048
121535,3364024
5022,4437255
143609,4028395
143919,3975858
143412,4028331
103610,3838583
54909,3558694
54910,3506120
5021,4489829
20466,4155007
22474,4155007
67194,3151249
55188,3535974
55484,3608379
144539,3873539
54866,3454667
83458,3767733
83940,3740306
119004,3441856
143654,3975843
148654,3878275
109606,3998833
109817,4050022
110187,4027750
110865,4060390
111165,4089029
111318,4089029
5015,4384695
55189,3588548
150146,3626979
150120,3574793
114163,3727581
82943,3681359
113687,3780149
113688,3832718
114087,3780150
84377,3583607
83930,3687779
83449,3747914
78087,3599870
75944,3682324
75465,3644818
100758,3717373
102322,3782622
77533,3633135
67511,3291476
144430,3615777
148509,3930436
5170,4437269
114965,3780149
5005,4332139
143536,3975821
143651,4028415
143965,3923322
112583,3826459
74721,3508068
78794,3501384
75463,3632249
78085,3641938
104609,3827185
105710,3873799
75942,3679459
76313,3629103
76989,3568300
77523,3672818
147746,3882878
57019,3475043
81938,3526891
82181,3624515
82162,3572004
82441,3646734
82436,3594221
82683,3664987
82686,3612474
56422,3352924
5006,4279585
82938,3628846
83175,3695387
83154,3642872
73957,3455875
83445,3759778
84141,3635261
84391,3531081
84140,3582728
83925,3739290
74720,3489018
147132,3249836
148744,3889200
149178,3835471
74693,3455293
75039,3541297
76135,3626954
76276,3601613
75030,3507515
75215,3593335
75202,3550355
75471,3684234
108271,4250249
108272,4197675
76122,3598711
83657,3791208
83909,3686775
83645,3738706
81648,3585867
83439,3707272
75934,3675580
129884,3215388
107785,4094605
107776,4042031
77267,3620315
77519,3724237
77236,3654683
119995,3415173
120675,3416538
76960,3603000
78502,3546127
78806,3544312
78266,3589444
78518,3587795
103068,3937276
103066,3884702
103854,3943127
103834,3890553
78270,3629530
78081,3683466
148110,3883417
148522,3982943
130713,3225864
135682,3179097
23412,115
23411,146
22635,122
25283,112
144375,3716289
77773,3730084
78069,3722704
77759,3768735
77487,3758268
75696,3696603
75929,3643789
75699,3664324
75473,3631759
112574,3797608
112969,3774772
136430,3167163
151250,3556775
143705,3975873
144031,3870765
116600,3647931
117441,3649791
151247,3479661
107561,4042075
107562,3989501
147079,3204302
113062,3722350
121309,3416527
122289,3412875
53689,3392913
114506,3885290
114709,3832718
67958,3207788
67896,3155214
118957,3492324
5168,4332159
5014,4227035
120464,3468375
121175,3468889
149348,3806435
149353,3774680
149380,3774902
149382,3741439
148920,3887540
149184,3806199
118351,3545670
148567,3903639
144206,3870772
148782,3926662
148915,3858270
117288,3544825
119299,3440073
79355,3436813
79890,3433838
149181,3817095
149357,3784332
117348,3702343
118001,3598210
149392,3707126
81649,3480735
112494,3641052
114501,3722421
79125,3591124
79126,3538550
148049,3883355
148786,3898916
148911,3869200
112573,3745826
41365,1
41366,1
83900,3634236
147987,3935893
148138,3930227
143757,3923313
83438,3654733
148136,3935923
148498,4035221
73975,3420343
151453,1
151454,1
121553,3468905
114936,3694181
78068,3670188
53817,3511575
53871,3459001
120255,3467689
120788,3520059
107307,3989569
107308,3936995
77482,3705749
75928,3591264
107049,3937435
107050,3884861
75477,3579241
55456,3419449
119367,3432811
147953,3988373
148058,3982760
116698,3487896
117028,3753036
117941,3650762
147494,3935132
147790,3935044
119810,3425797
113020,3799681
113019,3747111
114291,3747110
114382,3799682
149173,3869643
149361,3750408
67593,3224850
67562,3172276
116766,3480587
119713,3424304
100262,3700815
101970,3764836
108693,4377098
108694,4324524
81935,3574801
121556,3521131
121901,3517825
147923,4040580
147996,4040599
79348,3487676
79656,3484890
79639,3535631
79888,3485799
80333,3486191
121036,3519941
85902,3479307
144377,3768863
144391,3668281
80317,3538697
80531,3538025
80512,3589122
80721,3584354
80718,3634852
80931,3630436
80924,3680874
81143,3626700
143630,3923315
81126,3677170
4851,4279619
4852,4227045
148687,3926670
82445,3607881
82448,3659608
82679,3625598
82670,3676824
82963,3640893
82960,3691901
83171,3656289
83921,3679873
83427,3669166
83918,3732399
84153,3628666
84134,3681176
84455,3577056
83152,3707547
83426,3721682
147869,4092599
147961,4092898
76269,3625882
120547,3499454
76964,3628067
78810,3590464
79006,3582224
84434,3629543
85811,3525335
25317,119
27006,129
74703,3507511
74949,3507422
79343,3537244
4840,4270486
4839,4217912
55780,3368225
106126,3832359
73948,3472852
74022,3381984
30372,3651441
74985,3559713
75137,3559352
75139,3611649
75359,3592622
75362,3645117
75881,3611236
104613,3879451
75866,3663741
76053,3622106
76087,3673899
76271,3677383
103882,3914758
104261,3914698
78511,3633185
78799,3640971
103889,3962556
78285,3674588
78481,3683886
78073,3714742
78291,3725515
103442,3886496
77461,3730310
78062,3767245
103445,3932994
144393,3669556
144419,3618202
122097,3465269
124295,3399476
77209,3679419
77469,3782817
77207,3731431
102668,3834921
103117,3930323
76967,3679366
147841,4040107
147931,4127034
102705,3881988
102370,3829813
101985,3810948
53502,3432599
119755,3476558
120328,3478202
115730,3642720
55834,3362101
56028,3389918
99320,3679264
99548,3713347
24850,132
25194,128
119094,3476703
115966,3695158
116805,3700472
148725,3898749
147811,3987572
147888,4074339
119131,3528842
120135,3528939
148170,3988242
148390,4060729
79872,3536678
80069,3538309
80047,3588951
80287,3589455
83422,3773239
83616,3753547
83627,3805358
83914,3784615
149033,3974305
148947,3921748
149032,3932054
120622,3530495
117675,3702627
148739,3868485
148949,3889048
148889,3921753
148907,3836501
32380,3679052
32409,3694006
112432,3693541
113945,3694540
147846,4021812
75364,3697180
75672,3683755
116720,3753032
117531,3650063
75652,3735498
75822,3715535
77471,3834516
77730,3809404
77749,3860430
78055,3818277
55765,3316986
148845,3974297
148887,3889063
147751,3987579
147834,3969292
55829,3310811
121566,3516966
105478,4037476
105264,4031364
105508,3984933
105034,3979211
105278,4033162
115160,3798814
114435,3746246
114665,3798815
115500,3851383
32040,3676186
104850,3930214
105038,4026402
104846,3978639
104615,3929571
147711,4040117
147819,4021815
112418,3744709
32789,3704577
117865,3598151
53553,3321757
40856,3508875
41990,3483489
79335,3585126
33444,3623746
33592,3589694
71628,3630431
71627,3638659
71914,3577859
112417,3692220
113876,3589447
71909,3586087
71986,3525348
71981,3577823
56941,3273765
149069,3922169
149165,3836870
149071,3889390
149027,3898572
5150,4279609
64377,3226275
73939,3525384
34454,3523088
33814,3523574
39450,3503935
5026,4174489
107335,3988213
107587,4040708
147683,4092641
147764,4074348
107846,4094146
107863,4093214
108118,4146249
108116,4145067
108372,4246303
108373,4193747
108612,4294034
108610,4241478
108864,4271981
108860,4219433
109098,4219474
107127,3936529
109080,4166926
109522,4272020
33708,3540181
120137,3581511
121027,3578167
109530,4272016
110134,4324594
53370,3362692
113141,3691334
147278,3987519
147523,3987329
34455,3542329
33797,3559059
37655,3523593
71880,3546287
71969,3586063
73073,3630371
116631,3805558
117465,3702623
73062,3638134
73417,3577889
106550,3884019
73378,3539561
120902,3634085
73924,3487024
147645,4144975
147720,4139538
80286,3640996
79863,3587285
114362,3693684
83416,3760039
114603,3851383
115580,3903955
148424,3926743
83907,3733231
100566,3759612
100540,3805055
100956,3808582
100958,3853726
101492,3826850
101489,3872097
102005,3856088
98045,3720451
102379,3875399
53458,3417002
96442,3652667
102739,3927328
42041,3487686
53457,3365194
53478,3320085
116516,3804253
147603,4144925
147691,4191948
78054,3777887
77473,3783141
148791,3941604
148843,3941611
80282,3686599
75815,3726320
52972,3343868
53421,3311265
75366,3663888
80714,3679772
82954,3736103
84420,3677375
83905,3781011
81122,3705249
83412,3807714
79333,3629180
79851,3633862
148446,3898740
33689,3558828
4708,4270472
5009,4165356
115153,3590804
147579,4092402
147664,4191792
121082,3547567
114069,3641974
33647,3552449
75370,3715617
76279,3728501
76969,3730349
75811,3777649
148202,4008213
148356,4083849
77477,3834035
74702,3559524
78052,3828291
148012,4035019
78475,3734079
33579,3609148
78789,3690940
4707,4323046
148172,3982775
56968,3300532
114437,3798814
148456,3868282
147543,4039864
147621,4139114
80270,3736902
80514,3732047
80526,3779531
80710,3727316
80916,3722022
116348,3751697
79667,3676612
79850,3685990
80894,3771821
81112,3756176
81326,3721288
81296,3773068
79644,3717880
83902,3832354
84122,3729156
79329,3671297
148468,3835363
82926,3764540
83160,3770075
84118,3723756
83144,3782767
83410,3836673
84402,3672543
33227,3656308
33439,3636097
33525,3615212
75154,3663682
75376,3758261
74954,3611758
75174,3714929
79836,3729138
80028,3735757
80025,3779122
80259,3781512
78043,3874950
78249,3786381
74970,3663181
78230,3823836
77219,3781534
77483,3884636
78446,3781807
76067,3780893
76283,3779823
77222,3831880
74696,3611016
85889,3527239
87882,3430144
78774,3729785
76977,3780919
76082,3804700
75806,3798792
83406,3847373
83642,3852884
83640,3878882
83892,3827366
101087,3878939
101529,3924399
101541,3900534
101089,3872826
148224,3955620
84832,3568380
147581,4086581
115399,3643255
116226,3747671
118626,3528636
117069,3701522
147491,4039864
147571,4034058
147939,4112581
84930,3573409
87175,3522437
118652,3577900
120371,3581110
112609,3742306
113813,3639596
75640,3786991
75793,3850310
75633,3839001
77507,3933329
77735,3911045
75394,3800463
77744,3959690
78039,3917190
147455,4092402
147553,4086587
117336,3755149
136425,3194709
148128,4008160
121386,3535343
33527,3599775
117240,3597306
33648,3521938
124033,3451729
125607,3349096
147429,4144935
147507,4139121
147973,4060325
148078,4060377
115989,3858135
115990,3910709
116009,3910694
116512,3805578
120866,3630476
121227,3630683
148230,4031288
116602,3700487
117212,3754078
147236,4040074
147288,4039813
32781,3729156
147393,4197386
147462,4197192
106662,3933878
107322,3986492
4549,4375606
4550,4323032
107304,4034761
107568,4038996
107550,4087276
148024,4083356
108837,4166921
109091,4114410
109352,4219472
110648,4534838
110540,4482264
110310,4429696
110525,4429748
110114,4377132
110319,4377180
109800,4324572
110111,4324616
109809,4272056
109357,4166956
109523,4219500
4554,4156003
5075,4122065
80234,3821383
147361,4197410
147439,4249677
79832,3770156
83888,3774826
83400,3794833
147983,4135863
7676,3949285
6488,4001721
7724,3949285
7942,3896797
121121,3683012
121569,3683039
58854,3283521
147253,4171675
147254,4119101
147210,4182671
147209,4149990
147240,4130099
114782,3538376
122814,3502827
147231,4097418
147301,4081355
147299,4028781
5240,4069689
104623,3973422
53688,3349860
124394,3504269
105043,4072294
147343,4144886
147417,4249585
78036,3864650
106810,3982249
77527,3880789
147235,4092506
75788,3797772
75402,3786109
112610,3794880
96551,3692813
98460,3772903
116611,3753027
116892,3649726
56151,3290994
58847,3257082
121003,3682869
66411,3094046
147948,4112438
66432,3061565
71956,3546251
72366,3638069
148751,3950928
148822,3907835
114385,3638711
72355,3598232
72774,3690618
54269,3314203
116335,3858143
72762,3644553
73058,3592067
147311,4092348
147382,4196954
5211,4069665
79326,3711455
79651,3757834
79898,3818230
79895,3864948
108250,4243965
108234,4191391
80342,3823535
80337,3871314
80506,3822985
80698,3770735
108054,4192362
108050,4139788
80856,3815360
81110,3808719
81454,3821503
81441,3873695
81714,3863886
81710,3891205
82164,3883502
82158,3924377
82438,3869515
82430,3911068
82656,3817087
99880,3849639
100517,3849523
82644,3858575
82914,3806029
83134,3829434
83398,3847372
83883,3822267
84400,3620469
99370,3863463
99892,3872784
98876,3818615
99376,3863690
116336,3910717
137222,3376776
137206,3324202
116638,3805586
98926,3827166
148238,3978793
98488,3745228
151451,1
151452,1
32756,3715256
32794,3736083
147726,4126770
148940,3671507
116525,3858148
117118,3858147
149237,3802957
148932,3715429
124389,3556624
74692,3662099
74951,3714414
75145,3766211
75324,3757481
75329,3810009
75789,3850300
76079,3855757
76301,3830653
76498,3832147
76499,3883026
76602,3859043
76605,3910097
76778,3833451
76771,3884412
76985,3831886
77205,3883595
77522,3933327
147886,4059898
78031,3916415
78237,3873846
78457,3821849
78755,3769725
79321,3751119
147347,4144421
121241,3735406
121777,3726561
120475,3678857
147878,3992777
5630,4017239
147279,4092364
147340,4091898
117958,3576371
86244,3884663
86094,3926013
86242,3834235
85952,3923155
86072,3873453
85707,3877479
85924,3870595
85703,3825067
80073,3912353
80059,3908612
79885,3860661
80327,3912039
81108,3852043
81289,3858039
81281,3900647
81431,3915813
107102,4029908
107297,4087313
107547,4139790
108043,4191387
108223,4219451
67190,3105529
83396,3872741
83607,3874075
83605,3822300
83879,3770846
148284,3950771
117987,3624646
119638,3621590
147853,4059908
147267,4144920
147326,4144449
116609,3910722
4427,4366253
4428,4313679
75587,3838652
75801,3901251
75585,3889670
75331,3861022
77510,3984029
77761,3958962
77747,4009051
78027,3966490
85553,3778255
85696,3818523
86206,3832080
86448,3784559
45714,3415560
44328,3423388
147668,4179024
85350,3725884
85556,3830829
113131,3790479
86450,3837133
86652,3732179
86642,3679652
85158,3673391
124955,3401622
127085,3296735
5449,4017221
121587,3778906
122227,3715016
115561,3695829
32751,3701356
147291,4197005
149163,3846365
149075,3898753
149025,3864183
147816,4112448
148955,3855273
148905,3802725
148882,3855277
32754,3747741
84396,3667147
49576,3353537
84776,3609201
40011,3576167
121377,3783593
32037,3649070
114122,3691126
114414,3687012
114737,3588790
113769,3743519
114093,3739292
65235,3356805
65225,3304231
147238,4144819
147271,4144784
44148,3450229
45409,3424136
113770,3793636
110661,4482322
148719,3916369
148837,3907638
147701,4164739
147794,4164772
89754,3252444
116060,4015836
116059,3963262
87046,3574816
87833,3471958
109101,4061918
105061,4117852
105368,4118155
84889,3620959
67584,3190479
105424,4162961
105662,4144944
107298,4139887
148248,3978670
67575,3207969
67786,3185432
105698,4189349
105848,4155066
117241,3597352
105921,4199628
106060,4160393
106136,4202882
106272,4169724
106297,4120323
84890,3661474
30276,3548133
120909,3831294
86830,3627145
87026,3627128
85146,3713874
116995,3910705
86622,3731880
86820,3679385
120288,3626406
147266,4179135
116183,4015825
147734,4150107
104581,3966794
104596,4019368
30303,3473280
31394,3500365
103451,3978502
103112,3971311
102734,3960102
102342,3908216
102000,3888300
101517,3903824
101553,3878794
101093,3839642
80324,3865574
100518,3872938
79877,3810254
81104,3859952
81429,3942953
67779,3220478
83392,3857046
83878,3719315
114811,3638982
121093,3831076
120076,3668933
112669,3886384
112365,3931834
112665,3931781
112921,3837377
116067,3963257
116269,4068399
116737,3963262
147708,4202636
75333,3818187
75809,3907876
112051,3983147
112367,3974081
77503,3934790
110658,4114492
137036,3271672
137228,3376732
78026,3920012
112859,3883258
109109,4069178
68442,3108086
114702,3687241
115137,3691406
122024,3767308
122489,3701345
112052,4024829
113089,3837126
113373,3842735
107204,4057652
80322,3906080
79867,3849353
79319,3784279
80694,3812352
81100,3874711
81427,3955963
81868,3904641
81881,3912382
84387,3703417
83876,3755666
82911,3832067
83387,3896464
4217,4313697
4218,4261123
113376,3889318
113617,3840857
148677,3880622
148794,3872642
113633,3837935
147679,4178910
113851,3791308
75813,3899887
76309,3853984
78022,3953028
78747,3806910
76993,3855986
74690,3670229
77499,3958610
75339,3826224
124805,3453981
125867,3454008
88388,3379732
65203,3251661
65486,3356805
148302,3920313
111688,4117417
111687,4064843
148044,4030816
87672,3524439
88287,3421272
68323,3124176
120627,3726667
137218,3429264
137276,3429302
147474,4191604
5452,4069652
5623,3964753
95500,3623059
81690,3964486
81923,3872613
129798,3232252
81667,3911988
80313,3945831
80518,3853711
81419,3903497
80507,3887053
80673,3846457
80880,3857284
80865,3871725
81097,3888592
79631,3836692
79857,3897962
79617,3831272
79316,3778888
84381,3678529
83871,3807141
84775,3626836
84896,3703899
85119,3756336
85358,3766237
85351,3818741
83139,3843975
83386,3885115
85690,3871067
85929,3922349
83137,3831033
86074,3921255
86221,3881083
86346,3783526
86347,3835712
82901,3820160
86619,3784060
86824,3731563
87017,3679410
87278,3628360
87271,3680714
87474,3576823
87472,3629189
87656,3576821
122361,3753597
122921,3650036
144789,3262162
144790,3209588
43768,3449410
147619,4126370
89163,3291937
95672,3662017
109115,4074816
110571,4074939
68590,3048536
115139,3739938
115619,3738665
76059,3847480
76323,3845582
107296,4064728
76074,3834502
75131,3773842
75343,3868958
110663,4127513
74963,3722219
75130,3736572
75817,3888617
74948,3685238
74684,3633384
98498,3794026
77215,3906401
77498,4007081
77214,3900968
78469,3848765
78742,3818012
77001,3852218
126472,3349197
128529,3310358
78227,3900861
78486,3845064
78241,3897123
147611,4059421
78017,4005232
79837,3908892
80065,3948130
80057,3958403
83601,3858716
83867,3782330
80303,3955131
83599,3834176
83382,3833138
109920,4078321
148631,3915918
148747,3828278
123396,3555013
124643,3506122
125603,3506246
137344,3481855
119942,3663307
120311,3721414
120809,3779076
147585,4126389
121548,3819287
122175,3786817
75345,3825354
75621,3902534
75603,3868639
75857,3859008
148308,3887394
148502,3801730
77719,4031646
78013,4001626
77769,4027441
77492,4000287
85516,3871175
85684,3923116
85508,3913406
85345,3861121
103943,4134383
103944,4081809
104133,4186112
104134,4133538
104395,4253973
104396,4201399
27007,160
26722,133
67543,3188843
67629,3260516
89130,3329215
147421,4243998
119470,3674148
148056,3961709
118490,3720184
118307,3667635
109119,4077930
67609,3277409
67719,3258746
117684,3577179
137863,3301073
137864,3248499
88098,3473461
89081,3370652
144655,3217014
144656,3164440
120671,3773813
107376,4069903
61278,3250370
97884,3808792
96848,3766857
97878,3853329
97141,3767061
96334,3714487
137214,3481798
137391,3481816
98502,3838446
98924,3863693
99392,3883754
147916,4045257
99910,3846124
117719,3629491
100522,3846118
147557,4178929
124390,3556953
124845,3553189
67685,3261792
121685,3838776
148065,3929960
122527,3702166
123317,3597518
43092,3422444
126159,3453957
6457,3912266
72344,3545679
67759,3167998
148579,3906812
148707,3880627
42091,3498962
109123,4076311
58850,3309656
61282,3224577
42625,3414239
73916,3434483
137422,3534386
147449,4231348
147532,4231368
67180,3053015
67465,3158066
124360,3593131
119247,3702727
43408,3497946
124166,3597857
147865,4045261
3992,4208563
107524,4072460
125567,3506221
126429,3401514
115272,3786697
115651,3737046
112058,4054093
122971,3649625
124855,3610000
112375,4014129
118785,3708630
112656,3974728
147484,4216904
112865,3928418
114440,3733777
148531,3854280
148665,3872265
113093,3883323
113643,3835008
113388,3886651
120893,3826037
115242,3833057
115634,3785787
115873,3687090
115004,3737195
80297,3902622
79833,3878688
108123,4068383
147892,3990847
67455,3203842
122683,3701908
83861,3729802
137208,3534331
137353,3534350
148316,3924138
148270,3958651
148330,3880204
83379,3780622
127999,3362881
148116,3992252
148288,3924129
43407,3462713
94196,3589555
78012,3949133
77490,3947785
67529,3241384
75347,3772856
75873,3806505
125926,3449044
147457,4269446
85337,3808696
89634,3367237
85681,3965398
147904,3961577
148081,3939706
122125,3752955
94256,3622284
87654,3577577
87267,3731892
107638,4069371
89575,3406512
148587,3819737
114984,3783634
114700,3733948
147432,4243929
3991,4261137
85332,3811206
85679,3964678
84898,3679251
79309,3771392
78736,3815627
86078,3915519
86828,3778297
115881,3734510
116079,3636161
87263,3784033
117088,3524691
82884,3825344
84766,3628251
84893,3706502
130006,3237648
133898,3278211
147748,4097567
74682,3593439
112066,4058577
148471,3854280
148556,3767181
117619,3677283
118159,3682032
78727,3807233
150424,3731276
104706,4155048
105083,4154749
104656,4185903
104362,4174302
104322,4162040
122418,3701172
103476,4030229
103954,4113844
103472,4062690
103180,4011492
103168,4003630
102812,3988736
102810,3967168
102347,3937317
102001,3916256
65488,3304235
101546,3885456
101084,3795604
100524,3797686
137202,3586866
137348,3586882
148409,3906809
148544,3819737
121329,3840548
148131,3958644
149049,3820281
129711,3275854
147379,4191389
124815,3548586
124602,3559727
125628,3542628
65165,3199095
137377,3534355
91620,3402826
86834,3773169
87023,3783655
107826,4061482
87050,3731837
148052,3949286
148187,3906021
116099,3679305
116323,3584724
85926,3937824
86082,3863229
85900,3885334
87261,3733817
85674,3938738
87870,3525899
88068,3525430
88372,3525972
87868,3577839
85124,3758922
85329,3837562
88366,3577904
88612,3578473
87648,3629946
88606,3622711
88836,3623117
148361,3915871
148473,3872237
88832,3615265
89022,3615624
85122,3732900
89018,3563609
89218,3563896
89206,3511337
147372,4126145
84874,3680519
148374,3828046
54360,3324181
148425,3880542
89500,3458933
91537,3439977
125877,3501402
147956,4001752
148073,3915162
148227,3967797
148344,3880232
118607,3761149
147768,4043061
117517,3624908
118049,3729830
94934,3674765
147352,4178918
112074,4075506
97622,3871881
97130,3819307
85532,3889703
85668,3886242
85528,3837261
85322,3785140
87259,3733479
87460,3682352
87455,3733921
87641,3681887
115449,3885475
115436,3832901
137180,3639401
137321,3639405
148320,3932506
148928,3767728
126979,3490329
147773,4013791
30720,3642409
121851,3851491
125444,3524923
20695,4406151
20649,4353579
20920,4353594
147647,4111904
107964,4078193
147321,4231474
106321,4161112
116325,3627732
116671,3532487
20605,4301011
20870,4301022
117154,3572411
117685,3672444
148251,3924055
137405,3586896
102420,3989280
102422,3967588
95496,3727155
20569,4248447
20819,4248454
101534,3845725
147926,4053971
147971,4011014
112082,4058865
118355,3729869
137166,3586875
147303,4179133
121533,3853436
31859,3601302
137382,3639424
137657,3639437
121969,3799080
147599,4111930
20535,4300977
20776,4195890
149922,3493836
148004,3967607
148149,3871432
118477,3771764
118751,3807073
108046,4115955
20493,4353532
20732,4300954
147872,4087293
147975,4019852
128703,3415455
121923,3819523
131012,3437810
130316,3385252
131048,3490360
149828,3463887
149924,3546406
147276,4202635
116707,3524720
119619,3740843
117390,3619938
117825,3725018
79305,3764464
80656,3808371
80651,3859581
81478,3835360
118000,3771973
81480,3887869
81700,3861302
81678,3913792
81916,3886186
81913,3938686
82352,3906223
82347,3958743
82648,3876704
82619,3875591
82871,3823832
130709,3542826
124630,3662353
125311,3575937
20467,4406065
20691,4353513
74680,3553151
75005,3645388
75917,3798463
75435,3747947
75914,3850967
76107,3839087
76100,3842502
76343,3830200
76306,3790425
76973,3822764
74998,3605192
75183,3696917
76957,3784580
77199,3858445
77197,3823174
77493,3887826
77467,3940343
78003,3903205
78000,3955696
78215,3911731
78213,3931003
78419,3859548
78417,3878805
75180,3656991
78717,3826439
79303,3749581
75433,3800446
147629,4082506
118051,3782404
103471,4055066
96128,3779608
97574,3867539
103952,4105495
104314,4153335
104654,4182280
114086,3782924
114450,3779783
114103,3828664
105178,4199742
137156,3534345
105176,4212631
105568,4203594
105496,4202617
105756,4211474
105744,4209303
105990,4220172
105986,4216247
106214,4198142
106200,4209472
106620,4204232
113663,3880845
106609,4219670
107096,4197690
107088,4208553
107480,4186492
113445,3932520
107460,4193170
107898,4152380
107882,4151832
108062,4114548
113097,3928648
112652,3968705
112887,3969128
117041,3567195
147814,4118743
147881,4097110
112372,4007536
112647,4008119
112339,4045161
112026,4096907
112027,4045552
148070,3923856
20433,4458568
20618,4406041
122984,3714441
122753,3741881
122303,3746549
118311,3805005
119207,3804933
87640,3629787
87254,3681191
67450,3208547
67525,3208523
108222,4097294
129847,3258252
128156,3316348
147641,4054760
147801,4066216
118136,3811946
20403,4406015
20566,4406015
126370,3473013
131090,3647948
130776,3595374
137648,3691960
67519,3174169
148777,3775731
128241,3542903
129921,3281754
128348,3297621
148015,3976249
20375,4458506
20525,4353453
82119,3977151
82341,3979290
82103,4019406
81903,3990513
149912,3557825
75427,3760944
75676,3852005
75666,3812102
75910,3854799
64291,3248427
64881,3278794
27416,3909090
27380,3856516
67752,3156721
124962,3628153
126235,3614241
137373,3691948
67678,3209256
77451,3911312
77732,3976963
77709,3949898
77995,3974229
147500,4164364
20357,4405951
20490,4406019
117763,3766027
117653,3713453
137148,3481809
129757,3333048
122101,3767024
131233,3700514
130954,3647940
71854,3505761
84747,3626086
71928,3505725
84867,3678289
72598,3493164
27610,3856522
27533,3803948
96560,3831898
72586,3452588
72940,3486974
86794,3813002
20180,4473812
20179,4421238
72936,3493254
86781,3806072
119393,3773034
121015,3713168
88063,3572443
103501,4069423
103206,4018302
88361,3624882
73906,3440755
112035,3993522
102825,3936298
88593,3664216
73980,3341764
102396,3936949
101996,3897685
102404,3897148
88817,3656030
102039,3849163
89009,3604332
101562,3797316
89193,3552081
101099,3746921
20358,4458519
20430,4353392
100550,3748738
89471,3499770
89756,3511464
99938,3848311
89745,3552294
89886,3563996
99490,3900777
89892,3604818
99124,3904218
124333,3723866
98505,3891020
147824,4129719
97874,3884478
93719,3538778
117999,3824547
23402,149
108406,4149562
137591,3744484
137627,3744489
93720,3571414
27196,3803948
20458,4458554
116690,3619403
118659,3608107
147758,4118746
147837,4034737
151444,1
151443,1
131423,3752932
131124,3700358
147858,4139823
147943,4063278
148600,3671154
117548,3660909
118014,3752596
64808,3316292
65109,3241344
147506,4134861
147690,4171235
147778,4129722
118697,3752584
119235,3752422
130579,3490268
124822,3679872
125937,3666550
137138,3429275
137264,3481814
65069,3246644
67515,3121642
68310,3092495
129693,3373259
65493,3146569
147896,4097014
130660,3542816
67449,3261121
111864,4202136
147512,4107115
148606,3619094
148966,3671878
136936,3219180
108568,4176938
128462,3348602
130265,3425453
67510,3174194
121906,3767559
118079,3805055
148584,3723250
27329,3751380
147409,4178629
127558,3420679
25062,145
94206,3623903
117904,3700061
130368,3437718
82333,3928075
125055,3725655
81896,3965078
115752,3783862
115759,3831734
116078,3730562
67848,3104186
115451,3885475
116087,3782096
147850,4087260
115251,3885631
75907,3851649
75424,3709441
126497,3563044
114820,3780398
115105,3826244
137534,3261120
138416,3300622
116329,3679680
114880,3825133
116710,3671345
114454,3824669
137126,3376740
65481,3199092
77447,3875669
148801,3619769
149014,3620055
77993,3921968
130661,3595240
131148,3595234
147662,4223608
147699,4223752
67825,3069098
111812,4204710
111805,4152650
150988,4397741
150972,4387232
20111,4353393
150990,4397725
136338,3236157
137189,3246552
147364,4164473
82331,3919844
82865,3815520
74678,3501749
20742,4248396
75415,3658215
75901,3805773
81877,4011477
6092,3964719
8179,3859800
76296,3749734
108666,4151630
76952,3744335
77441,3837387
20545,4300898
131280,3647800
72934,3452678
78713,3810825
77991,3891628
147724,4182225
147826,4087268
20391,4143366
125251,3615204
126789,3511034
97650,3927378
96984,3874804
73899,3400179
124623,3717637
125703,3718904
147606,4223666
147703,4234565
149632,3431926
149860,3516456
93058,3435882
94632,3676335
131039,3542682
91309,3492500
93007,3466738
106594,4202049
107078,4182734
107456,4151966
147386,4149624
107870,4100155
108778,4100083
121323,3765473
123163,3793709
130331,3477919
130976,3490134
118873,3700048
137096,3324205
137255,3429296
74676,3450002
74989,3554175
74992,3502366
75159,3606225
128726,3462648
20112,4300868
75148,3554323
75413,3709759
82323,3971886
82611,3867955
82606,3858740
82828,3806315
83125,3849154
83110,3826969
83347,3860428
83336,3874817
83591,3832320
83587,3854537
83839,3781383
147546,4171177
147616,4234654
83835,3803506
84087,3729722
84086,3720838
84331,3677797
81663,4005841
81869,4018430
81467,3976198
81671,3971047
81255,4006955
81436,3941714
81081,3963583
81250,3976205
84316,3668992
80813,3912050
81066,3984751
80810,3935791
80648,3883393
84728,3617449
84860,3669736
85101,3730405
85097,3721794
85317,3782520
85315,3835070
85659,3831557
75894,3760198
76092,3753636
76070,3701930
76266,3698393
76490,3802215
147782,4139758
77231,3796844
77437,3837498
85655,3884097
85893,3833942
76486,3750871
76612,3802386
76604,3750953
76782,3750081
77227,3750635
76766,3698568
85884,3873817
86061,3827814
76945,3698131
86056,3822837
125611,3562810
127489,3458654
86766,3820585
87001,3767788
86996,3807587
87241,3726962
129909,3530247
130937,3530327
87239,3779479
87625,3676007
77983,3862638
78209,3839192
44048,3444744
87621,3728533
87855,3624593
78206,3803300
78415,3863197
87843,3666185
78424,3831859
88055,3613955
88355,3666405
78704,3779520
88591,3716726
89006,3656844
89166,3586963
89444,3534603
89728,3587126
89896,3650491
90127,3657344
90112,3699679
90325,3699453
90312,3709571
90553,3695775
90555,3748349
90767,3643312
90764,3656970
90941,3597565
90938,3632724
91137,3545044
91139,3580205
147396,4147841
147536,4118647
93112,3487492
91258,3527659
150814,3783850
55007,3296640
56342,3303005
148217,3871503
118688,3647522
150502,3720771
148404,3775500
75680,3760985
75878,3708644
75650,3709677
75411,3658101
82099,4015046
82313,3962807
82091,4006239
81859,3996895
93281,3520060
147729,4192195
108870,4047993
77423,3797015
77711,3873438
77693,3834582
77979,3825102
95086,3728746
148235,3827453
131453,3647725
131221,3595151
68565,3037049
19823,4387215
125705,3771478
147282,4187761
85313,3826560
85501,3887277
85504,3873355
85651,3900197
132315,3805220
132119,3752646
65047,3299170
148616,3567264
148828,3567941
137574,3691958
88800,3708543
88995,3691695
88771,3743422
88589,3756242
117471,4014439
117472,3961865
140916,3211808
140403,3186036
140912,3210131
87237,3821394
87441,3780333
87440,3822118
87614,3770754
27120,3751384
43507,3460493
108328,4048593
108964,4035234
123796,3774792
105152,4197357
105490,4205614
109027,4047853
105728,4212168
147561,4182152
106190,4213841
106564,4210384
107036,4180792
107436,4150780
107848,4099203
4354,4103514
67800,3040712
148146,3932116
131587,3647612
131375,3595038
127742,3368688
43795,3468387
137232,3376762
137304,3534357
147504,4171177
147576,4087163
61290,3277078
62075,3185101
66252,3063319
148282,3723371
95644,3781037
147594,4234658
147674,4201820
72931,3400573
66268,3031039
73895,3348082
127553,3406736
132474,3857669
132276,3805095
65557,3251631
76946,3646168
114466,3864790
147444,4223702
147527,4182152
112039,3941686
77419,3791164
126400,3510420
147284,4148111
19941,4348383
19942,4400957
19927,4348370
18567,4295821
109200,3983413
148035,4028648
124195,3768671
124708,3666820
137564,3639428
131328,3542481
65541,3299198
65639,3304194
129311,3567431
130955,3582592
126494,3458810
128083,3354396
27119,3698816
147626,4192189
97648,3955974
97362,3903400
131257,3582659
137510,3586905
137527,3586893
138354,3353084
138820,3352774
148401,3671361
65604,3346478
65735,3356768
147296,4118841
43434,3449847
44267,3433671
46288,3427242
131943,3700080
55197,3352669
57155,3304512
132678,3851808
132460,3799234
148259,3827555
96126,3823795
75862,3656106
137281,3481842
75408,3605565
82312,3910598
81856,3961699
77972,3772576
83832,3772329
77416,3738687
120082,3660925
83320,3822773
147589,4139694
116114,3731152
116319,3731484
116117,3782687
115765,3882091
147965,4115701
148636,3515432
44085,3474684
46273,3426261
68508,3011770
85309,3774305
85649,3905522
117864,4014439
87609,3718657
117476,3909295
87234,3860048
138007,3563288
137991,3615846
138165,3510730
147420,4276185
147447,4276241
93122,3468371
65005,3340622
88993,3639387
113425,3904079
114394,3902886
88585,3713340
137274,3429312
137479,3534378
109404,3996634
112047,3969212
89898,3639652
113419,3942316
20344,4195919
20054,4248372
20109,4143427
131758,3594968
131857,3647520
132475,3746668
90305,3697363
123566,3390265
128237,3334520
91998,3452815
124566,3718648
19715,4400833
96486,3852852
97762,3925275
132209,3635020
147958,4106470
79297,3719191
79584,3802034
74665,3398032
79589,3771658
79826,3854446
79818,3867722
80264,3896727
74984,3554873
147472,4234682
147563,4139694
80253,3949267
80438,3905908
80439,3921426
75149,3606857
123483,3785450
80637,3868929
75406,3658105
75854,3708646
115417,3968771
115418,3916197
76065,3699195
92096,3468363
76261,3646877
81413,3912865
81643,3945843
81854,4014241
147368,4276373
147451,4287143
82317,3932128
76933,3594621
77176,3697776
77165,3646363
82831,3787853
77414,3791225
83321,3852194
85643,3893478
77968,3825112
116866,3771238
116865,3718664
83822,3824359
78186,3847894
78408,3795603
84317,3690042
86052,3813911
78692,3743207
84718,3607879
84855,3691211
86758,3814137
87230,3874920
115311,3924599
115312,3872025
128397,3385335
117085,3811661
117074,3759089
117295,3857506
88577,3741984
88051,3653195
87607,3757954
88987,3634053
117294,3804934
89440,3529257
89902,3634305
123724,3369688
90757,3626485
67084,3014623
72582,3453019
91143,3521473
148001,4080929
148095,3984441
73888,3295558
138192,3458187
138310,3405629
18862,4321435
18758,4297771
18874,4292175
149866,3569030
122877,3846198
115918,3885995
115917,3833421
132375,3694108
121749,3845577
121605,3793094
147320,4223884
147375,4287325
123850,3420271
115583,4011591
115584,3959017
65528,3340663
147520,4192217
124421,3769654
125350,3667311
147900,4054039
119157,3647650
137961,3668401
114662,3917262
114644,3864688
96924,3875811
18819,4239604
147258,4087350
147310,4171354
75396,3710022
75626,3709681
75612,3758699
75850,3755239
148030,4028446
132944,3799246
132581,3746672
77660,3834645
77962,3827501
77658,3793961
77412,3750431
148296,3723497
148415,3723567
84840,3660130
147873,4001503
132284,3641556
85092,3707089
114211,3994371
113965,4036435
114213,3941830
113647,3994868
113988,4049587
113660,4022374
113195,3994875
113415,3969818
112895,4036918
113185,4022375
112357,4076460
112349,4023886
85303,3821235
80005,3919767
80237,3919973
81852,3989139
82105,3984287
80008,3884923
112640,4050077
112893,4050031
79816,3832727
82116,3944431
112631,4050873
82327,3892539
90539,3644951
90759,3573994
90536,3610606
88984,3655715
89176,3581693
90299,3715498
85639,3884700
85880,3841312
89172,3572104
89424,3519731
89706,3581784
85872,3823864
83325,3821294
89702,3572252
89906,3656146
86048,3797271
86198,3866436
98136,3910767
86192,3849773
86324,3897660
86314,3884768
86600,3866239
86598,3856695
87604,3810252
87829,3705661
86750,3804845
86962,3866565
83811,3793587
87822,3719393
86956,3836462
88048,3666995
88321,3702782
43566,3473029
87227,3902793
88306,3713056
88575,3736757
25902,160
31393,3548963
90756,3558188
125517,3615205
91124,3505669
147477,4244722
111798,4101743
111146,4049169
111143,3996614
64241,3215880
64437,3300957
147860,4054041
137468,3481853
20021,4090898
20046,4195862
43923,3478848
147991,4072261
148265,3775428
109572,3997477
125045,3718693
88568,3706080
88742,3707504
88732,3676186
148634,3463562
123316,3823141
124313,3830881
88978,3624383
90119,3704536
90290,3662962
90122,3757110
89908,3624766
3704,4155991
4714,4051072
85301,3805622
85479,3870252
85494,3854350
85635,3850227
64413,3320847
133053,3799105
132712,3746531
97280,3889714
98628,3900992
87221,3898081
87436,3862197
87425,3876188
118336,3805006
118335,3752432
87599,3824170
137937,3720814
121070,3798028
121069,3745454
128806,3514953
130430,3619756
147244,4097177
147330,4234855
64969,3352340
65197,3352398
117478,3856729
117860,3961869
138291,3458174
121765,3779306
147830,4106532
147233,4063488
138498,3667886
138455,3615330
138565,3667876
148261,3775675
148441,3775730
147316,4054075
65153,3299975
147346,4139857
147360,4287348
147425,4254429
147308,4106635
22636,153
64795,3353466
123146,3814901
124133,3875683
112053,3971355
147741,4158983
71816,3454201
71890,3454176
72392,3505534
148279,3775742
97706,3852306
72378,3454612
72574,3402089
73136,3400551
138466,3615318
138591,3720240
73110,3348891
73450,3348076
73451,3400650
121437,3831845
122577,3762516
73868,3243896
73961,3393647
137917,3753364
22037,135
23773,153
147390,4244864
118777,3699999
119583,3661078
132502,3694120
148239,3879764
131924,3687291
133097,3687428
109150,3996130
109780,3971426
18757,4245200
18662,4187042
109701,3975890
108798,4027431
108286,4079076
108817,3989587
108293,4041289
107873,4078984
107433,4130572
107037,4160324
106585,4189556
106203,4192301
105719,4189740
79811,3780277
105500,4182707
99552,3902948
49496,3391640
105149,4159253
104659,4144064
104325,4123245
99949,3850473
100184,3799578
103961,4083757
80236,3907666
103505,4038991
103156,3987824
103163,3994018
102835,3942712
100210,3801446
102425,3899201
102038,3800501
148243,3879820
101593,3748592
101181,3697391
100584,3698408
138504,3667682
138607,3667750
49554,3369959
75390,3658763
75848,3751723
18737,4297772
18638,4192638
77407,3698870
124138,3545683
138427,3562777
138391,3510210
77960,3817830
81847,3956460
138317,3405384
82339,3840324
148184,3931991
148273,3827813
83810,3742009
83327,3817242
124793,3761788
30163,3646256
124200,3494415
116278,3747782
116123,3799620
117786,3804582
62122,3200333
123419,3804132
115771,3920595
147356,4192388
74982,3502947
75382,3606959
126158,3498138
124561,3812279
138554,3615192
138655,3615195
42453,3457174
147696,4168118
76258,3594970
79294,3683489
80230,3873182
75846,3699838
80629,3847819
116538,3775426
116532,3722852
77404,3646976
64169,3182579
18738,4350346
138268,3510735
79801,3743844
76931,3542595
126211,3550455
130054,3567278
77956,3765874
81409,3869605
137905,3733202
78684,3691290
81843,3913414
46340,3411209
83331,3788762
82843,3755864
82355,3808135
138426,3562766
46323,3437039
85632,3797681
138769,3111439
139465,3130466
85298,3753072
149612,3454619
149780,3420512
84321,3677457
83808,3729623
87596,3771638
62115,3176285
63254,3185567
87218,3845549
140698,3262700
140590,3264373
46749,3421494
138588,3562636
138693,3615202
137196,3267273
45795,3489521
47515,3454149
64174,3158510
64405,3268413
147686,4158947
112347,4024168
112061,3971648
133132,3739992
124072,3805122
79291,3639431
148203,3827816
133819,3330565
134276,3330654
122851,3751704
123583,3856706
91666,3453154
149344,3472661
149633,3507068
140929,3182557
74979,3450499
75166,3554545
75163,3502048
75380,3657635
77168,3594949
77402,3698768
77163,3542499
76921,3490242
76056,3647349
76251,3542615
76051,3594978
75842,3703473
78404,3743713
78671,3639900
78188,3713430
78395,3692284
78181,3661943
77952,3732639
80225,3841074
80463,3820656
80425,3769275
80621,3796522
79599,3691884
79800,3796264
79587,3640346
79285,3587909
42848,3414601
109982,3969191
147718,4124718
147807,4115696
84699,3586398
84829,3639485
91772,3471223
98940,3496152
85087,3691690
124135,3928257
73959,3347457
85295,3775236
81393,3818282
81659,3861156
85621,3850236
81639,3809600
81842,3868974
85867,3825976
131212,3667629
132132,3739855
86039,3774893
138649,3562645
138725,3667774
82357,3817461
82853,3704127
83337,3770556
86748,3785483
137895,3680651
86949,3823437
84325,3637277
87207,3867889
87428,3823656
18568,4348313
83803,3751234
87422,3846628
87590,3794543
119374,3713439
120059,3647923
87819,3711935
88043,3659492
88308,3765630
88565,3757936
88970,3676864
89174,3624678
89476,3500319
75616,3706920
75833,3651096
75609,3654536
75378,3605176
147633,4106448
124288,3754196
77654,3741942
77946,3681083
77652,3690375
79997,3848577
80221,3789651
77396,3646728
148062,3976046
79991,3797234
79794,3744843
138261,3563293
19667,4348279
82093,3869270
82369,3765691
82095,3817880
147738,4072176
81838,3817599
83341,3728739
147608,4053910
83797,3709405
121349,3797656
121865,3815195
64921,3299938
5684,3998617
138702,3615217
131407,3720193
132672,3733398
118212,3752230
85287,3748272
85487,3824173
85481,3793049
85617,3824989
113992,4024170
147595,4106448
113412,3972042
19964,4248367
88561,3778351
88754,3728274
88739,3745796
88965,3694826
112354,3972242
109281,4080988
109282,4028414
112069,3969328
5654,4017248
5656,4060549
5856,4008021
147714,4124640
138365,3457654
137883,3628098
150499,3741310
150506,3709402
110210,3931439
123473,3806234
123325,3753660
138239,3615818
68304,2983628
90030,3447947
64170,3163418
122207,3743112
121201,3745337
121773,3797803
147568,4158972
132934,3680834
90080,3470839
120408,3647920
124071,3857696
138777,3405074
139024,3405023
118852,3765676
119551,3733497
98686,3855063
98086,3802489
117317,3822038
64172,3139321
117080,3797422
116878,3759128
116716,3718701
150650,3688914
73960,3295726
116287,3787836
147919,3931865
116104,3844612
115928,3893464
116127,3837459
115937,3885802
115777,3932579
120349,3631673
64379,3320979
64515,3320958
123153,3701124
124116,3701828
47468,3506663
48279,3435061
147495,4211484
138297,3437944
3487,4261108
3488,4208534
150448,3793455
138223,3668108
64479,3373524
64747,3337189
137859,3575540
147907,3967259
121071,3692882
119053,3785741
120021,3718685
113998,3997596
113408,3972120
112077,3931355
75831,3598587
130674,3619571
75373,3552667
147927,3879873
122037,3779494
132051,3681144
77943,3628586
77393,3594212
80219,3737111
79791,3692686
110382,3889822
82379,3713341
48270,3487622
49485,3407232
81835,3765090
134008,3383061
134912,3383041
64698,3389755
83789,3657067
83343,3694888
85283,3699218
85620,3854477
123819,3649341
138622,3510082
87203,3858247
87592,3764394
122822,3807181
122298,3754612
123410,3754610
47976,3628771
47970,3576197
109971,3937997
64905,3247442
120900,3640345
138601,3457530
109288,3990418
147445,4220675
100194,3750897
49689,3373324
138209,3680611
88961,3657474
88557,3750830
121711,3727165
132289,3628580
74529,3345842
74506,3293573
49541,3432765
120155,3683959
121355,3613201
76852,3437923
136995,3561776
136996,3509202
86035,3723352
84825,3597120
85279,3665646
79280,3536333
87199,3838726
88035,3649930
86746,3748173
137860,3522982
82639,3661426
82862,3609687
147436,4211574
11520,3839646
83375,3642963
84698,3553690
84819,3564403
149586,3559620
149661,3559419
130984,3615153
48116,3540174
48262,3540189
113300,3969564
121895,3691686
113305,3969608
113536,3998535
113534,3972332
5868,3893832
11297,3861471
114008,3970011
110758,3844051
138193,3417879
138335,3490493
147469,4177218
147539,4168180
138189,3628096
119467,3770879
64877,3194919
128293,3671946
19435,4348375
3409,4471272
3381,4418698
147402,4159105
73439,3348990
73434,3296416
85083,3613324
85277,3707808
85600,3766861
85599,3741008
85863,3714333
149410,3525033
85072,3569407
85860,3662031
84812,3520872
86024,3671305
86742,3696174
86941,3800702
86945,3748710
87193,3838933
139467,3143418
139887,3133675
147770,4019646
87561,3754981
87557,3772828
87801,3702480
87816,3682690
88014,3630139
88275,3702412
88284,3682608
116498,3892980
116497,3840406
88560,3758820
123115,3702041
123588,3702043
65100,3247466
147488,4124676
89167,3605408
89168,3552834
147370,4106567
112714,3995501
112486,3949862
112718,3942929
19294,4295890
18842,4295899
137088,3299006
137513,3269867
112485,3897290
123384,3596911
136654,3666905
136627,3614331
3428,4261022
119780,3701160
85271,3661639
85453,3753466
85456,3701596
85603,3688722
121331,3674707
121170,3622187
121788,3639305
138296,3543047
138375,3543050
149552,3612112
149626,3611965
110303,3892901
138133,3470424
88767,3708699
88958,3605015
88762,3656249
88572,3706607
109298,3945029
118666,3765601
123280,3649473
87413,3825001
87555,3735223
87416,3787611
87190,3801237
111741,4008335
111742,3955761
111316,3903450
111304,3850876
111545,3955999
111546,3903425
147465,4177179
138171,3575543
73964,3243525
74208,3347440
113083,3984446
113082,3931872
74387,3346859
112891,3942955
112880,3890381
138880,3825022
138855,3772469
138892,3772452
132016,3576104
48264,3592763
47859,3611792
47660,3559224
54630,3332217
3382,4471272
47467,3559118
147652,3984187
138409,3595556
53607,3349487
55141,3319852
30764,3596965
120438,3718188
120154,3665614
149524,3630130
149587,3664473
3325,4366128
138844,3719899
138904,3824986
82822,3575140
139373,3509846
139304,3457272
122297,3702041
138573,3510075
138433,3647867
133563,3382806
138833,3719916
138817,3667346
147658,3932195
87192,3839086
86604,3643843
121650,3586816
138151,3522985
138922,3825130
140756,3262705
140746,3210131
147638,4019649
18577,4168771
18579,4163740
16668,4172842
18621,4157518
149468,3577578
149564,3682528
138459,3615142
117490,3812710
117055,3792793
116882,3811702
116718,3771275
141045,3129998
140607,3184803
138938,3772751
133874,3435565
134220,3435635
133143,3487612
133009,3435038
119440,3752361
74378,3294290
122454,3544572
138505,3562628
85270,3609155
85607,3636177
110990,3798319
110169,3847312
109669,3899426
110158,3801164
48503,3642886
48255,3683419
48520,3590365
109662,3853050
138950,3720229
109263,3944651
109265,3899027
48035,3703298
48291,3642879
108831,3944562
132937,3435250
108305,3996298
107887,4041120
47827,3664157
48050,3683379
104638,4102313
104298,4083930
105157,4117486
105488,4167405
106185,4172454
106575,4173868
107063,4122417
107451,4092722
103975,4044542
103531,3999514
103175,3950169
149525,3629976
102834,3898905
102429,3850705
47657,3611629
47832,3650723
45796,3541964
47473,3541992
47686,3646975
152078,3646687
121621,3577604
18619,4038412
64380,3373553
138500,3562624
132165,3487239
138980,3667679
136628,3666905
119697,3736096
120051,3681431
84694,3519580
84808,3483087
87888,3592471
19625,4295779
138809,3614795
138973,3457483
71815,3454673
71855,3402503
100594,3595432
72498,3402499
72500,3350362
72612,3349998
72607,3297870
150221,3734782
150127,3682208
3243,4418688
3417,4313572
149256,3577352
149464,3577466
64699,3442329
138978,3615127
138990,3667690
73865,3192905
73968,3192534
147516,4072146
74380,3243341
121047,3629785
122999,3526765
74500,3345911
75090,3344193
75087,3396692
76820,3392523
136661,3561761
131462,3533863
72395,3402918
72605,3350430
73169,3245394
140589,3211804
76821,3445047
78320,3472351
74296,3141733
73168,3297960
78312,3524681
79040,3505837
79036,3558152
41270,3401903
79434,3501930
79422,3472198
80198,3531069
47487,3594442
80187,3583537
82132,3558916
82127,3611399
83078,3589648
83075,3642192
83784,3570176
83779,3622652
138797,3562249
138832,3667352
123112,3493359
84772,3438229
84689,3572119
64856,3142386
150328,3836686
150450,3781514
123156,3442062
115305,3920530
115111,3875482
114883,3874921
136829,3509193
65101,3300040
114683,3913135
115431,3964040
114423,3946777
116570,3892980
115609,4006170
116301,3827392
114255,3982598
115785,3979566
150327,3807317
113736,3972240
114038,3997373
113785,3998689
113555,3997630
113309,3931658
113112,3890177
112917,3844543
112721,3995503
112250,3949846
112529,3850988
111978,3952845
112253,3903546
111745,4008335
111584,3750666
18623,4149989
138734,3457242
87938,3540650
133712,3487978
134314,3488139
18611,4243338
73166,3350530
73700,3350534
87731,3544282
89242,3490127
147406,4019777
72389,3613194
71165,3560620
149196,3629883
149413,3629637
71159,3508048
138807,3614810
138825,3667353
3533,4260970
138082,3365470
75083,3397522
75272,3449234
75274,3450059
75538,3501774
75541,3502594
75752,3554312
75754,3555121
76012,3606858
76009,3659235
79032,3568102
78122,3577191
78309,3577166
77790,3629713
78119,3629487
77576,3595535
77822,3682006
77294,3549957
77569,3647856
137926,3313280
77068,3497567
77285,3602305
77072,3550038
76823,3497579
89650,3438971
119252,3735838
100530,3543962
80730,3793048
80729,3740791
81275,3742132
53031,3371450
54109,3402061
81271,3710491
81487,3729180
81472,3702102
81695,3716099
147414,3984548
81694,3729166
81887,3663791
81886,3716087
82125,3663884
83071,3694687
83295,3694670
83292,3746977
83567,3675195
83560,3727489
83774,3674974
84075,3675210
84066,3727524
84281,3676236
84276,3685422
84513,3624653
84520,3633804
84686,3581290
116136,3980669
116135,3928095
19241,4243356
124506,3472457
89696,3462417
86891,3520709
89056,3541046
115961,4028957
115962,3976383
47840,3630825
136739,3504294
136740,3451720
140679,3132243
147400,4072264
47527,3633589
124653,3577134
126365,3602979
117584,3778358
149044,3682217
149316,3682179
126113,3655530
127123,3655418
136983,3456630
137907,3321978
72398,3402960
72667,3402995
138479,3615178
64937,3098057
149679,3611703
148420,3428122
76005,3607625
76214,3707648
76205,3659170
76436,3655202
76431,3707582
76544,3602659
76539,3655135
76688,3550118
76694,3602597
76831,3550061
78305,3629290
78530,3620422
78528,3630328
78832,3620585
78830,3586367
79030,3524271
100922,3619192
100892,3566618
139056,3562587
138993,3510027
139094,3615147
80180,3635891
80521,3635957
80500,3648439
80687,3688367
80666,3700822
80867,3793054
80846,3753064
81093,3761664
82112,3716191
82387,3716403
81072,3715767
82374,3768679
82627,3733045
82616,3785348
82813,3747180
81268,3664351
82806,3799515
83058,3747055
118342,3761189
136853,3456627
131096,3586232
48536,3537804
101160,3639995
101154,3587421
3408,4366072
47705,3667211
47706,3614637
47842,3590289
136969,3404066
118670,3757084
120537,3717379
71149,3508047
71495,3455482
150032,3629741
150130,3734427
148924,3734581
149229,3734494
101382,3648724
101356,3596150
139136,3667707
125907,3682218
126903,3707970
79026,3534323
138295,3595601
79406,3439345
79524,3524727
79504,3491866
79758,3577204
79740,3544338
79938,3608369
133500,3487814
134528,3540552
79928,3578364
65838,3105186
80177,3608290
20796,193
20795,162
138395,3667736
138476,3667746
150640,3741358
150642,3741281
150778,3659842
116917,3825044
138782,3509709
3153,4471256
3345,4418630
149650,3664254
106572,4129088
54763,3295937
55114,3349187
138429,3720304
138531,3720318
106176,4130479
116927,3877596
105482,4125464
3597,4208428
139162,3720267
138961,3562575
127365,3707704
64732,3096927
65833,3075569
3493,4313523
138323,3648153
124763,3629683
126184,3734698
136716,3504274
136798,3399166
57119,3357072
55972,3407888
56157,3378571
148682,3726150
148990,3786849
73165,3403104
139178,3772827
53544,3359957
73710,3403104
138477,3772876
48542,3485261
136587,3551399
136588,3498825
57847,3592450
57848,3539876
120782,3681891
121815,3630746
150343,3973921
150344,3921347
132567,3539813
138638,3469885
149621,3716788
138343,3700575
88810,3622104
88809,3569530
47844,3590201
138917,3562579
138935,3510028
88246,3429451
136522,3446294
136616,3551073
126210,3760162
127575,3716233
55790,3297765
124957,3682146
126424,3787172
88869,3483763
138845,3719887
139188,3825387
116153,3877494
116457,3879944
99026,3521432
100561,3595017
55126,3295591
101510,3602873
98539,3548699
103947,3630379
103992,3604966
126608,3760473
99028,3573981
138367,3720174
136789,3393360
136952,3351510
116937,3930152
136550,3498823
136668,3556828
123127,3475746
130382,3638629
131596,3638647
116156,3926408
122219,3579025
138863,3720031
122742,3735892
121899,3683318
139202,3877947
126478,3734263
149598,3734854
125665,3787059
122259,3528190
123521,3424277
116461,3932500
13106,4215286
12684,4162712
138786,3562046
86193,3494224
88523,3553380
150217,3776780
150331,3859633
150213,3786724
150132,3734586
74496,3310847
136582,3551075
76008,3660199
76207,3711744
76434,3760156
3154,4523830
76541,3707709
138883,3667652
76698,3655171
72413,3455525
76835,3602635
66204,3115367
138763,3614592
138948,3509683
78301,3639253
80174,3578267
54878,3328905
133328,3487655
134731,3435464
125910,3812714
81243,3618863
139216,3930507
83060,3799408
83290,3799293
83546,3779753
118073,3741780
83758,3727230
19820,4240216
84670,3542284
115789,3974200
116941,3982712
49663,3401711
138897,3615130
55251,3382909
66197,3052542
66245,3034073
42303,3408074
149559,3682302
150544,3752963
116467,3985060
136630,3556834
48359,3537741
29670,3599322
139206,3509429
139183,3877947
48367,3578235
150546,3711969
150662,3753164
78299,3610118
66263,3001613
67018,3040154
120562,3411824
123673,3403214
79024,3491805
121702,3682852
135002,3435387
55172,3355336
150398,3973921
132938,3487824
150346,3868777
3457,4366081
47529,3600929
67019,3083162
116949,4035276
131261,3691177
132592,3633605
128685,3722922
120684,3389540
123803,3430244
19479,4243318
19554,4243270
83748,3691067
136536,3446314
136490,3393740
116479,4037624
136689,3341095
136856,3445920
149504,3629765
140213,3133476
136499,3393760
136447,3341186
123481,3426554
124465,3482424
31680,3649539
102411,3787645
102244,3735071
102243,3787645
119970,3741861
67014,3019132
79022,3454483
116160,3974523
79412,3402034
58571,3487304
80171,3541777
115791,4021077
117629,3720822
118314,3794344
133326,3540011
148869,3821534
149100,3786651
133220,3592230
134575,3487782
148681,3690405
99032,3626531
67013,2976588
48371,3630781
98461,3601246
138749,3647422
138926,3666861
19415,4190805
142507,3125138
142841,3118350
87576,3607055
87575,3554481
47533,3607567
116963,4087844
150235,3839298
150212,3786732
150134,3787160
150136,3682181
66194,3032876
58572,3434734
66150,3001083
58292,3487289
59668,3382172
128378,3758216
129117,3718703
114535,3950203
55682,3378293
20798,193
116485,4090192
136836,3498487
136890,3498481
120134,3737687
125497,3734507
3156,4523830
3401,4523830
86840,3573134
86456,3520560
114538,3990260
131806,3785249
131447,3738561
132129,3778772
83067,3804781
82791,3825675
83063,3752215
82587,3811988
82783,3773109
82345,3795788
82583,3759422
82069,3767102
82361,3743222
82065,3714536
124574,3524766
83733,3646294
84070,3697978
84061,3698551
84260,3647133
117858,3773386
118706,3846912
84251,3647920
84504,3594660
84499,3595447
84666,3490749
48610,3669238
48616,3633360
88221,3532393
48088,3669216
102246,3787645
103594,3682503
74494,3260412
75260,3363331
55306,3348134
75267,3415864
75534,3415822
75529,3468355
75740,3468311
75735,3520844
75992,3520799
75993,3573332
76196,3573274
76185,3625807
76664,3625729
47858,3633301
48089,3685827
76666,3677608
76814,3677615
76815,3728232
77050,3728245
77052,3776342
77242,3776361
77249,3821323
77486,3821348
77544,3820047
133146,3589791
134518,3540029
98325,3653497
137803,3374367
138287,3374148
47718,3653065
48111,3580828
116166,3968410
47745,3705639
99036,3679077
47559,3590762
136835,3550963
136908,3550961
116491,4142764
115795,4014299
121643,3406301
124091,3478906
87106,3502044
124521,3534724
125960,3577117
78295,3662608
78524,3558841
78521,3611365
78822,3506768
78824,3559295
148775,3787038
148980,3813069
116969,4140416
80168,3500909
80483,3547742
80461,3501846
80659,3596383
80653,3545697
80819,3629673
109045,3786576
109046,3734002
80818,3630609
81236,3568036
84659,3542962
130920,3732650
84760,3387814
85800,3466644
134566,3487654
125413,3561709
106762,3604040
106806,3628866
111032,3600903
145252,3262162
145072,3217014
128944,3771223
129987,3679802
125297,3682115
126270,3681960
138735,3627430
138913,3699754
3559,4179671
149683,3636240
12046,4157546
111588,3701627
112533,3798438
67514,2987633
46718,3699651
46660,3647077
136867,3551124
136925,3551126
104283,3630958
106812,3681432
130568,3691162
139015,3562587
18641,4190835
67507,2949870
134262,3539867
138300,3397458
121944,3631162
127520,3732267
128618,3810753
99040,3730774
137073,3351492
98153,3705199
74488,3209281
74717,3312959
74727,3261822
74869,3365468
74883,3314333
75061,3417092
75079,3366237
75277,3468420
75527,3520911
75733,3573400
75997,3625888
76169,3678363
76415,3678267
76421,3730823
76525,3730141
76523,3782697
76670,3730163
76827,3780787
77060,3828897
77255,3873878
77516,3872602
77783,3767573
77812,3820130
78105,3715093
78116,3767650
78289,3663435
79438,3360947
79528,3454562
79538,3413493
79742,3503741
79725,3457870
79936,3500890
79941,3450149
80163,3450164
121992,3580332
132708,3673787
81054,3620578
81215,3516333
81445,3568614
80811,3579127
81037,3568860
81426,3516500
81631,3621113
81636,3569030
81815,3673589
81812,3621525
82063,3715024
111129,3651697
82375,3743726
13022,4215286
82581,3760252
116170,3952808
82779,3774009
83053,3753171
83285,3699744
115801,3998090
83275,3648750
83511,3647251
126071,3629581
83530,3596220
83755,3595662
84054,3648206
150608,3723525
150698,3723629
84244,3597509
84509,3545031
148378,3387748
148449,3435510
84656,3492518
130201,3732335
130718,3738500
58863,3539396
58538,3486822
48622,3580852
148705,3742693
148823,3794798
128728,3807578
129834,3732307
68382,2919650
68562,2939065
138729,3574952
138906,3679897
87782,3480659
48103,3633379
104282,3683352
139027,3615147
122001,3458656
124933,3531122
132332,3726307
132754,3711492
118254,3825954
118854,3899486
114335,4022342
114544,4032599
46041,3594517
46678,3643738
114217,4043565
114355,4023636
127868,3784810
44155,3509584
113385,3976915
130488,3746836
137013,3403821
137100,3404049
114866,4085173
139154,3561881
130557,3785035
113488,4029053
114049,4046912
114190,4046648
55178,3336193
55324,3342191
46173,3591178
121561,3735411
98087,3756393
120557,3754639
120369,3721303
114546,4033212
128938,3836489
71150,3508089
139061,3667707
99044,3782062
148758,3749700
109060,3786576
68162,2973635
68290,2935146
137078,3456614
137260,3456614
106830,3734006
46010,3538625
67818,3008135
148659,3645039
88402,3474789
89614,3505347
59236,3434258
60120,3329616
49857,3401267
116174,3937488
128100,3837293
129072,3888988
113797,4048296
113972,4058304
115798,4025378
126357,3614018
136286,3274738
136443,3288634
139085,3720267
49841,3424605
131472,3771803
117469,3669818
138712,3522428
138899,3627497
67815,2984425
68005,2936600
148577,3592616
148691,3697273
149534,3673292
149691,3628357
86668,3475417
113746,4061420
138524,3478511
19101,4138324
20541,158
22575,166
128292,3889774
129416,3851653
86002,3455069
150410,3833778
150454,3752663
147656,3340486
150411,3804251
150160,3734463
150162,3734287
150238,3838889
139109,3772827
150240,3786481
150298,3870689
150350,3838532
48636,3528310
121359,3618871
150299,3838624
104280,3735505
105124,3735926
119564,3773583
119563,3721009
116821,3822837
116725,3873967
117321,3771102
130413,3784836
131311,3824243
19433,4229695
103615,3734365
121395,3567992
99699,3646213
100896,3646709
121129,3670640
100853,3698147
102248,3699283
115794,4077889
114550,4025813
150562,3681880
148535,3540211
148644,3644860
98047,3794495
150034,3682033
150166,3786781
150458,3723242
150419,3815967
113490,4081627
150244,3838919
136903,3498580
136980,3498586
150309,3891071
150354,3826368
139149,3825387
126408,3627544
99048,3832904
70255,2996537
112282,3597071
128550,3854133
129690,3807847
85347,3416309
131958,3763976
129786,3771572
113628,4166564
113604,4113990
139118,3614422
149522,3682100
68283,2924999
104270,3761557
105121,3788079
136927,3446019
70218,2973794
131193,3824134
130146,3816231
88349,3490598
89958,3490469
148460,3487861
148569,3592494
68367,2912477
138886,3574977
41328,3398541
117399,3719395
118984,3618804
116603,3906068
117185,3822705
70254,2966059
150148,3891932
150147,3839358
77518,3872648
150637,3776099
76171,3730877
76672,3782708
75289,3417986
78288,3715955
129488,3827632
59416,3381702
98019,3817998
46772,3696312
114552,4006152
46704,3665089
80159,3398221
99052,3852705
48646,3475774
119120,3775460
119119,3722886
82062,3674043
81205,3464140
83055,3701275
117991,3687449
127206,3679899
84650,3439979
83761,3544158
61380,3319581
148478,3540215
55636,3318245
47573,3590795
47587,3538272
88689,3465043
90434,3503388
125786,3666544
128047,3666380
87617,3405165
138510,3426359
11798,3822015
11735,3813123
137058,3508943
137164,3509188
103617,3786939
117671,3790873
103633,3785947
100469,3849959
99640,3797385
149471,3669151
149701,3597704
87713,3450809
105138,3814131
11730,3831311
116459,3922886
117017,3871760
116049,3950939
68249,2928923
74486,3157230
139097,3666967
150745,3764955
150746,3712381
128840,3804511
129908,3851592
18815,4140148
149431,3681815
56100,3401247
46441,3612529
78816,3768529
118418,3878528
79440,3310180
80156,3345723
68347,2913867
68619,2930733
81196,3411779
86471,3443116
87133,3456023
97987,3800150
130960,3860421
83769,3491684
46280,3526285
138168,3426529
70217,2944088
148411,3592769
148520,3592487
114564,4016296
115950,3993548
11641,3854078
11705,3852729
148863,3830409
3560,4127225
88868,3476666
90848,3553843
131130,3799314
117571,3842484
55404,3287347
116761,3935539
149956,3577431
58291,3539863
116869,3903702
150699,3776203
150716,3682129
113603,4166564
139090,3699829
113748,4113994
48278,3758287
48122,3727256
48287,3705774
48007,3695894
48126,3705748
113973,4110878
143310,3103893
128096,3699583
47747,3643344
48019,3748453
121062,3723100
120010,3722983
119837,3670589
5685,3946177
47754,3695902
95485,3767386
94801,3743066
96166,3776619
97943,3747601
114192,4099222
130156,3880079
103635,3838521
103657,3837783
105091,3837549
48515,3758374
48516,3705800
137259,3509188
74012,3091220
74489,3119093
75580,3119104
119281,3670314
74562,3068149
77932,3170391
48528,3653254
148412,3645226
148816,3794789
117949,3739600
78688,3221017
78840,3266471
78854,3318468
79432,3343498
48295,3653213
114359,4076210
150021,3650016
150038,3734463
80976,3380184
115925,4012811
105073,3888727
80971,3422054
81600,3440975
81595,3446555
82578,3463552
70350,2999028
82573,3516072
83728,3479403
114568,4068870
115362,4068870
72877,3029130
83724,3531939
150792,3629651
84713,3360413
84644,3412838
46896,3770233
46895,3717659
115809,4065373
116642,3984682
89296,3527053
91264,3604332
72878,3056842
136923,3393459
150524,3734372
150596,3649751
129759,3854111
130780,3851787
106505,4253660
106506,4201086
125540,3719076
127502,3718906
106285,4201628
106286,4149054
105747,4046275
105737,3993701
106028,4098665
106021,4046091
105473,3993810
105469,3941236
30044,3514496
148761,3749398
109904,3754104
109058,3806366
109908,3806354
110706,3701794
106693,4280402
106694,4227828
97911,3796491
99163,3695056
70347,2975963
48027,3695924
49869,3394966
109057,3858940
110712,3753671
111896,3649411
112436,3649419
113915,3590687
111888,3701209
109066,3858217
47756,3643373
72876,3005067
49847,3416823
30061,3466053
120839,3567569
137038,3456379
137146,3561517
137244,3509093
139077,3679921
48449,3600697
118893,3635960
149457,3682135
51023,3393496
72875,3031742
117473,3893644
117883,3791272
95505,3766571
96800,3775261
120869,3516310
47899,3436631
50979,3416723
120337,3619373
104688,3890357
67900,2926910
88513,3517799
87997,3465225
148379,3697703
148434,3697499
97779,3739342
103396,3889140
103683,3889537
103256,3940036
103420,3941714
103060,3990588
103272,3992610
103059,4043162
103087,3984836
105016,3939593
148700,3697120
100170,3748901
100967,3750417
115810,4117947
116527,4037244
105464,3992092
68293,2911217
40671,11
39495,7
105712,4044536
97867,3791898
98633,3849065
106014,4096859
117277,3925826
118339,3792174
128490,3752018
99143,3694609
79425,3334014
79659,3385018
79642,3335125
79873,3431177
79848,3387399
80089,3468566
80088,3521097
80495,3503418
125300,3771616
127319,3771438
150725,3597449
150810,3682225
80488,3555234
80683,3467534
80681,3502712
89858,3577510
91746,3646684
80953,3459173
81583,3491935
81805,3484357
81795,3516391
82055,3526263
82039,3559711
82335,3556250
82289,3591793
82567,3562761
138984,3522078
48316,3600662
83717,3577352
84040,3568913
84025,3529604
84236,3517579
84225,3477482
84474,3465373
148380,3749934
84469,3425208
47758,3590819
149665,3650265
149731,3545428
84639,3372676
149192,3734113
109916,3858195
148649,3644762
117744,3842861
109076,3909450
150384,3827463
150426,3775384
87512,3379467
150383,3795751
130204,3923096
129927,3906669
130595,3870562
3188,4179790
3756,4074775
150270,3943606
150318,3869562
87567,3425227
150269,3891270
96191,3767672
97248,3750555
119431,3722863
10608,3804252
138878,3627547
139064,3627510
74066,3086207
80086,3485378
80352,3564546
80346,3530517
100931,3801603
101155,3802187
10835,3846740
80476,3554732
101185,3853299
101378,3956014
101377,3903440
47022,3770233
78855,3371042
46387,3578843
117945,3843836
98625,3844472
103699,3940766
104682,3941847
137243,3561667
104694,3993050
117095,3957997
78858,3348507
130379,3718810
48450,3548131
138794,3530781
48118,3622184
87102,3352211
148548,3644742
137474,3531922
137444,3531733
137505,3531921
137794,3479495
101847,3991869
101848,3939295
93944,3699681
82545,3601097
82767,3615307
82761,3653625
83021,3667829
83009,3705918
83261,3682399
83253,3686559
83489,3629904
3590,4127339
4346,4022293
83479,3634089
124864,3824162
126216,3824100
83697,3581582
56086,3370811
129308,3801589
47879,3485781
46792,3473770
91413,3698749
92892,3673501
87224,3398450
102188,4030113
102185,3977539
150498,3744588
150539,3744685
74059,3075848
74557,3057065
109926,3858227
109077,3962024
109134,3960375
102510,4052073
102505,3999499
117621,3893737
119973,3671886
120100,3723718
150462,3692072
117861,3895425
118143,3896410
124863,3876736
137009,3445203
150407,3744167
150360,3795668
149022,3760532
150303,3879403
150248,3891315
148452,3749661
137443,3531732
137695,3479493
102902,4060678
102901,4008104
75668,3094897
137220,3508944
150040,3722545
150076,3786908
3270,4179848
3660,4121521
78860,3401081
150077,3775002
150154,3839213
150152,3859515
4006,4069039
150170,3839151
95820,3744972
97740,3746582
78864,3401069
79410,3283499
116979,4007346
112786,3701211
111884,3752379
110714,3805971
77371,3112298
120086,3619738
18967,4126992
149645,3702783
149697,3597990
149958,3597673
150024,3670154
137936,3531647
137912,3584206
138120,3479084
48456,3495587
117741,3946301
118017,3947999
94498,3728914
148341,3802106
147090,3189437
136921,3483702
110718,3857107
150609,3702325
77194,3101612
109928,3910094
103694,3991450
130794,3817998
55941,3331012
124692,3929288
124691,3876714
117499,3940561
104698,3992145
123656,3981839
123480,4034401
124514,3929272
55914,3315649
109929,3962668
109934,3909333
149902,3525150
77370,3110193
79186,3129043
150416,3711860
78865,3453643
78868,3453635
116530,4089818
116827,4059908
138877,3680121
139030,3680080
150314,3847657
97691,3739192
119796,3567562
125800,3876646
152307,1
152308,1
149403,3721434
149499,3680624
80078,3439895
149605,3702603
149675,3650498
148161,3854423
148349,3801905
80473,3534119
91073,3672092
91914,3727368
74455,3107108
77193,3086015
149933,3565480
150008,3617785
80941,3492632
81575,3527192
150677,3702470
150678,3649896
86291,3324986
87139,3403277
119747,3584696
88338,3437768
97413,3791204
128804,3771480
127102,3823990
117365,3990145
120855,3368116
95072,3736229
113853,3607553
114941,3588060
117921,3998875
148482,3697106
99112,3746241
92514,3710215
123302,4086969
124344,3981834
78869,3506209
78876,3506205
28990,3593055
29982,3551557
110722,3804702
148771,3786747
130416,3765481
79408,3232267
109936,3909136
19409,4177233
80061,3389102
86785,3375978
88225,3448864
137847,3636633
137988,3636769
80471,3492188
120206,3515843
150094,3880001
150093,3827427
86087,3430130
85779,3377556
80935,3491056
150510,3754671
150567,3712055
125559,3929198
63237,3212854
64032,3148224
137698,3532067
137781,3426925
120252,3463900
98753,3794979
117781,3993135
103682,4041879
149567,3650042
149653,3650326
150620,3616716
148804,3795766
149046,3758613
149421,3732939
104948,3990097
4314,4016475
16259,4094382
18972,4179545
148562,3696990
148713,3749309
91425,3700558
59152,3414054
138098,3531643
106065,4149433
106296,4201628
106510,4253660
117221,4042707
109944,3856952
106706,4270967
107006,4227192
80927,3440708
81189,3491721
128263,3824012
81187,3441282
81381,3526326
108914,4012719
109152,4011156
107031,4269675
107386,4223712
108652,4064326
108919,4063492
81379,3492205
108392,4115079
108671,4114939
108078,4165327
108397,4165333
81573,3526282
107598,4217792
108087,4206149
78877,3558779
78882,3558779
107607,4258648
81789,3483147
107405,4265423
99641,3840899
99870,3799383
83482,3604337
83691,3551815
84019,3499731
84215,3447559
137871,3689007
138054,3584206
84467,3395242
79402,3180753
79627,3284776
84635,3342710
84707,3330907
79613,3233256
79859,3337230
79829,3285699
123301,4139540
123772,4086969
80056,3441469
80467,3478938
80677,3441308
80663,3389702
80925,3389333
67776,2905506
148753,3786528
150464,3659431
46802,3440929
100723,3852488
100636,3799922
99873,3844028
150044,3742258
113030,3747930
148191,3854320
148357,3749350
111880,3798949
148125,3809469
117639,4042719
110730,3857019
103668,4040691
104215,4094453
109946,3909209
148669,3697002
19795,4187754
101383,3852148
105678,4093634
104915,4041060
101852,3959807
18985,4124733
103061,3975996
97175,3837757
150628,3564301
150742,3650023
149613,3597764
80291,3486362
80447,3427904
80283,3435358
80032,3390117
71738,3422201
71006,3474773
71749,3369633
73086,3369704
137899,3636444
60588,3372138
60575,3394612
114944,3640634
115855,3575700
138012,3478768
62622,3372155
137733,3479164
71005,3422205
61582,3326731
148696,3749046
73092,3317136
73668,3422278
91939,3713959
127104,3876564
148126,3756912
100499,3849961
150172,3891628
3187,4232364
150252,3911739
5072,3989087
85780,3430130
138233,4055821
138225,4108393
138284,4003249
85967,3346016
87293,3428074
92529,3734797
124158,4034401
137955,3583881
137771,3426606
117453,4095281
101387,3902344
101634,3904722
90316,3628020
103652,4061355
80909,3337566
81786,3440698
110738,3903515
109952,3955665
97101,3843953
98637,3842065
150855,4232422
84621,3299948
28337,3459537
148574,3749031
4283,4048249
5042,3995994
87889,3500608
88803,3499310
149571,3649904
138226,4055821
138326,3950681
18890,4135281
148213,3801765
148383,3801407
120171,3533006
150512,3721671
109156,4028587
96925,3845145
98577,3865851
100463,3894947
55082,3331724
55352,3328143
108097,4176011
56298,3280474
59763,3447150
60577,3397983
124159,4086975
150858,4153337
3301,4100763
103058,4023708
86331,3398120
87571,3473861
101630,3954918
148487,3801404
148622,3800570
93154,3764319
68147,1
68148,1
101854,4002417
104897,4088901
59767,3478584
90786,3663302
55378,3328925
80144,3130163
138362,3898115
149904,3513166
149920,3565441
138690,3583132
83037,3676224
82755,3641801
83033,3624357
82557,3598275
82751,3590044
82299,3545744
82547,3546620
82035,3493220
82293,3494599
82031,3442075
81781,3389553
59082,3426029
4235,4100534
4459,4041098
18788,4085809
103645,4051286
104547,4110564
130441,3765539
110744,3851296
109958,4006753
77903,3138547
79839,3109503
104523,4153529
104865,4131302
2920,4363226
2919,4310652
80445,3375914
150470,3625568
80023,3338059
150390,3763870
150533,3774245
150387,3730422
150364,3763831
150280,3899071
150277,3909345
150142,3846973
150139,3804920
55285,3316839
55940,3307286
150046,3700206
88252,3533504
89223,3538714
148925,3795463
149094,3811031
130444,3818113
131929,3818109
149331,3785453
149529,3702227
86687,3485047
103629,4066184
103051,4038232
85870,3294857
110746,3903005
111876,3792091
138436,3845551
113004,3741185
96767,3838706
98483,3867716
29363,3545118
132662,3870683
103861,4123762
103841,4071188
115379,3622600
116035,3560254
148512,3853750
4663,4070955
4917,4010862
109966,3954635
108597,4079156
109168,3998871
108323,4124158
108607,4131730
108729,4093891
104089,4279611
104079,4227037
106373,4181623
108103,4222555
104375,4309798
104343,4257224
104827,4173594
105227,4158585
105895,4155175
106371,4229456
93600,3770308
105283,4211159
105537,4157824
105809,4149430
105562,4154250
91168,3681482
80905,3285605
3189,4153048
56532,3291023
71753,3317071
43972,3562093
44441,3561758
120217,3481049
87744,3534133
73098,3264574
103622,4069761
57821,3396167
57462,3343593
110750,3896219
115978,3605903
116539,3543442
103044,4065175
55105,3337026
109970,3947770
30040,3678425
29448,3625853
31440,3730999
148658,3812328
149008,3847497
120541,3428956
88784,3573405
89795,3589321
149241,3826246
149450,3754743
150028,3595460
101856,3965124
80906,3233294
81551,3337762
81542,3285676
81778,3337798
82014,3390320
82264,3442844
82539,3546415
82749,3598973
83015,3633705
83247,3614758
83235,3624333
83483,3562473
83471,3571776
83705,3509994
83690,3476084
83999,3457503
83976,3423642
84203,3404994
84190,3371143
84463,3352472
150522,3678184
150579,3669145
84438,3318621
84631,3266097
84710,3298864
43852,3614625
44274,3614271
96366,3786444
97381,3887891
77292,3243676
76764,3296242
77740,3191107
54397,3370822
148154,3706410
138232,3841432
138484,3793251
148277,3805823
59775,3475985
59014,3423428
94154,3779348
86933,3506135
44767,3473966
46773,3413164
43559,3667159
43918,3667000
103037,4014075
103613,4018640
76763,3296242
76926,3296242
41332,3383958
108107,4215176
106369,4226412
149387,3796360
110754,3843809
109976,3946744
120764,3375116
134796,3345506
98349,3907374
99355,3865704
116542,3595541
117179,3524805
88927,3624455
90221,3631814
120655,3406293
97134,3835642
97787,3907846
79103,3177138
149836,3472828
55913,3292644
138280,3845557
138548,3740746
43776,3719539
44136,3666800
43455,3719703
43625,3719698
148305,3858202
148538,3879733
107261,4216511
107291,4202239
107507,4235872
107528,4288446
107715,4201569
106365,4225441
107738,4166539
120657,3450612
108121,4267750
5199,4018514
149841,3460808
137751,3474611
100255,3892095
77253,3243674
77571,3243674
87469,3505638
97558,3868653
94740,3819462
43339,3712006
43538,3772277
44020,3719338
120768,3413054
150708,3669445
150646,3616871
100306,3920871
101007,3928138
101010,3943721
112998,3710949
137833,3636449
137834,3583888
102107,3983436
111870,3761843
102112,3959178
148164,3758289
148053,3654102
110020,3894550
110774,3813501
73983,3159580
74391,3156808
73551,3212069
73927,3209288
73546,3264597
110088,3939883
71515,3369625
71748,3366765
70732,3422189
71507,3420817
70731,3473381
109174,4044010
103626,3967303
120262,3471118
150476,3529426
43335,3660973
43568,3713495
103871,4123629
103894,4176203
104059,4175924
85154,3262380
138316,3793261
138596,3688208
104086,4228498
104219,4276811
43847,3772063
149226,3826092
104268,4329385
89629,3675228
90713,3663993
104451,4206077
104460,4258651
98084,3933993
100366,3917184
100058,3918278
104819,4173266
120315,3445417
85274,3313558
107093,4278015
117146,3577022
120149,3504091
106139,4173525
106368,4278015
106020,4164992
105665,4141114
105305,4204887
105365,4148251
105045,4202812
105113,4192115
43336,3608431
43452,3660967
104901,4191427
104677,4152549
60321,3450547
60893,3345435
109182,4061471
108748,4110535
77100,3348813
147655,3291037
147666,3392862
80402,3143425
88432,3585689
147999,3602022
148197,3706074
57870,3394681
148264,3758423
138346,3740760
138626,3635670
150536,3634272
106749,4202878
106750,4150304
106969,4255427
106970,4202853
44623,3526484
147672,3445174
148878,3840410
149086,3831474
150399,3678022
150468,3581750
98012,3911030
100373,3952839
90096,3705489
91129,3680884
150401,3730492
149749,3493087
150321,3816320
150370,3773863
150048,3647808
150097,3752604
150305,3868382
150323,3782860
148662,3812523
83464,3528369
150100,3804892
150175,3857222
150177,3825042
150308,3920956
71345,3473380
71504,3460589
148323,3858349
148552,3847040
82534,3494188
150263,3877150
70905,3524465
71353,3513153
150254,3877267
150266,3824787
70915,3553707
150253,3824878
70741,3513155
137934,3531323
115380,3675174
101014,3940968
147937,3549773
148106,3654167
53807,3419083
54409,3362147
44455,3579001
137623,3515670
137983,3526727
86585,3449583
102122,3950479
117114,3599117
116228,3658477
133203,3870683
138382,3688226
115998,3581513
97936,3897441
136958,3588826
136938,3536259
137051,3536740
91776,3696697
139451,3113040
116544,3617433
100349,3929450
44339,3631530
43709,3764528
43913,3742414
5053,4002013
86588,3502157
2381,4363185
2935,4258109
119398,3525525
120219,3481438
148680,3805205
136268,3311310
136743,3326954
2952,4310652
3135,4205568
147698,3497413
148007,3602140
81684,3180932
5074,4003733
5196,3983423
92114,3757601
148790,3817282
148943,3819986
90576,3722626
91701,3695605
43786,3713488
116521,3471306
84731,3215217
84918,3248109
119478,3502958
78196,3282278
77788,3334850
79004,3229706
97820,3911911
87893,3557023
18744,4231975
18865,4231976
100388,3941039
110814,3859192
111900,3807694
43974,3706474
149788,3408478
149915,3438490
117066,3546557
136869,3431618
72988,3317122
73536,3314332
72754,3366802
72976,3366859
138144,3684107
138114,3631533
72506,3419313
72743,3355527
150257,3772422
72044,3419301
72507,3471869
2416,4363187
3042,4310655
77787,3282278
72041,3471856
71739,3396028
103642,3957623
150179,3772724
60910,3342139
136932,3588823
137142,3588823
5622,3993044
150666,3669445
116562,3564873
43504,3660963
43874,3660943
87073,3475643
61692,3311089
138452,3635393
3114,4258110
148337,3806466
148564,3844955
79787,3162025
86969,3441258
148873,3796772
101018,3921928
85197,3342700
107290,4254757
108005,4114158
108014,4073085
108349,4096944
108360,4073148
108764,4096910
109190,4048055
91866,3730789
96911,3929629
100314,3936355
5696,3972880
44094,3684064
105947,4131873
85051,3291508
43472,3555886
106764,4114525
138184,3736643
138140,3684069
106974,4255427
102132,3930668
91801,3730403
109547,4062128
109548,4009554
88429,3597363
89411,3675201
44508,3631545
113262,3658648
96234,4013655
95904,3961081
90381,3668644
5613,3991130
72511,3524425
72039,3524411
3044,4363196
84863,3308841
43580,3608417
43930,3660956
84936,3278791
84789,3245569
90923,3782688
92583,3773687
84770,3257824
3073,4310649
115178,3596579
103654,3936609
71501,3448582
136900,3536737
138220,3789180
138160,3736606
70919,3501144
93276,3780858
81766,3207342
72519,3576978
72037,3565677
43953,3608421
44566,3684119
43648,3608427
43982,3660956
148716,3793452
53631,3433609
53814,3443019
101024,3969602
64886,3074345
66149,3010550
88935,3648072
3062,4363214
57461,3396167
149637,3545416
149765,3440800
72966,3355585
138732,3793039
138710,3740481
138874,3845593
64731,3118073
73528,3303054
138282,3841669
138222,3789095
102138,3983151
89409,3677575
43584,3503358
148347,3804303
148592,3833674
95230,3929528
72527,3565703
43812,3450838
72029,3553711
2832,4415733
43726,3555893
83652,3220589
120526,3836296
120128,3783724
121802,3888855
103688,3936023
83702,3271654
84953,3359844
112885,3704718
104634,4116172
104863,4154285
104907,4139582
117061,3599096
150430,3783066
105155,4162495
105165,4137275
62249,3259023
105431,4139688
105451,4113854
137305,3640448
137301,3640759
137538,3587879
85789,3407809
86277,3412418
137108,3641388
2841,4363195
109723,3957255
110130,3909218
109746,3924832
109499,3995906
150372,3739023
109483,3961075
5673,3966021
109210,4013263
150183,3720334
108753,4061938
108386,4021011
92252,3826049
94523,3803853
108040,4020913
106772,4167073
71726,3343520
138079,3578997
150082,3762950
150104,3772902
53564,3405874
53634,3438363
147806,3549743
150081,3710490
102140,4000641
102955,4035725
64058,3135934
89915,3687602
149932,3543124
52188,3388052
138520,3687927
138738,3793037
63251,3173458
101026,3945830
79419,3328540
79065,3275966
52204,3416608
107774,4219647
104434,4064974
104525,4112306
104110,4013188
104431,4060609
103870,3960958
104107,4008444
103896,3956187
103416,3975931
103686,3931883
103212,3959238
103422,3960772
106773,4219647
106790,4170326
94200,3809536
149767,3428201
148353,3792695
148618,3788210
149838,3386146
137253,3588491
137334,3693013
102109,3993936
102934,4053215
150376,3686604
150259,3720011
148292,3706372
94812,3894623
96267,3982102
115169,3701677
115170,3649103
54091,3495593
53844,3412219
64160,3146387
53636,3490937
92014,3878222
94165,3856109
102082,3953382
149724,3480689
149805,3396526
150052,3657967
80011,3120409
137254,3641059
137476,3640446
148774,3761963
96728,3922629
89041,3648342
107803,4222900
80421,3169179
138247,3631155
138552,3740483
138766,3845593
114990,3688663
106792,4222900
106800,4117987
18825,4263122
18726,4274556
18725,4263121
117039,3560612
112641,3755397
88134,3616848
117109,3537008
150368,3634154
77364,3378402
77363,3430976
77069,3430970
77704,3325834
119822,3731156
121495,3836283
85509,3446844
102949,4046510
149252,3796216
149593,3597601
150295,3782517
150293,3729943
91762,3885193
93935,3908182
113344,3720040
150124,3772840
150189,3667890
150121,3720382
96402,3888235
97282,3964700
150088,3720591
150085,3668134
150054,3615592
63263,3171345
18720,4228913
137107,3693962
148369,3742759
149642,3533122
149740,3533251
94522,3857943
95865,3947197
138590,3793039
138790,3898149
90667,3796086
91526,3834710
89709,3664958
107672,4170561
79066,3223394
101831,3981446
106801,4170561
106814,4065442
23401,180
76689,3389690
76690,3337116
138745,3574336
79494,3172918
150287,3562853
150492,3494463
77070,3378402
77104,3430971
56248,3258445
72027,3501168
62268,3286834
111713,3799741
72531,3513159
80184,3154253
149130,3801527
137070,3589302
148312,3703858
95570,3852972
97053,3930303
80853,3208680
89227,3628146
80081,3144792
109649,3908742
108926,3873041
93714,3921112
88133,3669422
137588,3535321
137738,3567965
81828,3172479
41269,3387670
114989,3741237
137376,3588492
56991,3246869
79563,3194834
80309,3169435
77312,3483545
138612,3845595
138804,3950703
72957,3303036
108091,3968673
73523,3250505
107788,3916445
40951,3361524
97846,3992366
72025,3448613
40896,3366816
72535,3460603
22792,176
106005,4090753
90425,3769499
91657,3847991
86989,3491421
5778,3907805
137418,3535924
74863,3244536
79915,3219840
114678,3671711
80458,3272124
95477,3828707
64812,3099930
77856,3273272
106030,4071833
137722,3620509
138060,3620137
98953,4036723
98516,4016197
100831,4032286
91950,3886457
119434,3678592
121125,3783715
72539,3408047
72023,3396058
148019,3654265
137470,3483366
96324,3895236
97657,3963050
84793,3409688
86138,3499418
138668,3898149
138812,4003257
101427,3983373
102407,3983680
89888,3639556
62609,3339408
147912,3654597
113069,3772606
114230,3705480
101269,4069805
101270,4017231
102719,4036254
150246,3667543
30196,3730989
29758,3678415
7507,3940707
115817,3650809
117058,3634664
136897,3484175
115818,3703383
115784,3670775
148318,3691996
88854,3594537
82406,3236929
90135,3740690
91369,3821391
103764,3925931
148118,3706622
149268,3754587
83313,3310034
138126,3672214
138397,3622629
149487,3649949
102638,3963191
105694,3916741
148039,3706295
5768,3920487
71723,3291031
76746,3284544
7008,3938748
105310,4019676
105997,4019678
88256,3576532
81741,3172292
73521,3238532
93424,3890690
138704,3950703
138828,3950701
74369,3186061
105892,3967432
106904,4005432
136822,3379158
87734,3530771
104920,4074025
104919,4021451
148364,3679213
137694,3673053
138020,3672683
96942,3928470
98241,3990330
150482,3457267
137061,3536739
102118,3981013
2815,4415734
96199,3869925
105779,3969172
149019,3779624
149234,3760384
99082,4066588
102517,4036254
87035,3520095
149310,3702289
148798,3718442
89863,3705357
91173,3792539
2330,4468329
2284,4415755
147911,3602206
115556,3654334
130933,4326193
130934,4273619
150188,3615375
74858,3234819
131349,4378761
131033,4326187
150056,3563138
107787,3969019
106775,3953097
149576,3585507
149689,3585632
113657,3877750
113511,3825176
119122,3626032
120845,3731151
149741,3585825
149713,3585747
138722,3898147
138848,3898145
89428,3606538
18558,4033304
148210,3759180
2302,4468281
2646,4468290
5745,3913626
138896,3898167
2658,4415749
114326,3688820
110889,3789742
112420,3852309
5792,3901674
107416,3864224
127197,4378008
127198,4325434
113070,3825180
137664,3725597
137997,3725229
2283,4468329
5771,3943357
5932,3893590
88282,3587744
97522,3960831
98813,4040586
148893,3746528
149089,3728171
148028,3706604
149336,3697535
147970,3654584
148112,3758864
117046,3612738
95276,3921932
96889,3903436
149948,3490726
115564,3634220
89592,3658512
90929,3756404
99766,4084837
51061,3405495
17576,4178383
150091,3510687
150290,3529775
106618,3900646
25063,176
25648,176
138742,3845591
138521,3740487
127497,4430573
127295,4378002
127781,4483147
128663,4430574
114615,3670201
137652,3778141
137966,3777775
113514,3877750
104878,3956023
105842,3915023
82075,3212569
82190,3261254
82482,3288079
83851,3361182
87736,3583345
88088,3556597
105483,3961597
149378,3628523
149602,3638067
2282,4415736
54440,3321498
76590,3640001
76503,3587435
76702,3587432
76898,3587431
148820,3711030
149002,3694542
148022,3706923
53852,3464793
71724,3343605
108352,3820816
100334,4079796
74633,3211205
111631,3842310
112732,3904883
98072,4009767
99567,4060524
131850,4431333
131167,4378759
18784,4072227
148686,3677515
76504,3534864
56904,3312424
5503,3966063
5883,3905001
88924,3602552
103751,4108354
103264,4055780
74659,3249677
92972,3855442
145718,3197306
145717,3152110
146360,3144734
96139,3955590
97423,3936165
137646,3830686
137945,3830321
116786,3573479
120455,3678591
7350,3881838
2267,1
2268,1
89143,3697884
90632,3708758
87448,3542164
113199,3827909
112979,3775335
130451,4221055
138724,3793041
146165,3099538
74803,3293805
77146,3534864
74498,3271173
74773,3284264
62245,3290452
149322,3749866
103198,4003230
129702,4272870
74600,3291029
148868,3659044
62252,3270556
79882,3324655
80836,3275167
104999,3982764
106597,4004664
148582,3729963
148831,3625802
147200,3240291
77278,3482297
137626,3883216
137922,3882867
98688,4031907
100109,4077982
104163,4176669
103748,4124095
7506,3888297
78534,3377190
79987,3377210
94762,3936156
57136,3211285
100809,4104656
96827,3988323
98037,3968462
149714,3638321
6683,3896236
115578,3649883
92368,3820916
93916,3886310
109872,3771619
148496,3683296
148735,3678263
88719,3657770
90249,3748249
106759,4057238
147844,3601928
66724,3006142
137596,3935567
137901,3935397
102325,4019073
7007,3886301
66628,3004817
66634,3013794
112980,3827909
113890,3722765
88204,3557296
103464,4071634
62240,3221721
62745,3257631
83801,3375842
87037,3558850
137854,3724728
138179,3724748
99322,4050964
84405,3424739
104591,4090898
104156,4038324
104356,3985774
149557,3681079
149618,3690521
99832,4083668
101223,4083660
148396,3630867
148639,3631650
104669,4028447
106191,4003257
149990,3510794
77148,3587438
95545,3970037
77326,3429737
78731,3429740
102359,4081996
97343,4020558
98671,3989701
137582,3987710
137891,3987705
79169,3429750
80135,3380254
91114,3751165
132570,4168845
149992,3458421
150110,3563132
50616,3415563
51009,3429161
94282,3912382
149247,3666191
87053,3579556
132608,4379099
132607,4326530
132836,4379095
149443,3676869
149577,3719106
137438,3431340
51089,3401107
113611,3701970
100228,4068705
101581,4076615
103798,4103469
106299,3987970
50643,3419845
51035,3433426
88309,3608201
89875,3707073
138149,3777285
138349,3777309
2281,4468300
102545,4104308
104066,4061618
136649,3379225
148533,3579199
2289,4520845
39496,11
137572,3987465
137880,3987458
112601,3894884
79269,3432794
91796,3789271
93415,3852145
116343,3702457
148300,3627014
76458,3482292
30575,3783557
30102,3730983
115592,3612735
85794,3573912
136269,3362968
85793,3535629
2043,4520860
2641,4520854
104443,4058203
105851,4048876
96279,4002930
114769,3649406
97971,4041652
99185,4008684
90704,3785085
66868,3045883
67142,2984707
50234,3405374
100726,4067992
101977,4051057
80371,3327716
102941,4073389
76553,3482291
78923,3482304
132940,4379094
135383,3413527
136276,3412691
94992,3946811
50261,3379322
137542,3934921
137867,3934912
137440,3483914
138135,3829823
138448,3829836
149377,3624309
149484,3643360
86930,3590517
94866,3917514
109256,3823855
110066,3755213
62744,3205118
132941,4431668
133030,4326528
149696,3553986
148158,3640110
148398,3578686
76457,3534854
87728,3542712
103592,4001217
81548,3222758
86284,3553042
101078,4059007
110622,3807565
112118,3736436
87885,3638148
89507,3655871
119489,3678599
120552,3731161
104197,4074061
105591,4078137
79449,3380256
100165,4020585
39489,7
132609,4273964
76479,3537894
96933,4035191
149721,3449075
149823,3354197
149730,3606560
149545,3739154
149546,3686580
149425,3590800
137526,3882377
137850,3882366
76659,3514792
39490,11
40397,11
133031,4379102
132825,4273963
138123,3882361
138419,3882372
48692,3398225
149962,3458575
95800,4054893
107429,3950248
92000,3826058
149963,3406213
92830,3886792
94299,3891611
148034,3652026
148326,3627303
102055,4029458
148886,3606749
49297,3331793
50283,3392949
95116,3998865
149083,3676011
149106,3633141
90232,3738585
91496,3823433
103983,4075190
105223,4094890
108474,3873905
109441,3876198
92652,3860238
128419,4324525
137525,3829833
137839,3829820
94261,3974134
95718,4032218
138111,3934899
138400,3934908
110221,3859764
111224,3853797
78597,3432805
149706,3501471
97541,4061239
132685,4221401
87521,3601467
89099,3686158
67086,3037267
67384,2956748
147952,3654667
148219,3640358
108971,3916486
149011,3642331
87058,3504833
85803,3496876
96420,4086639
99786,4071385
101417,4018173
18512,3980870
28072,3545399
138095,3987439
138377,3987444
101496,4012002
94709,4007940
84993,3415936
103734,4022778
104973,4075049
137835,3777274
96150,4059767
76767,3485344
78600,3485379
138491,3829853
138544,3829873
17499,4306678
17324,4254104
149350,3695209
149349,3642635
18689,4082744
113612,3754544
2653,4468313
149040,3598584
40895,3386434
92092,3858767
107867,3917729
108887,3920962
112023,3788906
112928,3716079
147864,3654204
148092,3652214
90053,3698185
40241,3405427
42131,3354523
94092,3926364
93790,3921069
111740,3834812
112756,3768556
149725,3501613
110834,3892479
138067,4039981
138357,4039982
95121,4036343
91109,3776811
67367,3009310
4858,4018509
5617,4018629
97074,4071676
83499,3330255
87128,3556230
88705,3650139
103193,4020849
109923,3897689
106943,3985101
149312,3659924
149311,3607350
99342,4091559
101660,4069104
125853,4556487
125854,4503913
148936,3562173
149996,3510911
84364,3365755
85417,3451077
108309,3958078
149687,3529158
102842,3991128
103820,4075271
149852,3353996
149967,3458713
96520,4053800
138263,3626838
109679,3925126
147979,3654798
131630,4221912
131084,4169344
131925,4274486
132534,4221913
85853,3549450
85202,3405306
138057,4034202
138340,4034199
95955,4019953
115092,3513676
103371,4066324
104240,4065682
147968,3628460
6971,3948693
28259,3497008
113702,3693750
89814,3725238
132722,4116575
17914,4033397
18245,3928442
52237,3368836
55630,3273249
82502,3278992
29172,3573297
102688,4003879
110567,3935583
111892,3843025
131478,4064219
133886,4169149
149688,3485920
138015,3990538
138319,3990531
132322,4169345
126259,4556487
102033,4040535
91589,3812086
85862,3465182
98972,4068247
101319,4094864
111525,3875241
112510,3805832
17361,4359246
17293,4306672
78620,3414722
78617,3362148
97518,4027819
95178,3953670
89498,3693563
90344,3766235
86847,3608788
88242,3605338
149453,3555247
111159,3898913
104672,4060995
103815,4031274
104372,4084331
113259,3803981
112818,3751407
67026,3066860
12209,3873012
104094,4068104
109253,3959259
138001,3942071
138304,3942060
132321,4221919
106487,4008680
107807,4020631
108343,3992770
131388,4116777
113286,3666839
48729,3353149
49313,3309147
149644,3503023
149570,3555276
149657,3450534
6973,4001267
9081,3993292
95701,3992404
96962,4003799
98534,4053225
103372,4118898
67343,3040347
110384,3941244
110772,3902612
149146,3569706
149110,3685903
149006,3633332
149112,3633335
102555,4033635
41439,3391576
45149,3340017
118106,3626042
29759,3730989
100514,4077099
137969,3889539
138275,3889524
106068,4026363
128019,4373256
129385,4272484
149798,3564181
149762,3511607
90035,3735161
90794,3804246
86611,3569856
87916,3657887
88858,3652341
103916,4033463
105775,4031584
67746,2916576
65243,3493301
65244,3440727
112612,3779160
132966,4014876
132854,3962302
91314,3847069
57869,3447255
149718,3544391
112181,3808284
51039,3405561
82413,3228290
50297,3358684
109853,3968326
111829,3848254
149735,3459159
51165,3453681
135035,3447328
135401,3466091
137941,3837004
138254,3836989
57056,3364998
127326,4451343
103344,3979281
52252,3421410
114162,3721433
114034,3668859
115854,3670308
114994,3617734
82848,3299706
149581,3555427
148849,3573455
78605,3414722
136154,3139712
135588,3509626
149145,3521586
81910,3187842
103738,3982072
105558,3997655
132504,3909734
133066,3962297
149717,3501432
90463,3775798
91182,3839572
86295,3529216
87663,3619854
109323,3992502
81749,3186760
107340,4040029
81134,3256929
113170,3698914
108743,4050885
9492,3836140
89310,3697883
108962,4028932
83112,3207523
102757,4023980
101758,4059901
81567,3236998
82967,3205524
127417,4415083
128551,4376771
83631,3273109
78970,3306541
17232,4254102
17283,4359240
94824,3871136
137919,3784468
138227,3784452
113740,3616291
111120,3875920
96356,3975892
97916,4034326
78625,3309578
111504,3860081
102297,4067185
103185,4013787
150336,3494802
150114,3563270
131083,4221918
148859,3521142
30104,3783557
30258,3783557
132849,3909729
133630,3909737
55629,3325823
103418,3965110
105269,3962301
128965,4324830
129821,4220274
47100,3426521
115174,3485942
116463,3520933
137829,3718947
135193,3499889
135700,3559655
81736,3884205
81735,3831631
78959,3358700
90909,3812987
86125,3476873
87404,3579752
17231,4306670
137920,3731932
138206,3731914
149756,3406602
84588,3354715
85232,3437440
84612,3308867
64811,3097997
65096,3125522
112807,3726141
149308,3562442
149479,3518111
81225,3779085
81226,3726511
80873,3726527
80874,3673953
89842,3743951
112541,3778578
131387,4169351
110631,3901641
109345,4003507
47205,3373276
101000,4069931
128289,4373115
132240,3857174
115438,3535262
80451,3621419
80452,3568845
110503,3941505
102748,4057355
103587,4000979
100175,4097410
63281,3172662
149710,3433386
64072,3143430
81358,3779063
104168,3945006
129358,4272367
130177,4167956
114854,3565166
61432,3221352
61406,3224635
61570,3205495
59432,3222356
61437,3249752
135557,3549850
135730,3612229
59431,3274930
81118,3621391
148984,3580764
149116,3580766
107662,4020168
108586,3999196
109665,3991271
119152,3678609
108196,4023197
148872,3580762
148985,3528199
138161,3679376
85948,3424502
87109,3528517
74595,3327162
112136,3779136
74140,3292672
18535,3985997
128654,4324356
111764,3830317
132481,3857169
133365,3857169
148559,3527331
957,5683650
937,5631076
96466,3970527
17304,4201536
16260,4146956
90338,3783757
97356,4028888
127977,4414897
137830,3771521
131013,4011779
70570,3321707
70569,3269144
71002,3269135
101882,4070900
149829,3320148
96101,3935727
97098,4001638
149329,3522441
56727,3338418
56728,3285844
103160,4044785
104095,3976224
70749,3216572
71586,3269110
89596,3702336
129729,4220011
130539,4115511
16439,4044013
147754,3249221
147753,3197049
147786,3248743
99851,4139218
101414,4093346
81995,3779069
149616,3503049
149667,3398017
67346,3092921
108970,3986173
110073,3962928
938,5683650
107325,3990544
110253,3912168
71389,3216546
72112,3321621
132239,3804613
127181,4398873
148609,3475018
111427,3854408
112675,3674811
89060,3665293
81610,3726501
138155,3675281
71989,3269057
72654,3321595
149892,3320421
111387,3871673
85064,3375329
86466,3476638
17269,4148976
129132,4272232
136650,3431799
136647,3431221
136837,3431799
4857,4071083
4123,4070956
931,5525954
932,5473380
149554,3563606
913,5420846
901,5368272
148438,3526708
72515,3269031
66874,3031194
149491,3470263
149771,3361558
149861,3285133
126895,4428130
128079,4362425
130059,4115142
130829,4063653
109350,3972490
102313,4071645
65645,3545804
65483,3545810
65654,3493240
149591,3458567
104984,3926000
149207,3472303
133039,3804609
17560,4127538
96795,3966789
17639,4081358
83830,3352280
133621,3909743
909,5368264
885,5315690
83316,3257972
99615,4116759
101116,4134536
128427,4320325
112462,3727247
114364,3623192
108260,3996382
103710,3996830
104583,3958619
149553,3511083
95161,3904348
125694,4559690
125693,4507116
904,5368255
879,5315681
110046,3880581
107842,3963420
1078,5
1077,3
81240,3673943
16441,3993288
17224,4096546
128936,4219736
97666,4012205
100893,4023647
55660,3222344
18313,3933549
20397,4038571
16763,3941588
130447,4063307
17506,4087577
897,5420779
877,5368205
80542,3516299
106929,3956580
65361,3493272
65504,3493246
129825,4167510
128046,4372574
128793,4271474
102731,4061334
126371,4453378
127341,4467798
86852,3526798
108906,3969000
86172,3526607
1079,5
90450,3751166
109510,3889574
110943,3838979
149397,3470131
97219,3987733
98202,4021070
112005,3778851
135566,3497291
60146,3302207
61549,3235106
127790,4503914
127693,4451340
99161,4070737
100843,4124538
131213,3959588
148854,3580764
148993,3475639
149120,3528206
111495,3802769
40242,3426296
88564,3622890
89985,3710432
65465,3440710
126331,4454544
1093,5
91186,3797658
82255,3831643
149608,3406045
96010,3936253
127446,4480522
127937,4414768
874,5473307
873,5420733
104234,3961246
104913,3937720
111652,3787312
65730,3440686
148766,3633334
148855,3528204
108402,3935321
872,5841175
867,5788601
132761,3752053
81794,3779075
133283,3804618
128640,4323406
17217,4045817
129161,4166951
22791,207
24608,207
126941,4452675
134842,3394778
65322,3388165
81178,3621397
864,5893745
863,5841171
130893,4011443
131491,3907463
80734,3568851
81230,3673971
149494,3522837
149517,3417760
105794,3902644
28958,3520745
29642,3625871
137238,3536365
136754,3483791
17280,4046593
17166,3994122
107440,3929077
865,5893745
78935,3410229
79404,3411230
127778,4451262
88074,3574899
6450,4329654
6352,4277080
85014,3392806
80770,3621425
103213,4013231
45550,3392357
47101,3448093
79778,3463763
97775,3996871
98820,4019875
105075,3900528
79586,3463783
128411,4375686
128813,4270932
100532,4077436
106304,3946415
149671,3353401
149786,3414110
85984,3477042
87740,3574859
148271,3577453
148490,3474926
1112,5211103
1111,5158529
860,5736035
47206,3394500
45663,3352833
109460,3939194
125917,4448264
96564,3958283
65546,3440697
1103,5211236
1104,5158662
115020,3543938
104674,3927854
105715,3867266
1109,5211236
16795,3899201
18120,3945079
131143,3959332
131933,3855549
127574,4451024
828,5473265
44164,3464595
109036,3921563
859,5788609
114446,3584057
115131,3514507
110042,3838323
150479,3412890
1116,5106092
51043,3458135
846,5683473
103868,3983184
127535,4479518
127275,4426971
110436,3787278
856,5315716
917,5420822
84968,3342934
49331,3264078
128122,4414368
107976,3899207
89425,3668914
128330,4372276
150340,3457634
150488,3363957
44225,3414440
132429,3699507
90801,3762196
85009,3325397
85664,3424773
90977,3804164
92496,3836014
114045,3540975
117133,3563466
126434,4453901
98450,4016557
100148,4026614
83368,3274959
85589,3375908
953,5578506
106818,3917206
128751,4319789
87463,3525241
147990,3628155
97104,3968355
131441,3855543
132159,3803609
94641,3893556
148765,3633342
148767,3580774
850,5263165
1685,1
1686,1
125613,4396626
105262,3911664
107009,3832204
109556,3872428
102400,4023837
852,5263174
117214,3571654
127053,4478484
127875,4396005
149537,3365241
132269,3751510
127980,4361876
100258,4025749
104367,3950406
105220,3944451
148133,3607909
148333,3526913
148604,3422805
149969,3468411
150000,3520615
150112,3572876
91147,3856143
94103,3888701
95930,3916238
60025,3407339
60026,3354765
148672,3370626
108578,3877006
134797,3395764
43799,3412518
5620,4071203
5898,4071199
130678,4011281
131399,3907468
131994,3751472
134844,3443982
135186,3444730
129075,4218717
103354,4003393
150274,3529587
107364,3885651
67438,3065199
67394,3012625
126580,4505671
149541,3312773
133575,3857192
125305,4344577
126310,4448952
90533,3819127
91391,3888716
150284,3494476
87122,3473228
134240,3444914
111240,3735476
132689,3647442
845,5736047
126427,4500181
126973,4504390
97910,3991665
99725,4017415
65564,3388140
137953,3780427
137954,3727853
86267,3424727
89843,3720184
15622,3962488
83164,3224602
129327,4267145
148005,3620265
148255,3577619
127528,4486143
90323,3769122
127772,4443327
136639,3481792
134247,3490778
137204,3536365
1665,1
1666,1
82991,3221604
131200,3907439
841,5630915
85019,3290996
129575,4218754
126995,4532872
131913,3803424
113332,3610111
149417,3417619
126722,4529254
106614,3870970
104896,3946361
84848,3240630
15373,3847251
17043,3940239
90819,3851798
91749,3872652
132923,3595291
109206,3828252
84627,3236780
944,5525938
57073,3198386
127893,4404371
146910,3144862
103850,3971537
104855,3967800
65775,3493260
65354,3335606
65580,3335586
78410,3666100
77622,3666098
77625,3613529
132335,3699411
76962,3613528
124771,4292425
125979,4396813
148997,3423091
96910,3968316
76961,3666102
77005,3560959
89221,3675090
107926,3827250
92109,3863109
93490,3845291
65667,3388128
99871,4004184
101277,4053130
126908,4504755
148120,3608019
130041,4166696
133741,3491101
93564,3861818
95194,3911267
132641,3647392
133205,3543193
127372,4475889
91127,3832704
131568,3855438
148090,3620341
149243,3420151
126377,4499516
127315,4503257
1834,151
1646,129
130932,3959326
135906,3454076
136254,3465240
136317,3465239
65755,3440672
96594,3937184
146849,3099624
149057,3370951
97475,3962897
99152,3993113
133803,3535987
107591,3787018
70899,3164007
1633,1
1634,1
70777,3111451
102872,4017951
132135,3751573
110935,3683313
106247,3906291
842,5683489
45688,3320913
65390,3283052
127799,4442967
86269,3477301
87061,3471977
130437,4063144
104540,3954465
136307,3517785
136421,3517754
90411,3772839
107628,3839293
91881,3880260
57910,3263766
89828,3724746
108494,3776973
126899,4530848
1190,5158664
1165,5106090
126085,4448547
132984,3595500
831,5578361
129774,4211622
130401,4114978
57679,3193816
129039,4310104
125848,4448646
17867,3933803
131426,3855408
101941,4052273
53625,3227539
99525,3979812
100918,4043623
72318,3216474
132420,3699620
148732,3267054
81172,3531338
79856,3515150
81251,3481558
924,5473382
82176,3535197
81800,3482623
96076,3926660
74596,3346790
74840,3379726
74842,3432296
75548,3432294
75557,3484864
76040,3484866
124531,4240440
125545,4344556
76030,3537436
59508,3459884
59507,3407310
127273,4478732
131284,3907241
131889,3803502
149972,3520985
149973,3425325
150004,3477533
8619,4045770
9999,3983308
91385,3843658
92964,3870231
8620,4098344
8630,4098234
126597,4528499
73344,3374128
73226,3321554
82205,3430572
103332,3987444
104352,3973771
130017,4166910
107243,3834881
108991,3737454
65279,3230526
128165,4360644
97024,3953187
98699,3940919
149818,3442524
149800,3466662
149820,3390242
149801,3486412
149746,3466672
149745,3519222
73756,3479244
73755,3426675
73813,3479238
130691,4011235
94438,3873794
17393,3895571
105878,3933731
128607,4346611
125616,4396367
126379,4499462
88883,3623944
90877,3803582
94624,3905316
1537,121
1538,99
136401,3570167
136491,3569960
109884,3673789
112872,3632003
65599,3335642
65303,3283068
77041,3508395
90396,3754823
791,5630945
792,5578371
132732,3647591
133478,3543433
80268,3532734
81729,3430316
16953,3992809
65163,3178018
87356,3520352
782,5683539
774,5630965
128255,4395541
129490,4251985
124179,4188340
125265,4292723
824,5525811
79542,3462720
79932,3552276
130486,4056338
131077,3959138
126975,4529763
113941,3563562
114118,3593487
98973,3955717
100505,4018305
87281,3517884
127821,4429672
136561,3533246
126203,4447201
98790,3968470
132049,3576448
102441,4028700
126453,4525954
127215,4511607
91339,3816567
80158,3515294
114015,3616055
114570,3644434
132001,3803672
88420,3572417
65205,3230560
884,5368266
125476,4344683
78928,3459656
103830,3989649
148722,3318472
112228,3579815
87284,3570458
89093,3532803
1490,81
1574,111
80368,3583925
136452,3577060
130111,4219484
101528,4055977
60482,3303982
63622,3152620
63973,3164781
112290,3632290
114479,3666289
1477,99
1443,77
89406,3673488
131837,3852299
132445,3751828
109084,3724545
126719,4525846
135704,3549865
80996,3569211
80746,3620299
81613,3516677
106835,3873185
108519,3789595
47485,3299004
95274,3920681
125690,4396520
132471,3699860
133226,3595559
96576,3928515
98355,3917339
80536,3604850
128105,4386815
129203,4295521
64114,3126141
127447,4464717
90862,3768695
64709,3107639
129913,4286739
81316,3619085
816,5210667
82894,3430726
82893,3378152
91877,3820584
130485,4108912
130896,4004137
92325,3858691
93892,3843290
136330,3531383
136728,3534366
121254,3616607
126262,4497622
64710,3086172
126076,4446954
28395,3468197
29972,3573319
65425,3335612
127073,4494778
125295,4344364
125972,4395814
80808,3633548
116619,3615751
118397,3613230
1530,93
124952,4292567
102973,4002135
123841,4136445
124799,4240307
126290,4497471
98833,3930478
100035,3994531
114716,3695955
114806,3747231
115440,3707602
858,5368290
129997,4339313
131469,3895294
132257,3804000
136242,3516191
125549,4344008
90002,3703573
102649,4007568
83121,3325597
65215,3283124
768,1
767,1
101217,4032800
132717,3700097
129699,4234534
128673,4337381
129541,4286300
102386,4008439
98439,3906654
114816,3795679
91302,3773502
773,5683539
797,5578395
109789,3686819
1240,5211230
1239,5158656
130397,4200822
130398,4148248
126281,4496044
130716,4044525
106486,3908228
108149,3836946
88960,3621536
114541,3711051
129999,4182441
130702,4096452
114773,3778940
106196,3934672
133015,3647996
96134,3895867
97782,3891784
77306,3455835
78920,3455715
126077,4445824
126911,4498021
77264,3419712
77043,3560969
59579,3408804
123367,4084496
124569,4188447
132418,3748866
115425,3743601
116594,3666440
1134,5053528
103409,4004164
131197,3940875
131899,3933043
70375,3059045
70305,3006471
129037,4323463
114719,3762110
890,5420824
926,5525956
1420,77
116565,3691521
132180,3852949
114352,3711326
16954,4045383
16956,4045383
131099,3992737
93385,3809994
114410,3761873
65217,3335698
65259,3335668
124636,4240251
125361,4292099
65670,3493214
65827,3493238
105681,3957079
125861,4394770
126620,4490978
58923,3400740
59757,3461378
70699,3058949
71712,3163955
130606,4096840
90508,3717610
131951,3895948
132380,3853310
61818,3230999
1125,5105965
61565,3258814
84367,3291769
100767,4022323
102085,3983453
89586,3651412
150072,3529902
150064,3477435
131455,3923672
1492,103
1273,5263800
1274,5211226
132728,3696756
150010,3425172
149975,3372905
800,5630969
825,5525829
100509,3997077
65526,3440688
65685,3545780
112098,3622753
58924,3453314
125051,4291982
130454,4096537
130963,4044707
132115,3844043
4792,4228549
4522,4176016
4798,4281011
4864,4281025
4868,4333477
106796,3909223
82396,3378005
132303,3801153
134693,3490529
97514,3880413
98869,3919845
125456,4343152
126105,4446442
129545,4219639
130375,4130729
67330,2975500
111981,3635883
103102,4009462
124454,4240627
95744,3869622
97322,3849590
139439,3113027
1534,109
1536,131
126411,4486705
118345,3875744
118286,3823170
131291,3975579
82601,3430567
125652,4394846
90996,3722952
3817,4123486
3886,4123422
4318,4123499
122911,4032540
123755,4136729
124127,4188697
124680,4292474
117176,3666420
99883,3974197
64712,3138746
65616,3065039
131293,3923656
106330,3936592
107688,3875057
132041,3792030
88193,3487872
91227,3545977
129381,4271400
124896,4343540
90090,3665513
130292,4079020
97412,3893557
99343,3948746
150061,3442324
131885,3829255
132518,3739824
81961,3465914
117428,3767220
117427,3714656
117600,3819788
118094,3718219
148232,3303552
118188,3770787
116557,3709368
125990,4435221
92841,3768192
100995,3999948
124341,4292639
115549,3708186
117051,3691504
131797,3871751
65687,3598354
65741,3545792
105129,3955476
129897,4116336
130526,4027219
61783,3237794
95232,3840346
97011,3822443
118037,3665655
119177,3699805
101641,3973118
102851,3984571
125170,4384009
128819,4219430
4320,4176073
83544,3535709
83234,3483135
123413,4084821
65261,3388242
65289,3388176
88194,3540446
100000,3976219
101345,3949728
124549,4338764
136026,3501639
136194,3506621
60469,3328436
131405,3819711
83524,3535703
44226,3431935
97882,3923781
130193,4027472
130391,3975296
65451,3388154
8632,4150808
8638,4119588
7624,4224627
7623,4172053
119491,3658455
129571,4167853
132327,3777138
148124,3338195
148123,3345166
148160,3305315
129067,4167813
129779,4116153
124215,4240626
122697,3980466
148194,3220831
90610,3671015
148141,3292748
124939,4332042
125765,4383220
4674,4228485
1381,103
1382,81
82887,3483135
123867,4240611
771,5315790
772,5263216
5897,4123773
5900,4123773
1372,89
100460,3925527
65291,3440750
129444,4064138
94894,3802118
96787,3788841
117971,3718951
73852,3479235
74210,3313959
76676,3367685
59055,3348182
136392,3568566
770,5263381
769,5210807
131363,3871656
76774,3385148
65551,3493262
105872,3935826
107266,3910104
99592,3949896
129935,4064536
3086,4228529
2858,4281099
3088,4281103
3808,4175963
78911,3508063
108311,3898160
129811,4012469
92683,3721795
94221,3765700
124783,4280697
125562,4331252
4349,4280931
2857,4333673
96945,3852317
101817,3947289
2860,4333673
117000,3744038
72826,3321578
72780,3269004
3735,4175909
81362,3566565
108779,3929576
108407,3877002
123518,4136961
1422,99
132060,3767648
122467,3928364
123284,4032627
70267,2953997
71136,3111493
149783,3495071
149792,3450826
149811,3442673
104803,3930628
149813,3442796
149833,3337687
149848,3390247
149869,3248029
124649,4286771
100850,3923304
102155,3961871
1277,5263800
131229,3819494
891,5473398
128655,4167439
102463,3959667
116904,3796564
117549,3758450
92003,3671406
92551,3770164
123387,4085027
123789,4188907
124384,4234850
40248,3405328
73472,3374108
82285,3448983
80958,3615961
94596,3762371
96373,3750462
40043,3445604
129655,4012332
130294,3960535
130729,3871520
130607,3871290
131107,3819590
124999,4228518
129353,4115976
123815,4189290
116852,3849090
117485,3810972
1371,111
123610,4136988
91720,3619315
92259,3723318
94469,3767612
128523,4167457
129135,4115841
58453,3316286
59735,3341630
109275,3833172
108891,3780598
131191,3767527
130455,3923211
83795,3588277
125335,4279249
148180,3252925
65845,3545812
101274,3948866
1319,141
1301,119
98480,3924251
148102,3272335
148165,3260231
116796,3901616
117433,3863494
107522,3912710
87402,3439072
1366,101
129775,3960364
122295,3876557
123061,3980455
131876,3715373
124587,4176588
108853,3831825
80431,3612929
43801,3431993
128387,4197410
129123,4115831
129581,3960379
130159,3908416
123720,4084674
130769,3819213
65743,3598366
124223,4182679
96105,3710630
116736,3954142
117314,3916016
104391,3904801
105448,3924349
106740,3927909
130951,3767295
82890,3535709
123369,4032395
124183,4131073
70268,3006571
94184,3744306
127150,4374288
126461,4321714
125623,4303902
129347,4063967
79635,3560507
80567,3633283
106933,3951996
67773,2901527
101910,3948041
102993,3966596
4825,4333412
96273,3819484
116678,4005748
117243,3968538
3641,4228389
129503,4012212
130423,3804349
127921,4233478
128577,4181889
129844,3908466
39630,3423174
3644,4280963
83667,3344254
84945,3306987
79621,3613001
107660,3877690
122131,3824686
122749,3928728
136186,3559106
78907,3527344
131545,3610895
110289,3728521
40044,3463996
1302,137
5410,4438448
4801,4385874
121054,3716802
125011,4252755
126051,4308091
130010,3856351
127071,1
127072,1
116598,4039325
117172,4021060
148175,3230823
123751,4124945
81772,3603910
81070,3636534
82041,3553232
129143,4012465
117909,3771474
129427,3960542
128119,4216992
128747,4130130
131085,3715192
111109,3623536
112169,3592703
128985,4105741
794,5210694
820,5158215
83045,3396657
84049,3396828
93955,3692502
94735,3715062
100472,3898337
86606,3391107
85404,3341224
131449,3663031
100052,3871098
112724,3684396
149476,3170403
136178,3606567
117887,3823997
116536,4053554
117075,4057058
78235,3737618
78236,3685044
79967,3649584
80589,3647019
89766,3520676
91643,3570948
129609,3908436
109887,3576851
112221,3645193
128446,4113124
78245,3632472
130721,3752420
121117,3688610
148099,3211817
148205,3199169
107148,3947997
104953,3898509
106430,3903204
81323,3586401
125503,4258134
109964,3629359
112637,3697650
1121,5105904
1130,5000983
102415,3959812
103387,3954108
83358,3449231
124881,4201482
61040,3275896
121857,3772726
122394,3877116
122950,4079333
123689,4073011
116440,4001029
116991,4073683
139425,3138822
139457,3111873
117792,3876520
129033,4053942
127006,1
127005,1
139485,3108916
147798,3223908
1344,119
128834,4001939
3861,4175890
107150,4000571
775,5158290
787,5158253
80241,3685884
103917,3922274
79622,3633349
134175,3527443
134886,3543072
71711,3216529
101174,3923456
19975,185
20856,189
122657,3981226
80831,3618739
85149,3323263
137133,3821002
137134,3873576
136934,3768432
137431,3873576
95705,3663098
93710,3640288
85006,3272519
117735,3929043
56471,3224298
60749,3189062
116318,3948503
116900,4053551
82431,3501408
127791,4233564
110507,3781095
9788,4035777
12013,3968330
122498,3929351
122869,4033466
86477,3243567
97964,3896311
112926,3728692
125110,4207145
128734,4026319
129483,3949983
126645,4269518
94285,3568787
123507,4098076
71490,3216500
59567,3310251
114908,3695861
116081,3738391
97307,3863700
131103,3700293
117662,3981567
77119,3685042
78253,3579906
116268,3895977
116839,4001028
100763,3898289
77120,3737616
77276,3632476
3573,4280864
122159,3825062
72254,3269022
102891,3948867
95775,3776975
128605,4061306
129435,3974363
112938,3763269
128351,4165046
126081,4232184
127093,4273287
8820,4088235
65617,3117613
66006,3020020
99644,3842269
130980,3616604
1114,5105834
1120,5053422
122862,4027652
101690,3935237
127547,4231002
128149,4181914
122680,3975856
72710,3321550
149386,3146800
89582,3469901
112899,3748976
117615,4019936
2044,4573434
112681,3716427
116200,3843451
116788,3948506
123346,4073548
128785,4026396
811,5105809
1100,4948500
61836,3233864
123787,4076042
73317,3426676
73670,3426671
134522,3579991
135214,3593206
121665,3720755
110605,3676064
53375,3263919
61795,3235614
104481,3898698
105973,3877581
4350,4333505
73318,3479239
98481,3976825
117567,4039333
73930,3531803
62354,3187674
73464,3531806
74118,3584377
127381,4227902
128175,4181815
112839,3734092
114341,3697624
82505,3516569
116122,3790925
116721,3895984
112430,3694692
122625,3923832
126509,4273513
60625,3281046
62311,3187832
128631,4026465
129319,3974456
114401,3747391
112646,3711922
17847,3898653
94366,3612495
73096,3426679
73052,3374105
101236,3922894
102249,3936512
107748,3930264
65855,3022115
66032,3006670
3574,4333438
3580,4333301
65799,3002485
128317,4129998
1345,141
4277,4228433
85677,3355603
136340,3670726
136298,3618152
117496,4053562
114867,3679116
122379,3871665
123117,3969876
103305,3917167
104407,3917664
116656,3843462
123263,4021632
1106,5105768
85908,3279311
80409,3738458
100316,3870854
3769,4228372
109588,3654617
128533,4078225
17848,3951227
16982,3854104
128836,3974432
127543,4181780
81369,3568272
121931,3773177
82795,3464148
117445,4001040
116591,3790931
123611,4046329
130900,3668716
95363,3741746
98510,3769380
1095,5053327
136434,3636516
136300,3583942
129096,3922325
124891,4155400
760,5210826
41391,3445366
128417,4026410
79048,3520462
127107,4179383
127993,4129867
130610,1
130609,1
98958,3802827
128185,4078213
49233,3336945
125490,4182554
126305,4269746
79692,3647053
121503,3668722
3746,4280845
117326,3948517
41340,3449989
139415,3155293
122205,3911712
122805,3917900
147759,3172422
102643,3930944
128601,3974449
129552,3870484
126149,4313897
103835,3902085
117253,3895994
146914,3120311
123404,4024412
94833,3691323
96448,3794320
8767,4140797
130668,3749887
130469,3802312
130471,3802144
130867,3697319
110174,3602084
104831,3863023
6121,4382224
6122,4329650
105399,3837249
100960,3897779
101938,3910988
6124,4382224
126615,4228478
6796,4224514
7616,4224520
3684,4385764
127745,4078012
6798,4276960
124221,4103581
124525,4130860
133136,3524776
121998,3825628
124169,4051674
117200,3843471
59310,3260659
126041,4366402
126445,4277521
121846,3721249
4280,4281007
130046,1
130045,1
130496,3749576
130921,3645193
132384,3602777
67064,3009293
121925,3773668
122165,3872242
129069,3870659
129904,3818562
130470,3854886
134982,3608901
135414,3637863
125915,4375058
126345,4330006
122663,3942566
122544,3890605
130075,3662112
132281,3636539
109587,3707191
103129,3899149
3834,4333370
122925,3972554
123830,3999899
82030,3568337
81400,3618306
82199,3515767
149748,3405691
149747,3353142
104257,3883656
136177,3554016
122179,3866669
122060,3814507
128545,4026302
125819,4337842
126255,4378911
80884,3629709
80883,3577135
84415,3359410
85241,3320054
100468,3859660
136263,3556445
127457,4127533
77786,3678152
77785,3625578
81399,3670880
81529,3565736
125198,4130792
125645,4235070
125667,4287555
126177,4338103
100237,3832869
77389,3783284
77390,3730710
129491,3766576
130410,3766468
113270,3654529
66966,3004498
67308,2983762
128927,3922644
71736,3269042
82811,3411794
84488,3411915
126783,4327603
126390,4294625
126542,4286818
126991,4278937
94588,3653574
98109,3727407
101207,3885989
102480,3912363
121203,3657256
121678,3669098
126242,4346379
122116,3762305
125466,4183309
124969,4078809
125849,4287887
3914,4385944
72996,3426659
79685,3524752
81001,3620474
122401,3838625
126692,4275725
127163,4226438
102802,3911721
103705,3885418
123459,3948027
135207,3637333
135742,3666659
127403,4124740
121822,3709885
122375,3786653
122035,3681982
126049,4286350
125578,4235734
125993,4288166
128844,3870678
126502,4242817
104711,3863389
105819,3795281
126936,4223212
127333,4173910
89284,3455104
89658,3499116
127401,4072882
60030,3271892
67211,2977639
126373,4190620
84037,3464409
84570,3425017
12045,4210120
67536,2947006
125714,4236028
89391,3478826
126151,4234404
129359,3818704
82921,3464230
139490,3104172
139422,3146097
142004,3098335
92488,3518664
94493,3612722
127152,4170678
82957,3516720
84185,3477517
72353,3426730
72283,3374156
129971,3714362
125890,4184113
126297,4242791
122757,3838645
136538,3715877
136960,3820990
3685,4438338
126698,4138267
79076,3472307
79776,3577318
139445,3189709
139469,3161424
122072,3734397
94307,3642604
128962,3818769
125483,4027004
78555,3573016
126267,4227742
101899,3912139
86485,3406899
67445,2948877
126181,4184244
126593,4190524
104941,3827628
106209,3761200
81333,3615260
86523,3431137
90747,3531392
82636,3516587
79190,3419986
78664,3625584
104087,3868155
81375,3616806
83101,3549845
92983,3619669
95724,3695178
12534,3793450
82260,3567082
82857,3549764
127033,4118422
127020,4085753
126060,4131773
126523,4198610
99931,3873043
123235,3896085
81283,3637851
82366,3619605
103018,3900254
122366,3786655
123181,3868638
67667,2911899
77907,3678140
125062,3975149
125871,4079356
150014,3390061
149979,3337794
149894,3285310
126391,4152814
4696,4490900
4695,4438326
126435,4048319
105315,3796044
106523,3725849
3958,4385842
108683,3578093
84724,3372518
80550,3629888
80676,3682460
150018,3442620
149983,3390277
129706,3766638
135136,3609251
133135,3565330
149896,3248095
81459,3669331
3716,4438188
100729,3898929
4387,4438272
135606,3664736
104527,3848652
102428,3881678
103606,3886356
97786,3761515
83989,3529898
81740,3670823
82458,3653889
122674,3816669
126015,4079551
133056,3603066
126239,4100491
128636,3870848
123545,3844069
84058,3477396
79986,3629892
99932,3873531
78134,3678146
139416,3151087
105707,3761587
106917,3681859
127757,4026789
135894,3666046
127212,3648117
125675,4027488
124762,3923225
67680,2894039
4103,4482807
4462,4482793
86043,3329947
81780,3703824
123251,3687623
77919,3730708
78168,3730720
81587,3679717
83179,3529735
127266,4076611
127819,3974977
77391,3783284
136322,3663330
136458,3768434
128581,3923066
129420,3818876
123092,3792138
124175,3844107
128035,4027481
84150,3424927
82520,3601336
15457,3987765
15412,3935455
104176,3868836
128311,3975569
106087,3726103
107299,3629947
86335,3293751
135085,3579429
79566,3435082
125905,3996493
101371,3900628
136023,3520042
102982,3868570
136234,3558246
125277,3975559
81824,3651266
4562,4490743
83265,3529666
109791,3553346
127601,4076994
101061,3886912
133055,3565596
112310,3642873
90438,3583960
108875,3529285
112303,3604466
86482,3381785
52637,3316481
53394,3292119
52638,3369055
52631,3369047
100069,3821841
124527,3871250
149775,3300587
149868,3203627
149738,3256185
106703,3681845
82598,3581162
57197,3276828
73934,3312145
83787,3477309
74055,3332451
74742,3351691
134632,3526908
123570,3792132
71876,3321637
23589,7
23590,4
128393,3923657
84240,3527356
27630,3555155
80956,3735034
97450,3775515
99660,3792778
135428,3606071
127028,4092767
132675,3617812
133215,3617931
128141,3970272
129057,3871373
74503,3369326
75352,3372152
100675,3848402
15458,4040339
102011,3888540
75077,3388319
76844,3400075
103730,3833636
135521,3658504
133122,3670469
133423,3621021
81351,3630990
123322,3739903
28261,3530133
125681,3944345
124000,3819312
124869,3840085
28340,3496016
112690,3672785
135814,3660068
135976,3718620
4467,4486832
126169,4048959
84816,3606428
84815,3553854
127830,4074235
101765,3875642
60058,3282448
61526,3235631
27512,3516876
30689,3456656
126605,4059641
127521,4059874
127587,4060208
128087,4022337
133034,3722999
133351,3673557
128715,3917938
133931,3600782
112577,3621942
125998,4094867
126489,4086534
143392,3153680
87638,3434359
135991,3520128
136077,3572563
125447,3892383
133033,3775508
133247,3726085
127928,4008259
124382,3788037
121909,3687759
124727,3683607
101283,3850290
81354,3683564
96204,3740965
99064,3828089
92595,3570084
93518,3664507
1092,5000905
102513,3882620
103536,3852899
125894,4049595
126326,4100982
86875,3328721
106481,3718047
107122,3734361
133111,3827786
133185,3778598
113205,3616482
127267,4007826
86698,3278165
125738,3997374
126227,4087126
132463,3669958
132879,3670350
128014,3956088
82149,3702214
82150,3649640
136961,3873564
136197,3555427
136314,3610782
90620,3468438
133590,3810727
133280,3857919
133388,3862920
133684,3758223
100358,3821342
127561,3903729
128503,3903772
126624,4060334
125287,3840404
125649,3944900
93288,3621984
94106,3704633
133168,3830933
105800,3770616
107370,3734781
91239,3519192
126094,4043076
133534,3810432
133750,3705697
132663,3722494
132961,3722880
104290,3813042
81499,3653765
81500,3601191
133856,3653163
134571,3553122
108082,3630518
135319,3576316
126527,4060544
124959,3788267
125533,3892956
133021,3827756
126019,3997360
133362,3910062
133620,3757908
132751,3775022
133003,3775402
126816,4008354
136059,3572649
136099,3576698
136326,3715887
105446,3753052
89000,3689104
88999,3636530
132397,3722044
100942,3823623
133245,3935100
80790,3548758
80789,3496184
107979,3507397
111419,3562956
132893,3827535
126362,4035170
103149,3869211
106128,3779069
107656,3682862
126546,3956179
127000,3956161
93800,3665264
136323,3663336
133103,3879835
133730,3705376
127329,3955851
125279,3840821
125657,3945481
126388,4008380
128069,3851460
127202,3903737
133209,3931813
124812,3735857
4464,4475103
99250,3847442
52263,3421617
52634,3421621
125881,4043232
126690,3903918
133399,3987152
52264,3474191
52270,3474191
132083,3774127
132703,3774230
92061,3619461
136349,3715886
125463,3893353
125833,3997954
111871,3578347
126221,3991319
133189,3983818
83384,3629328
83669,3578249
125575,3945843
133107,3931371
106428,3734886
127041,3851484
125975,3991216
136097,3573145
136463,3768434
135056,3523803
135683,3562269
133708,3757432
126145,3939033
126569,3997491
125697,3998172
136165,3548163
103743,3834007
104836,3786956
136440,3768442
137066,3873546
136501,3820990
133023,3878849
133337,3983739
133608,3809566
134123,3709983
126988,3851515
135864,3614519
70978,3164047
71284,3163997
71169,3216551
132977,3826319
99840,3844751
125999,3886646
126449,3945153
125618,3781620
82308,3702210
85438,3552350
85578,3499981
127804,3799128
133241,3931219
93802,3717838
127011,3661286
106720,3682525
59346,3269529
60486,3334998
126653,3799118
135969,3624754
135957,3572180
53039,3314270
133392,3861607
133733,3862098
125887,3834145
126351,3892736
81516,3548669
131891,3826241
103046,3853296
133074,3878162
133151,3878691
15348,3883305
94448,3729970
133573,3914138
133815,3914622
102830,3884033
78383,3452534
79680,3443669
126231,3840219
137157,3926120
81628,3601112
135793,3601095
135930,3594061
134305,3605319
135251,3542813
84356,3527189
99249,3900016
135977,3514400
133671,3966661
133891,3967112
104389,3828503
126252,3746654
127430,3746727
133321,3881529
133739,4019134
133835,3971717
49236,3389519
49465,3373075
134015,3762515
134243,3657687
83259,3754784
126014,3787683
139396,3151362
73556,3330573
78400,3505094
147152,3108621
131527,3878399
132019,3878208
24313,7
73614,3349043
147147,3091942
136136,3528440
106407,3484954
109249,3558460
84410,3499921
85956,3447516
80396,3391940
133973,3815039
134189,3710218
102486,3892572
103384,3864392
82310,3754784
23592,7
23594,7
77246,3557662
78560,3557660
137140,3926120
135426,3509808
133775,4023711
4856,4466194
5216,4486797
5396,4434292
99517,3909373
99518,3856799
77026,3382734
104247,3850174
133703,4070974
5928,4381850
133927,3867498
134151,3762741
6392,4329404
81732,3613964
83959,3551039
7614,4277031
135919,3565473
105522,3805542
134259,3657546
134739,3657635
81629,3653686
133369,4090815
133263,4062999
133625,4070604
5930,4434424
133915,3919626
6130,4329473
104925,3839568
131367,3930669
127078,3694249
141982,3161622
143724,3206202
134107,3815172
133657,4023401
139428,3145103
84526,3447462
132986,3930064
133881,3867309
91723,3571536
93088,3663244
133201,4010477
133545,4065240
135887,3585624
15347,3851228
15190,3868496
134173,3709663
134333,3710080
133754,3971382
78194,3610236
90752,3467364
77245,3610228
133822,3919382
106040,3814575
135874,3568736
101592,3884364
102895,3908635
133101,3957947
133417,4012719
133756,3971229
71190,3269108
72286,3374211
131247,3982725
131903,3930504
134237,3762195
134495,3762604
121819,3680338
122456,3738306
81948,3588506
132915,3982094
103099,3894469
104014,3842959
98574,3866266
98573,3813692
133842,3919266
134291,3814716
134551,3815051
133924,3866764
15131,3841252
15384,3811904
132251,3930252
105475,3805590
120705,3671870
122363,3731279
675,5315966
671,5263392
133355,3960190
134056,3761712
132313,3982547
132629,4034049
134345,3867086
134525,3867137
136442,3821016
81211,3588731
81212,3536157
131121,4034671
133792,3918727
133976,3814242
49827,3406651
93293,3715818
92627,3616416
674,5368536
669,5315962
134700,3710170
134833,3680079
60080,3372272
60079,3319698
102544,3897495
133870,3866206
132254,3982190
135925,3603733
107469,3536104
110635,3594107
127131,3633282
125844,3713719
90478,3423590
149986,3442851
149939,3352896
132431,4034542
84164,3498580
84580,3394991
133567,3917513
133946,3813677
88520,3376479
90593,3422722
106520,3734500
134656,3762696
134799,3732615
98955,3837217
93646,3655852
124213,3620729
131038,4086723
131324,4086119
136135,3503260
82072,3483589
134915,3647099
89001,3689104
103715,3868715
104646,3811046
134429,3919056
92022,3512298
135839,3545908
106009,3770533
134315,3970862
59822,3267143
134602,3815124
134763,3785142
88536,3375820
91101,3472290
133390,3969425
133875,3865544
134583,3867257
134155,4022737
134111,4074336
134271,4045159
134728,3699047
135127,3594921
122696,3751554
102398,3921370
103397,3864237
135882,3585812
135950,3622672
132310,4033828
135407,3527899
78584,3610232
131037,4138075
131201,4137412
134723,3837620
134289,3993318
106251,3734180
71248,3321682
134550,3889776
122714,3804098
97252,3762229
139194,3147717
134017,4021819
134227,4063992
134394,3960627
96297,3797437
95855,3744863
77247,3662802
136158,3494971
122699,3787572
133256,4021233
133781,3969389
134516,3908867
113429,3590535
122407,3783283
93267,3604796
94218,3692263
92557,3564491
135918,3603587
135984,3589897
135734,3493468
133967,3969500
134206,4011474
78586,3662806
134396,3908339
122555,3824907
125757,3735542
133887,3917388
81952,3536106
60363,3333794
60950,3293666
103649,3849607
86607,3242582
102182,3896668
103201,3887742
134530,3856550
90788,3524825
91375,3517747
99327,3828158
134588,3804111
122236,3833849
52655,3362998
70977,3216621
87117,3326968
88680,3428350
104345,3806039
84720,3342489
66965,3057072
133142,4072842
135368,3580438
135619,3508608
122414,3817393
133997,3991888
105196,3776649
134494,3855942
134674,3751583
134147,3959112
5218,4539371
134000,3958951
135238,3632980
135237,3685508
135326,3632970
132268,4085294
81388,3483668
135108,3647131
134544,3803416
135985,3642471
136046,3538454
132196,4137143
132649,4112830
60528,3366468
101254,3858898
102016,3913783
98742,3777787
100101,3868086
93777,3641383
86166,3292692
149913,3300497
149942,3352760
131552,4188779
131371,4234406
132024,4240817
149889,3252659
135274,3737977
135295,3685492
149875,3157642
86724,3277628
149737,3308759
90572,3521057
91753,3561773
132909,4114884
133341,4124564
134253,3906830
86637,3241843
102975,3863468
134640,3750882
103233,3835737
86921,3323859
95148,3701740
96360,3761558
136104,3485902
136124,3474345
131307,4182457
132086,4189544
135010,3699061
135155,3699672
110413,3611103
92650,3553526
105838,3741221
86880,3274503
89214,3478913
90093,3529205
90155,3549521
86173,3292296
86797,3238507
135445,3718540
135336,3737842
135392,3718529
135487,3666020
131051,4219268
133047,4171737
133221,4146611
104809,3771022
134114,3906630
134373,3854825
88437,3317385
135966,3568094
102274,3886635
135420,3666018
135466,3613478
131521,4279225
132305,4242118
132651,4165404
135150,3752214
135169,3752215
84782,3342293
86519,3289268
91528,3614332
93079,3594456
135988,3516752
135518,3560940
135725,3461250
88072,3480917
89140,3480830
103980,3783515
82172,3431103
86659,3312371
104045,3461705
135217,3790076
131897,4285891
135364,3755356
135203,3804744
67332,2952153
130761,4252303
129953,4271989
130763,4304877
13692,3828575
14934,3912333
134555,3802569
1050,4948515
95926,3734278
100924,3832249
101953,3860306
131243,4271310
131859,4323177
135321,3807385
134222,3854661
123504,3724637
99610,3829997
100837,3850841
88071,3533464
88820,3533397
135149,3804743
102856,3844822
60606,3317650
61250,3245109
29830,3494054
32319,3442232
135277,3823697
108999,3621014
112699,3623033
11217,4126015
11218,4073441
1053,4896110
93318,3590240
94669,3650971
132971,4166378
82274,3378571
135770,3461741
40764,3454765
135305,3841979
97934,3726620
135398,3859187
40818,3452940
134689,3854461
132758,4191982
88490,3583955
134906,3750811
135121,3751209
135745,3418130
135996,3418517
91272,3643051
92730,3647009
60211,3353385
150913,3817189
131997,4313526
130909,4271587
135303,3893765
67638,2932206
135636,3513355
88198,3268004
105407,3727332
84135,3394429
72164,3525842
71427,3473268
133984,3958339
67421,2886644
67716,2946602
135263,3841240
135968,3620668
132757,4244556
67695,2968891
67960,2999172
135663,3470467
135989,3373575
139358,3136173
132351,4368982
132245,4316408
87249,3231829
102913,3811540
134691,3906594
134869,3802346
104426,3748711
131999,4341082
62500,3159444
62459,3158402
135504,3565672
136062,3464200
133602,4010190
133403,4061518
133908,4009932
86141,3363626
87077,3283323
83501,3446564
84314,3391229
135221,3788700
135373,3841237
135396,3617530
101625,3793473
136074,3429162
103563,3759335
12002,4020875
12313,3915893
133237,4113551
133062,4163978
132557,4243614
130745,4323970
131139,4315131
102495,3818731
100248,3812954
91120,3622613
92509,3683043
134157,4009997
130445,4377004
130285,4324430
135173,3736165
129477,4260832
95988,3683368
132405,4295743
82781,3484486
84093,3498723
13257,3846247
97642,3736035
134735,3924922
134804,3906326
94760,3632216
96570,3685210
86557,3334701
132079,4354293
132242,4336825
99612,3882571
133757,4112902
114557,3599016
13872,3787378
94132,3599869
68214,3051744
82209,3499230
83238,3536051
60296,3219853
134812,3853933
94045,3586210
130633,4356461
135209,3716723
89622,3503651
133789,4061349
107829,3585685
135523,3522564
135773,3523016
130288,4377004
130585,4376390
135549,3565266
60796,3285972
132903,4215255
104932,3705072
135246,3721234
135353,3669514
81039,3495896
82398,3551796
97126,3684398
90896,3573493
92196,3666036
132867,4266379
14243,3893001
120659,3656370
121222,3723397
90118,3497722
150806,3469041
150766,3416467
8768,4193371
134817,3838654
67637,2976881
104047,3724858
100909,3743333
102257,3769318
67675,2939192
133595,4164125
95470,3633953
102487,3766809
118895,3628849
121139,3707852
130993,4340286
133979,4112728
103210,3733815
60421,3337716
150803,3521541
150761,3468967
99528,3709566
130465,4365187
136012,3382478
106458,3584367
88910,3556219
135855,3628133
135829,3575559
135288,3669345
80418,3443400
81303,3547846
135705,3575331
84446,3442795
134019,4061393
100118,3761888
132692,4311407
133179,4260052
91924,3622421
150802,3574068
150756,3521494
134696,3890917
131937,4381845
129956,4365568
129807,4312994
27488,3552020
129424,4242113
134538,3994311
134179,4046293
134269,3994026
134684,3942677
130311,4330446
130879,4344492
80207,3491969
80756,3492301
131703,4397208
131161,4364890
131337,4393294
135441,3616998
15054,3884294
15430,3797953
133861,4163805
133371,4208788
85913,3495369
79281,3482443
80276,3544539
11211,4125988
141967,3112001
96188,3632987
97722,3675082
104535,3681240
132542,4336674
133011,4312240
135792,3627860
101549,3719259
150529,3423045
14862,3870886
93004,3591971
94605,3630838
131515,4396414
134524,3890469
82399,3604370
82526,3576167
139404,3101702
80278,3597111
129809,4365568
130089,4293889
103708,3699813
121414,3774795
90292,3472936
135639,3575077
77036,3430568
79323,3535015
134197,4046096
135417,3574405
135159,3772621
131164,4371889
150618,3524982
150752,3574044
135879,3732690
135842,3680116
134199,4098670
90419,3223452
121430,3792044
122172,3820970
79546,3587589
133709,4148145
133989,4216379
89989,3422073
90822,3523285
132410,4317365
87969,3335183
133374,4192175
133577,4200228
122470,3777167
84542,3436169
121383,3766152
121179,3756343
68600,3104318
134937,3819081
67550,2925657
60962,3233420
122163,3795099
129801,4269945
130383,4345833
134499,3941764
135289,3668467
96866,3623556
98432,3657951
150936,3766673
93528,3636737
95077,3664367
85031,3386487
8763,4193363
74460,3368485
113637,3606960
116229,3605791
122369,3751080
121341,3729506
132124,4331807
132604,4295679
121034,3727039
109759,3641347
135799,3627552
121124,3690076
80279,3649685
12008,4073422
12940,4073449
135134,3720775
138664,3200222
104188,3656425
134302,3958608
22120,216
130016,4321994
130284,4359410
135012,3823328
135101,3772356
131252,4365180
759,5263400
133763,4127847
103126,3724382
103125,3671808
74467,3414244
129423,4294687
135311,3626075
135649,3626897
91438,3614210
98966,3674859
136003,3336766
134281,4062632
134282,4010058
17071,3871017
19501,3872005
133430,4170973
133929,4075948
112244,3640834
133995,4128522
89884,3521735
91248,3570598
132298,4299364
132468,4247582
123449,3698550
136051,3328189
89046,3369816
89276,3422194
93978,3671704
95805,3680286
136066,3290644
97354,3606119
85290,3439061
123178,3597580
125030,3673303
129508,4217740
134491,3925707
134181,4023901
82671,3572068
83476,3549390
81389,3544841
102143,3687308
135046,3771928
85236,3487409
150556,3475580
150624,3577544
131854,4343829
10665,4178560
10666,4231134
27306,3585242
135163,3719748
3651,4535361
131117,4345100
14972,3908691
82672,3572416
15186,3832076
27333,3553218
12005,4125972
135131,3677482
135457,3678578
130206,4329224
94488,3703376
96103,3679300
108245,3618148
110707,3656299
90458,3567440
102569,3706066
103805,3619483
135753,3679283
130657,4347159
130484,4360763
131006,4331169
133331,4159706
132011,4298442
150751,3626618
150749,3626598
128455,4075872
128067,4023609
128815,4075539
98524,3639270
99961,3655284
129461,4178760
129963,4282486
8405,4245933
9124,4245937
73603,3394158
74569,3466621
82774,3590508
96315,3681911
135573,3679019
91798,3623953
150525,3370535
134377,3975903
150485,3318035
150439,3318528
132875,4211954
132698,4195951
133192,4160149
14905,3857799
150739,3679156
150775,3679172
150551,3528140
129105,4127187
129877,4230665
60423,3390290
92468,3571675
31506,3476679
34014,3439789
134929,3822834
101137,3635229
102437,3654169
13731,3903094
14833,3858938
135381,3730534
73520,3376744
95000,3703265
96885,3664777
133261,4107880
150446,3360305
111565,3655600
113335,3648663
130576,4326807
149936,3308120
11117,4174647
131550,4331961
11118,4227221
11120,4152619
150672,3630118
133700,4055789
90940,3578044
130371,4307542
130834,4321985
135095,3770905
123102,3649478
130884,4300234
132700,4185721
133026,4144037
89742,3474257
84249,3551297
71649,3437845
71607,3420700
135655,3683510
105428,3547817
150443,3266032
40820,3461889
134217,3923736
150381,3213847
784,5263374
134657,3873533
100940,3602220
129605,4204587
133051,4108014
134807,3873851
135484,3730966
129309,4152666
80892,3537978
127833,3971565
150598,3630104
150686,3630118
77017,3779469
77018,3726895
103321,3568010
131410,4324939
131917,4287503
150513,3580710
150549,3580702
95696,3688435
97309,3645195
130550,4303317
18022,3783502
97940,3587122
99431,3615152
129454,4148703
135281,3781744
102987,3437287
105132,3497544
131250,4274096
132786,4139468
132946,4133777
109466,3690981
102683,3663776
89744,3487837
25313,189
74572,3519195
74641,3518908
150600,3682678
100573,3625291
130281,4303728
150550,3633276
101262,3611513
102989,3620441
135047,3728689
135259,3729329
133904,4003738
134781,3923998
91366,3525536
16163,3829115
40157,3481506
150393,3266347
150435,3371096
75453,3675603
77152,3725588
129995,4252263
134957,3821786
135616,3735249
129737,4229354
127453,3919587
127991,4023442
122910,3620197
75454,3728177
1007,5106175
974,5158594
980,5106176
1013,5053746
134096,3951619
96260,3664823
97837,3615054
129520,4200790
101580,3568142
135820,3638723
150769,3784296
150760,3731722
115446,3579894
123121,3568594
124690,3643762
65842,3012369
132901,4087518
149883,3161613
134848,3871940
121636,3594130
133901,4040047
131316,4233663
135379,3786152
142858,3182217
143830,3202053
150790,3836866
150788,3784292
130321,4251669
58447,3352502
57231,3314880
58539,3337976
100087,3583104
81314,3575535
120783,3539497
124611,3614373
131055,4224701
131556,4189832
132927,4035362
150395,3318915
150431,3423668
16564,3814726
131678,4240439
74519,3571478
74843,3571109
6129,4382047
134993,3779305
89767,3331499
137270,3490140
137269,3437566
130165,4200223
98868,3562956
135571,3787254
74520,3624052
74674,3624052
25314,220
12740,4008217
12635,3955643
129949,4148526
75659,3623305
101972,3515652
115724,3612846
117689,3595668
16939,3902242
17665,3868612
132655,4139581
135438,3741678
135525,3790393
90528,3259796
127173,3867503
127859,3971845
132437,4141775
131942,4192882
132152,4091700
133921,3987989
134184,3956565
97390,3657274
98569,3597024
62514,3164136
131344,4141756
129394,4096496
62358,3147444
112381,3667236
988,5001213
1017,5001216
60812,3187491
57405,3340683
58687,3390539
59469,3294702
21624,3873864
21623,3828007
22752,3866513
22961,3919068
135659,3742706
130387,4238033
112773,3636323
134973,3830893
129128,4044596
150405,3371487
100719,3592735
132585,4087603
977,5263558
959,5210984
130389,4200510
130589,4251921
134875,3873294
135037,3835472
127471,3919798
16436,3762534
104083,3472866
130875,4172798
131269,4187456
135761,3691023
135788,3589766
87972,3387737
89067,3356741
90518,3435312
131964,4142773
132358,4039529
131802,4092007
99632,3530875
76533,3675083
77988,3773503
128381,4021615
62397,3152874
88112,3439734
130783,4199568
17330,3955074
17194,3931371
17374,3930956
126809,3815329
52786,3415572
128719,3992596
129440,4097008
17078,3918575
17723,3921139
135613,3693580
98023,3639314
99155,3564855
106478,3544759
133779,4008758
87524,3543642
87523,3491068
141984,3151347
134749,3899805
76625,3727651
131075,4135463
19089,3828942
12074,4165803
11208,4113229
96950,3665411
11186,4060737
107791,3614942
129029,4045027
129341,4065234
130517,4148282
132293,3987271
133147,3983365
57519,3393245
58833,3428764
59387,3347266
128061,3969831
134717,3893950
135025,3885962
127773,3945335
131575,4039940
118845,3598687
120952,3677228
135389,3692548
135698,3641909
100503,3549951
18008,3973673
85934,3661196
85933,3608622
132121,3937448
134326,3904653
133745,3980703
15669,3876590
90984,3482010
92472,3521494
118157,3561032
120939,3642802
135513,3641057
126421,3763125
127207,3840956
131359,4086892
132068,3987829
127395,3893184
133605,3933616
126009,3689252
111398,3700470
133311,3935414
133555,3985794
98681,3607778
99687,3522528
101906,3411824
134608,3906094
128425,3940529
100152,3497535
125902,3654288
135347,3743681
74859,3623180
27182,3618061
27298,3603493
27148,3562929
27320,3562421
27434,3539483
96842,3669679
108942,3702741
18009,4011287
18048,4026191
134975,3890570
21950,3880532
22079,3933082
22535,3880525
22539,3933106
150514,3633284
135125,3791516
97605,3648028
150516,3633284
18050,4063805
18626,3986531
134342,3876590
27151,3528916
128017,3941030
135211,3796140
126893,3788782
130360,4096843
57637,3409552
59341,3384911
116371,3601775
127795,3889126
74862,3675754
74877,3674814
132255,3886575
16843,3878870
16957,3954767
133609,3885096
98541,3544138
100081,3488181
134697,3883015
134901,3913404
131881,3986433
76115,3780222
76867,3780223
131437,4035423
129736,4097160
129521,4045201
130186,4045101
107312,3578043
108794,3667283
126010,3710860
22145,3985656
113507,3608685
134907,3892240
135111,3845269
105659,3518976
135371,3693044
135623,3589191
74783,3727372
75229,3718345
150736,3731726
131158,3983810
150800,3836866
83816,3621271
81982,3612313
84004,3618672
74293,3779937
74955,3779940
135143,3794618
96272,3629219
134503,3833266
134851,3917711
22232,4090750
22061,4038176
101648,3463227
121184,3645641
134350,3878324
12048,4008191
135195,3743932
26963,3622149
128451,3888386
135721,3537251
27313,3590997
57200,3329402
24214,3652671
127683,3836745
128801,3874686
99780,3540726
101567,3436764
74259,3832504
74350,3832507
22294,4143296
22133,4090722
98211,3628803
18627,4039103
18976,3933994
129965,3993077
22015,3985630
91846,3479029
27309,3619989
27369,3605643
127089,3761424
28855,3599559
23504,3849652
23505,3819351
24020,3799020
135485,3641187
93508,3563243
66443,3057238
66421,3090621
66864,3004682
135197,3692382
132153,3938893
121097,3605548
22350,4143289
22205,4090715
135299,3744625
96965,3625637
25860,3593149
133269,3885709
149886,3206857
149908,3255898
127413,3784641
33770,3484129
36446,3434578
18912,4091677
133115,3834643
117129,3581376
114669,3556191
126652,3709134
27295,3614173
82124,3615861
125901,3675450
1051,5053790
129043,3836672
129363,3888922
22438,4090739
22271,4038165
134839,3902009
25881,3560601
22648,3985645
22413,3933071
16879,3931431
134711,3885771
134934,3868824
19016,3881460
19484,3788141
110077,3755315
18804,3986514
18878,3933990
19506,3934022
130992,3932595
25589,3586568
27376,3645786
121591,3561786
17012,3879109
74372,3885074
74658,3885081
99516,3584441
101296,3489271
22502,4038191
22341,3985617
22016,4038204
135611,3484985
123147,3727547
126439,3667850
81482,3603151
129679,3941050
132278,3887088
134232,3829573
105247,3468365
134267,3785044
86714,3661196
135385,3692729
108868,3701862
66819,3047799
127389,3752661
95282,3603665
135269,3640232
108008,3572397
22063,4090750
134809,3851949
134895,3842587
132553,3834770
133811,3833199
22580,3828000
22962,3866542
115373,3597527
132861,3782858
22629,3775477
127082,3700358
127506,3752704
84338,3607411
65316,2997908
74260,3832506
80748,3813381
80747,3760807
108839,3693201
110035,3754436
112848,3661203
98044,3586932
72412,3761721
72376,3709147
982,5053748
22135,4143296
16892,3984001
16654,3826654
86009,3556052
90472,3383608
130742,3929124
131111,3880869
99142,3593988
101067,3532816
84852,3538572
85384,3527689
91337,3433636
22207,4143289
80001,3813361
80002,3760787
65967,3107584
65877,3055010
133617,3782332
133833,3831558
16902,4036574
16931,4036574
88250,3492308
72264,3656577
72811,3761721
24082,3746516
66105,3170415
66099,3117841
126044,3720350
127003,3655768
135495,3588821
97569,3607060
134127,3780986
73891,3834330
73749,3781756
135609,3537109
92362,3527586
92940,3569479
93860,3573864
134719,3837538
984,5106322
74308,3832511
119009,3523462
22273,4090739
134163,3734558
79624,3918489
79623,3865915
129829,3888906
84851,3578108
120329,3517743
71917,3604293
71777,3551719
86997,3511759
82530,3611524
92561,3580160
135181,3691465
22343,4038191
130163,3862725
107185,3532903
128696,3784553
1012,4948673
1046,4896125
87172,3459787
98873,3571285
100789,3542218
8114,4113305
23507,3766802
134859,3832960
81260,3760831
80862,3708259
81298,3813405
66091,3143487
108476,3601993
135642,3484815
109839,3741623
110285,3794197
111567,3747625
112114,3734196
101843,3385124
786,5315948
98009,3564912
133335,3730830
22415,3985645
25394,3614455
135707,3432637
130562,3925100
93374,3556678
94946,3606743
129281,3635154
72072,3604011
72651,3709151
1082,4843720
135039,3742014
134977,3791893
135152,3742179
57407,3356991
104142,3427805
92364,3580160
134861,3780839
18341,3733479
80861,3655689
133940,3730104
108687,3651054
88530,3408415
89967,3326975
91907,3321336
132073,3885867
133957,3683991
134177,3715041
66397,3117830
135167,3691602
101161,3392728
104091,3398603
125700,3772871
126631,3772869
149879,3111800
24100,3705185
67462,2916269
130182,3825596
130505,3873234
23924,3714459
110801,3650250
17638,4039086
17637,4085484
76116,3832796
127964,3804476
100535,3548293
82016,3598825
116797,3551173
80766,3708235
17884,4007578
73737,3729184
135235,3639279
128358,3784751
128690,3758406
17911,4060096
134989,3739756
109386,3569762
135899,3380207
135109,3689850
18791,4032912
97385,3573447
85546,3541909
12050,4060759
88828,3429845
131361,3834548
72595,3707994
145677,3062913
91585,3483591
92273,3527969
62172,3166267
62288,3135989
24113,3661962
130320,3829538
62127,3182921
62126,3185382
151710,3155372
62338,3141509
62450,3145965
3652,4587935
3891,4587919
131833,3836619
28664,3652101
29155,3550808
75337,3768440
19444,3986552
133767,3678623
40158,3482268
125422,3825380
126115,3825399
61082,3184728
150797,3
150781,2
150782,3
8406,4298507
8984,4298507
79681,3813343
138334,3471923
138332,3419349
12564,4113333
126323,3825393
127223,3793345
91588,3536113
112314,3713710
98113,3570624
66085,3129565
77058,3873545
76162,3821006
77238,3873737
112315,3766284
133807,3632820
73035,3813002
72750,3760428
101837,3497869
101291,3445296
101399,3474626
131412,3784945
86110,3504828
79605,3865905
92797,3515818
94321,3557047
111377,3803436
111378,3750862
98621,3609105
112856,3532064
79606,3918479
79697,3918471
112176,3675495
135582,3536565
94432,3592513
95801,3592492
73120,3865482
72840,3812908
118129,3501166
130339,3781037
125783,3877908
138439,3462506
138440,3409932
23046,3813991
54905,3308550
24474,3623449
66385,3104591
134760,3728543
73203,3917968
72944,3865394
28201,3728122
28202,3675548
62235,3104722
76368,3873580
80399,3971045
62236,3130751
151711,3098529
116047,3564778
84979,3605826
17772,3971092
124996,3877847
17818,4023610
126515,3877890
126955,3845850
127807,3778635
62277,3096162
132860,3627356
88159,3481354
89618,3378114
107851,3520522
110464,3565942
86230,3519862
134323,3712196
129940,3777383
100203,3398250
73302,3970437
73040,3917863
97459,3610870
99013,3646740
28008,3603134
31495,3498707
132905,3581620
57845,3365835
79795,3971041
75482,3815985
126191,3930243
135351,3588062
111770,3708634
135467,3536194
100979,3450818
60916,3137665
129094,3721108
136130,3240740
73393,4021822
73140,3969248
136069,3322580
106635,3490936
85744,3559543
24851,3599069
60684,3183493
60815,3160627
19976,216
134645,3685867
95094,3557282
96409,3599451
125857,3930402
91830,3530674
88495,3527460
63216,3130161
125537,3930223
73501,4072557
73236,4019983
124826,3930069
97813,3632145
99571,3604539
129899,3725107
18849,3986514
60385,3122582
63208,3078166
100019,3552200
61109,3105307
142830,3173879
24221,3722980
126567,3897981
127297,3865762
129600,3676349
16633,3782433
143769,3190427
143988,3254627
127439,3830970
128269,3740168
66053,3091612
138164,3401841
138404,3430527
18678,4036215
63207,3051976
138406,3483101
138444,3462506
138464,3357485
138468,3378136
138514,3305171
138516,3305102
138584,3252716
93815,3472742
138578,3252708
18722,4032916
19439,4039076
82696,3627516
60358,3168614
63289,3152336
135803,3432029
93966,3516097
131203,3732946
126285,3950483
72358,3656216
111472,3670148
115753,3595445
60978,3115698
16458,3730132
16991,3834933
126023,3950454
130655,3733041
135915,3375150
136127,3274550
124604,3961443
125281,3982577
85079,3602034
98407,3590038
66381,3078152
110762,3597762
127035,3883301
134865,3636301
135507,3483727
97025,3568930
95946,3567392
60919,3139214
79797,4023615
80482,4023615
128797,3687671
129741,3608147
72468,3760767
91832,3583248
92484,3478421
127589,3844784
86312,3545352
61048,3084524
135313,3535075
128001,3792289
34777,3531783
34571,3536595
36282,3487084
17057,3887348
130712,3628319
72592,3813245
109639,3515328
137996,3503446
137994,3450872
94653,3516205
131019,3680712
33356,3518470
120413,3504382
121077,3592063
86885,3560484
88787,3475461
137944,3520493
137940,3467919
105614,3438455
127323,3817700
28038,3649187
90123,3327019
90320,3274838
125723,4002780
126481,3935779
19314,4085478
59804,3168171
124947,4013952
124380,3937213
72696,3865722
136450,3443970
136386,3391396
98769,3537645
17767,3939865
111748,3637081
135916,3427724
91714,3278997
81406,3703938
81405,3651364
114623,3579756
72808,3917828
127229,3858381
91959,3212626
111626,3584571
128699,3660206
131057,3570085
60725,3169510
61003,3146269
96601,3547978
134643,3687552
135199,3585963
66367,3130703
137886,3532224
137885,3479650
135963,3427724
99021,3368415
90693,3312776
82876,3613981
92486,3530995
93394,3425934
19483,3831851
19602,3924579
127755,3765207
128541,3739793
80920,3726513
80919,3673939
77237,3926311
72928,3969231
105533,3408902
27124,3698334
57971,3313271
59619,3243800
150735,3784300
150738,3784300
70042,3525841
70041,3525841
126223,3988091
127007,3910852
125491,4013755
85920,3566844
87958,3508348
95303,3532020
124210,3884714
124753,3989725
138472,3356716
73016,4019976
73454,4068943
71691,3499325
61590,3051847
138432,3346615
72021,3656271
80406,3779083
80405,3726509
60595,3195871
60953,3174119
72335,3708648
77144,3821171
66811,3100348
93989,3472856
87586,3523769
66359,3170365
72165,3708686
17809,3992383
116739,3536767
119722,3483682
135867,3903880
135837,3851319
135883,3956425
135923,3956454
136362,3339059
136389,3428657
28358,3649633
73315,4113878
73922,4121517
89237,3423409
119800,3470250
79239,3817830
79223,3765256
126671,3949652
123876,3832188
124559,3937234
60335,3220309
125095,3961263
125945,4002473
61227,3125721
128223,3712714
72302,3708645
18663,4030609
121631,3697207
121307,3644633
96229,3513245
98451,3506264
117902,3472692
135403,3587550
121321,3697207
143517,3178475
144120,3177481
63288,3128791
132032,3576023
59673,3143588
72406,3761123
39008,3425545
121079,3644637
92286,3373697
136474,3481231
66797,3132928
132126,3530322
133823,3633738
135677,3484492
75397,3861976
66345,3158070
90164,3353041
91725,3313415
72524,3813603
31989,3530162
31514,3514143
31638,3526218
25393,3653851
94603,3490760
20008,3811782
124911,3908772
125633,3949981
126403,3969992
123555,3779674
124709,3856272
82060,3592508
138272,3332209
135293,3639336
135471,3588136
136397,3432527
109009,3489574
59789,3193876
60348,3272788
134453,3714509
134792,3730506
72636,3866008
111079,3489787
122767,3779923
16247,3833951
16371,3798887
135785,3798755
135851,3903878
59861,3296374
88907,3456401
60544,3255553
60650,3234915
60738,3272321
147165,3095616
84991,3593832
87156,3529697
71566,3447419
39629,3432367
71619,3447055
73212,4068939
73664,4156508
39482,3432000
135559,3536596
72732,3917931
60932,3246538
61102,3218850
135179,3638404
82192,3607824
66771,3121105
136480,3441314
137678,3432937
77889,3820685
95817,3474921
97968,3471664
26997,3908604
26901,3856030
60862,3246344
137798,3427146
137831,3415247
137986,3532224
34263,3528233
135147,3690830
81017,3660363
138252,3349534
151401,3461176
72844,3969339
126163,3917499
16391,3766941
18456,3685640
125429,3897490
7099,4921495
7100,4868921
18711,4039940
60360,3290955
75398,3914550
75399,3886983
72070,3656286
117523,3486691
119201,3434658
134924,3753166
84501,3638461
85373,3595095
135561,3589022
58047,3265495
59635,3191681
116108,3507213
80408,3779083
107920,3438497
124371,3772042
18560,4083177
20003,3746169
72180,3708764
130862,3622545
131969,3524441
670,5368536
18559,4092508
19299,4092502
60226,3326893
60504,3272276
83047,3635551
84560,3666793
59570,3458750
59555,3406176
122567,3790600
123239,3811662
107859,3403406
127047,3694814
135117,3742500
135255,3734671
134251,3699842
88115,3472520
59488,3353604
72296,3761246
135869,3956412
135695,3746199
135807,3851312
73666,4209082
73810,4153223
125027,3844990
125883,3865007
58057,3214059
59361,3406176
59566,3301038
82262,3610125
135597,3589215
135628,3536950
98077,3337756
100927,3392751
134997,3708022
135088,3769740
71945,3603871
69505,3576086
69506,3523512
135857,3903870
39024,3422339
136460,3422255
136153,3190360
72404,3813727
66335,3124345
56871,3164946
59691,3195928
59832,3246248
60004,3287578
60328,3309550
136132,3224188
95219,3468946
97602,3433434
59362,3458750
65787,2994025
39525,3451435
75600,3900274
77127,3864018
16335,3811349
16411,3819417
72496,3866136
73767,4109929
74320,4109929
83210,3669507
122411,3751435
122947,3843013
90163,3405615
90497,3368052
136403,3395415
123571,3813972
39063,3416388
94037,3426187
61187,3178171
61537,3101821
133571,3587494
134003,3636563
130354,3675062
131207,3577611
80018,3712686
136131,3173558
16469,3854951
134133,3649640
134337,3653682
60176,3293723
59661,3248489
125587,3812505
72759,4021893
73380,4021913
59429,3248369
59833,3237027
66327,3104975
136208,3176800
19141,4145070
119648,3461061
36624,3792820
36506,3740254
36636,3792820
36672,3740252
83082,3609646
66759,3087547
71877,3551501
64122,3114731
61416,3142558
134954,3194083
136187,3212211
73768,4162503
74265,4057462
124063,3781843
125269,3759996
77130,3916592
135015,3758158
135175,3755494
59442,3300930
119731,3447625
120890,3504803
138202,3314462
138201,3261888
138258,3314332
77892,3873259
94223,3321119
36505,3740254
16607,3896649
122275,3707113
122735,3803921
74403,4162503
80348,3764657
59922,3275516
15957,3850989
26902,3908604
26906,3803460
123399,3787609
94304,3500110
94303,3447536
123231,3835402
71550,3452594
137742,3427106
135645,3693651
135731,3798755
71582,3452273
118821,3424433
119823,3492593
66321,3063818
109486,3440841
112275,3500705
71972,3580380
58729,3300636
84922,3644548
71549,3505168
95473,3433896
36545,3687686
132029,3478683
133096,3533636
113654,3534709
135585,3641129
92090,3262403
71526,3442476
71944,3556537
72194,3632015
119047,3469953
120429,3524236
35994,3530012
26908,3856034
26952,3750894
72675,3970618
73414,4074457
135815,3851308
135539,3692664
122919,3792921
117755,3448582
130739,3630134
131621,3531798
135461,3744402
135283,3771794
135341,3772577
135139,3709319
79224,3817830
94889,3421429
97143,3393556
134201,3602323
66749,3037530
132401,3432067
60809,3210143
122051,3661784
122562,3759534
61144,3170509
114080,3548616
115687,3553404
134963,3658392
66315,3011289
123761,3739430
133349,3536277
135833,3903852
134263,3552747
87634,3478647
63211,3029700
135505,3746209
135657,3746208
64267,3029887
68799,3706966
68800,3654392
83538,3657195
72628,3918690
73190,4023192
135431,3720539
72066,3608067
72672,3684589
135749,3798756
36696,3687686
134898,3607352
74213,4005076
74214,3952502
123171,3747090
74229,4004985
36555,3635120
38400,3740260
135286,3759417
117167,3461444
118739,3398963
26939,3754296
74230,4057559
120054,3629360
119930,3681924
119929,3681926
120400,3576792
132137,3484507
133597,3384171
69484,3601820
125583,3715896
135777,3851300
66731,2984999
16609,3949223
16709,3890601
72854,3971264
97059,3300984
99927,3390046
122676,3762728
134509,3604210
123531,3694551
131133,3584287
136495,3396453
122902,3750202
130084,3727474
130679,3678989
135673,3798763
91133,3374751
91349,3329578
133422,3486237
58730,3353210
59182,3329133
69483,3549250
69724,3470951
134599,3656657
134767,3555527
135005,3608198
122419,3713819
136396,3343104
93950,3282531
94716,3261587
66298,2997541
121877,3610311
136417,3344124
69446,3547211
69458,3468777
70622,3469267
94040,3478761
36073,3582562
102455,3371651
92281,3237596
94645,3213652
74189,3994040
74190,3941466
94621,3393865
91987,3289529
124797,3692406
65399,3002510
136352,3286681
136304,3281641
136357,3290756
26940,3806870
27122,3701736
120243,3629359
56858,3301421
134713,3605194
70587,3521835
71056,3462485
73333,4127025
73540,4127031
135316,3707335
134873,3556130
134939,3556239
123196,3700605
120065,3734489
2558,4850767
2557,4798193
120843,3554776
123350,3648061
86999,3480790
68663,2973949
67410,2921375
66714,2945208
2559,4745621
71025,3515037
130491,3731399
129888,3779739
136246,3229234
136309,3286702
112459,3500075
69209,3518967
120419,3629358
60049,3258255
71523,3504541
71924,3504460
71236,3456106
131553,3536952
132525,3536968
135563,3798766
135691,3851305
56840,3234298
135449,3798770
2783,4693057
2779,4640483
130967,3633526
71859,3556685
122843,3701103
16670,3935312
17517,3845347
60376,3222132
31625,3500098
74173,3905162
75554,3889249
121683,3558197
122215,3662141
94622,3446439
96398,3341344
136259,3258047
80349,3817231
80414,3783536
91262,3335930
72104,3658959
134170,3500882
135591,3851312
91839,3342095
111606,3484801
72077,3659923
72482,3708434
136236,3181744
134829,3503665
74174,3957736
73334,4179597
73759,4179599
123510,3595812
121515,3517371
136224,3241887
66300,3050115
66580,2972078
138154,3209369
130781,3685951
32984,3545458
106793,3436338
109435,3405513
91840,3394665
91992,3394665
129716,3831798
130303,3832230
130663,3735055
85475,3581136
33544,3536966
60197,3242815
135331,3851340
135491,3851324
31021,3484364
32973,3530707
74126,3908952
75495,3866418
119360,3627657
119206,3575083
120209,3681924
121416,3545943
134825,3451396
122621,3544576
124534,3646925
114390,3522217
66582,3024652
135265,3658529
82143,3766548
82144,3713974
92531,3256056
137762,3415179
137874,3398084
132053,3589420
132953,3489071
138104,3366835
138103,3314261
70243,3574407
70590,3574409
74125,3961526
131265,3587097
130477,3787358
133662,3436338
34122,3533236
35908,3513791
72374,3760109
73312,3756019
70244,3626981
115164,3520765
133738,3488737
133956,3500985
134162,3451260
135093,3607575
135019,3556222
135190,3607575
66716,2997782
92148,3447239
70999,3567589
71341,3567611
122569,3649408
119626,3680225
119625,3627651
122029,3609963
121516,3506002
138024,3419067
138023,3366493
74108,3899273
74454,3961526
131091,3639503
130047,3835731
129464,3822675
134969,3503830
73729,4232171
33012,3563731
33204,3544584
119088,3522515
81180,3818632
81179,3766058
119572,3575083
120129,3681925
135922,3473877
135672,3421315
135933,3526451
136008,3473876
92534,3307935
94357,3243338
80415,3836110
80564,3784189
74107,3951847
130647,3741408
127949,3702428
19143,4197644
86594,3479652
88840,3533364
83666,3626472
116134,3425333
125451,3744896
133299,3436625
134561,3335181
27217,3702932
113587,3483804
117248,3374084
74075,3851872
74882,3951847
135332,3903906
135357,3903894
132461,3541541
118575,3446062
138115,3261779
131947,3589372
98787,3352625
998,4895486
1150,4844236
1195,4792101
75319,3815304
138236,3156928
95757,3262720
121415,3526258
85581,3531250
130449,3790375
130945,3691757
129853,3856964
118463,3400510
120132,3734499
129306,3771012
122367,3597120
92788,3315739
74076,3904446
27753,3655682
137756,3479680
54977,3296924
55588,3309850
37668,3396174
39567,3468955
122384,3493175
100785,3333377
103229,3345245
70949,3620141
71295,3620163
37590,3410134
74046,3799433
74855,3904446
138041,3313999
73263,3803509
119777,3627657
8113,4165879
91896,3447239
123217,3512874
131734,3641755
75124,3828808
75385,3789619
55667,3279898
137776,3398013
138009,3364785
124255,3633106
72288,3710831
73176,3807605
134744,3399002
67350,2912979
124994,3732010
126027,3732034
130765,3743640
69016,3466405
128988,3718502
129681,3823387
132191,3641877
95434,3288961
130233,3841819
132919,3489088
133721,3489135
71477,3519314
80565,3836763
80692,3756951
72031,3608494
83854,3623581
86850,3464713
110952,3442599
134294,3399039
131981,3694264
132385,3593987
27219,3755506
74194,3830217
74068,3845554
24168,3722516
24411,3670639
136365,3291742
40852,3484758
127689,3714271
128637,3666021
24626,3657675
92253,3368309
93404,3317671
110877,3404555
135935,3473886
135936,3421312
57261,3361674
56781,3309302
57334,3414036
57891,3365697
56784,3284561
131460,3693993
71997,3647561
72267,3660150
15701,3878006
16559,3893979
24498,3599832
24729,3602640
70925,3672690
71281,3672715
130619,3792597
75252,3805186
75630,3760595
132175,3646416
138004,3209253
138816,3104608
40800,3460623
129449,3770938
130013,3857462
134616,3346581
123877,3581903
124757,3685564
64272,3094850
34124,3585810
35360,3508855
72742,3763405
125641,3709897
126601,3709318
115860,3476207
64771,3073547
85392,3581434
56092,3294515
132563,3541523
72212,3698608
55808,3265353
137976,3261655
133723,3541709
134011,3541582
92254,3420883
64772,3046848
56841,3254532
136007,3526450
84432,3626643
85557,3633205
132063,3696632
75573,3779347
80744,3737515
136252,3234173
101747,3305841
105437,3395332
71893,3623764
75419,3807337
137778,3364544
132393,3593917
56872,3174968
56035,3204460
106447,3446396
107967,3439399
82282,3661413
64758,3025686
131290,3745933
131863,3746502
131909,3748908
117631,3375564
127233,3668704
128189,3766785
92366,3420883
1779,4951267
1675,4898693
135889,3421323
135890,3368749
75233,3885543
75234,3832969
75513,3787054
64757,3017901
94534,3277326
94959,3316687
130419,3808449
130209,3774552
73129,3844243
72156,3676022
73014,3748814
28551,3708256
119075,3498533
119384,3656103
119383,3603529
65202,3065376
73116,3850739
73115,3798165
73937,3865114
75169,3855469
84550,3679202
91079,3427765
91080,3375191
130063,3620942
126277,3671807
137844,3313820
124467,3634358
125353,3662381
123591,3530567
134894,3296494
131510,3798440
70859,3697316
71261,3725264
71439,3522448
71834,3571581
54452,3263266
75017,3777192
75778,3839616
132713,3541501
133871,3593965
134459,3594156
73880,3905729
73879,3853155
132221,3646264
123304,3478958
131977,3698776
2773,4693051
83097,3596437
73799,3865280
80798,3704411
131116,3795476
65663,3014407
93406,3370245
92979,3288918
56809,3361605
57458,3417730
91416,3335687
54465,3173160
134837,3285319
75687,3892174
76488,3892190
142458,3193883
142832,3161604
136511,3370349
131848,3750856
127973,3770964
128621,3771081
24461,3645299
135765,3368761
135766,3316187
113233,3479168
75106,3917514
75105,3864940
36595,3635132
119021,3603665
119022,3551091
24730,3590229
83571,3571176
106133,3454845
107586,3450846
72622,3624035
56013,3256805
95060,3247732
136223,3294461
72576,3728596
24464,3697177
24845,3641603
131592,3800879
61980,3069796
75046,3853312
136220,3227026
126925,3621184
55472,3267900
55747,3250738
115165,3442246
132008,3698336
132543,3593877
136316,3239345
136371,3344223
125927,3623883
124929,3611051
24167,3769736
124219,3583043
131431,3850795
61827,3139969
130950,3811557
131319,3847982
135670,3368751
95286,3245341
95772,3235560
111490,3429068
135669,3421325
57426,3440867
57850,3345781
133697,3646189
134193,3646539
135631,3329133
135632,3276559
128403,3823619
128957,3726083
85795,3675573
136284,3238246
136345,3239199
130501,3725724
119321,3550957
75565,3882312
76200,3944748
127783,3723819
128285,3823504
70815,3644779
71243,3749890
134953,3245494
74975,3830112
111433,3388156
98983,3246834
71361,3509523
72424,3574913
137963,3261543
118294,3761366
118293,3708792
70264,3521685
69756,3495006
70154,3493606
118812,3603657
118992,3603655
1409,4898705
1359,4846131
134920,3234712
94755,3236557
131165,3864069
108543,3439030
136295,3290820
98880,3210511
59436,3294356
132423,3646141
94564,3232284
131871,3750124
132342,3698394
135782,3263637
133129,3750635
132871,3698061
105823,3461794
73234,3798479
130755,3777954
128661,3778621
129219,3680199
131499,3800733
87488,3451040
89432,3449749
80774,3790079
130219,3673352
128059,3776362
126519,3571502
136211,3234116
136205,3185909
75283,3829750
76015,3918348
95023,3235376
125579,3572499
73747,3896127
73701,3927014
73702,3874440
124675,3559625
24625,3657202
131341,3848484
120141,3526571
134919,3183576
135476,3246210
124324,3455400
127455,3675916
135971,3359110
135715,3350862
135959,3411534
136039,3324517
56845,3372737
128515,3827383
74889,3910076
74890,3857502
137979,3313909
35828,3488198
136029,3376909
136109,3286530
90295,3320187
80775,3842653
33193,3530149
128949,3732735
129479,3627693
129624,3172926
135451,3235765
137837,3366237
136111,3314990
73677,3822394
131235,3864333
133971,3698763
128275,3779941
60429,3196768
61072,3223072
61091,3223072
80842,3842649
81526,3842653
112674,3440644
118435,3656222
118454,3708791
136183,3238266
137724,3417024
137790,3416919
124233,3495578
98982,3217880
55832,3248561
132167,3750182
137632,3469592
137725,3469282
85386,3728708
85385,3676134
131541,3798340
13114,3916289
55773,3233951
131081,3830360
108154,3451776
110475,3432914
112907,3349295
72639,3676607
73275,3729181
137631,3522166
137633,3521850
98879,3184165
129855,3575168
118745,3656224
105597,3446164
128781,3781959
34914,3527366
128131,3778711
74828,3884971
74827,3832397
26142,3575410
507,1
508,1
73872,3884048
75773,3865786
76644,3970922
17242,3897917
17667,3793017
129301,3680212
94827,3264937
95299,3231368
57218,3425218
56961,3425227
55842,3215619
13166,3917573
15873,3930576
89719,3502323
57089,3425199
57656,3493441
36683,3687705
36639,3687705
60840,3275451
127911,3728414
16669,3987886
32111,3495356
34885,3513227
128573,3734088
72579,3675111
130837,3627505
127175,3623931
126193,3520093
73646,3874227
73645,3821653
125249,3521038
136523,3369621
71787,3614493
71720,3561976
72400,3627323
93099,3237299
35246,3551351
74946,3805017
65815,3060154
80844,3895223
81149,3895223
55912,3267944
134950,3445825
134770,3393251
73807,3846718
128457,3733012
91985,3551694
91805,3499120
55803,3201020
70775,3592227
71205,3697353
135500,3298680
135824,3403297
95995,3209342
132373,3748146
94003,3288243
74871,3751059
131345,3784371
131971,3798396
53890,3259953
128197,3682112
55601,3203790
55865,3188113
73763,3808607
74136,3845503
129121,3526638
107205,3475036
72494,3701558
73222,3727685
77012,3891801
76759,3839227
128993,3631738
128657,3684252
136375,3344105
91274,3551674
92210,3446566
128437,3634462
104921,3445297
55425,3159553
125837,3468592
126889,3572500
65394,3001020
56016,3320193
116853,3343106
119155,3428003
125478,3416799
127747,3577591
108200,3456885
131921,3765573
95902,3261794
74084,3820970
74302,3820634
131841,3732091
60637,3301392
18021,3747306
18843,3838512
107893,3467954
110098,3449326
74698,3794207
73705,3785251
74751,3714069
76656,3786669
77721,3885916
77309,3833344
78581,3938490
129985,3579038
131443,3679862
60554,3248830
135547,3392940
72383,3677673
123839,3501650
125379,3466231
128691,3581964
119968,3652056
119804,3599482
57594,3381996
54029,3157381
55977,3141231
95901,3314368
96590,3314203
91912,3446564
92832,3394015
85511,3649012
119898,3494346
120449,3579115
72089,3666895
71936,3614321
74251,3794633
119803,3652056
73673,3760199
74043,3807456
123781,3729471
123782,3676897
72238,3663578
136083,3413038
136084,3360464
137635,3574424
137786,3467475
72630,3726382
70739,3539675
71183,3644801
137730,3521856
134322,3398713
135042,3340719
137583,3484930
91066,3604246
91065,3604249
16575,3946553
35638,3540759
36408,3444874
89674,3397998
119705,3599486
119706,3546912
126485,3521010
72444,3710680
72832,3772981
127377,3526047
128231,3529903
73627,3785298
74464,3733936
24927,3672828
25821,3629142
123576,3624331
122614,3729463
80984,3792292
80983,3739718
100233,3263444
16134,3983150
74217,3781692
74629,3766065
128405,3529436
112954,3397416
65814,3011211
114250,3398124
107605,3477247
108697,3520528
116784,3342179
74625,3664009
76521,3766643
87490,3503614
89342,3399422
123575,3676905
72678,3756170
73048,3769710
91562,3499118
92299,3394007
92403,3341458
92992,3446589
132551,3800720
120403,3631663
121299,3631689
123476,3519209
124698,3470086
91087,3551677
73484,3784251
74116,3837872
136527,3342601
82638,3614061
83709,3544258
104643,3497790
106591,3452233
80986,3792292
81077,3687148
135479,3288242
96591,3366777
97334,3365609
137442,3589961
137428,3537387
893,5104172
894,5051598
86099,3701586
24273,3656354
74539,3754566
135228,3288170
119763,3684221
120375,3684223
72872,3733514
123373,3571765
93071,3302105
94763,3340621
135687,3444785
135955,3420866
120223,3736784
121245,3736786
74556,3716323
135361,3340652
128755,3476959
130195,3631455
127957,3477916
127119,3474460
82054,3656525
83017,3586727
122613,3676897
92080,3446561
127160,3370005
119194,3533143
119193,3480569
136446,3290184
84523,3596771
136381,3291704
107365,3479918
108396,3529821
119303,3441918
71308,3457196
82217,3658128
77095,3780776
111782,3400983
114515,3301696
74241,3645652
76881,3681646
71722,3614550
125685,3438079
70680,3487123
71133,3592249
104441,3506246
105516,3550364
71698,3561965
134774,3393078
91090,3604251
91787,3499121
122723,3729471
78364,3885918
123168,3624331
137425,3484817
137532,3589961
119645,3585713
119481,3533139
106873,3557126
106874,3504552
2461,5056403
1941,5003829
120049,3736781
120648,3789346
123478,3485644
73682,3760776
90229,3370744
92017,3291756
84564,3649343
137584,3537504
96516,3392503
98146,3389571
137337,3436759
137577,3501285
80572,3658806
59336,3345132
74276,3683044
123167,3676905
15875,3983150
72036,3611200
90468,3423316
118276,3605767
118075,3553193
125358,3423643
127043,3422423
128471,3425435
129377,3529435
127595,3426283
109217,3481719
895,5104172
73432,3853191
73224,3800617
123740,3436281
118510,3513335
118077,3460765
118684,3565903
123554,3590786
123527,3538212
61127,3122210
84097,3514900
73374,3762144
73848,3723210
80571,3711380
80644,3621624
109709,3514436
109710,3461862
93742,3354715
95509,3393019
135239,3393009
72242,3658335
56756,3334125
60616,3268037
119482,3585713
104139,3487273
105200,3558820
90934,3475890
119764,3736787
24409,3715446
60731,3321195
110698,3420857
115658,3297916
133970,3393920
81131,3658806
82485,3628726
72472,3703800
136306,3237725
73570,3709732
74088,3684108
92121,3240270
118686,3618477
118583,3513333
77089,3733131
136216,3187094
136141,3290688
136201,3239385
136146,3317629
115742,3298821
117459,3395583
136107,3342971
120269,3789343
121020,3789345
117681,3553193
117822,3500623
136088,3388418
136871,3339483
136809,3287179
136873,3388368
136999,3388373
136031,3405271
129861,3581829
135953,3440862
137379,3487089
137416,3539663
137433,3519437
77611,3785705
129379,3582009
72684,3681127
73082,3786077
135030,3340529
128161,3373796
91790,3551695
92163,3551695
73692,3631871
68934,3452370
60828,3373769
109437,3525317
109438,3472743
61830,3192543
61879,3122133
102164,3213177
125572,3389218
97920,3442095
98932,3350937
81330,3629004
88722,3368712
57315,3372656
119851,3789350
123619,3590786
87919,3471570
87920,3524144
87922,3524144
87962,3419000
18342,3699335
84788,3701917
60733,3295816
102067,3165738
103883,3471022
105917,3464023
61376,3227049
61375,3174475
94234,3429452
96211,3412522
73084,3838651
73974,3630660
135049,3369520
135601,3445082
54030,3177159
117682,3605767
106497,3558257
106498,3505683
80970,3571458
71201,3473328
124450,3341050
126584,3411468
53889,3278351
71233,3454788
71414,3509584
74482,3750796
74364,3698222
106725,3454561
120116,3841905
123713,3590786
109425,3434461
71407,3562066
127864,3321819
92027,3306299
93132,3330841
137598,3537504
118563,3565908
118457,3513334
33123,3477959
35237,3553630
60730,3243254
137465,3519448
92101,3334205
35482,3583944
35642,3593313
129864,3634403
143520,3164730
120046,3841909
126001,3500476
126002,3447902
108529,3452280
97654,3469884
98649,3403449
142668,3148128
119220,3400976
142457,3161253
136370,3234896
136811,3337862
127261,3393053
119165,3506112
119139,3453538
134399,3398686
74040,3593721
76549,3629948
77949,3734220
117387,3448123
117669,3448057
118806,3506104
97332,3444215
124598,3547259
124597,3494685
120047,3894483
69180,3493019
69132,3489386
69581,3494774
24943,3665029
100378,3298971
114588,3348962
106238,3563683
106237,3511109
85848,3521186
85847,3468612
135653,3475259
116932,3500674
117514,3500676
70551,3517522
71107,3491820
18500,3663810
74206,3646291
118615,3356248
103661,3421039
104576,3523596
900,4999028
53552,3295215
127172,3445623
127785,3342642
137091,3697537
137092,3644963
60792,3215413
17241,3950491
102613,3263619
137079,3644963
137239,3592393
94804,3464130
125639,3395330
124305,3442115
124735,3547259
121370,3279712
119020,3227145
121838,3267710
1151,4896810
53579,3195927
69407,3594448
69352,3541874
23744,3649825
35458,3603907
61947,3174595
127171,3498197
127451,3498197
116576,3553224
116934,3553248
117102,3553235
98418,3454766
60636,3242572
83167,3557084
107254,3558257
135944,3451446
145639,3066023
108901,3529354
108902,3476780
118769,3611248
118682,3558674
117771,3452600
73642,3657231
69560,3646890
69510,3594316
35381,3606181
35405,3606186
53366,3293535
129340,3272930
91201,3294211
133786,3380570
71186,3484114
136256,3186790
118681,3611248
99115,3456006
124306,3494689
94056,3407143
125892,3391326
69668,3701363
69638,3648789
136163,3291794
136247,3238644
912,4998390
949,4947048
117597,3505162
117995,3408203
63856,3054577
90580,3241787
124182,3389549
71612,3719736
71611,3667162
136170,3291041
136144,3317662
136117,3343879
136082,3383043
133394,3360595
131374,3360652
132646,3308094
53439,3212766
103373,3368642
104384,3473613
136035,3417731
128373,3312244
116873,3605785
65789,3022728
4642,4640491
23502,3632992
35664,3549989
151039,3647982
136963,3491405
136947,3438831
116310,3605782
113504,3257004
115599,3252369
134777,3346089
73944,3592600
135377,3421549
51992,3257318
53367,3329124
98082,3468894
13113,3968863
35672,3497428
106977,3563683
145629,3079675
118808,3558678
84221,3480930
81396,3586532
134706,3373013
93401,3439304
92689,3386730
86923,3417061
84245,3466607
86965,3469588
88675,3367184
53440,3237095
52026,3227683
131373,3413226
93295,3435740
67371,2876922
992,4948058
98784,3507316
99627,3404025
69606,3645383
70090,3647377
87477,3522162
70086,3630647
70293,3699951
35649,3488524
15248,3936159
14570,3883585
60866,3229355
4644,4693065
111944,3357459
61499,3203287
125640,3447904
117598,3557728
117765,3557730
103097,3316108
104130,3421216
137638,3502492
73853,3541737
35411,3633789
134120,3328121
73350,3983321
73349,3930747
85549,3522008
87093,3522094
58979,3388183
94416,3480253
70538,3525660
108755,3445329
139412,3090149
73714,3540441
117267,3553226
112150,3341435
112502,3309387
68904,3427773
1198,4792617
76095,3682520
76096,3630449
35467,3604431
116876,3658359
128375,3364818
129099,3262692
100047,3351467
101042,3246558
116621,3710917
116551,3658343
70085,3683221
70083,3578099
35595,3522075
36387,3435973
105606,3547003
105605,3494429
61949,3227169
62029,3227019
73144,3719736
17243,3950491
71613,3614592
90921,3299840
116309,3658347
99182,3456003
93567,3508875
69133,3541960
134701,3373298
117917,3610304
98596,3480850
90999,3326931
108237,3534093
108238,3481519
69354,3594448
137340,3571887
137080,3697537
117732,3610298
107617,3415472
69511,3646890
66915,1
66916,1
90410,3371166
89816,3318592
35479,3564545
35534,3525116
76288,3577877
69568,3672925
116554,3710917
116847,3658344
125810,3342762
70079,3630514
126033,3443888
71403,3559688
72122,3667113
72124,3716449
73154,3719687
70080,3683088
71180,3480880
70074,3644067
104703,3340666
81160,3505084
124998,3292008
65980,2978852
132548,3275649
134534,3360953
85483,3563831
85591,3574578
125899,3496458
126945,3496458
91202,3346785
81062,3519400
99770,3403876
100739,3299065
105266,3498105
105265,3445531
116977,3710918
95876,3514979
117021,3605784
81168,3506858
84407,3519032
65985,3031677
66115,3006475
101956,3194101
129623,3223160
85885,3574475
98143,3481448
99566,3429651
92799,3439149
89357,3317191
70073,3696641
70067,3671695
70206,3615132
991,5000632
70208,3616986
70410,3585708
70401,3638265
70896,3533320
115933,3310411
73149,3769023
107981,3515188
107982,3462614
129498,3212505
137168,3542205
70889,3585875
90454,3268119
72126,3769023
71151,3474797
72128,3763609
137117,3576555
137118,3523981
92801,3491723
136280,3185279
18903,3885504
35548,3472563
106385,3547003
15823,3930833
22149,3869771
109737,3465243
116850,3710918
134652,3341212
125900,3549032
125931,3549032
129497,3160963
131352,3200313
126947,3549032
127279,3549032
119496,3215143
122429,3286803
12238,3951734
136273,3231747
136174,3343615
136152,3370236
136121,3396453
136056,3420667
136094,3435617
136058,3473241
136043,3470305
118396,3662872
62032,3279511
62067,3267592
126316,3140040
131295,3188224
94463,3565449
93959,3512875
12276,3952155
100456,3351503
104992,3445765
104991,3393191
102218,3208999
114674,3207391
115713,3253359
93455,3486685
97022,3517223
98762,3430009
115980,3415520
115979,3362959
116017,3468082
116218,3468082
71908,3664787
71905,3612213
116276,3520656
109221,3474652
110725,3489518
131562,3255542
70399,3661656
102149,3161171
102504,3259315
70881,3609274
73159,3810782
72905,3758222
73161,3825619
72923,3720530
72132,3764792
70037,3698650
69567,3725499
68878,3401069
69383,3480347
115457,3208343
73513,3983321
73257,3878181
73357,3878215
73259,3825649
73151,3773087
106105,3498105
93457,3539259
78614,3529733
81090,3523991
102024,3191126
106959,3155501
106179,3259908
116140,3520642
76240,3525704
100130,3377952
94835,3650832
94325,3598258
88325,3343026
90403,3266713
94909,3566434
96312,3541120
111853,3393947
113468,3324858
111854,3446521
84617,3545214
85035,3571606
81338,3559345
100704,3220631
116507,3573220
116508,3520646
70397,3632082
72136,3712269
72794,3817366
70873,3579702
78680,3535879
133234,3327902
101369,3230578
102792,3242718
116020,3520642
116337,3573206
126092,3242167
62151,3294382
106058,3254374
116517,3468082
134513,3425393
36177,3452122
37569,3401753
73854,3503857
74104,3526534
46946,3325742
66875,1
66876,1
136291,3182561
137285,3560065
136696,3354309
136815,3386366
136686,3337620
136765,3370151
97670,3416445
99336,3377933
83978,3648505
83216,3611835
84268,3597721
70038,3751224
70030,3669438
136287,3219192
72799,3764843
105807,3445765
72133,3659732
46951,3252401
94017,3514972
70869,3527241
71402,3507210
70394,3661026
72140,3607239
116237,3520643
118028,3186172
92985,3480435
94265,3567479
95827,3593476
111661,3498903
111662,3446329
69498,3660116
69497,3607542
72918,3668016
117733,3662872
83552,3664099
114776,3161587
115885,3260753
73541,3930789
112511,3446521
61557,3255861
99754,3325515
70029,3722012
70391,3620466
70212,3603501
70015,3655949
46588,3273656
74836,3509689
73999,3465124
107333,3364590
74831,3489869
116069,3415522
94267,3620053
78579,3545388
71132,3466824
72142,3554720
72432,3656635
70713,3579649
70871,3579815
71229,3449210
70710,3620545
94527,3595186
14300,3928201
14204,3971888
136556,3320174
90738,3281210
70389,3632785
108883,3456293
110211,3526277
110471,3573574
110472,3521000
72146,3547910
111443,3479326
73690,3513834
87389,3395590
86983,3416076
90771,3319057
91683,3377612
72914,3629821
73532,3720590
74818,3542333
75515,3523772
98168,3364342
78177,3568639
106531,3312304
12650,3998639
14286,3976374
133943,3445924
135544,3477489
116189,3415520
75518,3576340
76649,3541021
89718,3364484
88863,3311910
94529,3647760
94703,3589708
78138,3565964
59098,3302288
14543,3932192
68788,3373330
69103,3453534
102447,3295194
104182,3263264
76646,3593587
69089,3506103
69201,3505785
137081,3471515
69187,3558354
69375,3557101
137266,3525371
61977,3346757
62271,3285296
69361,3529582
90473,3241753
69501,3580229
69611,3633582
69609,3646893
89305,3260241
81604,3611736
112260,3498903
72892,3538847
73773,3490202
94705,3642282
66146,3000953
66456,2943071
70705,3632821
137960,3366179
138084,3366397
70385,3610106
73825,3437816
82930,3769238
82929,3716664
89513,3240688
90625,3266590
71212,3441581
71398,3471719
90707,3282382
72913,3682395
137312,3575559
70012,3672150
102448,3347768
72893,3577303
73566,3682395
48755,3247335
52494,3277907
115834,3313311
59175,3351031
59944,3397706
99980,3273079
94974,3615827
96249,3605830
100755,3257473
101885,3283152
94547,3587793
97504,3468005
108229,3360053
111156,3494108
82252,3716870
82251,3664296
108563,3410721
109659,3508867
137519,3607349
137430,3572180
137517,3555034
80412,3673706
78905,3621144
80670,3697744
89919,3259884
90489,3345194
90959,3371631
71385,3409217
149809,19
149759,13
134857,3760533
134858,3707959
70231,3577596
70227,3551273
66576,3010744
137083,3455227
136875,3438853
136954,3471535
72148,3509769
61812,3386335
62173,3337693
73533,3629877
98712,3311927
6745,4973946
6723,4921372
70708,3685395
70388,3584561
86984,3402334
88516,3364443
69595,3619956
70014,3724724
126315,3191696
102237,3322810
115482,3365877
115814,3365877
115916,3365879
137346,3540573
115669,3418445
85484,3568331
115481,3418443
112803,3432285
70418,3553618
137251,3490449
95490,3627634
96719,3558740
61742,3412258
61345,3359819
113228,3429952
113227,3377378
74415,3647477
74416,3594903
74418,3647477
131434,3203141
74811,3592182
25670,3618989
26073,3656969
136761,3402648
66697,1
66698,1
91408,3405346
92655,3428031
93721,3583195
93277,3530621
69088,3558675
69087,3558599
60992,3254863
97085,3520526
109411,3463295
84629,3533522
85575,3620905
131355,3190514
145630,3132214
110959,3501752
71131,3431971
130056,3167027
71207,3416333
137181,3437954
76638,3646155
77965,3646161
93791,3592999
114246,3274995
90227,3338775
91169,3397661
145518,3172070
130190,3168672
132453,3242895
93895,3635652
93427,3583078
126318,3161180
128116,3128821
62016,3390021
134942,3707955
135022,3655391
71210,3383938
71561,3409111
96000,3580522
80113,3750320
80114,3697746
136292,3166742
115671,3471011
101962,3309985
103456,3343987
115992,3418451
94097,3648580
93573,3596006
84106,3517059
84010,3649296
103455,3396561
112994,3482375
112993,3429801
70617,3561896
70592,3509322
92143,3430738
88117,3350592
99494,3245623
35576,3476744
35602,3456923
24240,3755446
24239,3708777
24141,3793476
83895,3670133
99622,3270295
101961,3362559
107955,3359329
110135,3353072
114374,3222714
7417,4711440
7414,4658866
26133,3607042
27864,3561958
62471,3257035
90045,3312312
90958,3391250
120284,3200230
110625,3508559
110626,3455985
24562,3609408
97015,3544603
114146,3114763
113711,3429952
6549,4973933
6511,4921381
135337,3602827
6714,4868820
71246,3360735
37641,3383966
40384,3397682
137516,3521667
137754,3555066
137642,3469135
104017,3313852
105174,3245677
25008,3600242
96414,3564868
97289,3529524
120535,3252798
122755,3339377
92804,3518802
25817,3635483
36764,3423906
7169,4816368
29619,3570957
7166,4816282
7345,4763830
136878,3491427
36806,3394059
40517,3360383
137034,3524109
133693,3432342
134747,3497711
138040,3471225
138027,3418651
7342,4711278
88344,3235050
92518,3478259
66167,2972168
66226,2969118
93038,3571269
22013,3922253
22613,3830945
66094,2996212
70809,3509559
70810,3456985
62255,3355363
90233,3363883
134560,3655405
134559,3602831
92258,3481103
76630,3628906
77439,3698729
107641,3307046
108825,3411903
22609,3883445
22965,3787178
24599,3674079
24645,3691141
67290,2905839
67351,2937357
136620,3405462
136760,3420305
136801,3385613
110407,3457966
110408,3405392
96856,3541858
97637,3477164
124027,3137400
22968,3839677
23965,3737664
81758,3648338
88000,3246306
70063,3603766
70226,3520496
69711,3656216
70058,3656317
69710,3670742
69515,3546243
69357,3495997
67372,2901031
67328,2888373
151067,3667657
151075,3633915
93266,3598143
113497,3482375
113145,3277419
134909,3655391
24407,3686677
92578,3466379
6475,4921383
103612,3364187
91574,3426359
88128,3228218
5703,4434687
5470,4382113
23977,3789986
90236,3416457
90523,3392194
92031,3430895
17464,3983407
26191,3642512
98776,3298073
137814,3418370
6687,4816268
22076,3929177
22586,3935948
97058,3489480
97899,3424743
77230,3550057
59360,3302583
137809,3470343
93442,3597596
98455,3319754
138033,3470710
80786,3718326
6476,4973957
77336,3553728
22978,3892178
23606,3892105
114073,3176711
134879,3602827
135106,3707965
138088,3418681
71699,3413284
72048,3334995
61775,3429358
72427,3465669
133173,3295251
72715,3497115
69704,3642405
72717,3538091
73475,3526297
70053,3631203
1327,4846147
1328,4793573
23999,3831936
24098,3821408
61268,3307362
73761,3554422
81976,3636380
112633,3434885
112634,3382311
74395,3577451
66119,3006697
66233,2973474
107191,3254562
108477,3359620
74809,3594322
7161,4763730
7280,4868856
6467,4868824
68770,3339765
69166,3425904
115672,3523585
137177,3419669
79399,3645183
90092,3444616
91607,3415070
71022,3536492
71021,3483918
134783,3550263
97338,3437058
98175,3372284
120832,3112376
24718,3937051
24287,3884492
24725,3978578
25072,3989615
113333,3484859
137054,3367334
137810,3453704
133358,3379937
133799,3484900
25092,4031141
25220,4042189
87169,3403836
86792,3351262
105281,3298251
106870,3203853
69701,3598793
70049,3596616
80166,3665766
6443,4921370
142688,3133984
61918,3407619
62349,3309449
97656,3384596
60024,3279322
61078,3293680
133801,3537474
134328,3537462
107118,3247860
134224,3590030
134664,3590030
103611,3416761
61423,3412158
73219,3643235
73215,3590661
136407,3301458
136017,3280926
136399,3249999
112343,3382472
112344,3329898
87518,3298824
136608,3372594
6673,4868814
135411,3473926
98600,3267210
97736,3332083
109785,3353399
109786,3300825
70045,3544088
69519,3501943
68973,3443576
136570,3425132
104126,3392153
68855,3391131
68971,3451998
98654,3293020
68850,3355090
66467,2949317
68752,3303856
28161,3706533
28162,3653959
7158,4711192
113150,3434885
63003,3204653
93340,3384055
135846,3684208
135810,3631634
135338,3655401
73218,3643235
66093,3013065
40542,3450249
40695,3422984
6440,4973965
6439,4921391
135579,3579066
135470,3526492
112245,3396848
112246,3344274
104350,3444727
80787,3770900
80950,3699904
30509,3518571
31445,3471195
66575,2974694
61232,3398534
135057,3493006
90091,3420395
90721,3466235
83256,3568746
85106,3467266
86572,3402864
86086,3401958
133257,3347130
133614,3431087
134223,3642599
134442,3642599
6403,4868853
134536,3642599
134756,3642599
58982,3440757
109543,3248384
6671,4816276
69523,3457254
68970,3407497
70044,3491609
133551,3398077
138092,3470760
66089,3047486
138030,3455581
6658,4816297
6962,4763742
142704,3113079
509,5453245
489,5400671
12124,3988096
108782,3199442
62112,3361777
62741,3362023
11900,3988442
27723,3673255
6967,4711233
102559,3418460
7154,4658683
134754,3459464
7588,4606427
51993,3305281
53900,3327502
7590,4553945
7584,4501439
7662,4554012
17978,4051213
112019,3346871
112020,3294297
74793,3560984
76718,3609834
7664,4501540
7898,4501554
135570,3579062
29245,3601408
29216,3548834
135223,3460822
7892,4449062
142459,3155733
108731,3148272
133254,3376851
134945,3389942
85646,3452338
87089,3351046
128168,3130334
132412,3219630
27731,3759101
27732,3706527
90083,3368076
90084,3315502
90961,3451535
97928,3279613
42162,3278784
106416,3254804
108690,3196511
46597,3265411
51994,3278166
90951,3518809
80951,3752478
81048,3647342
60112,3317986
61200,3346117
68724,3257292
68848,3308405
68978,3456998
82140,3619474
84165,3621310
69527,3496685
70594,3524294
70804,3416950
71027,3457150
71264,3492383
71259,3466706
71406,3461585
71409,3436097
71809,3383575
65926,3019315
42171,3262635
66552,2916967
76756,3538079
61622,3416266
76681,3590145
79390,3575285
97990,3313582
99814,3343309
66090,3054795
66148,3100008
119921,3215151
120752,3183449
95522,3283074
21569,3956863
22572,3972896
111903,3241777
109498,3249069
68982,3410111
6379,4816329
6654,4763773
69531,3453366
70598,3482756
74770,3514990
97531,3341238
101441,3395802
101443,3448376
101859,3446375
22972,3932605
118027,3155979
66882,2947082
67266,2903146
132958,3324496
133439,3429423
65905,3056921
61892,3414265
61164,3384904
23898,3883005
114005,3140559
66705,2938544
111840,3242474
24289,3926017
133562,3481997
95588,3333310
97807,3393774
106119,3359028
106120,3306454
23899,3923063
87721,3298668
88124,3212245
107511,3305364
24025,3862293
112861,3228056
7666,4449002
7872,4396524
64426,3019647
134986,3442314
66191,3159807
66179,3152494
66285,3134007
88102,3183575
24301,3914849
68984,3357678
69535,3442705
70602,3469390
81300,3612426
72766,3503752
72765,3451178
86812,3438632
86811,3386058
108410,3247177
112090,3201082
104710,3461393
104709,3408819
24936,4019971
84256,3164014
88267,3208772
61026,3408765
61610,3437478
72748,3398612
73021,3494063
74220,3566497
73806,3513925
74516,3619071
73023,3546637
73279,3483901
66176,3152508
24933,3967409
73282,3536475
73576,3431335
118349,3186180
25104,4019974
89794,3262979
101861,3498949
102203,3445055
28614,3653960
29004,3601394
7148,4606176
84557,3449654
97274,3446330
98095,3446268
151093,3618116
81734,3635403
87755,3261256
90145,3236273
6380,4763822
6650,4711266
66877,2960925
91343,3435836
93438,3332365
90765,3427431
68696,3208379
66125,3187410
71899,3356782
105769,3356857
68988,3390312
69282,3390273
70800,3364519
69274,3337888
136363,3232848
136551,3214073
105096,3458682
95368,3283434
136965,3333223
98097,3498842
98493,3467838
109225,3352307
109021,3299733
93554,3279959
95461,3333525
90263,3367965
107724,3380507
107723,3327933
85647,3504912
83226,3740541
82006,3687967
102205,3497629
86951,3315558
90537,3406401
91205,3436682
112794,3231914
40598,3370418
96328,3384649
77897,3733001
77898,3680427
71999,3308469
138142,3523334
60442,3341421
138026,3405162
137820,3404967
99119,3393357
93911,3360297
96743,3383440
64453,3052253
97273,3498904
91439,3384906
86285,3368077
70797,3315999
69270,3288367
98495,3520412
98675,3445905
68990,3340806
110062,3404762
109881,3352188
105430,3406828
78886,3627855
66249,3173349
66435,3095402
83085,3673366
84439,3673884
60632,3393838
61186,3461339
132878,3272091
134603,3351508
113780,3179696
7580,4448915
7476,4501368
7576,4396438
7324,4553757
7478,4553942
136015,3149961
7322,4501280
6706,4658725
7144,4553699
6699,4711295
7818,4344000
72314,3364162
90979,3427584
96975,3550317
96976,3497743
108297,3297471
68991,3393380
135940,3442448
120831,3164924
114030,3129683
72297,3321048
140138,3139527
136000,3202300
110869,3457166
110677,3404592
96585,3489779
96586,3437205
68695,3260949
69252,3158684
128117,3128232
79784,3573310
98677,3498479
152472,3142447
1829,4951259
2750,5056403
61814,3466500
61887,3466699
61696,3468740
112012,3253154
113842,3190531
132911,3324647
69257,3254756
128170,3107061
128199,3134221
132914,3377214
133405,3377211
1226,4741021
100711,3442555
92589,3352127
94369,3412406
111557,3409499
111453,3356925
91770,3270785
136844,3473591
136698,3421017
118935,3085781
66641,2990934
67259,2908565
123930,3125125
132975,3158976
61752,3499467
90621,3406503
136672,3439857
136700,3368533
114127,3129477
117898,3103431
106307,3456538
136664,3421012
61863,3519008
1243,4740432
142703,3139233
140146,3124676
67833,2959613
22565,4016127
107273,3355594
136542,3477698
136572,3439860
138823,3405525
138048,3352951
28040,3706528
136456,3530268
136544,3530272
100215,3517855
99125,3465281
22963,3974207
73804,3461355
135854,3090852
96835,3489753
111699,3304369
113815,3242638
136001,3236631
135999,3184263
136005,3230570
23908,3913420
98631,3412791
115237,3157634
66393,3146780
66553,3043464
67822,2933799
71769,3307330
69255,3208533
61852,3466582
61925,3414326
6871,4763869
6700,4763869
136016,3132185
87087,3313712
88892,3313815
140285,3079657
140286,3085541
140247,3049528
141681,3109943
82288,3724056
97511,3594897
97121,3542323
140149,3059188
140248,3057105
28095,3577731
139917,3135677
79554,3593764
25108,4072548
107781,3347573
90352,3368065
40335,3329354
61735,3492717
40387,3332020
136905,3040004
68440,3313521
125388,3104174
121334,3077771
91811,3322040
93163,3404281
136019,3184529
69467,3261058
136455,3582842
136488,3582842
86286,3420651
83590,3725940
105054,3498470
106637,3406798
133259,3429781
133837,3429779
141695,3111364
142697,3112964
104776,3527354
105461,3551044
100659,3568620
99669,3516046
106951,3459372
133020,3429788
133644,3429780
140305,3102040
140901,3025640
115363,3146533
71768,3313632
62382,3361944
115428,3199099
117137,3132742
125377,3082395
111333,3408884
121633,3055486
90218,3254943
133260,3482355
10387,4023890
11834,4023007
69603,3262672
81528,3588161
80752,3535587
136189,3113400
113765,3294817
136901,3313396
137153,3300182
136720,3316010
136600,3457132
136660,3368534
79556,3646338
90309,3312174
92819,3374322
61697,3478552
137861,3457527
135827,3164537
136604,3421019
137822,3457541
137824,3352882
97319,3594897
66556,3096038
7827,4291557
7448,4448843
7450,4448858
7088,4606176
6982,4658656
7091,4658686
6822,4711133
6983,4711170
72690,3374667
111335,3461458
6484,4763602
6831,4763670
68439,3366095
6372,4711195
6485,4711236
133427,3482355
6371,4658757
84329,3502210
85593,3399268
74236,3489147
74233,3541719
71759,3315246
97550,3416709
76619,3590381
70124,3109568
67292,2940855
67295,2904517
69757,3211884
77039,3747855
76911,3695282
78386,3695282
108857,3502121
107907,3449547
101065,3569432
100063,3516858
96824,3409929
111452,3354738
61593,3496513
61824,3453624
106001,3496286
103877,3554951
105161,3578691
112197,3398100
111959,3429121
112903,3398349
113355,3347353
71148,3330668
72815,3305510
132994,3246688
61594,3549087
30344,3571129
139419,3083133
107444,3397154
70682,3336743
71798,3360660
70681,3389317
70460,3303760
95135,3567536
95136,3514962
69948,3260530
70352,3260543
55170,3353467
79908,3531052
70235,3161753
96073,3567536
112931,3345946
61713,3478599
62307,3414331
133643,3482354
109245,3508787
108215,3456213
67348,2891720
115484,3183422
118475,3118604
83136,3607348
83135,3554774
76798,3642711
90308,3307340
22561,4042339
79331,3583603
80218,3483025
66540,3018710
23215,3999805
86677,3297305
23227,3971721
23585,3953265
98636,3513478
24024,3878899
23570,3928623
81756,3590232
81116,3537658
7338,4501394
7454,4396418
7220,4553868
7351,4448954
7122,4606268
7228,4501433
7126,4553834
107217,3480120
107218,3427546
6985,4658769
111703,3378496
112709,3417896
94635,3462392
105653,3525122
106325,3548860
96346,3434310
97431,3417077
66069,3239948
66067,3225876
111124,3376196
90088,3288467
90257,3287547
105163,3631265
105585,3577578
88696,3366310
89389,3366389
74234,3594293
115705,3251673
67341,2894039
60034,3273865
90137,3339589
61493,3465082
85387,3451824
86089,3348502
10388,4076464
114922,3251669
118588,3090263
61330,3438725
71595,3322364
95733,3486215
88695,3418884
76583,3695523
76535,3642949
6603,4763720
6835,4711274
6602,4711295
6489,4658808
67832,2932935
67275,2916242
30343,3623703
76536,3695523
137826,3405456
137857,3405456
137930,3300538
72418,3413234
1246,4688915
66389,3199320
70273,3211917
61716,3531173
76538,3695523
112465,3369546
86092,3401076
1832,5003833
105587,3630152
109471,3493505
108709,3440931
78898,3636175
79648,3585893
62938,3257090
63337,3152274
76555,3639464
145641,3105363
1376,4846147
87951,3366239
90791,3426648
92997,3425607
80802,3433790
132995,3245210
134136,3299139
105993,3524889
110148,3396534
111509,3368094
66065,3278411
102507,3583339
102393,3597906
102921,3635913
67220,2925012
67319,2899956
62654,3309498
71041,3264491
107132,3456378
98635,3566052
99741,3482933
81560,3487480
93311,3477762
25249,3883385
25005,3924637
25759,3830823
136862,3263471
136942,3299776
145446,3142893
6989,4606336
118793,3075299
67821,2905057
76418,3589188
6837,4658849
118794,3058375
76800,3695285
86227,3350674
74246,3427241
106535,3484104
107543,3479954
459,1
460,1
145680,3104021
147125,3054379
75439,3685358
75265,3654861
75717,3710867
99114,3464892
66377,3251862
100223,3464400
133375,3204846
67245,2888759
102213,3545487
102677,3650480
91179,3392163
121150,3102911
62444,3361884
98099,3465842
75568,3685336
75967,3731713
86231,3275567
75760,3709698
76117,3730828
121206,3050574
145473,3142852
6847,4606369
105995,3577463
6491,4606353
87895,3418521
69644,3060003
70669,3162142
93313,3530336
93589,3527929
76018,3728069
76351,3691986
66063,3330898
85177,3504388
41274,3292592
62306,3466839
110499,3418195
111999,3354568
121149,3084345
76204,3723147
103510,3580634
72866,3339809
62262,3453733
62534,3519413
136751,3211088
61908,3464164
103509,3633208
101425,3493029
102469,3595518
76494,3684025
78635,3638457
79912,3537546
114921,3304243
30345,3623703
30322,3623693
22209,4094905
22066,4147474
22065,4147474
22554,3989796
6993,4553848
6849,4553915
95010,3538123
40979,3263420
85178,3556962
30270,3676259
83673,3607338
66363,3304373
106491,3480255
107855,3477623
82216,3540054
93591,3580503
94025,3557357
7458,4343965
114924,3304243
72685,3316983
6995,4501398
62186,3401193
62428,3506307
66057,3373023
62727,3309566
90069,3340955
89931,3391461
112739,3365632
113569,3398520
28041,3759102
101835,3543021
102797,3644793
60342,3322540
112677,3353433
84302,3609526
84301,3556952
6999,4448952
97955,3518122
99581,3513205
75194,3602721
87757,3470593
88233,3470891
103069,3603632
106016,3493602
74368,3392383
6851,4553930
95787,3639328
95157,3586756
96347,3691902
36411,3422621
109087,3413352
88109,3522831
88601,3511024
78636,3590110
80308,3486165
81802,3435882
36434,3392740
39762,3367471
88449,3546956
88897,3498255
68298,2961618
88725,3550105
89187,3445738
107857,3530197
108191,3462462
30269,3728833
30262,3728829
74854,3519716
74640,3467184
75058,3550239
89107,3497592
89637,3393499
81214,3383320
24628,4044880
24627,3992306
6857,4501454
66355,3356809
111131,3370242
112413,3336638
73030,3295987
89447,3445465
74826,3497707
6493,4606333
97956,3570696
98409,3567960
94027,3609931
94617,3565045
68287,2934660
75254,3630733
89879,3392926
75038,3578231
75508,3658708
102115,3592306
24807,3977098
25476,3872075
113325,3418206
66055,3378430
3567,1
3568,1
75212,3606216
75728,3676603
76454,3687940
111493,3458105
110867,3405531
7003,4396445
6859,4501440
75512,3624115
76002,3709612
108615,3444347
109697,3377648
34846,3507144
72967,3261551
60874,3375015
75786,3690148
76190,3740487
96979,3591773
62104,3426540
7824,4239189
107163,3478050
7462,4291599
76050,3690020
7011,4448938
78897,3688749
24870,3957665
82492,3488456
11873,4021152
12652,4040814
10793,4052922
76382,3637466
66331,3375688
61747,3502836
111777,3284179
69401,2987947
86232,3328141
85408,3229856
102443,3613006
73578,3452477
73577,3399903
74443,3486188
74166,3433614
73568,3347907
73844,3397197
80556,3487015
10416,4050721
11975,4073625
3355,41
3356,31
99678,3513818
104558,3517434
72315,3342285
94030,3603565
61209,3409592
69402,3011420
79984,3695065
79014,3642491
56953,3376494
7015,4448998
6625,4553905
12069,4126156
12615,4084697
6627,4553965
6373,4606378
69416,2962931
26813,3778307
102285,3682632
102286,3630058
25058,3964442
40650,3290175
134980,3351713
107497,3473363
61510,3479277
61312,3426764
136591,3161583
136638,3208172
69415,2986278
91905,3531645
91126,3479071
61974,3450906
109338,3430207
111173,3361707
11879,4178417
12597,4137224
81592,3332425
99750,3562254
75726,3637605
66051,3353715
95188,3708504
94555,3655930
79771,3539579
80738,3436219
99673,3540898
101522,3588839
62409,3414408
85569,3386584
85189,3334010
138137,3069912
139448,3135703
29036,3682877
28217,3630303
98525,3551980
62410,3466982
62440,3361988
83767,3659912
76292,3585057
98565,3580320
101449,3555912
87717,3454958
92269,3583701
91374,3531127
72081,3404132
71631,3351558
66317,3352458
88407,3494403
117563,3548222
117564,3495648
93228,3611292
13108,4093054
89051,3496387
113237,3233941
115826,3235944
61749,3555410
114281,3286515
108138,3480729
109719,3480725
3291,25
3570,41
66043,3302374
117637,3548222
76405,3568042
76253,3562934
85769,3332104
86913,3402926
89853,3443902
13073,4135959
111539,3334132
24903,3852553
74934,3525696
95539,3745391
94965,3692817
61973,3503480
62047,3414313
74929,3546922
79264,3592140
76147,3576847
25240,3911880
75925,3559505
12367,4188472
86871,3455447
74161,3485979
73025,3286361
72013,3349457
72339,3314044
72333,3366600
90479,3478766
11815,4230977
11610,4282193
7820,4186844
65650,3171531
65264,3118957
74757,3599360
74928,3599454
7302,4344103
7050,4396582
7303,4344203
74583,3578052
74759,3651828
7052,4449116
72674,3215659
6912,4501503
74429,3550007
74585,3630483
6917,4554042
92785,3670314
91768,3617740
74285,3519434
74423,3602323
79926,3488783
22492,4252619
22487,4200045
117338,3443078
6560,4606412
6633,4606504
74271,3571729
87659,3507479
6565,4606512
63112,3204844
63823,3099873
73835,3538429
74158,3538378
6375,4554031
73723,3543709
73833,3590778
73623,3494697
73716,3596012
73509,3443203
73618,3547032
73389,3391243
73504,3495562
73287,3338851
73384,3443614
73278,3391275
72725,3240135
118639,3504586
117998,3452012
66311,3299933
121274,3050357
122610,3040363
96181,3785978
95385,3733404
136978,3248155
137047,3300274
137170,3248068
39853,3257085
44118,3315936
93673,3663562
60876,3427589
61114,3358864
62442,3414562
62468,3388197
13156,4143326
30261,3781403
80980,3384440
85190,3386584
25280,3860696
26410,3830779
13129,4185143
72327,3419160
72763,3419174
108561,3530927
110121,3499419
127962,3177699
66039,3249846
89721,3480793
116687,3288466
89789,3428362
12749,4187227
62690,3361979
12837,4223458
1310,4637148
90445,3530535
91223,3531013
102859,3670233
102022,3617659
29821,3633452
29691,3580878
76460,3681981
76340,3629407
74918,3651946
75903,3651996
75897,3704476
74026,3590799
74154,3590636
74028,3643014
73830,3636922
39766,3292310
96509,3738981
96363,3686407
66305,3247401
95031,3684376
116860,3392172
117540,3466892
86846,3436914
76700,3787117
76658,3734544
77259,3734544
72323,3471724
72757,3471734
1297,4688665
84984,3281440
11514,4334737
11345,4383729
94079,3654583
87583,3489006
116688,3340878
107499,3525937
118825,3540778
118571,3488204
110123,3551993
110419,3464725
60966,3226767
25085,3905103
117257,3443072
77355,3745289
77117,3692731
77599,3692719
95919,3686248
97061,3634009
97769,3565002
61848,3376710
66021,3197313
12096,4290184
77345,3640161
77859,3692670
97841,3594267
74913,3704344
75889,3756953
77595,3640112
78143,3642945
92312,3601733
61138,3308827
103123,3671447
102320,3618873
121181,3088606
71632,3404132
76570,3681973
91542,3582136
72321,3524292
72745,3524298
77879,3590387
78343,3695507
71959,3326879
72250,3349099
116857,3393452
7648,4239366
7822,4134507
7496,4291836
7644,4239451
7497,4291920
7305,4396715
62336,3412853
121165,3103061
70358,3096315
95655,3737253
26120,3808146
56954,3392339
78323,3695516
78997,3747981
119986,3153763
110859,3412166
90417,3552239
91097,3582820
103170,3538619
105021,3569945
74587,3642830
74912,3720660
66289,3194863
12240,4237623
122307,3104672
109355,3508046
136968,3159231
79608,3436349
63111,3257418
63369,3257418
71793,3298988
72062,3303615
6921,4554134
6635,4606596
74907,3695332
75219,3773195
6569,4554165
75222,3787928
75487,3809344
6377,4501675
75489,3861864
75885,3809379
95657,3789827
78946,3747887
72322,3576864
72729,3576866
64074,3039029
64427,3045439
66015,3144776
86777,3384378
97157,3686583
137032,3195683
78225,3642965
73269,3394528
11299,4436273
11300,4426913
7056,4449208
7309,4396807
73381,3495949
73497,3547873
73609,3599307
73711,3648241
73823,3689143
74034,3686673
74152,3623995
62618,3387381
69480,3034027
103439,3643642
102622,3591068
96173,3633753
64454,3081826
64095,3046245
30482,3781403
52626,3303083
75499,3878134
75869,3861643
11933,4335827
87551,3436501
93675,3716136
71874,3280178
72174,3300899
117251,3489091
35654,3461392
108137,3533303
96581,3581471
74906,3747829
61139,3361401
61170,3256374
78899,3695336
71775,3249954
74147,3671972
103047,3555680
75226,3840308
117252,3541663
117787,3485961
74904,3791732
72719,3629438
70006,3082402
70774,3055585
75977,3530215
71442,3200415
66281,3142322
134279,3201539
90389,3543162
90905,3574351
137385,3248100
6929,4501779
21570,4009437
134824,3196721
76341,3681981
6573,4501809
78183,3590405
105023,3622519
105383,3622426
70736,3148780
6637,4554241
109749,3455488
69955,3032825
70717,3012396
6381,4449281
94157,3654729
97091,3558914
85133,3304905
76571,3734547
75837,3865890
74902,3814022
84112,3178049
97137,3589078
66016,3092238
12560,4252042
13060,4276028
135554,3093217
28128,3557910
12572,4230747
78850,3642776
30067,3633452
72008,3272357
71940,3279221
7840,4187019
10364,4082209
12099,4283266
91601,3676386
91323,3623812
59891,3332335
59319,3384843
59716,3384777
60203,3279774
60284,3332341
118164,3435634
119071,3540778
86613,3382623
91085,3603643
78151,3537843
70440,3201345
70836,3201334
93367,3640841
71785,3302633
68892,3113115
68891,3165689
68606,3139199
69820,3085361
60667,3279787
77118,3640228
59320,3436290
59542,3436289
91715,3591549
74900,3832310
125599,3135911
105385,3675000
105731,3621378
87545,3487852
75826,3885098
77161,3587658
67113,2942596
90212,3521257
90717,3561744
78751,3590215
66275,3101263
77445,3587574
11568,4374351
94633,3572634
87519,3540416
88165,3518564
72362,3219901
13542,4328602
13554,4328602
7058,4396838
7313,4344415
66999,2905287
77777,3537849
70439,3253896
70984,3253870
71685,3331757
72245,3272426
61474,3219522
73821,3692388
74143,3692204
134823,3170066
88129,3571105
88877,3533279
78047,3485305
66078,3089795
151842,3092258
66157,3117757
65870,3086335
39764,3420045
3292,35
75658,3874131
75653,3821580
74896,3783577
75643,3769069
88849,3568703
60076,3332213
71593,3334096
72158,3324898
91326,3676386
86264,3514950
86217,3462376
66160,3170331
78710,3537677
70527,3304669
71072,3304550
65854,3078401
105733,3673952
106167,3604731
61712,3324379
62544,3352705
73213,3345094
72963,3292603
71391,3252941
89685,3515584
89641,3429724
26925,3725754
27851,3671927
73295,3446850
71162,3291781
71471,3305176
78638,3487486
117464,3538533
66242,3059580
72051,3331762
25543,3805323
73319,3397418
74142,3656438
94421,3741777
93781,3689203
12532,4264047
75636,3716705
74894,3778953
6933,4449338
10936,4313035
10825,4260532
11392,4364096
60592,3227220
73055,3345016
73403,3449818
11936,4335798
12405,4316573
65263,3066385
65876,3086355
87520,3592935
87859,3582391
95966,3551019
70625,3318697
6387,4396871
117836,3470377
118034,3452060
77373,3535108
87725,3634835
71671,3354536
96055,3582200
59473,3434794
87983,3623546
88499,3604999
74071,3607964
74426,3692397
137210,3091042
74428,3724002
74576,3723947
74574,3752712
74764,3752655
74750,3778982
74897,3814897
73127,3397432
73587,3502131
88347,3605644
9622,4387601
9514,4335027
88683,3553512
89147,3535337
118306,3413036
77864,3432860
11572,4239742
12890,4304565
78574,3437052
90945,3570667
89039,3518220
123929,3100372
105171,3626874
106671,3599626
71053,3266309
71316,3266305
74919,3783552
75116,3783701
70782,3108760
75114,3731245
75312,3750817
75308,3698392
75613,3664267
89580,3482199
135034,3163837
59907,3382228
104199,3643730
103582,3591156
91519,3620224
77316,3482564
9146,4492733
9126,4440159
73173,3449787
73653,3554270
75689,3611775
76893,3611825
72474,3167389
70923,3213812
71225,3213804
61560,3271986
62182,3300411
72550,3191564
79558,3385562
78536,3384655
90925,3624488
90591,3571914
7848,4239518
70745,3266371
61602,3324560
7317,4292042
62583,3389805
26374,3778226
73255,3502010
73719,3606212
71144,3161289
86218,3514950
71452,3318856
108263,3490491
71579,3369847
71965,3359533
10799,4260557
10800,4208022
6389,4344497
118035,3504634
63734,3070523
801,5017680
89817,3481139
35946,3427584
12284,4364644
61300,3167147
63757,3108119
86185,3409806
35995,3357465
28114,3654989
29596,3603244
11704,4366549
12778,4357105
13194,4357095
123073,3070633
104493,3694298
103928,3641724
11149,4207993
60509,3279659
78432,3332187
79506,3333590
33505,3503335
33611,3543553
137174,3195668
12777,4409679
71836,3368295
137130,3143254
93784,3741777
94121,3704879
73325,3606275
73783,3657651
75306,3678825
75596,3626340
71623,3266358
122740,3039838
70885,3043882
76726,3664062
77131,3584330
77297,3534924
104461,3603740
106673,3652200
107157,3582956
122778,3155165
126923,3105403
4672,4587979
4646,4535405
119107,3258857
119108,3206283
68318,3155346
69039,3191756
76902,3636572
61174,3174498
28070,3657509
71708,3318876
118402,3361637
77377,3550002
71634,3139707
77108,3601937
77635,3500234
78262,3382722
84577,3252550
85997,3357457
62770,3442364
73407,3657737
73875,3694955
79472,3281138
118691,3258695
77354,3552666
77935,3449920
59820,3434795
104815,3727282
104192,3674708
78231,3397535
70366,3113125
71865,3165263
125602,3188485
77624,3502421
71520,3213846
43051,3368502
47275,3357507
85937,3410012
94123,3757453
12620,4409637
13080,4409632
61034,3174676
13442,4401554
28130,3594557
28250,3551528
78175,3450085
79241,3346845
9040,4492729
9164,4387591
9039,4545303
9115,4440161
73469,3695044
73995,3660275
94543,3624899
63982,3034221
86153,3360260
12619,4462211
9600,4282467
118717,3311269
11038,4155464
10062,4229927
9740,4177353
107159,3635530
107425,3555174
9636,4229909
73043,3644340
72951,3610398
73186,3605802
7852,4292020
12130,4354607
9890,4132505
10379,4080095
95139,3541578
73583,3608839
79463,3295651
80250,3229862
56975,3494281
56976,3441707
118403,3414211
118614,3309115
73291,3554133
90521,3531678
127060,3037671
10868,4102925
79207,3399368
60387,3329674
95215,3573493
96481,3634551
75545,3621955
62720,3405441
63150,3405450
11405,4259039
63796,3086472
63953,3060783
80189,3244069
105031,3635729
105750,3651705
72855,3560781
73283,3558913
9307,4108963
10865,4132307
36491,3260635
78155,3502601
39138,3326608
89571,3465749
89395,3412808
28307,3588212
29618,3528308
94545,3677473
62183,3352985
62504,3248021
73647,3557228
13358,4454092
13668,4436849
12922,4453785
62660,3458061
62604,3405487
3191,23
89419,3446565
104510,3632643
105346,3662890
107427,3607748
107729,3524402
72785,3509295
73200,3509122
63243,3100947
12481,4445166
79366,3240059
83991,3206583
73340,3607230
97537,3739448
97005,3686874
119701,3204189
78129,3555096
79171,3451880
75249,3596725
75828,3674394
105214,3659967
60905,3227115
57030,3465996
72666,3456783
73111,3456759
58513,3547549
58247,3494975
75571,3649138
76044,3726759
96483,3687125
62535,3300403
72634,3509345
72294,3457508
66526,3038015
12482,4497740
75775,3701503
76236,3762374
88405,3551684
88383,3499110
56047,3391308
56995,3432416
57988,3462582
11265,4206516
11971,4302113
118948,3256601
85938,3462586
62220,3143098
64052,3052900
64104,3049231
70904,3118828
76023,3740494
76472,3750453
73485,3658469
107731,3576976
13232,4497707
121304,3205375
124878,3207681
85422,3390476
85361,3337902
85829,3390267
73008,3404241
105970,3646099
13419,4470564
14318,4470586
8223,4344594
105139,3712516
105866,3646155
76231,3731089
76580,3698049
56055,3432999
57961,3442427
78065,3607473
79135,3504373
91197,3581739
76443,3678751
93952,3526905
88384,3551684
105883,3620492
76561,3698008
12765,4485070
104977,3740679
104875,3688130
60268,3382241
93999,3561633
71268,3090676
88292,3513776
76729,3688802
62582,3352962
72545,3054881
92265,3725354
91807,3672780
71641,3138273
72224,3143157
105765,3698701
77190,3603403
120936,3220962
76939,3655668
12260,4432569
62206,3227247
77584,3553830
64037,3081249
72462,3034894
78008,3554923
79107,3556752
107126,3591754
89338,3422232
483,5452748
532,5348543
97483,3707587
77585,3606404
69495,3131351
104817,3662892
105689,3683322
104802,3660613
73751,3505437
68737,3207906
69309,3183904
63000,3353072
9835,4165628
92493,3744034
91983,3691460
108915,3627077
108255,3574503
77957,3607404
26461,3790653
72056,3405427
72379,3405419
105783,3627950
81680,3380730
81138,3433302
81137,3380730
81968,3328160
58999,3525669
58862,3473095
107985,3521935
29595,3570300
512,5400632
615,5296413
62944,3300584
98507,3804393
97999,3751819
62343,3195580
71300,3101726
71530,3124897
31761,3468980
77921,3659814
79061,3608414
451,5766319
450,5713745
60767,3277130
105419,3659970
88291,3566350
11100,4153976
11784,4249596
81347,3328160
81769,3275592
8462,4403699
8436,4351125
52248,3325039
53320,3324884
118904,3309042
92715,3725712
92237,3673138
73586,3454467
74131,3505463
109147,3627077
105116,3662891
72055,3353157
72439,3352871
12637,4432571
88212,3474812
84492,3200098
85211,3285410
63927,3132083
64097,3116235
105647,3646164
98757,3856911
98414,3804337
97485,3760161
97849,3699291
77871,3712101
79009,3660825
92919,3693424
92459,3640850
64420,3048637
478,5557397
477,5504823
67950,3159353
85135,3263520
89337,3474806
70888,3060629
71063,3059628
105343,3682346
107270,3550550
89268,3369736
72129,3300607
72565,3300309
95831,3666584
94599,3614010
91200,3634313
91581,3598179
72625,3352389
73156,3351733
106062,3620532
73188,3403265
73693,3404879
61519,3278628
71095,3071247
11089,4184495
86097,3315909
28184,3614391
75155,3569373
74243,3539179
74446,3621858
75294,3621824
93351,3640932
92793,3588358
77833,3722345
78965,3713122
58630,3479774
59288,3437659
117050,3361590
118837,3361463
105235,3659973
105958,3657765
84081,3154364
8996,4193698
118007,3519154
117938,3466580
72201,3248045
84211,3142493
108258,3627077
83229,3223028
97651,3686984
135847,3158217
12498,4380024
12970,4485145
83041,3131891
13315,4457385
13593,4513191
14073,4499841
118329,3571542
118182,3518968
84447,3178311
99545,3930653
98964,3878079
70867,3090435
71287,3099070
12198,4485139
12197,4537711
74544,3674310
75484,3674145
82800,3118389
105862,3643823
87852,3527370
87188,3579938
87787,3536222
98646,3825538
74412,3591616
64303,3131608
118488,3623892
118406,3571318
68871,3213740
78915,3723387
77673,3698367
96287,3718914
95063,3666340
72835,3299877
88510,3422277
69895,3084625
76158,3653908
105404,3656963
84173,3172445
11516,4197056
118663,3571344
118566,3518770
88461,3431129
137151,3055583
152468,3088821
138146,3122482
116898,3414158
117634,3414138
7366,4631621
6529,4579059
7276,4642777
7410,4600781
91583,3650753
91929,3577264
76563,3750582
105939,3617659
73332,3353498
99759,3983187
99160,3930613
6530,4631633
6841,4526498
89380,3394093
89847,3429319
63508,3066606
107068,3577196
76731,3741376
76907,3705151
73230,3351729
10768,4227614
11459,4234682
96121,3669927
97921,3739502
14014,4565765
74662,3686511
75592,3686298
89229,3333883
89335,3445374
72162,3101495
76909,3757725
93250,3509462
69847,3113062
63521,3100921
77123,3708125
68739,3251631
73919,3455328
98289,3792020
135532,3143787
77125,3760699
77357,3719985
78723,3700551
93723,3565205
66525,3070032
66589,3028927
62699,3248138
72590,3299865
73304,3353109
7199,4548214
117521,3466706
77360,3772559
137104,3107064
87187,3588799
87513,3588790
96765,3755520
95553,3702946
60687,3325023
92343,3535802
87419,3551470
72489,3195524
71483,3107640
77613,3672208
85136,3316094
89303,3420483
74808,3654174
75744,3674268
43052,3421076
43960,3421072
87669,3498902
88081,3483687
74269,3601681
97924,3792076
91931,3629838
90131,3407425
69645,3137177
87941,3446367
13054,4414596
13861,4447335
31672,3499537
117783,3519148
85077,3224925
12714,4327487
60688,3370109
60000,3410731
88313,3393809
88841,3386432
72662,3301139
118819,3413848
119268,3414037
73787,3404379
74101,3507737
88671,3341439
58770,3431622
59697,3430027
60690,3370107
60006,3410729
151699,3417763
118184,3571542
89153,3288891
74888,3644298
75950,3684389
6955,4653347
7237,4600779
72544,3051048
74203,3559402
74653,3559335
28729,3982188
28544,3982192
28763,3982190
28967,3929627
86265,3368483
72547,3247783
31657,3536533
93503,3546901
94201,3617541
4645,4587979
4638,4482835
73354,3301764
105638,3626300
89265,3384163
98587,3844554
12423,4590285
118407,3623892
72461,3033578
73697,3353145
74197,3456809
99242,3949633
518,5452724
449,5766319
72736,3249777
73436,3249709
66528,3122588
29001,3982201
473,5556883
502,5557324
74526,3508400
82984,3133648
89994,3376401
98863,3897088
99602,4002177
118568,3571344
118800,3466222
77581,3642500
119504,3466268
66983,2995053
58416,3449062
71536,3132357
72099,3083510
106627,3601653
11503,4231672
75036,3674358
524,5504790
527,5452949
92345,3588376
92993,3487733
12380,4274971
12904,4380029
11248,4271919
100591,4159855
100086,4107281
73635,3301601
74111,3405593
69153,3189741
557,5453173
584,5400855
589,5348736
72802,3197579
73572,3249608
118783,3507828
93301,3508451
93973,3599237
86275,3277499
137828,3108153
74261,3508461
597,5296264
12029,4266949
98589,3897128
99095,3949632
99788,4054725
53004,3341541
53348,3360235
89266,3338953
28739,3982190
28808,3929628
54026,3373421
74007,3354035
78643,3673984
28934,3877063
77551,3609361
118763,3560158
119446,3482994
7977,4491898
7978,4439324
12906,4432603
94549,3669858
623,5244136
6956,4705921
69866,3153604
71826,3148222
66954,3047609
99331,4002180
74846,3610912
100949,4264981
100490,4212407
109899,3869270
108393,3816702
108821,3847923
106278,3636112
120862,3326053
120861,3273479
63258,3090732
8236,4386756
8037,4413785
73243,3197509
73685,3302037
93061,3485313
93775,3560787
75248,3666995
76336,3627075
105908,3630043
58391,3429493
89912,3286641
11172,4377033
11171,4324459
67115,2940922
152413,2947513
118679,3610224
119379,3535365
626,5296710
637,5191631
44502,3473646
43962,3473646
78575,3643947
13254,4447332
77421,3558104
79237,3214704
79498,3292592
553,5505702
106038,3650844
106256,3648147
2982,35
2981,25
91824,3456726
54038,3421357
100442,4159837
94269,3651554
95167,3669875
119704,3518842
64305,3184182
64387,3093296
91883,3452781
75450,3595828
76448,3595811
74399,3457214
29189,3877087
29144,3824513
79477,3306437
80117,3288854
105786,3631388
95675,3704123
78539,3610603
69811,3106807
75126,3679384
77381,3506588
627,5243731
657,5139207
106338,3649635
72646,3092915
73601,3354486
73861,3354207
7807,4466353
120126,3467705
120058,3415131
13211,4499902
13758,4394806
11759,4306756
12471,4300673
99729,4054736
119964,3467454
8574,4298625
75972,3605742
76530,3554442
554,5558276
28682,3824509
116897,3466732
100001,4107292
119309,3640355
119310,3587781
94059,3613104
94938,3648991
106079,3650742
106612,3692182
487,5609375
72902,3145238
73369,3249994
79289,3267255
79994,3302154
100702,4264981
77340,3187225
73499,3302412
73911,3406354
74591,3648165
454,5661175
81809,3236891
118649,3659676
119231,3639007
74047,3405856
24534,3843223
26523,3739140
77349,3454458
78505,3559105
76037,3555411
76598,3503722
71043,3172246
72080,3123750
474,5608914
120643,3362702
28754,3771959
29238,3877087
89865,3236587
99731,4107310
119901,3519883
69813,3095293
1432,4638342
1348,4585768
35966,3390516
552,5505476
101303,4226993
101005,4174432
101947,4279547
120793,3378469
120794,3325895
73780,3354469
75280,3637896
519,5556841
98415,3754292
97327,3701718
95839,3649229
96991,3649230
80121,3273200
7808,4518927
94667,3609657
74592,3605650
69848,3107794
8575,4351199
8922,4246088
545,5505269
571,5452994
82975,3184348
76177,3504519
76722,3452625
118589,3708064
119113,3710207
27739,3686689
9308,4141175
8815,4150993
9445,4151154
77140,3402039
78429,3506984
93545,3557738
92507,3505164
63756,3113911
64591,3066219
6925,4495652
10767,4263670
11077,4263657
119774,3572275
598,5348838
12522,4308640
542,5609904
541,5557330
118579,3807417
118580,3754843
106419,3693086
120544,3415093
73493,3302527
100053,4159862
75606,3554454
58741,3415266
98593,3806784
97597,3754210
74714,3554442
28543,4034766
13212,4552476
13366,4552476
107249,3730036
100055,4212436
100231,4212436
35219,3423696
8849,4186233
9759,4203622
362,5976057
347,5923483
398,5765823
365,5713249
76034,3401297
76848,3505129
11146,4316011
107250,3764137
61969,3279690
28606,3929631
8295,4518846
8149,4466272
120692,3310276
69676,3206165
79043,3231119
81579,3302700
64622,3035199
605,5295822
100709,4121866
101267,4227006
11307,4350222
12515,4348195
13486,4342269
119153,3688727
119707,3624618
120423,3467540
107182,3730486
95471,3625784
96773,3625838
492,5556391
600,5400947
591,5348373
119036,3757773
12175,4333465
6780,4473944
539,5504778
52068,3360590
52067,3341701
74816,3503734
75748,3503747
76194,3453803
77008,3453761
2914,31
121143,3257795
6864,4443098
118519,3754047
72998,3134257
12233,4385834
12707,4381651
73249,3355058
73591,3354998
93947,3610064
92977,3557490
149753,11
150578,19
14141,4479369
13805,4426795
575,5400453
348,5976057
107181,3756297
81892,3250170
95119,3584876
75938,3452657
101612,4226988
102337,4279541
98977,3859280
97979,3806706
11591,4340358
119327,3713161
120592,3362677
120324,3519989
74938,3452653
313,5870913
76356,3402104
121724,3255152
10286,12
10285,13
10623,9
91530,3423510
11310,4402796
96385,3593201
118473,3713923
118941,3782126
121088,3310207
73250,3407522
73659,3407231
31769,3506967
99933,4069314
101305,4174422
12176,4386039
28640,3877071
91575,3418875
31844,3474932
73675,3406976
10899,4297908
12584,4433717
13343,4413257
646,5348984
641,5296410
119224,3762020
119577,3674423
81999,3210332
73992,3088416
75056,3401288
120247,3572372
564,5452516
117207,3661828
117208,3609254
120488,3415100
28641,3929645
94271,3642210
93365,3589636
124922,3258143
125513,3307917
594,5347900
32368,3462684
7738,4400761
76462,3350054
9219,4247782
9971,4256041
124568,3259238
99449,3911780
98463,3859206
108207,3816640
6768,4515014
6767,4462472
60672,3415087
74420,3641074
73935,3588640
74512,3612634
120979,3362636
73310,3459749
82107,3157778
122746,3462145
122702,3409609
123470,3409573
73816,3046782
536,5452229
96159,3551480
82195,3105312
102135,4279562
63315,3095116
63729,3153495
80538,3273662
73739,3459486
26526,3791714
118419,3661497
118861,3766394
107057,3886823
107058,3834249
60647,3397860
75188,3349588
120364,3467557
108208,3869214
32587,3533709
78325,3031478
119717,3673030
91046,3388128
8615,4273358
11464,4372786
121679,3307584
119143,3772193
119590,3721885
456,5660677
70638,3210777
72107,3135425
516,5504311
73368,3512009
73775,3511967
91093,3379498
92023,3471256
107918,3764079
118967,3806501
314,5923487
74063,3560419
74636,3560317
120896,3415092
120173,3623482
548,5399968
8601,4378489
8493,4325915
107529,3756239
106315,4044431
106316,3991857
642,5348984
8685,4220968
12378,4436314
13214,4465746
124164,3310643
125007,3309326
3271,33
120282,3520007
67842,3211919
8309,4430952
107839,3869210
121640,3360005
118363,3609101
119315,3713965
73446,3564450
73883,3564403
106446,3939285
106699,3886766
107214,3781702
119051,3818780
119473,3719792
101635,4226977
303,5818347
74171,3508171
74754,3507932
122428,3304507
10493,10
10925,10
635,5243840
9545,4308598
10203,4291247
120827,3467542
6845,4432436
107840,3921784
2913,41
106161,3989286
106162,3936712
120094,3673134
120200,3572342
135758,3051163
117125,3661822
118150,3556690
73550,3560111
106702,3886740
106462,3939259
101308,4279553
101307,4226979
121611,3412438
6749,4489517
122701,3357037
91379,3431891
92449,3523587
11267,4330609
12075,4365149
99663,4016776
100683,4121869
125949,3357257
74357,3508119
74850,3455464
118591,3661671
107943,3921784
123736,3360410
6881,4473841
7701,4390465
27952,4
27951,6
28087,4
663,5086948
653,5139088
779,5034890
119401,3766379
69664,3244996
70248,3231075
120709,3519941
74001,3560281
105673,4008670
105674,3956096
124337,3363195
323,5765785
407,5660706
13719,4405210
75708,3297568
120110,3623514
649,5191341
95921,3513381
67841,3264493
67879,3264489
120025,3671490
8311,4483526
8421,4378452
73608,3507976
74447,3455639
74960,3402966
537,5399847
121550,3464902
13740,4374251
28088,6
105916,3932410
11949,4417542
118593,3714245
119013,3714245
90806,3337716
105333,4040817
105108,3988243
647,5191165
107999,3737247
304,5870921
632,5296093
596,5400474
610,5348152
92067,3530468
93093,3575888
120614,3572325
9861,4343806
10451,4324862
74121,3508172
619,5348232
90829,3328889
129395,3033574
15636,4479333
124775,3466993
124497,3414419
2985,1
2986,1
73000,3186831
124627,3361875
125161,3360451
99171,3964238
99837,4069350
123998,3412962
74535,3403130
75096,3350443
105019,4040803
104627,4040797
106055,3896189
93767,3558760
94459,3473150
464,5608175
123328,3411372
119953,3719890
8075,4405225
7906,4352651
121511,3517366
52863,3355016
8423,4431026
28683,3771991
28684,3719417
418,5608236
802,5070254
98995,3911710
10847,11
128742,3101097
101001,4174426
74225,3455673
73736,3455697
124705,3412997
125529,3409795
12986,4475755
53312,3354842
126047,3405447
106880,3834217
107152,3770933
70640,3187946
3040,4534235
100251,4069331
66756,3090946
66932,3100173
105252,3935677
117126,3714396
82746,3091331
74449,3298175
75242,3297932
294,5818322
15620,4510566
16100,4531895
611,5295746
63223,3119764
106418,3872383
106568,3819859
120469,3622137
82939,3104826
89280,3185243
123778,3352909
121417,3569823
106155,3859746
14306,4416271
104429,4093360
104968,3988234
91729,3484322
92701,3582767
119443,3766539
124230,3465514
66816,3143510
485,5504005
89954,3277685
91235,3381435
53316,3404485
55900,3472790
67962,3317063
73798,3403302
74279,3403196
82278,3061246
117581,3504274
11839,4392668
122961,3409576
99969,4016793
106894,3823451
13612,4446396
14345,4435385
82449,3074277
89259,3156583
102339,4332115
105554,3883154
74551,3245663
75442,3245423
11413,4362464
108070,3745198
123982,3463921
10095,4377417
10697,4356877
28661,3666879
93459,3565802
74333,3350690
104430,4093384
104517,4040819
124943,3462335
101559,4227000
121352,3622248
8731,4185644
15462,4540776
14944,4488232
15447,4540697
28498,3598994
124785,3464050
73910,3350831
119813,3772458
120353,3671549
64393,3226122
64064,3173548
124232,3518088
124444,3516466
100947,4121905
15752,4552131
61262,3426590
61068,3409774
61086,3374052
117127,3714396
117525,3714396
61067,3462348
98679,3964264
8656,4219496
9091,4238750
67881,3317063
106677,3783567
8258,4300138
105041,3988253
124480,3516580
69663,3297570
8177,4170362
74685,3193153
119814,3825032
246,5870946
236,5818372
11109,4390605
14967,4488153
15421,4593263
15743,4570577
63176,3124442
11024,15
16078,4563129
462,5555735
92331,3536630
108146,3762091
94175,3527445
93582,3474871
74020,3298327
7525,4705652
7380,4758172
7637,4653120
123873,3462127
506,5504546
496,5451972
107246,3734868
108057,3763194
14820,4447040
108626,3777496
121259,3674646
120273,3724117
93283,3525692
91237,3434009
91593,3433834
6545,4475827
6775,4528323
8562,4247821
105536,3883165
105752,3830614
73132,3084000
107799,3815607
108447,3798089
16236,4573937
8209,4337965
15737,4623143
16069,4593341
14506,4465481
1004,5135656
1001,5083082
124668,3514768
69226,3060170
7019,4747615
7020,4800148
7129,4695074
74094,3245812
69261,3085025
10299,4409433
11095,4387997
98521,4016822
99017,4016838
14634,4455921
15027,4540719
513,5347373
561,5347812
106379,3807228
100501,4069367
12988,4528329
8447,4212569
7482,4653115
7865,4600587
7286,4758174
63203,3143301
64127,3139371
129396,3027879
107023,3822552
108165,3850512
28851,3666854
235,5870946
168,5765844
121217,3724071
92975,3474958
568,5295326
106956,3731042
109335,3882611
108987,3830049
109427,3935171
109954,3935175
11603,4445256
12356,4470110
82000,3262906
1414,4689140
128741,3095787
9094,4291324
74178,3193300
64187,3219036
63944,3166462
8802,4324640
8704,4272066
14432,4446799
109657,3987741
109753,3968613
104484,4040853
98522,4069392
99131,4069388
63175,3174281
91595,3486408
91975,3486163
124252,3514659
11401,4417610
106004,3778096
16205,4675717
1395,4740657
603,5243250
92725,3525764
28646,3666371
29031,3651927
63204,3193062
15030,4593293
471,5451534
66817,3196084
99637,4174532
99333,4121958
120987,3776691
109160,3882609
105188,3935722
109413,3935170
109625,3987738
29815,3617027
29709,3669576
32103,3572362
82002,3262906
29697,3704473
93381,3423591
74248,3140790
16221,4604705
9349,4300289
94076,3422408
94954,3422427
81415,3210327
98706,4121966
98855,4121966
66824,3152736
8282,4287184
8342,4273918
78376,3073740
35266,3497685
108533,3805165
90150,3237344
8450,4245500
99755,4174532
91977,3538737
92461,3538460
106258,3725581
3002,41
109692,3791492
7784,4705718
7783,4653144
7985,4548046
104891,3988291
481,5399470
8706,4324640
108701,3857693
106843,3819674
107348,3875051
107910,3903023
9351,4352863
53035,3364653
93384,3476165
93823,3371109
108454,4008129
108026,3955555
60704,3379536
61688,3352092
135530,3122908
99645,4121962
106565,3815294
107072,3872147
7426,4705642
14493,4439998
14361,4434726
80142,3033582
82279,3072551
11668,4497824
12548,4522684
94119,3371129
95430,3474985
107600,3918164
135529,3072137
135738,3066140
7769,4495493
82450,3081510
82074,3042990
108424,3910223
109031,3910145
9775,4396363
9955,4387065
109843,3949163
69373,3115587
69325,3063013
67951,3018347
67952,2983181
69128,3020677
13350,4420185
14373,4455295
9675,4361157
135711,3042674
7395,4653109
92464,3591034
106312,3777842
106724,3867758
7720,4600578
10773,4417855
66934,3152747
121219,3776645
66825,3205310
66844,3205310
110003,3896605
108142,3962637
108773,3962675
69225,3020102
107678,3970696
9853,4439622
62528,3223347
69262,3054622
28645,3718945
105036,3718072
109648,3896606
107230,3900035
11443,4470011
65584,3008951
93711,3319355
106177,3800402
13475,4404817
95066,3475666
96208,3527549
62541,3240742
9678,4413731
8243,4324742
64250,3096072
65571,3040904
53047,3415407
107836,3979460
109776,3844049
107679,4023270
7967,4390444
105070,3769944
106387,3852865
8382,4238604
107000,3920156
7243,4705634
78590,3178588
7396,4705649
7634,4600560
93375,3267069
10199,4419896
8021,4377222
8301,4311434
38648,3368554
109185,3943871
107572,4031929
76918,3102676
11667,4550398
94535,3423683
95887,3528232
10726,4534746
10593,4482172
7554,4653093
8361,4283250
8476,4270899
7673,4548031
120662,3399523
108292,4015140
7682,4341964
108433,3996403
109315,3948923
105797,3874864
106647,3905033
10202,4472470
11033,4432360
78340,3040997
9856,4492196
107571,4084443
107877,4049929
7209,4695071
7225,4653095
129047,3139255
130529,3092483
11131,4508507
95725,3528230
90160,3214767
93929,3319623
8285,4292752
8455,4326512
9660,4323385
10030,4301869
7487,4600547
107670,4083986
108555,4001455
109477,3896394
34800,3572559
167,5818418
10439,4451517
7145,4642534
77299,3154888
77629,3220104
29945,3722131
103775,3759695
103776,3707121
54557,3361592
8349,4336267
9049,4358857
80479,3262866
46,5818414
196,5713304
199,5765856
230,5660767
225,5713319
68744,3018344
68759,3070914
29667,3730388
89821,3207119
105296,3822404
106130,3926666
64182,3124700
103337,3758841
29390,3642917
7937,4442952
54576,3413081
106689,3943080
107162,3972730
107824,4048938
95159,3476249
94155,3371942
80129,3315423
8290,4345351
468,5503318
10442,4504091
130302,3071526
130972,3027508
470,5520179
7469,4589987
77351,3207436
108917,3948804
109621,3843923
8027,4245825
106949,3995654
7085,4695086
107934,4053995
93932,3372197
117582,3556317
120104,3451907
110670,3803871
64260,3148596
203,5818412
215,5765875
105650,3874556
110031,3896326
656,5191662
10667,4470416
8059,4298195
8407,4387421
64147,3191881
29515,3695465
29863,3766504
78413,3126273
67478,2943088
68030,2999538
94477,3424510
7733,4495479
105964,3926270
7775,4197311
64255,3151193
81174,3262884
79085,3283971
79086,3231397
10670,4522990
108341,4001196
109420,3948725
134286,3069297
135717,3027935
7542,4421292
64199,3179314
65332,3124270
78974,3178829
79674,3283941
30097,3774695
64548,3244455
7531,4548008
90288,3220970
118412,3713996
118224,3661422
7043,4683972
7421,4642543
118979,3662145
118980,3609571
222,5818435
209,5870972
7704,4419178
94829,3476710
61124,3358864
62316,3314793
134787,3024959
64415,3231870
147933,3040463
134285,3096152
99212,3899295
98582,3913822
99802,3846763
79552,3231373
79972,3336515
61105,3378615
129008,3182193
99935,3794213
117899,3608866
118628,3713972
107901,4053479
108930,4001078
107449,4157719
107450,4105145
84584,3042779
110225,3908686
102932,3692647
82819,3052192
79996,3273688
132900,3095698
132702,3118552
130971,3071170
11059,4484896
11991,4540067
7044,4631457
7373,4631429
128568,3224276
7561,4578862
118726,3662062
119388,3557012
30031,3819316
30809,3827269
128603,3481202
124979,3428628
12142,4645213
12141,4592639
29834,3784378
106665,4127988
106569,4075418
107171,4165148
98125,3925562
98428,3873002
108428,4053069
8248,4431625
8247,4379051
106148,4029572
107014,4112578
109614,3961077
110589,3856280
106082,3977745
10720,4504062
10558,4451488
117592,3603848
118267,3661420
10776,4421052
7655,4526329
7378,4526352
102960,3744294
103771,3810576
97793,3925557
29733,3748025
11009,4476308
1002,5135656
993,5030512
119161,3609564
9023,4411304
9707,4389682
7284,4578910
46505,3385901
47278,3410081
107930,4104271
105589,4029014
6882,4512905
7039,4499318
9752,4375959
8933,4463849
9422,4450300
106266,4074339
97123,3936898
118400,3661958
98760,3820452
100914,3673598
99809,3846744
100092,3741663
109162,4013418
80591,3026993
130532,3136106
130635,3178966
130636,3203071
7492,4473819
10863,4442407
11771,4528755
133123,3074290
134790,3024351
102391,3796564
103142,3795890
99179,3846725
99665,3794199
34802,3625133
35114,3534416
24533,3895797
25737,3895797
7493,4446815
33870,3444683
71008,3047191
105759,4073711
106540,4112511
107665,4201257
105135,4011533
112032,3797470
100716,3689123
68279,3052108
119818,3504457
69329,2974426
8747,4513314
9016,4516411
29913,3800588
110144,3908811
110841,3907510
107576,4148687
118772,3609536
69404,3016176
131069,3093270
96867,3904053
97301,3947737
124980,3376056
8589,4480601
8811,4562383
103911,3862094
104338,3913499
104503,3914011
108638,4065275
35182,3518184
8427,4439948
8633,4518251
10247,4406606
9830,4365129
10058,4354194
10495,4427236
8511,4470607
103619,3862113
8109,4328350
102527,3848260
103314,3847352
64418,3284444
64523,3284426
118269,3713994
104799,3959139
105369,4049843
28205,3714976
8313,4420191
101863,3777515
96868,3851515
68007,2974455
106317,4111329
104052,3913478
30610,3591755
8144,4356868
119521,3557010
97415,3904070
77,5871001
98990,3779175
9424,4502874
9694,4436272
110327,3960043
111783,3901041
174,5923537
82147,3019890
106786,4148554
110143,3960789
108140,4116095
36693,3488807
36500,3436235
37619,3460129
133124,3123146
133859,3053040
124168,3428624
125440,3428620
127762,3323496
97957,3798970
10806,4389865
11512,4494868
97811,3851528
7607,4460391
7689,4446915
104935,3997465
103768,3886803
105949,4094546
91117,3273544
10270,4374843
98780,3737501
99074,3726651
132701,3166957
6402,4423360
96051,3546414
96052,3493840
102071,3829359
103027,3900834
101251,3755013
34166,3445205
9981,4343282
75781,3106752
73365,3079222
75731,3146221
77939,3133001
108594,4150620
110797,4012617
34112,3467099
99138,3726657
99634,3674116
13051,4498970
120202,3557031
71764,3026692
73126,3106716
131888,3200801
131160,3027688
124167,3481186
125744,3481184
107168,4183238
6599,121
6583,118
6732,101
10548,4368906
104469,3958443
105539,4042194
29915,3853162
9266,4481711
9950,4390254
104293,3952286
7683,4394416
118773,3662110
100624,3651121
85446,3050694
10590,4337634
11116,4442439
131927,3171454
6695,98
6886,92
908,5102731
835,5050157
62346,3268003
1756,4708510
6823,89
7082,88
110257,4013198
62319,3284389
101487,3806906
102501,3881933
98714,3693858
100181,3725437
91287,3243315
90360,3190741
1719,4760027
84581,3011236
98156,3693865
98530,3641323
7611,4226171
71762,3077547
71680,3025022
132371,3022066
71693,2974167
10011,4322738
10254,4322576
95843,3507021
95844,3454447
124447,3533750
126198,3428624
103960,3925345
104963,3995114
7061,79
7214,104
72260,3019097
107045,4313322
107046,4260748
132232,3090759
7884,4383856
7883,4331284
7957,4436422
64526,3337000
64565,3336935
69731,2977680
72203,2966569
77204,3141017
83308,3141030
98063,3746420
69740,3024022
7187,95
6557,108
9986,4372645
10119,4316865
96815,3613062
96807,3560488
107232,4208201
99866,3621570
9808,4419227
119765,3444887
108085,4168069
108842,4200612
6667,88
9935,4366952
106733,4343138
106734,4290564
96433,3574862
96407,3522288
102061,3859480
107502,4200490
98065,3798994
61772,3325250
91509,3260399
90424,3207825
7963,4383850
131135,3195400
6793,79
61223,3380818
10513,4303971
116234,3648609
116233,3701183
116164,3690738
106900,4266601
7222,4370841
6945,86
6907,73
104332,3962777
64568,3389509
64713,3311300
38472,3407557
9832,4413786
106501,4365943
106502,4313369
67000,2916162
152414,2932108
124765,3481190
126550,3376060
94085,3406592
94083,3354018
110260,4063966
110375,4064103
10524,4316675
90392,3158048
107237,4214129
117596,3648584
74614,6
74339,4
74607,6
69734,3030254
7025,72
105357,4047520
106409,4346694
106410,4294120
107580,4183753
108319,4190602
99944,3673615
100486,3735982
106624,4260808
109270,4194751
103823,4059698
103824,4007124
6558,111
7185,99
117560,3690719
117923,3601832
105742,4099925
111423,4006141
111424,3953567
98732,3588790
110534,4086355
117925,3654406
118065,3549898
7139,87
7260,115
118067,3602472
118631,3497397
106913,4208249
95697,3457671
95698,3405097
90334,3106460
6632,91
99625,3640803
118609,3546072
106151,4257409
106152,4204835
13460,4463415
74340,7
74341,7
62276,3308872
62453,3336865
114021,4117697
114022,4065123
125031,3428628
106270,4241561
118495,3594258
119055,3541765
98641,3552833
96239,3482135
96340,3434413
6880,82
85405,3018584
107760,4179562
108895,4167674
103405,4112244
103406,4059670
104438,3998522
63410,3389425
116163,3743312
117350,3728912
106559,4189000
99817,3692820
101922,3788099
6401,4450758
50070,3438475
98785,3604678
110998,4056350
128683,3195451
131138,3214280
6964,85
93246,3301463
90442,3156217
113894,4012559
114788,4117676
117559,3743293
110262,4086094
106036,4152385
9564,4465349
13095,4485168
13139,4452094
111969,3848603
7195,4398239
9592,4460286
10110,4403172
7137,103
93245,3257039
93105,3338001
94294,3338038
74095,3211862
73328,3159288
106333,4152275
7437,4253844
7778,4278725
11232,4341741
109841,4159043
110125,4106725
23103,4364877
23093,4312303
67770,2971501
103075,4164790
103076,4112216
86658,3096209
87042,3056058
109374,4156244
61014,3398148
61743,3354517
7118,101
93106,3294807
94207,3372868
7981,4436417
8070,4436419
118931,3589432
119616,3489226
118421,3636393
10312,4355877
12461,4287765
7895,4383851
108278,4156398
7790,4331295
131807,3191465
86297,3034622
86645,3056895
113893,4065133
90335,3157122
7192,119
21612,4358429
22975,4261120
121573,3578084
121574,3525510
110374,4077793
110674,4025366
90375,3194058
90598,3206812
104456,4019213
99075,3656668
100461,3745394
6958,89
61832,3325437
112140,3789402
132372,3003843
109506,4103896
103988,4036047
105110,4035800
98073,3566746
98028,3515004
89603,3143698
90531,3244636
12990,4537736
113849,3959993
111580,3901135
111995,3840296
111030,4005092
114733,4065110
72788,3097996
7089,105
173,5976111
76,5923556
64716,3363874
64789,3281891
115875,3787810
115603,3735236
132231,3082706
117919,3756187
117849,3703613
102669,4217336
102670,4164762
113042,3779972
109931,4068510
118218,3651187
118829,3583897
11420,4394315
23371,4262311
23285,4209737
8086,4488993
110835,3875051
112205,3862608
12806,4523139
12963,4523139
12885,4435685
109612,4051815
110455,4016115
123715,3472945
122234,3498704
124332,3420377
12805,4488253
132588,3030015
7901,4383857
8647,4567798
133459,3002537
32823,3523634
113782,3907440
114089,4012546
46269,3407335
109051,4086901
9852,4452829
96565,3528585
96566,3476011
8335,4409416
93327,3487198
92717,3434624
113781,3960014
117285,3721877
114592,3976795
111194,3952626
98445,3618607
99761,3709242
114663,4029359
117203,3817042
117204,3764468
103584,4088593
118863,3531367
117667,3696244
88911,3134907
110058,3999384
86881,3045167
87162,3093885
97177,3567418
130553,3149189
129717,3173248
131945,3162188
132425,3122377
87019,3082506
88954,3137878
111025,3897522
112305,3831887
64792,3334465
64863,3229335
12967,4377205
16251,4457385
113679,3854887
88736,3092781
110978,3972961
12932,4402676
86664,3044641
108472,4104109
109540,4034704
76610,3193570
79446,3123694
89606,3181190
79982,3176264
82418,3123705
46270,3423155
92227,3384567
93550,3405192
115257,4081933
103236,4141139
110684,3963669
132233,3131211
133383,3073007
12841,4417198
7053,4280713
7630,4305553
112125,3884411
9270,4486862
9744,4481696
88912,3170154
118097,3598692
116958,3754980
10092,4408206
133460,2977532
31397,3555544
99197,3668828
72308,3045464
113465,3820096
113128,3767522
88735,3123656
117705,3643903
72255,2992930
117628,3635877
118061,3621443
12038,4372745
12785,4418332
86307,3089623
88375,3101813
114555,3924243
131808,3167124
111975,3936817
112826,3832466
113525,3802345
114482,3907442
71099,2958710
110742,3927529
21177,4349242
22006,4310358
102882,4193685
108662,4051780
91825,3333754
93113,3434595
71100,2984809
73251,2994774
96577,3526252
97479,3604450
116583,3828636
116584,3776062
12512,4381591
111779,3988681
112734,3884845
128172,3270946
114407,3884051
64866,3281909
65297,3176779
118736,3546174
101429,3889316
101430,3836742
110292,3946972
8716,4487464
117554,3605114
117983,3613877
129452,3225449
11634,4320459
116555,3744422
104580,4088346
105330,4041622
59859,3407519
60685,3450716
132078,3214720
8717,4510677
111597,3992611
111993,4041255
110358,3894557
118005,3591504
108279,4067396
109020,4017349
91333,3282758
92605,3384542
21178,4401816
21779,4296678
9231,4528189
103450,4211913
89555,3215147
115507,3682880
115735,3772417
101047,3892860
101048,3840286
89557,3174358
94916,3387230
117362,3573776
117935,3583471
118602,3538982
96899,3562127
98053,3639663
111411,3940110
111803,4045185
109820,3982303
94795,3422050
96370,3478956
74712,3137160
76586,3171989
128034,3274309
130149,3277878
89556,3204367
104789,4094168
106466,4029140
88657,3133107
107382,4014969
108725,4119970
89370,3151075
45,5870988
48,5870988
95891,3474315
9968,4455418
113324,3749815
113753,3778957
86663,3040248
110768,3918969
111113,3887556
109362,3912649
104228,4140892
114369,3831509
90104,3231597
92069,3333733
111617,3992684
89372,3161161
89369,3146959
100545,3853568
100546,3800994
127029,3243561
114274,3731534
102064,3836769
63961,3494559
63701,3441991
63738,3494558
63812,3547127
114311,3784086
12746,4375034
118272,3530946
12322,4285618
9248,4588640
9011,4536066
109320,3964938
111407,3874644
123380,3446136
125024,3315275
96169,3514887
97427,3594626
78797,3137901
80902,3098774
9569,4502261
110767,3909246
111076,3892872
6686,4357058
94996,3423662
104403,4146714
105339,4146742
103914,4193438
32826,3576208
33197,3505742
12798,4340222
13267,4340246
112557,3957374
112558,3904800
90511,3171988
77851,3176242
117237,3626346
118044,3521260
101602,3881724
12720,4337890
114947,3836660
115618,3735227
116482,3731527
30307,3622564
75648,3161663
117238,3678920
98715,3719829
99695,3718080
48524,3454002
48868,3431952
112299,3941420
112300,3888846
104061,4199260
23209,4208541
24755,4158748
104867,4199288
107966,3981450
114186,3679004
77617,2971240
95250,3464238
96871,3544521
94885,3453390
101238,3881328
111849,3856783
108017,3929152
13190,4245652
117505,3678920
112109,3920880
112110,3868306
113484,3726405
115350,3630438
86308,3072930
75,5923570
95319,3481435
98519,3770649
99108,3768668
22122,4257798
113361,3778951
7844,4439884
126902,3420390
124924,3367816
121250,3524190
120826,3496970
121658,3471618
116306,3686232
12852,4297931
127146,3295738
128092,3326874
103704,4226684
104513,4251834
7888,4472957
63739,3547132
82,5976144
100736,3841744
111294,3913116
128093,3379298
128712,3379371
129794,3328721
90690,3257592
98520,3817397
98766,3821220
99923,3764702
128243,3326731
116744,3510443
95502,3493740
76662,3137890
6718,4306441
7334,4319583
116341,3699901
113255,3831507
113591,3831501
63790,3494561
90825,3360356
104150,4279258
110617,3929109
63704,3441995
109683,4003228
109423,4055737
110008,4055802
110301,3950676
36630,3408385
100113,3835079
61574,3380705
61803,3356239
99560,3813225
108217,3947326
110775,3950678
126937,3268697
96124,3532197
110992,3950647
111590,3897200
117015,3708361
116775,3655787
94626,3509616
97285,3507430
99993,3808719
121582,3289444
127065,3320866
113256,3884057
116209,3633861
66894,2938678
109213,4074534
109716,4108311
61635,3393264
99134,3865777
111966,3820200
105953,4134274
105954,4081700
66905,2916356
117307,3655922
116893,3603348
14455,4392814
128136,3348148
110411,3940070
110883,3971910
124688,3370389
128101,3373279
106884,3942996
108203,3953657
60085,3460087
61361,3503290
111107,4003221
113823,3884055
132725,3267294
113681,3771975
108911,4021977
109457,4127108
77082,3098769
113950,3936620
114296,3989177
122044,3419059
100125,3861377
110987,4024484
98804,3861400
106826,3995043
99691,3913929
100491,3885716
12464,4340339
13437,4253303
116026,3581355
116615,3686435
105601,4184582
105602,4132008
65946,2981605
110791,3924746
132092,3267253
120825,3444398
94114,3535443
95520,3562190
23471,4158120
108389,3999822
109830,4012681
7578,4343488
65420,3093422
65887,3014412
114198,3989173
114724,4041743
28406,3783541
28403,3730967
28465,3742578
13804,4198169
102316,3926708
101976,3908770
102969,3979282
103972,3941259
132791,3319827
107647,4006179
66856,2930540
113794,3936611
111600,3871656
66845,2911039
110583,4029844
110584,3977270
132150,3319775
116680,3550829
23308,4210573
24267,4106735
99301,3928766
99986,3938268
122500,3366501
9363,4548724
87710,3419668
87148,3472199
88379,3419667
89014,3367124
97378,3557277
114580,4041739
114888,4094308
127500,3737453
127061,3684879
128822,2969941
105099,4140777
105100,4088203
61400,3384652
93718,3527612
94921,3588017
108879,4052344
101502,3883730
102537,3961344
21816,4324009
110378,4067056
110377,4014482
106347,4088571
105342,4035997
100857,3907309
122564,3313960
98980,3889354
99733,3953910
90826,3309292
114083,3989176
8957,4586816
83356,3020445
61448,3407575
61506,3432534
115514,3620660
115566,3608073
107287,4021035
108241,4058675
134138,3055547
106230,3979707
65421,3106566
110149,4051370
110150,3998796
86534,3524147
87745,3472195
132979,3372349
126636,3685185
126635,3632611
65329,3148673
83419,3053259
93717,3477542
94462,3580186
99326,3915355
106262,3927640
132208,3372274
6185,4328992
104943,3987281
104944,3934707
111438,3900833
100975,3855664
102255,3936304
31781,3544511
77848,2993695
113349,3824114
91234,3334335
100362,3959858
91782,3281099
65880,3066927
106897,4032569
107811,4073531
90385,3223155
91709,3195023
77894,3032382
33839,3481453
114431,4041742
8459,4558553
8132,4505979
100059,3939543
126142,3632617
126141,3580043
89759,3275651
91219,3247916
71743,2936909
25043,4211322
95005,3425973
86006,3574569
87065,3524140
65867,3122009
111141,3953353
114962,4094311
71130,2999789
105572,3983437
133069,3424848
150647,1
150648,1
132264,3424737
109071,4074493
121615,3391835
101029,3825069
105008,3882506
106490,3980162
30052,3598215
30825,3620203
13679,4236469
15396,4154622
116745,3549608
116748,3497028
107464,4085065
7336,4372157
7430,4370524
89601,3314616
100235,3790923
101865,3866577
7184,4419118
125636,3580055
125635,3527481
112705,3876618
22850,4261028
23535,4158674
90587,3300386
8875,4663424
8661,4610850
121956,3389533
124836,3422722
85426,3624204
86443,3624186
13424,4284018
111059,3980327
128180,3387407
108455,4082036
109405,4065203
7670,4393131
8600,4636084
8498,4583510
133119,3477311
126457,3632311
114832,3723391
106840,4032688
112837,3929192
132274,3477152
112257,3980152
112003,3927578
127945,3439809
129458,3439695
96653,3586495
96654,3533921
89850,3405421
118961,3512006
118962,3459432
77634,3046229
111142,4005927
111181,3954941
7671,4445705
106403,4137828
106404,4085254
124452,3475127
125044,3475043
58636,3405465
28323,3706719
60343,3383351
127787,3492172
129138,3492068
99613,3752009
101120,3835139
23379,4209710
23969,4106197
126005,3579749
85425,3675151
85856,3673443
14681,4429781
103375,4046293
103376,3993719
107991,4097424
108809,4134604
15329,4198358
92541,3386886
91887,3439442
92667,3439431
133409,3529726
114802,3828518
114801,3775944
127517,3544474
128203,3544718
115210,3672758
96146,3578784
96145,3526210
61339,3434581
132288,3529446
104152,3943232
109641,4117777
12499,4309614
13985,4336576
124080,3527582
124716,3527373
114533,3828506
115015,3777620
127355,3596703
128030,3597020
104208,3891050
106494,3877251
105999,4190398
106000,4137824
25189,4107448
24985,4054874
107082,4085139
107614,4109662
125114,3527315
28138,3627562
108329,4149992
114761,3830182
115189,3725314
7838,4474711
66418,2923284
66857,2977798
127179,3648884
127851,3649249
95597,3529221
95598,3476647
98729,3705708
100448,3797702
102935,4031241
102936,3978667
20761,4425239
20762,4372665
125482,3579578
21016,4355830
21755,4350112
7788,4507314
123580,3563610
124328,3579455
97462,3606250
24535,4054762
115191,3777888
115469,3777888
133523,3582020
111431,4032901
126959,3649023
128390,3649011
97357,3557266
121490,3311700
60088,3512661
91851,3430243
109113,4187178
92837,3476443
91435,3377686
91979,3430234
97998,3653415
8320,4532072
132308,3579959
107242,4137638
107958,4162230
26522,3757099
96895,3584368
97559,3608323
126667,3635770
128145,3636078
20828,4381812
91336,3325130
114892,3646554
7713,4528783
7444,4476209
86959,3574548
124978,3579947
114914,3633177
123176,3546632
123844,3615098
23023,4238393
23735,4157213
87292,3625651
102029,3896149
7787,4533077
8093,4533075
16293,4509959
103664,3973330
126443,3685768
127969,3610953
125814,3631773
25231,4002457
128499,3596939
99738,3745861
8835,4596197
9171,4639390
102547,3887382
107414,4190212
97029,3635553
98015,3645071
106104,4190398
1976,4726054
60973,3432566
126253,3687295
127038,3738312
133345,3632533
92999,3528167
96437,3608753
124638,3632029
117905,3448696
114458,3881076
92084,3273315
122722,3494292
123424,3598132
5412,4350176
6218,4378936
132340,3571448
1943,4777210
101639,3908223
102331,3923161
31442,3579820
126031,3684260
126793,3739840
128103,3701430
8664,4663424
55240,3524515
56482,3512867
8116,4585649
8134,4558553
114457,3933650
22143,4308763
22995,4289709
114763,3882756
115263,3882756
103108,3959571
96095,3599008
96739,3660326
126554,3736804
5734,4399999
6308,4430616
101316,3877498
102373,3944505
33903,3446323
24403,4053700
128331,3649215
128969,3544381
114460,3933650
97533,3671910
117450,3531180
124414,3667472
91707,3534541
91708,3481979
92261,3534515
21687,4315370
122410,3441794
123025,3545829
22083,4336106
101888,3948820
88179,3665079
88357,3612533
92885,3481945
118301,3506360
119844,3406881
120386,3412082
125565,3684219
127193,3634742
86236,3686843
91810,3429409
98826,3693447
92836,3481945
132997,3624022
128736,3596657
8003,4554330
7183,4471692
7264,4451596
121408,3364243
132400,3518916
66846,2958575
66557,2905200
61419,3460028
61662,3485108
95741,3549430
96263,3650772
24803,4002285
97107,3694381
124823,3736329
126467,3712292
128569,3648872
100925,3887504
101451,3930039
123750,3650706
122602,3493463
8650,4581679
7265,4504170
98329,3692096
102014,3975426
8321,4584646
8368,4552442
102519,3907304
81067,4042208
80559,3989711
81332,4046368
81621,3993859
151889,3031715
67103,2979141
130546,3440050
101519,3960906
95283,3498761
95957,3601266
102451,3959659
100696,3842961
127282,3713881
71840,2961698
77667,3010175
87412,3648154
96393,3702548
88627,3559984
101034,3940047
28324,3759293
23187,4185882
119946,3354325
20766,4407377
21357,4367909
117906,3399658
130346,3492417
94971,3447854
95637,3550892
72447,3037176
123393,3598403
121654,3337370
132839,3571490
102180,3944370
93066,3375098
102102,3996704
101607,4001030
92554,3429410
93495,3429416
117449,3482337
22737,4327040
132458,3466383
6065,4483152
7066,4468699
79945,3937205
81003,3993864
97579,3744574
99009,3731437
126930,3739746
129469,3596939
96143,3653088
96817,3650768
25627,4002650
25297,3950076
66880,2926569
101196,4012753
101725,4027550
124605,3771992
125708,3764395
99920,3790557
119453,3331344
101833,3975014
111448,3684698
93145,3396043
95156,3499640
28094,3655687
101080,3982447
102268,3891960
129336,3649215
122281,3494058
122282,3441484
127122,3738238
127816,3661323
101256,4000527
91944,3376855
92591,3429422
87632,3595609
123160,3545541
61194,3460909
61839,3512561
23,5
18,3
7180,4495759
110079,3669739
112933,3654252
30664,3595678
95833,3602931
118302,3500127
119135,3453809
101081,4035021
96416,3600986
124441,3719762
125921,3776691
22469,4379604
22949,4274531
101931,3872189
78495,3884677
80246,3888853
119508,3378410
121876,3389065
21314,4412903
129061,3701430
127537,3685680
21995,4341078
101873,3922621
16632,4107773
13986,4389140
14016,4389144
24963,3949932
124832,3772281
92791,3376863
22476,4327095
96177,3550796
124265,3719796
101965,3870174
97095,3797140
98422,3790752
5261,4532425
5154,4479851
101392,3895556
129602,3636201
127362,3687188
101324,3948102
124125,3771879
124671,3772221
99709,3782369
89325,3456876
90052,3352904
21592,4262884
8327,4573209
129445,3611350
88713,3509404
92223,3269559
101325,4000676
101514,3843059
123837,3754807
124500,3824309
5501,4494629
5366,4442055
92905,3324301
20982,4438678
99104,3730634
100383,3813511
96729,3849710
97796,3843318
8367,4605016
25033,3897551
89786,3455735
20701,4320249
129151,3570768
129769,3597276
55184,3565402
55874,3545256
20099,4320369
20023,4267795
123631,3702515
124989,3806637
115907,3639895
115547,3676312
116945,3587398
133347,3518957
101281,3852298
102539,3920468
14056,4441718
131348,3402974
131064,3427470
131397,3362905
132514,3413851
3065,4554064
14032,4441708
126963,3686912
20939,4412930
128194,3713875
121988,3435362
5965,4518117
6170,4535692
91421,3322029
123453,3650175
124827,3754381
106225,3900158
106753,3870045
151975,3937331
76872,3884757
131065,3480044
78880,3836325
80510,3941353
23339,4173297
87864,3579537
96730,3902188
97406,3895888
88873,3545400
76871,3832185
14036,4494282
128025,3738232
27004,3683391
99834,3761814
129405,3701671
65844,2990830
23838,4094072
14382,4546856
14381,4494282
125068,3824192
35134,3669800
35133,3617226
14370,4441710
123277,3598022
124646,3702056
86237,3699084
86366,3672660
118372,3447566
98492,3783816
99293,3783816
90192,3403205
151853,2971970
16637,4248693
94467,3759531
94289,3706957
120446,3429683
122256,3486548
92527,3345163
93369,3448423
21252,4367969
127838,3685804
91860,3242931
5153,4463584
5423,4404158
7780,4521374
129556,3649543
130169,3544730
123679,3650339
27763,3663112
28778,3679972
105941,3890078
106349,3952732
61733,3539617
62072,3554509
94007,3656030
95028,3757038
100681,3825853
102125,3896478
35193,3588076
35426,3614832
114911,3694932
115849,3692380
128421,3633072
123125,3597227
126188,3739001
124778,3876148
129982,3596997
132666,3364414
122849,3648434
123492,3649744
92126,3294169
92672,3397543
23119,4222010
5474,4383860
5750,4452542
25535,3845141
60106,3426982
87876,3529362
89119,3492885
93921,3604896
94693,3707707
98667,3821199
5774,4502309
6052,4570655
93471,3500780
127351,3713229
129837,3649125
91902,3264753
6466,4640792
6206,4588218
99617,3819966
122693,3642918
123331,3700952
93543,3553125
94582,3656656
105595,3876289
106051,3942652
124928,3876265
125672,3828763
92040,3300484
96382,3298289
25871,3950467
25872,3897893
91739,3216843
128520,3673839
81140,3888883
17925,4320470
17926,4267896
122519,3590634
123856,3694854
92814,3449912
125499,3865760
111001,3999893
111002,3947319
79122,3783856
23557,4121876
99900,3786709
101503,3845838
106754,3922619
17,5
22,5
86596,3620114
93883,3229238
76874,3884759
77149,3779683
118424,3395002
19145,4215324
111244,3947372
111084,3894806
111519,3947386
93593,3553963
122332,3538607
123645,3642595
35516,3645934
36462,3565988
125290,3858911
88122,3476848
99061,3851870
99775,3814226
110805,3999864
110806,3947290
24673,4055017
24674,4002443
90548,3424324
78433,3783923
78169,3731349
110415,4104891
110416,4052317
128108,3661408
98847,3852419
115235,3711641
116623,3639860
120798,3480825
33876,3447250
33896,3446438
105205,3894873
105713,3860464
111355,3842264
19053,4163084
19054,4110510
4994,4431090
124051,3702254
92988,3502324
93795,3606407
110595,4052377
110596,3999803
106515,3857086
107075,3922619
126592,3765313
60996,3488637
61546,3513439
78366,3678807
110233,4104881
110234,4052307
110912,3894763
6678,4496279
122516,3590683
106516,3909660
33859,3484019
94012,3278898
5647,4490190
61939,3592182
111725,3999970
111595,3999956
111859,3947399
99531,3875811
111136,3842230
128356,3672326
129014,3623257
99821,3839192
110037,4104880
110038,4052306
127307,3777017
128151,3685230
21996,4288568
6547,4706651
6288,4654077
86634,3646543
24341,4053801
25120,3950054
100482,3807097
22338,4236034
20929,4360484
132696,3416988
133044,3313345
98658,3876947
114511,3643970
93098,3554768
93979,3658282
24055,4082725
102819,3973042
128789,3621441
99955,3859579
123585,3752908
34355,3513710
106451,3842309
20703,4294785
126244,3881321
94820,3758396
95668,3806408
111441,3894829
5241,4411388
105101,3876711
105529,3913030
6248,4626649
963,5063651
1227,4979149
55183,3576459
106396,3824136
106713,3894883
79752,3731326
80551,3836358
128586,3608978
5804,4526214
95180,3807982
27277,3690846
27978,3715550
81622,3941386
123775,3753518
124471,3753314
100135,3876362
21386,4315422
34654,3444385
126037,3918318
86976,3594039
77383,3727157
97962,3911943
99003,3895188
105514,3774931
111203,3789708
26487,3950467
93264,3606910
94161,3709582
60344,3435925
57058,3539733
5400,4388373
21349,4315494
84384,3936331
84383,3883757
122339,3642973
123392,3642653
131303,3415471
79178,3626332
130601,3571170
111380,3737172
61730,3566002
62213,3644756
124284,3799500
109781,4209964
109782,4157390
125808,3911469
94554,3707598
6080,4623179
94378,3760058
94884,3758287
117980,3372404
127494,3737306
110295,3706202
104847,3673157
110164,3999768
111057,3789696
114179,3661195
115149,3608191
5401,4372834
75987,3723357
75988,3670783
21499,4210388
94902,3810731
6100,4651481
5648,4473774
24537,4043429
110432,3947241
20909,4347262
95810,3854128
105102,3827492
105285,3879459
126463,3858580
124129,3747243
100137,3928936
100415,3823811
110887,3789677
130521,3521124
130728,3623744
109565,4262533
109566,4209959
122191,3695503
123406,3694952
6607,4673340
6368,4620766
5018,4395736
60899,3550023
60900,3497449
109894,4104841
82556,4018070
82113,4002087
82840,3988735
118414,3420753
1846,4811097
1953,4759813
23232,4087207
30814,8
30813,5
94006,3761341
115345,3659121
2372,4708620
110249,4052314
28243,3768124
126205,3806332
2325,4741224
128923,3571911
110701,3842191
109399,4315119
109400,4262545
95317,3857115
96290,3898898
97488,3958253
98743,3928473
82085,3980571
122077,3748031
122511,3748061
109696,4157399
75355,3688797
75356,3636223
93579,3710769
94501,3812179
6081,4675753
90954,3371812
129929,3519497
82453,3984026
77923,3674669
110501,3894719
110896,3894714
110054,4104867
6330,4673303
99483,3876164
128627,3569009
59888,3488111
100870,3828918
119249,3477120
125982,3754031
126556,3881625
121977,3800486
122386,3800589
93362,3659108
21329,4263049
4196,4643225
3663,4590651
102129,3881459
101587,3858196
102176,3850432
101287,3820632
109454,4209976
95016,3807906
95992,3902806
113791,3666881
114749,3610122
58635,3458039
26717,3897897
26144,3845323
117141,3534866
21171,4308045
20727,4242316
22378,4183537
124873,3805872
109755,4157441
117869,3433131
121849,3852818
122267,3853044
61388,3541167
93969,3762535
97044,3967385
98389,3979148
110363,3999776
131224,3468041
131953,3468045
60779,3527348
7182,4548853
109401,4262563
6132,4674438
23797,4088000
5543,4436434
5550,4421228
95684,3858763
6160,4657704
110640,3947240
124702,3852058
132991,3263562
126140,3918020
121709,3847160
122670,3904615
109527,4210011
149743,13
149856,13
131223,3520615
60016,3377660
110139,4052318
93572,3710764
24178,4031486
24913,3991089
7870,4631048
7609,4578474
21099,4294781
7569,4525928
31329,5
31332,8
31040,6
95044,3860350
101040,3834251
71896,3005154
71976,3051423
131520,3520615
124523,3799801
22628,4136179
23477,4035533
27036,3717587
27485,3743081
110448,3999782
121619,3795120
122493,3898982
96512,3934557
97803,3995176
36530,3618562
83694,3936198
109984,3705145
126340,3920406
127128,3829080
21243,4210533
116799,3571067
109869,4104881
35195,3640650
6462,4568222
113401,3658898
114307,3615710
6134,4727012
27887,3755584
28190,3768114
35694,3645939
35465,3593375
35934,3618561
94615,3862158
95482,3909494
65976,2953102
6578,4522309
125034,3746830
126949,3867860
121509,3742993
122356,3847001
110267,4052336
94043,3813398
122769,3800036
36138,3565996
82207,3931489
130463,3469721
87104,3567616
87594,3580768
80213,3783828
124883,3694573
119449,3528162
121024,3533152
78341,3626323
78701,3573844
132968,3264983
132967,3212409
126660,3865474
36350,3460881
36324,3428618
81565,3913932
121363,3690639
121769,3795551
8046,4683589
7755,4631015
65969,3005623
23919,4037004
95893,3906541
36310,3513427
114925,3557184
115827,3606623
96803,3987001
101358,3828662
6194,4605167
94149,3812473
94988,3913103
65901,3079492
130072,3419806
125261,3857847
96241,3951307
58316,3592307
80547,3836344
28780,3732394
28902,3732422
121243,3638111
121662,3743197
71745,2944215
71781,2980338
122477,3904858
115942,3555743
77459,3682258
6809,4526418
123636,3694652
113402,3711472
113911,3607670
93677,3278990
26978,3709662
76226,3618222
74708,3553806
74223,3501247
74258,3606049
74866,3599639
37479,107
37480,85
24460,3979126
121137,3585581
121557,3690669
108438,3723416
151293,1
151294,1
81045,3888851
28434,3820688
87979,3515094
114829,3592610
115668,3504725
95271,3962016
95938,3955214
68355,3019752
71867,3029478
65949,3048840
66129,3023631
93746,3761730
97313,4030511
26013,3740341
26991,3700238
76509,3651317
77915,3649947
55203,3548139
56406,3576441
19022,4058170
122595,3852500
123255,3747478
6196,4657741
6292,4552625
94313,3865015
79397,3678832
27770,3742683
1411,4823916
1847,4863671
25246,3897574
117626,3458539
118578,3472845
115115,3575014
37255,89
37256,67
95961,4014548
21427,4157993
21820,4174380
119029,3525419
133879,3316136
65996,3100949
8141,4736129
7925,4683555
124803,3851777
121862,3637893
115900,3452216
117927,3412853
25698,3737194
27447,3695682
35197,3535513
66023,3134099
123088,3799942
25683,3792757
72167,3100748
28928,3784880
29152,3784825
16001,4289969
79619,3731400
132970,3160021
22759,4132539
61242,3593670
61860,3568685
94517,3914935
95583,3965635
74257,3658623
74376,3599597
124953,3904035
125777,3805302
120603,3585692
121232,3585500
72796,3076941
101606,3802071
102484,3903006
60609,3534493
60984,3579848
122839,3852300
47817,3506558
17356,4185806
17355,4133232
93838,3814259
21822,4124848
21089,4242241
66512,2896097
66564,2917419
100692,3873194
102051,3813846
117481,3441670
124620,3746545
37978,107
5744,4447936
89783,3421332
20815,4189822
23791,3983125
125542,3851489
130071,3472380
24203,3984590
121939,3847497
28424,3820491
66123,3075197
66323,2994953
96343,4048527
96086,4007740
96904,4101069
97049,4083013
29018,3837246
29728,3837161
72168,3149602
118596,3524283
133586,3107558
133787,3212595
87981,3541573
88775,3472873
81021,3888918
94539,3916448
125339,3799231
76716,3618943
131287,3420800
131009,3368226
79367,3521403
97757,4047658
35443,3540811
118597,3576857
118756,3517287
72795,3114215
80216,3783972
80763,3836546
97567,4060696
98394,4100200
93968,3865949
94711,3968981
108484,3688664
66384,2958577
102884,3751568
96540,4060269
60782,3586990
121705,3742977
75721,3583536
7570,4578502
98031,4113238
120427,3638135
120878,3638039
115001,3627558
115663,3522529
6068,4500314
29584,3884796
30058,3877231
111429,3594270
7483,4517670
23261,4137537
23149,4084963
36226,3474305
35257,3294380
35980,3277574
100106,3925760
101393,3866408
96113,4067068
74618,3547036
66375,2952781
24670,3926657
8233,4788701
8091,4736127
90330,3430159
80231,3783974
121817,3795340
122223,3794939
94116,3918462
94815,4020011
78171,3597514
130003,3367895
97799,4083053
23491,4032506
121728,3637786
120313,3690314
121188,3690097
36987,95
36988,73
37035,67
37742,67
95777,4069065
96421,4112782
94985,4018173
76062,3550875
88733,3503916
66409,2910571
66237,3046300
109725,3725165
122112,3742782
132028,3578498
131880,3525924
117954,3509996
131907,3525930
131867,3473356
73388,3254500
72783,3254582
73558,3306764
72643,3202077
120211,3742180
120651,3742872
94172,3968966
85169,3831269
132480,3578498
96943,4135555
3537,4729740
3505,4782296
3539,4677168
115954,3459367
3506,4729724
66622,2926995
66626,2937181
99960,3978330
100951,3918974
118996,3568278
119743,3580271
122007,3690419
66042,3102004
95101,4018395
96154,4067342
97391,4188072
28376,3855214
28580,3873065
120097,3737486
120532,3794738
96781,4109117
60039,3522619
66757,2937912
97153,4153585
98465,4152690
7074,4506095
72620,3197632
35038,3424054
113923,3732726
113924,3680152
120011,3685108
120362,3790044
128492,3472329
128266,3420088
129376,3420009
29180,3832446
99959,4001944
100495,3971544
25515,3932404
24587,3879830
114876,3627586
115320,3575076
121338,3690155
130363,3315668
131421,3420788
4308,4450627
6812,4578992
61618,3607643
76888,3566510
21487,4105583
66785,2927298
110937,3777735
35212,3482967
96959,4161632
119905,3632568
120801,3736984
66509,2911332
4925,4415717
78391,3545037
49880,3436510
107021,3950512
106626,3897938
29744,3919916
30494,3883843
128078,3472567
129494,3367672
21890,4072437
15,14
9,10
66080,3071928
66152,3058491
113789,3715032
102209,3766887
45556,3664259
45555,3611685
66758,2934800
106625,3950512
97634,4135580
98103,4125805
20169,4137286
55953,3515013
120631,3684597
7677,4675363
107144,3740252
128077,3524540
128525,3524524
23863,3932123
24383,3932228
131559,3473354
72921,3307054
6188,4545190
118116,3561017
119216,3593501
84129,3745023
84130,3692449
113609,3720651
114492,3662466
66784,2922324
28000,3802650
60244,3575116
61478,3617495
73205,3355052
73794,3355078
97904,4178326
107196,3706955
119729,3632330
106652,3845368
119575,3684651
120479,3684258
120851,3794752
15984,4373523
15983,4320949
128321,3576349
36963,75
124377,3798727
125570,3798601
107319,3845384
106846,3792810
75051,3514362
75979,3498454
101566,3744984
102821,3715772
131855,3159588
37026,68
106305,3878670
74097,3448900
28906,3779945
29396,3884880
66591,2912593
66593,2950609
97683,4230811
113610,3773225
114236,3668085
66121,3186673
18097,4080660
119455,3724236
119958,3736665
66808,2944574
4337,4434140
5187,4468291
124207,3851112
125620,3850683
97499,4197496
77110,3514033
71081,3795603
70951,3847897
71349,3743202
73466,3302568
66806,2921860
36665,77
36996,78
119355,3697669
119791,3755719
120584,3841893
78675,3492516
30406,3927152
30916,3879205
65847,2979764
66452,3024467
70807,3795341
71219,3795593
66680,2905998
106089,3858739
106607,3931244
37226,65
74098,3396481
123903,3903471
124639,3903658
110938,3830307
110984,3882881
118971,3601781
119270,3645638
122328,3689966
12500,4362188
127260,3725431
127070,3723714
127552,3675952
25690,3746864
119658,3728024
70175,3742791
70855,3743030
120718,3846588
121107,3742194
74518,3514575
74517,3462001
101086,3718985
102264,3693607
34508,3509692
34677,3513367
7400,4630846
7258,4578290
7521,4663771
27847,3733547
119487,3698212
23961,3879709
105911,3806181
106413,3911313
123711,3955784
124455,3956017
75300,3461941
128809,3472271
1795,4886727
1687,4834153
72985,3359628
126860,3772645
128260,3674148
66673,2897678
79687,3546391
121008,3794030
111105,3578550
112704,3646844
57648,3368834
6318,4597764
47567,3559120
47865,3559120
70216,3690478
70941,3690636
118438,3595490
119084,3607886
103679,3827414
103265,3774842
103899,3879988
115837,3470015
128011,3678821
127839,3626385
128114,3628090
19559,4162828
29398,3937454
123551,4007967
124269,4008330
56752,3584585
57146,3528194
81497,3639940
84428,3744947
126578,3820880
127303,3825191
105912,3753621
106149,3858755
23021,4028860
59805,3451239
120882,3789335
103266,3827416
28468,3907788
98436,3819696
97694,3872215
98013,3819716
98558,3767163
118264,3587003
128744,3027100
89703,3458538
90964,3377687
128680,3575010
100728,3687068
101870,3667571
123389,4002382
124807,4059706
128440,3575890
126356,3836959
127156,3873426
129732,3367769
36485,97
36838,79
74777,3409534
67170,2916542
70559,3638091
71083,3743192
77112,3461512
7391,4630830
66763,2920704
66869,2935086
120090,3761175
70077,3690253
21507,4059632
118570,3602183
119128,3602569
1201,5031430
1267,4927489
94088,3281127
117519,3586548
105978,3721807
130685,3263738
37854,69
128486,3624721
123187,3950488
124613,4054113
102946,3722276
103483,3827416
24507,3774986
126168,3835419
126939,3889505
30665,3931681
31390,3871619
93925,3231483
111087,3683616
111088,3631042
76412,3445960
47291,3611686
16123,4342459
88906,3496024
69911,3730231
70309,3637936
96138,3299363
128598,3524119
129371,3419713
118694,3575393
119228,3620534
15947,4348251
30338,3969071
16184,4395033
98792,3714596
100727,3647878
101446,3635604
93729,3281251
96019,3231908
90187,3406054
92168,3328680
97985,3819695
69465,3722216
69949,3722206
21653,4009516
66430,3060854
70284,3638008
70431,3585539
70698,3690647
6268,4541025
125914,3828538
127462,3836581
23583,3930782
24201,3827351
122917,3898559
124428,4002250
24761,3776978
25928,3789720
98302,3767128
119890,3735772
74256,3357828
124907,3955604
129077,3471561
15825,4367429
15996,4400769
92465,3331007
96216,3333723
3500,4834868
3499,4782294
70702,3533004
102873,3686582
28108,3785971
151332,3387547
35456,3426825
35464,3420759
151354,3352306
71375,3690663
115573,3486813
115877,3476968
29652,3926715
23113,3977567
117657,3593843
127287,3835071
122783,3846541
123455,3951105
103496,3741183
75770,3409445
67135,2924285
118828,3583585
119334,3672485
7545,4663763
128920,3523332
70446,3585470
69466,3676088
70023,3730180
16047,4400720
16104,4373422
104386,3901637
104385,3849063
35903,3373229
35979,3318758
101723,3665129
103223,3706777
88415,3528258
111641,3543098
119997,3763561
120342,3708641
73652,3354842
83116,3748667
84604,3778779
115691,3480224
122599,3794422
123286,3899087
100981,3596314
29248,3914359
120042,3759691
120041,3707117
89180,3475763
70772,3638112
71457,3638122
127567,3775905
7108,4525738
117491,3696703
117105,3644129
79163,3521514
80095,3553274
124553,4060181
26500,3894808
26499,3842234
130058,3315880
68103,3039409
68248,3055692
56302,3563360
56664,3572522
125966,3850668
97693,3819649
118636,3600845
3571,4729742
120239,3715614
98773,3662054
104118,3898517
104117,3845943
113639,3680339
113640,3627765
73858,3352489
35124,3459823
116549,3637274
116115,3584700
117225,3712052
116973,3659478
69743,3677650
70165,3690220
122461,3742239
123131,3846968
12601,4333062
26960,3846307
26588,3866823
26909,3898870
27082,3800773
118978,3635586
119422,3724429
97539,3792975
30028,3979635
30589,4021645
115574,3539387
114754,3481204
5830,4452841
6520,4530806
6735,4530831
114193,3638816
37264,67
117931,3599003
111484,3595590
130612,3315671
116177,3585212
115957,3532638
117576,3671727
117275,3619153
77398,3428232
75121,3357077
36486,99
120122,3714145
124726,4007954
125467,3903046
131275,3211551
72862,3165554
73183,3250113
37828,82
38416,91
96930,3845506
97662,3740445
103933,3846314
103934,3793740
123602,3794054
105117,3922877
104859,3870303
70844,3585560
115339,3468040
127227,3873050
78745,3492623
79487,3574080
118728,3532053
114300,3586296
105012,3765174
92229,3353749
15116,4377922
15955,4419897
129803,3472271
6736,4583405
28798,3814953
3543,4624614
69542,3623556
93535,3383581
35745,3339986
3510,4782286
69623,3661405
69858,3637690
3501,4834868
7252,4578282
125151,3955396
117769,3483345
85915,3801263
27032,3853321
27274,3748221
104860,3817731
96814,3898063
96597,3846523
119112,3687567
119598,3732548
34740,3419056
34878,3478626
28141,3688877
104022,3734095
91004,3389965
92503,3403908
68104,3043111
121917,3742061
123093,3742208
102915,3811906
102916,3759332
23858,3983342
80761,3587438
82392,3621347
69862,3624831
70496,3532938
16322,4453174
62557,3670069
129567,3524119
127399,3824825
128073,3723347
97257,3792982
97816,3740443
98545,3687915
114157,3607785
114520,3533751
26852,3919379
29715,3967195
78315,3461614
79151,3545189
37112,72
124935,4007623
3066,4606638
3173,4571450
96185,3846540
96186,3793979
82462,3853811
82461,3801237
116395,3622259
116587,3645427
118858,3585269
37755,3289646
73361,3302528
83408,3696333
69578,3571043
127032,3858173
104423,3898517
68371,3107870
74478,3305364
16877,4475821
16596,4519403
17524,4427686
118124,3536483
127898,3772267
129414,3575890
123707,4002874
102572,3828637
102571,3776063
103873,3723073
18945,4068865
18947,4039609
69900,3585223
70564,3480466
26835,3889655
77021,3393466
84079,3748769
3480,4849312
3479,4796738
116727,3647648
78759,3514180
6594,4518307
130736,3263709
26968,3898738
127763,3820492
104180,3846314
96821,3792964
129918,3523345
7073,4558669
7404,4630830
7693,4716333
127116,3880618
119392,3739910
119828,3680804
114277,3555240
12466,4354264
14342,4385515
112217,3490631
27197,3800749
113728,3575239
151302,3388863
102433,3807926
102434,3755352
114595,3471862
115370,3491218
6892,4479204
100985,3639545
102154,3717669
81556,3568845
68372,3159887
98042,3635366
82891,3853811
35304,3494118
46481,3664252
46888,3664254
98006,3687894
123375,3898770
69482,3522541
69750,3608582
89197,3427629
92659,3456387
12296,4346623
121781,3794090
122460,3794282
129762,3575001
34956,3531196
125955,3955604
96338,3740419
16225,4472338
6895,4490645
89552,3423273
103966,3744329
59023,3439285
69990,3532718
70648,3428131
114695,3506214
115974,3512097
103158,3811906
84411,3696336
119244,3739830
6370,4583019
96308,3741421
110829,3648071
69360,3472810
69689,3570516
14344,4438089
119280,3791736
120177,3689820
27112,3852883
27286,3852871
29716,4019769
3763,4538166
85471,3801409
85472,3748835
3438,4639066
66611,2886599
13802,4451767
12606,4399193
130021,3420300
129538,3624685
125709,4007954
121669,3846082
122582,3845917
98469,3635384
98959,3662066
99792,3609563
123541,3950871
124239,3950316
1270,4980063
1405,4875524
68952,3420548
69423,3524836
113960,3522694
89035,3407452
69964,3585055
74080,3351338
28598,3820700
102957,3828637
119559,3844282
7550,4683400
132414,3212142
114176,3470147
100016,3550630
80299,3500914
119168,3792365
26330,3837148
128537,3775905
121559,3891078
121963,3898628
125509,4060181
3459,4744184
124076,3898313
113731,3508304
113732,3455730
83423,3643833
35343,3349548
117227,3708411
116955,3655837
76241,3341105
75503,3304583
3460,4796758
70133,3480423
70726,3375790
117544,3599330
7029,4543189
79561,3626654
96276,3688910
119044,3844897
119435,3844601
59205,3473750
3429,4744202
3430,4691628
95131,3438805
95132,3386231
120358,3637546
98256,3582832
102662,3807926
34907,3330436
37756,3293055
116590,3698001
100707,3609207
101106,3692091
89401,3494928
92943,3508858
96470,3688902
68993,3472410
69471,3574390
128360,3824825
126247,4089448
129710,3524149
28511,3816876
121405,3899286
121824,3943624
123807,3846212
70113,3532628
99065,3557018
1020,5169271
1019,5116697
31378,3924024
31806,3855616
118878,3846654
119332,3897133
117543,3651904
35344,3380065
35775,3356435
73298,3200604
68458,3212159
68579,3264246
68616,3264098
128143,3873050
116730,3700222
74786,3252877
125985,4105954
121313,3900944
121713,3951832
70378,3428207
70790,3323413
100427,3570292
100819,3661753
31097,3965077
31722,3976574
59315,3495153
46412,3664251
68896,3368158
71240,3166118
73209,3148887
69169,3622305
69573,3622766
67654,2947353
129859,3472330
130473,3367754
68403,3211948
101420,3744598
133213,3369850
133109,3317276
73561,3352532
102804,3740315
118768,3797924
119723,3898396
27174,3905053
27358,3875252
117808,3576021
69806,3584309
69945,3532303
28029,3728652
128706,3820347
132770,3317280
132769,3264706
34818,3453265
121171,3897021
122064,3897242
31919,3908190
68838,3316095
69019,3420016
96357,3688917
96528,3636376
126293,3985536
79225,3483100
80871,3516416
29094,3861914
35137,3583768
125728,4054108
98068,3531303
98426,3556996
27041,3897936
96928,3583838
97830,3478801
103479,3797851
103480,3745277
70183,3480476
67657,3037962
133085,3317276
117343,3608543
7193,4595737
78761,3566754
16532,4494270
100073,3524724
100553,3622838
130307,3419784
76469,3375815
108079,3628533
110092,3595627
113708,3460431
70187,3480004
68883,3368071
70450,3375876
70852,3270948
97040,3636385
118662,3745944
119555,3849689
27976,3738775
101167,3714260
88956,3409325
117001,3642219
128555,3836427
96275,3741464
57140,3540248
123415,3794013
69013,3521914
3658,4659420
3531,4606846
68110,3263915
68451,3263942
89631,3547397
93159,3561361
111552,3543139
113566,3438135
121085,3882904
121951,3883190
99024,3501892
69079,3569878
69302,3660268
124663,4002874
23117,4076576
22819,4116251
23254,4063683
23529,4031707
117003,3694793
98562,3504493
113137,3521061
114995,3558766
130080,3471605
69828,3607987
74086,3403912
103280,3828843
103279,3776269
19005,4008103
96390,3688920
46848,3716821
70325,3427980
103939,3714036
119781,3794332
118550,3693885
119427,3797814
24541,3801667
25602,3818937
99099,3476039
100207,3577270
69278,3607302
16577,4546844
128825,3726650
104202,3722395
100905,3675345
69886,3583728
23820,3801936
125865,4089952
21970,4036794
6805,4446159
124488,3950871
120945,3845358
121806,3845807
70502,3323384
70946,3218540
59745,3594076
6312,4549492
6150,4497122
127374,3887197
76855,3428389
122139,3943558
132035,3317284
132036,3264710
104103,3703003
19154,3962221
34679,3372125
35801,3366366
68636,3367840
68897,3419903
69109,3471789
68275,3315804
68523,3316170
117647,3532658
22820,4155430
22876,4141923
67615,3003261
32240,3831312
84740,3396417
37758,3332956
115375,3564607
116180,3512316
103029,3812909
103030,3760335
118446,3641558
118816,3746443
101926,3797109
16193,4524900
16519,4467040
15328,4633160
15327,4580586
24085,3831428
124319,3898770
34234,3490612
33660,3477813
120849,3794586
121213,3897904
7329,4648307
17085,4375221
17623,4480258
3547,4554276
3915,4485667
97526,3583873
97744,3531344
98602,3426312
126080,4037817
126931,3932990
100395,3629726
6556,4635593
69350,3635925
69930,3531524
29886,3939358
33515,3360385
34515,3359110
32438,3795984
32527,3883886
84904,3408475
27572,3841320
6806,4498733
117346,3661117
117577,3581977
68628,3316060
103802,3735196
29012,3852310
119486,3898860
70780,3270471
3586,4450499
5541,4486714
118324,3589022
118699,3694116
70335,3375716
128469,3824706
67285,3001215
67105,2981215
97036,3636400
6333,4400561
68767,3471668
68957,3471963
82771,3591331
97192,3583895
15385,4624727
15680,4528019
124860,3845963
120713,3742273
121114,3847132
35138,3636342
68187,3367584
68332,3368027
15897,4617456
92569,3613914
93809,3539123
149954,19
101613,3766771
122774,3846052
77055,3408078
98692,3451987
126627,3985271
70620,3322909
71104,3218042
121907,3953673
15937,4577460
67926,3421202
67851,3473733
67852,3473683
67964,3368632
70381,3427630
73621,3405106
118606,3641580
68024,3316131
68146,3315790
106363,3604702
108828,3604712
99723,3581038
100589,3679126
104158,3689896
68151,3367979
103569,3767354
68328,3419228
69984,3531858
114997,3611340
115287,3580973
119656,3846864
120077,3742344
69803,3479146
70421,3375329
70722,3374785
18699,4532832
120593,3689914
121031,3794819
149744,19
66474,2882320
66914,2922942
86025,3853837
115595,3564808
116376,3489522
123791,3846266
128629,3775825
129401,3674104
2402,4656689
27010,3889831
126415,4037406
28407,3781081
109596,3576107
117579,3634551
68650,3419647
101329,3727856
122028,3951934
122447,3891000
70096,3479649
67860,3421113
67985,3420861
68200,3367600
68725,3523453
68820,3523722
80153,3657881
79883,3605307
69699,3531425
70109,3426937
118012,3486345
118943,3588898
111649,3523639
98718,3426133
99353,3528492
15252,4398876
92099,3666447
93305,3591676
83945,3539068
119989,3794792
19093,4092492
54794,3494381
56363,3486071
121346,3641133
2501,4721470
3363,4586531
70475,3427514
103340,3777059
97037,3688972
97164,3636428
68662,3471432
68816,3574028
124917,4054760
129112,3723279
23008,4089354
128268,3888490
69135,3521252
69420,3583498
111012,3418586
69775,3583369
68354,3419671
122322,3899376
89327,3480122
79380,3570632
80962,3586911
117891,3434303
118795,3538752
68682,3523136
100677,3632018
119848,3846761
28767,3804318
79379,3623206
70136,3479541
70547,3427242
37573,84
97646,3374924
67917,3472660
68065,3420518
128973,3772160
97675,3375518
91711,3718953
92843,3644215
34233,3461391
148407,3093037
70786,3322311
101051,3682308
132038,3317284
132694,3317284
133088,3369850
122187,3901115
121156,3588775
27172,3878911
115632,3542030
117556,3460498
68832,3573169
69181,3569175
113059,3490726
35349,3397791
119000,3798394
21196,3911227
103016,3760741
16210,4519588
16855,4423428
115289,3633547
124591,3950675
108980,3552268
110799,3523658
69229,3607010
69807,3531190
121401,3849180
67868,3473269
70170,3427137
79764,3518066
68394,3471433
68764,3572484
117893,3384900
31530,4029134
31880,4029129
123206,3898267
91277,3704945
92384,3696725
67883,3525152
67946,3472291
19127,4078677
19161,4055694
37114,94
99553,3580955
1354,4927151
70240,3374676
70980,3269888
111089,3576232
89329,3532696
19209,4017823
23827,3860088
25045,3871912
18425,4042727
20471,3988451
67940,3576899
124767,4002764
125523,4002214
99235,3582472
100687,3633456
98935,3532109
97907,3480487
98747,3532983
68228,3419350
69085,3621002
124659,3897986
123798,3890897
580,5532187
118744,3693990
5680,4505401
5956,4444667
67920,3525075
69557,3583141
69937,3479236
115377,3617181
89803,3652422
91890,3694451
96732,3325298
3532,4659420
18403,4064183
69017,3672316
69291,3658912
121173,3746028
125316,3950218
111414,3471136
2514,4669523
2677,4623093
122793,3943558
15886,4572149
106979,3558031
34184,3429492
22376,3848192
23821,3832082
98949,3634993
99658,3634985
96809,3349254
97751,3427996
118855,3746328
119324,3745836
68874,3624800
69071,3665667
67956,3471883
68272,3470913
29196,3876033
98617,3584624
112225,3576213
28481,3721483
35350,3402676
125019,3898129
69285,3582932
69409,3530730
69666,3531252
6419,4549692
122606,3951934
121285,3798312
121695,3796622
31529,4081708
23828,3890172
22463,3883331
97831,3480504
119197,3693770
3629,4502043
35303,3466536
109432,3499792
69630,3478358
28236,3726222
70302,3426601
81941,3486371
96246,3279151
122479,3953673
31453,4081691
31664,4081689
70556,3321764
89737,3599898
121602,3745754
68798,3613313
69099,3674029
115411,3617208
68190,3523449
68400,3521342
69433,3634763
124096,3943080
119080,3641432
97034,3533056
97496,3533018
98089,3532980
96404,3300072
82049,3591752
82050,3539178
30726,3962271
118023,3333476
112337,3485461
32439,3848558
32486,3747093
68130,3575962
68319,3573878
114239,3678302
113529,3625728
123108,3883414
27898,3788974
121473,3693470
49875,3430371
96462,3299868
69698,3478906
70362,3374180
3456,4534956
78059,3460652
96502,3348345
67968,3524399
74130,3231286
100557,3685964
101311,3685973
68794,3570143
26356,3871449
29050,3863488
29838,3928483
67184,2967464
67167,2978550
96300,3277495
68915,3634017
69197,3634713
68157,3628454
89104,3636382
113187,3573336
75301,3156954
97033,3585630
122831,3846098
94473,3489852
96111,3230249
16692,4426344
112555,3571968
97756,3585458
115225,3651886
115606,3594476
96444,3325706
96610,3400919
123149,3951905
99805,3738504
100887,3738472
69746,3426469
80584,3534345
6473,4602266
128650,3940746
122648,3797072
32487,3799667
32516,3695130
100699,3226229
68810,3620952
90057,3688908
30354,3956751
68863,3581582
68996,3582523
67934,3576836
68183,3678918
99580,3687525
67155,2975138
26590,3901350
107581,3505583
110182,3447288
35291,3411952
104853,3562982
100777,3790990
101247,3738479
101731,3738520
77319,3438849
68964,3529255
121981,3849180
69487,3582565
115360,3635968
83372,3486646
116240,3594257
70379,3373596
99340,3740022
15940,4475458
66918,2974095
66746,2963075
122733,3949968
68910,3568927
12219,4305419
114561,3711583
113833,3659009
114125,3667179
100788,3320813
33250,3514209
68045,3730126
68259,3626387
77435,3455894
34183,3388664
36625,3388909
121842,3798312
32517,3747704
32584,3642774
6422,4602266
31454,4134115
99681,3741134
100465,3843521
100827,3791000
101621,3791027
102965,3791069
27402,3907274
31659,4134113
69012,3530209
69545,3530185
17307,4324955
17209,4324206
17563,4273619
30227,4003554
35500,3435236
31869,4081553
111615,3463218
112455,3537692
122892,3953771
123597,3899359
121731,3746028
67948,3628863
71629,3478528
71119,3425972
72084,3531073
72169,3531087
31136,4014826
15161,4504020
15162,4451446
67975,3680375
68132,3677595
98999,3636123
69492,3425494
77321,3491423
42100,3292704
99311,3688621
67044,3026669
40754,1
40753,1
112843,3624362
101264,3843570
101816,3843581
86926,3669891
86925,3722465
86743,3617967
87994,3720307
115842,3646430
68048,3730105
122134,3592024
111679,3515426
69058,3477766
123434,3901225
68446,3572550
128402,3992982
129894,3993067
90371,3644169
57692,3387371
13078,4451767
67978,3680319
92074,3646010
118675,3490078
119605,3489994
123273,3897422
16983,4375465
17455,4273009
116754,3512691
117752,3429528
99148,3741179
97350,3386236
25903,3848842
86315,3565959
87431,3669108
121936,3539670
31524,4148188
68156,3625073
68486,3614853
6064,4433256
98708,3690508
99069,3742171
118599,3440434
119464,3440878
128188,4045196
129685,4045284
31692,4095628
122167,3800197
36626,3355860
33375,3395715
32446,3695329
32740,3590338
28832,3856775
29638,3854570
76020,3362951
74646,3327634
75693,3415516
76222,3395695
22004,3984472
97719,3585484
99719,3793672
105526,3510509
57113,3498438
118471,3388932
118847,3492980
17644,4326193
35499,3440583
128008,4097345
128646,4097742
108267,3453109
110810,3394747
99213,3794644
100043,3845060
15163,4504020
58564,3442790
81147,3639485
17521,4221568
74734,3424548
75982,3362949
68397,3667371
68602,3638100
116606,3565225
29738,3922365
92049,3698550
92190,3594896
15243,4357708
3576,4482871
113139,3672214
118369,3336667
118732,3441478
12220,4357991
13251,4261090
69392,3476985
127836,4149403
128478,4149891
98021,3637996
2761,4675667
94511,3438716
121933,3696903
68315,3719886
68544,3690611
77663,3403621
120345,3855038
120346,3802464
102868,3843589
103359,3843643
56249,3466170
56633,3453077
1358,4979725
72067,3583399
22127,3932115
71951,3530843
72370,3635828
33311,3430593
33070,3430315
68042,3731211
69068,3580609
68176,3677582
89103,3591644
32940,3549731
81014,3481935
82747,3434144
110913,3430576
85851,3513398
86985,3617325
59545,3547670
68390,3764520
118249,3284228
118641,3389213
127580,4201391
128273,4201949
99758,3843532
2944,4679201
28452,3723832
74733,3477122
17237,4273017
32366,3747885
32510,3695392
2735,4782665
28065,3740799
28803,3673415
92050,3749227
92500,3699965
28758,3773946
93505,3542366
31503,4067377
101433,3896105
101825,3896136
117034,3481880
117914,3383193
122042,3749168
122503,3747651
93050,3647426
99057,3743018
2897,4730973
110973,3482798
111787,3567536
119016,3234454
94849,3491241
28815,3848159
127392,4253296
128847,4253519
91245,3696694
17587,4169120
98475,3690510
98895,3743014
32537,3458962
22128,3879697
28350,3788889
56126,3417059
68117,3730095
68254,3726117
104401,3615505
122372,3696622
71599,3478298
72233,3583136
20518,3860121
74942,3371979
116092,3617458
17391,4221576
17783,4116660
76476,3343135
127192,4301615
128614,4301873
68168,3778625
83533,3381887
28783,3826458
32302,3776287
32420,3735930
31526,4200762
112748,3619523
113037,3619066
114149,3691558
118813,3284242
87791,3667739
104185,3668038
105103,3563032
20557,3917977
76905,3374157
80355,3429276
122241,3644357
113423,3687442
114259,3696457
29476,3810754
58766,3495316
68114,3772495
72311,3635686
83635,3395647
85428,3460844
27743,3830578
28090,3830583
15241,4313473
15310,4362040
76210,3310388
119063,3443416
128990,4150010
120215,3750637
121160,3751526
127024,4315176
128432,4315421
22228,3908804
106174,3458049
68480,3743114
93819,3594886
116032,3564754
116884,3523694
72821,3688244
16600,4414444
35058,3481783
35809,3448104
32568,3642895
1353,4979725
104011,3690852
104887,3638353
32618,3578375
107358,3353025
101073,3843547
126724,4301281
127441,4367722
32200,3764044
32336,3764035
120113,3698733
121066,3701030
54606,3457379
117392,3435476
118040,3435445
17145,4323748
27431,3858984
27972,3859071
17755,4169153
113689,3697557
114495,3666719
101215,3896102
3374,4493983
6146,4485816
6261,4424482
6271,4437266
76981,3415368
86309,3564763
118809,3339439
128575,4254159
71931,3530591
126544,4263991
127270,4353827
3447,4464313
109215,3384145
68708,3639338
116264,3568864
120029,3646713
120377,3751279
92967,3542384
1021,5169271
1027,5125796
1168,5064562
101053,3896102
103785,3658943
104649,3658938
1203,5084004
1170,5074173
86705,3615177
59006,3547814
60116,3646603
68642,3691849
109307,3436378
111403,3535139
32474,3683431
76677,3384487
79959,3443083
126322,4214990
127105,4316537
18080,4221727
100713,3948626
100988,3948646
1266,4939701
118909,3391738
119363,3390858
94277,3543761
95355,3438749
6262,4477056
119931,3594583
120266,3699255
69796,3714646
69590,3662204
70428,3708401
29133,3705855
68166,3795610
32199,3816618
32262,3711574
128739,4202129
129466,4097452
115913,3617290
26714,3902471
68512,3795647
21264,3940007
22544,3927190
6314,4391210
6358,4353150
117304,3485416
20474,4041025
21157,3948460
28866,3694466
16937,4371152
80392,3446940
103525,3711492
104473,3606455
126070,4165641
127676,4166026
27674,3886268
98118,3438744
119240,3339180
119771,3542388
120146,3647123
100878,3948621
129332,4149571
99693,3845054
68813,3585317
69120,3550839
93913,3596260
95760,3543787
6289,4402568
74645,3275073
115914,3669864
32392,3711529
100669,3897601
113976,3677672
114821,3653822
68204,3848140
68534,3796899
119123,3286881
125406,4115772
127049,4167286
120554,3493072
113573,3671106
8122,4309961
129063,4201601
86014,3512154
117642,3487625
118154,3386710
32210,3606462
103357,3711541
104275,3659004
8111,4366169
130696,4045563
131504,4045635
116502,3537482
101929,3948710
94243,3648794
127825,4354112
93531,3647416
120391,3440791
105026,3585837
72823,3740818
73265,3740806
68373,3822851
68596,3744385
106834,3405555
29694,3907031
29967,3944395
117536,3487659
49399,3411475
50520,3482945
69562,3609703
70179,3714560
69044,3603403
69288,3498535
103049,3764101
104075,3659042
115279,3605815
32324,3659016
71687,3635407
71688,3582833
105215,3553914
120597,3701752
130723,4097663
56925,3403686
93726,3699945
120292,3391232
68757,3637694
68912,3558929
121755,3592135
122828,3490194
68950,3655971
69084,3655977
84955,3518835
83241,3466425
84485,3571335
85585,3532561
76680,3437061
79057,3425118
110849,3539546
112105,3587117
68236,3851236
81605,3365168
68301,3875352
68472,3770337
127387,4267928
69363,3557218
70143,3662063
837,5116221
962,5073250
116674,3530995
68839,3611314
129872,4150010
68949,3708543
69010,3708545
119675,3443416
125018,4063943
126283,4117302
30228,4056128
30478,4010831
117874,3438914
118318,3337341
59485,3652705
60472,3668175
68376,3822854
82909,3414016
69221,3504823
68961,3761117
102925,3816665
103809,3711602
34402,3518464
35345,3490498
68754,3635308
81129,3417519
121645,3644589
122547,3542666
114242,3667822
115143,3637348
1677,1
1715,1
26313,3883962
120318,3597756
129746,4202129
70308,3738284
70818,3686806
119500,3391738
127541,4316874
128225,4301554
68308,3845352
30815,3486508
131036,4098131
131832,4098209
116770,3489129
124868,4012022
126473,4014296
28732,3769540
1271,32
1272,27
1284,29
113301,3661363
95927,3491270
68942,3506659
121539,3696917
121948,3697147
60573,3720749
1280,28
1288,25
91563,3698534
93864,3701322
129529,4254159
119415,3339439
128040,4264316
102611,3869233
103599,3764166
120441,3649815
120931,3649194
124696,3960033
125460,4064568
115467,3601736
86260,3562623
1304,26
1305,26
1321,29
17182,4085307
121375,3749034
121811,3749475
16823,4400947
1282,25
70689,3726582
81763,3470093
130067,4302207
18019,4080431
119840,3184358
31597,4119951
23456,3911839
127871,4215370
69411,3609570
71334,3634905
120836,3597257
124502,3907955
125073,4012579
66794,2963718
95097,3596297
26824,3914291
109767,3488762
110281,3540896
69320,3611549
69903,3661872
116910,3440196
118020,3389559
68530,3740365
84023,3571411
85095,3584410
118430,3287468
28554,3809686
102612,3921805
103365,3816734
79383,3454456
121269,3800901
121699,3801592
838,5168795
840,5168795
72778,3793372
73769,3793380
68639,3687843
68804,3604661
129868,4315783
120688,3545198
1292,24
1315,30
124348,3855786
124916,3960501
107554,3332597
1300,27
114524,3653599
93511,3699983
94592,3648825
131380,4150705
122046,3751817
75430,3209273
36269,3435907
116504,3590056
130174,4202361
68360,3814617
119907,3393504
69114,3604816
69823,3663867
129726,4301912
81721,3398151
103189,3869306
68701,3709636
936,5081073
124212,3803609
125591,3806079
108513,3469746
113619,3677460
70108,3714346
112231,3633682
1026,5156183
121928,3803631
28384,3843187
86888,3592879
104445,3606522
117122,3390603
118290,3339705
127405,4116319
91927,3647445
94100,3647471
128675,4354100
70487,3737951
123864,3751425
125433,3753895
1294,24
70584,3726443
59868,3653467
102105,3313152
114704,3637095
112561,3676163
68467,3792890
68586,3762160
129841,4306398
83527,3518890
85024,3623072
118546,3237226
121792,3753158
119623,3289343
128496,4316862
72337,3951086
72338,3898512
122120,3647690
30152,3633786
125734,4014904
68519,3814685
130942,4097859
101992,3219694
68834,3552399
123684,3699239
125040,3701703
15308,4215448
115811,3564328
71115,3687030
78369,3441677
121197,3701750
128337,4267916
68361,3762373
68456,3762365
16734,4467018
111094,3639447
129980,4254452
130598,4149815
117332,3340609
68866,3500030
123514,3647006
124225,3751785
119749,3341679
120163,3340958
70313,3714181
150713,5
150701,3
68432,3709967
71728,3687380
95942,3491241
68727,3657369
121100,3649813
128932,4116810
68940,3552446
69241,3657133
80369,3503934
79973,3451360
126701,4066174
130434,4201906
115895,3523152
121879,3752331
12738,4410565
33372,3516587
34720,3527325
123356,3594734
123994,3699552
71049,3726196
120072,3289133
125294,3910806
113919,3655017
111206,3676822
104619,3553976
108095,3438822
108981,3521903
30109,3996895
78937,3467924
120996,3597754
25227,3884585
26878,3896360
102106,3300212
84615,3570574
115717,3593584
130277,4253852
69718,3716184
127847,4117887
109770,3541336
104807,3501426
119981,3236797
122004,3700138
122424,3595132
85397,3634750
123194,3542450
123753,3647280
117528,3289470
118646,3185195
68494,3709884
68747,3604940
125528,3962895
126274,3962346
72569,3898514
72570,3845940
112781,3698679
113869,3667828
69139,3624471
69615,3709460
93323,3594925
121112,3545646
101991,3210661
129023,4317249
14281,4265399
57862,3390301
124409,3492704
122299,3647580
114095,3628736
126055,3910337
86629,3632411
87772,3617709
116912,3492770
68715,3486541
68516,3657467
70119,3768553
70200,3766490
70793,3737726
120891,3493365
71553,3739505
14266,4323431
60586,3680828
60124,3628254
80381,3346319
122183,3699773
106683,3386642
108415,3490947
79459,3451262
80101,3398840
78258,3464813
78257,3412239
125794,3858248
143,5646734
122,5594160
105491,3343881
107361,3395670
83061,3587760
82137,3535186
72553,3739938
14282,4215362
80735,3377598
128599,4219052
124106,3440448
111534,3699332
84989,3619373
121389,3753914
103184,3340946
104498,3284891
105181,3448922
71491,3778671
124475,3702053
127199,4067596
69034,3604845
69081,3609840
118648,3237769
118952,3132806
70693,3766526
76219,3389036
76141,3336462
114583,3583835
108479,3542417
109481,3573889
69570,3695920
69971,3761843
101458,3256019
102079,3196502
113065,3689130
20616,3979108
86343,3684980
87210,3655173
14265,4279366
58445,3495349
77911,3431052
77912,3378478
128771,4268353
129511,4264703
103105,3186271
104161,3238733
65697,2998740
95715,3596315
127853,3964476
128641,4066805
117124,3443177
107556,3306707
106643,3334332
69397,3662170
70099,3748230
95487,3543778
68917,3591497
75664,3295024
77725,3326086
65479,2980092
31074,4063405
121158,3650006
69077,3557720
124151,3597534
129368,4215807
126826,4014892
111093,3692021
20714,3947164
107995,3491204
86344,3722806
86738,3722806
68824,3505343
69369,3610054
33242,3478127
129101,4166506
71311,3790147
109141,3594305
121263,3702022
121687,3805714
111790,3689587
126559,3962883
113275,3651865
124304,3649808
124899,3649495
114825,3555532
116083,3474094
105397,3396405
111208,3729396
70147,3761885
58620,3547844
71431,3812777
7,8
29104,3668958
116475,3374316
76482,3431147
76481,3378573
28773,3721637
29375,3649491
121578,3753926
70479,3768500
71249,3818947
72869,3792512
124720,3597250
126320,3910794
130912,4368317
29074,3726597
128021,4016424
107142,3439065
108188,3543691
69889,3714475
26934,3919041
71681,3865339
121440,3702030
127055,3756193
124555,3544976
81665,3482624
82607,3587752
76202,3336500
76508,3326140
130732,4354446
68785,3539081
68828,3591594
109535,3625764
68674,3453037
71773,3917913
70003,3766845
69206,3662464
69843,3662359
78827,3483796
78739,3431222
126731,3704001
82997,3640322
83517,3692896
84055,3692896
109342,3633241
109713,3678338
115065,3516455
116243,3424359
129959,4317261
37972,3318922
49210,3308163
86866,3707742
78353,3378652
79810,3483796
75562,3242500
108190,3596265
108508,3595715
106243,3348366
70455,3800668
117530,3342044
111536,3751906
112166,3648193
75491,3190135
127168,3965048
79266,3344013
81223,3430066
71684,3917913
72009,3917907
106112,3168507
114160,3715365
113474,3662791
129818,4268365
126532,3651799
17167,4102031
18761,4036104
70539,3820844
5875,4497243
6156,4538386
6348,4590960
6528,4590960
100569,3361161
100570,3308587
111096,3629427
72938,3175879
105517,3293350
30111,4049469
33796,3556627
72097,3970481
70481,3814361
71059,3873268
77136,3273586
71089,3871291
129621,4219064
74289,3241816
77087,3222246
29392,3758322
125471,3702053
82727,3535198
33371,3506256
83087,3640326
109201,3620534
115247,3466714
79204,3318746
70995,3866785
130094,4169344
125180,3649808
59109,3600366
59740,3673660
126640,3860919
54626,3416514
85257,3621921
69160,3610142
69685,3714758
68673,3401317
68829,3349498
117339,3166505
117429,3166602
120310,3081136
107538,3543691
108770,3621269
70321,3767030
109467,3587709
72885,3792500
114271,3666127
113650,3613553
54552,3348351
54583,3395824
25563,3866624
27244,3923604
112400,3634673
70257,3714662
124949,3597534
72012,3970481
72199,3970481
107344,3491556
113846,3611849
121441,3754604
126954,3913024
127584,3912502
129557,4119355
107625,3544130
111791,3742161
54388,3331957
28169,3870105
79429,3431226
69046,3557745
69640,3662440
1139,5208757
71645,3899739
1024,5133606
105274,3301617
125661,3442773
54507,3403250
54767,3416424
127409,3860478
130237,4369795
115383,3416682
116651,3323221
82739,3465932
107728,3582733
109170,3588343
100134,3350780
5679,4557975
59356,3621316
77884,3356821
77434,3304247
58068,3442829
88947,3670253
89004,3722797
91189,3722827
104796,3267839
70755,3819466
127220,3808373
27395,3895638
28445,3872497
84161,3579943
85613,3625216
112624,3613488
70833,3853228
71575,3897201
72955,3845074
56929,3416877
57602,3387339
125308,3390517
87689,3629217
1,8
54416,3380239
125739,3652135
70103,3767048
70685,3767127
110511,3537242
114066,3586203
129875,4271598
100133,3403354
29394,3810896
128917,4068974
101036,3298212
102329,3308593
33412,3548309
57512,3422037
72888,3845074
73145,3845068
63972,3007632
65450,2999450
80701,3584762
80515,3540263
80945,3532192
57511,3420775
71485,3905648
115539,3365593
116801,3271071
78504,3385252
78162,3332678
107539,3596265
129089,4017010
2,12
5,12
58310,3495336
69543,3662438
130019,4320901
130627,4317249
69478,3610110
104980,3243297
105208,3294556
33351,3598461
33620,3559016
112770,3563994
17181,4137881
104114,3255656
104465,3220722
72015,3952190
5877,4549817
59592,3638918
125365,3547603
51226,3310212
107914,3537212
73207,3897642
57699,3386334
88547,3734335
88141,3681761
54407,3384977
70747,3819510
36271,3488481
36583,3400066
128110,3965060
108653,3631740
107772,3579166
104464,3352198
71381,3871860
130460,4268355
84978,3630414
86181,3626069
89683,3775371
114226,3548152
80516,3487693
82227,3479626
125553,3599882
126311,3599589
88982,3775341
70615,3819521
78567,3252955
70071,3767054
127953,3913036
130323,4219052
104551,3259866
18763,3986400
19037,4088664
71539,3919259
73148,3897642
73273,3897642
88653,3786849
89588,3827915
115745,3313476
116985,3218829
69869,3714723
70468,3819486
112402,3687247
126110,3547336
112948,3562600
104683,3195902
20502,3982634
127768,3860931
70521,3871877
70987,3871911
71885,3971772
71953,3978305
72419,4004578
29223,3758429
2737,4835239
87299,3588831
125895,3495057
57633,3386954
57708,3368043
59912,3577921
29446,3639127
102159,3303205
128303,3808727
69634,3662483
86907,3635428
108036,3485565
114398,3498326
30187,3512736
31188,3539018
57521,3439736
85784,3604160
86647,3594454
102119,3382363
101242,3329789
20577,3998615
23184,3930895
70847,3872185
57609,3405372
56747,3492239
57567,3421559
56817,3460153
57887,3457514
102459,3210031
122589,3708493
122391,3655925
122790,3655948
128065,3756535
102278,3291266
72171,4030879
115909,3261275
111554,3613192
129889,4119345
71303,3924244
104453,3199770
104883,3178359
58004,3346450
113124,3613978
69438,3715051
69818,3714738
88277,3734305
70437,3767659
105544,3321005
108184,3433486
110927,3588200
88279,3786879
71845,4024156
70337,3715319
70767,3820084
109343,3590362
108977,3538346
109849,3642924
110159,3641934
128442,4017594
89323,3944543
89123,3891969
122195,3656380
122539,3603380
58722,3547863
108721,3485990
109653,3590824
20116,3934801
71771,4043898
72289,4030569
60549,3590899
60298,3538325
71215,3924518
54133,3373197
53399,3347825
54112,3425762
86158,3551961
109511,3538319
114626,3448181
70222,3662904
83731,3532109
84544,3582705
85246,3631011
54444,3437490
27455,3819982
28625,3925071
122928,3603402
99712,3582071
98945,3529504
99478,3634641
99918,3582070
100903,3316640
928,5029434
111502,3514216
106111,3143512
88823,3839407
110011,3694497
110659,3609688
70662,3767745
19948,3886245
122025,3604300
122351,3603836
107505,3381334
108717,3485945
113320,3577079
1033,5104134
49510,3464049
78707,3295202
79141,3281440
28192,3754699
29377,3693852
19969,3943136
71669,4029205
72207,4024150
88825,3891981
20139,3991325
129343,4068964
128010,3913465
33910,3587433
71121,3872425
18941,4038960
27262,3848794
81985,3435127
110489,3747071
122707,3550834
106242,3332197
107165,3329069
2923,4679398
71601,3977047
85002,3582897
100814,3381395
100813,3328821
83217,3479696
24292,3893568
98946,3582073
99524,3634639
123202,3550872
111553,3665766
84146,3559613
121671,3552517
122148,3551756
108037,3402645
114846,3397017
128229,3965572
128914,3965048
116205,3198758
58966,3568813
107330,3306177
89233,3944535
65605,2875210
65606,2904284
79217,3307625
80616,3369134
109801,3643174
69859,3611085
70296,3715401
86769,3547358
87646,3641385
111102,3577846
111686,3512880
69437,3767625
69763,3767623
110341,3695748
101232,3319332
70562,3767835
71046,3820099
72151,4010660
59808,3603382
122481,3551290
116253,3198849
89027,3997105
89403,3997109
128669,3913026
70185,3767913
71531,3924954
81544,3592837
113544,3527168
122885,3498304
49400,3372180
79663,3333323
24982,3868492
25324,3857843
19105,4091520
108539,3538121
109273,3538063
54036,3478270
123860,3339832
128466,3860919
2977,4627627
121967,3552153
122278,3499210
123616,3549894
123402,3497324
123834,3497398
70760,3820274
122627,3498760
115080,3344788
70912,3872617
71418,3872559
83403,3534232
84310,3586808
112280,3576841
109901,3590893
121519,3552875
121784,3499982
29662,3646789
30153,3664476
2961,4627500
111220,3563308
82987,3481748
123139,3445790
89028,4049679
69765,3820197
70141,3768283
70605,3820335
78903,3347776
60611,3538421
60496,3485847
85038,3560043
79337,3348047
80579,3355547
122089,3499607
123558,3444828
106715,3375904
106716,3323330
108443,3507280
110103,3526931
100171,3476939
71521,3924915
113742,3476921
84836,3586878
85524,3507840
110145,3526839
89589,4049679
72003,3977101
84074,3639366
3106,4575521
49908,3424754
51004,3297063
53674,3400319
122398,3446680
124102,3444915
121387,3500701
121628,3500340
30188,3546255
29701,3549108
34648,3529928
82659,3436603
71156,3925136
121914,3447436
75189,3346960
74715,3294386
122800,3446248
123297,3393294
70061,3716133
70512,3820705
110277,3513008
111400,3514640
115268,3292567
116095,3251116
71322,3925078
112959,3629642
122201,3447077
88487,3699692
88213,3647118
123746,3392345
79079,3323681
87391,3599912
28700,3691946
81562,3382645
121388,3448163
108363,3455074
109864,3527236
122524,3394166
84682,3461899
71033,3872725
54286,3489994
54617,3490004
113962,3425643
59666,3550882
110441,3464065
121720,3447794
59994,3525464
122951,3393752
84593,3639436
49250,3319660
83777,3639236
79081,3376255
28727,3568004
122032,3394906
86521,3503786
69914,3663615
70423,3768586
123465,3340811
19107,4144094
19377,4069610
71568,3977442
83547,3586790
111532,3463056
35805,3451158
37919,3364384
30366,3637779
30365,3585205
80454,3407664
83963,3358252
71806,4029617
115392,3281263
111705,3412621
109068,3475169
88939,3714024
88871,3661450
113162,3579727
122344,3394563
122690,3341670
70764,3873185
121542,3395617
83258,3639312
79593,3400248
19632,3934577
87897,3604568
112960,3682216
82160,3384133
121834,3395264
69475,3559254
123209,3341274
3445,4473825
73227,3260809
54462,3542486
54807,3542480
123561,3288298
152096,3336073
101424,3313978
152092,3372110
70894,3925274
71453,3925121
100300,3529505
75539,3346960
122144,3342392
69916,3716152
70324,3768641
114182,3373339
113009,3131001
88107,3608884
89261,3714014
60186,3485857
60570,3433339
3378,4481668
3638,4526387
79475,3452330
79969,3452822
20115,3987375
111962,3525964
112728,3527176
122473,3342067
115558,3228938
95091,3633177
94675,3663498
96092,3631586
96851,3581909
84451,3665815
70671,3821091
150727,5
150702,5
83257,3691886
53968,3452868
122866,3289192
1192,5126747
121648,3343087
1172,5052254
29522,3601694
122986,3236690
115626,3229009
15484,4164504
27665,3781501
60280,3433342
60352,3380804
574,5541590
100874,3476945
71112,3977755
113216,3529451
85897,3459003
87579,3556330
113000,3579688
102171,3216881
71011,3925940
71372,3977672
152091,3349944
121974,3342752
122272,3289896
89053,3714012
89805,3766588
71703,3977478
29461,3618566
28590,3727976
70568,3821158
84208,3691717
54668,3594844
54979,3594929
122617,3289589
100731,3424379
114330,3321121
113328,3476083
54171,3478188
3617,4578953
3698,4578961
108442,3390349
121758,3290573
81321,3617802
81305,3565258
81618,3670331
108569,3442719
122093,3290256
29367,3700015
31308,3591578
71253,3978046
71638,4030029
19379,4122184
19541,4017163
98583,3529363
79077,3557466
79078,3504892
70862,3873590
122404,3237418
94676,3649290
80703,3512721
81208,3565252
113392,3477944
122486,3184907
101364,3292402
110266,3412645
35806,3503732
26965,3845507
26915,3792933
101157,3266002
81439,3722806
81932,3722848
84030,3359131
54305,3530650
54860,3647308
55137,3647220
29270,3665186
152094,3402518
152099,3321977
121870,3238077
114554,3269435
115496,3268947
29572,3569625
100806,3371823
50712,3311174
29666,3585923
88609,3661446
89729,3766586
122211,3237778
71541,4030403
71168,3925971
79767,3476108
140729,3107058
140728,3054484
81839,3775358
82238,3775103
137757,3040002
110118,3360540
111571,3361245
29511,3586769
84209,3744291
31090,3643496
31712,3644152
141158,3033383
56253,3637491
56223,3584917
109551,3398041
100451,3424309
114708,3217605
80596,3512769
80595,3460195
152101,3269434
113614,3425440
103462,3322013
103345,3269439
84681,3514473
95088,3642516
97046,3581899
122006,3185587
1186,5000397
122054,3133054
93364,3606429
1035,5081935
55022,3635275
55267,3679681
82536,3777569
79260,3543478
100287,3476853
99079,3528080
108944,3345709
111465,3309154
71438,3978344
20745,4043893
54531,3582961
115331,3217154
81157,3617752
56117,3622788
56603,3544748
82511,3725029
82808,3725044
85766,3410369
28622,3699435
80453,3459713
29341,3623418
29587,3630345
91506,3261934
101577,3265831
99167,3475530
2786,4627208
2743,4627704
3310,4524190
3353,4554529
54207,3491840
3432,4684097
3431,4631523
80777,3511704
3434,4684097
53920,3452708
108728,3293321
19543,4069737
19705,3964603
81642,3725019
82248,3672483
28023,3754666
82732,3725058
83184,3672516
100098,3224590
12910,4560537
10688,4507965
13490,4613111
69476,3507004
70094,3611783
3620,4631527
93363,3659003
95212,3602312
28491,3587514
83494,3619971
101891,3318385
79462,3528402
34098,3573619
35432,3489907
20835,4096467
81386,3670252
87699,3616699
86689,3564125
86491,3511555
81158,3670016
89025,3714016
93814,3553870
95582,3642515
55160,3687094
55437,3670041
79819,3564255
87457,3616699
85412,3358010
82654,3672508
83792,3567430
114898,3165397
89247,3766590
78550,3595760
36361,3552803
36093,3605373
36096,3605373
36738,3500237
54873,3609575
29786,3637639
102533,3321938
103433,3321974
81494,3697961
103336,3352453
55885,3624744
56503,3584166
81355,3672477
31075,3680550
69429,3454680
69760,3559540
83324,3410329
85139,3385874
82882,3514876
54707,3557405
69980,3664316
69918,3612060
69849,3664657
69587,3507211
70194,3664315
15059,4231910
10456,4455397
11428,4560539
96296,3591770
96350,3612673
4035,4646694
4036,4594120
69789,3612401
96938,3486686
101244,3349367
100254,3326668
70027,3716852
70442,3716851
36094,3657947
19839,3912043
60426,3328274
78549,3648334
79001,3616822
109674,3255941
87029,3564115
56392,3483788
57082,3512597
55051,3641223
92691,3557171
92692,3504597
19707,4017177
19899,3949554
4059,4646694
70277,3717213
70484,3717204
23410,3931531
25216,3930409
30106,3616259
30957,3637188
70289,3717351
70271,3664954
54322,3504884
81219,3534997
113104,3152830
113220,3125646
20748,4096467
21109,4096467
81457,3619938
82626,3619950
89191,3766590
111305,3256905
56649,3531668
57543,3565171
57202,3497372
57931,3436549
110994,3205120
98093,3591796
96878,3539222
16790,4069292
82676,3567405
3911,4541552
4740,4646694
19654,3971534
88597,3616681
87905,3669247
88931,3669251
92005,3546354
92006,3493780
28496,3716645
55756,3722615
56265,3622770
83090,3462352
84263,3462884
95128,3501324
85343,3381016
86822,3366215
84970,3438437
85253,3385861
31766,3748059
31614,3695485
16809,4121740
17729,4154605
30484,3667116
87333,3616681
81504,3514199
85323,3438435
1039,5134505
36844,3657947
36532,3536291
86665,3372003
922,4977453
57240,3509591
58136,3389087
55335,3620534
94236,3452037
63969,3013249
65446,3004894
62818,3171211
62537,3184344
63637,3136242
28043,3743799
3368,4503002
88183,3721817
101243,3401941
42807,3628391
42805,3575817
56487,3556467
14708,4230951
15465,4183535
91429,3568730
91430,3516156
84911,3490778
55719,3605367
28377,3616626
8522,4876048
7364,4823474
84653,3503373
72992,3221041
74306,3312716
87675,3669255
57377,3476261
58041,3408941
83973,3515419
53921,3505282
69781,3560070
57221,3505823
82007,3566710
95721,3507066
69797,3612397
93584,3441220
69323,3402332
27601,3644392
28649,3669049
120668,3029855
69620,3507550
91027,3516225
91028,3463651
79382,3536618
30122,3688295
1210,4948198
95872,3454531
70261,3664951
1182,5030211
88331,3774391
1208,4926256
69565,3455201
19138,3955650
15852,4114717
69719,3507721
55693,3581785
19207,3993514
26916,3776195
3371,4533209
3478,4488988
15835,4133473
65470,2969377
65522,2972740
83765,3567715
84441,3567993
68830,3402068
69151,3297578
34902,3621075
68711,3454640
56145,3624470
3687,4540533
83625,3619732
84517,3620289
56888,3492951
90515,3463665
90516,3411091
31399,3734830
68712,3507214
60109,3308146
65457,2972100
69549,3402675
83509,3619267
84365,3672306
30758,3682265
69683,3455346
69751,3560270
64801,3002363
69735,3507895
70161,3612629
94348,3409595
69155,3349957
65602,2971123
65443,2985742
65567,2968446
55503,3554482
61655,3318181
61429,3265607
113091,3104619
120184,3095667
69348,3350300
54323,3557458
54818,3529591
29207,3774189
29200,3721615
84231,3671841
56197,3571988
56374,3526335
70129,3560551
75049,3365290
1181,5082785
1178,4978339
120203,3076623
66623,2967476
15583,4180446
18395,4088385
78356,3511201
79707,3589016
83846,3986789
83845,3934215
69554,3402823
65591,2965895
69572,3455372
69907,3560383
66646,2961141
69821,3508201
81711,3619165
82241,3619252
90974,3378346
91784,3388715
71904,3179351
74440,3357515
72459,3223456
73728,3272986
83622,3934219
83621,3881645
29526,3774185
50976,3298405
42806,3628391
33662,3630497
81872,3671707
82849,3671699
84091,3986789
79457,3637761
80993,3640317
2765,4732350
2766,4679776
14707,4278115
3730,4484260
74185,3324794
74650,3390575
26629,3671128
27303,3696923
83442,3881655
83441,3829081
34668,3673260
36042,3619941
64827,2977696
42970,3542405
46024,3588969
24906,4017871
24812,3965297
56285,3528466
83967,3934219
81491,3671423
128006,3025480
128594,2991950
56273,3469250
56744,3522027
6280,4770902
2674,4712424
91874,3357104
79183,3690247
81285,3654806
58145,3447880
2758,4659856
41212,3512159
41211,3459585
668,5549356
58244,3429075
59099,3371898
5961,4594126
29527,3826759
29800,3826759
82490,3723987
83117,3723969
74545,3443023
75922,3421787
120669,3063544
23012,3959017
23406,3960265
83227,3776523
83721,3881655
55448,3504934
55542,3505002
120702,3012105
81319,3715510
82497,3723550
28671,3721229
88539,3355999
69786,3455735
59189,3424023
59913,3352894
88522,3355691
120704,3045089
82712,3776092
121258,3033608
127997,2988082
55524,3453394
79015,3653934
80132,3707328
83521,3829097
88531,3511234
88532,3458660
56256,3491246
81151,3690260
82265,3743979
74461,3411547
75684,3474239
55786,3400905
128563,2975243
128765,2960626
129256,3022510
54746,3276841
6228,4718332
73864,3325094
102534,3329645
56164,3466866
78668,3601529
79955,3683918
130885,3075079
59679,3404945
60194,3404977
56179,3446351
56643,3521463
77064,3474335
78450,3548999
25592,3982983
82045,3707314
128407,2974155
124073,2966808
129141,3013195
21710,3981182
36294,3576479
77116,3501732
25032,3926478
130886,3096850
101878,3277087
74202,3377150
74610,3464106
18382,4023439
130888,3065764
38750,3354467
1041,5187079
24236,3964791
62231,3213192
62043,3237647
31401,3787404
1043,5187079
60617,3283090
15274,4227535
61269,3253636
77933,3654093
79098,3654037
81505,3677574
88540,3340005
71948,3194928
72602,3275977
74611,3516680
74798,3506992
88521,3333730
37625,3407964
38717,3399652
41249,3407013
69706,3298203
105066,3487261
105065,3434687
63269,3137871
63857,3099473
69556,3455390
19181,4013849
19304,4029958
74799,3559566
75004,3538565
18572,3990334
19139,3979260
69728,3403274
56641,3509240
57094,3472215
19182,4032223
18604,4027879
69464,3245753
81074,3683629
77934,3706531
79362,3706427
72088,3247441
72692,3328481
76838,3449647
75009,3506850
75524,3526709
56044,3439889
2803,4732848
2781,4680274
58963,3471525
59327,3420461
33377,3621507
33132,3655379
32879,3635512
56051,3420827
56559,3498597
37184,3454931
32355,3669331
58773,3500349
59045,3503525
99948,3275532
123812,2977952
81813,3683609
60048,3537870
59843,3485296
38651,3442733
42052,3564691
42051,3512117
66624,2955957
72182,3299945
72804,3380972
79694,3712663
80887,3686135
34511,3711731
35207,3675441
66742,2943221
31100,3737296
35817,3628308
58469,3481572
58838,3532269
34067,3681457
78318,3736462
59955,3432750
60262,3457524
41770,3459559
42248,3505267
66645,2941976
56771,3462647
58253,3448882
62369,3209309
62797,3173199
89201,3511234
69832,3350752
2673,4764998
70914,3174370
58530,3506973
75285,3538534
63527,3100604
63885,3059698
32159,3696916
91434,3304618
63557,3054892
70961,3186902
72306,3352436
72910,3433436
82153,3658986
58346,3444794
60065,3485293
60306,3489748
28703,3826373
28689,3773799
78648,3688601
80492,3689654
104578,3382161
105380,3434662
26832,3802016
44419,3560520
46130,3641543
74472,3429562
74746,3473150
60131,3495534
60372,3460218
686,5601930
72410,3404900
73101,3485853
17766,3998740
31897,3729146
32308,3714462
60598,3332359
60757,3335626
91348,3295915
60213,3464207
60462,3433525
81474,3686376
31898,3781720
55713,3382705
56435,3460944
17795,4047679
20171,4201090
20011,4148516
75258,3539163
90107,3483480
90108,3430906
19961,4148520
19871,4095946
60265,3460320
60518,3384907
61155,3238505
61799,3226141
91082,3325860
91387,3253595
2178,4667605
72558,3457317
73179,3538273
93408,3272207
60315,3412699
58666,3612037
58665,3559463
75000,3506809
75549,3567720
29123,3826373
59825,3453324
35901,3539397
35075,3672929
88914,3284710
93319,3246349
77172,3507446
79248,3554090
33802,3690198
60393,3360153
60692,3384674
75551,3620294
75797,3554537
2969,4732848
66727,2926634
66737,2937008
27811,3801991
27522,3749417
80806,3687642
60477,3395659
12553,4417555
12332,4364981
27039,3736783
60551,3364342
60835,3364410
73037,3590177
80989,3636250
97630,3309591
75015,3607013
76565,3502104
77065,3479443
77113,3506176
79140,3508832
62649,3202837
6227,4770906
26752,3827268
96426,3197285
89158,3353530
81832,3635078
14464,4259887
102492,3329615
104602,3382139
69730,3193890
66789,2957576
67024,3005143
74037,3482042
59520,3452089
1177,5030913
1176,4925842
36933,3490895
60589,3369685
60933,3349304
79083,3509749
89772,3511150
89771,3458576
59161,3463070
77301,3531819
79782,3663610
58944,3502951
72907,3561697
73345,3642001
60639,3352991
60987,3343582
66507,2959004
67633,2998588
19673,4043380
79953,3638193
81153,3584828
58590,3502570
59708,3437678
31420,3751982
60723,3369309
61051,3291058
77078,3584277
78993,3569759
2435,4638717
74405,3525659
20409,4005281
23155,3998918
89152,3406090
72650,3509678
73239,3613601
34857,3707814
723,5500209
721,5447635
26389,3851477
76861,3554580
79046,3636068
62189,3198014
86302,3486364
85076,3538484
85529,3538712
86808,3434162
70019,3173388
60773,3316806
56120,3433998
56571,3487237
74548,3549401
60097,3495488
100797,3329619
35765,3584050
59800,3468804
69836,3175264
71075,3239361
23573,3975430
77779,3636628
27590,3797381
13506,4365017
13248,4312443
56681,3524047
80109,3585657
81164,3582532
84610,3590176
19303,4082532
19569,4031317
60889,3264256
61597,3210088
20155,4201090
71363,3291887
72183,3291844
59864,3436786
101841,3382175
73633,3534466
74181,3534553
83432,3640374
82592,3587800
28054,3883866
27906,3831292
56612,3507301
27213,3789292
77157,3607117
28837,3772551
72980,3561635
34472,3658240
79576,3583529
60287,3443540
56668,3491893
65932,2895077
58410,3450087
1206,4874172
1314,4978830
58329,3449305
906,4977461
73459,3639362
59984,3417248
64275,2996618
55318,3349293
64299,2970313
32918,3687331
33191,3681743
74092,3586942
26787,3723571
76624,3659623
77607,3648420
84068,3592672
85464,3554165
35563,3625780
83753,3620482
82918,3567908
19221,4029637
73106,3641913
73595,3586924
86176,3486521
87678,3381859
67710,3037151
60134,3364770
63123,3168489
56314,3501321
73002,3613566
18504,4010996
62507,3186313
73904,3622943
74315,3578048
32969,3732464
70865,3365205
70341,3332829
71125,3344437
69800,3149637
12088,4399219
11804,4414751
27258,3817804
85971,3538688
60499,3369603
88860,3313508
59379,3426279
73771,3586847
81465,3572022
18402,4075600
18471,4042344
60238,3367891
43032,3594979
76078,3712045
76710,3712044
29201,3825125
73507,3639387
59171,3515608
56526,3491947
56935,3451319
31936,3752129
32374,3753023
60581,3369636
74283,3613397
58786,3521781
58983,3555486
76790,3700864
73307,3641942
73637,3691950
72848,3614098
60332,3367907
87908,3329409
88699,3346798
58795,3574313
33061,3722722
103857,3434698
83244,3542917
84352,3568197
55348,3331273
76173,3753342
80623,3508245
58613,3555099
74005,3639421
59193,3530837
62011,3181257
69801,3130709
80668,3554696
80576,3511003
16562,4324533
16561,4271959
86590,3449953
18157,4028143
75144,3659563
81861,3553681
40244,3387184
69386,3083421
60432,3327313
25724,3904186
59015,3571942
74796,3579922
72790,3606136
73088,3605498
63307,3132613
58494,3429066
27405,3841866
76427,3689053
77899,3622186
74547,3601802
32762,3765332
73421,3694505
73731,3744514
58429,3427387
56698,3480647
57853,3425440
70157,3280314
70494,3365189
88779,3317409
63081,3040763
73196,3636448
69838,3166172
69936,3227771
88158,3342046
58819,3592784
104243,3487185
76243,3702982
35250,3616600
60753,3346723
61391,3235115
26425,3696858
28409,3895142
28363,3842568
69439,3126927
18104,4077351
59421,3424601
71433,3344401
75074,3632270
40219,3435611
83556,3515649
84962,3516891
60516,3311855
88218,3311599
741,5500714
739,5448140
75246,3711985
72789,3553885
58647,3571094
67734,3035083
151827,1
151828,1
76465,3674616
38006,3482488
39029,3490333
73563,3747069
73789,3773584
74384,3645845
36528,3535643
31419,3753139
70612,3332841
72641,3501674
72971,3553585
73490,3689012
6229,4665766
59199,3478821
68205,3082639
5824,58
5823,44
28787,3812767
82651,3531788
31746,3729070
75326,3675143
60602,3259335
73611,3770838
7602,4613202
733,5395574
747,5500710
13249,4365017
678,5497663
58827,3609649
59217,3525585
59717,3398936
73363,3658062
70572,3396952
71545,3396922
70374,3280294
72555,3449272
72828,3501582
85342,3464839
86992,3397566
86981,3320148
89416,3282715
750,5553284
757,5553284
72465,3396850
72325,3344339
27099,3765815
121,5646734
62919,3152455
55802,3383535
56204,3474468
74579,3634678
85844,3307896
62361,3151932
59039,3557941
59239,3515548
33410,3735072
711,5395082
58851,3577607
75182,3664119
72721,3449195
80257,3502411
82733,3505620
84844,3464122
59068,3536853
74386,3698419
58693,3534034
79934,3510184
73629,3741576
55895,3486895
28361,3868389
58875,3552956
31798,3768968
72616,3396779
61707,3206008
71319,3449479
71665,3449442
31745,3744895
75262,3689103
16658,4324489
16885,4219412
59881,3362296
79735,3659714
78883,3647547
79550,3690886
80427,3607209
70656,3417713
78441,3631191
79148,3683373
71480,3437842
26719,3801869
26700,3749295
32266,3778090
751,5343502
72453,3344317
59247,3463008
31816,3771041
31938,3788531
28982,3846210
56089,3514606
56416,3507435
699,5446679
690,5394105
82297,3553407
81865,3553404
82933,3500838
78861,3667917
59084,3484317
60035,3342176
713,5447656
85786,3360108
709,5342530
63177,3117046
58893,3500423
1350,4823470
1349,4770896
74737,3664137
59499,3400009
56269,3507443
84171,3476664
37090,3520116
38632,3535042
27648,3856010
3648,4567339
3707,4536127
58703,3481504
755,5396076
60157,3342277
70830,3385346
79964,3667384
80364,3614885
74521,3677106
81669,3605972
82516,3500835
59263,3515259
59106,3536133
101547,3434699
31956,3817452
20209,4025805
58913,3531899
16706,4271957
17583,4166862
28723,3878206
85910,3276073
88465,3334386
25363,3946630
26140,3908143
26203,3886232
71731,3437814
60257,3291136
79701,3615065
744,5290950
44420,3613094
46628,3507973
62137,3176280
62779,3116855
58731,3479482
14115,4276664
17906,4061766
61204,3221666
59295,3495346
5698,55
5694,41
72477,3396865
32628,3817107
31913,3814918
32010,3810961
81670,3553405
82080,3553403
59158,3516458
72219,3449426
72769,3449423
34040,3702301
78347,3609098
85450,3412291
58582,3393630
54890,3297182
93500,3303145
80019,3562573
58947,3533765
58503,3391153
26336,3875319
54916,3279559
26806,3791011
38752,3536706
40147,3484961
93397,3261196
17601,4043888
5572,48
5538,44
5634,46
70646,3385365
71789,3490357
91294,3238812
78989,3667514
74523,3729680
58775,3430275
83584,3448270
31773,3783484
31847,3790551
3717,4514838
91360,3272252
97435,3267722
78889,3648255
79199,3615131
57176,3375118
78203,3583866
56428,3481026
6428,4468646
5826,58
5816,34
59847,3327764
60449,3238654
101403,3487221
103725,3487222
59325,3452514
78913,3580485
79339,3630345
59601,3349720
71606,3490419
71962,3437913
79073,3577809
79533,3609042
3653,4533108
3723,4498705
29414,3883646
29551,3908865
1811,4771941
1502,4719367
78697,3610720
70577,3332832
3284,4598192
6047,33
59331,3443967
59969,3291045
78147,3532240
58973,3482764
23483,3955067
706,5289987
718,5290477
79231,3556506
70932,3437926
71662,3542981
71140,3332829
31824,3792093
72577,3501982
72977,3501995
72220,3501988
72243,3501985
3288,4584668
59165,3465024
59383,3392423
58977,3482730
85110,3412069
61470,3192624
87924,3439530
87923,3386956
59210,3412547
78571,3558337
716,5237934
736,5290716
32540,3856535
32620,3850135
17591,4219413
17645,4114303
58821,3377773
78023,3502818
83202,3500838
101205,3434693
103551,3539742
70734,3385370
2187,4668124
2465,4646508
85194,3360125
6319,4478526
59029,3430234
63041,3078984
56111,3474728
17607,4166850
39900,3525195
2448,4674472
3267,4649852
71032,3490487
71716,3595540
55884,3435755
79112,3248691
32140,3795421
32404,3830589
17192,4219393
72587,3554544
79615,3487106
77841,3461206
78160,3491539
72386,3554547
79729,3504017
13085,4625685
13086,4573111
34832,3659707
36438,3574903
8505,4451695
10511,4404077
78961,3562573
71088,3543042
71802,3543037
27139,3881295
28232,3908001
26636,3815445
78871,3541121
38350,3587608
38982,3587605
62599,3139312
26297,3905297
73107,3554569
32494,3882428
13070,4573110
13238,4520542
731,5238401
78447,3519085
32467,3881579
84533,3425088
56212,3481874
72712,3607114
72884,3659688
32644,3858161
77707,3428346
32664,3805674
78658,3519074
78980,3514917
84551,3411805
17568,4013357
58717,3340998
60207,3261456
61009,3201317
13069,4520542
100798,3382142
103379,3487214
16724,4324505
77579,3380787
78131,3471330
71172,3490495
71882,3490475
61844,3163021
78282,3513830
78191,3502962
26385,3721761
16736,4271940
13876,4310300
13954,4291008
30728,3986338
30727,4038912
31034,3933766
59609,3298524
16677,4324310
13512,4467974
72714,3659688
32625,3831526
32786,3774483
13773,4467986
13588,4415412
78551,3491508
58909,3337540
32489,3874899
58654,3360919
29244,3883628
3425,4702426
62823,3088461
38349,3626648
38757,3633674
16477,4306577
71258,3437934
79376,3467577
78371,3460575
62847,3049834
77121,3330592
78125,3428110
78721,3488903
79144,3536635
59285,3319049
726,5185855
83970,3395712
25019,3919454
25555,3959504
72222,3554562
87926,3439530
103276,3487188
104823,3539745
31033,3881196
33998,3745125
32561,3856296
32771,3873250
26161,3919880
26225,3944447
79124,3520076
32497,3857741
46552,3455430
47870,3560543
84046,3386223
13798,4362854
33277,3907790
33985,3835848
78977,3534572
77875,3480633
71338,3385373
26280,3909944
682,5445891
683,5498465
17198,4271932
104565,3592304
105373,3592308
48018,3613117
78197,3511155
39362,3616653
79253,3443219
102184,3434665
13799,4415428
692,5342047
693,5394621
56430,3533600
56536,3455683
13071,4573116
11803,4427661
86716,3210949
78835,3513146
61301,3172536
32428,3839099
105087,3644866
105583,3644882
78611,3563643
12917,4301790
82604,3352167
91053,3265270
93298,3280446
68149,3055717
68802,3111725
31365,3828628
2179,4673570
22699,3985585
79155,3495733
29767,3931346
26209,3888707
26281,3939122
77649,3430889
26386,3752967
26289,3763508
56802,3427623
1619,4833795
1253,4885301
1625,4886369
1635,4782257
2135,4679487
2213,4669077
71817,3490517
71379,3437943
79053,3548239
67703,3029680
1787,4730466
67725,3026225
68771,3085822
79069,3416672
76805,3278497
77455,3382678
28529,3930773
28825,3918494
2662,4649674
78113,3468664
78543,3537736
1218,4822380
121075,3038448
707,5342561
26786,3867074
27663,3931626
2031,4678200
2663,4636054
3300,4637242
62402,3126230
77093,3330855
60745,3224565
67625,3122105
67626,3069531
2864,4659800
78509,3535451
71445,3490517
120874,2999384
152160,3048120
59073,3300702
78939,3521682
49196,3613117
29264,3909572
96284,3240933
78361,3496386
67159,3033737
42614,3416595
20755,4035709
103999,3592307
36562,3578791
58804,3324231
86842,3223031
91549,3317826
41213,3466429
59875,3261388
66165,3009428
66108,2956854
78845,3469184
78497,3521681
104477,3644869
36467,3613575
61605,3143037
36559,3568315
32180,3826776
78149,3491283
38767,3653471
39790,3564329
28393,3958878
26126,3867508
42,5549969
728,5133769
78397,3438786
33144,3940102
33921,3863605
59399,3282075
698,5186333
764,5081675
76653,3226210
62630,3074654
32318,3864100
78817,3386273
62644,3036219
64117,3011269
79094,3299788
61115,3196731
77287,3330900
90629,3370390
92063,3368798
28194,3956494
2667,4688628
15821,4289722
28453,3963643
36142,3654091
77079,3278403
77591,3378852
29306,3933305
6364,1
6363,1
17351,4324506
17290,4324506
77343,3326349
77715,3421766
20560,4088235
21871,4015495
92850,3333001
95264,3283705
77555,3369263
78077,3456859
34726,3702656
74968,3173761
31427,3858767
34715,3801787
77839,3404357
28064,3981081
12730,5
12729,3
92805,3385514
26004,3954084
26115,3773958
29000,3972956
39105,3600909
58843,3323253
1193,4917082
1249,4937325
78673,3351849
35900,3701938
60539,3224749
94978,3336260
33038,3959491
61401,3167526
62225,3106483
93107,3414228
31288,3886406
31591,3889073
33538,3885018
34629,3829950
67176,3049155
59625,3281595
38514,3557918
52448,3326559
54797,3253357
54921,3255090
6211,57
6203,43
7236,4603326
7599,4560645
41216,3519003
27705,3917325
12732,5
13379,5
16448,4029060
29384,3953221
32812,3923918
7206,4592357
1056,4874192
29022,3956667
16523,4056812
6942,4539822
7124,4644929
21855,3994648
35887,3757371
54871,3216409
59244,3228883
11528,4406192
12381,4480235
63958,2957778
64583,3022883
5537,47
5645,38
8118,4472956
60831,3197192
59213,3283472
62477,3054849
52544,3303250
53298,3289517
54803,3241555
103864,3539747
21355,4046824
23687,3962270
59237,3188890
32331,3907004
6226,57
7080,4592394
62521,3016527
63930,2997769
90630,3422964
58932,3306918
102473,3539751
93900,3211913
93110,3466802
93737,3388823
701,5134239
806,5029565
104271,3644868
70958,3414279
70510,3389447
71272,3436409
11343,4353635
94144,3167366
32231,3860095
20506,4298465
20378,4245891
34208,3858507
35369,3785282
25672,3857350
26070,3823589
103759,3592307
32129,3917735
20377,4298465
61965,3131079
20507,4140763
93740,3441397
120560,3100692
120559,3153266
7946,4508093
807,5082114
32281,3911932
26268,3784336
26466,3800351
22055,4309530
21799,4256956
70276,3361615
70574,3428353
23695,3931720
60245,3245606
43054,3452776
46472,3489986
49028,3461952
20345,4193321
930,4925865
103139,3592312
6694,4487271
61219,3168916
25004,3887212
24651,3903358
70370,3401631
71038,3451970
8030,4472389
32207,3888947
939,4978439
20174,4245878
20152,4298430
20143,4298430
64224,3010348
64721,3075457
19709,4456121
19710,4403547
20133,4350975
69894,3321444
12231,4458766
104274,3697442
29771,3952728
29876,3954556
19737,4350975
23656,4014655
24577,3933978
19642,4350975
20105,4298417
62241,3079402
25571,3899546
20395,4245895
32477,3907955
62279,3041213
63745,2978312
69991,3361203
70658,3427023
69028,3216803
69027,3164229
26051,3844407
147178,3085957
151807,1
151808,1
78804,3260988
29740,3972824
29792,3993982
24493,3986237
1063,4926736
1155,4907006
26263,3805159
29810,3980315
1161,4914877
69592,3269219
20447,4193309
29735,3991088
29819,3989607
71328,3456340
33406,3905634
34998,3812054
30434,3979397
25677,3868387
78932,3209962
26008,3867560
78588,3218374
60565,3218949
36018,3693517
36165,3689171
8009,4455978
78781,3167537
85056,3161616
35991,3720702
26241,3834913
26367,3845767
27441,3896433
69694,3309427
70317,3387069
27454,3936400
28487,3941930
20165,4245861
29407,3975521
29421,4000403
75068,3123796
85027,3118598
70824,3436313
71572,3462715
29793,4009507
30437,4014168
70720,3451883
22177,4362084
21997,4309510
29751,4013528
66487,2944904
67150,3008944
19696,4298418
29787,4031330
28514,3973688
69260,3216711
8052,4420316
59305,3245720
59996,3265740
5539,61
8082,4377125
59060,3268916
26116,3792987
8047,4415773
9682,4332557
65956,2900323
67127,2994513
58961,3284829
33226,3931277
33309,3927682
69388,3256921
69942,3335316
36033,3750402
61647,3132737
43777,3498073
8017,4457448
8077,4418176
31776,3927561
36101,3724409
36304,3720533
1153,4959534
1163,4967451
20244,4245866
70463,3412480
71014,3436194
25913,3897024
19641,4403543
6641,4471340
8871,4373948
119568,3035317
36305,3748330
37728,3669617
22825,4277168
22826,4224594
35728,3776787
38207,3590869
60923,3191125
22815,4277162
23038,4172026
13777,4625453
13778,4572897
14077,4648922
69098,3204440
69656,3282810
22999,4224594
23247,4119462
31125,3956481
70580,3410680
71276,3456339
24212,4091368
24183,4038794
48560,3496329
50076,3472692
31126,3912107
70160,3425401
31650,3990637
41146,3457956
14200,4701496
1252,4989899
1323,4989899
29779,4017760
61983,3081043
70034,3373730
71658,3410219
16762,4342296
62039,3042914
13926,4625391
14293,4596363
29802,4036014
70098,3425960
70202,3358160
70928,3432383
69322,3230329
31649,3946944
70151,3372874
70010,3321199
99746,3592321
29429,4022137
13970,4596365
6423,4463287
6516,4491293
37179,3695985
6499,4486793
6393,4441832
71292,3456218
21663,4204390
69772,3268681
23645,4066902
23881,4067129
25679,4054655
25595,4107194
25663,4107207
25751,4107221
25885,4002112
28540,3997577
25705,4054665
25807,4054677
71424,3428691
25785,4002111
13562,4520347
25867,3949553
23884,4119703
71820,3357705
68888,3138750
22816,4329736
6455,4450116
23001,4172030
68264,3125877
68812,3114930
22223,4309454
24423,4038432
1391,5064678
1340,5012104
30361,4075637
30255,4023063
69882,3306706
70516,3379863
27474,3965870
60382,3239829
33523,3977780
59443,3228188
59813,3228275
69454,3216199
71078,3405841
63781,2938273
22045,4256888
22423,4362028
99745,3644893
59222,3251058
50949,3525266
59139,3266030
30630,4067890
30577,4015316
13754,4596372
14064,4543806
34384,3857986
69564,3254226
70172,3328578
61383,3155653
13578,4572849
13858,4543813
14408,4701505
14407,4648931
29824,4022043
13673,4520298
31706,3937210
13392,4467801
67153,3014057
74967,3207241
69108,3163722
23783,4078881
70652,3353321
67166,3086076
70992,3338791
71992,3351721
29449,4009227
6222,4404679
34219,3898697
14499,4754077
14500,4701503
15822,4238887
20219,4298434
72813,3076349
68742,3155066
99764,3697467
22822,4571521
22794,4518947
28546,3986717
69816,3276098
6253,4412002
25391,4145501
25604,4145513
26003,3913827
25665,4107213
25710,4054673
25889,4002093
34045,3940776
33723,3963446
60716,3212911
67862,3152385
67830,3166826
68089,3165440
33615,3967523
70330,3302106
22494,4361848
22417,4309282
22644,4414162
68731,3157719
37930,3620386
38345,3634371
69075,3176189
27480,3955981
60217,3202550
85166,3204656
85127,3162908
61613,3103953
21647,4151841
59557,3211736
43772,3533064
46191,3516420
20220,4351002
22545,4361596
22712,4466375
82026,3074442
68504,3155202
61651,3066367
62385,3020540
82203,3119957
86691,3169308
19580,4456111
22655,4413809
19579,4403560
71332,3404181
72092,3341169
12555,4310229
63311,2957661
21613,4099336
22264,4204286
36810,3721246
38044,3647386
33852,3924403
63333,2917462
69922,3249619
35622,3801143
34996,4069706
34995,4017132
15906,4186349
21213,4098977
38270,3665470
38662,3668017
31809,3924355
47794,3529326
48532,3548864
22311,4256825
29844,4000857
94093,3125835
70192,3301686
71194,3391332
88302,3227555
93827,3175730
25392,4092950
25577,4092959
29469,3996505
68078,3191556
68299,3181823
91501,3083056
88259,3185492
91758,3187048
22059,4151817
67261,3092565
86801,3180953
67236,3019216
24690,4300937
24684,4248363
28572,3977701
69208,3197143
25615,4040402
31713,3947249
33665,3942127
71474,3351603
72230,3327941
34748,3964562
35505,4069706
32120,3916334
60545,3175803
61246,3184635
22193,4204223
118469,3127280
118470,3074706
67804,3154018
61693,3044582
63033,2996308
22584,4361431
22742,4465883
71232,3410297
59904,3186406
27498,3908283
71176,3387041
23799,4131057
33360,3910088
19131,4473524
19035,4420950
68570,3157430
68955,3181011
14134,4491263
24648,4195796
25022,4300928
71297,3404091
22677,4413664
22901,4427228
25012,4353490
93032,3449779
89762,3397207
91177,3397207
24390,4090685
31603,3957895
13781,4491268
68062,3186765
38216,3692849
13826,4438716
35774,3816293
38611,3696052
70519,3351221
37503,3673000
67239,3097000
65915,2865434
33436,3962588
67060,3022339
59627,3198822
22196,4256797
22331,4256548
46744,3523385
47790,3538256
25909,4025625
13391,4415248
24940,4300925
24786,4248358
24918,4300925
69161,3191920
24992,4300926
35675,3788135
70414,3299335
35771,3763935
26029,3934436
59404,3200655
26148,3821272
31945,3941638
32914,3898646
25406,4130727
22402,4308550
22549,4308885
68363,3183087
68806,3171226
59311,3215537
71676,3341112
72346,3288112
29868,3999975
50306,3481819
1390,5064678
14618,4543837
29485,4000844
118070,3022134
25921,4039509
87543,3183448
70678,3334598
67802,3138203
16220,4238923
22506,4360835
33442,3962662
19036,4473524
35478,3811129
39916,3487559
41740,3510509
27862,3935261
28608,4030223
69660,3194365
22881,4374691
68056,3227051
6305,4411801
9631,4331421
25924,4092083
25937,3986974
70403,3246862
68116,3193820
68631,3189408
70500,3298747
68936,3196251
69583,3200860
60318,3160029
61073,3147650
13916,4407833
24636,4143237
27961,3948718
24780,4195799
61285,3103930
21107,4151129
21587,4151403
24910,4248364
52182,3399669
52181,3428436
52399,3360653
49906,3601438
26854,3857428
27518,3930906
26856,3874259
61313,3066692
71920,3301811
72456,3235662
89761,3344635
12912,4362731
71323,3362207
16024,4133810
19468,4368380
59774,3214701
24283,4142724
52546,3336566
12954,4415283
11606,4287377
52396,3390010
26224,3841808
69235,3221275
67784,3107590
67983,3190653
68038,3225456
26189,3948707
25973,4039530
66109,3009428
19353,4473526
19354,4420952
44568,3548635
25456,4165960
25545,4144614
52507,3366503
89656,3292067
72814,3125372
77642,3026918
68123,3177526
34745,3982042
70960,3327535
72487,3158041
67993,3159964
72058,3249337
13242,4467857
71557,3323192
43762,3583485
49902,3534365
50806,3464884
41872,3558703
42009,3552421
22883,4322179
148493,1
148494,1
29878,3995471
68418,3186916
12982,4467834
25593,4092079
26041,4092091
89062,3288474
90470,3239550
70665,3146978
29499,4031317
68926,3197209
42664,3589798
43708,3624705
62553,3020951
52223,3409492
53343,3402807
25486,4144629
33316,3868367
22330,4256038
13146,4520408
19809,4420948
19680,4368379
19792,4368394
19953,4473522
68694,3166786
21409,4203899
21410,4256473
21841,4255992
70340,3188478
21590,4203734
71198,3288833
67209,3091821
67238,3124640
48488,3581898
69395,3241413
70137,3205647
71368,3236331
60171,3179726
32362,3948649
38880,3664090
60824,3132149
12983,4520408
13032,4491302
31564,3981502
123765,2987045
38837,3692141
67600,3177214
6651,4464375
68775,3186908
19594,4315816
67124,3041966
67040,3008874
124009,2987479
124403,2992972
13678,4460389
13520,4355909
24609,4316407
24557,4294073
24752,4334329
137758,3017760
138109,3092576
49654,3579027
69876,3238690
24702,4316401
25052,4301575
116141,3010895
118166,3008947
13702,4512963
19791,4315825
19782,4368386
19750,4263262
118447,2981735
124197,3040051
31902,3992582
125954,3092625
15991,4131982
16072,4081602
19784,4420960
86239,3179491
88616,3235957
69116,3201508
24966,4258309
21852,4256027
29934,3977442
71199,3341407
37282,3711687
37103,3697897
13066,4460433
62819,2982644
30572,4066960
31178,4003101
24320,4255526
34228,3844847
67046,3027817
29427,4083858
29539,4033548
22391,4308274
67744,3057800
29203,4136403
29438,4136404
24661,4368962
25102,4368975
62859,2947537
63827,2911601
49158,3614997
15682,4177843
34905,4034616
22528,4360554
29163,4162519
29205,4188946
28861,4154874
31174,4054652
23332,4183482
24125,4183249
68924,3212216
69674,3183205
23145,4340489
23130,4287915
28823,4135305
28697,4082761
28844,4170228
50302,3720141
49296,3667567
31540,4001855
22870,4374571
28710,4097762
28648,4045056
59616,3146989
26044,4144665
70642,3202970
12867,4461027
13126,4408465
24093,4225897
23081,4340112
23224,4235782
29337,4188950
29359,4161278
88392,3288469
29347,4213824
12868,4513601
59954,3129500
60659,3152619
68854,3239466
59462,3170953
59584,3138962
29030,4184172
24249,4185260
42665,3642372
43444,3623051
61120,3088492
23163,4288059
27167,3912194
27578,3943326
24489,4331668
28761,4150307
68930,3264774
28772,4180222
23263,4235726
49157,3667571
61166,3051645
28742,4075130
69094,3317333
27236,3922293
21987,4308299
22869,4412709
23602,4383569
23601,4330995
90048,3292023
39517,3613831
34170,3847862
51876,3448179
69190,3119972
23576,4383531
23957,4278431
41845,3581706
41825,3529132
26922,3886813
19786,4210716
39404,3642446
9667,4285837
70285,3184489
51922,3429361
53127,3446224
59489,3096381
23467,4468789
23468,4416215
35689,3769444
43956,3599217
45260,3577792
68980,3278759
9344,4382156
26278,3857796
23469,4402433
23915,4321124
54008,3325685
9426,4337702
11561,4240353
47089,3568821
48300,3590776
29038,4187958
87424,3341020
88190,3340990
89076,3340954
23551,4373688
48742,3626958
23941,4258595
39518,3562503
87388,3393530
30570,4093432
69974,3235647
70472,3165286
22198,4360641
59273,3159883
39403,3591401
89692,3344506
70252,3176515
70405,3177499
24138,4216894
31233,4039797
87158,3417920
88138,3393527
70506,3153165
70610,3143266
23815,4349869
22148,4412992
22306,4403537
69194,3333053
151820,2985607
151819,2933033
60526,3102534
70118,3288221
53973,3357350
63367,2947462
65286,2889244
695,5291477
688,5238903
1258,5169740
1222,5117166
59291,3127907
70451,3178339
1259,5222304
1236,5169730
35844,3721796
19399,4158220
19977,4263244
58222,3161341
59395,3113049
29046,4135411
43667,3611039
31889,3965869
32190,3978567
60680,3078795
43935,3627881
20157,4315788
20214,4315793
70281,3196456
70543,3216140
111828,3029423
23294,4278271
28800,4127675
59001,3165073
69066,3280597
62215,3044911
31161,4076365
20225,4368352
20949,4368333
48626,3614974
88007,3446014
13283,4303406
69792,3159442
23082,4392686
23108,4330610
31537,3990153
60967,3109258
72850,3124164
69317,3186155
87008,3369975
87948,3470431
71277,3197119
48233,3603070
30560,4085734
48672,3647351
60854,3038343
62056,3030064
23314,4310949
88889,3393482
26237,3909130
26249,3957348
31152,4065325
26334,3889944
26458,3866598
69150,3247239
25416,4223467
25316,4170893
50570,3720141
69296,3299813
29228,4108796
48649,3679894
23110,4383184
22147,4465566
22308,4456111
22480,4436468
22889,4446171
91300,3144224
89483,3349443
90021,3397037
87826,3422495
86944,3317445
16379,4066637
18475,4105991
24440,4279103
23194,4363385
23790,4335481
69234,3195821
22395,4463483
69380,3143263
43659,3567166
86854,3264905
87776,3369975
23128,4415704
23180,4415578
25201,4170646
25263,4118551
69432,3248395
21837,4307772
23872,4283101
22984,4450033
48413,3617150
88941,3425904
48507,3649438
49098,3732468
88581,3410128
89249,3401976
29234,4056257
51020,3500957
23078,4449318
24030,4241128
32063,3947018
31534,4008666
32201,3915776
24217,4278414
51376,3500378
67664,3008217
68074,3096448
88917,3358421
24399,4298986
21838,4360346
21833,4307026
48459,3628836
28746,4051698
51587,3481600
52910,3465951
28654,4022462
87778,3402605
89083,3305886
89665,3402009
86462,3212363
87480,3317456
29555,3981132
60806,3059333
24840,4291565
25127,4220354
89183,3358452
29052,4025752
87846,3382351
39714,3525330
29059,3973255
48454,3601837
16350,4042258
21013,4202885
21289,4203651
30559,4071877
28674,3969975
15336,4206674
15335,4216783
15552,4206673
21128,4255408
21367,4255896
89625,3354020
33846,3938921
33822,3886347
41801,3557304
21342,4307149
87535,3329823
21932,4340549
31208,4047529
24335,4298623
68921,3171998
69967,3186341
26413,3898845
87911,3382340
43601,3594798
55616,3299164
5859,4441809
26344,3963243
20226,4420908
20258,4420915
5718,4410422
25281,4066141
24923,4300584
87582,3329826
88059,3434845
87297,3277284
53709,3402207
25164,4170291
45473,3604060
25287,4118264
25894,4013920
72189,3147245
87738,3382347
55579,3329143
21328,4350370
21796,4340607
687,5291477
20421,4473460
15964,4206674
22396,4516057
22591,4487076
21759,4370553
31137,4084577
47015,3578935
22959,4472715
22845,4482144
152388,1
152387,1
35619,3806492
22594,4539650
67039,2980690
31584,3988383
90584,3099854
22840,4472265
20621,4420897
20417,4473455
21893,4370499
88186,3362125
30811,4050885
50594,3535880
51096,3553163
48442,3607388
49742,3569607
89780,3038747
22012,15
21960,10
21288,4402910
21555,4383312
20893,4420884
21017,4420907
31154,4065877
39409,3618563
35787,3748312
39834,3553404
49733,3611063
88620,3309600
21442,4435866
111833,3033490
114741,3063211
21606,4393998
85625,3134903
50585,3586344
88728,3257056
60415,3089085
61720,3017612
8944,4394251
21781,4393958
8990,4368534
88896,3309603
51065,3594994
51208,3572032
85876,3167634
87186,3224738
68721,3153353
69470,3206607
20232,4420896
25500,4118721
25499,4066147
39984,3596214
41798,3597077
62676,3006686
52389,3576151
52235,3523577
43592,3626670
24031,4262728
35705,3796480
60367,3182426
60368,3129852
13260,4282490
16034,4086850
16351,4057579
39689,3581977
88666,3204540
41792,3631075
75192,3261603
74120,3209029
50413,3673633
50213,3621059
20290,4368337
58817,3207813
59136,3217635
16380,4078380
16097,4112689
51188,3581291
51325,3545609
22839,4524839
13617,4195790
35799,3772569
67058,3032982
67067,2983014
43318,3633526
48428,3593828
49179,3632163
51418,3512033
21959,15
22042,9
22044,12
22160,11
49176,3626092
23440,4427395
43399,3666452
58883,3260379
59491,3269580
67047,2930773
85378,3087917
43575,3661049
22268,16
21261,4359710
68645,3101961
69680,3139564
62496,2971399
49724,3630124
50198,3651306
50576,3617062
66128,2880351
50908,3625937
948,5135176
941,5082602
45357,3627440
31283,4027973
38554,3648946
21554,4488440
40031,3609968
67874,3131050
68654,3051467
46994,3602898
71091,3136269
25939,3961411
41772,3668411
29990,3980082
48406,3644133
24381,4290770
24957,4264871
21222,4307153
51136,3614353
22899,4470280
22900,4464143
22938,4423491
89072,3152307
21694,4375130
24484,4245631
49173,3676318
20655,4420887
24109,4277517
21014,4245217
25166,4221556
52731,3512647
43118,3707898
23365,4374990
49717,3669153
20666,4473447
29105,3992380
51123,3644614
53498,3430790
50191,3691578
88749,3204616
28692,4012750
55281,3377598
51413,3546386
50571,3646913
58414,3231301
21034,4297745
25178,4169035
51054,3655995
24977,4212350
20572,4368346
20574,4420897
27981,3960962
21126,4350286
21322,4340723
43509,3673498
27670,3961041
20216,4368367
21220,4383368
21420,4370644
51197,3644545
48392,3669512
51335,3579644
51592,3576977
27362,3937925
46666,3703482
45955,3692839
46549,3676096
73744,3156457
21326,4409134
49704,3682648
72819,3094823
50373,3699454
70434,3188748
13544,4255019
50568,3673930
51168,3633118
51287,3612252
26414,3873907
62464,2995386
23242,4322547
26311,3917484
40476,3662172
41402,3707927
25508,4013637
37202,3725486
36587,3750934
36855,3758955
38012,3691343
89398,3048607
25462,4065772
26000,4066180
20503,4473454
41758,3715700
21540,4322679
25272,4117806
25920,4118346
25089,4170349
85372,3147063
86202,3220170
67870,3121506
42674,3745326
73006,3103887
86262,3228569
88414,3257171
89047,3257171
67820,3033401
64135,2926192
15226,4164247
26196,4097549
26230,4074773
65652,2854812
65951,2870185
25978,4097521
77184,3015964
81874,3036428
86104,3272726
13636,4210230
89713,3309492
87166,3281122
52734,3565221
53119,3549032
51076,3660123
35851,3759714
46631,3679377
46605,3626803
21192,4278096
48380,3652693
65672,2858883
45913,3706804
45877,3654230
15859,4150689
39563,3635898
40891,3660769
2019,4712326
3802,4638672
20504,4526028
87014,3304630
88092,3309473
59704,3311666
50725,3674891
85810,3252163
74822,3002358
51650,3606211
85131,3094639
25662,4283948
25326,4231374
21496,4356633
15828,4067574
12343,11
12344,12
12999,9
15857,4084605
67858,3085721
38122,3743917
87928,3362031
21426,4304085
21532,4409207
67876,3102110
8148,4399897
8971,4379162
9990,4381674
60044,3172176
60072,3126134
61058,3140992
38570,3657014
40637,3688145
52998,3464883
55059,3406181
67835,3056841
86730,3304688
55678,3269632
12824,9
13403,14
8261,4410523
9945,4389417
67871,3050721
68180,3051559
55643,3299466
57196,3238761
72947,3053237
13655,77
13569,78
13596,76
13634,66
71177,3085466
68163,2999895
67354,3095968
89523,3362066
51251,3635889
52284,3579124
72857,3044105
87837,3304641
20603,4526017
55301,3340149
56767,3268434
41159,3701062
37535,3724886
13571,99
84960,3043814
28651,4018627
13546,67
22907,4411681
19666,4372236
19650,4319662
71463,3033046
25748,4127126
25954,4074755
41821,3730647
26244,4022474
43460,3706873
21116,4300325
28079,3966669
87927,3414605
85694,3199608
27902,3942711
87901,3357202
49105,3704144
49106,3702033
49279,3691139
49698,3743700
22946,4365395
20604,4578591
13473,55
13556,67
87902,3409776
62178,3047271
45924,3679841
87273,3252151
46519,3677223
105256,3046526
62164,3023623
62978,2971325
46589,3649380
13709,76
13982,60
23026,4390286
22702,4418799
50610,3700571
51778,3662354
57717,3291335
15834,4117510
19630,4267243
20090,4371745
25308,4201727
25532,4179300
105258,3052488
111659,3085601
20638,4578591
21602,4333678
70156,3157380
22532,4434662
22622,4424335
22388,4403169
22444,4439477
22216,4396724
22284,4407017
25528,4231371
48356,3686383
22000,4344633
22092,4402429
21518,4340422
25732,4127143
25933,4022465
63040,2950128
59476,3277657
21940,4350271
26207,3970019
1076,5012060
69716,3175037
969,5030958
967,5083484
989,4979067
19298,4196402
15952,4095721
808,5134688
1067,4979262
69594,3088027
21096,4367952
21095,4315378
13474,76
70007,3105642
18653,4143102
35936,3783207
37487,3731632
20084,4358536
13671,67
13728,53
29109,3995604
20640,4424988
20612,4372414
38151,3675161
13765,75
58332,3213344
19589,4215010
20063,4319031
13737,84
21088,4325585
93701,3089211
105458,3105015
58436,3239828
68416,3000179
20599,4349088
58214,3193318
61150,3133723
16058,4105416
16142,4140195
21072,4349585
58395,3255549
59258,3225093
25090,4222923
57484,3206399
58317,3244212
49694,3723466
25301,4179089
14479,96
14000,75
23415,4501606
23376,4449032
25526,4179314
49930,3753137
49896,3714995
50698,3753132
47436,3923660
47376,3871086
25521,4126977
25719,4074774
112630,3100686
113064,3100927
28510,3945720
29191,3992282
15889,4134718
15929,4104548
20033,4371565
20583,4322752
21636,4344846
19085,4195359
21900,4352911
48351,3738922
89332,3070430
16029,4112052
89750,3051718
54924,3368254
56615,3309040
49853,3796216
48346,3791325
26321,3923148
21066,4336697
87564,3064830
14591,111
14336,90
22214,4408506
88481,3077518
89859,3081697
59269,3239929
15981,4119083
16149,4139460
88650,3109873
18330,4155822
63067,2979272
21608,4350308
21726,4348580
19486,4224363
19849,4267497
58233,3296079
21051,4330781
62960,3023585
57835,3319075
58402,3330468
20549,4337324
21639,4341050
22512,4427968
22750,4476909
68574,2947982
15724,4119092
16899,4165012
62961,3069805
21866,4354433
19741,4282997
19983,4319436
29344,4022644
29910,3989323
57435,3235719
15763,4086926
19946,4335546
25302,4231663
3023,5045115
3024,4992541
62981,3074254
13620,60
63095,2962659
64571,2924829
64751,2949288
21572,4339532
65281,2917870
13619,81
20205,4387864
28594,3944879
12823,11
13153,14
62995,3030722
21050,4345599
62193,3081944
62589,3067522
91958,3119256
21763,4328072
22032,4381263
36440,3938041
36428,3885467
20160,4368970
20275,4389880
49856,3848790
23297,4396462
46567,3670989
62010,3092597
62142,3061237
59824,3207806
21023,4358149
20234,4396181
14416,75
23810,4501606
21903,4343545
22186,4389346
26432,3879379
26437,3909052
26285,3926765
29536,4053317
22074,4349859
22360,4416304
57701,3299748
58322,3353361
59042,3281118
59811,3223432
20511,4343622
22252,4395556
37874,3697574
22954,4400802
58488,3315392
1425,4869975
1426,4817434
1423,4922538
1521,4869966
67304,3097335
67484,3148542
22394,4402753
48334,3818531
21535,4339798
62147,3069441
46202,3783757
46201,3731183
62123,3098347
46088,3736725
46265,3681819
46162,3687889
3092,5097685
3090,5045111
61442,3112650
1468,4922529
1655,4817413
14674,96
55975,3441692
55624,3389118
67274,3060642
67326,3149909
46355,20
46317,13
61487,3097897
46128,20
46069,13
40628,3709142
1452,5027662
1430,4975107
1454,4975095
81875,3057518
25152,4097161
25142,4044587
21149,4362999
1424,4975104
59976,3153536
52892,3465182
53294,3516845
54892,3407725
81688,3046587
20212,4375416
27860,3940686
21103,4326203
57546,3247840
58173,3340041
1449,4975094
1466,5027678
18516,4150976
19932,4316379
17467,4172046
18295,4159841
56174,3339656
67192,3008507
67294,3113216
54394,3489391
50601,3782818
50925,3757479
25054,4018056
25409,4020717
15718,4072685
74016,2992511
80824,3032648
20480,4338745
59930,3189407
21463,4301888
61435,3127571
62005,3102317
41568,3749929
61265,3147521
61444,3172486
65211,2900339
151707,1
151708,1
36416,3835282
36651,3835636
21716,4284336
59898,3231938
25870,4073291
26233,3972051
59897,3206815
59917,3205194
60011,3152823
61273,3167938
3591,4848404
3592,4795830
19084,4208915
54389,3447713
52426,3587913
67162,2956028
67218,3061081
58811,3314113
59340,3255380
47354,3909518
19020,4185571
19364,4261489
48313,3808894
57531,3276799
59935,3187599
22025,4298126
20462,4317808
21077,4326458
66828,2903477
67208,2979293
57036,3277322
57515,3265535
19703,4286201
58044,3321995
968,5136058
5753,4448307
6505,4493816
976,5136058
985,5031593
57024,3293561
59981,3172478
52636,3504006
52742,3496012
54758,3448938
61363,3178860
61898,3171080
1701,4869977
1861,4764863
50329,3730298
1071,5031790
37936,3699322
54725,3417496
51432,3705761
54956,3367636
34337,3964389
34320,3911815
25755,3994792
26256,3903762
37443,3777176
21438,4259374
35857,3804730
3804,4691091
4203,4609034
61291,3174363
21069,4288478
54366,3487514
36405,3856228
54839,3385094
54951,3334831
21560,4232387
21867,4292192
69428,2982007
67264,3031867
15723,4171666
23144,4453342
41144,3749737
41660,3768391
59836,3237867
1700,4869981
1651,4817420
59965,3184961
21730,4240244
30775,1
30776,1
3594,4771970
3665,4743567
20425,4312743
21055,4302109
43196,3727733
43724,3747317
26438,3961626
26740,3922422
37861,3729320
1504,5027692
1503,4975118
21946,4246479
22171,4350666
67254,2926737
10054,4391718
27444,3925244
10025,4397645
59752,3209747
60719,3193614
52446,3589950
52522,3549887
19676,4233715
38561,3679079
58606,3296131
59066,3280180
22036,4299022
22317,4403047
18069,4181783
19509,4171257
36827,3799305
37533,3779123
45767,21
45751,14
64088,2961362
62100,3141472
22243,4403651
22831,4455006
23133,4480882
3666,4796141
61189,3174405
62060,3153068
1509,4764882
46531,21
46522,14
43703,3775211
44485,3774877
41541,3784840
61097,3153664
48181,3861454
48511,3776427
54784,3425983
48067,3898592
57528,3362784
58338,3309723
88482,3072000
24796,3993265
47353,3915208
21260,4207217
38115,3714752
1528,5027692
34319,3964389
1547,4922548
48084,3902899
21039,4279004
49616,3751430
22787,4455789
22985,4481489
49964,3744556
1628,4922556
1627,4869982
43319,3755727
22807,4508015
19458,4200244
52360,3624753
45752,21
34303,3859245
45754,21
60644,3174466
25518,3947990
46047,16
52725,3524476
46283,16
46524,21
46716,21
1548,4975122
20400,4260494
20561,4312360
55076,3625527
55072,3572953
3812,4743441
4117,4661505
41650,3810203
43613,3795756
20678,4364934
20735,4302328
48390,3797787
19638,4208054
44305,3798221
8183,4436176
8278,4417954
10662,4399911
10631,4403807
57834,3350702
43505,3774521
44002,3829568
49685,3773835
20750,4343637
42478,3789485
44523,3787989
49885,3771746
22158,4351571
22367,4403976
50522,3782771
47561,3935533
37056,3749156
52201,3652820
52357,3657626
22298,4351840
22507,4351791
48144,3850342
22454,4299524
22661,4403905
66348,2878545
66370,2917505
64660,2936917
65657,2865715
23623,4300633
23624,4248059
20966,4226548
1060,5064604
55046,3531049
55180,3561922
23626,4195492
23766,4248053
50941,3695721
51216,3686840
58424,3348385
47762,3902906
48977,3795136
22664,4456479
3473,4877108
3463,4824534
4119,4714079
40739,3759396
42156,3845321
24146,4260381
22790,4508363
4384,4564749
20718,4302496
20813,4343720
38957,3715413
56844,3306277
49165,3771708
50348,3757589
60643,3227040
54365,3540088
46048,23
46049,23
54348,3455625
52421,3624161
29482,4086834
29576,4037433
46284,23
46516,23
24134,4219809
24348,4272376
20390,4249936
79762,3054614
86754,3060650
4332,4565217
4558,4513482
59304,3292273
24566,4324950
68623,2967288
69224,2964356
28660,4034968
29517,4125124
29559,4085557
21924,4194435
20348,4197485
20802,4343674
20914,4291184
19394,4214406
20339,4160452
34245,3837874
35573,3841602
21436,4180236
61002,3131006
61999,3123980
104074,3210159
104073,3157585
6416,4525466
6761,4480513
29850,3990647
3146,5097685
24044,4167248
15706,4078524
15749,4091059
2113,5039149
2114,4986575
3180,4940023
3179,4887449
59712,3244752
2029,5091705
2026,5039131
29466,4139766
35679,3894176
4916,4462046
62580,3088510
39093,3751347
72704,2979309
76640,3043425
52397,3619456
52489,3576578
36297,3805900
65674,2869090
65924,2876670
52629,3531694
52948,3493519
87565,3083627
3026,4939975
39373,3749757
26182,3907935
26275,3902430
105936,3162478
22434,4246984
2807,5097655
2808,5045081
24008,4248064
23750,4195490
21806,4142292
65370,2906959
51212,3835345
87246,3074006
65423,2914135
65913,2873297
7387,4441973
44170,3812467
105486,3157345
35779,3825016
36511,3784970
17916,4234335
17999,4185960
3028,4992549
3048,4887413
104116,3210159
87399,3063285
8166,4451996
17420,4315562
17419,4262988
15750,4094869
15755,4140182
20864,4238621
3464,4877108
47569,3955470
3466,4877104
3602,4762632
3816,4796015
51689,3638891
17527,4224287
17468,4224620
22436,4299558
15612,4128171
15707,4084217
50629,3738011
56356,3323486
57182,3345552
2849,5045095
2850,4992521
66127,2879664
6786,4487685
61758,3086987
44548,3821202
4933,4514336
1955,5144267
1956,5091693
5663,4446019
5788,4455617
66338,2874732
56819,10
56820,10
151655,7
26764,3887350
5641,4458663
5912,4507790
2631,5255357
2632,5202783
47571,4008044
66337,2873840
17758,4190688
19189,4223198
57021,7
26755,3911388
57235,3397737
57346,3391368
22808,4560589
20857,4143678
5845,4560203
6240,4531545
54900,3478495
57355,3443830
57022,11
85960,3049234
36217,3877443
15526,4087791
8229,4405783
15571,4097158
8272,4457891
3497,4929678
3468,4929678
2960,4939965
3051,4939987
3122,4834879
108111,3138118
107533,3175101
108011,3190641
3975,4726961
3976,4674387
107210,3227609
3206,4940023
23714,4142931
105580,3209879
20469,4187513
22425,4124305
59933,3314815
59852,3262241
20337,4477222
20194,4424648
76642,3095961
57061,11
53548,3485589
53550,3538163
55136,3550590
27422,3924808
60055,3367288
59962,3314714
58216,3370290
54253,3497539
24266,4134930
60151,3376719
60068,3324145
6143,4583942
54702,3456547
42154,3882366
42252,3858799
1875,5196835
1876,5144261
57399,3495942
57678,3432062
3162,4782353
66361,2916313
62560,3050659
63750,3051532
60241,3359457
60180,3306883
24376,4082380
3604,4814976
3738,4725541
23706,4090381
3740,4778115
42398,3817219
42494,3802284
15147,4515012
13275,4462438
56982,3439219
56788,3428083
12520,4511231
12127,4458657
24392,4029823
4288,4569437
60309,3323218
60254,3270644
20222,4477222
2682,5150213
2693,5097645
58194,3411175
65760,2923000
66262,2882965
2633,5255357
6297,4557030
66214,2944459
60401,3294390
60338,3241816
19531,4266962
67522,3235813
67521,3183239
57704,3484540
20041,4372084
19647,4319520
19966,4372084
58782,3351557
55040,3520361
24160,4058651
24143,4066461
60490,3266220
60418,3213646
53176,3518914
15731,4168185
5626,4414537
42522,3814035
42108,3901719
3202,4834927
23675,4097442
39707,3773499
11558,4406093
111865,3105398
25222,3949767
152353,3996801
2992,4992539
6789,4540224
44868,3812311
21898,4176708
58748,3402232
59050,3334556
28440,3982900
29410,4087536
3347,4832585
3348,4780011
3350,4728809
3396,4817819
44553,3794928
3422,4819067
55004,3572911
3442,4818233
3608,4867491
58198,3463601
58384,3463013
10100,4456283
11787,4406297
42497,3822479
152354,4036140
20093,4424648
57289,3449420
59019,3385162
107650,3243139
108836,3243155
58302,3514060
58466,3500684
57738,3504327
6792,4592798
6757,4590504
25303,4053799
58228,3515393
45750,3784984
58398,3551234
58546,3486378
26384,3955365
58480,3536806
58638,3454704
59576,3287932
46083,3741899
26181,3947994
27078,3912639
46149,3693033
47112,3731103
85824,3063664
55300,3508964
58560,3505056
44619,3796637
41939,3860370
42167,3882065
4254,4621914
4621,4545246
1877,5196835
57411,3515913
49188,3751590
48906,3780396
55577,3561538
1880,5196835
58658,3452615
47229,3761503
47932,3762276
1960,5144267
3095,4887497
3096,4834923
59549,3323681
2028,5091705
3204,4729837
2118,4934025
2204,5039149
4128,4674420
50273,3749653
33974,3898543
33973,3845969
23073,4341498
23066,4394069
23065,4394065
23417,4288930
59606,3278292
58880,3418850
59101,3437711
67694,3235813
67547,3183239
59646,3242510
26794,3927636
27420,3899055
59010,3471374
59225,3469936
49762,3740754
50642,3718707
5171,4566910
42443,3868306
3132,4887497
24946,4078861
24225,4131265
24189,4129018
25276,4067016
59118,3469876
59299,3428607
25433,4021222
59792,3294992
42387,3891508
45769,3790227
2695,5150219
81058,3107126
26114,3987196
59232,3427278
59391,3376228
23833,4183813
23775,4236369
23795,4231534
47260,3794234
57455,3535165
59856,3347452
18835,4228948
20313,4214894
25389,4073201
25561,3985550
59322,3374923
43202,3869228
26644,4000121
26171,4021279
45965,3818293
56229,3562942
56115,3510368
55824,3457730
41560,3808955
59946,3357636
58276,3535146
23387,4339236
43135,3853817
46063,3768165
59412,3322402
46075,3693557
46953,3744716
49050,3774809
23727,4284090
56116,3562942
25857,3947552
26046,4005317
60062,3341110
44506,3923441
43446,3870867
47979,3780667
12845,4486586
13278,4411956
27421,3977382
9756,4505579
9390,4552718
60160,3304221
3609,4920065
62633,3086438
26625,3927791
26641,3908350
26662,3910752
45968,3870867
4048,4726927
4380,4726986
5220,4619476
5049,4566902
57159,3479740
57357,3500808
26689,3929500
60250,3275840
29441,4140096
56443,3375844
8543,4615239
8544,4562665
60312,3249235
60958,3176443
105582,3262453
106274,3262179
6758,4591305
2406,4881479
2407,4828935
48078,3813044
3612,4870527
9240,4571615
9257,4593663
12676,4359392
13518,4464530
33623,4211028
33437,4263542
33643,4158485
20096,4477222
20142,4477222
25741,4122704
33139,4316062
33457,4211006
40089,3790824
46039,3842223
45945,3789649
9315,4601019
10260,4508701
6295,4562148
60878,3221608
46177,3796366
46102,3743792
41868,3861529
3260,4782411
18836,4281522
2120,4986599
33053,4263535
33148,4316057
80104,3159657
82764,3152008
57507,3545990
32713,4211013
33066,4316064
48440,3813618
45989,3741771
3712,4779497
3768,4779275
3711,4832071
3713,4832071
2474,4881509
2483,4776395
32581,4158485
32735,4211016
5775,4563484
3525,4975671
3526,4923097
106115,3314614
3312,4677325
15410,4156110
15602,4131000
4055,4779556
4490,4779560
8584,4562631
23054,4391803
9419,4653391
55002,3625466
55098,3625472
56239,3457798
27490,3897695
58326,3586270
63602,3012684
33162,4368570
33237,4263530
27363,3910743
32947,4263538
33116,4368572
58342,3591387
58390,3557205
27526,3894705
15728,4131359
15810,4178649
10466,4561172
10488,4561057
58484,3534657
55274,3678028
54976,3678022
55692,3730602
27818,3918145
58558,3485921
58778,3452570
1160,5117184
1146,5064610
55728,3510300
56162,3405232
105816,3352996
107042,3280152
34004,3850365
58656,3483636
33669,4105952
8566,4510305
27596,3891028
58740,3450906
4395,4546904
4883,4542773
56325,3510372
57555,3583661
33475,4263535
78163,3253612
77243,3201052
78165,3306186
78639,3306069
58858,3503441
33263,4316043
58972,3502291
79245,3358643
57467,3542389
81570,3142700
84532,3150456
59088,3459333
57088,3531710
15719,4134171
32958,4316048
26505,3929419
27204,3963285
59198,3407049
32765,4263541
27807,3892452
29098,3943602
6199,4565187
52539,3566122
53964,3515714
78379,3305947
59284,3354509
28027,3899231
28899,3934633
2862,4828969
107565,3295658
32582,4105953
84648,3203028
85267,3168772
76992,3148491
23053,4444377
15591,4135065
15695,4133565
15861,4161019
59458,3310680
9435,4645925
9690,4705830
77819,3253626
51016,3726147
16819,4158155
51372,3663193
52155,3609141
59526,3274270
23389,4336653
21542,4226051
21966,4229153
10754,4563503
29214,4021865
10072,4709000
106780,3332511
8614,4615018
8346,4462054
24151,4176172
9519,4698201
52827,3605688
59686,3326752
8307,4409951
79129,3305961
78953,3253387
5059,4619472
59772,3379212
105815,3320036
21768,4278553
22322,4281088
5062,4672046
5159,4672046
11844,4407107
59846,3389770
85230,3116200
15539,4161411
15579,4137812
78380,3358521
3265,4625355
3261,4572912
59896,3373994
58364,3570913
77869,1
77870,1
3616,4833189
107355,3348036
108850,3315460
33556,4263555
33566,4211013
3528,4975671
56304,3352720
60020,3336307
29696,4036161
29872,3981063
15231,4188160
15535,4163102
33275,4263519
78381,3358521
60128,3308025
67540,3130669
109006,3262947
4808,4652042
4653,4599468
32966,4263525
60228,3292825
60476,3257963
15409,4208684
32636,4211016
109490,3210444
29705,4033169
29944,3954292
16421,4131193
17087,4195044
15522,4087884
29544,4046193
15555,4097185
78654,3200827
106655,3356259
60820,3265553
33576,4158488
4056,4832130
33697,4053425
39720,3833379
42985,3802527
33285,4210994
4886,4595347
33584,4158486
26137,3972408
69768,3000788
9089,4719682
9613,4705624
11182,4458680
12659,4358603
1264,5222304
10188,4663573
67591,3078103
27055,4202756
26773,4150182
55118,3377972
18615,4232617
109377,3262984
110788,3157933
28875,3947897
28951,3943807
2497,4723859
32976,4211001
3452,4861415
3451,4808841
3513,4888631
3514,4836057
1231,5222288
33487,4105958
1213,5169724
20634,4239927
39155,3795601
39234,3787489
36239,3906849
36332,3918749
17749,4193847
29211,3950479
29962,3951830
3491,4836061
3485,4783487
107235,3386169
108588,3367881
3398,4781324
55887,3353643
29543,4033993
29546,4033993
8740,4667465
32635,4158492
14893,4238150
10685,4614381
10856,4511027
33297,4158469
3693,4781990
3980,4831849
106470,3320046
52469,3647990
1141,5117168
22154,4330521
22458,4330700
3787,4521130
32641,4158490
32988,4158475
58191,3749471
57837,3696897
32602,4053427
4058,4832130
54954,3730584
9152,4728646
56777,3427941
106339,3267510
36394,3937418
32787,4105961
1088,5064618
31121,4034163
31417,4016121
1059,5117178
1057,5117162
15369,4162247
109165,3315505
110579,3210481
5606,4417360
39464,3813872
84908,3097956
39554,3849765
5741,4511198
36220,3915535
3484,4730921
1261,5274862
3518,4888631
84951,3032614
86893,3101804
55375,3835728
55327,3783154
33492,4053428
58670,3461281
39070,3839845
29943,3956272
30911,3977358
31259,3951532
1234,5274862
36385,3936428
36472,3909480
106975,3372472
108419,3406356
1215,5222298
78360,3182710
79824,3212108
33183,4105946
33321,4105958
6069,4720635
6001,4668061
10715,4563324
14603,4260982
22459,4383274
22602,4377915
33141,4105948
33208,4053433
35891,3920277
36277,3937157
5873,4616312
5817,4563738
33156,4053434
38862,3875257
33026,4105961
5627,4449348
3400,4833898
4830,4704612
4793,4652038
703,5186813
32808,4053430
5969,4668615
5915,4616041
36377,3955357
57838,3644325
8786,4719704
23879,4228720
61366,3242855
18448,4220428
20051,4265301
112296,3093147
39071,3877845
23932,4281294
35568,3938002
36329,3961761
36398,3970861
3656,4782435
1058,5169736
20455,4290582
21270,4259248
51282,3695155
58147,3649350
58148,3596776
43550,3842262
22406,4428008
23172,4418785
39491,3887327
4655,4652042
50383,3844309
50091,3850929
50955,3821012
48190,3823998
48603,3860374
67460,3088276
69597,3025564
56923,3479736
10371,4563433
9661,4709697
58382,3502711
58553,3424570
80273,3212125
55727,3562874
56075,3562874
57491,3593691
108973,3367908
110394,3263008
86896,3154378
101951,3154378
63832,2996593
24591,4220202
54254,3550113
54480,3496314
86189,1
86190,1
106831,3319942
108176,3364421
34526,3920787
35556,3955910
9917,4712656
39147,3906428
106072,3214970
33508,4000896
36563,3990682
48411,3865094
57494,3646265
57529,3638791
59352,3343891
53374,3637559
79102,3182772
78548,3130198
78140,3130200
58186,3553851
58038,3532410
56501,3743264
56389,3690690
80444,3231839
59267,3305037
6177,4615291
6755,4566895
47916,3783855
39341,3916592
39504,3901573
3646,4730929
3863,4835009
78139,3077666
57947,3596776
56710,3480477
4795,4704612
57924,3630392
43101,3809376
5515,4417846
81373,3195239
108737,3342118
110237,3315502
26271,4244670
26135,4192096
59425,3357545
43269,3814255
44599,3835824
9980,4715883
25041,4305164
25027,4252590
39146,3944708
39229,3928772
32836,4000897
44614,3856988
57776,3657148
20164,4317763
20724,4343051
57533,3691218
57756,3709657
70730,3016700
77430,3025132
34972,3955251
106574,3267457
108031,3311889
45743,3787879
45797,3740796
45901,3692833
45933,3736986
11372,4458794
5615,4478841
51353,3746486
23174,4471357
23662,4423109
48045,3828252
18749,4283843
50966,3778509
9267,4734751
9717,4712827
34983,3936756
35682,3972306
51140,12
51121,12
51174,12
51310,14
3470,4783387
38448,3996820
59988,3331898
59829,3462691
59653,3410117
8828,4728591
3582,4678446
3728,4783503
33182,4000909
33185,3948367
54650,3484150
3998,4678560
3566,4625986
14534,4310342
44616,3909562
43256,3814376
60202,3324610
41462,3858496
39820,3906074
18701,4270427
18921,4298795
29373,4082271
29346,4053014
29491,4104917
29537,4060024
57975,3649350
54190,3523973
60813,3344864
56660,3533026
56821,3533028
60403,3376710
105204,3161567
56979,3531343
51122,12
51171,12
3472,4835961
8418,4464590
12228,4358659
64410,2972834
48275,3873547
9334,4763245
8389,4412519
19907,4286009
46754,3827713
46497,3775139
81485,3091395
19759,4289606
51192,14
57037,3582496
57337,3583847
108565,3289574
110048,3303183
6944,4545781
7514,4502777
51133,12
50754,3835814
6178,4667834
6252,4616934
54944,3783154
5573,4479214
28792,3929250
29302,4000454
9998,4768455
10040,4666671
33217,3895891
11025,4511102
11896,4411087
107714,3311892
50989,3836216
29613,4060025
29763,4007463
57420,3686916
57539,3743653
5598,4460080
57347,3635002
57387,3635828
56552,3585572
56793,3585581
10038,4719243
55330,3835728
56893,3638151
56865,3585577
62393,3296628
62394,3244054
57723,3762131
57820,3762081
57711,3803970
57859,3814465
57916,3771554
58177,3867039
48141,3870265
48556,3841817
106936,3266551
57538,3785302
57553,3771202
48081,3854474
57434,3739446
51301,3763134
51410,3726839
61297,3295383
61666,3191183
59142,3373417
34082,3884309
35235,3970422
59732,3348567
80626,3051848
84607,3101035
29938,3954905
57487,3687591
57550,3732856
109855,3250632
24594,4200658
8950,4781065
106283,3214070
52096,3688815
52604,3679513
31110,4000789
30830,4004894
31416,3982349
13308,4260781
56689,3638123
34050,3868307
50968,3821586
51091,3798116
9399,4765360
9839,4710794
5781,4616011
29,5655109
30,5602535
56662,3638127
20369,4389357
20848,4391765
29304,4053023
62380,3244053
62488,3191485
21492,4310123
23370,4523931
20282,4362220
31588,3941328
31567,3917686
32086,3913302
57503,3686799
10142,4614258
29418,4105342
57557,3718753
32077,3889326
54943,3835728
55205,3835728
115136,3100215
116316,3114008
117896,3061476
9595,4763329
108378,3289568
3678,4731020
36765,3990570
37380,4043106
9205,4815750
57617,3719042
21520,4463913
21519,4516487
21655,4413395
38146,4147894
37602,4095320
31432,3943483
32068,3941586
33235,3854737
30829,3963602
33246,3853581
34031,3868303
29890,3926201
6232,4669489
109578,3198170
30380,4217731
30363,4165157
9206,4791350
25123,4219697
11103,4463394
36190,3978943
36515,3987428
25096,4167159
25199,4224346
22618,4514119
22590,4461547
22874,4566693
25383,4175269
69854,3022652
76105,3062688
56390,3638126
29354,4105585
23682,4409178
23930,4475683
62379,3296627
25896,4106998
35782,3898817
25958,4057637
62389,3296627
25842,4100744
107681,3247225
109002,3250626
26093,4014807
25983,4048316
33885,3895288
34153,3884663
62568,3138921
33282,3879413
57275,3607459
33289,3930089
55174,3379022
56309,3405907
59129,3313514
20049,4338523
50336,3941397
50049,3888823
39182,3929513
40912,3905157
8935,4787415
20698,4412499
21140,4359325
21722,4465969
33399,3864974
33346,3911797
108699,3250686
22521,4461488
37517,4094873
35941,3951314
57930,3824128
76229,3074116
43097,3806087
34519,3891670
30846,3946977
48942,3827777
22058,4590857
22018,4538283
21552,4360849
57659,3686432
105203,3142207
65691,2916279
65643,2934625
50402,3806972
5782,4668585
5982,4617297
56758,3690679
56849,3795817
56850,3743243
84703,3089563
110274,3145662
22096,4590857
5989,4669742
67588,3035738
62661,3093556
63089,3047932
67082,3132748
67042,3080174
12398,4310059
8724,4464876
118415,2971195
118526,2984117
8707,4412836
48091,3870100
37477,4043583
56806,3690677
56880,3795807
58037,3584984
58020,3554281
10216,4664905
10478,4566571
58360,3475539
39159,3929744
32492,4022609
32491,3970035
20370,4409772
20810,4415958
6276,4564748
21668,4407431
83205,3025645
86420,3052032
8925,4839831
9262,4792307
15504,4086560
22326,4597199
22325,4544625
112833,3078980
109998,3198202
21979,4485713
107397,2981493
152133,2979524
118612,3008164
22315,4492053
57945,3659332
57938,3606758
56708,3743243
84034,3051788
119567,3026699
30289,4112589
30401,4165158
30398,4112590
3553,4573481
108549,3303203
117426,3166582
106667,3194714
61007,3332068
60948,3323538
56017,8
55845,5
57879,3651709
24952,4148146
110486,3014435
65407,2963895
65534,2914908
9893,4662122
30290,4165163
6322,4512274
57693,3666822
5521,4445745
56011,3432727
56409,3457802
30350,4060022
11241,4360691
19761,4342180
20279,4298301
38303,4101956
38304,4049382
30595,4165164
37654,4243113
37653,4190539
59089,3349201
5529,4459857
48054,3849528
106453,3156796
106025,3118469
20227,4370438
57907,3643117
57928,3535387
15547,4081072
65324,2943794
65372,2954325
10330,4618933
10567,4516079
56776,3795809
56830,3848373
108281,3314377
109859,3250756
9552,4765580
9618,4714663
21317,4427902
21724,4433245
22955,4373843
20351,4376147
20946,4427418
10811,4463732
65356,2977648
65376,2957509
37788,4137968
37803,4190540
10457,4568449
56411,3510376
56947,3497312
30318,4007462
38158,4085400
65271,2989050
22520,4418234
57278,3604522
57479,3646143
65410,2974142
65498,2963587
61322,3250371
60790,3351356
50050,3941397
10302,4618814
50267,3836253
57695,3678813
32551,3965166
32621,3917504
34299,3926744
35749,3904772
33364,3964250
61182,3294980
65508,3016161
60153,3436860
60154,3384286
57719,3645217
119808,3087887
38260,4032838
15423,4110940
85060,3075458
87696,3051314
15340,4077613
57925,3697791
57465,3625146
107490,3209320
21876,4436791
58899,3401375
59091,3324297
37007,4042504
20988,4400351
10191,4613626
59132,3288481
59201,3365730
55712,6
55711,9
131305,3140459
6349,4540426
80628,3104422
57743,3600957
23064,1
23063,1
107345,3209333
17389,4182239
107833,3261881
108712,3366943
131306,3193033
3503,4599459
109632,3303292
60398,3366344
63833,3031956
20877,4432374
108198,3314444
109284,3355812
9619,4767237
56019,8
61726,3145736
57811,3548486
58723,3506399
58685,3453825
10879,4413079
57277,3657096
9812,4818594
9811,4766020
65252,3019685
65294,3012413
86195,3054123
101437,3036240
108788,3355716
21118,4404709
54162,3539600
54228,3532907
52324,3701455
53090,3680239
34085,3979222
35605,3940028
21484,4431110
61020,3329879
36375,3992824
57300,3560818
37994,4041034
29479,3924457
10689,4465432
58219,5
58220,3
20878,4419637
58241,5
59731,3401141
10579,4517802
60945,3277592
54648,3479590
50181,3835398
25984,4079289
26183,4061688
50432,3775202
33404,4013837
10332,4618917
18299,4220874
30092,4007577
30360,3954910
59971,3453519
59972,3400945
36830,3964376
30259,3954858
30444,3952488
20539,4378824
21002,4407396
49238,3840113
58344,5
9192,4940593
9191,4888019
67078,3097276
30868,4004930
13383,4234695
67378,3006888
68906,3060902
20441,4350776
21642,4438793
22234,4425502
50429,3762327
50512,3738850
61452,3197886
3691,4469699
10462,4568250
52292,3720031
50241,3836276
56949,3549886
57281,3521903
54494,3475844
54753,3429527
30858,3999466
50385,3774929
20976,4433567
63848,3065331
9195,4888429
83004,3040332
60852,3320730
60829,3268156
8926,4892405
10047,4666066
10343,4564664
9354,4941003
9211,4886006
6326,4592979
6542,4539040
2167,4770912
2168,4823486
2190,4742175
2205,4773945
50226,3820891
50289,3816636
34435,4031603
31293,3995949
57954,3554567
58128,3521035
54046,3482416
6269,4591547
7466,4496873
9909,4718321
10075,4667951
51640,3753430
67087,3149842
58578,3557483
58577,3504909
58282,3505199
55574,3455961
56281,3485297
52758,3837896
52535,3890459
52766,3890461
52936,3785333
52536,3943020
52610,3890459
57897,3548545
20843,4393697
9928,4720258
60645,3346968
60633,3294394
58507,3555142
66988,3048286
49782,3811036
38337,3950371
40049,3926704
58284,3557773
9731,4810898
9843,4769603
9213,4938580
9215,4833550
52744,3943023
52760,3890460
58355,3505168
66987,3040909
66736,2995762
58928,3453003
9639,4758521
9754,4814884
67089,3202416
67119,3202412
22707,4336824
24642,4195781
6161,4619063
5964,4592037
6118,4644322
22052,4438708
53037,3732785
29167,3900828
9439,4781060
9727,4709984
52770,3837895
64273,3238641
64266,3186067
9450,4728777
52607,3943020
57302,3558165
9218,4886124
33474,4023145
34206,4047692
58433,3610288
58407,3557714
37215,4051148
57204,3597771
57203,3545197
37720,4051869
10583,4570376
5506,4416772
20709,4352582
5511,4443595
10166,4617191
10409,4513750
53698,3520077
54139,3451732
65589,2957686
30091,4005621
52761,3837896
64871,3287019
64569,3234445
52771,3890460
10169,4669601
76331,3077736
76334,3068408
57899,3560853
20497,4300128
76166,3077450
56283,3537871
56317,3537871
9940,4722143
58086,3535458
64570,3287019
64576,3181875
22598,4393209
2581,4671333
2583,4693945
3063,4623288
31303,4048253
3160,4675862
3253,4521068
58353,3520945
54987,3401101
68718,3099598
71326,3075583
9088,4492448
67121,3254986
67257,3254986
60406,3313890
52745,3943023
52756,3890461
34619,4064648
8275,4463063
9045,4411573
10195,4720508
47983,3797262
21458,4461184
21027,4443648
21862,4421903
81450,3055593
63700,3096738
58525,3504820
14781,4213069
14783,4265643
23717,4241779
25076,4243021
73840,3087112
61317,3234032
9452,4781351
9462,4676410
27801,4120937
27482,4068363
55436,3403743
9954,4774717
49240,3892687
49506,3812482
15304,4106738
57143,3530235
34707,4117222
53410,3603234
66213,2996980
5939,4539646
60164,3331818
53302,3625444
53604,3561916
63917,3201813
63862,3149239
11303,4383711
66294,2923703
59705,3364361
59990,3348493
51938,3743368
51896,3707230
51616,3716657
27200,4015799
27353,4015832
65461,2992785
66028,2976165
64756,3143663
64786,3177112
65140,3108830
52309,3695194
109452,3041335
35339,4042061
64498,3203920
8206,4515625
3552,4468699
10284,4773082
58958,3471423
64508,3199375
33479,3870676
11467,4356820
12034,4358764
9932,4717204
6097,4591783
20977,4459205
59169,3295249
59563,3249383
9404,4624015
9466,4728941
64284,3200303
54268,3495757
9931,4664715
52452,3691988
52712,3656496
41312,3881616
41434,3861393
53301,3678018
59093,3331242
59478,3285477
58378,3529852
27483,4116566
6235,4588295
24995,4293331
25426,4195625
37273,4049620
37328,4076142
37660,4066480
30884,4032536
31828,4046690
31827,3994116
31682,4093891
31681,4041317
54792,3453586
55341,3423803
9401,4571552
34210,4081043
9590,4781515
5344,4413630
36524,3911915
64874,3143639
65188,3068820
34054,4107227
35096,4085430
9148,4781354
64980,3116843
63874,3179060
5352,4439141
37498,4084671
37596,4070740
27177,4064001
32719,3947193
64889,3186600
5901,4487089
36495,3912817
10307,4717289
24309,4419235
24198,4366661
9147,4833928
9157,4807128
63630,3126681
32472,3976481
59133,3385178
53641,3547072
33772,4128252
33654,4075678
53290,3614872
24996,4345905
59021,3426952
59149,3347495
20589,4298478
65028,3064703
32505,3985759
55612,3426044
33677,4128055
59037,3383265
9975,4612227
13521,4207676
22303,4356533
65015,3036559
40547,3905546
58831,3500915
64512,3214628
58527,3516713
58814,3516608
71394,3076371
25948,4090954
41596,3861108
32069,3966716
9327,4758663
9767,4657509
33522,4029072
33952,4159782
31855,4019238
64824,3152111
31490,4074828
31701,4064602
64288,3252454
58565,3531431
31509,4083267
31311,4056319
57919,3569356
24708,4293371
25995,4053870
29798,4082167
29762,4029593
37218,4045630
37700,4049560
9345,4781225
58165,3543852
33743,4134054
63894,3230667
64332,3251562
20356,4293956
20979,4348550
6197,4535759
9167,4833780
7515,4555338
21225,4391355
55798,3478185
10282,4564736
10435,4461432
57977,3556532
26129,4158849
6539,4493618
62894,3155962
63642,3178213
34058,4112234
34424,4134975
53578,3565662
10295,4513909
64333,3304136
12504,4258230
14608,4157335
64102,3267830
82004,3067329
27047,4107538
24586,4391960
24362,4339386
25830,4143275
21389,4369868
82135,3051804
83581,3045957
9560,4758751
9571,4710069
37679,4042761
37890,4002858
9383,4728832
30894,4033642
31148,4061405
64107,3320404
58092,3544675
57767,3585505
10007,4657543
9201,4781389
85670,3058153
12320,4309317
29625,3977023
29747,4029593
24197,4419235
57525,3568010
9799,4702074
6059,4483677
35403,3992257
38328,3947562
9581,4754662
62909,3207693
63674,3229450
54458,3501205
54561,3553728
37096,4016821
37251,4068542
37583,4039245
41589,3856839
41766,3853102
61878,3174740
39056,3922731
27539,4160103
10208,4617617
10207,4565043
58691,3545944
40551,3910411
21789,4356781
55015,3663738
55016,3611164
6007,4463386
9382,4676316
26105,4106347
26363,4194951
26309,4158829
26531,4207585
32075,3973307
26520,4216204
37483,4055499
54876,3506109
9203,4833963
49379,3772146
49846,3782423
27809,4212677
10471,4409087
11717,4307158
37648,4016545
73954,3108749
24067,4314257
54123,3527274
73330,3095949
77646,3140241
62917,3260267
7659,4556593
25352,4245708
10114,4710117
10019,4612408
25814,4182362
10297,4566483
25916,4130014
40771,3904951
54914,3558675
54967,3611218
9819,4754646
42980,3808883
20148,4276994
20484,4346461
41357,3855341
31333,4085247
33858,4185215
33862,4237789
33976,4164784
30093,4058195
30095,3953069
54926,3558610
55698,3434015
54542,3606245
54587,3606239
9381,4623969
8205,4566109
31005,4063164
58117,3509367
49866,3737471
24118,4344765
33755,4081525
55054,3633979
6772,4459860
24068,4366831
55047,3634026
34898,4108921
10219,4512581
31027,4087659
45734,3816315
45628,3739071
45694,3691199
45742,3731065
54608,3658722
54632,3711255
54812,3685644
32750,3923204
33529,3872027
30517,4006827
32284,4025751
32521,3971475
46556,3769380
53834,3737534
53833,3684960
30546,4058506
54518,3643765
10035,4560065
62869,3493991
62833,3441417
22763,4298902
22407,4300105
22915,4307873
54364,3669910
54534,3696300
27221,4205706
27222,4153132
53835,3737534
53895,3737534
54088,3632392
30378,4006849
58626,3553957
151670,3508588
58695,3598518
57968,3529118
57741,3476544
54946,3596425
58585,3515461
58599,3515463
58623,3515461
58652,3469344
58725,3515461
58737,3515461
58763,3515461
30201,3947636
44410,3830861
45564,3791136
54970,3615564
55074,3686553
32328,4028363
58625,3606531
37940,3964063
47927,3849675
48907,3789153
64361,3203384
22917,4360447
23123,4288278
58120,3472014
54848,3633942
54566,3748793
54729,3752966
9630,4676543
54420,3722451
10227,4460100
58235,3432883
32123,3975949
36149,4000380
9821,4807220
33978,4217358
33994,4211833
54737,3738181
47894,3827931
23014,4340848
34289,4108648
32747,3924530
54998,3563067
55048,3615631
54460,3774953
49499,3744823
24428,4316989
56061,3423972
49755,3715302
50202,3719303
64900,3114399
27187,4199205
28172,4102122
10243,4507647
23895,4261716
54826,3642145
33833,4134099
40761,3892781
40907,3901247
54759,3746651
10067,4605391
50464,3716640
54082,3684962
54101,3579832
33783,4108118
64232,3289888
64207,3237314
32571,3973299
54108,3549220
54217,3564849
58709,11
58710,7
54081,3737534
58634,11
58633,7
58720,11
33879,4213253
33880,4160679
58076,4
57998,4
58081,6
54788,3694690
54740,3589630
51590,3746356
33590,4028548
58641,11
81520,3040754
20485,4399035
20598,4396629
67091,3014422
67431,2958699
21583,4339652
57997,6
54706,3642175
54690,3694692
9810,4654218
9809,4601644
9509,4519167
55005,3510542
27161,4219644
27855,4148453
52436,3729510
41817,3852006
78622,3108060
54482,3722439
152382,3790108
58734,11
58733,7
63556,3279349
63682,3265236
21955,4345584
63429,3373330
63430,3320756
58663,11
58664,7
53292,3659753
53764,3548863
54263,3557200
58743,11
26512,4239375
4356,4564702
3994,4512132
4358,4617276
4680,4617276
20989,4339684
68409,3152170
68410,3204744
29310,3897845
39302,3877811
58105,11
58106,7
58676,11
53621,3591816
54333,3617379
60002,3192718
61929,3226795
62491,3430948
62457,3378374
63587,3331923
58006,7
58116,11
58005,11
20772,4389436
21311,4314609
27149,4244036
54096,3505232
71017,3009551
87304,3093285
23015,4393422
10081,4552906
33817,4078696
58008,11
12248,4257229
54543,3759904
54490,3722446
54496,3759903
54520,3741087
23013,4393422
54475,3669908
54435,3707370
54640,3737129
47926,3770928
54436,3688557
28678,4002520
28470,4054978
29025,3950044
50204,3689638
27127,4269494
27689,4194048
54340,3583500
68665,3070567
63909,3317166
63907,3264592
64847,3159328
36,5602287
20838,4410641
23948,4317131
23926,4264634
77830,3146108
37076,3917702
35074,4161253
58123,11
58124,7
55083,3476322
55236,3432204
10251,4511197
54643,3690269
55086,3528896
55494,3422779
55776,3399840
61504,3278920
61951,3278544
58024,7
58134,11
58023,11
36188,3958554
37045,3910500
9823,4549125
13770,4205155
58682,3620605
58681,3568031
64984,3088846
54404,3636027
54500,3688581
23632,4265858
63344,3340691
58026,11
58683,3620605
61953,3331118
62375,3329250
8324,4564691
10612,4511422
10316,4458848
21773,4337515
54554,3684623
54675,3637728
54431,3632074
10232,4406351
34867,4085177
54934,3484656
10255,4563771
27107,4268469
27567,4265345
38246,3950925
63046,3354174
63435,3338847
28489,4107548
26498,4227438
25366,4265723
64894,3133068
62665,3479011
62611,3426437
29750,4082167
9726,4496717
58153,14
58154,9
54854,3537122
10322,4357010
10168,4504514
10098,4451940
53356,3685562
35159,4158769
58053,15
58054,10
27021,4259906
58158,12
20108,4247023
20630,4329530
58644,3568031
31339,4087704
28494,4160122
28655,4160122
58643,3620605
31755,4140278
58056,15
58646,3620605
58163,17
4492,4617268
4262,4564694
63437,3391421
63690,3297798
31041,4088044
64993,3054721
65059,3044400
63871,3285345
63884,3337919
31357,4088095
66694,2959768
68666,3123141
54384,3579546
21643,4318928
22245,4316127
58707,3620605
58708,3568031
47006,4007332
47005,4059892
47649,3954760
35136,4134691
36061,4136013
65462,3042619
24196,4319717
64773,3089402
58169,11
58170,7
58714,3620605
58064,7
58180,11
58063,11
151657,1
151658,1
25294,4295926
25488,4213331
25450,4216308
25799,4213389
58066,11
25864,4133758
33600,3976762
27603,4236520
64344,3200736
64840,3183415
33823,4028413
7757,4553136
54863,3532778
24260,4300191
25278,4298212
27409,4254750
66520,2943373
62377,3381824
27345,4265573
64683,3217858
58207,11
58208,7
34061,4034231
26491,4211001
58097,11
58098,7
38656,3910460
58212,11
63706,3299809
35164,4187228
58543,3620605
58544,3568031
65453,3016671
65769,3030948
58104,11
68611,3020961
33595,3924418
64759,3167037
20972,4381949
58550,3620605
33622,3930190
27067,4259637
27049,4246841
21411,4281187
22048,4295701
52418,3744794
53011,3782084
33739,3871635
47161,4007320
64309,3237102
34880,4137723
66076,2933982
66469,2887162
61372,3330535
61513,3331494
3060,4626185
3057,4573611
54301,3609701
67814,3178675
67813,3126101
29183,3898097
29323,3889853
58223,11
58224,7
54743,3527623
54885,3585347
62963,3400101
58101,7
58232,11
58102,11
25784,4216360
58109,11
54887,3637903
67929,3073529
58600,3568037
47819,3902201
49682,3833201
49681,3780627
71102,3045675
9048,4464147
64310,3289676
47805,3954743
63564,3352240
51578,3747685
27229,4256449
47233,4059880
54657,3580097
41051,3868433
42853,3805731
65647,3075231
65825,3049029
67932,3126103
54731,3685220
9249,4408081
53402,3633356
53659,3598496
27822,4428628
27821,4376054
32541,4019827
54940,3475097
9142,4490401
29249,3891612
32650,4072401
52409,3737606
61178,3346713
61395,3383109
65971,3013846
62415,3475478
62416,3422904
58575,3620605
58576,3568031
65963,3081886
35166,4239802
35204,4239666
8440,4553227
25965,4056510
26101,4158571
66071,2986527
54659,3632666
52939,1
52940,1
58588,3620605
29836,3880377
26486,4213607
3993,4459578
31290,4064704
47308,4165005
47257,4112431
21827,4243298
10080,4458923
34991,4190297
10828,4409584
23336,4263602
23952,4318353
31300,4015575
27201,4277340
36201,4001550
25,5707679
26,5655105
34882,4190180
29675,3905576
36146,4050192
22429,4298053
27043,4266109
34884,4242754
34894,4214273
36145,4093477
21060,4382041
22542,4287629
23954,4370927
66045,2990095
31867,4011574
32163,3976241
49683,3833201
49925,3728057
68112,2969382
36163,4048626
36610,4019578
29399,3966427
51724,3752963
26095,4161163
47267,4112423
31571,4013082
31978,4011605
70586,2995187
47236,4112454
37698,3917742
58596,3428598
4452,4617260
53429,3597011
53869,3561804
58551,3376199
36167,4051772
33863,3982497
34066,4086805
34199,4058624
60742,3294173
60999,3395810
25116,4300355
31676,4011248
37047,3963074
38781,3903104
33868,4035071
55315,3473487
7915,4500661
66102,2939549
22126,4302120
59535,3209392
9190,4485277
9524,4514615
70628,2993981
70918,2977904
34223,4053214
34311,4083428
59477,3245627
33638,3927783
58236,3392405
31045,4014006
31408,4011977
4309,4669830
4544,4669834
65045,3215769
64705,3163195
21134,4434615
27853,4376055
27993,4323484
35503,4292223
70492,2984074
51627,3706963
22280,4250937
23018,4280700
26479,4161131
34561,4132147
30675,4002332
31144,4002361
3556,4465621
52473,3642582
28003,4323485
28211,4270916
70523,2996630
52403,3691461
34793,4184353
52873,3643420
53792,3559895
33712,3980357
35821,4188574
36077,4188571
53991,3531254
35109,4236227
33786,3875369
35540,4316400
15128,4155511
27027,4297469
57733,3407249
15153,4072239
70299,3017462
70633,3003144
35825,4293632
20018,4195403
20017,4142829
35822,4241148
35824,4241109
30447,3968704
30778,3986552
55150,3495906
34584,4150139
64452,3399344
64443,3346770
50998,3708929
58698,3341024
30525,3951995
9554,4567189
56451,3363541
65032,14
65011,16
65114,14
64631,3399342
64632,3346768
47321,4059863
67671,3036721
152436,3003922
64444,3399344
65107,16
26085,4108628
9298,4433097
30205,3935548
69442,2987981
64442,3294200
57734,3459823
30207,3988122
30301,3916795
65012,22
65039,22
58140,3388049
64436,3241636
65108,22
65119,22
21993,4198592
63627,3350284
63718,3278524
34239,4000951
23151,4255145
64687,3294204
35982,4274757
63579,3378020
63633,3390561
50898,3659584
69450,2961556
27930,4218352
64723,3139501
34669,4097809
60074,3244224
60708,3343266
47324,4112437
47555,4007303
25780,4163935
25929,4057861
104411,3017023
26063,4151562
64411,3189078
26701,4208351
2769,4623987
38946,3910832
26692,4186694
26869,4260870
4310,4722404
4508,4722404
25118,4272988
27299,4248852
27559,4307324
26871,4313444
27030,4350043
64690,3346778
47675,4007299
36235,4021852
36950,4017378
20104,4210755
20898,4232862
63580,3355058
54059,3540392
49232,3743753
50589,3704575
54851,3526160
34012,4031085
34315,3948566
47556,4059877
25328,4268841
25322,4272519
29609,3954708
29847,3896862
63609,3305981
64243,3250054
25714,4167558
25852,4135983
53841,3527395
54179,3545434
33962,4032401
33961,3979900
36079,4222205
63590,3332467
8055,4448119
27060,4221206
22107,4202946
24172,4166266
10079,4511497
62330,3414487
35925,4241921
5175,4407716
36022,4254902
40196,3853642
42008,3841898
5191,4431745
36083,4205846
66543,2938163
63535,3359766
9748,4408500
9705,4405607
54880,3578709
52483,3637579
52623,3635242
54067,3542668
30107,3868227
23950,4218668
36088,4156672
38978,3899801
64213,3239421
64383,3220965
2191,4794749
2322,4689630
59390,3238755
64385,3273539
36894,4122508
36893,4069934
61900,3444908
62900,3390992
63553,3291957
64665,3169738
64655,3121066
61731,3550052
61700,3497478
30090,3885764
30085,3852502
26056,4151682
3390,4675869
3233,4623295
55490,3389901
55526,3395735
56895,3356459
57084,3386363
24354,4271242
33999,3927393
47864,3784335
26660,4194228
66516,2906457
60556,3381276
30069,3870019
25772,4140944
25853,4137403
32227,3952914
27,5707679
59146,3265696
59063,3237018
59631,3249169
57444,3378081
24089,4202411
54795,3623846
32044,3988006
61491,3448384
53281,3545727
57243,3346592
57904,3367197
25268,4220565
87383,3145803
88422,3145811
37816,3986413
53305,3501382
51844,3658501
31740,3986353
57623,3334952
58268,3373993
58598,3358679
36144,4104298
58752,3305051
58886,3287063
64365,3210126
64600,3180399
51872,3653063
20056,4178860
36090,4203617
66638,2903500
31486,3980543
88410,3182478
90254,3198385
36812,4122495
37143,4122497
66617,2913682
60102,3283066
34922,4134358
34921,4081784
61699,3550052
31212,3968156
25930,4056989
25951,4101162
67406,2951748
87377,3158655
152435,2987032
30908,3951333
59925,3298926
60222,3332551
34605,4045388
58715,3263762
59154,3289573
64056,3319136
64049,3266562
59121,3337097
88398,3193500
90074,3235052
54058,3547078
92572,3105531
90428,3156952
94658,3052994
6036,4439515
25398,4220096
61211,3423241
36029,4068783
36657,4013395
39126,3891306
39262,3864768
53583,3508938
54117,3599633
66137,2990876
35793,4085644
36132,4121357
30391,3891196
46910,4270133
46909,4217559
58815,3315610
59451,3342147
35437,4072703
35854,4138218
58376,3302633
60188,3372461
51254,3683388
87369,3143876
56670,3408458
35131,4055177
35494,4125277
36873,4144136
37495,4175071
65575,3069225
65839,3124268
38887,3898954
35352,4002874
88352,3196402
90362,3176989
34713,4034962
35014,3982520
53021,3597813
2587,4672032
34523,4001075
38142,3945186
65859,3133945
25588,4168062
34595,3939518
51486,3663455
51856,3685476
65751,3115838
90364,3229563
59259,3276580
90399,3169823
25620,4139760
25691,4097696
36744,4144138
39376,3836365
34249,3921433
2220,4682113
3128,4781005
3123,4728431
51499,3656947
52042,3675681
87363,3126001
26622,4166229
39017,3890635
65397,3020690
33982,3869476
47115,4164991
47113,4217557
47363,4112424
32733,3917882
33835,3870303
47361,4112422
47501,4059862
20415,4187372
47489,4059860
67541,3041308
88295,3178529
89600,3248976
47200,4164989
36822,4118510
54241,3644216
54537,3625039
106804,3012346
36734,4118516
43198,3809965
39215,3862134
110487,3012228
104366,3009582
5834,4400156
67485,3024329
67134,2933462
67403,3003608
42760,3795202
37108,4007754
67323,2990505
87359,3075970
39339,3818213
3391,4570749
3392,4518175
41112,3844315
36733,4065951
56971,3399147
32814,3970436
88238,3128499
89145,3231103
51278,3671005
52273,3641521
41448,3810264
41492,3827585
106646,3012116
106984,2995271
42488,3773843
47622,3767717
67145,2939141
63514,3339283
29178,4110411
29159,4057837
106645,3032569
106819,2995907
39543,3833499
65753,3168412
61160,3403076
48010,3800891
43009,3782407
90270,3128495
91560,3158066
43173,3796528
63544,3298456
152117,2976922
3124,4781005
3117,4675861
104399,2980017
104055,3008718
58422,3284551
27013,4164540
27929,4270926
28630,4165792
45540,3731836
45602,3684100
32297,3980437
52505,3689001
52564,3637441
107170,2995393
25162,4134699
25185,4051895
50928,3635611
87353,3023428
44430,3745356
104542,3026060
2771,4676561
47995,3778196
48152,3778941
62447,3405747
32108,3996944
47733,3760194
64219,3269897
64350,3239796
66767,2962747
67206,2936858
97746,3025787
104521,3032085
39515,3836541
39757,3788879
43834,3730972
89030,3075957
66017,3093095
106377,3006125
107025,3005117
49370,3759330
19854,4104370
31840,3990074
25270,4273139
37768,3992143
52506,3735769
52913,3649950
57250,3387251
58263,3317659
52751,3690005
101982,3004478
64768,3167319
64642,3129866
87346,2970891
31550,4027466
66310,3043450
48236,1
48235,1
66219,3031002
106378,3027386
56376,3454942
56797,3430653
91968,3105538
94880,3000466
46976,3728461
50603,3685043
51858,3598056
43003,3744097
97925,2978514
108131,3018406
109906,3063543
108432,3010969
31276,4019135
107916,3027274
28365,4159909
28735,4118997
25504,4130973
91969,3158094
58874,3303205
97410,3002808
100440,3060449
36923,4118525
23423,4183229
24455,4170550
87366,2949284
92192,3210649
92161,3236658
3235,4570733
30607,3929915
31016,4003013
3118,4728435
29160,4110411
56529,3477481
39401,3882336
26892,4180323
27831,4158536
104056,3017213
152097,3019778
29086,4100842
29239,4012655
101003,3068050
30678,3981788
29186,4057829
69417,2939844
89611,2961955
49708,3742874
108132,3017356
29507,3962073
66571,2964858
66663,2934202
96261,2967753
97688,3014529
107915,3035996
29458,4013247
66710,2900228
101981,3038949
152073,3049418
36839,4002420
29591,4000547
29769,4007282
49953,3685256
51573,3649299
30070,3922593
30449,3943278
32908,4023006
32909,4047774
33029,4072462
32828,3995204
61153,3420773
30073,3834492
30054,3853680
92719,3221566
92162,3253912
94813,3169463
39190,3922317
39944,3932334
23734,4145360
25197,4164592
32882,3967261
38585,3956747
37981,3989984
96981,2975316
99215,3025318
64819,24
64820,18
96953,3011812
64821,14
37547,4138288
37232,4085714
49091,3743356
49516,3763902
64933,11
64934,7
64928,7
64974,11
65066,7
65065,11
65058,7
65082,11
65133,11
65134,7
65193,11
65194,7
65130,7
65160,11
65186,7
65210,11
25624,4093013
25728,4118724
61142,3425139
56946,3419785
65365,20
65366,14
26891,4232897
65360,14
151817,12
37162,4060279
60113,3389380
60438,3421498
60942,3450312
61352,3420586
64542,3245891
96831,3064368
97611,3047614
56671,3470727
63900,3297962
60439,3474072
60514,3443214
26607,1
26608,1
26538,1
26537,1
3564,4518195
63523,3298620
63658,3323049
10143,4363801
63645,3326575
3238,4623307
61434,3423315
62836,3403451
63509,3363756
10352,4376993
37156,4049468
63898,3350487
60848,3456686
51800,1
51799,1
37300,4044696
37734,4033248
52888,3585902
58460,3311160
54198,3607091
101004,3049055
96894,3116942
52406,3516017
53465,3493399
64964,11
64927,11
64371,3350142
64311,3390358
64369,3350138
64429,3298424
65057,11
65080,11
64203,3392494
64314,3390354
65129,11
65158,11
65208,11
65185,11
49068,3725307
49315,3745055
65359,20
37227,4075329
25457,4130810
29352,4111707
29334,4059133
25583,4092726
64627,3131410
58260,3353045
64596,3195790
35,5654861
66255,3016451
39559,3972535
40280,3956421
10144,4315066
64707,3166774
66352,3007719
26888,4128096
94941,3116923
10351,4325830
94944,3169497
37318,4085801
32898,3921344
33945,3864254
39043,3965793
25331,4154634
24955,4043399
26665,4141601
58349,3326771
58753,3328814
49549,3737202
49604,3752386
64539,3245614
65737,3112349
66095,3041973
57476,3375573
66768,2920807
66802,2968323
37097,3987259
63506,3344045
53561,3481396
53934,3545948
64587,3195079
49784,3719003
50751,3649466
66776,2890515
66661,2944892
66681,2944405
27462,4134007
63892,3367940
64358,3376870
64202,3420484
64326,3417168
5052,4398722
53757,3561486
64422,3324341
56762,3433988
5068,4407890
57499,3351399
63889,3364974
49464,3720194
64308,3417172
64348,3376874
64532,3296558
64589,3143546
49754,3751542
53691,3464907
32950,3942460
66493,2996123
66717,2968055
152082,3025148
20353,4150231
21431,4238851
40013,3942533
40652,3943202
14472,4202307
64335,3336923
66703,2958087
56196,3463260
66936,2977432
49705,3722047
54684,3406842
151886,2879042
58906,3354713
53897,3405768
56088,3433219
58759,3379072
66632,3072587
66606,3034629
66648,3020605
60229,3428403
64635,3139555
62571,3449794
63185,3434543
60232,3480977
60711,3439782
151881,2952015
24868,4128097
63503,3296598
63467,3369695
21399,4291383
21951,4246202
49533,3686575
59033,3363080
64630,3139173
63863,3365416
63934,3376096
58897,3391736
37843,4022822
31909,3975533
31966,4008101
38743,3978689
54154,3604890
56104,3429881
56599,3497979
36243,4072297
36244,4019723
99704,3072025
65738,3164923
40409,3896295
41078,3896867
37925,4010011
47352,3666641
49641,3704498
49757,3686174
56607,3502840
64322,3366694
66654,3
66653,2
33,5654609
25718,4299198
25098,4351658
26033,4246641
46600,3724237
47000,3727383
58997,3375219
64867,26
64868,19
58593,3411182
64880,26
64870,16
37155,4033571
65714,3067257
65342,18
65341,25
65336,18
151811,15
35983,4105945
35984,4053371
65138,11
65126,7
65125,11
21347,4273654
21453,4343912
64911,11
64912,7
64930,11
64908,7
65122,7
65041,11
65042,7
65038,7
65064,11
66885,2965774
69038,2969632
69366,2953390
26553,4194122
26883,4147454
65178,7
65177,11
65176,7
65184,11
60531,3444328
37407,3967159
21938,4262783
21974,4223170
35713,4108012
35714,4055438
58677,3402017
60354,3391794
21406,4326177
21543,4344421
39843,3977564
151861,3
50496,3655742
25994,4298974
64294,3419257
108431,3014718
21460,4305746
21615,4305752
28567,4120632
62159,3467499
63078,3486808
47314,3704634
60532,3496902
21905,4263679
66449,3046668
30452,3995852
40834,3848666
41696,3949441
14096,4199758
21548,4259605
21659,4351895
108354,3032930
29113,4097571
45533,3672130
64907,11
64926,11
29187,4110403
25576,4346972
26469,4246546
65037,11
65121,11
65132,11
65056,11
65182,11
65175,11
29335,4111707
21626,4311910
21717,4388711
29459,4065821
46808,3741788
19712,4054614
39599,3993630
65335,25
27427,4153337
53398,3589344
54104,3589329
21676,4352246
21775,4368737
69327,2931313
56219,3452653
66229,3080504
66505,3099236
21879,4316212
21850,4211173
56165,3423064
21736,4362239
34,5707181
50,5706937
52391,3651870
108353,3005100
67854,2958824
368,6441076
358,6388539
394,6493491
64670,3133710
68463,2920269
21808,4325981
15068,4150518
60881,3408761
56496,3450284
28519,4164245
28436,4111671
63267,3414676
299,6283477
239,6230931
292,6335987
350,6335986
43420,3714489
21305,4228165
383,6441059
436,6440931
53572,3612987
54262,3641903
62882,3523037
21353,4280686
21293,4175687
21415,4259256
63880,3348381
56103,3384025
63631,3295877
63866,3400942
21467,4207317
65989,3103673
66156,3105683
28421,4185318
28336,4132744
43002,3728548
66567,3151810
21561,4259677
66060,3064289
32358,3960591
33042,3915154
344,6388440
32211,4157779
32212,4105205
279,6283459
21631,4306181
38593,3982773
32118,4105211
32117,4052637
5064,4378655
21679,4316953
66529,3151808
218,6178387
382,6440993
65850,3065001
64086,3535423
64022,3482849
62576,3520014
62968,3559236
61530,3437314
21749,4281086
52685,3600465
26819,4294610
4812,4446920
5055,4421764
59942,3389989
8186,4342987
27439,4131990
58569,3417868
15154,4119253
15015,4068593
35356,3970263
37785,3975096
63754,3453515
63753,3453509
63915,3453505
4816,4470048
5257,4388153
40621,3899464
41965,3796270
27260,4205633
27659,4129179
66583,3204382
67732,2970358
67252,2950080
67771,2960166
23195,4158661
67701,2953281
63110,3539383
63166,3492636
67453,2908962
12000,4420210
11756,4367636
340,6335883
39,5759755
32316,4157779
58457,3409098
32226,4157779
101,6073802
102,6021228
62624,3572543
376,6388435
99825,3047230
272,6283426
32149,4000073
66142,3111279
21692,4176040
63038,3545110
63277,3440121
62868,3611778
21308,4206781
27550,4181674
28457,4111907
27503,4310572
27339,4257998
21229,4154250
63446,3367297
43298,3697956
21429,4154798
62732,3595334
4944,4436604
6903,4350602
21501,4207158
266,6230893
158,6125951
202,6230813
38408,3971014
39317,3972322
21579,4253662
87,6021434
88,5968860
43131,3741269
247,6283361
63299,3418061
21645,4264435
45520,3656560
64234,3471824
64225,3471818
35032,3950449
118,6073593
139,6125931
21705,4228567
63459,3291573
106556,2998697
21333,4259355
63683,3270128
34601,3907958
317,6388310
14880,4144828
15069,4198432
63668,3231085
63913,3322702
62905,3585535
63062,3597601
120,6126167
45026,3650999
39291,3926535
39597,3978950
39867,4035991
66923,2987155
425,6493356
447,6493505
39851,4011044
40131,3996303
33990,3860231
40129,3993028
40345,3949856
40333,3943201
38033,4002691
33953,3854703
40587,3890664
26605,4323857
26955,4300527
15158,4063249
19685,4096367
21048,4049769
52208,3556099
47336,3679068
58112,3422407
59726,3412903
34326,3849440
63145,3470514
33058,3905595
34271,3843119
45818,3627013
52328,3555697
21179,4102277
61554,3436886
61671,3489797
27438,4233773
27986,4205290
25510,4399527
23733,4197934
24468,4094929
65596,3042351
65988,3058741
47704,3645261
15288,4120106
19463,4148544
19733,4146440
62889,3690576
62890,3638002
28550,4121913
19503,4198570
21581,4138668
38220,3996105
38791,3940172
42816,3738580
67454,2895470
97,5916441
28506,4095282
28582,4086509
63434,3342985
52,5759511
54,5759269
67032,2961732
56,5811644
62,5811610
26757,4322477
27169,4254747
14524,4242887
145,6178328
242,6283333
32525,3945159
14577,4163425
10424,4263083
65387,3018506
62878,3611104
306,6335778
364,6440805
63022,3611105
28522,4073142
28017,4257864
21686,4130444
197,6335811
29592,4045349
28372,4164196
45490,3638861
27342,4256073
29054,4052704
66834,2969938
445,6545930
420,6493340
11757,4420210
28401,4115912
29055,4039375
32175,3983463
32605,3957901
403,6440764
64551,11
64552,7
62856,3558556
25253,4403921
26303,4452093
27893,4275494
53397,3641918
70,5863956
64696,11
64695,7
37174,4129550
36708,4076976
61767,3489389
62156,3489615
57180,3381075
57390,3379024
27933,4257834
8194,4362630
30053,3832141
66920,2986112
21684,4084264
21698,4123534
31911,4014811
38101,4028985
39185,3874815
65346,7
36338,4129530
36709,4024412
40557,3838121
41645,3943238
21534,4032221
116,5969015
54467,3467474
54468,3414900
65345,11
62672,3577227
62843,3517619
412,6493299
296,6388225
354,6388225
31924,4001516
38137,4010644
38213,3969359
31970,3995916
32311,3976874
35520,4182090
36341,4076966
62133,3484889
62400,3542020
66232,3158257
62673,3629801
24548,4111923
64653,3134467
62494,3566160
60821,3421564
31921,3962434
64554,3191002
64616,3148641
27325,4276592
57416,3361654
57564,3378415
24713,4032399
66831,6
66832,4
414,6545777
42401,3751597
42747,3709464
37129,4074469
53166,3418137
64247,3243551
90,5916343
336,6388193
430,6493266
31892,3991930
66838,4
62802,3622759
62787,3570185
31834,3956064
34518,4234656
35521,4129526
66909,3013724
57,5864002
56066,3408304
57161,3382934
28331,4204458
28049,4302708
28047,4337629
28165,4257010
66671,3003062
62753,3622755
28125,4287157
28180,4141097
28847,4168486
27915,4302699
27946,4337970
58520,3427193
27587,4347058
27477,4294484
187,6283339
27687,4310227
55554,3513412
55536,3460838
66140,2970731
151864,2989107
65364,3012995
47776,3611504
48134,3638422
62754,3675329
28186,4234609
62803,3675329
34517,4287230
34536,4182092
38413,3917103
38847,3891339
140,6178505
50971,3608517
38537,3865005
39188,3927389
40183,3827983
61562,3420010
61995,3541963
37021,4075540
37069,4023900
45005,3622091
289,6388207
57361,3375332
57381,3357023
45825,3594512
53388,3414765
36969,4024189
62711,3606358
62712,3553784
62526,3618734
26124,4504657
26503,4504667
40185,3788433
63064,3512183
19933,4251144
65587,3007398
390,6440719
433,6545840
177,6230865
253,6283303
41959,3798400
27781,4331215
27966,4390544
58029,3381490
27555,4277227
37028,3971877
92,5968917
112,5968700
136,6073436
285,6335720
58034,3390960
62598,3612197
62578,3559623
36719,3972219
62682,3534238
62955,3553361
151859,2973092
66559,2987137
58,5916576
71,5916351
36345,4024773
62134,3537463
62234,3475932
63594,3260194
138,6125840
332,6335714
66837,6
62332,3581074
62331,3528500
2219,4734687
2264,4651375
283,6283221
377,6388240
63515,3284425
37032,3919675
63419,3261927
52130,3556035
63424,3353931
124,6021068
25097,4404232
27751,4279743
35525,4077333
27667,4227233
27841,4332317
48786,3656217
30074,3812820
62956,3605935
19478,4250614
48832,3708791
126,6073642
52466,3525919
43127,3659786
258,6230719
34538,4234666
34554,4129899
66,6021495
65,5968921
28148,4182902
43225,3616752
45415,3626052
150,6178289
47272,3572922
60559,3444475
61306,3418350
62482,3476711
65871,2989338
25961,4456487
53514,3618539
53738,3665561
62716,3487312
27835,4175260
50814,3619337
40477,3737155
41225,3819631
50762,3604003
28075,4218747
152,6230863
28341,4138310
62668,3435000
62736,3523797
62515,3529285
41228,3872201
3196,4551984
3195,4499410
369,6335749
19345,4201064
19454,4200511
62738,3576371
63012,3523879
47367,3559097
55094,3500221
54570,3491826
62022,3411767
19227,4253588
19332,4253031
19079,4306116
19220,4305555
66217,2992249
23378,4012811
19007,4358648
19074,4358083
52157,3545763
42072,3747273
18885,4411184
19000,4410615
18739,4463724
18860,4463151
55514,3454127
57320,3377744
52393,3525780
53264,3553618
18589,4516268
18730,4515691
26849,4557231
24714,4080430
24619,4013427
45313,3650284
18459,4568816
18576,4568235
53486,3606156
53536,3647298
18309,4621368
18452,4620783
17887,4831616
17762,4883945
17886,4883583
17979,4779048
18209,4673924
18308,4673335
62412,3424143
18087,4726484
18196,4725891
56032,3414422
60270,3449231
18086,4778451
17976,4831015
53245,3553320
38388,3851466
38665,3816395
53491,3632849
27939,4127895
6586,4401292
8167,4304732
21747,4134599
21986,4145967
58069,3421893
53481,3605871
33102,3996347
32932,3943773
38218,3972249
57613,3390925
37038,3867270
62976,3489273
33076,3891295
249,6283229
319,6283245
51362,3551497
52239,3535990
57765,3444986
58001,3448175
23204,4116020
52301,3522853
52987,3525499
106,6546034
83,6493460
28076,4243388
28103,4190866
68,6021495
41350,3821407
31833,3924128
31916,4010820
38693,3769613
52140,3520431
52261,3521018
17761,4936519
67665,2901908
84,6546034
107,6440890
25963,4509061
38283,3767088
38827,3719928
61307,3411370
169,6388324
172,6440898
191,6335762
211,6335750
31875,3976676
32051,3961397
65836,3002566
165,6388291
400,6388315
62392,3371630
311,6335766
67648,2949544
32412,3872932
19452,4251887
31878,3925480
110,6493464
402,6440889
409,6440885
42216,3694842
34616,3872173
62726,3487241
63218,3457779
24549,4136165
34611,3805381
62520,3330120
50120,3533694
22078,4127489
23989,4095055
61961,3464339
61962,3516913
63193,3510345
63296,3406454
63297,3459028
63411,3321404
61455,3516516
61341,3463942
61017,3440132
61343,3385759
39985,3670940
62758,3539815
43291,3607701
65084,3064097
65147,3054575
18537,4356110
18538,4303536
60971,3468033
60445,3471346
62626,3382595
14678,4196841
14854,4132409
15002,4086254
270,6388276
327,6388323
371,6388340
21812,4142036
62684,3387599
47141,3604228
28721,4128146
410,6493459
424,6493459
18482,4351618
42245,3594531
43715,3637032
63117,3562915
63250,3562919
10230,4322720
63118,3615489
19776,4277265
14990,4127811
14977,4148065
14931,4147822
41444,3768837
62550,3287364
60281,3467481
60447,3523920
10444,4231946
10614,4241511
63196,3615489
9904,4304813
24416,4073001
19772,4329071
19982,4266272
205,6388282
10375,4277528
20304,4314338
20670,4246461
27562,4102736
23203,4093686
50761,3656577
147,6440841
61669,3503228
61670,3450654
180,6440824
7022,4353656
10427,4264620
29115,4150145
29119,4088685
46661,3598515
49077,3590921
14844,4173745
20671,4299035
21382,4194294
62883,3457917
62863,3405343
18481,4404192
148,6493415
14758,4184626
60292,3477204
59623,3450873
27291,4046386
27292,3993812
14835,4194690
154,6493375
21064,4241800
10432,4219252
62686,3339726
21448,4189488
21920,4129333
29602,4089667
53026,3578054
18385,4399350
18692,4377602
34392,3847645
29129,4140926
21510,4171165
14767,4244162
14746,4243837
33664,3882175
34363,3841195
18421,4427900
61684,3398082
10397,4264569
65721,2997860
14647,4289565
40673,3684839
62841,3357278
61625,3345610
62085,3367971
61643,3298008
17548,4759485
17547,4759479
17661,4706918
14083,4315225
40019,3628784
43386,3571411
19748,4381367
24984,4083892
24974,4031318
17739,4654356
29606,4132276
23351,4069154
14103,4364763
17397,4701283
17877,4601838
57873,3482431
59521,3468573
61347,3338740
23748,4001818
23988,4047290
60293,3529778
60457,3464310
17511,4648765
17983,4549310
29132,4193500
29139,4183465
62064,3350453
62421,3333911
85,6545937
28829,4175083
62586,3239044
63404,3269320
17595,4596237
18099,4498917
33717,3934737
17753,4545595
18235,4446408
104508,2992072
104629,3019329
1341,1
1342,1
17852,4493086
62090,3403027
274,6440822
18926,4637834
18696,4585272
18823,4637834
19028,4690388
23699,4096628
23707,4054020
14578,4154310
18943,4690390
19134,4642128
19025,4692607
19280,4591532
28869,4356626
28870,4304052
19095,4642098
19430,4538974
61787,3256089
17496,4864576
17495,4812002
19205,4589539
19524,4486417
24973,4083892
19321,4536980
19612,4433893
19235,4486142
25138,3978748
19355,4433636
64185,3296082
64295,3296102
56026,3394709
86,6598497
43706,3614320
44277,3635594
64125,3338317
64227,3338333
64079,3367163
64191,3367175
29632,4146360
60802,3353689
18288,4451361
64043,3375435
64153,3375443
182,6493370
54211,3457262
24136,4074102
24396,4043866
63985,3344211
64091,3344215
3084,4547141
63937,3291663
64045,3291663
63869,3344211
64001,3239110
26083,3980670
65554,3024319
63821,3396761
63923,3344211
65809,3022656
17406,4911503
17405,4858929
63787,3449305
63851,3396771
310,6440850
374,6440897
34418,3837571
63763,3449302
63801,3449316
63713,3448901
63765,3396758
94,6651056
127,6651043
14478,4254514
261,6493364
24596,4015891
24896,4001259
65577,3051758
65561,3051752
63695,3486649
63711,3396749
63661,3472099
63687,3448903
32470,3851686
186,6545896
278,6545938
161,6545930
131,6598492
134,6651066
63617,3419566
63653,3486655
25848,4026559
64488,3158984
64610,3148915
63571,3367023
63615,3472109
18618,4532713
64650,3121647
64782,3106326
63531,3314477
63561,3419580
63533,3367038
64692,3096542
334,6493424
27335,4127726
27336,4075152
264,6598470
63406,3210408
45387,3641316
47642,3576899
45255,3644670
63374,3217203
23571,4146875
24311,4086182
18166,4498508
33752,3987301
17364,4858941
17363,4806367
164,6598504
96,6703630
45219,3696622
45329,3688039
64717,3083736
64797,3090830
34428,3822351
34480,3834789
33702,4039870
33685,4039869
24422,4133016
24505,4078738
18491,4480330
19238,4585042
151194,3781221
151189,3804805
53405,3412286
17318,4806380
17317,4753806
24377,4040000
34377,3829151
57639,3441380
24581,4012025
17968,4545223
18273,4550932
2266,4703949
2270,4599474
28882,4356626
34607,3868023
4482,4494730
4803,4477594
57857,3478269
18418,4530491
18685,4532686
64645,3108501
52217,3494325
17264,4858915
17263,4806341
33701,4092444
64648,3115998
28871,4356626
29100,4251484
64605,3135473
26082,3952218
29101,4304058
24343,4087016
63939,3291653
48681,3620689
50077,3565166
53065,3630628
17895,4600506
18369,4577742
56025,3416671
63767,3344199
64469,3162424
64601,3170867
59759,3455923
24545,4035760
24877,4007764
18522,4582866
57280,3399902
64027,3186590
17687,4592771
66049,3156896
65791,3104322
21771,4175341
23512,4197350
25847,3994593
17188,4904427
17187,4851853
65248,3049475
65518,3056101
28228,4103944
18586,4582832
18753,4582705
17989,4627306
59672,3467705
53957,3464060
54275,3487960
24296,4110200
34622,3804016
24351,4057515
65529,3076576
18057,4630078
58867,3473728
63395,3190424
17453,4538501
60410,3439398
62614,3256855
29319,4251494
29318,4198920
18171,4629967
18869,4635052
57797,3449161
58616,3501514
18121,4630087
17154,4900624
17153,4848050
64778,3126983
62951,3230327
62948,3282853
62265,3294852
42762,3535417
65517,3086460
65519,3091257
17539,4637946
4615,4482737
38016,3706680
2276,4652048
17764,4597577
37909,3664174
40187,3646523
18301,4682318
18963,4587087
27250,3942437
27413,3984046
63387,3242814
13824,4417224
14167,4394889
64779,3179888
24153,4309721
23956,4257147
99703,3093752
17094,4848092
17093,4795518
63304,3295266
63382,3295217
63454,3295290
62710,3335177
62934,3335250
63056,3335266
45220,3749196
46297,3740613
65307,3100316
4882,4440189
5610,4444339
99826,3056928
18848,4589033
19125,4536697
13218,4469554
13907,4467816
63786,3452999
63778,3400425
23877,4322503
23694,4269929
14030,4447383
14353,4349125
27991,4076043
29644,4129800
62640,3363243
62564,3386541
62366,3387748
17053,4848080
17213,4742996
14483,4259439
62923,3376381
17054,4900654
62286,3347324
62326,3372954
20305,4366912
20522,4294030
14250,4401615
63172,3347761
16965,4795560
17331,4690477
18772,4639590
19113,4536521
40137,3699037
40975,3616434
63201,3336512
39739,3751576
39167,3804118
40124,3804129
63379,3347572
13317,4520224
13959,4520353
14475,4301636
63598,3347856
63262,3347703
17328,4637969
17409,4690482
63771,3400426
11289,4611064
11290,4558490
11254,4562541
11253,4509967
62065,3311992
25991,4440791
25899,4388217
33686,4092443
64010,3452998
20420,4346600
33688,4092443
17027,4900643
40861,3668948
17028,4953217
13515,4572832
14041,4552385
18554,4637462
19033,4589091
151084,1
151083,1
17327,4585435
12946,4521240
62915,3364373
23050,4225802
12409,4726811
12410,4674237
5608,4449802
27323,4043095
54377,3492036
52044,3524298
53671,3466109
25845,4440771
26399,4335659
48057,3614446
56307,3469245
56153,3414509
62198,3372146
16987,4900665
63600,3400007
49986,3577929
50489,3581589
12794,4572792
13205,4573755
16988,4953239
12107,4806671
12108,4754097
61807,3292249
62096,3319612
14694,4200872
14547,4306158
39035,3856671
39255,3856661
13347,4572764
62247,3425505
62432,3387723
25693,4444688
26109,4493338
12648,4623975
13160,4622969
13598,4604769
65173,3119273
29658,4143055
65174,3087597
65794,3156896
14125,4506601
17706,4643198
59188,3466136
62203,3424689
38577,3909219
39121,3909212
65152,3110862
16963,4848122
13033,4654014
32502,3822931
11501,4707485
12200,4723597
65172,3171665
61356,3271714
65171,3139929
26111,4545912
26353,4493343
65170,3115414
13451,4624735
39683,3868442
16964,4900696
19275,4485885
26733,4440805
26495,4388231
11502,4760059
61575,3302393
62135,3371999
26873,4329517
26471,4276943
17972,4676803
13644,4559058
14163,4454080
12544,4683777
67451,2923672
62161,3406196
29256,3927910
11121,4612903
11122,4560329
61412,3276019
38644,3961757
39313,3961784
67566,2938133
26393,4440781
63482,3493775
63360,3521556
63456,3534833
63599,3452442
25633,4471838
25634,4419264
50310,3612233
51283,3552031
17929,4722483
11677,4657281
60190,3469008
13817,4506131
17597,4590856
17837,4695491
65228,3073885
18490,4584906
53165,3470711
53326,3417028
21132,4236949
59560,3434416
11968,4704895
18091,4676817
53364,3418106
28575,4116540
21275,4222092
53381,3414095
17751,4666669
28518,4220803
28517,4168229
38397,3961765
13265,4603991
13686,4558608
48402,3540477
65168,3128918
65219,3099350
25735,4444693
17910,4676724
26273,4388214
14233,4534668
53340,3412193
25650,4366706
11001,4663733
11002,4611159
65274,3087196
65310,3111188
25722,4392131
12093,4707678
49878,3569872
12387,4712869
12748,4660449
18435,4632519
38398,4014339
38456,3931663
28317,3968400
14595,4462751
14596,4410177
13323,4606963
38800,4014329
54549,3544610
14709,4357671
14765,4353334
27280,4229559
27176,4176985
25443,4314159
12307,4707813
12607,4665240
53010,3414139
14451,4515266
14452,4462692
60392,3393380
60896,3313262
61357,3281951
11452,4609089
11955,4709835
53211,3409888
57495,3401289
57616,3403264
12468,4659964
18899,4534421
19550,4534553
36550,3668946
38017,3753812
17882,4729196
18398,4629829
64340,3587407
38617,3879108
14331,4565513
14332,4512939
64728,3117854
65301,3139763
65314,3127505
61532,3264843
63356,3574015
63114,3545543
12059,4559162
10817,4714226
10818,4661652
57270,3409757
50193,3608903
60885,3324014
61498,3306853
3101,4544723
62168,3390299
62144,3354780
12171,4660020
65431,3134925
62199,3442734
34686,3841887
34968,3768292
24711,4209781
24571,4157207
5472,4402159
6581,4502376
29672,4137629
11930,4506662
60184,3417739
62793,3564182
63105,3583210
37910,3710725
64472,3155410
14975,4252102
15804,4248069
26155,4283114
11881,4457989
23360,4238492
23359,4291066
17846,4775003
18075,4781753
39864,3815906
40142,3774050
23422,4244430
57386,3396453
24885,4262120
24767,4209546
41453,3572477
4431,4523242
50894,3553255
52039,3519395
18361,4682323
18732,4582521
24352,4104795
24230,4157715
40564,3721491
62298,3495169
27096,4225904
27494,4125028
18658,4582460
39345,3826563
12770,4612846
12279,4611671
41117,3721508
11674,4508603
18056,4827558
18177,4784542
20136,4635233
20006,4582659
25444,4366733
20419,4399174
20436,4399174
62297,3547603
40118,3774027
12884,4564800
13762,4619794
13761,4567220
138313,3386709
137807,3334135
53997,3462462
10693,4764241
10694,4711667
32556,3784745
18146,4781731
18321,4734822
63347,3597950
29682,4127337
99348,2982432
18645,4635025
99588,3010373
118497,3071761
53027,3404802
49776,3526219
65024,3134317
57758,3398149
57792,3419514
18272,4732045
18463,4685021
11486,4559524
38027,3931668
3341,4592072
13084,4617330
13427,4564835
13548,4617366
50186,3582726
28327,4020336
29257,3942641
14964,4409074
31425,3902945
18430,4685020
19534,4582618
19889,4587127
27457,4177586
27718,4072662
57008,3421763
57329,3416080
61632,3222081
15640,4374062
62763,3616691
34306,3877727
34623,3858351
17604,4541207
60799,3364827
65509,3149184
62295,3600112
13244,4512310
65502,3177143
25211,4261705
26089,4287034
13629,4671101
13630,4618527
17695,4531352
18614,4634989
31578,3911221
17621,4614388
14038,4462692
63346,3650460
63567,3650488
29974,3975780
29973,4027370
30065,4027820
31338,3923851
63551,3703037
63791,3703032
30076,4079183
30225,4080132
11354,4610951
60786,3376387
10563,4812994
10564,4760420
31451,3976425
59427,3394279
63775,3755581
64065,3755581
30234,4132663
30461,4058078
26898,4260337
27349,4225222
19498,4630065
19917,4602555
64166,3808130
64175,3808142
63342,3702972
38545,3774068
64639,3860716
52178,3461735
52330,3449716
37485,3984228
29315,4108272
29775,4145065
151124,4145597
52108,3493577
4627,4628370
4623,4575800
4874,4680938
28903,4071329
29330,4159312
30439,4110619
31065,4023853
31424,3871733
5247,4733512
28923,4123816
58889,3411967
59447,3446671
14093,4587210
14349,4587242
13148,4454306
64157,3808130
64558,3860684
4878,4628368
27458,4177509
27459,4230078
50178,3530325
18182,4729181
18283,4732095
37109,3931695
28367,4072821
58257,3425516
58901,3464359
11194,4661085
13121,4406075
50878,3513115
31577,3876818
52089,3472686
34698,3809925
34582,3863024
34639,3834470
22778,4273072
23312,4278376
52063,3473509
13949,4565467
14269,4639784
27720,4124942
20129,4545862
63330,3755486
57823,3406754
58262,3477905
10405,4811052
10406,4758478
37110,3984269
30319,4148649
30419,4163137
27756,4176555
42753,3531423
45496,3511139
45514,3506786
45594,3531782
45596,3531502
52145,3438833
151521,1
151522,1
13807,4515209
14139,4618041
34106,3883856
34590,3895110
19460,4616328
19743,4618981
34659,3870896
34693,3834486
52992,3409371
57394,3397745
49773,3504948
34704,3814506
48422,3569203
13028,4456807
37117,3879159
11046,4711011
57369,3407203
59465,3453280
57351,3417379
33730,3813534
33472,3767503
34105,3852215
34585,3928787
41655,3576699
34724,3763442
52031,3449053
52293,3425322
35128,3717427
19780,4493572
20261,4493609
21203,4255109
21281,4271536
36404,3608544
41457,3593778
26449,4283015
45428,3481690
45536,3505915
47611,3565081
137043,3281600
137759,3386646
13699,4566631
49431,3557458
49457,3557502
51711,3477569
52720,3426316
52993,3403782
48859,3573602
49301,3610004
48697,3626151
47595,3589843
48593,3621745
58919,3471187
30238,4184181
37120,3931733
30324,4201078
30541,4128865
13904,4514087
33630,3735491
35763,3702731
34673,3907695
34690,3880988
44985,3839451
44986,3786877
35398,3799387
53028,3381568
41948,3629231
34742,3796670
55424,3413902
55338,3399209
55427,3438498
40465,3633985
55331,3423428
4390,4542233
35762,3668338
65319,3168592
56554,3441222
58274,3485186
42214,3734307
45118,3839451
20182,4284109
65501,3198131
38235,3826618
34758,3836792
33613,3826861
33385,3849163
35758,3798431
35423,3751122
36160,3634771
25191,4286829
26217,4335541
11726,4609729
57065,3448517
57295,3426966
34787,3934710
36641,3667913
40480,3686511
33649,3901697
34018,3884762
53013,3395724
34017,3833484
34020,3787092
34073,3874995
34265,3909922
35757,3764838
33935,3927435
18140,4676663
48641,3482909
53575,3410588
30735,4076326
31181,3981508
21082,4304300
48563,3644841
18650,4629743
18682,4632363
48178,3635361
55020,3462898
55647,3473482
30330,4252776
30488,4172469
19958,4441229
20373,4546183
33386,3809595
10267,4807250
10850,4709098
59481,3423582
18766,4679655
55552,3526048
56647,3476695
18599,4679512
53598,3446768
53610,3481538
40060,3739059
40496,3739047
58925,3442372
151221,3734721
10982,4659761
11922,4662247
13388,4459820
21343,4319183
39656,3791594
40088,3791609
60772,3415929
31119,4033924
31555,3929149
63552,3755611
34988,3842057
17845,4722515
64580,3913244
30203,4131703
30267,4236658
58304,3476708
38796,3844111
39667,3844147
20500,4351576
30272,4236584
64582,3965818
64614,3965808
36291,3732007
26750,4312852
30334,4303700
30427,4224444
31794,3839778
151179,3882175
30236,4184063
29979,4078288
50272,3662636
49942,3610062
64876,4018374
62296,3652680
19640,4598081
30604,4180944
18109,4729075
53050,3373684
38702,3896634
39417,3896661
21423,4322731
11054,4712279
12056,4714777
41489,3681784
42164,3681767
18934,4726483
38140,3930564
38425,3939923
30245,4234471
25791,4541299
25775,4488725
136301,3229098
137018,3334121
30963,4086070
31238,4086378
62755,3669259
48248,3672589
41490,3734358
10145,4856161
10734,4758164
65231,4176085
65232,4176085
151804,4123512
38022,3878045
18217,4732025
18541,4726403
24759,4261740
25223,4313649
59495,3447259
40257,3791594
39275,3791579
37160,3825522
38039,3930605
30549,4232829
39512,3844122
30340,4286972
30498,4275539
17855,4719052
11877,4767313
12192,4767278
58953,3463932
53200,3370272
36519,3694099
36647,3720437
53041,3430776
23446,4296229
36882,3772986
37178,3878082
35289,3725514
47305,3568150
24563,4157185
24122,4208674
21599,4371548
24119,4259092
24303,4204622
64875,4070942
24360,4151332
28587,4228834
28588,4176260
14779,4303241
15201,4300422
18115,4778619
18260,4778948
36887,3825541
57790,3466624
57286,3415674
57807,3502923
58013,3486157
14297,4354162
31777,3832315
18232,4764281
18891,4712047
19012,4712095
64462,3144638
36649,3773011
36659,3772972
18011,4775015
18051,4775512
151180,3934749
27931,4177715
27932,4125141
12023,4819817
12310,4716476
24723,4209487
24733,4209554
32557,3808098
24891,4261664
5045,4680942
17943,4771558
4668,4628355
30652,4128406
151197,3782034
151204,3758174
19670,4545916
4165,4589377
4205,4573349
27132,4523126
27131,4470552
62406,3705254
18002,4793731
14877,4351708
19194,4629443
19622,4545942
9155,4902378
10586,4807326
64082,4018240
63912,3965674
64077,4070792
30601,4138142
31049,4138516
31498,3981592
37357,3878072
18478,4712060
62846,3721833
27104,4273356
12149,4769016
12440,4664573
17953,4741333
18811,4690093
19070,4681807
135595,3124195
32059,3809256
38433,3983093
25776,4464499
25877,4439238
18808,4690101
59503,3475168
151229,3758808
36777,3825525
17920,4652161
30597,4180294
23939,4308216
24277,4304419
34477,3930540
34805,3912382
137042,3439141
138064,3439212
26167,4386670
26360,4388024
23691,4321325
23980,4360746
28937,4175982
58967,3516370
15639,4345399
63240,3808048
63239,3860622
63234,3860597
18282,4764573
63328,3808047
63486,3808019
63475,3860569
63726,3860563
42568,3786855
57248,3421006
59513,3522236
59676,3497896
12257,4717114
12586,4612031
17805,4583723
33781,3978337
34259,3969417
23720,4373810
28610,4177214
63842,3913113
63838,3965658
60710,3454986
61046,3407244
64005,4018226
53658,3534112
18957,4727701
27024,4417982
27179,4523126
28379,4125108
12950,4508077
14288,4405076
49263,3610048
64149,4123349
23486,4348708
61216,3359328
23330,4476477
22292,4423903
37773,3825503
64140,4070782
64252,4123339
26214,4440534
26632,4381918
27936,4177079
61253,3411873
58308,3529147
31796,4034058
32089,4086484
38840,3896653
38670,3949179
38874,3896659
39259,3844119
61585,3312558
19317,4592208
19581,4543350
19886,4493689
47905,3614022
44516,3839422
43307,3891986
43351,3891991
18125,4797156
63724,3913108
30412,4299501
21008,4666286
20908,4613712
20266,4389031
20068,4336457
30423,4222900
38707,3949193
31421,4034020
11465,4817345
18390,4690096
12351,4664571
12734,4559496
38202,3930574
38477,3939932
25988,4411931
34753,3886163
18705,4637815
47973,3666562
49150,3657639
57795,3555375
38052,3878046
38237,3983126
63276,3860596
63392,3860604
59531,3561467
63385,3913130
38084,3930594
29985,4123019
151123,4123544
14804,4457650
11638,4609702
18338,4742413
59700,3467583
59788,3519711
19059,4678683
58991,3568771
46367,3539755
31553,4086451
63998,4018216
59886,3572285
60094,3467794
22516,4472497
19405,4595600
19789,4491026
30414,4246961
27760,4227242
30247,4227824
63230,3913139
60608,3495055
26545,4430346
26744,4364471
63317,3913132
58312,3581585
12133,4820707
12366,4558396
13134,4560611
63472,3913111
30006,4175352
33782,4030911
27023,4470556
34780,3870746
29805,4194986
20907,4666286
20997,4561142
19994,4388871
10764,4708714
63722,3965655
23383,4502097
23384,4449523
14238,4456250
63836,4018205
59571,3567601
29057,4211446
12478,4610927
13310,4613151
63992,4070763
19251,4637940
29063,4243775
28701,4227982
64134,4123329
27001,4365416
24016,4413189
14858,4508824
59025,3621276
17961,4757061
18030,4809436
26678,4396520
55551,3578616
28716,4272020
34494,3842491
12901,4664069
13464,4665105
11990,4872894
23770,4426233
19873,4438594
63319,3965667
57174,3411741
30974,4190613
31069,4190936
30640,4190344
30976,4243042
58285,3612673
30474,4186163
11550,4658418
57208,3407592
52246,3460342
53133,3482234
23516,4400830
64130,3182338
20080,4382615
20625,4403873
19365,4592520
27762,4275541
13101,4715883
13580,4664898
26213,4493108
26454,4459894
18344,4742369
20917,4508576
21241,4613716
10676,4758177
15063,4548991
15064,4600542
15193,4548991
15283,4496806
63229,3965713
49672,3662607
60436,3522607
60676,3464326
64915,3167521
64841,3155544
13219,4715800
13750,4612971
30014,4227704
42695,3839418
42964,3839421
57773,3607933
57979,3607816
11138,4764810
11582,4869854
13363,4663662
13900,4560451
30557,4232046
18277,4776431
45445,3505466
61350,3464447
13479,4611143
14058,4507935
57943,3660370
13589,4558636
21915,4418532
26482,4436132
13997,4507335
25855,4414036
32094,4139058
31744,4138874
18706,4585458
11367,4708728
18496,4637804
60236,3519840
60492,3503980
11957,4821046
11996,4821070
18214,4772880
11987,4768529
18790,4637830
19877,4382871
58239,3665184
47810,3719004
49198,3662556
61428,3464447
11738,4819838
12203,4715984
45116,3453844
45346,3523691
17955,4704614
19058,4690265
136483,3386728
136484,3334154
11222,4817316
11722,4819154
10542,4859736
18117,4720489
20478,4487419
20146,4434845
30471,4222795
60260,3523472
58122,3870492
58052,3817918
27103,4325930
137897,3491782
138188,3491786
20476,4454566
20805,4456014
21124,4561150
10476,4911899
10903,4810571
28067,4379097
27949,4326523
57886,3712936
57844,3660476
19720,4435373
27953,4320380
57942,3712900
136436,3281603
136566,3386659
27772,4322795
59986,3415280
31472,4138769
55666,3631187
55715,3631188
26419,4411881
15977,4405460
15978,4352886
5137,4680929
63490,5
63286,5
63479,5
63651,7
4321,4625911
58189,3717689
58476,3717707
48619,3709285
64461,3179583
26549,4406961
26840,4367299
31077,4242993
38884,3844106
18414,4690142
58450,3739106
58662,3770281
25597,4361540
11302,4766613
24064,4459366
30251,4246843
30977,4291043
11870,4767314
35008,3808436
15893,4352912
15894,4300338
15500,4444288
48955,3715113
10152,4963489
10680,4964446
38497,3887391
30264,4297754
43188,3891984
60138,3362883
23802,4473309
64739,3197524
30026,4277099
16569,4561823
16570,4509249
38092,3878036
19494,4540221
11978,4714777
20200,4485099
20791,4505225
20048,4330414
23526,4449236
60740,3516900
17859,4599873
18134,4617784
23019,4486120
23480,4485967
20899,4504778
42835,3891982
63285,8
30705,4284484
26795,4419869
27064,4314802
15366,4496704
136518,3334115
136644,3439168
11418,4714774
31317,4191096
31686,4191220
136175,3176645
59644,3520032
30990,4290973
59677,3572602
18990,4637967
19099,4638043
19447,4585681
60558,3556554
18289,4738985
18630,4637792
19608,4487840
26796,4472443
16362,4457201
16485,4506681
59518,3620139
65268,3217560
14956,4651476
15263,4548560
23139,4510387
59256,3667612
59554,3672713
33774,3908504
33773,3855930
28790,4324594
28712,4294272
21377,4509665
18264,4775024
35082,3771750
58442,3791642
58808,3726284
12578,4662916
14798,4702134
15176,4599867
60274,3576046
27955,4357495
59096,3660708
59277,3720186
18485,4686616
65267,3199969
26919,4472443
11510,4662236
58168,3770221
18858,4637971
19341,4585670
136596,3386631
136712,3491675
18240,4722647
151570,1
151569,1
26894,4336968
59126,3713282
42809,3891982
31081,4243199
15663,4391865
19603,4428414
30880,4341566
58918,3673782
42908,3944550
57152,3396083
57193,3394512
64995,3177635
22518,4525071
22716,4510835
26544,4432236
30627,4336911
58950,3726342
19387,4585749
11808,4608470
16224,4405286
26350,4406895
26789,4484806
136230,3229187
58758,3778827
14702,4753122
15005,4650634
61706,3203882
61866,3206124
10595,5017009
10770,4915241
58602,3831363
58791,3831387
30280,4350259
19573,4533319
57774,3660507
19223,4585644
136636,3439144
136786,3544175
42648,3891986
13705,4558206
14226,4559501
136095,3176726
136378,3281686
24102,4409357
57866,3712966
19763,4376049
57868,3765540
24331,4254682
24367,4226452
58486,3844185
58627,3883926
18187,4670249
57984,3765415
31732,4191361
57985,3817920
14628,4707831
14920,4701749
18410,4670429
16300,4457673
58500,3896733
18061,4510959
58078,3822773
28668,4243134
23840,4459224
58280,3822747
17937,4565488
61664,3246690
136388,3334148
31687,4191222
20595,4544574
58290,3875297
58181,3822795
30540,4380190
20081,4435189
34762,3875774
52046,3470073
52265,3500587
61578,3344232
61639,3296689
31326,4243521
15971,4342105
24438,4174060
24622,4199033
31087,4295621
65352,3141339
64519,3206694
23566,4472489
56701,1
56702,1
14446,4660195
14811,4752653
11964,4661008
64110,3206680
34861,3838938
28658,4295564
17067,4545285
17672,4593767
28416,4342411
29225,4348138
136757,3596687
136850,3544189
10469,5068599
10551,5069134
27780,4364668
61674,3266608
61702,3246587
28442,4289990
19097,4533171
24921,4314238
43352,3944565
61760,3230395
26790,4537380
24736,4262128
19517,4480900
10489,5070819
10559,5019865
27788,4388362
15564,4496575
65959,3100913
55792,3683761
35017,3806275
19417,4533342
61722,3243110
136726,3544220
136682,3491646
31460,4243496
61552,3340697
14330,4611247
14629,4709076
12044,4712961
12696,4714215
18303,4618033
18770,4690366
16038,4405289
16356,4509243
2800,4639180
61657,3281165
10656,4967299
10830,4862687
61717,3259173
61780,3272340
136832,3596727
136886,3491682
45267,3495389
136454,3386650
64013,3269071
63575,3285519
63967,3232246
11227,4761089
63401,3249202
31091,4343854
25401,4407717
26339,4382450
42647,3944560
10088,4961476
10309,5016036
30050,4325676
14518,4660556
58516,3949299
20452,4526732
151210,3733866
136708,3544140
136794,3649229
61934,3265385
30492,4402728
30566,4432755
13313,4661537
18073,4513251
58294,3927863
61623,3296799
61679,3278287
61869,3270250
58825,3778885
58996,3778916
18697,4739190
26791,4537380
16156,4346876
34919,3834686
35336,3858687
60148,3358885
17138,4597843
17702,4646329
58860,3831459
8682,4947791
9338,4954496
58727,3883943
16535,4552825
61737,3290564
58755,3936517
47809,3771578
33165,3803461
136840,3544199
136916,3439167
30555,4418049
136746,3596678
16074,4457198
16432,4555548
30288,4401043
58649,3936500
12148,4764132
12820,4764616
10519,4914195
10874,4863765
14086,4610798
14386,4610547
15268,4548110
61555,3308288
34939,3887108
4875,4678485
59841,3625176
15616,4548040
18644,4723003
136780,3596698
59683,3625176
9960,5009151
10426,4912283
13412,4609052
30671,4387562
42916,3997124
136534,3439162
4197,4620675
18202,4565574
57165,3325718
10449,4966749
24130,4356853
16004,4294646
136882,3491685
136974,3386642
30966,4383437
31255,4291852
52858,3511954
53147,3484161
19389,4480836
17186,4594534
17746,4640868
33154,3803358
15213,4699910
58405,3980420
58522,4001873
13976,4661985
14326,4662254
64740,3222007
58419,4032994
23868,4409170
58296,3980437
18609,4670607
61855,3286563
61960,3265027
10629,4914695
11112,4812503
27796,4416473
12262,4814346
12942,4763306
52865,3521607
8798,4999550
9540,5006280
15286,4599455
15778,4594989
61883,3299429
23598,4458279
13532,4608796
15138,4750968
26673,4503073
26674,4450499
57673,3305724
16883,4543392
13056,4712238
12254,4709528
26801,4345432
16136,4503595
13704,4712600
14253,4713425
16581,4500274
10103,5061686
136912,3439158
136373,3281690
28145,4469047
14715,4756568
15035,4801776
136602,3544146
27804,4364092
23199,4505590
26609,4397929
52045,3458216
137898,3544356
138214,3544356
18566,4618148
61921,3332917
17298,4588378
17788,4616085
30747,4414129
31166,4387759
136414,3386664
9341,5058820
26012,4351211
12350,4812803
26766,4503073
14890,4805644
136632,3544125
21443,4468149
12089,4760192
12686,4658980
136625,3544251
136576,3491677
4191,4639205
4361,4667811
137024,3386655
19109,4408750
16627,4497481
17064,4540404
4299,4707172
4775,4720385
15376,4648715
16182,4451042
30292,4430698
136411,3334154
14775,4758145
20926,4502685
136676,3596671
25825,4168249
26428,4220143
10211,5064847
18251,4460873
22353,4516879
22818,4534746
46368,3592329
46361,3498179
52956,3514038
53161,3459229
12575,4710871
17402,4563519
17894,4668659
136692,3649204
14666,4709674
11829,4812543
52964,3522184
12808,4658722
21971,4466957
52778,3510315
24477,4236259
24373,4354113
136468,3439155
136470,3386629
30460,4430618
137020,3439152
137248,3439229
14468,4659734
24164,4409316
9225,5111363
4927,4864882
4923,4812308
136756,3596712
22556,4554944
10813,4863358
11506,4863420
23886,4460307
13642,4759876
14206,4760874
31232,4339722
30298,4378163
9915,5117356
10303,5015846
10728,4862310
151216,3709575
16309,4448392
23636,4508086
25402,4460291
25135,4355567
31499,4352024
24663,4356277
24664,4303703
15277,4697279
15506,4646350
16256,4399062
23265,4552269
136826,3544202
13536,4808331
14156,4807754
27814,4335914
53222,3379236
53414,3370388
15413,4743205
19391,4533410
22115,4513924
30840,4440317
9942,5066709
10419,4965003
53072,3488399
53171,3407603
9143,5160199
9645,5163469
136866,3491669
136578,3491646
15848,4545277
23267,4604843
136573,3439112
57190,3367146
57342,3369181
57636,3358973
12420,4760262
22896,4581323
57064,3382187
57150,3367225
13472,4860473
14020,4854582
14528,4707156
136354,3281802
136353,3229228
34161,3911195
16490,4446030
9994,5014236
10527,4912481
9624,5114406
45189,3481740
136655,3491604
11233,4812328
34960,3939566
12538,4708603
13352,4911179
13936,4906786
4148,4636405
30055,4373934
9063,5107865
4189,4686181
15776,4597521
15748,4492926
24208,4459061
15510,4697529
61369,3673563
61037,3620989
15578,4648760
16347,4394305
16659,4543851
17384,4488258
53008,3436414
23912,4508431
137016,3491645
56400,3378021
15840,4650088
54512,3339737
56419,3362089
4919,4759738
5185,4864882
10022,4961700
10651,4859943
23654,4557654
10724,4809970
25654,4354172
11214,4759820
12656,4708315
8681,5000365
30762,4488082
54298,3354684
55134,3325027
13274,4958983
13793,4957729
20759,4547842
9605,5061961
34840,3992137
34892,3992083
34978,3992031
54299,3383202
23396,4597949
53179,3391925
53234,3365510
57033,3351883
57127,3346803
57147,3323183
16288,4341955
52120,3418684
52464,3410559
8993,5055335
16065,4389067
15359,4794226
15440,4693209
15656,4597543
10064,4909160
10743,4912450
13138,4957510
13694,5005256
54750,3314531
54749,3292105
151593,3330851
151628,3309215
30761,4540656
30946,4450208
34839,4044711
56069,3319656
55505,3274180
56072,3360233
56329,3357730
136827,3596776
11857,4757953
8413,4992439
57665,3358213
14123,4804510
151557,3354575
53464,3369920
23112,4601314
14555,4753745
51190,3437515
52443,3370527
53187,3396604
56332,3386456
53238,3361624
31251,4397682
31543,4327767
54145,3330214
8896,5002792
9574,5009423
55703,3256825
15762,4650103
15782,4597900
16573,4497912
16739,4547291
52529,3414504
53185,3420684
15125,4794959
15527,4846800
51837,3383060
10108,4961658
10839,4962209
30417,4426508
12998,4908281
13566,5005004
30079,4355311
56876,3369010
53225,3344690
55651,3356492
8559,5044146
24232,4505146
22131,4560121
24629,4354862
24698,4251149
26535,4364250
11199,4808425
14144,4900006
52883,3399778
57091,3363445
4183,4732893
10128,5011602
10987,4909749
23944,4525708
30996,4327708
31633,4291840
15712,4545332
16646,4495076
23678,4574991
15788,4440436
16159,4435496
59282,3673563
58942,3620989
12803,4858557
13433,4957524
24630,4402794
8829,5055316
9548,4956881
30704,4410791
10158,4959151
11165,4858557
21665,4563664
30703,4463365
13745,4949700
14396,4849926
20647,4567238
21029,4600333
55859,3409013
57630,3410721
58062,3410754
22397,4530835
14560,4799599
4922,4812312
10853,4908321
152343,4439711
16617,4440837
11655,4808739
25129,4303132
11838,4808357
33153,3759949
11664,4859264
45980,3400331
58939,3568419
61468,3673563
24401,4400144
24420,4406520
31060,4291463
31717,4243651
25132,4354023
61998,3299025
62702,3242880
45115,3459835
45836,3417361
30876,4358252
32565,3772260
33303,3855999
24450,4452362
152346,4455552
14390,4897083
8773,5103688
9502,5009379
53193,3444528
14552,4846589
64060,3229525
24242,4482052
24857,4352885
25567,4403108
24638,4248680
13647,5001802
24682,4451846
24834,4451317
137028,3491616
24487,4285861
34965,4044499
24695,4300880
24833,4405369
32127,4143199
31865,4090625
16091,4434486
15168,4485800
16466,4430876
66216,2964297
67398,2937006
24720,4353417
24764,4296910
45976,3432197
64061,3245243
24521,4331739
31140,4240872
31751,4192209
24681,4405899
14873,4793937
15316,4744600
63197,3259689
24270,4429602
20955,4619750
21231,4612795
8721,5051364
9469,5058007
20437,4516531
21731,4611476
61028,3286419
61955,3312955
23994,4482031
13170,4999193
13841,4999949
16245,4461420
13340,5005752
23724,4533049
24445,4377110
25015,4500894
25016,4448320
14272,4948603
14179,4997217
13957,4998864
14130,5047575
31200,4189065
31835,4139939
64112,3259254
23462,4574818
14303,4946405
15142,4486590
12995,4955165
13151,5002428
25645,4376997
24748,4401647
34827,4097061
34994,4096983
34627,4149625
25470,4455114
15039,4743619
14537,4844646
8414,5037177
10184,4956196
10932,4960769
8416,5089751
26433,4372044
13755,5049627
14005,5048831
33325,3908543
33367,3908544
21190,4663228
8659,5047584
9442,5005592
55583,3384585
24855,4454221
16730,4491630
17736,4436060
24792,4349436
15095,4641087
23176,4578039
14515,4793392
63493,3220603
62670,3168029
31270,4136841
30520,4384453
32566,3731620
32074,3819246
12975,4905744
12869,4952405
151524,1
151523,1
34628,4202195
34656,4202192
16400,4391757
16512,4388605
18060,4426589
19173,4455720
8444,5078637
34113,3944776
31925,4038252
16369,4460837
16747,4434139
20957,4672324
10240,5008644
11030,5011814
4098,4729903
18082,4473528
20271,4506929
66610,3068802
66302,3016228
137076,3491715
14497,4843877
14823,4742185
9379,5002299
59168,3673563
33260,3961088
24631,4352390
62119,3281734
63200,3300017
21398,4662691
21769,4583376
23854,4396172
11576,4910690
151218,3683833
24306,4482159
13103,5046561
8524,5
8523,3
30581,4359588
31320,4084678
32001,3985895
24040,4534572
57422,3451117
57628,3463269
57801,3463261
25469,4507688
23780,4553580
11390,4962170
11768,4960147
57578,3515824
57452,3556220
57579,3568378
57662,3515822
57653,3568377
57784,3568379
8766,1
8765,1
10262,5060240
11128,5062435
32296,3781626
151211,3708276
14423,4894429
14756,4792719
14965,4691770
25154,4552866
25099,4500292
31817,3663215
32979,4013662
33216,4005891
25353,4503191
25804,4507676
34812,4307336
34811,4254762
8525,5
8530,5
32305,3758228
151166,3682193
31404,4032434
32055,3933462
30647,4328464
17249,4439499
22913,4541205
53192,3425680
57573,3608774
57669,3620935
57779,3620940
17206,4457160
21787,4635950
57657,3673478
57118,3468498
57116,3415967
57213,3468456
58865,3515857
33096,4058429
33694,4032737
57448,3503665
14816,4740941
35153,4149557
11258,5012515
11490,5011709
15018,4589022
57571,3608773
57005,3389106
14420,4766005
14902,4690660
57583,3476959
57449,3556218
57645,3491138
58017,3463280
10971,5114931
53217,3390478
30296,4332054
58202,3463299
57587,3661331
31476,3980040
32099,3881045
22445,4488722
23309,4539167
57596,3608775
30739,4292187
58099,3503690
32141,3828615
59186,3568431
25768,4560246
26406,4558132
58161,3515848
57727,3673484
57730,3661336
62374,3256789
35000,4149471
20327,4559499
58073,3529522
9020,5375252
9019,5322678
14809,4691678
14994,4640023
14872,4640896
32153,3805199
15134,4537934
20440,4496062
25257,4549233
25374,4552597
34912,4307336
14338,4944691
16836,4434096
24865,4402010
11317,5065019
31518,3927640
13044,4998330
13638,5094405
10241,5061218
58524,3238420
30381,4307144
15012,4589847
25767,4612820
26215,4612820
24338,4534643
24818,4396123
14870,4537279
15320,4537966
35383,4517222
35384,4464648
30795,4240986
53191,3471744
53618,3404740
35200,4464666
35199,4412092
9150,5426427
9072,5373853
24772,4343725
24078,4553629
23059,4436338
57589,3494093
8842,5270116
57649,3512119
53218,3439673
53232,3439673
8063,5168998
8064,5116424
62008,3339392
25169,4552866
34749,4412131
34750,4359557
23812,4501096
12161,5004705
34529,4464687
34530,4412113
10748,5166989
11011,5166986
35020,4254576
35019,4202002
14747,4666991
13698,4995020
14313,4918779
25925,4605159
9160,5423097
11854,5007594
2799,4691754
151869,1
151870,1
12347,5048275
13202,5046154
24784,4336816
31606,3875223
30429,4276018
32938,4097031
10886,5217749
11108,5117515
30615,4136673
10264,5112814
11542,5062243
9362,5475671
31226,3849377
15212,4589526
15830,4589988
14721,4691854
14960,4616024
13008,5091552
13376,5094077
13576,5044732
24872,4326932
26489,4610706
13850,4969968
14196,4866983
8464,5130489
13294,5070641
14611,4691003
14800,4640958
30505,4239736
8106,5152401
21476,4715265
14924,4589666
30697,4084595
35023,4254496
8690,5219738
9028,5312846
35002,4201965
61822,3271457
14680,4640258
9794,5488722
9778,5436148
62201,3339875
24370,4553798
35388,4412080
66164,3002951
9111,5414555
9275,5410741
9506,5420377
18026,4432539
35215,4359524
8612,5235635
8515,5183061
21189,4715802
18037,4479462
24106,4501236
34768,4306991
34532,4464687
34544,4359547
9112,5467129
9185,5361993
35040,4306994
18206,4523652
35004,4254463
61963,3339406
14927,4640649
15331,4641986
23844,4448686
17449,4482991
18167,4531591
60535,3190303
62723,3144439
30561,4188531
31406,4085008
13236,5121969
13845,5020933
11088,5167171
30081,4407885
9318,5414567
10747,5219563
30432,4328592
13912,4969058
53241,3484929
53207,3484929
14788,4588439
53168,3516224
11330,5114675
29484,4218928
27057,4166354
14046,4917126
8466,5183063
8474,5168173
34129,3939762
15227,4693855
15625,4694006
8743,5263252
10677,5219557
32866,4050886
13090,5171470
13784,5072554
24470,4373137
24677,4345108
13431,4966742
27289,4313745
26747,4261171
62037,3365140
11066,5217233
14593,4689986
30851,4032398
30507,4292310
61988,3329769
35400,4464613
11328,5113817
13963,4918014
14308,4816706
35222,4412057
56916,3403783
57263,3441604
10859,5270317
57234,3494174
58431,3582096
14504,4740295
14750,4639315
34781,4359524
11312,5165443
11554,5060069
34546,4412121
34556,4412080
61541,3296829
62407,3324851
8519,5297959
8789,5313121
10678,5272131
14113,4867752
11044,5216343
62130,3364011
15091,4693037
15433,4745834
31520,3980214
9277,5463315
9375,5420929
8817,5346589
10094,5434278
9872,5381704
8482,5204135
30563,4241105
53242,3527607
53208,3527607
53167,3558897
14209,4817076
14718,4690783
11016,5215294
14540,4741203
14312,4793102
13716,5125113
9532,5473503
38342,3446467
11323,5163818
18408,4545700
12215,5054762
13007,5144097
13664,5122309
8792,5365695
10861,5322891
17593,4535358
18353,4555791
24685,4355031
16850,4433978
8964,5414114
14696,4691448
30617,4189247
32770,4007336
33150,4045494
31194,3883477
25358,4208599
13445,5065412
35586,4517187
24900,4302895
10996,5162927
35408,4517141
38949,3439813
8843,5337713
8486,5245441
9321,5385737
9666,5329465
35232,4464585
33636,4042278
33762,3992299
24465,4353873
24743,4309338
65960,3050214
14644,4743462
11339,5111362
23277,4397321
18735,4598274
8490,5236872
12930,5120756
23432,4431893
34795,4412054
13714,5174860
13721,5176498
7907,5184283
34558,4464654
34568,4464610
11351,5107219
12269,5100604
53170,3551309
8976,5438895
8880,5386321
8666,5342018
8578,5289444
8736,5287546
66222,2988415
53243,3507869
33705,4001777
21976,4468252
23233,4416495
53219,3507869
15697,4642191
66136,3027725
57223,3546746
30700,4137169
62038,3355245
33040,3992947
62052,3331345
10960,5210535
13455,5071181
65940,3035465
61987,3306677
11347,5159583
8918,5362124
12833,5122333
32610,3962931
32962,3998342
24932,4257896
33713,3958370
4097,4683222
66200,3013490
8492,5185147
15968,4641625
15323,4745027
12105,5146638
60981,3278853
61544,3339478
66244,2986998
9114,5333542
66153,3007979
66478,2961677
8840,5309613
14568,4794606
15084,4795261
8699,5235025
10902,5208807
55604,3365906
13809,4967731
11965,5199119
12288,5141920
24987,4260873
35599,4569715
12831,5123763
12832,5071543
53169,3531231
13321,5019292
35418,4569699
16767,4431206
16946,4486344
22930,4466690
11375,5156299
35035,4464586
35240,4517143
11525,5245151
12158,5194401
15507,4693534
35052,4517144
57224,3599320
8737,5283924
34810,4464612
8500,5134644
23069,4444828
34570,4517184
34580,4517184
53244,3487477
53220,3487477
15234,4796226
17619,4587932
8978,5309185
98030,3088980
17205,4427615
98129,3053896
9013,5257428
14097,4867114
30854,4084972
11393,5202324
10901,5254832
11695,5240285
61989,3331556
14247,4844141
14508,4844903
7402,5241312
7401,5188738
14734,4846177
17700,4586576
18517,4551730
65900,3038611
11423,5254877
12447,5092672
14984,4846646
20329,4612073
20331,4612073
20892,4520071
18562,4540150
31193,3929412
31185,3898470
15352,4745016
15675,4744774
14448,4895812
62017,3256295
16303,4483036
17514,4427287
35618,4622273
7501,5236839
14663,4897208
56869,3388426
13573,5016970
13965,4917608
56907,3423199
7909,5236857
35422,4622273
15107,4796163
31602,3893357
35244,4569717
10907,5307377
11439,5307421
31186,3947611
31203,3950996
14189,4894360
8163,5085336
35066,4569718
10126,5277491
32406,3924311
34826,4517186
60008,3251897
13735,4967057
16185,4535048
16506,4534871
7537,5138831
17038,4489121
17299,4538734
17631,4589580
10929,5356491
11455,5355318
61243,3303828
62020,3281119
13855,4916769
14376,4946829
20554,4544465
16107,4586756
16390,4586783
14601,4947061
59901,3231238
15607,4795743
15843,4692996
24529,4365997
24530,4313423
18938,4513908
16027,4637627
16176,4638226
14053,4944359
14262,4945825
65991,3031764
66453,2983459
18520,4604304
18673,4573106
10937,5400727
11471,5397799
79272,3193709
79271,3141135
65862,3063330
79274,3193709
80827,3088565
14154,4996115
14358,4996687
12501,5135206
15945,4688793
58089,3291591
80830,3141139
84821,3035999
15293,4847366
15294,4846310
12488,5185800
14292,5046234
84926,2952578
68470,2938470
84913,2983678
86860,2964273
7133,5191397
7715,5087684
10939,5442962
12362,5238281
11479,5345377
22690,4571834
22072,4519260
13557,5015935
53258,3510567
68490,2969899
86862,2994950
17248,4438958
15023,4970381
53269,3466390
53251,3466390
12665,5180673
13371,5112786
17904,4609491
98796,2973932
10274,5254352
10684,5225476
16154,4689376
65865,3076836
16012,4739747
16264,4741950
10941,5439293
11483,5292827
11887,5283810
67416,2929440
67532,2926913
11188,5394310
15093,4847289
87144,3047264
91515,3020532
26427,4211300
15813,4716790
11497,5345381
14017,4993919
84763,3088380
87009,3068084
11226,5394314
15087,4897966
14258,5046372
14399,5069384
15055,4947812
30138,3974909
15600,4767520
10953,5483420
84663,3140668
85434,3140687
32350,3871772
32417,3924140
8857,5258589
30161,3993299
31205,4003570
13988,4968241
14222,5045607
14275,5119473
14915,5018739
10538,5226046
86918,3120391
87445,3099698
87973,3099739
15856,4790404
16052,4739944
30137,4019618
18597,4576327
18915,4523817
7134,5243971
11545,5390593
87873,3152196
88425,3152105
7344,5140250
7951,5035128
31581,3994972
32073,3865620
30162,4038578
88147,3204540
88635,3204384
8197,5086791
16396,4638020
13939,5019360
14186,5019950
88315,3256589
88845,3251839
84585,3193150
85367,3192920
14935,4969145
15071,4919393
63128,3086940
88651,3304064
90025,3230108
58523,3212836
62132,3304807
11250,5439358
63139,3120389
16110,4689191
16414,4586573
13186,5162108
91853,3072965
98805,3028549
32333,3921154
89871,3282377
90459,3177781
7976,5035588
8532,5139365
32334,3967235
25824,4158910
98797,3020407
90237,3230096
90887,3125440
13883,5069385
14160,5070781
16926,4531533
15257,4869287
90890,3178014
89215,3387269
89117,3334695
84539,3245668
85264,3245526
17722,4489480
17354,4436906
85293,3245364
86901,3172614
11577,5435139
16327,4638545
16558,4638971
91891,3125388
91331,3177756
92565,3163567
152370,3970501
24186,4365968
22071,4571834
92184,3216041
94187,3170605
14120,5121031
13689,5119052
13978,5120802
99507,3056941
126588,3061012
15934,4740134
16118,4740974
85535,3297783
4040,4732268
4264,4778703
5556,4779859
87395,3151951
20414,4565423
20738,4556451
16315,4689783
13163,5208128
151272,1
151271,1
16169,4742285
15973,4740775
14687,5068614
33122,4
33121,6
33214,4
84515,3298154
85204,3298178
12839,5252843
13262,5252916
13788,5170624
85261,3350164
85771,3350137
12741,5225465
7136,5243971
99195,3042322
99349,3048452
10963,5476226
15475,4818007
11613,5429563
94021,3223095
94717,3118139
14175,5168579
14587,5119262
16201,4794859
93533,3170467
98737,3065669
85562,3402485
85985,3402427
58090,3272829
87361,3204146
88039,3204429
62093,3232586
14026,5170596
85223,3350752
152368,4023071
85802,3434530
86133,3382129
16043,4793355
15644,4818287
16009,4793285
97913,3048109
126573,3086318
84417,3350584
85115,3350604
86060,3382113
86255,3329661
13288,5305490
87256,3224897
87944,3256609
91850,3268359
7935,4983426
12936,5296829
13335,5304362
10962,5445055
11629,5377019
15495,4868551
90283,3230095
97738,3082338
7595,4931605
90285,3282465
87150,3277182
90272,3334792
17357,4479354
15629,4868618
26706,4147022
90268,3387078
89874,3334733
91042,3489674
90544,3439479
90838,3542235
91268,3514001
90214,3439325
89924,3439295
90153,3489357
89923,3387053
15867,4790536
15913,4792555
10958,5392518
11657,5328588
90407,3491005
15915,4793277
88664,3458890
90012,3489343
93855,3275447
84335,3403047
85045,3402980
13367,5356936
23894,4418521
24062,4418518
15818,4840779
13932,5195203
22685,4619376
22686,4566802
17543,4421161
15543,4919908
15766,4890876
87812,3308964
88264,3308933
13014,5298805
13407,5306057
67389,2966913
8438,5088162
15901,4842863
66522,2991681
22931,4514259
21043,4572593
87152,3329305
87247,3329666
16614,4663726
16716,4635641
66497,3013463
67411,2957851
15494,4918672
58555,3253246
87099,3380389
87131,3375355
33230,4075643
15909,4844098
12581,5269896
18198,4605094
88317,3308942
11669,5370084
15796,4841905
38950,3470960
36928,3476073
87651,3361252
88319,3406463
15792,4892022
88320,3360631
14137,5191045
91579,3215800
91945,3320925
87083,3422571
86225,3475024
85820,3527455
86910,3475079
92847,3327869
93411,3327968
87125,3400788
21286,4677737
21148,4625163
10956,5360637
11691,5360306
85808,3486660
13425,5358631
67036,3016048
13649,5168497
84183,3455499
84590,3455430
88300,3431296
85819,3532694
90040,3483732
87394,3408689
84942,3455270
7386,5192824
67028,2990487
24526,4420082
8823,5233391
9178,5258483
15400,4940723
19149,4485431
13092,5298414
13499,5260167
15922,4791276
85687,3579905
35572,3477793
36752,3483994
85497,3402491
85004,3402574
18796,4475201
12373,5285912
12680,5315094
85539,3610223
86626,3610324
15785,4865907
93257,3275303
90837,3594809
15574,4918197
16055,4839127
91018,3566514
86815,3527606
35939,3499389
85382,3454806
13607,5165635
13886,5167129
84538,3507815
10946,5346517
11709,5345316
14028,5139350
14511,5141898
88182,3438367
83863,3507853
84496,3507982
21068,4606961
10016,5174760
90917,3542060
91242,3543649
86694,3580138
86693,3580029
13525,5312741
21302,4677737
93083,3222742
13381,5285799
13603,5213255
90020,3513796
16591,4687603
23621,4576203
23622,4523629
12787,5344960
91492,3519933
9137,5259191
9372,5255603
16094,4788285
23704,4471078
11821,5273961
12394,5306199
90818,3545169
10945,5326359
11747,5292891
13660,5162182
66928,3041416
26880,4263847
27011,4200616
12774,5343849
15557,4968443
16082,4891387
84498,3560556
17368,4432842
15418,5018169
15516,5019581
13492,5238708
84800,3455096
14546,4990339
15388,4993010
84574,3507639
90797,3566527
13866,5160484
17654,4485393
17874,4424865
17108,4629715
88004,3414606
88904,3490900
84196,3560043
15379,5016756
9302,5308068
9964,5227290
66861,3041258
13529,5154489
13830,5152462
8787,5184996
22991,4504943
29406,4063366
29467,4082804
85459,3579960
86354,3614464
16587,4681263
14532,5040137
13239,5277714
90256,3566370
22733,4619252
18226,4527864
83864,3560427
14580,4988028
15180,5012754
16547,4732443
21277,4621061
12863,5344710
13174,5295541
10947,5273934
90988,3517053
91616,3517033
65824,1
65823,1
89770,3543474
12858,5364713
84482,3507596
83743,3560103
12430,5357865
85228,3507230
85415,3507112
15468,5016276
15740,4993192
16230,4782991
33229,4128217
85460,3553870
7105,4881529
7762,4981795
26946,4130090
87135,3457081
85354,3631629
86251,3587942
14436,5090117
13682,5141772
11563,5292506
90798,3619101
90800,3572484
85186,3454901
13402,5230866
16502,4732423
16697,4681255
33607,3857097
33608,3804523
9054,5233144
91164,3464539
91818,3517219
16203,4782967
85256,3559533
13111,5288577
85353,3606251
12862,5390709
12486,5384695
12956,5416276
91112,3412016
68295,3015586
85073,3680322
86212,3606284
84754,3507292
21452,4673635
13011,5341134
13353,5242167
9264,5311354
9749,5308333
11491,5257324
15394,4987887
15685,4988022
8761,5134714
8907,5183335
19698,4548027
19697,4495453
27890,4065409
16040,4942550
91820,3517427
92140,3465052
29173,4053971
33213,6
12145,5359192
10758,5173315
23865,4474054
9877,5256015
33874,3857097
12978,5388289
10340,5122630
17995,4557989
12974,5435186
12971,5412919
84886,3648536
85305,3648906
20124,4617985
20297,4557722
10967,5223533
12875,5406142
16020,4833401
16307,4732368
91834,3570001
16451,4681036
85114,3596396
86145,3596438
12528,5383021
12959,5382848
7645,4981749
8378,5031823
30781,4201676
30537,4149102
5532,4832333
6902,4829683
83685,3612359
17801,4589414
17802,4536840
86305,3561981
33272,3794561
33271,3784437
33318,3751957
34056,3804533
33732,3751959
15648,4936745
15997,4937319
13468,5204156
16312,4783959
15338,5037746
84306,3559929
12492,5384939
84234,3559816
84798,3559608
12208,5358298
84885,3610168
84484,3560170
12003,5404203
84297,3701060
15118,4982775
8692,5082249
86673,3509527
9209,5259033
24155,4472642
25495,4368943
36753,3530099
36814,3502579
13330,5127840
27076,4103901
11601,5397335
12020,5403536
92206,3412529
10977,5273582
11585,5345000
16407,4733207
16873,4629511
12590,5377326
13023,5341615
8657,5130869
86106,3543958
16916,4629671
13395,5194829
13484,5256730
86352,3501426
15596,4986875
15950,4885904
15279,4985202
12230,5354938
20238,4820562
20138,4767988
92009,3412391
92524,3360166
10979,5326085
27917,4003281
29564,4059462
8878,5180891
33418,3699393
13117,5294017
11617,5414434
33365,3731873
36817,3559686
26149,4316390
12632,5357617
30538,4201676
30716,4096532
16359,4784842
16383,4784912
16859,4681400
11635,5439348
12040,5400250
92010,3464965
93086,3275084
93538,3221108
20126,4715416
93557,3231443
10985,5378559
93035,3310539
92120,3307684
93016,3307954
30171,4121662
30172,4069088
86101,3491513
86775,3554000
21702,4600716
13143,5179478
13405,5247403
8231,5080733
20123,4640717
17070,4577847
86855,3448965
93558,3203516
20201,4610283
20224,4534717
12266,5347666
12624,5398011
84241,3612132
92454,3255479
93356,3255767
92644,3203278
15529,4934329
15882,5039449
92874,3151023
16623,4806283
15238,5005636
84298,3662692
17713,4412631
83726,3753603
20175,4662849
20125,4693283
86067,3439077
11651,5455365
12878,5278094
17844,4477411
91864,3359860
5531,4884907
5533,4884907
5760,4884805
11681,5436336
12084,5392232
15058,4974197
11021,5430907
83686,3664675
83725,3715235
23905,4474057
24116,4421504
27165,4076470
12452,5386932
17150,4525729
12706,5325332
27130,4186350
7574,4934103
12298,5335369
15480,4954919
15927,4884252
17288,4473464
17089,4577765
85841,3425581
11683,5479601
13040,5226508
12346,5352700
12594,5351906
16533,4856803
16693,4754008
16242,4884713
11063,5455434
11713,5471792
11733,5428472
12112,5365977
17488,4464767
30513,4096542
30514,4043968
22335,4675362
22336,4622788
16261,4834536
14840,4993958
15403,4944314
86719,3501492
12476,5319168
16604,4804621
16831,4703073
35729,3527013
12754,5299877
27166,4047851
17047,4630068
12226,5374713
12390,5303996
27411,109
26302,88
11093,5448860
12334,5340617
27129,4162734
8623,5156267
11763,5421334
30913,4149106
23070,4463487
11791,5390454
12244,5324455
7504,4929854
7993,5030881
86720,3554066
5762,4937379
5864,4937275
16746,4753976
17023,4652032
30243,4121662
135334,3113586
16217,4905638
35047,3560065
27501,4017718
19730,4449380
16728,4857195
86709,3491689
35026,3511599
11125,5399264
86169,3530707
86115,3478133
126575,3138814
135345,3138892
27248,4135272
22858,4671826
15314,4929401
5865,4989849
5904,4989739
12816,5258701
11849,5370295
85007,3379807
30818,4149106
22356,4581215
33498,3646837
16137,4895108
16566,4854775
9764,5126635
10710,5117190
5872,5042291
6012,5042207
8585,5106249
33463,3679317
126540,3191303
7806,4978955
16924,4621498
85565,3530681
86271,3511483
86274,3564057
27502,3993303
27704,4060039
86019,3478203
97698,3098728
125556,3243785
5973,5094759
6076,5094571
11205,5348057
27247,4106490
17899,4400988
150955,4433175
11891,5318674
21598,4652792
12568,5215482
12880,5206659
5978,5147067
6114,5146630
13004,5108348
29166,4064734
30046,4016518
19490,4471380
20579,4428121
8940,5128823
12508,5267147
37311,3605064
12896,5201623
5993,5199122
6208,5196595
30399,3991414
30632,3991412
8742,5079210
33842,3563987
35027,3544802
27451,4155545
27545,4076455
15988,4879013
16343,4895671
16513,4844262
16666,4804585
15207,4979963
11263,5296025
11939,5266220
33558,3604023
33190,3731881
33559,3666056
24655,4368949
16781,4776126
6182,5249084
6508,5245198
35048,3592555
33736,3587626
12628,5163708
32534,3577282
5840,5094838
7294,4879894
22758,4548203
22496,4484334
22007,4434078
14786,5012760
33036,3762622
33173,3762622
17395,4517116
22779,4600719
16683,4774516
20842,4835392
20496,4782818
30400,4043988
30534,3938858
32928,3713071
12017,5252136
16346,4948245
37004,3522320
32927,3660528
33049,3713071
32535,3623496
8452,5054267
16890,4672891
17378,4569433
12926,5149903
11337,5243546
16771,4723849
5944,5147306
12670,5118101
21372,4642465
21792,4633694
11959,5255832
33680,3591178
16647,4824931
11985,5272779
6470,5296815
6610,5244697
6181,5301658
16139,4828872
12053,5200203
14724,5061971
15149,4995625
7268,4929557
6166,5301605
5802,5147348
17336,4621525
6596,5296307
6680,5192205
6645,5217295
6764,5139733
30733,4043986
11751,5203412
28559,3961971
6727,5164823
6874,5087263
17502,4569612
9653,5102048
16642,4825251
29165,4117308
33496,3654503
33631,3623658
28462,4132910
6071,5249916
6354,5350270
6801,5112353
6952,5034805
11611,5182828
12063,5186546
11379,5191090
16612,4845201
16994,4774834
12359,5118874
12782,5078131
17988,4415728
150956,4444516
30674,4043986
5908,5199803
19492,4523954
21575,4620621
14646,5109388
14829,5080043
19048,4467900
17381,4622174
17574,4622174
17534,4622005
11782,5169032
6953,5087379
7032,4982333
22795,4653293
6446,5324709
6949,4981187
7096,4980297
15099,5047172
15661,4960377
14773,5058792
24173,4421505
11084,5139149
37418,3567961
37502,3567961
17656,4674737
17676,4674737
7077,4983282
27792,4021901
85566,3583255
5766,5199877
6213,5297719
6588,5269809
16580,4829956
16997,4825711
30536,3991432
30686,3886312
29426,4020247
97553,3089564
8014,5004516
21122,4730260
20934,4677686
15877,4858797
85491,3530716
85941,3583255
12674,5035617
7256,4980429
7948,4978085
17234,4673122
33673,3619791
6434,5322309
6562,5377283
27054,4083839
27683,4048673
85492,3583290
14726,5092751
15032,5021653
7989,4980816
15197,5026198
5879,5252174
12454,5074626
13927,4995620
27824,3993561
27904,3955416
32388,3607964
12079,5149331
124150,3296343
125323,3296280
123786,3348905
124153,3348917
6301,5297519
123582,3401471
123801,3401479
123342,3454041
123593,3454045
123341,3506615
123343,3506615
16420,4809040
16839,4865280
24175,4474079
14586,5087210
17134,4724133
29718,3971201
30426,4069090
20495,4835392
20660,4730248
15199,4976322
15561,4976322
53252,3444646
53257,3489123
21914,4599329
21650,4546755
5765,5252451
5809,5252297
7248,4983185
7517,5033003
21304,4627773
14669,5066501
84361,3327607
85174,3432339
32395,3649287
6589,5322383
123005,3650900
123006,3598326
14930,4970056
5812,5304871
151736,3256905
17382,4674562
17415,4674698
151730,3205607
27727,4022998
85838,3432382
6397,5269801
10374,5068430
7045,4982080
85062,3484895
6729,5217397
5923,5199384
12372,5066949
15713,4924331
15757,4910141
6815,5110071
17551,4727125
123007,3650900
124426,3348850
124424,3401327
17173,4724424
20520,4782814
7242,4982817
7922,5007055
5854,5251936
123020,3545756
14462,5097293
16941,4877314
17081,4775216
30906,3833770
31248,3781230
12115,5097611
125064,3348757
19651,4860421
19557,4807865
19658,4912995
19755,4807869
9166,5078041
9528,5074825
13018,5029697
27505,4068524
27879,4072005
8385,5056571
21084,4625134
21482,4596891
24657,4421523
7919,4980761
8123,5033378
17019,4826936
16811,4898100
85034,3537451
84964,3590006
85520,3537469
14641,5014476
15533,4925266
19758,4860443
19845,4755314
124423,3452526
17615,4727260
19539,4755307
19587,4860439
28558,3910944
84997,3380174
17492,4725936
6015,5251239
11826,5117275
124985,3399956
17097,4775930
7911,5061681
7912,5009107
30687,3938886
8087,5033323
8189,5084897
16911,4878407
15631,4872708
15871,4807642
14860,4967763
15260,4922806
16755,4865497
122592,3587771
123034,3500261
122591,3640345
122559,3607101
8153,5085456
8265,5082862
84884,3642561
85401,3642580
16979,4827866
14600,5060696
23973,4105136
7232,4979828
7876,5007115
8217,5080766
11624,5130920
124888,3449735
17569,4779138
5853,5304510
15815,4770201
8365,5056161
19846,4807888
19913,4702758
14388,5057355
20830,4730252
84768,3590349
85292,3695135
19540,4702751
19567,4807881
6139,5300580
20519,4835388
20688,4782816
6976,4978821
5925,5251958
16378,4771055
16707,4846670
123036,3550795
124790,3498249
28059,4115673
14949,4918341
15143,4870852
15588,4872330
17537,4778498
11422,5181074
6258,5057611
6867,5162643
18454,4499663
19816,4650200
84684,3537841
85183,3642923
17017,4775234
17157,4724409
22299,4494282
22420,4599329
7218,4973521
7384,5003705
6303,5350093
19514,4457624
7802,5002580
31818,3635818
19815,4702774
6869,5215217
15799,4821453
123050,3593218
14322,5005251
91105,3262764
91106,3210190
7520,5056279
7697,4995210
14909,4915830
15019,4868628
19583,4755325
16907,4877638
124683,3540671
84602,3485285
85049,3590415
26186,75
26307,89
7833,4977026
19725,4650197
19924,4597663
20689,4835390
6017,5303813
16267,4718623
16481,4771923
16165,4718377
21046,4580145
32396,3674381
6340,5005146
5256,4936266
4850,4936322
5254,4988584
4810,4883770
7174,4964702
19600,4650204
19614,4702750
19726,4702771
53300,3422349
6399,5322375
28461,4105272
19635,4755324
7070,4972471
27654,4269923
27653,4217349
97400,3105054
5715,5068791
5552,5016217
14792,4913184
16551,4824459
16622,4719801
6412,5000507
84601,3432730
84966,3537859
15301,4924673
15239,4923418
15355,4873171
123098,3635174
15492,4821923
9319,5070866
15692,4769581
124518,3582627
16869,4865495
17426,4673379
17001,4825852
16719,4862560
14888,4818763
8213,5028898
19767,4597660
24434,62
26205,90
14213,4953003
14366,4959668
20831,4782826
23938,4129144
26540,76
7104,5017258
7710,4953107
6142,5353154
6167,5353154
16927,4813941
15010,4819728
20924,4533091
21256,4632713
7801,5055154
14791,4965758
39309,3613338
123083,3654249
14347,4907339
39311,3613338
7800,4972298
16853,4831099
19867,4545112
84229,3275386
84755,3327758
16791,4810286
124365,3601702
19681,4597661
7742,4964665
4872,4988743
6960,5069810
7641,5069832
14737,4860895
16240,4666396
7759,4971338
4626,4831236
16754,4772243
27786,4164795
39838,3650310
26779,97
15471,4821477
12758,5149226
11628,5167942
12566,5161913
12726,5118513
84021,3223113
84565,3275515
12854,5080715
13538,4990428
14067,4952646
5848,5068425
5670,5015851
15362,4769229
21092,4585659
21392,4685287
124067,3577663
11284,5162258
62724,3117130
123051,3616725
16894,4795333
14841,4766487
12514,5238164
12444,5185590
6948,5122358
7440,5122384
15568,4717495
16424,4614255
14805,4813981
10648,5061812
13421,4950013
6890,5110833
7419,5174932
14739,4865899
8252,5021429
9393,5064240
14521,4962576
14274,5008628
14573,4965569
14637,4915992
19940,4492584
16865,4772405
20874,4480621
15181,4716094
111311,3194539
101959,3142060
105512,3194535
111645,3247001
17941,4384116
18015,4452164
4712,4883810
24800,65
82726,3170812
6814,5075301
7415,5163407
6257,5110185
91107,3262764
94650,3157620
10536,5051301
11238,5112400
111648,3299575
111819,3296882
16674,4667500
18453,4552237
19395,4490822
67006,3029361
6784,5058021
7356,5039373
121744,3592589
121743,3540089
30063,3971299
29599,3918725
67001,3015117
67053,3047007
122508,3525166
28196,4128235
14614,4912995
14848,4816422
3984,4780612
106460,3246993
112213,3345978
16759,4720002
12318,5235767
8264,5073959
6260,5110185
6722,5069663
7298,5005470
12611,5168815
21254,4638233
14657,4863394
15122,4767547
15513,4665296
106854,3296879
114605,3387932
7687,4963934
14486,4962461
14242,5005144
14352,5008624
26886,4269796
27657,4269923
6620,5077458
7272,5017112
12664,5130661
22242,4449074
5984,5068419
5968,5093240
19284,4361801
18130,4434501
18432,4403035
6342,5057720
13993,4903828
11153,5133987
7617,4935015
8569,5179066
8339,5126492
16527,4615035
11410,5214730
28635,4079111
15079,4818643
67094,3035726
6619,5082554
7112,5024905
11412,5267304
11776,5267068
29020,3866185
13280,5001384
16498,4562892
14958,4865865
6414,4978439
6914,4978419
11559,5318100
11982,5287467
8468,5119450
6978,5029997
14566,4909970
12164,5272223
12542,5218642
8221,5067127
21982,4398412
76705,3171050
76706,3118476
11818,5306956
6701,4928842
13838,4856860
14489,4906919
10317,5034145
10759,5103053
28975,4049910
12324,5285906
11969,5262166
12384,5261876
7651,4952492
7809,5016498
19804,4388851
7434,4986817
24433,83
12137,5225247
31819,3666716
75043,3066092
7765,5069064
109228,3382439
121625,3435083
14911,4912526
12640,5180416
31047,4121664
19538,4440060
19956,4545158
16463,4613404
16813,4512613
19404,4543392
12273,5185771
12814,5092741
10701,5155488
5554,5068791
8605,5172024
14324,4859858
14865,4860246
12848,5096919
13048,5052349
8136,5174208
7972,5121634
20236,4354281
19690,4416945
5468,5012299
5689,5012295
21175,4452889
22249,4486644
6148,5145814
22626,4539218
13296,5003186
8550,5137788
13061,5053757
13508,4956742
3866,4782894
3954,4780897
94651,3210194
96968,3131362
6175,4983488
5918,4930914
96882,3122907
7598,4913387
7597,4934968
14700,4812722
4930,5041317
12795,4909313
13652,4908459
11050,5186402
19980,4469519
10617,5207960
17892,4468584
18065,4418470
19426,4595964
27301,4180791
28450,4180809
13037,4860961
23992,61
8137,5055999
2218,4835444
13743,4809473
26875,4322368
27091,4233136
5850,5064862
26876,4374942
30953,3886374
30954,3833800
3829,4782633
10618,5260481
10991,5258907
67225,3088961
18148,4418465
22345,4539210
3870,4779208
8642,5116462
9285,5116804
9735,5053598
18093,4397571
8292,5159710
8291,5107136
3830,4835207
5602,4983448
63008,3132123
6436,4878381
11008,5238006
17945,4412078
18153,4375557
125764,3547247
127424,3494756
130290,3599821
17532,4484762
22259,4558021
9649,5106162
66162,30
66161,22
63140,3157081
62531,3153956
67188,3079323
67222,3078284
122245,3487576
7766,5121638
63007,3183328
60696,3176564
10844,5278640
10893,5311618
66651,24
66585,16
23488,108
23487,87
23875,65
23967,69
11429,5287846
17485,4462035
151167,3696059
16016,4762467
8399,5088295
29656,3820782
24180,64
8025,5038157
27382,4102108
29007,4011237
11659,5306063
7973,5174208
21249,4505455
22261,4610595
10952,5310390
23345,86
23609,71
66134,28
66133,20
23891,77
27205,4060229
29861,3966593
9286,5169378
66103,1
66104,1
3628,4780950
19988,4337211
26859,4203962
11384,5340374
19283,4336737
3634,4775713
4016,4831782
9287,5169378
10162,5012484
67649,3057859
8555,5105652
11903,5287318
151113,1
151114,1
10872,5329935
12119,5263238
19428,4648538
8592,5158182
12699,5145295
31280,3728698
11133,5345594
9651,5158736
9887,5158736
18704,4386438
23739,75
21005,4412150
5851,5117436
11589,5289257
11639,5266254
31371,3745490
31348,3745490
11911,5234592
12415,5226988
26683,4207217
27240,4154658
10834,5258782
11313,5327644
12827,5100981
12179,5196913
12549,5187482
11017,5309515
23936,70
21413,4558029
151721,3224633
151748,3212819
12301,5156576
151743,3179553
8594,5210756
8608,5210700
10766,5235375
12433,5109053
31345,3791777
30836,3774793
20319,4367484
21199,4464720
12643,5102407
19699,4364219
3882,4827624
66401,28
66570,16
30713,3837730
23346,90
12799,5055143
62695,3186070
7747,4987368
8101,5090709
11285,5308381
27543,4233365
16517,4563318
5467,5064873
10974,5285842
8495,5263086
8626,5263086
7861,5039922
26684,4259791
66901,24
10732,5197684
8287,5195837
8119,5143263
11260,5284623
8090,4913411
8536,5281061
8674,5245864
67602,3093402
67944,3090174
8097,4889067
67363,3120909
150979,1
150980,1
18375,4615892
8496,5315660
8518,5245861
60976,3224947
62221,3214371
62222,3184016
16271,4663624
22596,4159139
10910,5248423
20097,4310219
10714,5145172
21201,4517294
21309,4517294
22606,4135442
24255,4157552
23498,111
8155,5121919
11163,5246296
11476,5269334
16233,4713753
16543,4715968
16341,4766327
8528,5224131
8696,5224132
10660,5092949
10889,5195914
39310,3658583
11621,5286956
7864,5092496
7999,5092480
67270,3100173
30955,3886374
11082,5300997
8728,5197930
67470,3115349
10518,5117540
10390,5064966
8061,5108298
8139,5070967
10161,4988011
8554,5197929
39837,3694749
3200,4777687
11943,5249337
10544,5040456
10821,5145180
3211,4770182
11361,5245032
20162,4308290
12263,5209150
122761,3457634
61325,3229970
63364,3231031
12104,5074764
150998,4518191
20218,4465617
8758,5145575
53324,3469626
54084,3400306
12305,5103265
10391,5117540
8002,5145054
12459,5008289
24258,4210126
24739,4209824
30803,3869819
11055,5144333
11493,5293735
30837,3827059
26575,4271306
25255,4218732
9006,5040529
10289,4960963
61511,3269348
20286,4282043
11183,5194944
10508,5013436
10998,5092834
20285,4330694
8848,5093059
20253,4360475
20273,4280896
66904,24
12438,5162977
12221,5110403
11190,5295144
10919,5065865
8253,5018517
2122,4888005
2294,4888005
121975,3465653
20381,4380804
2508,4993146
2444,4940572
27190,4105002
52069,3566804
52060,3514230
20312,4254920
8411,5071091
11184,5247518
9367,5198217
9368,5145643
22067,4222835
151008,4227877
23628,4251207
61089,3275210
30714,3889370
26768,4150517
20800,4250058
151003,4254309
135394,1
135393,1
2398,4993135
20217,4413045
9060,5093075
106946,3346053
26781,4105944
27943,4112803
2274,4940569
8175,4965963
106948,3398627
107762,3388011
67227,3130468
19752,4776309
19618,4723735
8892,5145605
20359,4408678
10922,5118439
19500,4776220
19643,4671174
40000,3695529
19312,4828594
19527,4723699
8297,4941475
67280,3123753
9498,5198197
60141,3314804
60142,3267197
59128,3356224
60522,3222084
10481,4930783
19160,4880605
19373,4776073
30395,3935040
30529,3924654
80098,3092349
67425,3174844
19159,4851880
19216,4828046
19156,4799321
62605,3277898
60523,3270516
19856,4671290
19855,4618716
16500,1
16499,1
60697,3302507
59755,3309601
67362,3152468
72329,3134855
8479,4994049
22068,4188650
9130,5145629
8152,4888923
60698,3349322
151672,3313184
11847,5029225
8986,5198159
59177,3355605
59178,3351632
21093,4168583
22650,4187637
59071,3375985
58151,3375637
11947,5067331
18394,4848896
18294,4899522
18508,4797189
20076,4461180
80099,3144923
90710,3095677
8425,4994049
8099,4941641
8239,4862010
58144,3341167
11189,5347718
18144,4949860
18326,4848876
47922,3776116
45320,3723544
47946,3756262
19369,4432788
45364,3703690
2222,4940568
2286,4993132
25657,4189559
9544,5250771
57368,3358650
107763,3440585
8678,4861534
19859,4618679
19972,4566202
18014,4990210
18152,5002376
26455,4155292
26861,4158465
2098,4940575
58936,3400190
57375,3396678
19659,4671096
23627,4303781
12328,5055207
20038,4513663
9222,5198195
20301,4956050
20259,4903476
19254,4775971
54248,3380609
19990,4218303
17924,4978925
18044,5001123
19258,4723446
120921,3413199
19152,4746788
19120,4694243
8832,5250725
9076,5250725
20149,4850908
20294,4954368
19263,4670907
19664,4618476
19691,4565995
20016,4566127
54317,3420908
18830,4745437
19203,4641755
2512,5045709
16545,4768542
16589,4766940
18854,4744683
17780,4926458
17934,4948644
8831,5303299
8903,5303291
10367,4983343
10705,4889227
12693,4958754
19255,4642252
10003,5025635
10506,5035917
20029,4513646
2097,4993149
2536,4993149
13182,5004851
19305,4589779
26566,4207829
26969,4210968
52286,3468022
53247,3471105
19250,4589282
18550,4796340
17660,4873979
17798,4885202
20035,4798344
20186,4901800
18186,5160092
18185,5107518
18191,5054946
18220,4899462
8241,4914584
8809,4831668
9849,5016462
10086,5078209
26131,4195205
18162,4950964
12249,5064647
30532,3878804
9241,4966024
9454,4966024
12690,5015570
17484,4821461
17684,4832723
18267,4846947
16602,4819489
17009,4782204
127891,3547326
20454,5006942
19967,4745784
20071,4849236
26736,4260336
27087,4262073
17350,4809613
17633,4780205
8905,5355865
8927,5355865
11321,4982269
12252,5081799
59116,3391685
25685,4224648
26326,4247713
18855,4797257
19002,4692187
133223,3599900
134612,3599900
72350,3131685
19837,4693228
19998,4796676
40747,3737617
40993,3737394
17872,4896096
22989,4240016
59077,3417699
11075,4938911
11741,4944501
89682,3137415
93804,3106991
18005,4845920
14082,5073363
13726,5020789
104918,3329965
112396,3435013
19411,4537749
24782,4220620
53332,3496046
53520,3428696
40828,3740559
41222,3724616
19288,4536795
19683,4640676
19904,4744120
93786,3159516
95968,3115172
11201,4941323
24829,4254937
26828,4309151
27183,4314574
25943,4300225
26664,4300237
95934,3167716
96304,3121792
8893,4914094
96012,3174289
30789,3977220
18594,4743866
96098,3155691
96839,3181210
18035,4739810
14378,4997515
53140,3450810
53249,3515590
18334,4794473
19577,4588128
19722,4691568
93758,3212019
95750,3190058
10638,4839675
21235,4201222
20783,4199960
120922,3465773
53385,3473027
95692,3242598
95910,3220265
8954,4830637
9103,4808513
10781,4890827
53274,3507290
116272,3360712
45230,3738153
17344,4757150
18173,4793440
25629,4352755
26578,4352729
18221,4727755
41346,3751953
45283,3719179
26981,4361649
27465,4367091
48070,3683179
19437,4535584
19596,4639020
53521,3440225
53386,3454538
41544,3733785
48023,3699350
19076,4639693
93598,3220195
94808,3264573
13416,4980798
52977,3466339
94790,3317129
19329,4485245
95593,3295154
95851,3272821
11293,4940523
17555,4834758
19231,4587973
21629,4280068
25448,4383712
26098,4394553
19368,4484339
19473,4586476
23392,4249084
20786,4228448
21672,4306487
30012,1
30011,1
20367,4251600
22670,4230318
26776,4352740
27135,4414168
22730,4282756
25067,4307441
30573,1
30574,1
16386,4872036
11917,4983818
16338,4924593
16366,4924588
19310,4535522
94771,3325306
18317,4740927
19325,4586415
95835,3325362
25356,4412506
18919,4690442
53273,3484239
94679,3272751
95109,3377868
95039,3325312
95527,3377899
11397,4903185
95467,3377869
18959,4637991
25173,4359962
25701,4424511
12183,4950205
13894,4955999
19359,4637037
24705,4359978
67442,3194920
26529,4457881
27263,4466732
96573,3213692
103922,3233674
16326,4977142
16325,4977146
19951,4301230
20487,4304084
11333,4868761
93578,3226816
10924,4838259
11836,4911305
26346,4405239
21019,4450021
21020,4397447
20753,4356658
52577,3491160
25437,4412467
24706,4412544
25360,4412492
8750,4822239
8899,4790038
16978,5028736
16368,4977145
16494,4977155
14660,5102653
14530,5050079
16540,5029708
10393,4944589
10394,4892015
53389,3526008
18367,4688473
20631,4356403
21162,4424951
18467,4687355
10635,4944589
4566,1
4565,1
93548,3279361
14623,5022724
13399,4933938
12068,4881364
16554,5029697
26707,4510445
27391,4419655
25143,4465058
8968,4799814
9074,4766949
10554,4844982
11160,4799094
9692,4887889
9586,4835315
25971,4436161
10050,4840944
22722,4279336
13333,4979785
14769,5032351
43023,3781916
13880,4264545
8929,4749680
95977,3226814
42682,3778979
81232,3142125
8771,4741304
9031,4708833
10049,4893518
93514,3331901
94567,3331893
20773,4397430
21528,4372444
9585,4783094
9702,4789339
71780,3179405
81183,3144670
94506,3384440
95515,3279364
17586,4887314
17825,4939858
95492,3331911
95659,3275376
17388,4887312
14987,4348975
20307,4353612
25607,4464967
7997,4772264
14981,5084925
53876,3500650
26251,4488692
21630,4292278
17040,5044955
16376,5029719
26847,4470395
10174,4794674
13208,4927221
9312,4723027
21671,4319924
9279,4672566
99782,3318793
98824,3266240
99684,3318799
101618,3371350
17268,4939857
93452,3384441
21802,4262961
22674,4273268
30804,3922385
94449,3436989
9227,4732150
9228,4679576
22740,4335077
10402,4753809
11436,4851606
95240,3380473
21829,4304286
22723,4325575
26973,4417831
96223,3222231
100595,3423912
102877,3423915
21712,4291856
52657,3533455
53847,3553712
25873,4517500
20730,4448123
9826,4743101
26769,4457912
41233,3760563
17220,4992405
17140,4992405
12338,4850593
99359,3371365
93436,3428908
104917,3284765
105058,3352590
9391,4730839
106144,3405160
12718,4892370
21740,4332138
21846,4344533
53286,3575367
94385,3481456
22201,4372235
93390,3421482
51907,3510547
9577,4691358
25580,4464995
94318,3428927
18223,4780329
9534,4686050
68638,3223281
74274,3231979
41570,3747328
9899,4633914
20994,4424946
20534,4406091
20846,4477277
8866,4732034
9858,4640224
26177,4529537
11437,4904180
11862,4810083
13097,4861458
22288,4384739
43022,3757640
21026,4529851
93354,3368963
98985,3423924
94241,3376377
42681,3772925
10090,4702580
20652,4448124
95185,3327923
9771,4650844
25056,4517593
7767,4802137
8033,4824618
67496,3243380
67558,3237283
67475,3224440
67479,3219024
9734,4646270
25055,4517558
25796,4517528
8680,4778457
9494,4692684
7791,4854482
8227,4877093
20309,4405936
26561,4499687
51892,3532271
64164,3273237
93316,3337451
7527,4829214
10572,4656792
95524,3294421
51891,3562089
7557,4881559
8353,4906923
8542,4815471
8794,4830926
20516,4458422
20866,4477272
51908,3540365
11811,4811371
14229,4914016
11434,4759865
25065,4570091
26066,4570076
93272,3305662
95106,3346972
20700,4489214
8404,4846982
8668,4867934
95068,3337470
7177,4852199
95205,3284919
54580,3542512
10235,4604851
81029,3245637
81030,3193063
21010,4447959
102878,3476489
9924,4595576
22766,4377786
22928,4387651
7201,4904542
7729,4934082
23806,4535400
23805,4482826
10722,4708623
53859,3534979
8546,4899437
53862,3582448
56199,3512295
102691,3476480
114130,3353424
39293,3941505
39294,3888931
93092,3253143
22560,4356843
25073,4622639
26318,4541264
8868,4792132
94895,3305681
21619,4424740
22619,4424474
8375,4929542
17775,5071726
15920,5019152
21620,4477314
21076,4582210
20808,4541686
21238,4529660
98986,3476481
151472,155
46393,136
46663,138
46939,184
151462,181
62607,3330472
6497,4872042
45607,135
46541,149
151459,159
46940,219
50212,3590824
6740,4941447
7339,4957046
8784,4832365
9134,4745144
96224,3271186
95939,3217690
151460,185
50239,3569100
7855,4986525
46699,188
56059,3732957
55752,3700211
56077,3694455
67619,3291695
46700,223
55751,3647640
95226,3150076
96099,3204080
67612,3272888
102499,3476478
103269,3529047
10178,4554391
94565,3155593
25696,4593832
10153,4594149
8702,4868743
9036,4832497
10502,4599451
10884,4760278
67790,3247584
67793,3272727
20938,4500515
21338,4477099
46179,147
8487,4930551
46180,182
8604,4900296
8888,4869460
46120,195
46119,160
25083,4634688
22720,4368204
14403,4966580
8804,4901129
79520,3241716
88758,3202924
22666,4396994
7479,5009488
8127,4959436
45608,144
45828,132
46144,138
46426,131
93040,3200602
47838,3909551
47667,3856977
46614,136
6536,4924409
6692,4993912
67440,3260032
67491,3263147
8537,4959352
94837,3253130
55115,3595074
55221,3589318
55757,3641884
47623,191
46681,156
104196,3581621
22745,4396764
22772,4430256
48796,3660643
53287,3614118
47907,3751884
48771,3678878
49452,3614442
5813,4886646
46474,128
9080,4792016
10604,4507981
47725,3804425
47964,3804447
8671,4931483
49474,3592722
92582,3148085
10531,4552925
5841,4939013
6622,4976882
9198,4832379
46644,133
95208,3337493
11086,4812836
95591,3322856
112341,3405994
116465,3405998
48214,3856976
46386,127
47643,3909526
47723,3909551
46583,133
100311,3322832
100004,3270258
7707,4986452
48330,3856990
48418,3857007
47547,3962082
48130,3909525
11596,4865404
12872,4916511
67497,3313588
67791,3273335
54774,3536756
47443,4014642
48042,3962081
67563,3285695
67794,3315953
67659,3298837
47369,4067206
47940,4014641
45949,3755343
47303,4119774
47884,4067205
67472,3298295
25932,4711053
25172,4658479
47304,4172346
47796,4119773
67356,3285023
67473,3341327
67578,3315871
47698,4172345
46222,3739114
67359,3346807
46734,177
8775,4869356
9412,4839251
49433,3703401
49434,3650827
67355,3308935
8753,4901032
24881,4535400
67427,3358974
67501,3324899
46529,152
46812,196
67503,3361913
46530,187
46795,173
67360,3370780
23243,4449058
12268,4865398
22798,4482539
64263,3325811
49368,3638602
49512,3629383
6432,5029374
46970,196
64858,3315108
49381,3626841
47219,231
66952,3332245
56244,3492278
8533,4953477
48265,3646848
67611,3317606
12948,4966580
65382,3338401
95198,3226253
95357,3319444
22691,6
22569,4
66961,3394113
7751,5038920
22570,4
8885,4885385
9041,4798871
8859,4921826
65679,3400928
6266,5081900
6524,5081749
47004,229
11306,4461318
3022,4829453
47084,206
11275,4555312
3067,4762816
3741,4821903
46798,208
8397,4996065
8646,4921788
10137,4651834
67620,3318173
7331,5091459
7771,5052739
6104,5096516
6336,5134378
7795,5026393
8580,4964748
5385,4895449
13222,4916505
8999,4845754
7332,5105261
48304,3709717
5566,4970211
5885,4991502
22810,4523341
24766,4535109
9785,4704181
10740,4704240
5996,5044041
6151,5148996
59650,3435419
95880,3208042
57950,3464759
59371,3466431
106145,3457734
107640,3457734
6742,5046332
82663,3251674
95036,3211996
8808,4885713
7372,5078891
100006,3322832
105506,3322832
46986,3724072
48305,3759257
6032,5096531
9237,4751733
7813,5078883
10326,4746434
8914,4892038
48266,3698653
47728,3659505
22706,6
45712,3778756
94586,3156298
95200,3157913
7398,5131353
151477,3720213
8306,5017286
8598,4931790
5893,5043943
6828,5026281
52086,3643139
112342,3458568
112946,3458568
52093,3613986
6366,5134264
6580,5063732
7859,5049455
8358,5069725
95189,3164105
95857,3214183
25266,4587683
95143,3185889
6384,5152300
2556,1
2555,1
95860,3264188
5405,4947881
5595,5022642
9096,4839775
24809,4587683
50748,3652268
7408,5143076
9415,4793218
7879,5101912
5992,5096477
51217,3643036
67742,3368803
68142,3330077
6010,5148914
95145,3237031
5919,5096383
56260,3498843
67621,3347777
7917,5112489
45747,3770163
47416,3733299
46648,3719756
46116,3770862
46577,3737866
8622,4923145
67729,3398489
68015,3358938
5189,4873223
5204,4925645
5439,5000403
7442,5132924
5603,5044524
8394,5018517
6202,5187715
6406,5132104
2854,4751624
9565,4787357
6174,5170017
3743,4874477
7931,5103214
6189,5153953
8959,4879741
5780,5148938
5941,5083529
46655,3720304
46782,3700524
6028,5136067
9056,4827283
5710,5097083
5821,5201512
95042,3264433
46723,3753450
95797,3313806
46928,3680892
5727,5149657
6898,5002734
8652,4913775
7955,5061226
5560,5013587
23873,4628485
23363,4575911
47121,3796124
6592,5042344
8430,4966313
6452,5081034
2941,4824632
5214,4978097
14697,4395025
15104,4398334
94928,3218566
94969,3326941
6096,5153987
7490,5081655
44072,3790024
6101,5118230
23619,4628485
46545,3817916
45349,3806742
7959,5051400
152314,4413997
152309,4504771
5987,5049429
8005,4998988
15230,4450906
5250,5030241
47371,3825778
8712,4861317
14215,4440715
22812,4550481
23302,4501367
7512,5029660
15455,4503480
44297,3790855
6966,4951572
6480,5028913
50776,3633522
50864,3611038
5393,5053897
5370,5024271
8041,4946517
47374,3860119
48311,3806012
6125,5065725
45805,3850204
5251,5082815
7530,4977184
48244,3701550
50720,3671754
68245,3418784
68208,3448499
49566,3692473
50733,3653193
13921,4464140
14182,4493185
50627,3666298
50801,3631961
8065,4893985
150909,4598331
14181,4545757
53146,3582292
53189,3610214
49625,3687342
6552,4976381
13496,4312513
13881,4311974
7566,4924660
13922,4509840
12792,4414935
13992,4545448
2088,5087435
2087,5034861
65415,3388742
40442,3839141
2128,5034857
2183,4982292
5997,4997362
41699,3840117
12155,4359703
13497,4363380
56201,3552520
56213,3522629
58010,3507579
54857,3554531
57955,3531805
23245,4501632
67062,3951998
67061,3899424
2307,4929726
48502,3752203
49014,3729654
152322,4466221
2210,4982291
2411,4877170
2947,4817164
12791,4364205
2396,4929680
48787,3785315
48823,3857567
94786,3266844
54858,3583836
57257,3564145
84872,3296486
24454,4605909
27959,4711053
11780,4454442
152317,4508220
47912,4158801
47911,4106227
11535,4715969
6613,4663395
48896,3803380
48985,3767039
47914,4158801
48013,4053657
62768,3383800
2820,4803390
13816,4596231
14003,4597866
64861,3439675
65435,3441312
11754,4358108
46409,4001105
48185,4041589
2085,5034856
23786,4553941
66722,3493884
94887,3375209
11533,4458432
13246,4560885
2439,1
2440,1
49504,3711128
49570,3706039
49612,3721897
49521,3724984
23436,4553609
2086,5087430
23399,4501340
94274,3312454
94787,3318196
49407,3758059
49591,3773595
66721,3546458
13815,4622819
13945,4648639
10610,4403628
49646,3772268
13245,4513822
48188,4094163
48257,3991822
49042,3776541
94888,3425592
94665,3394203
13874,4675225
51258,3805104
47731,3992426
48475,3940413
51193,3823855
23426,4553683
43359,4073897
41525,4021323
21393,4920870
21394,4868296
23427,4606007
14684,4727588
49395,3847577
13851,4570397
14649,4675222
48805,3797521
49394,3828484
48547,3887861
49266,3870879
10499,4406713
13225,4410503
46410,4053679
150897,4509548
63613,3486239
2208,5034863
40363,3860572
39414,3857758
30281,3974953
48627,3835309
94016,3368933
94141,3475508
48550,3940435
12195,4560392
2207,5087437
30214,4029788
47480,3846282
49265,3849052
46559,3948553
47478,3883100
22112,4710693
21858,4763259
21523,4763052
23282,4658324
21472,4815724
21503,4815618
13301,4516561
47732,4045000
65763,3862989
65764,3810415
21153,4867905
21154,4815331
79519,3286595
12196,4560052
13226,4461437
39352,3890421
11447,4830833
11448,4778259
11192,4778279
11191,4725705
4704,4447547
150872,4453146
39384,3876861
23457,4658308
11069,4778188
11070,4725614
39660,3992053
42744,3999487
8595,4453136
10943,4725647
10944,4673073
2143,4974782
2132,4922208
13300,4465685
23561,4658103
107484,3520770
107184,3468196
11538,4725691
23283,4710898
47437,3897310
12292,4778282
12291,4725708
94574,3383281
95124,3416126
107222,3520091
107417,3625235
107367,3572661
107384,3625235
46981,3946483
47023,3895447
11932,4778249
12025,4725691
93588,3304728
94214,3333270
106859,3571856
107314,3572665
103827,3621696
106988,3624407
11271,4673137
12425,4673166
38444,3938236
11688,4673133
39290,3939909
102281,3640276
103814,3673429
38418,3989682
39327,3926481
2131,4974782
2104,4908438
23519,4710585
2578,4982254
100587,3588170
102050,3692484
38411,3977688
39353,3907463
12187,4673149
98563,3535964
101827,3640061
39494,3906817
50459,3899966
11357,4620579
37235,3957423
39421,3956697
95221,3484033
99005,3587892
94559,3433078
106165,3676576
94191,3383285
94465,3483276
93569,3435327
94127,3435204
39659,3950350
90281,3486521
20970,4867580
39658,4000658
11140,4673056
50364,3878863
88945,3505185
90402,3538022
86299,3496967
88990,3557048
12401,4620613
101904,3692095
102526,3745058
107061,1
107062,1
11521,4568037
84169,3487662
86340,3548162
1909,4943416
1910,4890842
17965,5041124
17743,4988951
17998,5093392
18377,5093334
39657,4043327
1904,4890886
1903,4838312
82531,3437650
84192,3539216
34551,3987698
11915,4620595
80705,3386332
82564,3489230
36213,4039242
16510,4936657
93995,3486697
76156,3330550
79529,3334400
11278,4620514
94159,3514286
80587,3438020
19830,4919219
79581,3386193
39678,4041970
1793,4890850
2811,4785794
40208,4070522
2387,4961086
2388,4908512
105928,3780874
105927,3728300
12152,4568059
59529,3512393
11074,4620531
106940,3728310
98947,3639691
100156,3640466
101784,3744841
101783,3692267
84218,3569428
11907,4515501
82562,3539549
105903,3778891
105416,3777441
106680,3779467
89064,3609071
62873,3484748
63624,3535876
102997,3743690
23521,4763159
13616,4517883
104070,3724890
2389,4961086
11951,4462989
13627,4462752
86484,3599461
11530,4567978
63919,3585353
2392,4855942
68218,3381859
107008,3780884
81966,3489247
68125,3409652
84272,3621375
98799,3692037
102776,3691186
3319,1
3320,1
14584,4622826
82610,3591620
14691,4779755
105119,3830002
92199,3538203
93831,3469044
81787,3540673
107467,3881184
106551,3828610
19461,5175890
19197,5123316
92234,3520502
14655,4675121
90432,3567382
63920,3633800
106172,3776058
106217,3830054
8557,4494145
9516,4505560
14675,4727591
15344,4727282
19564,4969364
18896,5018191
19398,5021170
107753,3879713
106548,3827139
105120,3882576
15297,4674913
1741,4943409
1918,4943397
18352,5145563
18374,5108122
104026,3796264
4717,4533870
9479,4546569
62740,3429309
62784,3433759
36327,4007183
89066,3661645
89114,3630406
60844,3455837
62749,3479268
79597,3438047
62812,3484528
1742,4995983
84290,3672222
93961,3520707
93833,3418514
18908,5070752
19271,5071926
82646,3642740
62657,3526701
62759,3528957
17164,5094252
17076,5041678
19487,5019409
17952,5094030
17731,5041456
68211,3432522
72738,3433496
60857,3553231
1721,4995957
84348,3680835
79611,3489537
81634,3490621
102301,3743728
103114,3742370
82666,3694012
11865,4515499
17075,5094250
17628,4989110
108759,4138297
108760,4085723
19148,5119467
108762,4138297
109794,4033153
98725,3742590
101299,3744607
62851,3534133
11598,4567930
12168,4567662
1673,5048512
1836,4995954
62886,3578561
101300,3797181
106219,3882628
16462,4884284
101600,3797181
19259,5116200
17680,5041684
19800,4968704
101997,3793488
103782,3794932
83716,3746586
82690,3672291
19545,5017557
91816,3682980
17229,5146824
79645,3540720
81166,3542111
11453,4620049
16318,4831926
17346,4936738
64550,3735596
64270,3683022
14372,4570052
97233,3722529
98663,3794803
107886,3982630
107488,3930056
86488,3628976
23562,4710322
23579,4710516
100774,3899252
100543,3846678
103942,3900076
103856,3847502
11245,4667344
102302,3796302
1814,5048512
23499,4760837
62852,3583607
86544,3637260
94230,3566573
62885,3628034
38502,4225603
38501,4225603
39202,4173030
104238,3900076
1631,5101068
62930,3630167
62986,3632334
92246,3519838
98447,3826980
23528,4762180
84478,3733003
82692,3724865
82667,3642551
64448,3731608
17414,4936658
103783,3847502
18955,5112836
19383,5063712
18895,5064356
79677,3592492
13789,4514981
13833,4515007
102167,3795588
55143,4426235
55091,4373661
17561,4989158
17863,5093646
39420,4120460
15524,4779527
16713,4884472
11071,4713799
11646,4719918
102168,3848162
35115,4038178
36215,4091812
48855,4502711
48725,4450137
104310,3900076
104563,3900076
93699,3616581
96226,3618540
1868,4995954
110399,4294717
110400,4242143
30282,4027523
93656,3468192
101328,3898500
100973,3897862
102017,3846643
92969,3569993
36253,4040788
36373,4059702
36402,4059669
49357,4502740
49358,4450166
30213,4082358
46436,3945149
23465,4809726
107394,3878120
110555,4347277
110556,4294703
36254,4093358
35186,4057566
79699,3643972
80988,3645066
43963,3997789
46395,3996361
23523,4811581
68212,3482971
70907,3484061
40778,4049685
23272,4857265
1541,5153627
1798,5101070
19031,5107227
2845,4734028
24049,4864155
2518,4764062
65337,3832618
65338,3780044
98121,3775041
99823,3827332
10751,4662768
11366,4766373
55067,4321291
55738,4387494
110779,4399845
110780,4347271
107904,3981156
105643,3896628
86584,3689798
88704,3617647
95949,3670947
97136,3670580
2538,4712296
101701,3845916
107315,4032246
36589,4110448
36430,4110479
13303,4620104
13304,4567530
17778,5303920
17777,5251346
82569,3591964
17814,5198774
101573,3897763
98050,3723092
13178,4619901
55037,4270332
55248,4335119
82469,3644225
17119,4936885
83303,3694729
49359,4502740
49438,4397596
14457,4567219
111040,4399845
111710,4399845
110576,4242143
17460,4884237
110468,4189583
59595,3517383
36590,4159313
83191,3695643
83687,3724379
14411,4567191
16830,4831760
17536,4936754
12897,4672670
12898,4620096
17792,5146242
17811,5146209
18250,5145606
36429,4159342
80857,3906644
80858,3854070
54973,4217993
55111,4322906
19186,4903183
23274,4909839
97581,3775587
18774,5092454
101440,3950278
62854,3678032
63025,3677427
59587,3505927
88632,3670111
92242,3569002
63058,3679469
17611,4989164
63120,3681547
80839,3801498
40284,4134513
61904,3704547
62992,3727427
82470,3696799
35850,4192691
36573,4206210
80793,3748930
81546,3854072
88625,3722416
108252,4347887
108251,4295313
16845,4936956
16807,4884502
105644,3949202
48545,4450117
17691,5041511
17823,5092811
79843,3695476
79906,3696349
105441,3844575
10625,4610485
11148,4715342
82303,3696370
12557,4725242
12558,4672668
54927,4165569
55065,4270567
93540,3517344
101276,4002785
103902,4002852
83487,3776612
108254,4347887
108813,4242743
1782,5153631
80202,3905019
80201,3852445
80332,3799885
80771,3800938
30336,4080097
30358,4080097
30223,4134932
30277,4134932
109824,4085106
33333,4194417
33334,4141849
32386,4246987
109473,4137615
110016,4137029
17694,5094085
17769,5093693
1781,5206205
33114,4144384
88621,3774595
89489,3673870
82898,3747393
31894,4299559
54823,4113084
54995,4218143
33244,4244530
33243,4191962
32389,4297100
33133,4145930
1525,5101074
1775,5101070
55245,4299438
55706,4387469
13584,4620079
31941,4349672
108816,4295317
109241,4190177
84986,3785192
110924,4294717
49546,4345038
15942,4727104
62813,3832537
62814,3779963
101204,4055274
103222,4055359
88151,3826626
89464,3726091
101190,4160294
101189,4107720
92219,3621498
9912,4558002
10928,4663059
95641,3723315
96329,3723497
65348,3830169
65852,3803529
17897,5040312
109244,4242751
82178,3748075
82717,3748944
96332,3776071
96623,3775769
110084,4188915
84803,3837345
86536,3837704
59585,3541909
103096,4107848
80360,3748492
16644,4884517
96626,3828175
61604,3757119
61258,3763315
54603,4060648
54895,4165550
109415,4241388
110120,4240802
101046,4159375
9274,4599096
9885,4599011
54901,4246955
55294,4351991
93251,3566692
109063,4189539
13290,4672645
110610,4292626
111017,4293364
89352,3778498
92216,3673871
14482,4622476
18420,5197425
18439,5145138
25156,1
25155,1
37745,4311349
37030,4258775
1526,5153648
1740,5048511
16643,4937091
48365,4397559
49121,4397572
16704,4832049
97417,3828025
54711,4165622
54959,4217636
55163,4332362
55386,4404545
100912,4210865
103258,4211949
35143,4086932
31893,4352133
84286,3912193
84285,3859619
100760,4314662
100759,4262088
84176,3828776
17960,5092787
150963,5092810
150965,5092810
18442,5092623
9127,4651618
9430,4651670
18105,4987830
150964,5040339
150966,5040339
86327,3889023
86978,3868340
54775,4269005
54843,4265884
92173,3726391
82022,3799861
107316,4084820
35330,4206875
35970,4239559
80376,3800999
31942,4402246
86643,3875035
88200,3920914
79920,3748670
83351,3828914
89351,3831072
84678,3859296
85207,3887757
55257,4384924
55442,4456918
112156,4451074
111857,4398500
102986,4263439
35230,4109759
82246,3798816
89354,3827950
90616,3778706
49618,4292480
97325,3880398
98970,3880599
33540,4085104
35201,4139169
111020,4345938
111185,4345930
84673,3916478
85571,3939403
107083,4050653
1621,5670437
1622,5617863
109064,4242113
84016,3881055
64458,3781781
65440,3882441
8833,4704155
9173,4704135
97297,3880518
53201,4008203
54661,4113174
55303,4437297
55486,4437231
85335,3946513
18348,5040230
100582,4312278
112958,4398504
59784,3462057
60845,3507263
36724,4206203
108966,4346414
108965,4293840
16778,4779520
84460,3909592
17727,4935770
17554,4883196
98838,3932972
35329,4159989
36699,4248001
8882,4756671
9243,4756652
55069,4279830
97207,3880598
81920,3852258
60858,3592355
60727,3560325
48123,4450081
48961,4345014
5953,4663396
6024,4610827
6617,4715969
35434,4189367
54488,4165634
55395,4384743
55556,4420815
5954,4715970
86167,3897167
80378,3801080
61257,3710743
95243,3825977
95163,3773403
100475,4311058
102362,4364852
55850,4368350
54715,4218052
97208,3933172
54582,4218060
92176,3778965
94964,3774045
94931,3721471
63371,3734121
104287,3895960
8946,4809188
9303,4809165
108333,4397349
108283,4344775
83251,3880699
55353,4384588
55620,4368364
104618,3998675
106527,4102920
35433,4236939
57832,3616719
1506,5670400
1505,5617826
43521,4154013
42898,4101439
42837,4048951
41657,4099896
55734,4368350
97089,3828076
13942,4672273
89388,3826748
90950,3880524
112823,4451074
109867,4450212
109353,4397638
54656,4269011
33512,4036719
83936,3931198
15049,4674728
9008,4861701
9431,4861652
100325,4360565
102343,4258595
109688,4345068
110734,4344515
55415,4348207
54983,4227300
55287,4332192
55812,4348240
55892,4348233
63182,3730164
55479,4348198
35512,4248667
59728,3528636
81708,3903716
93237,3622251
94609,3669002
8834,4756729
63158,3728602
107342,4258978
106877,4207009
107972,4310893
81294,3853016
49714,4239946
43585,4206482
42954,4153908
61975,4040749
61633,3988175
14942,4622224
79948,3800381
151678,3532225
54487,4218208
63131,3726650
9804,4861609
9803,4809035
68281,3501300
70910,3534018
68210,3460119
63018,3778215
94483,3721376
55655,4325556
55986,4363540
66462,3817718
66484,3779882
10360,4610483
55563,4325561
1433,5617805
1593,5565291
54904,4299529
42381,4153207
9068,4914188
9535,4914124
100095,4409621
101822,4360439
10147,4651492
83155,3849069
110736,4397089
110856,4396366
96195,3775653
97439,3878916
95075,3773488
63190,3780312
1938,5048528
104928,4154517
106685,4154986
8780,4809231
33511,4089283
43632,4258936
42990,4206362
62091,3832315
47919,4502251
48843,4397536
83735,3899519
55721,4339809
56040,4340069
3103,6
3104,4
95905,3825559
81293,3905590
108130,4362801
33468,4139396
52152,3855829
54893,4190909
55215,4279676
50951,3875646
52125,3874580
64476,3987361
64475,3934787
16920,4831616
91420,3774761
90613,3722187
84293,3908857
93252,3619266
92875,3617385
93067,3615877
42438,4205687
110858,4448940
111036,4448132
107927,4361998
9283,4966665
9609,4914075
62098,3988197
61778,3935623
11042,4663057
36846,4253372
8779,4861748
9679,4966649
55815,4313267
56082,4313346
36957,4257339
9671,4861549
9919,4756511
50624,3894793
50607,3926684
43711,4311363
43034,4258789
82028,3850859
108490,4414729
102290,4307918
102951,4206188
109354,4450212
85181,3922922
50484,3930285
105610,4206610
41731,4152387
58393,3617733
3232,4
55275,4332088
42462,4258137
83094,3901132
55881,4260851
9357,4966616
104212,4000461
104211,3947887
90599,3774532
91917,3669632
40798,4150014
8821,4914261
18034,4935400
54894,4243483
54963,4138470
106889,4259552
6026,4610832
150870,4558264
90600,3827106
43790,4363765
43066,4311191
102888,4257191
103145,4153668
63019,3830789
63074,3778932
83612,3951594
55319,4311007
106034,4312110
107106,4311840
9120,4966705
102089,4255410
110318,4499878
111284,4499919
14937,4619399
18137,4987658
102815,4152056
103695,4101260
90559,3774271
108990,4395737
33467,4086832
80795,3904586
80782,3852012
54714,4086016
55031,4190992
150869,4505704
61515,3986499
107401,4414064
107402,4361490
36365,12
36212,12
36322,16
36705,14
14102,4619748
14883,4619363
9483,4914090
9713,4861574
84115,3960773
79950,3799951
49582,4239940
49790,4187412
55153,4295677
42510,4310546
42267,4257459
41787,4204885
8863,4966748
80758,3851778
81820,3903096
55409,4325536
36211,16
36459,16
13622,4829576
13621,4777002
97440,3931490
9779,4809046
10043,4703992
47920,4449722
48683,4449704
84597,3945951
54772,4138521
55087,4243397
81990,3902796
94453,3773785
104171,3998381
49272,4292459
103249,4099649
103923,4049814
43867,4415848
43164,4363274
16089,4779327
17170,4830853
108492,4467303
108740,4446343
37210,4411059
36938,4358493
37307,4463628
37538,4411060
104486,3946550
55199,4311060
106346,4364401
107091,4362034
97365,3877357
104218,3996985
91742,3721739
9182,5019149
87082,3877683
92676,3669617
93069,3665020
55461,4287323
36252,14
103517,4048589
41239,4204911
40782,4099228
45333,4050114
18366,4935064
19292,4955757
90702,3879200
100077,4409671
100802,4357141
104768,4050206
105724,4258435
105126,4205861
1569,5512736
82972,3953259
9555,4861573
54828,4190927
48766,4397538
49069,4344998
42554,4362947
95783,3825864
79976,3747522
42311,4309911
41843,4257337
8937,5019265
55261,4273099
104516,4049210
104880,4102523
35435,4289513
35471,4281238
80645,3903019
81136,3904352
100078,4462245
37310,4516202
37337,4463627
55547,4287319
100770,4304625
101222,4409715
64070,3933306
64521,3987361
83340,4003404
100037,4357172
43922,4467964
43206,4415390
9254,4966625
61938,3883065
41342,4201657
94425,3826189
49211,4292092
54884,4243210
61421,4039063
61911,3933941
49974,4134882
36947,4358495
104814,4101412
55311,4287364
63162,3778743
35862,4273601
55625,4287331
14662,4672322
63135,3777241
91487,3825638
81760,3954549
82836,3953852
9875,4756526
62230,3884889
35831,4228736
97147,3928557
50544,3981700
42592,4414675
55201,4363634
62210,3828853
63085,3829523
63500,3832478
42345,4362315
41873,4309741
9003,5071709
95729,3878225
84546,3968865
87373,3926110
81759,4007123
111286,4552493
111460,4551554
105082,4153490
63440,3830874
36880,4305930
36991,4411060
55389,4234909
79017,3800608
79018,3748034
1517,5565309
1518,5512735
63415,3829362
109718,4447610
105684,4259170
94359,3831679
105686,4311744
105944,4311473
100038,4409746
43965,4519617
43232,4467043
9324,4914109
105946,4364047
91631,3773735
62997,3867292
63351,3881671
1544,5460176
1738,5565310
18244,5039850
13772,4724791
22499,4935578
19166,4883004
55000,4220632
65476,3914726
36308,16
40699,4359289
40459,4411824
40872,4306726
62025,3891439
63030,3919856
55449,4234904
36980,4279004
2456,4778013
110154,4499467
111126,4551654
81654,4004996
82722,4005262
95650,3883639
9065,5019185
81653,4057570
55961,4208369
97861,4085586
97791,4033012
91632,3826309
42628,4466739
61422,4091637
61521,4091627
92597,3721761
63732,3884892
64528,3982128
42389,4414716
41919,4362142
55819,4234911
56507,4155927
1462,5565251
55314,4339938
93984,3779684
93933,3727110
41240,4257385
48106,4397185
83932,4012631
38003,4184621
1881,5040274
1882,5092714
1915,4987820
60302,3679544
9876,4809100
10355,4715517
2540,4687983
13974,4777365
40237,4464378
40658,4359261
44012,4570453
43288,4517879
55519,4234913
1922,5040260
1965,4935374
94309,3779339
93566,3727320
93515,3674746
41485,4309959
107092,4414608
16968,4883663
16188,4831089
1968,4987814
1979,4882935
41933,4413850
48230,4397175
62078,3881389
50887,4032112
84548,4021439
85252,4021108
1982,4935375
2193,4830443
59640,3478685
41308,4309812
87286,3978279
91280,3877607
92598,3774335
110947,4551296
108425,4413918
110028,4498048
33470,4139406
33501,4135046
55110,4182422
81537,3953275
82632,4055334
107116,4309577
81538,4005849
13179,4672475
13320,4672096
42656,4517924
112326,4603178
9117,4966669
95465,3883453
78630,3800596
50700,3950315
2080,4882883
54144,4033556
13504,4724461
92535,3773754
40139,4516934
40404,4464372
86018,4073682
87196,4026847
44069,4621718
43332,4569144
2457,4752378
91215,3929814
80646,3955593
55255,4182496
1498,5512696
1670,5407638
100782,4252100
40077,4569493
40288,4516924
48362,4344642
81461,3902169
18230,4987465
41338,4361885
55685,4182480
48982,4239561
49701,4344666
1818,5250236
1817,5197662
13528,4724260
82541,4003902
34144,4133379
110614,4499814
50888,3998509
61524,4144201
61627,4039069
102090,4307984
42702,4567924
10642,4663017
87160,4078790
108676,4413441
62896,3972426
63070,3972424
102075,4202883
79917,3746426
33503,4187620
34115,4183090
50699,4000574
97765,3980442
98828,4085586
40078,4569483
44125,4674170
43378,4621596
97069,3979689
87031,4131346
87539,4130621
42126,4517971
80034,3798458
80210,3799401
92970,3619313
93077,3674661
110818,4604235
110817,4551661
80128,3849867
81340,3851397
41394,4413522
41888,4465447
82425,3952880
86935,4124835
87931,4085640
42740,4567913
37621,4495927
37297,4443355
37812,4548497
97759,4031582
1434,5565245
16332,4778563
48580,4292103
100653,4281794
55575,4129990
83711,4033823
94767,3831462
87708,4138197
90491,4033877
101935,4251959
44171,4725390
43438,4672816
84600,4065205
33113,4196958
108677,4361582
109602,4465658
110314,4602567
110313,4549993
41870,4515460
97731,4030823
98666,4084156
94743,3884013
1417,5512694
57936,3557358
59657,3555876
92476,3825787
111637,4603870
102515,4201226
97003,4008541
87032,4183920
61629,4091643
61791,3986505
15220,4726933
62895,4024994
33134,4198504
18229,5040039
41200,4254183
95861,3934645
85364,4272620
85363,4220046
1750,5355197
1749,5302623
42798,4620376
107180,4257585
95365,3882834
96955,3985739
99796,4241961
99795,4189387
103021,4148823
48284,4344665
78629,3853170
55230,4077544
56148,4103448
59780,3579959
103254,4047017
37137,4390787
37375,4495925
81341,3903971
81900,3902394
41468,4464340
86937,4183209
94744,3936587
82258,4003494
83617,4003515
99177,4136891
100139,4238113
63072,4024998
1668,5355090
62004,3855237
97729,4081805
86938,4235783
40472,4411814
40996,4359265
42417,4515501
36998,4320624
97709,4087028
98690,4134379
94723,3884261
57959,3605849
59743,3607155
99707,4185617
100477,4290505
36965,4286238
108679,4309627
109016,4414136
96451,3934000
86034,4272620
86787,4167476
97169,4036058
14974,4674640
61135,4124250
61049,4071676
40575,4464364
37010,4356331
37059,4408905
60301,3630009
84507,4086397
110588,4550772
42842,4620377
43337,4620359
100480,4343079
58368,3568115
86867,4177423
81902,3954968
82232,3952873
55158,4129983
35870,4302953
37259,4268678
96897,3985104
111676,4603342
94690,3884326
94689,3831752
100815,4258702
95234,3936835
37062,4338223
78632,3853166
79252,3853164
87484,4183392
88639,4190756
44291,4672933
61793,4039079
106438,4310712
106421,4258138
15452,4673773
62461,4049071
62259,3996497
100381,4206213
101895,4250289
60278,3657203
81958,3951520
83498,4053987
86868,4229997
40372,4516921
1386,5565222
1479,5460146
41899,4463005
42445,4463059
94637,3779208
91165,3981900
92421,3878029
61029,4071674
61336,4019109
97680,4087914
79466,3905738
84443,4056089
90347,4034316
114443,4760873
114428,4708299
79312,3905734
93013,3726995
93521,3726988
113596,4655729
114430,4760873
111197,4602567
41558,4463071
40160,4569479
16189,4883663
44371,4725407
43390,4672833
10802,4715562
97679,4140488
42944,4567916
49192,4187034
37190,4443357
41927,4410556
42489,4410582
106422,4310712
93487,3779212
106344,4205568
101711,4197993
50030,4082395
92369,3930162
89800,4139454
89799,4086880
37122,4287077
15389,4671508
87153,4177389
87705,4235952
48283,4397239
61063,3861430
110876,4550622
1385,5617796
97672,4037002
100034,4140488
60277,3706738
13822,4671875
40611,4464368
41604,4410610
63153,4196661
63154,4144087
94597,3831247
86732,4167494
86731,4114920
60938,3877566
62187,3943925
83826,4052585
44407,4777871
43448,4725297
80634,3900777
80094,3851032
79979,3796718
113755,4707227
89521,4086872
61030,4019106
48997,4186681
41977,4358079
42531,4463060
80636,3953351
102862,4096329
97671,4089576
93448,3779386
88640,4243330
83576,4002170
86632,4102893
40395,4516928
40821,4411817
1464,5407608
92255,3982465
109328,4466047
110356,4518232
37191,4339647
37414,4392219
3148,22
3147,16
97619,3985924
98354,4089576
41622,4358151
101712,4250567
62898,4077568
62989,4091517
63226,4091517
113298,4707230
113380,4757903
44459,4829744
43488,4777170
55207,4025205
56000,4051023
47954,4397231
37314,4234539
87527,4206967
88230,4187225
67109,3846853
67117,3899425
48705,4341847
48706,4289273
37413,4444793
40200,4516931
40522,4464377
92973,3779242
42569,4515507
43392,4725407
3150,14
3151,22
10292,4768064
41997,4410557
94338,3831960
3144,14
53506,4053698
54164,4010921
56987,4208450
55949,3998682
1388,5617796
1398,5512684
92240,3713878
88533,4138789
101585,4145493
50664,3983258
50767,4016635
92481,3668388
109742,4518621
4932,4540723
4112,4488149
2024,4935330
81960,4004094
1972,4987768
1926,5040214
1732,5302590
50265,4134969
62648,4147720
62561,4095146
1852,5145176
1886,5092668
1754,5250087
1802,5250126
1854,5145130
1804,5197600
41692,4305664
40358,4464381
53524,4033577
54428,3985787
10124,4820620
10600,4768086
60869,4019109
61236,3966542
15488,4726172
112442,4654676
92974,3831313
94926,3831816
44499,4778930
43542,4726356
43450,4777871
42019,4463024
109408,4466710
62301,3994212
38770,4237195
96915,3934059
111837,4655916
96380,3882921
101535,4175100
3120,22
3119,16
50060,4029902
61397,4071683
96436,3935495
3129,22
3231,6
41384,4253245
112550,4705353
113624,4808523
98108,4038498
1369,5565239
1440,5460136
111678,4655916
44571,4727228
43598,4674654
35298,4180866
50922,3977325
43490,4829744
63741,3933737
79785,3958308
11170,4768130
42595,4568098
42083,4515524
34117,4235658
35283,4230438
41092,4306726
50789,3997739
62721,4147720
51408,3925342
67050,3794285
114970,4913663
114578,4861089
9882,4873183
10348,4820642
48911,4186717
48925,4134193
60870,4071683
60654,3966548
41015,4359276
41722,4304859
101133,4180527
63518,3881354
50671,4013872
50917,4048114
86762,4152252
50647,3963473
44629,4674792
43690,4622218
43544,4778930
62990,4038947
35845,4270455
62117,4012903
62511,4042576
42575,4620587
42119,4568013
50100,3977430
33972,4288228
49851,4081691
48863,4236701
35320,4225261
79299,4050808
79300,3998234
112580,4755973
60656,3730303
79515,3998306
79516,3945732
63464,3877834
1377,5512691
1458,5512677
112565,4806131
4705,4489269
43600,4727228
78841,4155830
78842,4103256
79089,4103316
79090,4050742
40756,4411833
64535,3933737
77927,4313408
77928,4260834
63797,3881685
115085,4966233
114932,4913659
78219,4260876
78220,4208302
1370,5617813
78461,4208350
78462,4155776
60913,3913982
77588,4364372
77587,4311798
14760,19
14759,13
76440,4627140
76439,4574566
77030,4469462
77029,4416888
64832,3926258
77330,4416914
77329,4364340
42607,4673061
42159,4620487
60621,3756316
63291,3934082
51267,4097866
14010,4724437
49970,4131675
86280,4203915
86838,4204826
87182,4201402
76752,4522016
76751,4469442
14732,11
14796,19
47953,4449805
48337,4449801
76574,4574576
76573,4522002
4718,4580047
2547,4571695
14731,17
14619,13
56458,4074239
75974,4679710
75973,4627136
1572,5512756
1552,5460182
81977,4050479
81657,3998066
81955,4050397
82235,4101338
82270,4099313
82709,4153607
82801,4151583
83012,4205935
42275,4673467
43894,4569811
48395,4502375
1556,5407669
14620,19
83270,4258213
83282,4253961
60653,4019122
2503,4661064
44717,4571545
44000,4518971
86128,4254921
86334,4256489
42699,4725256
42195,4672682
85250,4439601
85068,4491949
85440,4397133
85548,4413313
84940,4518134
85220,4449483
2470,4723590
86008,4304899
86216,4307495
84668,4511224
84950,4570708
85552,4360822
87408,4251971
87612,4210117
84530,4461648
84878,4518128
85828,4353663
86070,4357473
63100,3986381
63495,3986644
50360,4027672
14621,19
84008,4411537
84624,4508842
89661,4022683
89607,4022485
89776,3970312
89837,3970445
90735,3918295
90487,3970701
90782,3970859
92133,3865742
85936,4406237
90261,4023001
90562,4023265
90342,4075565
91870,3813186
1934,5092755
33971,4340800
110544,5065976
110528,5013402
83746,4361124
84278,4459074
1890,5145209
107515,4702660
107516,4650086
90006,3918028
85700,4344732
115148,4966233
48723,4184215
83520,4310346
84012,4408909
1858,5197671
83366,4310787
42501,4568973
83740,4358318
48340,4502375
1808,5250141
107767,4754580
107611,4702006
107997,4806604
107853,4754030
9881,4925738
1768,5302623
105480,4650486
105479,4597912
105688,4545421
67972,3763299
67971,3710725
87784,4260735
88096,4217245
42737,4776977
42233,4724403
108227,4806319
108181,4753745
108527,4909898
108528,4857324
80015,3846554
80876,3846527
2796,4527441
110527,5065976
112137,4855787
112615,4856921
53462,4072892
95913,4181298
95883,4128724
111302,5117690
111260,5065116
111041,5012550
94197,4077834
94198,4025929
80938,3896170
62805,4090792
110509,4960836
1394,5512704
1474,5460173
10005,4873203
53473,4053703
53786,4086076
92709,3872229
92521,3819655
52586,3956187
53334,4059120
95780,4076879
44064,4466547
57163,4313586
57079,4261012
88176,4246552
88370,4222344
92054,3761057
92107,3717250
62971,4089328
62972,4036754
108953,4909083
108948,4857180
108582,4805339
80037,3896196
112795,4907694
111634,5006951
15520,4726217
88434,4225168
88686,4172981
90836,4023433
94492,3973961
94578,4025928
90618,4075839
111907,4957768
111908,4905194
90416,4128139
80053,3945753
80998,3945690
44871,4466672
44134,4414098
61668,3978519
62420,4065477
105706,4597995
15469,4723955
1706,5407725
1705,5355151
113459,5168999
113460,5116429
115275,5221573
115318,5221573
95688,4024966
98866,4129453
44066,4519121
13487,4777005
14172,4777005
9863,4978306
151279,4393374
80105,3994645
1362,5565226
94780,3921940
53453,4089685
53613,4106184
79716,3994627
109455,4961969
109278,4909395
57107,4313578
2504,4630922
111732,5008538
111731,4955964
79454,4047129
57254,4366148
57256,4418722
57366,4418722
63274,4039212
63605,4039212
2410,4692336
112649,4957421
113049,4956961
79196,4099637
109564,4961742
109390,4909168
42335,4621435
78982,4152151
1361,5617800
106018,4545447
105834,4492873
17111,4778644
65073,3963541
65490,3907962
95531,3972996
78602,4204671
82989,4201530
113720,5063863
114470,5169003
57109,4366152
112852,4954222
53354,4108547
53558,4142166
60702,3832279
60664,3779705
54093,4038292
55012,3957872
78332,4257197
108461,4753137
17032,4776388
82410,4144381
44208,4361630
48724,4236789
56855,4220723
90100,3865580
108645,4805031
42598,4516541
65013,4009111
65090,3949920
77976,4309729
60627,3805627
60928,3828915
65033,3956620
50052,4079203
89824,3970133
57935,3607971
63655,4091786
83513,4358774
83514,4306200
93291,3923417
93127,3870843
89608,4022236
112650,5009995
112876,5006416
88950,4121069
77361,4416914
88550,4220357
60466,3807290
88328,4272191
57960,3655611
64562,3978772
41363,4357188
42062,4356455
9938,4925770
60867,3854747
9864,4978338
105293,4388424
105191,4335850
77091,4469462
108985,4857072
42338,4674009
45011,4362734
44282,4310160
1772,5302649
101071,4233077
76811,4522016
1336,5512731
113315,5005962
53744,4138569
53966,4063639
1709,5355177
114972,5116437
100882,4024542
109592,4856634
80203,4039611
85041,4554368
85042,4501794
62941,4070567
13488,4829579
13626,4829573
43057,4569115
53594,4158671
53713,4158677
76451,4627140
63358,4091780
57772,3658019
43265,4412517
111488,5059521
112262,5059525
150844,4528560
63773,3934078
64215,3930184
1560,5407695
2306,4806878
2272,4754304
75976,4679710
53438,4160988
63047,4122948
110822,4804125
57793,3705230
100963,4284653
103138,4285651
56785,4179256
56952,4273297
41237,4409358
41499,4409121
112878,5058990
113120,5011596
54194,4090809
53911,4153986
150847,4619159
1484,5460199
63625,3986478
64210,3982617
107472,4702135
41133,4461490
41376,4460955
53472,4194554
53670,4211167
105679,4440317
111487,5112095
112144,5112095
107471,4754709
56638,3707619
14202,4829579
41041,4513560
41265,4513226
100964,4337227
63273,4091786
44422,4258529
35301,4274809
36674,4273942
42463,4569111
42688,4464084
53877,4175072
94601,3922649
40931,4565562
41170,4565292
56498,3754673
1335,5565305
56863,4284396
56815,4231822
115278,5117050
115130,5064476
67973,3744987
68232,3662591
36661,4323340
53982,4116157
68901,3664910
68609,3614999
68998,3717383
69355,3714517
57501,3917545
56983,3864971
40815,4617511
41085,4617292
54032,4168676
107409,4649579
56703,4126742
114940,5116699
113868,5064125
60276,3859862
68670,3567011
1337,5565305
67554,3770018
68234,3705419
40701,4669124
41058,4668680
52170,3906259
45175,4311103
2830,4566806
2542,4598904
42464,4516654
9866,5030912
111139,4909261
111051,4856691
111816,4961835
111957,4961835
85782,4292987
62283,4039357
62911,4143249
42812,4463192
53694,4263589
100945,4232846
62927,4159524
63323,4089008
40549,4719553
40937,4719148
52135,3925010
2506,4683220
53450,4142225
82185,4142208
82186,4089634
53987,4206466
54168,4143342
56859,4284392
53570,4211194
53746,4243384
113347,5011335
67555,3730781
50502,4077318
52243,4147995
60903,3902937
61240,3925992
82701,4246808
82702,4194234
90034,3917883
90062,3970265
111724,4909265
2123,4817502
2124,4764928
100861,4180995
101946,4285420
40461,4769790
40802,4769408
66490,3755500
53357,4122600
82466,4141954
89112,4069101
93023,3871503
56939,4336966
107377,4597031
56763,4098706
89156,4064154
51426,3975319
52557,3974938
88815,4173577
114062,5011906
115480,5117050
40389,4819841
40601,4819747
88623,4168414
88922,4226151
61059,3951384
108211,4701190
108067,4649195
88792,4116387
150828,4580888
88085,4272143
88454,4324765
63547,4038756
63709,4039044
63428,4144354
45072,4102142
45671,4102688
107378,4649605
53915,4191186
54129,4182754
87879,4267830
88334,4220194
105405,4388096
106512,4492484
40301,4869664
40490,4869602
92358,3768391
17112,4830860
91211,3855175
53840,4227572
53592,4190971
53810,4279866
88078,4271989
87629,4260666
13776,4882147
10136,4978344
87840,4267631
113675,4959460
100862,4233569
91409,3803063
86905,4282455
80325,4037253
41713,4408633
79756,4047201
17031,4828665
40227,4919268
40421,4919226
83000,4226316
113073,4959436
2595,4670781
150825,4652421
86727,4333397
87114,4290270
66406,3869986
66459,3793577
64851,3978604
110217,4752320
112292,4855892
65234,3915557
51105,4233515
50705,4180941
113174,4907740
86577,4383811
86898,4340712
44474,4206430
44684,4154314
44969,4154020
86281,4387270
86702,4387327
56862,4336966
53358,4174288
53467,4100676
40127,4970109
40338,4968434
41606,4460427
106449,4492695
107328,4544540
86131,4345272
86322,4439844
2624,4565409
53456,4151344
53881,4243718
54077,4168315
85989,4293301
86288,4293428
100852,4129074
86140,4241330
66210,3805340
56623,4066458
56811,4067474
50054,4131777
50222,4129579
66341,3845884
66188,3840245
41359,4564977
85832,4240950
62733,4195819
39773,5022354
40224,5019187
65973,3894843
66035,3898377
53706,4258127
63988,4091614
63805,4091614
64068,4144188
63221,4136908
60275,3912436
2007,4782253
2008,4729679
64196,4035140
64504,4033118
54223,4141879
42574,4515762
83104,4278525
113252,4960034
94686,3923275
100851,4181648
82730,4246808
103074,4232516
102980,4179942
51205,4286008
50831,4233434
56293,4032533
56188,4042710
56517,4086955
63647,4091326
65725,3940322
65981,3947350
41155,4668953
82494,4194528
53735,4295889
53937,4258869
82226,4142208
56632,4109967
56567,4057393
106184,4440486
108382,4545269
56657,4069340
56835,4019538
109370,4596467
108445,4701769
1964,4633443
150827,4633452
2579,4625616
65104,3964174
65717,3992816
65049,3987401
44336,4258224
105192,4388424
65941,3996357
66010,3950879
90928,4022839
56095,4063292
56128,3990253
114858,5222354
114620,5169784
115518,5274928
115641,5274928
39673,5073126
39882,5071438
56226,4054842
61062,4003958
61333,3982117
43958,4309807
44589,4205761
113254,5012608
113294,4960134
53759,4272083
54015,4234690
93044,3872098
95012,3975723
65115,4016664
64999,4008978
65019,4037111
64990,4061439
53652,4205697
80389,4023427
89984,4022418
39565,5125317
39775,5122090
65936,4048897
64844,4031110
100872,4077092
101736,4181648
90066,4074988
56705,3967836
56883,3968195
114396,5117220
115388,5222190
56097,4115866
104679,4283564
51884,4025204
39423,5177425
39685,5174439
40703,4819524
56278,4015445
65635,4045363
65715,4045321
62734,4248393
41248,4616996
41481,4512494
53600,4153183
53701,4219571
114136,5012138
89256,4011972
65257,4097883
65631,4097871
42928,4461935
54049,4182141
55994,4021788
112628,4908176
113462,5012254
114222,5064690
115336,5169626
92990,3820266
55946,3969446
53773,4285284
39299,5214149
39605,5226549
2797,4579310
41386,4564515
110218,4804894
43476,4360997
44235,4257340
64500,4085600
56735,3916061
56919,3916089
101730,4129666
65255,4150239
40463,4919049
39221,5232301
39475,5247968
63845,4144188
37126,4378989
37125,4326415
53638,4167058
41295,4616474
56516,4016851
2569,4660867
64836,4083587
114836,5012804
63649,4143900
63735,4143900
62879,4248393
53781,4232737
54073,4153947
39127,5249193
39459,5248527
40500,4966648
72897,3765282
72960,3763814
113931,4907543
106848,4492751
77648,3972929
77647,4025503
79166,3920357
41176,4667427
100220,4076659
102293,4076232
55890,3927732
114420,4960252
62706,4249632
62705,4197058
95014,4028297
95082,4026584
39019,5246878
39305,5246250
41081,4717796
64180,4087655
56789,3863698
40400,5017322
55918,3980086
42206,4408180
56677,4018510
51297,4338479
51084,4285905
43096,4411708
43781,4308530
110388,4753006
110387,4700432
85563,4293269
85944,4189053
92116,3817833
38933,5201557
39209,5200977
61484,3974278
53805,4206473
54147,4113060
40966,4767992
85365,4345562
85628,4241386
2328,4701749
91921,3766682
85143,4397740
85448,4293700
1647,11
1648,7
53587,4075290
84785,4449596
85226,4450314
94074,3975455
95830,4078117
56601,3966099
64626,4188677
64620,4136103
53582,4112256
38857,5152976
39045,5152778
40574,4869401
40837,4818008
93344,3923262
65820,4097874
65817,4101417
84555,4441064
84974,4398030
106541,4545321
107820,4544528
62627,4144488
62829,4249632
50508,4128437
65087,4066448
65144,4069010
112802,5012514
113552,5012357
83843,4430923
84744,4449856
85161,4398773
85162,4346199
56825,3812534
38779,5101334
38963,5101167
40750,4867786
91064,4127562
65709,4097807
53721,4180315
43371,4359241
41857,4460342
83539,4381036
83986,4462595
65537,4150411
65629,4150349
40066,5069576
38715,5049548
38899,5049397
40615,4917335
83359,4330633
83662,4432285
88973,4116881
88974,4064307
83478,4381239
65403,4202791
65532,4202907
64492,4137926
53985,4060561
64179,4140229
82879,4330153
83190,4331099
41736,4512088
82617,4349124
83030,4380290
38595,4997643
38806,4997251
56635,3914823
39971,5120172
56336,3964403
56563,3964435
90067,4127562
65396,4241034
53646,4127806
102563,4128090
103435,4231691
82321,4337527
82736,4348349
93330,3922138
42776,4409468
64604,4188409
81993,4285309
82478,4336779
108795,4596611
109618,4648639
109878,4648483
55958,3947569
65245,4174052
115726,5274764
41623,4564281
81775,4233092
82088,4285600
86549,4397932
86550,4345358
39767,5224826
64825,4113963
81359,4180767
81864,4233408
38253,4945701
38713,4945281
112952,5012378
113630,4959971
88553,4220905
88554,4168331
115122,5065340
49035,4179703
50354,4178576
81161,4128413
81512,4128906
41530,4616306
80913,4075954
81310,4076545
56396,3911935
81034,4024084
63235,4185358
106542,4597895
113008,5012972
112696,4960398
56653,3862402
41417,4667985
56189,4095284
62430,4091921
62530,4144491
80577,3971572
39575,5265947
61479,3974589
1496,7
1690,11
113983,4855644
56619,3914225
63247,4237932
63759,4203555
41398,4717523
115260,5117740
107645,4492393
107602,4545154
107601,4492580
51292,4338339
56492,3861693
106757,4335595
53986,4113135
54234,4008038
64397,4242864
64398,4190290
41289,4767771
103227,4283969
114548,5012788
56227,4107416
38177,4893651
38364,4893303
113209,4803744
114081,4908006
2400,4668260
65626,4202730
56628,3760036
65818,4055810
65707,4150293
41164,4817828
107476,4440502
107475,4387928
62034,3986927
106712,4597895
38099,4841546
38275,4841249
2590,4630386
107495,4440187
95056,4027013
2437,4622986
64402,4139990
114630,5065188
53823,4259047
56548,3809869
40999,4867837
38031,4789383
38195,4841454
39129,5152459
56279,4068019
39682,5246274
39873,5172349
51126,4389685
61991,3984696
101406,4128349
64490,4188171
1495,11
1610,11
42308,4459554
89374,3959747
40858,4917412
92574,3870255
93842,3974589
37959,4737131
38123,4789318
39785,5193797
41991,4511720
102909,4180375
114169,4908230
40767,4966743
51337,4442259
38955,5049131
37885,4684833
38063,4737100
39697,5213470
64816,4166309
56337,4016977
41956,4562978
102806,4180427
103083,4232136
64976,4113548
40662,5015654
39633,5229925
112538,4908888
112537,4856314
38974,4944781
37775,4636467
38047,4632399
41705,4615818
84126,4441714
49036,4232277
83858,4431551
65385,4226582
103006,4232192
39471,5197043
56210,3957644
83596,4399912
40488,5066161
37645,4587914
37956,4684882
55903,3895215
115266,5170097
114744,5117523
38869,4892809
65621,4226549
103350,4336155
39335,5151608
37523,4535729
37882,4636541
113547,4856095
114251,4960633
41503,4718326
103260,4284171
103596,4388604
55026,3926398
56377,3853443
85980,4137143
65928,4003394
112540,4908888
94664,4079325
56258,3909832
39034,5100869
39237,5100129
85734,4189481
37373,4483511
37682,4586320
111187,4752581
111188,4700007
65920,4055876
85542,4241798
105618,4597434
105617,4544860
66002,4003387
39151,5048479
53799,4034701
103486,4336691
103908,4440837
115749,5274883
115520,5222309
37321,4431202
37555,4534101
53776,4059788
82496,4316871
62774,4197101
62680,4144532
63052,4197101
40180,5118486
56328,3858033
39051,4996709
64395,4238572
82168,4233430
44893,4153787
44703,4206133
45197,4101275
38542,4840829
64485,4218486
81972,4181229
37229,4378832
37434,4481783
64680,4218746
64677,4218511
85325,4346602
85326,4294028
64806,4166087
114864,5169743
42362,4509994
40083,5153816
103788,4388987
105576,4492907
2297,4674512
91597,3812530
38457,4788773
41609,4667804
41853,4615016
37331,4429408
49153,4229039
44587,4258320
45001,4153626
83130,4348105
95952,4129168
41067,4867735
91898,3870048
110825,4648053
112744,4751903
39993,5206123
113749,4908536
114917,5012905
82824,4296442
38263,4789149
56630,3812610
41742,4666660
92408,3922457
82552,4264675
37165,4378976
95745,4181684
98472,4180157
44449,4310387
44758,4258193
94456,4078192
95451,4131102
93844,4027163
94110,4026554
39895,5242653
62486,4039402
41641,4717096
56464,3755994
51415,4544761
51265,4492187
44343,4362326
44635,4310252
65242,4121510
40845,4966691
108125,4387651
16114,10
16113,10
150940,7
2095,4726560
2169,4726044
39811,5262700
106050,4545167
105962,4492593
57017,4475968
56891,4423394
61495,4037258
63947,3961777
38105,4684720
41564,4767378
44201,4414047
44490,4362146
42025,4562115
65620,4174004
40866,5049134
95172,4129959
39807,5245280
49562,4229755
50341,4228477
65704,4188398
65802,4104827
107632,4440025
115196,5169871
65804,4108272
42540,4560130
41409,4817478
44051,4463310
44392,4361755
62596,4091964
62871,4197106
79168,3972931
79922,3867789
40678,5084112
95479,4182318
96378,4234258
39693,5200085
15994,10
15993,10
150939,7
65912,4055911
150821,4704989
37167,4431550
37197,4431517
115357,5274664
43933,4515072
44231,4411112
41300,4867331
89137,4012269
89646,3907485
110826,4700627
39613,5151636
105243,4597322
105244,4544748
88901,4064789
89272,3960011
92616,3974760
93850,4078947
88655,4117193
89090,4012533
40985,4917338
41191,4916977
43791,4566676
44090,4462985
88447,4169549
88718,4169767
39369,5100379
38185,4736977
38367,4736656
88187,4221843
88544,4169790
37778,4636712
1948,4684942
87935,4274021
88272,4222113
43623,4618128
43967,4514894
41100,4966388
68246,3468286
96254,4234892
68207,3478459
39263,5048689
87183,4302477
88034,4274347
82594,4244543
85996,4085123
107351,4492292
37199,4484091
37237,4482039
40320,5136406
57185,4475912
57132,4423338
63449,4311956
63450,4259382
38285,4684483
43485,4669243
43844,4566481
41007,5015481
112683,4908551
39171,4996854
63169,4249675
87005,4295121
87452,4274188
38203,4632225
40249,5170597
86805,4242653
87214,4302555
37542,4532233
43369,4720010
43683,4617891
86617,4190173
86972,4295196
62831,4144533
39080,4944757
80599,3919664
86209,4137645
86672,4242747
112552,4856975
112551,4804401
40055,5240848
38133,4579928
65075,4051895
37245,4480004
37559,4427467
65118,4118895
51125,4439630
43239,4769997
43650,4668688
37242,4322476
49281,4278692
86318,4190192
98592,4129038
100162,4129111
100800,4180655
1513,4779130
37239,4534613
64673,4194479
102763,4232861
38967,4892766
103008,4284766
64965,4089548
86030,4033078
1947,4737516
1949,4737516
94981,4130488
96184,4182533
64396,4291146
38054,4632429
103094,4336280
43093,4819073
43491,4718768
37269,4427538
37219,4371690
65701,4202665
109503,4544019
109305,4491902
110559,4596263
110649,4596056
113752,4961110
114263,4961110
44864,4205884
50758,4488802
54238,3955805
39877,5280179
104032,4441339
56386,3805604
64663,4141952
82622,4192473
111191,4700627
37986,4684941
115301,5222437
115734,5327238
104033,4493342
42987,4767155
43361,4767904
52958,4005989
2636,4777582
112362,4909326
112361,4856752
65998,4055890
93012,4026634
37658,4584508
37906,4636606
42887,4715139
43176,4817127
49563,4282329
49630,4279513
44606,4310028
10509,4820700
98309,4232415
37271,4480112
37393,4374988
52917,4024740
37823,4584418
115738,1
115737,1
42767,4662797
43011,4765064
44650,4309373
51317,4544564
38658,4840836
106634,4545481
111309,4648630
115728,5275011
49062,4429947
49061,4377373
56431,3805266
37692,4479838
42671,4610413
42912,4712820
45399,4048755
51539,4698196
51525,4645622
44477,4358789
63231,4207172
63584,4259096
38573,4788806
80619,3971956
40736,5066034
56320,3902674
52282,4076892
52432,4074541
51245,4596738
51395,4594931
39982,5260915
40173,5222873
56475,3803818
42824,4660394
39477,5100202
82291,4160441
82706,4203236
44374,4410764
63294,4049643
38485,4789007
56368,3854662
82019,4108117
82386,4171993
45179,4101109
81563,4055729
82222,4119622
40105,5242586
97994,4231321
98752,4284989
51465,4593061
44059,4514706
81349,4024437
81718,4067215
115552,5117610
38381,4736892
56414,3853019
42197,4612175
42602,4610442
88668,4117455
44712,4258000
45038,4153353
81404,4077011
51377,4540509
108951,4439725
110333,4544297
40001,5243351
88444,4169811
39243,4996733
51523,4696668
63678,4206532
64023,4194303
110430,4596438
111695,4648731
102764,4285435
38301,4684705
88170,4222103
94920,4077973
95769,4183062
61183,4089826
61874,4089825
81263,4003299
105003,4545174
106966,4544385
44889,4205482
39929,5199468
102745,4284995
39268,4892487
56754,4370872
64017,4222204
97263,4232903
97264,4180329
43819,4617636
65693,4238381
65796,4157199
40366,5118328
38401,4527626
51517,4697175
51721,4749242
65786,4209760
65896,4108325
44744,4257514
97082,4129100
49727,4332087
49700,4279531
50486,4278093
40924,5082056
39815,5151076
65892,4160886
39161,4840459
77427,3815826
66000,4108464
114920,5065479
38130,4684961
100190,4181371
85835,4085601
86162,3980947
99888,4233725
100578,4233076
104044,4545916
39715,5099630
42109,4663163
42266,4662494
91630,3916389
85611,4138093
85992,4033471
85443,4190581
85816,4085977
111601,4648879
63585,4311670
51246,4649312
64941,4142102
64958,3989512
85265,4190740
85470,4243155
65053,4016391
102746,4337569
50692,4536975
85069,4242992
85394,4138451
39348,5048545
39645,5048047
42005,4715169
42220,4713244
57077,4370829
57619,4370776
100242,4285437
102768,4336600
84933,4295186
85216,4190703
105006,4597748
84201,4347456
85016,4242895
42660,4660373
10510,4873272
92267,3973382
39507,4996302
97773,4282121
98710,4283895
41931,4767068
42135,4765349
101798,4232789
68223,3527882
43248,4817441
43948,4566255
44243,4462588
37771,4532179
68268,3517646
83979,4369505
84342,4347513
37835,4584579
39391,4944429
38810,4788516
41841,4817732
42046,4817256
99887,4286299
51509,4644623
51775,4749749
83675,4338900
84102,4338968
111768,4701305
53819,3982451
44104,4514252
111974,4909198
83447,4339011
83850,4286795
109992,4492104
111497,4596722
45701,4098471
83187,4286665
83504,4391585
38761,4736479
82969,4234213
83272,4234372
41711,4867746
41969,4868708
16208,1
16207,1
43977,4565730
42998,4763719
61184,4142396
61457,4142393
83050,4181848
68968,3669693
69005,3719819
1334,1
1333,1
82778,4181782
88885,4117638
88886,4065064
68938,3619570
82474,4150986
49284,4331266
49335,4328092
38549,4736853
41611,4917579
41952,4917453
150822,4757563
1437,4757561
45509,4150815
42332,4712308
68686,3619388
97294,4181450
43864,4617043
109730,4597081
109729,4544507
43028,4709985
115231,5065084
68945,3670759
67980,3842883
67806,3895438
67990,3790311
113292,5065771
112730,5013197
65784,4259957
45202,4204390
41475,4967164
41849,4967093
86771,4295292
86772,4242718
67805,3842866
43695,4667246
99522,4285185
65884,4213416
51503,4643276
51823,4592156
42880,4709865
38371,4632460
11282,4925846
37837,4637153
37865,4636791
45067,4256495
41381,5016520
41718,5016475
112294,4960922
63541,4154462
63903,4274772
63994,4171384
63825,4327344
63878,4223952
63826,4276524
43523,4716474
38170,4370835
97714,4230964
99285,4333820
49812,4329096
1514,4831704
1516,4831704
50690,4484479
51057,4589489
44920,4308458
41271,5065490
41553,5065716
37879,4687090
38164,4685166
65093,4068850
65237,4171413
43140,4815829
43394,4765483
99848,4336897
64496,4299818
64495,4247244
38147,4419885
65223,4121368
65607,4223913
64763,4194672
44794,4359101
41167,5083507
41414,5083777
101057,4285129
102252,4284785
43279,4814263
113360,5065889
113244,5013315
97296,4234024
37867,4689365
111973,4961772
91077,3860531
65593,4276470
90142,3831798
64918,4094532
51491,4591534
44663,4408421
68278,3570026
41089,5099998
41317,5100297
90813,3907510
42528,4761914
65689,4290936
43184,4762159
68241,3580196
46374,3995581
38469,4684697
38683,4684394
37913,4685348
38182,4632955
51333,4591276
1438,4810135
92816,4025916
92954,4021403
93262,4078459
114500,5222959
114344,5170385
92152,3968869
41218,5115709
44512,4460415
111210,4544511
50686,4431978
50985,4536989
51809,4539656
53790,4007508
42428,4763019
94248,4131033
37899,4737689
38587,4632234
54011,4007407
44397,4512379
69172,3719257
42207,4816238
53994,4029989
40503,5079570
41012,5115981
67998,3737743
56934,4318306
37901,4790263
51483,4589419
68380,3621346
93348,4126416
97491,4273925
98722,4282696
113672,4961333
38491,4579993
49409,4380003
63550,4207237
63232,4154663
44270,4564103
68782,3669347
115722,5170184
67807,3790298
55358,4089812
55128,4078489
55516,4048125
51427,4588353
37931,4633083
38210,4580635
102229,4337268
44131,4615637
104421,4493143
104360,4440569
115712,5170184
42013,4918525
51867,4488374
51675,4435873
51893,4540948
39177,4788507
44122,4666791
83454,4181958
106881,4596416
109392,4701456
109391,4648882
45322,4203148
114270,5118473
114953,5170074
83212,4129434
86320,4242766
65782,4305317
49874,4327515
82788,4129399
43989,4716984
40427,5028107
40582,5079976
50759,4537012
51103,4589113
65882,4259986
109624,4596686
100122,4387392
38228,4528185
50618,4328539
49205,4426436
82980,4076971
40343,4976698
40526,4976441
43835,4766150
45030,4307366
57871,4471443
57817,4418901
58027,4471406
94644,4178990
104806,4544418
109105,4648803
100115,4385339
100934,4336672
114987,5117601
115489,5117195
41076,5079495
38797,4736506
39217,4840949
40239,4925168
40455,4976959
43554,4815303
114133,5066232
114903,5170210
113026,4909978
113025,4857404
51931,4385496
51765,4332922
45100,4307299
81343,4014735
51341,4640865
84424,4295013
41615,5065682
42128,4868038
42327,4814982
51299,4588365
84180,4286472
68010,3685179
83982,4234305
40153,4873482
40376,4925426
43423,4863957
57430,4318215
78136,3868364
45915,4046573
80641,4014821
97708,4325595
93026,4073902
111846,4596744
111578,4649076
51383,4535849
42236,4866763
44927,4356617
38229,4580759
38272,4475650
63978,4119202
67809,3737734
113265,4909360
113928,5013793
93118,4126298
43312,4811819
40069,4821637
40277,4873728
115096,5170071
102197,4389682
102524,4389842
45697,4098911
41403,5100327
42145,4917207
44782,4408656
82407,4024544
38842,4788967
39249,4840965
43214,4759523
39979,4769707
40254,4769661
94797,4226133
94798,4173559
103392,4388444
112912,4857930
112911,4805356
40688,5028279
95663,4328645
95664,4276071
41426,5079274
44481,4512582
42056,4966870
45178,4255307
45546,4151188
101022,4337588
92137,4021312
65328,4226497
65325,4173925
65512,4278997
39871,4822097
40165,4717699
43006,4759508
38273,4528224
38292,4423100
38721,4684432
45379,4203349
41973,5016310
65505,4226425
65683,4328994
41282,5027768
91209,3912225
114727,5118264
78976,3920938
39793,4874453
40079,4770109
113218,4909978
44253,4615691
38860,4789014
39285,4788618
45206,4255411
38583,4632286
38754,4736911
38361,4475351
41862,5065377
52011,4333045
51851,4280471
63376,4102099
63670,4207011
94031,4278565
94032,4225991
39691,4926757
39918,4874774
103133,4440745
38389,4527739
79354,3973472
78304,3920898
64484,4199668
64482,4147202
64744,4147098
46456,3994812
115254,5170173
92077,4068892
92310,4073832
41512,5083772
41753,5083521
101477,4440907
102189,4441969
46389,4045227
64742,4094632
38489,4580044
38608,4684786
39627,4931728
39824,4927096
112158,4649098
93420,4178561
50016,4375791
64910,4042066
109296,4700875
68053,3632621
68343,3630438
41634,5100133
46475,4044295
42634,4811644
68082,3685045
80139,4067357
81928,4024639
38520,4632545
39483,4889204
39753,4979373
38904,4736653
39321,4840456
38776,4736971
86177,3972567
87712,3988224
63539,4259579
63818,4171722
40884,4976429
41547,5115756
50713,4484487
67683,3790158
63807,4224290
108845,4753923
108846,4701349
42550,4812859
38431,4580199
39650,4932089
63965,4066760
95984,4275362
96062,4275382
96456,4222842
94486,4173997
95002,4121572
95152,4224951
40322,4419291
62594,4142399
43674,4815631
40786,4924642
67684,3737600
51545,4589117
51529,4536543
95246,4224924
94682,4121640
44381,4564228
44667,4460571
95738,4224231
38640,4737208
42455,4864949
112160,4701672
112454,4701106
51637,4539769
51603,4487195
115704,5274903
115676,5222329
39499,4889522
114609,5066057
92698,4126282
115538,5169761
115699,5274903
115702,5274903
112162,4753246
40505,4925280
40273,4462518
44534,4512323
65008,3965861
50685,4379480
38564,4684947
42350,4916752
56753,4423446
38802,4684598
93019,4231196
93020,4178622
51365,4484460
43398,4862594
44415,4563900
49383,4479010
38473,4632471
42255,4968119
53078,4056622
113107,4857353
92015,4016969
92456,4121429
40349,4821779
97348,4326391
43462,4808810
44288,4615278
65831,4381568
79723,4046517
81422,4077175
94444,4174169
42242,5016338
55594,3995556
112776,4753230
113202,4753245
52035,4281514
51949,4228940
53033,4075868
57748,4366359
98952,4377283
44151,4665550
115341,5169679
115543,5169239
100031,4428441
114527,5014080
115283,5117825
42141,5065466
64481,4199776
43210,4808905
113519,4910144
113232,4857726
113522,4910091
114471,4962065
104560,4492563
44007,4714780
49353,4474896
42032,5083655
57124,4265747
50739,4430437
51347,4431967
107175,4754438
107104,4701864
96256,4171668
112964,4805280
43527,4864385
43890,4763744
100066,4480909
78564,3973315
41891,5100467
58510,4468827
40445,4873628
40683,4873096
115395,5117385
115685,5221813
54021,4058066
39990,4822580
115185,5065929
52087,4229160
52049,4176586
50579,4376687
43729,4812503
53533,4050000
54000,4080648
95514,4172367
41784,5116129
51050,4427689
79275,4036360
81008,4025110
40530,4821393
102512,4494543
42778,4861043
54355,4030528
102190,4492816
43572,4860984
57070,4213250
53540,4100659
54308,4055554
45023,4406172
104393,4544895
51422,4484053
93336,4174341
95153,4173370
41667,5079671
39813,4927281
95176,4120844
40449,4769540
64737,4147157
64734,4094583
42734,4862402
115028,5013964
115125,5013942
78910,4025889
41576,5027840
39617,4775945
39618,4723371
93054,4121997
51582,4434138
51747,4384455
89209,3959719
94877,4069110
68094,3737463
39830,4927427
42523,4915700
40380,4717604
108452,4753846
109560,4753724
99188,4429740
94532,4016580
51658,4382750
55175,4037240
55742,3942993
52653,4126784
92106,4069515
92680,4069507
41408,5028157
82697,3972484
39709,4932356
40263,4665577
52614,4197212
51752,4330350
61753,4194967
17116,4883429
67692,3790091
42341,5017685
56424,3902079
108022,4754042
108716,4806420
78565,4025889
78894,4024462
92430,4016975
80608,4046940
55127,4025920
40191,4718006
114036,5014826
113730,4962252
1401,5667144
1402,5614570
51842,4278942
105846,4596779
114800,5065480
115464,5169941
52213,4124869
52652,4124190
17033,4881234
64351,4171615
64345,4119041
56369,3904390
91899,3964424
89125,3988520
51930,4226597
39892,4874964
40110,4770415
51113,4428393
51314,4482922
57069,4265824
45160,4354373
56486,3950991
56322,3954854
109584,4754175
40016,4822803
41044,4924880
56381,3953566
114196,5014575
113954,4962001
63540,4312153
45159,4302163
102192,4490656
102928,4545390
39939,4875143
63809,4276864
57642,4313868
57964,4418863
109562,4806298
110324,4805942
40918,4873000
55768,3995227
43284,4857860
64342,4066473
83505,3920369
49983,4424969
114946,5118036
115524,5222501
63950,4014262
64240,4119334
41981,5100530
42439,4967415
42643,4914359
49441,4473972
49995,4477533
114418,5014099
114174,4961525
40811,4873442
90637,3959958
53511,4069002
64720,4042015
78357,4036598
80194,4036592
84738,3920500
86028,3972759
87547,3981332
53515,4119661
42564,4966049
114576,5013489
40708,4821706
53796,4078020
53086,4107423
53769,4097874
42465,5016250
55265,4089814
41751,5079800
57877,4468867
52190,4174115
40571,4769858
106862,4649331
49998,4530103
50285,4530103
50817,4530103
42866,4911649
42358,5065424
55225,3973357
115120,5170596
115638,5275065
41810,4976289
57000,4160782
57372,4263888
56140,4005202
56401,4002481
52613,4209784
40536,4665626
44979,4354266
45461,4249967
52078,4224877
87276,3981498
108957,4701649
51271,4480899
42261,5083676
113762,4909999
113761,4857425
104039,4493319
102194,4488892
7328,5455076
4480,5402502
103136,4493319
40453,4613529
41582,4976652
100029,4485741
110326,4858516
111800,4805692
44849,4406332
45242,4302080
114002,4909491
78358,4047122
79748,4047118
112252,4805820
43050,4910006
43358,4906752
42174,5100394
44715,4458299
44949,4458875
67886,3790021
68138,3789861
101478,4389827
102202,4532018
41865,5116226
42087,5116151
115661,5327639
67892,3842579
44607,4510022
44814,4510840
43162,4958938
89079,4008164
115300,5223160
115656,5327639
100694,4538315
41994,5079790
100025,4439909
58425,4521376
58611,4500639
44465,4560495
44685,4562561
57111,4261403
112336,4805573
67700,3842649
49397,4522895
49938,4522073
51547,4432608
49897,4570961
41903,5028097
41184,4925184
99895,4441677
99896,4389929
51403,4482420
44353,4609953
44708,4508528
97306,4327157
98513,4378575
51419,4534994
51619,4380127
48471,4526545
56999,4213356
99007,4430249
41148,4821192
94732,4068615
44173,4659099
44582,4558061
79351,4025449
43467,4955502
91995,3964799
40887,4821657
88738,3988633
51381,4431245
51537,4534994
57453,4311322
55567,4025752
112708,4805365
113598,4805271
64949,3938359
44067,4708029
44433,4607306
53045,4127815
90277,3865075
45007,4406717
43468,4904058
43943,4756569
44160,4760572
43235,5007717
96158,4120176
51679,4275457
65001,3913655
40691,4717884
81704,3972905
84197,3868233
43827,4804746
44027,4809110
44761,4510525
1403,5667144
1578,5562000
51307,4378704
51515,4483819
43236,4956299
57829,4416367
58093,4521431
64904,3913709
64954,3885777
55309,4055089
55599,4078322
43657,4852685
43916,4857285
56899,4108281
108076,4649101
115643,5328306
115368,5275732
37609,4980916
37603,4928342
56131,4046804
56289,4053510
43938,4801109
43041,5061234
43042,5008660
44887,4458725
45141,4354159
113072,4753373
41638,4924699
44990,4406167
57999,4468931
58269,4573940
101473,4441455
99881,4439843
56447,4049884
40793,4769847
41053,4769458
42901,5062054
42902,5009480
43738,4852593
55663,4130896
55672,4130896
44855,4457967
44248,4708855
96508,4275905
97895,4379350
40942,4717621
58159,4521442
54816,4002595
55241,4002737
55333,4107653
101469,4490185
99207,4378847
40829,4665620
67904,3894977
51548,4485182
45755,4197854
99877,4485745
97891,4328081
43996,4805660
58333,4468878
54820,4029268
40726,4613507
41256,4873180
67708,3895062
45584,4249999
43025,4957215
43275,4904884
55454,4160223
55474,4212791
45293,4354323
40583,4561379
96474,4224381
99859,4481340
101463,4532790
42787,5046422
43142,4957083
51599,4327635
59123,4605757
58987,4553183
41710,4925266
45170,4406354
55380,4160221
48357,4577917
48751,4578810
44107,4757424
44332,4656297
42685,5065005
42869,5098968
97888,4276292
45019,4457865
48209,4616023
48552,4630252
44181,4704866
42605,5081290
42756,5117550
101462,4480893
111258,4806749
99853,4429427
51051,4480263
44884,4456600
96440,4172319
86121,3816042
42187,5031558
42188,4978984
48055,4637861
48467,4666039
44056,4753102
42515,5029768
42661,5133834
115629,1
115630,1
44722,4507472
56900,4055853
56523,4003422
42413,4978166
42678,4977323
96325,4224033
47917,4656045
48274,4688151
42037,4927503
42038,4874929
56546,3999214
37567,4975839
39366,4875774
97875,4327710
103732,4636721
103514,4584147
103497,4636146
99843,4378190
102216,4584145
44691,4555509
42293,4926438
42581,4925711
57761,4363828
56901,4158926
47815,4606796
48138,4706164
37568,5028413
39357,4923271
41829,4873639
44470,4655179
16364,4933411
50473,4582673
50564,4582673
41895,4874744
41896,4822170
77866,3794743
42203,4978811
42479,4873973
54371,4081532
55096,4054170
42917,5046557
47689,4556330
47935,4659217
41830,4821821
44367,4703603
71654,3767994
77799,3814893
42272,4978966
47579,4505533
47852,4608768
57067,4264019
56913,4211445
42121,4927006
51329,4427735
51330,4375161
44228,4751783
103490,4640640
81908,4025479
102224,4636148
42191,4926993
42709,5081399
47459,4454423
47729,4557983
51370,4325401
44082,4749574
113888,4701310
67912,3842419
42017,4822707
41945,4770193
42103,4874907
45453,4302248
47339,4404387
47872,4504383
55473,4265365
59375,4658320
59279,4605746
43928,4801219
42115,4717895
40370,4509267
97869,4275711
42833,5065123
42993,4993999
47009,4352866
47408,4456893
58251,4416341
99224,4326915
45163,4406189
40354,4461918
42890,5012565
42000,4769932
55379,4212795
56169,4085286
56521,4081761
103487,4594840
45194,4404580
57325,4258839
102234,4640646
40325,4492716
101361,4537277
99990,4484703
42783,5028841
42320,4926685
96277,4276168
42354,4509567
40276,4515042
54336,4107696
58533,4448136
44840,4506260
56132,4077088
45957,4145676
40327,4544380
42313,4474647
43529,4888734
97863,4327642
46907,4301253
47074,4405360
45786,4197844
53830,4130139
42139,4822625
43366,4940964
46487,4093613
57683,4363856
99862,4378887
46809,4249630
47032,4352428
45269,4354320
45641,4249996
44578,4604863
96231,4328722
40009,4567551
105722,4597469
47616,4506919
43179,5012863
55607,4292028
55585,4239454
68172,3840052
56353,4295554
56233,4242980
46701,4197812
46931,4301893
45522,4302082
40042,4596034
58869,4500680
42223,4874714
42384,4874135
67914,3894983
97858,4380196
43016,5029168
48702,4628912
55413,4211814
55414,4159240
48037,4708300
52844,4136552
46615,4145829
46854,4250192
52797,4256201
56175,4137844
44338,4701874
45341,4353952
42289,4822164
42921,4977665
55633,4292028
48597,4664675
55771,4107689
56191,4190410
56333,4295554
46770,4198329
99914,4431441
44388,4697900
96117,4381284
42199,4770075
47835,4607313
42828,4925988
56264,4242984
48326,4722257
16363,4985985
47136,4404610
56109,4190414
45034,4454201
46653,4143413
59407,4605778
44114,4784861
97855,4432758
42691,4926243
68386,3661375
51285,4375004
55586,4186884
58371,4459059
44879,4503576
48484,4685514
42667,4822405
59347,4553240
59655,4658352
99972,4484003
44461,4653566
44754,4552724
55690,4239458
57911,4406571
51014,4424537
42512,4822543
48308,4704803
69840,3770286
97853,4433406
44645,4601467
68476,3712550
42431,4770490
67713,3947553
67922,3945174
55640,4134318
68345,3682873
47924,4658048
48171,4656735
52896,4117397
53777,4113989
44496,4649807
58437,4395659
55909,4265393
55847,4212823
55746,4212823
42323,4718314
46235,4198152
1580,5614478
1930,5509448
67714,3997744
48060,4606270
40010,4620057
55793,4160253
47266,4455380
48947,4733704
48879,4682552
49125,4781756
42225,4666020
46124,4250315
68407,3732504
40041,4647236
47949,4555449
53509,4076600
47244,4402007
55877,4265397
48809,4631329
49024,4731968
43251,4977360
57585,4311355
45839,4302449
42002,4822492
96118,4433858
103604,4537277
55511,4158980
47017,4354174
48892,4682412
42003,4875066
42022,4875050
55419,4106668
57267,4206356
45706,4354373
58787,4500724
46882,4250501
48827,4629896
55745,4265397
42999,4977765
45557,4405012
55544,4211550
48776,4678747
43046,4874480
45412,4454606
57851,4354072
48719,4714426
43617,4837266
42023,4927624
42076,4823246
47720,4505070
42779,4874575
45210,4505383
55530,4264122
56171,4242988
48584,4735223
43534,4889586
46814,4250609
44204,4733148
45185,4553162
43153,4995474
43413,4925850
59251,4553284
59463,4605814
48464,4754489
42586,4770612
56110,4242988
44932,4602004
42077,4875820
42112,4771138
52984,4096792
50780,4473681
46913,4302521
47125,4403578
43304,4943933
48341,4706609
44807,4650471
47348,4453700
39631,4671719
47036,4351980
43191,4926167
48218,4657242
42415,4666300
39672,4697928
44674,4698642
43733,4785564
46936,4300145
48097,4606424
42113,4823712
42130,4718578
42240,4613977
44538,4715923
67936,3892616
53160,4187235
48064,4554115
48938,4733377
42931,4822635
42150,4666535
1488,5667044
1583,5561924
45971,4302613
1446,5719614
1494,5719618
1445,5772188
1448,5772188
44396,4750180
67724,3945186
1902,5456894
51435,4424531
50072,4573090
50219,4522672
47944,4556015
42819,4770694
58701,4448249
42151,4719109
2099,5144396
2100,5091822
48814,4729860
2083,5144068
2234,5039410
45679,4405212
42499,4718529
42706,4718821
42420,4561840
2236,5091673
2342,4987114
55529,4316696
53093,4306774
53151,4237708
48837,4763905
42629,4666630
45724,4504219
50746,4522844
2562,4829852
2608,4829531
2622,4829172
39620,4774573
2344,5039378
2418,4934705
2528,4882372
2554,4881801
51399,4473697
51705,4477105
50421,4571700
39654,4748433
43685,4837975
49215,4829510
42535,4614271
49472,4623467
50132,4619437
47582,4503602
45338,4554838
48762,4784693
43855,4890447
57881,4343174
2523,4934611
46399,4247956
58357,4343184
39653,4800966
47156,4730076
2420,4986940
39521,4825267
64902,3966263
57841,4290687
64945,3938331
57803,4238178
49142,4779962
47440,4451687
48660,4803874
46252,4300146
39584,4853479
59254,4605858
59275,4605858
48873,4782238
49058,4781585
47261,4454743
86066,3806083
86248,3824674
45044,4602210
48445,4707405
45811,4354563
46145,4352304
2242,5143908
2352,5091613
1585,5614498
1587,5509372
66907,4067579
66852,4015115
66939,4120147
67197,4067510
56573,4039380
39426,4905986
56538,4111455
48957,4830391
64901,4018837
64948,3990905
66183,3892799
47150,4403142
86207,3846696
46020,4404225
48898,4778915
48199,4605776
46857,4248080
47054,4351280
44776,4698941
45879,4454789
86149,3837443
66850,3962590
66670,3910174
67214,4014995
46745,4195827
46977,4299083
44802,4698425
1589,5561849
1961,5248859
1951,5300490
2075,5196289
2050,5404408
49388,4675943
49588,4672859
90115,3854511
66675,3962699
66967,4067683
46876,4246858
1592,5614423
1597,5614323
78444,3826841
43037,4875104
58609,4395735
59053,4500823
45542,4553448
44660,4698517
2360,5143558
2246,5195853
57806,4226921
49326,4728338
49467,4727050
46815,4192942
2422,5038568
2521,4934196
45383,4602302
69239,3762460
38420,4975489
91792,3917649
49262,4780628
49403,4779470
43595,4925327
44031,4907617
44917,4650711
45212,4650864
48320,4656693
48565,4756005
1952,5300027
2046,5247920
49389,4830146
45103,4699185
2519,4986102
2566,4933387
66440,3857758
53272,4146557
48480,4705502
2602,4881117
46601,4297589
43427,4907872
43839,4908050
1599,5666897
1601,5666793
49323,4877854
2532,4985639
44944,4716588
2430,5090824
48375,4654615
2364,5143069
51519,4526078
2250,5195364
66446,3910283
66779,4015259
46500,4349807
67096,4120078
49276,4827951
43241,4943630
43606,4856319
91605,3907085
48226,4603498
47331,4504135
2042,5247457
46309,4403430
49170,4830580
45332,4490753
48032,4605807
43055,4927193
43409,4908680
67248,4067383
47956,4455459
46184,4454952
49093,4879359
56574,4069623
56537,4098928
67231,4119898
51580,4578652
51813,4578444
47134,4402086
46059,4504544
43268,4944384
2460,5143398
2426,5090361
2368,5142606
48994,4828365
2254,5194901
50404,4620513
47187,4297626
45926,4553650
1532,1
1531,1
1850,5875559
1844,5822985
1554,1
1553,1
48915,4813308
1564,5771935
1563,5719361
1724,5980264
1723,5927690
1612,5771840
1611,5719266
49493,4725419
47062,4245340
66860,4067833
56578,4122111
57688,4122059
47656,4554427
45740,4604265
55146,4125576
56541,4151416
57721,4174490
71468,3815030
49764,4720688
49459,4831899
50545,4672844
51817,4631018
48842,4833516
66205,3857894
51665,4629165
45719,4651199
67097,4172652
47592,4500940
58745,4448309
2452,5142935
2424,5037895
2376,5090140
66185,3945373
50631,4725418
2258,5194788
48802,4852074
48100,4604142
45442,4699648
66208,3910468
66415,3910312
51250,4777697
50717,4725123
68192,3889518
47248,4453786
47469,4451926
57667,4174547
48693,4805173
45249,4717204
56107,4190851
68496,3764973
66658,4067819
68411,3784913
47358,4401549
44077,4856051
67298,4119783
55057,4283292
55058,4230718
48590,4754826
45138,4699066
67131,4172462
67301,4172294
47284,4349795
48497,4703943
66427,3962837
44964,4646692
47742,4552758
66502,3962843
2049,5351984
2172,5299504
2173,5351232
2198,5247157
2199,5298885
2238,5246516
2316,5142521
2317,5194573
2356,5142187
2550,5037775
2592,4985187
2625,4932868
2650,4880923
46403,4402164
48398,4652375
1692,5928525
1691,5875951
66499,4015411
1658,5876746
1657,5824172
1638,5824303
1637,5771729
55166,4177821
56142,4243354
44806,4646770
43682,4804501
66598,4015403
66688,4120389
43907,4856409
44177,4804306
49220,4879552
48168,4653592
66896,4172963
46171,4504602
55145,4178146
43481,4961254
67073,4225030
67283,4225036
43986,4804581
51666,4681739
51888,4676896
46206,4501657
49084,4864542
58370,4174633
49339,4825425
68340,3837304
68423,3817378
2054,5456505
1792,5822893
1786,5770319
49099,4831448
45850,4602690
66640,4067977
43794,4752322
46719,4245415
55783,4295899
56236,4295855
57605,4295920
49838,4668199
2056,5508233
2145,5509079
47830,4602200
49425,4773076
46634,4297722
48888,4865881
67074,4277604
67100,4277602
47738,4550106
45552,4699837
49350,4825349
46272,4454113
46537,4349972
58299,4227121
48242,4601363
2058,5455778
2161,5560807
44263,4752355
47627,4501384
57211,4348490
58249,4348494
2012,5560865
2006,5508291
49155,4915311
49288,4876821
46452,4401921
48745,4803106
68500,3817479
68427,3869884
66536,4015417
47512,4452357
45224,4699338
66788,4172963
49243,4898408
46345,4452405
68098,3941385
68196,3942024
1842,5770415
1908,5875559
68018,3992607
68100,3993891
68017,4040391
68025,4045113
47398,4401921
50809,4777305
45276,4594800
1565,5771935
1567,5771935
55445,4282869
55869,4348469
1605,5719282
1615,5771739
1641,5824176
1661,5875949
1695,5927682
1727,5875266
49184,4882468
68528,3870053
48577,4702098
68341,3922272
68435,3922372
67646,4085387
43998,4699860
50581,4932896
50582,4880322
47890,4550150
47377,4348461
67420,4127916
68106,4046449
2151,5508352
68026,4092897
2070,5403288
50409,4981120
50410,4928546
44818,4594877
48612,4600281
46052,4550624
67380,4152733
67423,4180422
47290,4296114
67643,4137893
67312,4172212
48974,4847827
44504,4647401
45132,4542807
48252,4549228
45937,4599246
50905,4829879
67387,4219175
52663,4393998
52583,4444852
52782,4394741
52875,4342502
68483,3974946
45431,4717441
45760,4647724
47910,4497794
48492,4496889
48882,4800052
1840,5717849
1914,5822989
56046,4401043
54448,4150531
38419,5028063
50723,4829392
55871,4401043
52541,4495537
52660,4497385
2494,5142009
2489,5193697
2544,5090089
2545,5142316
2574,5037599
2347,5193875
2571,5090047
2229,5246170
2598,5037557
2164,5350886
2157,5298517
67316,4224718
67430,4271737
2038,5455731
2067,5350919
2033,5455451
2002,5560768
45609,4665350
2669,4984593
46861,4242354
2684,4932648
55194,4230317
55569,4335443
48674,4752762
48815,4751011
52487,4546058
52580,4548072
67102,4330176
54471,4215979
45470,4647207
4479,5349932
5208,5455076
48758,4700651
50793,4879518
1607,5771856
52449,4595674
52550,4598572
4360,5297364
47966,4497841
48709,4649977
48108,4445443
4170,5244798
52383,4644870
52502,4597140
1764,5822778
67305,4224800
1760,5770305
47713,4501525
2486,5141453
67376,4277292
2338,5246419
2226,5298656
1894,5665360
2154,5351001
2065,5403403
52462,4646552
1896,5612854
67333,4277370
2013,5560493
2014,5507919
54523,4281739
55400,4282825
56360,4348403
1759,5822879
47492,4400817
2740,5192358
4267,5297195
49810,4703777
53653,4237614
47027,4291770
47076,4292826
1745,5822859
1870,5717845
2454,5298993
2147,5350786
2312,5298915
2335,5246235
2278,5351210
2314,5351489
2280,5403784
2224,5350880
53630,4356978
2063,5403129
67641,4429447
67595,4376873
67517,4324303
67598,4429447
52722,4446496
1865,5665346
50183,4961277
44672,4699975
50293,4925724
50765,4930230
49286,4723848
49832,4755999
67524,4376877
67840,4099013
68120,4099017
67140,2
67139,3
67164,3
49118,4846730
1746,5875433
52600,4599609
67750,4151583
67844,4151581
67458,4324311
67749,4204157
67754,4204157
49952,4860380
49888,4808188
50000,4912549
50036,4911971
48984,4848009
1733,5770389
1825,5770399
53362,4172861
54449,4201680
67335,4329944
67365,4329944
2604,5089183
50001,4860350
47601,4452494
47875,4550374
1821,5717900
2001,5613342
48921,4802590
2059,5403134
2109,5350824
2105,5298511
2141,5298493
1998,5613236
49882,4808538
47750,4501650
51186,4937000
51112,4987889
51274,4937067
51322,4884588
48872,4751892
51557,4729216
52618,4548045
51073,5036938
51230,5039831
47646,4450034
54472,4252798
53605,4239725
1653,1
1654,1
48847,4648803
52620,4547035
57212,4401064
57611,4401064
47535,4397761
1683,5875531
1679,5822957
50042,4963091
38167,5026813
48587,4548019
50419,4975847
50772,4982593
1997,5665810
1993,5612940
48780,4596451
2485,5194027
2618,5036858
2480,5193987
52480,4648185
47394,4345343
52951,4290089
2093,5403452
2089,5350878
50977,5085718
51157,5089436
68128,4151591
50437,5028212
50784,5029340
50947,5134147
51086,5138216
52880,4342524
50098,5010800
67846,4204155
50879,5081732
51006,5186645
54231,4306864
54610,4320770
2333,5193910
50323,4938562
2475,5141662
51481,4781510
51630,4781748
52693,4498225
52822,4394697
1994,5665514
50962,5134198
1989,5560380
50038,4911971
52241,4700659
52554,4598557
115184,4753884
50461,5008327
50826,5008718
51393,4833314
51542,4833927
52694,4497360
4246,5349692
4485,5349569
48322,4393192
50343,4918334
53183,4217497
51477,4885245
2137,5246125
55561,4399833
56726,4400977
2332,5141530
2472,5089265
4152,5402210
4257,5402094
49429,4828643
49914,4860946
51488,4935847
49146,4794469
52736,4445650
1900,5665428
151590,4194552
53612,4292198
54326,4344365
1874,5717920
1823,5770474
50499,4985789
50910,5061099
1736,5822963
1680,5875531
1682,5875531
1985,5612950
2018,5560493
51247,4988304
2036,5508025
52037,4753038
52278,4702182
2062,5455708
2092,5403452
2108,5351085
2140,5193849
51402,4987628
52698,4496420
2692,4984590
4088,5454575
4153,5454612
2675,5036535
49006,4850439
4018,5506479
4090,5506966
50296,4955836
50450,4882749
50218,4976961
50366,4904791
49447,4881059
49934,4913139
55063,4425868
54806,4373294
3960,5454088
4019,5558870
50320,4925337
151577,4195404
49053,4846937
49224,4742143
50102,4961621
52219,4754744
52380,4651099
50939,5113480
4370,5401995
4537,5401886
50246,4943910
3920,5401631
3961,5506497
48933,4802450
51108,5099973
51957,4805334
52072,4805488
50807,5113531
49054,4848258
52143,4807141
52288,4703561
3868,5349082
3921,5454073
51566,4834070
50128,4929897
50527,4935123
51648,4834076
50721,5091961
51000,5078494
2680,5088477
2697,5036532
51835,4854518
52074,4856739
38168,5079387
40201,5061133
49421,4776391
3750,5296597
3873,5401523
49771,4933786
49946,4897380
49405,4828817
52115,4858050
52226,4755924
51549,4936498
50063,4880252
50675,5055394
50822,5107699
51735,4886480
51880,4937820
48970,4800510
49104,4900832
1986,5665524
1987,5665524
48902,4699618
52002,4905877
49960,4916759
50621,5003012
50716,5069648
47280,4341623
53210,4207960
51718,4885909
48969,4750160
2751,5244226
3760,5348882
47223,4340458
53443,4224247
50553,4950614
50682,4964810
49799,4952081
49980,4934290
49477,4917046
49009,4802734
50638,4912343
52166,4807880
49385,4864813
4311,5454294
4066,5559133
4068,5558672
3858,5453930
3857,5506504
3850,5506311
48924,4752192
52122,4857352
50548,4859956
53204,4238251
49749,4969511
2698,5088474
49140,4742130
49306,4760104
49750,4917000
49988,4916128
48632,4441856
2679,5140419
49517,4952505
50442,4883503
53205,4275169
4294,5506648
4545,5454270
53720,4328921
48876,4544188
55279,4334255
50388,4905047
49377,4882684
52684,4258969
53253,4258046
4210,5559041
4072,5611084
3849,5558885
3851,5558733
51625,4989038
51636,4937207
49794,4864482
50020,4898656
2739,5140416
50316,4961073
2688,5192361
50934,5055650
55731,4439383
55457,4386809
49086,4694470
49253,4761284
49455,4935057
51806,4937197
51643,4987750
49487,4917244
50232,4979144
50730,5017283
4548,5506844
4579,5506566
51728,4988423
51584,4986355
50249,4930000
53435,4274531
49361,4864900
3853,5611307
3842,5611243
4076,5663591
4121,5611436
4228,5611381
51458,5037131
48990,4645427
49201,4744246
49816,4916099
50140,4948483
49343,4812357
53417,4295373
4327,5716276
4328,5663702
55029,4373273
4435,5663911
4436,5611337
50738,4965191
54992,4397977
53309,4294583
53680,4316887
50742,4860678
48920,4594994
49129,4695227
3841,5663817
3843,5663657
4080,5715975
51184,5085983
50678,4808298
49721,4968633
49922,4967337
51142,5026788
50332,4941652
53663,4314810
51506,5035803
49649,4918612
49862,4917758
49045,4644712
50598,4831897
4496,5558972
4617,5558875
4498,5611282
4440,5663589
4334,5715956
4238,5663817
2687,5244303
4084,5663732
50853,5069729
51046,5003703
50326,4944054
49573,4866821
49709,4919455
50446,4905641
2689,5296877
3846,5716231
50854,5017527
3838,5715948
49491,4814684
49644,4867751
48812,4493178
48951,4593859
49328,4709865
48432,4390338
49419,4762399
49595,4764348
4500,5663566
4629,5611128
51242,5049411
48347,4389139
4240,5716391
4242,5716063
50958,4965352
49526,4711995
4052,5663421
50868,4913063
55271,4425829
48870,4542683
49416,4659550
4002,5610974
3837,5768522
3836,5663506
54042,4350144
54413,4418931
4568,5663535
4681,5663267
4570,5715811
4504,5715716
4448,5715800
4342,5768118
4172,5768141
4248,5767973
4096,5715760
4174,5715691
4094,5663280
55589,4438946
49819,4867725
50381,4961176
50396,4926231
3925,5558504
3835,5716080
56021,4479060
50524,4853588
49660,4816703
50398,4893068
52528,4309518
52860,4311458
53654,4287455
50454,4874347
50337,4910776
71469,3867604
73820,3867604
53629,4336438
39120,1
39119,1
50208,4980465
48930,4541625
4025,5663503
4026,5610929
2754,5296800
2746,5296433
49669,4765092
52370,4359397
52680,4362005
49678,4661406
53959,4421930
53960,4369356
80501,3867155
49978,4966730
49584,4609048
50710,4756714
4640,5715718
4733,5715202
4650,5767654
4574,5767937
2510,5348977
2705,5348878
3240,5348744
4514,5767845
4456,5767932
4366,5820113
4252,5820547
49948,4866650
4178,5768265
52192,4408892
52518,4411767
4099,5715666
4030,5663503
3883,5506124
50258,4928814
49745,4868857
49889,4816556
53349,4464370
53350,4411796
49746,4816860
3791,5453715
3889,5558659
52062,4458098
52366,4461252
3982,5611233
3895,5506244
80604,3879176
55497,4503095
56217,4531634
48473,4490035
48966,4594131
49834,4765053
50006,4915056
49767,4713366
54351,4402654
54765,4471487
51840,4507155
52186,4510446
48184,4437672
50901,4705017
54127,4455218
48496,4542583
49002,4646150
51564,4556074
51904,4559704
55725,4555669
48825,4698709
49032,4681085
3901,5506242
3771,5401295
4599,5662799
4658,5820228
4578,5820511
4510,5767601
4443,5819966
4232,5767923
4323,5872342
4225,5820250
3988,5715733
3987,5663398
51156,4604862
51633,4608624
48677,4646846
48851,4733647
49088,4663325
3821,5453801
3824,5506170
3905,5558589
48540,4594737
54063,4507786
54382,4507792
53228,4361723
48714,4629805
50902,4653207
40204,5113707
40447,5042485
43354,4937454
41912,4989966
41942,4989994
45096,4884943
48820,4716539
48819,4664062
49112,4610894
49136,4558374
3699,5401237
54064,4560360
54066,4560358
54861,4524061
52054,4612054
54837,4524024
54215,4612932
52870,4412151
51296,4657410
4509,5715215
48734,4612105
4324,5820000
4444,5767612
4130,5925572
4129,5872998
4044,5821009
4043,5768435
48750,4559595
47959,4506796
47962,4506249
48768,4507047
47640,4557494
54971,4576598
47691,4556858
52702,4461707
51683,4659285
50670,4676240
51118,4705529
3649,5453534
3679,5453670
41877,5042499
53754,4336025
52532,4510988
50494,4697566
50871,4728543
3752,5663352
3751,5610778
53766,4338564
3878,5610435
51759,4661102
52386,4560070
53739,4352011
3773,5611100
3774,5558526
50314,4717997
50653,4749848
4275,5872467
4282,5925041
4185,5872806
83300,3931646
2699,5401310
2806,5401452
47554,4608005
4188,5925380
50068,4737529
50467,4770265
2464,5401463
2614,5401551
3621,5505681
4113,5820804
76596,3919689
83221,3919625
47608,4607291
52098,4661548
4116,5873378
4031,5715954
4034,5768528
51352,4709751
47553,4659768
3669,5505855
49918,4755989
50279,4789754
3971,5611023
3966,5663591
47610,4658970
47856,4658235
2801,5453884
51624,4711616
2700,5453718
3900,5611157
3328,5453274
2442,5453901
2611,5454037
49740,4772750
50055,4808491
51737,4710369
3828,5558738
54142,4386207
2835,5611168
2836,5558594
2907,5716017
2908,5663443
48913,4707841
2963,5820956
2964,5768382
53969,4364837
2925,5768404
2926,5715830
2877,5663592
2878,5611018
2793,5558734
2790,5506160
48914,4754660
49920,4825256
3661,5558350
52099,4714122
52194,4608996
47180,4711419
51480,4758722
47231,4710621
44437,4937511
46756,4832420
3662,5610924
40711,5095061
41915,5042528
51356,4728484
52980,4464585
41918,5095102
2404,5506322
2615,5506475
52854,4514169
51149,4749787
54099,4404583
54138,4391136
50032,4737639
47030,4780510
47221,4761617
52672,4563462
50913,4770200
52748,4812343
2702,5506248
2792,5558734
2840,5611168
2882,5663578
2906,5715808
2930,5768100
2968,5820956
2988,5820914
2989,5873243
3004,5873488
51827,4657816
2708,5558787
52516,4612559
2386,5558861
50665,4789685
56150,4543891
54728,4491317
43611,5042656
43610,4990082
51554,4706170
50479,4807478
56123,4593791
54734,4541217
4000,5716165
2385,5611435
2712,5611320
3018,5925605
3017,5873031
3008,5978051
3005,5925477
3193,5401278
3322,5401038
43609,4990083
2884,5716152
2886,5716142
3177,5453803
3208,5453782
3157,5506295
3184,5506283
3133,5558756
3169,5558743
3097,5611196
3140,5611180
2714,5663894
3098,5663595
2716,5663827
53068,4414216
46930,4884375
74534,3972243
78350,3972247
2887,5768716
2890,5768710
52974,4464581
51572,4781058
52846,4514177
2717,5716401
2720,5716296
2891,5821284
2894,5821282
40630,5147625
3037,5873113
3033,5820539
3080,5768568
3079,5715994
3054,5820776
3053,5768202
84858,3984220
52670,4563482
40553,5200191
82830,3972103
84751,3972199
2895,5873856
40494,5252759
40113,5357903
40114,5305329
2721,5768870
2724,5768734
81754,4024598
83006,4024633
54682,4438757
54691,4488657
53488,4433590
55122,4593779
81906,4077128
83148,4077167
54152,4436107
55077,4541219
50085,4789826
2725,5821308
2730,5821150
3032,5767987
53336,4411790
82383,4129679
83278,4129716
55828,4646353
2975,5872906
2972,5820332
2995,5820462
2996,5767888
3012,5768032
3011,5715458
3228,5558606
3227,5506032
53214,4464287
82509,4182236
83434,4182262
81194,4077099
74310,4024813
74924,4024805
55777,4698922
55130,4646348
53058,4516473
82641,4234782
83564,4234777
74309,4077387
74549,4077387
82012,4129648
54592,4485179
53527,4417334
54003,4414671
40115,5357903
82743,4287282
83682,4287277
52968,4566604
81052,4129633
81745,4129618
3252,5453483
82402,4182148
2729,5873724
2727,5873548
3256,5505792
3010,5663038
3222,5506181
2994,5715477
3224,5558755
2974,5872906
2934,5820674
2868,5768334
2826,5820873
2870,5820882
2776,5873409
2823,5873421
2778,5925983
2728,5926122
80852,4182173
81534,4182152
53530,4467170
54243,4462637
82905,4287251
83818,4339807
53062,4719368
52832,4615937
80726,4234719
81365,4234692
82720,4287250
83996,4392371
80574,4287273
81198,4287238
2874,5873233
2824,5925995
74925,4077379
75064,4077371
3276,5505715
3360,5505667
151616,4443710
80386,4339831
81023,4339847
82596,4234694
151613,4457157
82818,4339814
84108,4444939
80152,4392393
80754,4392405
55610,5
55407,3
75065,4129945
75198,4129941
82994,4392382
79672,4444959
80561,4444967
77616,4024817
78490,4024813
53838,4662844
53640,4662843
53863,4610272
53532,4519744
82051,4182192
78492,4077387
78594,4077383
75200,4182515
75298,4182515
3225,5558212
3070,5558219
81774,4234726
3069,5610625
2904,5978041
2902,5925467
79468,4497529
79774,4497533
53639,4711357
81509,4287266
78595,4129957
78662,4129957
77615,4077391
77632,4077391
79467,4550103
79491,4550103
2916,5925595
2915,5873021
81199,4339812
81280,4339812
41749,5
41430,3
82996,4444956
83014,4444956
53647,4658786
55459,5
3336,5558208
3366,5558047
3304,5610710
3338,5610601
3274,5663146
3305,5663043
3215,5610637
3246,5610753
3248,5663072
3279,5715452
3166,5663024
3217,5663084
3386,5610569
3798,5662984
55408,5
2954,5820551
2956,5768025
2875,5925807
3404,5663105
3168,5715598
2937,5820595
55079,4593790
55101,4593788
54697,4537237
41429,5
41432,5
2938,5873169
2940,5873169
54279,4512102
42723,5618166
41325,5670734
42277,5670727
44561,5565605
53891,4561251
54311,4564632
54343,4600259
45108,5460688
44778,5513141
44829,5512911
45326,5408219
53903,4613309
54375,4586795
54836,4589811
45123,5460456
45528,5355770
45235,5408004
45684,5303309
54723,4639369
53675,4680707
45465,5355540
45888,5250835
53854,4610258
45619,5303061
46106,5198347
53804,4658776
53856,4662316
53825,4710834
53750,4710842
53683,4732765
53885,4763398
45857,5250570
46276,5146031
44595,5565375
44939,5512707
53076,4700572
41131,1
41132,1
41326,5723308
41533,5723295
44251,5564790
46278,5198605
46418,5093695
53124,4752630
46419,5146269
46534,5041339
42857,5670727
45237,5460578
46536,5093913
46624,4988963
45467,5408114
46625,5041537
46758,4936531
44039,5618166
53732,4815970
53907,4785335
45621,5355635
46446,4988616
42279,5617778
41536,5775869
45578,5250364
53731,4837907
47040,4936535
53728,4732771
46694,4988606
47176,4989006
47178,5041580
47296,5041354
46005,5250624
45782,5198050
47297,5093928
47382,5093676
46156,5198294
45962,5145720
47384,5146250
47508,5145961
46295,5145948
46132,5093374
47509,5198535
47700,5198213
46430,5093586
46242,5041012
3296,5820803
3295,5873377
3297,5873377
3316,5768233
3317,5820807
3332,5715667
3333,5768241
3411,5715675
3436,5715660
3443,5768234
3476,5768209
47465,5250349
47888,5250785
3520,5820680
3522,5820770
45082,5302408
48728,5303359
45784,5250624
45963,5198294
42711,5670734
42504,5723295
46134,5145948
44573,5564919
44402,5512345
46967,5093546
46826,5040972
46243,5093586
3414,5768249
3415,5768249
44713,5512454
44550,5459880
47066,5145869
46942,5093295
46030,5040674
44876,5459975
44688,5407401
47195,5198155
47046,5145581
53054,4771004
3624,5820613
53053,4822663
53081,4787943
3722,5715536
3794,5715543
3626,5873187
3674,5768081
3676,5820655
45031,5407484
44844,5354910
47302,5250418
47146,5197844
53084,4839602
53717,4768710
43693,5617197
47310,5250082
47636,5302794
46376,5040652
3530,5873344
44404,5564919
51969,4969620
51911,5021959
51997,4917149
47450,5302521
47770,5355215
46828,5093546
45497,5302668
45246,5250094
51980,4969509
52665,4864713
51521,5074316
44552,5512454
51560,5021892
52642,4917087
47598,5354932
47896,5407607
46943,5145869
45662,5250338
45480,5197764
44689,5459975
52924,4857671
48490,5512535
47992,5459961
47710,5407311
45819,5197992
45632,5145418
47048,5198155
52961,4874895
44846,5407484
47147,5250418
47848,5459656
46008,5145630
45792,5093056
3783,5768113
44520,5354786
46996,5302072
52923,4875236
45248,5302668
47452,5355095
3784,5820687
3785,5820687
52962,4892977
45481,5250338
47599,5407506
52776,4861254
42503,5775869
45634,5197992
47712,5459885
52825,4910149
46641,5145584
46508,5093010
45793,5145630
47849,5512230
47998,5511974
46742,5197886
46620,5145312
45368,5093052
47632,5563873
46867,5250165
46708,5197591
44037,5617319
43882,5564745
46974,5302419
46830,5249845
52800,4863158
44175,5564846
44004,5512272
45802,5093038
52705,4915528
53420,4915732
44346,5512361
44144,5459787
46510,5145584
42713,5723308
51513,5126631
44467,5459864
44310,5407290
47269,5407071
47118,5354497
51533,5074231
51732,5074410
46621,5197886
50787,5178918
47356,5459462
47240,5406888
50836,5126572
51701,5126749
43694,5669771
46710,5250165
47483,5511819
47342,5459245
43884,5617319
46831,5302419
44861,5355046
44680,5302472
52676,4967902
53295,4968102
50024,5649526
50023,5596952
52316,4969579
47620,5564147
47456,5511573
44006,5564846
52198,5022009
52376,5020394
53268,5020476
45018,5302716
44836,5250142
46593,5354458
53725,4748149
51613,5179287
52173,5074374
44145,5512361
45183,5250370
44982,5197796
47120,5407071
44312,5459864
45352,5198008
45166,5145434
47241,5459462
44073,5407168
42280,5670352
42804,5670107
43159,5774904
42971,5722330
47344,5511819
51181,5231628
51771,5231851
44682,5355046
43273,5774709
43075,5722135
47457,5564147
44837,5302716
43405,5722229
43243,5669655
47191,5616259
48074,5616246
44984,5250370
43557,5669737
43381,5617163
51345,5284192
51971,5179476
46187,5197970
45997,5145396
45167,5198008
43717,5617237
43517,5564663
46344,5250272
46167,5197698
43910,5564738
43699,5512164
44895,5145434
46465,5302551
46299,5249977
44043,5512240
43885,5459666
51511,5231841
52111,5126912
42906,5722231
47779,5667868
52297,5021965
46566,5354805
46437,5302231
43040,5722042
45288,5145420
43222,5669568
44425,5407428
44257,5354854
46000,5197970
46851,5459457
46695,5406883
43324,5617002
52337,5072780
52834,5072960
51768,5074356
51691,5179277
44576,5355098
44411,5302524
46169,5250272
51820,5125171
52793,5125346
43474,5564506
46966,5511848
46833,5459274
44705,5302752
44543,5250178
46302,5302551
49798,5544384
50045,5544928
47067,5564205
46947,5511631
43616,5512010
49824,5492360
50457,5597502
44878,5250390
44699,5197816
46439,5354805
47204,5616533
47057,5563959
43902,5459515
46217,5406840
44046,5407201
50749,5231209
46698,5459457
43262,5669500
50797,5178881
51070,5179072
50536,5283506
43264,5722074
44212,5354871
50556,5231202
51027,5231381
50253,5440666
50254,5388092
46835,5511848
44352,5302525
46950,5564205
45681,5250334
45505,5197760
47044,5720276
48688,5683828
44494,5250163
47059,5616533
45900,5302636
45675,5250062
51610,5126721
49910,5440296
50392,5335813
44678,5197781
50932,5283820
51595,5179084
46045,5354915
45831,5302341
46869,5668641
52886,5125534
46200,5407169
46035,5354595
52795,5177920
52851,5177920
45064,5197759
50028,5388061
50636,5336126
51129,5336382
45216,5250087
46517,5511839
46379,5459265
43545,5355469
43546,5302895
45460,5302385
46640,5564230
46511,5511656
45590,5354660
50168,5335782
46731,5616587
46609,5564013
48689,5736402
49608,5648241
50472,5283626
50764,5388688
51303,5284092
45776,5406909
46860,5668915
46711,5616341
43548,5355469
44726,5250325
46012,5459174
46190,5511579
5134,1686
4990,1558
5130,1701
5340,1828
4820,1462
4986,1597
4398,1731
4134,1894
4399,1630
4518,1638
4520,1805
4612,1492
4609,1498
4786,1355
4133,2061
4135,2061
4781,1254
4821,1629
50984,5336420
51495,5231646
5336,1843
50236,5335916
49780,5596311
51741,5126743
49805,5544360
46354,5563948
49634,5596315
49893,5492348
46464,5616288
4605,1368
4728,1665
45222,5669467
45191,5616893
4985,1764
4981,1547
5125,1651
5331,1793
46570,5668600
51743,5179317
51801,5177558
51238,5284094
52030,5177745
45808,5459232
45145,5616886
45458,5564330
50011,5440296
45657,5511774
51804,5230132
52005,5230132
46692,5720889
5371,1960
5328,1730
5122,1588
4982,1714
4978,1484
45077,5669442
45078,5722016
50014,5492870
50153,5388061
4402,1797
4403,1478
5496,1897
45061,5721998
5324,1726
44947,5774568
45359,5669442
5119,1584
4977,1651
4974,1397
45605,5564330
5116,1471
44727,5302899
5321,1634
49609,5700815
45361,5722016
45579,5616886
45954,5616904
48207,1
48208,1
5374,1801
5317,1510
49636,5648889
50187,5388209
50614,5388490
5111,1368
4973,1564
4969,1294
50156,5440635
45582,5669460
44854,1
44853,1
44948,5827142
45055,5827142
50189,5440783
50377,5440775
46842,5772578
5315,1532
5107,1261
4970,1461
4965,1187
4777,1165
4603,1374
5375,1699
4406,1645
4407,1478
5311,1407
46843,5825152
51340,5336668
4913,1152
4910,1052
50303,5493345
50551,5493349
4963,1161
5104,1235
5309,1506
4726,1541
4597,1261
47096,5772850
4409,1645
4411,1389
4542,1645
5382,1673
5306,1388
4960,1068
5100,1144
5303,1419
4741,1102
4593,1254
4414,1556
50304,5545919
50351,5545919
4592,1242
48945,1
48946,1
4394,1862
4392,1695
4688,1378
4686,1211
4536,1556
4534,1389
4475,1707
4476,1540
5380,1586
4289,2021
4290,1854
5300,1297
4742,1095
4200,2184
4199,2017
4906,1045
4956,1061
5096,1137
5297,1366
5378,1533
5294,1281
4744,1084
4902,1034
4952,1050
5092,1126
5291,1343
5288,1259
5457,1510
4746,1130
4898,1072
5285,1388
5089,1266
4948,1088
4201,2184
4750,1128
5210,1433
5085,1389
4752,1245
4893,1185
4940,1162
5281,1487
5392,1555
5493,1910
5490,1743
4416,1544
4415,1377
4417,1465
4756,1283
5205,1556
4890,1259
5086,1455
4758,1375
4419,1632
4421,1614
4764,1378
5279,1594
5485,1783
5081,1490
4888,1278
4762,1510
5275,1630
4423,1781
4425,1781
4524,1758
4526,1925
4584,1863
4838,1717
4836,1550
4865,1591
4862,1424
4586,2030
4660,1807
4662,1974
4700,1660
4702,1827
4768,1604
3951,140
3947,115
5273,1668
5082,1411
5481,1826
5269,1558
3948,140
3945,94
3941,89
4138,97
4139,92
4214,94
4221,88
4298,115
4304,122
5078,1285
5267,1710
5484,1993
5264,1584
4770,1546
3942,114
3935,83
4143,86
4935,1306
5080,1452
5182,1437
5184,1604
5266,1751
3936,90
5033,1473
4831,1434
4938,1473
4158,83
4160,90
4272,108
4274,133
4833,1601
4771,1713
4774,1713
3938,115
3933,87
4689,1
4690,1
4164,115
3930,104
3777,5
3778,3
3929,129
3927,125
3779,5
3782,5
3928,150
4024,150
3747,1
3748,1