Node,Farness_weighted
21361,16131
20613,16131
21320,16131
20594,16131
19044,16131
19052,16131
34946,16131
32382,16131
18256,16131
16976,16131
17948,16131
19200,16131
20102,16131
19042,16131
16972,16131
17580,16131
19066,16131
18349,16131
18350,16131
26166,16131
23710,16131
18358,16131
18359,68705
18458,16131
17005,16131
18028,16131
18175,16131
18526,16131
11224,16131
19177,16131
27272,16131
27268,16131
23671,16131
16172,16131
17227,16131
17421,16131
18831,16131
30306,16131
29732,16131
52478,16131
52234,16131
12633,16131
26930,16131
22334,16131
26911,16131
46281,16131
46282,16131
6244,16131
6243,16131
6245,16131
6281,16131
7115,16131
7282,16131
6661,16131
47143,16131
47144,16131
47070,16131
47069,16131
26903,16131
27255,16131
26645,16131
26646,16131
28176,16131
28151,16131
6663,16131
6938,16131
6504,16131
9329,16131
6799,16131
28400,16131
29998,16131
7035,16131
6800,16131
26648,16131
26760,16131
7745,16131
47091,16131
6531,16131
21521,16131
21146,16131
44788,16131
49227,16131
29996,16131
31736,16131
30008,16131
31727,16131
15249,16131
14278,16131
28418,16131
52718,16131
52118,16131
7728,16131
8777,16131
31008,16131
32371,16131
30885,16131
30886,16131
10949,16131
13282,16131
34504,16131
34485,16131
52117,16131
53507,16131
5862,16131
12723,16131
13197,16131
16702,16131
5861,16131
5546,16131
44787,16131
47086,16131
9330,16131
20190,16131
19118,16131
8160,16131
12211,16131
12212,16131
50560,16131
44720,16131
24567,16131
43620,16131
50516,16131
36930,16131
10703,16131
34682,16131
34643,16131
39502,16131
20334,16131
21166,16131
43619,16131
38226,16131
50074,16131
34202,16131
30890,16131
30016,16131
28428,16131
26810,16131
24667,16131
21182,16131
20025,16131
50662,16131
19121,16131
17427,16131
50674,16131
30156,16131
30924,16131
52646,16131
16488,16131
16487,16131
17251,16131
17431,16131
16913,16131
17240,16131
16785,16131
17177,16131
16774,16131
16484,16131
17316,16131
17314,16131
5545,16131
15888,16131
15883,16131
16446,16131
16687,16131
17435,16131
17060,16131
16402,16131
16960,16131
16959,16131
16897,16131
17035,16131
6856,16131
16751,16131
28429,16131
16825,16131
35415,16131
35440,16131
16903,16131
17141,16131
16401,16131
16881,16131
17439,16131
17117,16131
24813,16131
21210,16131
20027,16131
17442,16131
7358,16131
9233,16131
29274,16131
16799,16131
17101,16131
16525,16131
16757,16131
16985,16131
17446,16131
9791,16131
9757,16131
10485,16131
9043,16131
10620,16131
16995,16131
10779,16131
30982,16131
10787,16131
16167,16131
10898,16131
9641,16131
10336,16131
17245,16131
17255,16131
18446,16131
17271,16131
10576,16131
10784,16131
10155,16131
9355,16131
9457,16131
10491,16131
29088,16131
49803,16131
10369,16131
10738,16131
10131,16131
10277,16131
9603,16131
9905,16131
10266,16131
9561,16131
10384,16131
28972,16131
29293,16131
12414,16131
9798,16131
29068,16131
29712,16131
5891,16131
5892,16131
8032,16131
17258,16131
9816,16131
28954,16131
28224,16131
28932,16131
24912,16131
26844,16131
24051,16131
23218,16131
23862,16131
24297,16131
24088,16131
24518,16131
28538,16131
25432,16131
7151,16131
29137,16131
21272,16131
7152,16131
54695,16131
54201,16131
7357,16131
22923,16131
27766,16131
6136,16131
52710,16131
53668,16131
19424,16131
17275,16131
54173,16131
54174,16131
24443,16131
25204,16131
28132,16131
33108,16131
33107,16131
25181,16131
22682,16131
9294,16131
25764,16131
17124,16131
17105,16131
25644,16131
26594,16131
25182,16131
54528,16131
27765,16131
27742,16131
25148,16131
28916,16131
28486,16131
54688,16131
28002,16131
26568,16131
32447,16131
32448,16131
24219,16131
24644,16131
54529,16131
54680,16131
24659,16131
26866,16131
28980,16131
17709,16131
17473,16131
17670,16131
17836,16131
17452,16131
16803,16131
17128,16131
25612,16131
25010,16131
25376,16131
17051,16131
8225,16131
25048,16131
28750,16131
17600,16131
54176,16131
22681,16131
24034,16131
32691,16131
32692,16131
32449,16131
32452,16131
32863,16131
32860,16131
33104,16131
25260,16131
16969,16131
17508,16131
23752,16131
32453,16131
32456,16131
32696,16131
32857,16131
33098,16131
25158,16131
35560,16131
36354,16131
35529,16131
23890,16131
32457,16131
32460,16131
32604,16131
17832,16131
32852,16131
33088,16131
16804,16131
23640,16131
17400,16131
17260,16131
32600,16131
32461,16131
32847,16131
17202,16131
32700,16131
17828,16131
32845,16131
33084,16131
32702,16131
23998,16131
23934,16131
36099,16131
36098,16131
36193,16131
36194,16131
35973,16131
35974,16131
33080,16131
35873,16131
35874,16131
31012,16131
32218,16131
35610,16131
35532,16131
35579,16131
34533,16131
34433,16131
34829,16131
34835,16131
34434,16131
34440,16131
34442,16131
34448,16131
10018,16131
13450,16131
26942,16131
32840,16131
32658,16131
36356,16131
36450,16131
36198,16131
36104,16131
23160,16131
35978,16131
35646,16131
35613,16131
32648,16131
32760,16131
32519,16131
32632,16131
36454,16131
35701,16131
35722,16131
33072,16131
36370,16131
6135,16131
32676,16131
32670,16131
48950,16131
50436,16131
34841,16131
33023,16131
33766,16131
34804,16131
35332,16131
32669,16131
33016,16131
33324,16131
6137,16131
7362,16131
32981,16131
34354,16131
32672,16131
33009,16131
49082,16131
38249,16131
36248,16131
35739,16131
35148,16131
35168,16131
34728,16131
34733,16131
34357,16131
33270,16131
33001,16131
32999,16131
32674,16131
32684,16131
34730,16131
34365,16131
32995,16131
33212,16131
32996,16131
32991,16131
35170,16131
35789,16131
34367,16131
34371,16131
32686,16131
32688,16131
53056,16131
34373,16131
35264,16131
35865,16131
35276,16131
35172,16131
32520,16131
34375,16131
34393,16131
32596,16131
32706,16131
32397,16131
64197,16131
64198,16131
35394,16131
35895,16131
35392,16131
35270,16131
35174,16131
64236,16131
64235,16131
31953,16131
31363,16131
31957,16131
32203,16131
64279,16131
64280,16131
32195,16131
32370,16131
22276,16131
64317,16131
64318,16131
21298,16131
32342,16131
32081,16131
32191,16131
31734,16131
32341,16131
32726,16131
36173,16131
47824,16131
31656,16131
31726,16131
32047,16131
8172,16131
32048,16131
32134,16131
32345,16131
32182,16131
65778,16131
65874,16131
65774,16131
31355,16131
65745,16131
65681,16131
31908,16131
32096,16131
32062,16131
32178,16131
8161,16131
7536,16131
31808,16131
31780,16131
30928,16131
31030,16131
10116,16131
9460,16131
36000,16131
36207,16131
7929,16131
8472,16131
38692,16131
38255,16131
8782,16131
37066,16131
37041,16131
36258,16131
59940,16131
59939,16131
32774,16131
9473,16131
31036,16131
30773,16131
40540,16131
27000,16131
21784,16131
19520,16131
21364,16131
8572,16131
8332,16131
57271,16131
57272,16131
15960,16131
7930,16131
30140,16131
31054,16131
32548,16131
8316,16131
16192,16131
17718,16131
53158,16131
52740,16131
57226,16131
59840,16131
21514,16131
8752,16131
9086,16131
6748,16131
8854,16131
8856,16131
9292,16131
23533,16131
52342,16131
53131,16131
14072,16131
37053,16131
38814,16131
57225,16131
38787,16131
54204,16131
26020,16131
25552,16131
26021,16131
26260,16131
25468,16131
25554,16131
21516,16131
22524,16131
26025,16131
25558,16131
25210,16131
25474,16131
25631,16131
26038,16131
25635,16131
25482,16131
65806,16131
65733,16131
36184,16131
146640,16131
146518,16131
36986,16131
66082,16131
26050,16131
35697,16131
66047,16131
23029,16131
25346,16131
145117,16131
145118,16131
66112,16131
24961,16131
26371,16131
26375,16131
26513,16131
26058,16131
32778,16131
31102,16131
65908,16131
30142,16131
34093,16131
34087,16131
35698,16131
32818,16131
33462,16131
50833,16131
27018,16131
34330,16131
34329,16131
26291,16131
26284,16131
25381,16131
26062,16131
25339,16131
25386,16131
25049,16131
25341,16131
25336,16131
24962,16131
25335,16131
25379,16131
25412,16131
33790,16131
33759,16131
34763,16131
34634,16131
35089,16131
34238,16131
34088,16131
22020,16131
34822,16131
35447,16131
26078,16131
35448,16131
25037,0
24967,0
25139,0
66964,16131
66280,16131
33847,16131
35156,16131
35445,16131
59850,16131
34268,16131
34772,16131
24907,0
34852,16131
34248,16131
34464,16131
33893,16131
34457,16131
35010,16131
33850,16131
25827,0
25349,0
25812,0
26397,0
9290,0
9289,0
59872,16131
34407,16131
26296,0
26738,0
27072,16131
29401,16131
57432,16131
34889,16131
59750,16131
62776,16131
35696,16131
35311,16131
25149,0
25539,0
145120,16131
26990,0
34709,16131
25542,0
26983,0
66667,16131
66481,16131
25838,0
147264,16131
57440,16131
25235,0
25188,0
34476,16131
66977,16131
66976,16131
24649,0
66836,16131
66754,16131
34701,16131
35094,16131
66604,16131
34635,16131
66980,16131
35314,16131
66686,16131
66945,16131
66482,16131
67244,16131
24790,0
35316,16131
34563,16131
34350,16131
66930,16131
66957,16131
66947,16131
66981,16131
24315,0
66504,16131
65907,16131
65910,16131
66946,16131
49213,16131
48792,16131
67243,16131
142911,16131
142912,16131
66538,16131
34345,16131
34352,16131
66942,16131
39049,16131
40467,16131
66608,16131
66636,16131
66629,16131
66898,16131
24316,0
66889,16131
66926,16131
66689,16131
66711,16131
66840,16131
66884,16131
39060,16131
39025,16131
67021,16131
67010,16131
50275,16131
50113,16131
50278,16131
50649,16131
31224,16131
32874,16131
31170,16131
29416,16131
27142,16131
50370,16131
50540,16131
67004,16131
66656,16131
50844,16131
39442,16131
42559,16131
66700,16131
67075,16131
67072,16131
67080,16131
36835,16131
36836,16131
37001,16131
37398,16131
37675,16131
37623,16131
38295,16131
39142,16131
39075,16131
38290,16131
67108,16131
37553,16131
38112,16131
50839,16131
36842,16131
37916,16131
38078,16131
6747,16131
39193,16131
38187,16131
50110,16131
37998,16131
50830,16131
50109,16131
38072,16131
49247,16131
38307,16131
66972,16131
66991,16131
67223,16131
66996,16131
40436,16131
40426,16131
38200,16131
39165,16131
50857,16131
67230,16131
40386,16131
40570,16131
36848,16131
37790,16131
39223,16131
60562,16131
39331,16131
38352,16131
38001,16131
38736,16131
40053,16131
39938,16131
40169,16131
40048,16131
40267,16131
40156,16131
42517,16131
44628,16131
69125,0
69126,0
69245,0
69246,0
39225,16131
69540,0
69539,0
69677,0
69678,0
38843,16131
39395,16131
39546,16131
39469,16131
36858,16131
37576,16131
39527,16131
39550,16131
17465,16131
27158,16131
138707,0
138708,0
40094,16131
39214,16131
39486,16131
39866,16131
40438,16131
40270,16131
36862,16131
37342,16131
41122,16131
38704,16131
38602,16131
37499,16131
37990,16131
37952,16131
38439,16131
37953,16131
37428,16131
38601,16131
38817,16131
39037,16131
68608,16131
68594,16131
37840,16131
39245,16131
39282,16131
38690,16131
38280,16131
62828,16131
62839,16131
36962,16131
37946,16131
72438,0
72437,0
62790,16131
40144,16131
60764,16131
37810,16131
60776,16131
73004,16131
72950,16131
68584,16131
69314,16131
69307,16131
73457,16131
73426,16131
73544,16131
73480,16131
73599,121279
73442,16131
73649,16131
73516,16131
39242,16131
42442,16131
48781,16131
40744,16131
39040,16131
39092,16131
39780,16131
38155,16131
38530,16131
6083,16131
6084,16131
69298,16131
69670,16131
70356,16131
70344,16131
74483,16131
74476,16131
38333,16131
75104,16131
75102,16131
67898,16131
67890,16131
68002,16131
67982,16131
68238,16131
68222,16131
68460,16131
39524,16131
68450,16131
68698,16131
68689,16131
68844,16131
68826,16131
69024,16131
69008,16131
72076,16131
69267,16131
70783,16131
70751,16131
37250,16131
37616,16131
69649,16131
70000,16131
71224,16131
71192,16131
71702,16131
71598,16131
69985,16131
70333,16131
76140,16131
75100,16131
73336,16131
73400,16131
38156,16131
47604,16131
58455,16131
49560,16131
38174,16131
40006,16131
77792,16131
77791,16131
37950,16131
68422,16131
68676,16131
39015,16131
78515,16131
78493,16131
39388,16131
77795,16131
75094,16131
38120,16131
38603,16131
67889,16131
6751,16131
72020,16131
72486,16131
79194,16131
79187,16131
40360,16131
69254,16131
70744,16131
38374,16131
38865,16131
79734,16131
79727,16131
38638,16131
39323,16131
68086,16131
68070,16131
80108,16131
80049,16131
68350,16131
68338,16131
77801,16131
75086,16131
69652,16131
69625,16131
69996,16131
69987,16131
71870,16131
71861,16131
78480,16131
79902,16131
72562,16131
72452,16131
73192,16131
73376,16131
39771,16131
53112,16131
144759,16131
53142,16131
143946,16131
67907,16131
67908,16131
67888,16131
68052,16131
68311,16131
68555,16131
68551,16131
68733,16131
81502,16131
80966,16131
68714,16131
68879,16131
68870,16131
69263,16131
79711,16131
77700,16131
77696,16131
79720,16131
74670,16131
74668,16131
73447,16131
73019,16131
73246,16131
69247,16131
69601,16131
39967,16131
69977,16131
70969,16131
70966,16131
71497,16131
71461,16131
71851,16131
71844,16131
69959,16131
72700,16131
70954,16131
67606,16131
67605,16131
67656,16131
77690,16131
79512,16131
67740,16131
67636,16131
68860,16131
69061,16131
77688,16131
74434,16131
74436,16131
69054,16131
73395,16131
69953,16131
67798,16131
67738,16131
69926,16131
27374,16131
70878,16131
68044,16131
39398,16131
39343,16131
71449,16131
72670,16131
68548,16131
79357,16131
77684,16131
67582,16131
39465,16131
39532,16131
72890,16131
72880,16131
67581,16131
68040,16131
68539,16131
68706,16131
69048,16131
71422,16131
72280,16131
72276,16131
76942,16131
77682,16131
74622,16131
76936,16131
74603,16131
73323,16131
78634,16131
143375,16131
77678,16131
68032,16131
68538,16131
143260,16131
12762,16131
68020,16131
68334,16131
68226,16131
74604,16131
68658,16131
74594,16131
68626,16131
75322,16131
76928,16131
69780,16131
70863,16131
72271,16131
72881,16131
73070,16131
73122,16131
68019,16131
48196,16131
51441,16131
68560,16131
69336,16131
70840,16131
71357,16131
71344,16131
71829,16131
71824,16131
72266,16131
76920,16131
68014,16131
73271,16131
6085,16131
67571,16131
67572,16131
67573,16131
67766,16131
76919,16131
77672,16131
39704,16131
32576,16131
39675,16131
67761,16131
67864,16131
67855,16131
46874,16131
67762,16131
68790,16131
27282,16131
68766,16131
69002,16131
67756,16131
69004,16131
69460,16131
75758,16131
75761,16131
76864,16131
76858,16131
77697,16131
79470,16131
69462,16131
69878,16131
69880,16131
70827,16131
72658,16131
67755,16131
67856,16131
67757,16131
72434,16131
76389,16131
76854,16131
75764,16131
75765,16131
72115,16131
72117,16131
70821,16131
72954,16131
74360,16131
74359,16131
74355,16131
77723,16131
78944,16131
78950,16131
76397,16131
74352,16131
72436,16131
70822,16131
74351,16131
74347,16131
76409,16131
74343,16131
74344,16131
74337,16131
74327,16131
75238,16131
75214,16131
76366,16131
137799,16131
78958,16131
77753,16131
76370,16131
40037,16131
14896,16131
40062,16131
47320,16131
74324,16131
74790,16131
74736,16131
75316,16131
75310,16131
47519,16131
76376,16131
77805,16131
148505,0
148367,0
148394,0
148627,0
74323,16131
74313,16131
47532,16131
147176,16131
47812,16131
50123,16131
148614,0
148515,0
148648,0
71848,16131
73011,16131
71978,16131
74240,16131
148516,0
74311,16131
76380,16131
148463,0
148597,0
44935,16131
50135,16131
77825,16131
76386,16131
148368,0
52353,16131
52354,16131
76392,16131
148429,0
77835,16131
76394,16131
50124,16131
148388,0
148485,0
77843,16131
76404,16131
148421,0
137719,16131
137713,16131
51445,16131
51474,16131
51447,16131
51784,16131
51933,16131
137162,16131
137161,16131
34588,16131
137495,16131
137453,16131
137490,16131
137545,16131
137544,16131
137673,16131
137399,16131
137460,16131
137670,16131
137710,16131
137747,16131
137744,16131
137763,16131
137766,16131
137369,16131
137410,16131
137329,16131
137366,16131
137299,16131
137326,16131
51449,16131
51941,16131
137601,16131
137602,16131
51945,16131
137492,16131
137610,16131
137550,16131
137665,16131
137705,16131
137455,16131
137401,16131
137357,16131
137317,16131
137295,16131
51461,16131
51955,16131
137186,16131
137233,16131
137662,16131
137704,16131
137450,16131
137618,16131
137554,16131
137396,16131
137500,16131
137360,16131
137314,16131
137293,16131
52349,16131
137215,16131
51963,16131
137111,16131
137060,16131
137558,16131
137614,16131
137484,16131
137718,16131
137680,16131
137291,16131
137447,16131
137351,16131
137389,16131
137746,16131
137309,16131
137770,16131
137445,16131
137486,16131
137562,16131
137684,16131
137114,16131
137605,16131
11243,16131
137653,16131
137599,16131
137566,16131
52335,16131
51953,16131
51463,16131
137059,16131
52212,16131
51988,16131
52344,16131
51959,16131
51469,16131
137097,16131
136546,16131
137224,16131
137699,16131
52311,16131
51695,16131
51975,16131
51698,16131
51452,16131
50145,16131
51201,16131
51688,16131
51451,16131
51848,16131
41546,16131
51453,16131
51608,16131
37439,16131
40028,16131
51926,16131
41128,16131
40039,16131
41095,16131
136894,16131
136545,16131
51662,16131
51221,16131
13919,16131
136531,16131
136506,16131
136505,16131
136584,16131
136475,16131
50149,16131
136476,16131
136478,16131
136509,16131
136610,16131
147313,16131
147314,16131
136510,16131
136704,16131
11244,16131
21823,16131
139576,16131
138932,16131
140504,16131
136622,16131
46902,16131
136557,16131
46923,16131
50157,16131
136824,16131
136792,16131
136515,16131
136773,16131
144358,16131
46739,0
46740,0
136516,16131
12913,16131
137250,16131
45483,16131
136677,16131
42177,16131
44821,16131
148527,16131
148528,16131
15806,16131
45727,16131
44428,16131
41805,16131
132449,16131
140571,16131
140572,16131
41436,16131
148841,16131
40152,16131
41419,16131
62574,16131
57713,16131
18668,16131
38937,16131
44423,16131
46878,16131
6709,16131
6710,16131
41450,16131
41882,16131
42794,16131
138800,16131
37429,16131
38939,16131
39840,16131
137287,16131
137288,16131
42652,16131
44140,16131
25833,16131
138394,16131
44035,16131
44723,16131
36045,16131
36046,16131
43804,16131
42651,16131
42653,16131
39723,16131
41244,16131
43878,16131
43720,16131
36482,16131
36477,16131
36770,16131
36769,16131
76842,16131
43634,16131
138408,16131
138802,16131
38995,16131
39725,16131
36476,16131
36048,16131
37424,16131
38992,16131
36050,16131
36773,16131
138454,16131
42750,16131
138502,16131
138424,16131
39729,16131
45128,16131
46762,16131
37426,16131
36779,16131
38988,16131
36051,16131
45126,16131
36054,16131
44729,16131
138527,16131
39965,16131
39962,16131
70940,16131
71068,16131
37446,16131
37872,16131
37875,16131
38020,16131
39960,16131
38023,16131
38190,16131
38191,16131
38376,16131
39622,16131
39733,16131
39438,16131
39604,16131
39206,16131
39432,16131
38379,16131
38726,16131
39100,16131
39198,16131
39084,16131
38822,16131
38986,16131
38824,16131
38727,16131
41703,16131
45844,16131
46728,16131
41108,16131
41682,16131
40103,16131
40102,16131
38731,16131
38385,16131
41729,16131
41907,16131
45845,16131
44731,16131
46684,16131
32654,16131
31595,16131
35711,16131
41305,16131
38609,16131
38737,16131
38613,16131
38391,16131
40789,16131
40790,16131
41515,16131
42555,16131
40592,16131
36783,16131
37074,16131
36056,16131
37084,16131
37450,16131
46526,16131
46492,16131
40591,16131
46478,16131
40760,16131
44733,16131
45853,16131
44735,16131
40849,16131
45861,16131
36785,16131
46468,16131
36787,16131
44098,16131
44737,16131
138881,16131
139032,16131
45869,16131
46422,16131
40206,16131
38527,16131
38623,16131
39737,16131
38377,16131
39184,16131
38833,16131
37452,16131
51153,16131
50158,16131
50141,16131
39743,16131
40046,16131
40946,16131
44739,16131
45873,16131
46364,16131
42400,16131
44166,16131
36643,16131
36607,16131
35719,16131
35717,16131
41303,16131
41840,16131
37454,16131
38159,16131
36552,16131
36613,16131
38622,16131
38150,16131
39955,16131
39954,16131
46320,16131
44741,16131
45883,16131
36060,16131
36554,16131
36621,16131
36793,16131
42340,16131
42925,16131
40260,16131
39742,16131
38826,16131
37934,16131
37466,16131
40261,16131
42211,16131
42295,16131
46460,16131
46240,16131
45891,16131
37085,16131
42184,16131
42183,16131
37458,16131
44811,16131
41151,16131
41775,16131
40901,16131
44283,16131
44384,16131
18262,16131
26017,16131
40609,16131
36359,16131
36065,16131
42123,16131
38149,16131
38534,16131
38496,16131
39430,16131
38882,16131
39434,16131
38889,16131
39749,16131
40306,121275
42270,16131
42460,16131
29929,16131
37462,16131
36797,16131
40853,16131
29907,16131
44218,16131
41537,16131
42638,16131
35743,16131
44446,16131
35753,16131
43897,16131
40307,121275
40606,16131
46153,16131
39536,16131
39456,16131
38891,16131
38895,16131
45640,16131
45896,16131
45156,16131
45646,16131
44924,16131
45094,16131
44909,16131
44773,16131
36796,16131
37798,16131
44110,16131
44748,16131
44852,16131
40330,16131
45372,16131
36513,16131
41126,16131
42770,16131
42844,16131
49133,16131
49011,16131
25790,16131
24385,16131
42873,16131
44541,16131
36792,16131
37470,16131
45174,16131
41278,16131
41697,16131
43824,16131
38495,16131
45668,16131
42620,16131
45504,16131
36687,16131
36749,16131
38893,16131
42096,16131
37474,16131
45674,16131
41021,16131
40847,16131
43638,16131
39453,16131
38518,16131
41725,16131
35755,16131
44053,16131
39862,16131
38766,16131
38524,16131
45730,16131
46649,16131
44359,16131
44362,16131
41093,16131
44655,16131
44957,16131
44954,16131
45635,16131
40765,16131
41020,16131
43945,16131
45526,16131
45822,16131
40229,16131
46651,16131
46837,16131
45666,16131
46140,16131
38424,16131
46766,16131
47427,16131
40930,16131
38437,16131
41514,16131
41321,16131
42347,16131
43588,16131
47386,16131
48639,16131
46157,16131
43860,16131
44194,16131
39997,16131
46018,16131
46413,16131
39664,16131
40560,16131
48652,16131
44196,16131
44296,16131
44318,16131
46637,16131
147205,16131
45616,16131
46291,16131
45650,16131
43258,16131
41323,16131
43080,16131
44654,16131
44968,16131
50115,16131
44642,16131
40216,16131
47387,16131
48246,16131
44974,16131
45575,16131
41520,16131
42179,16131
44324,16131
40225,16131
44639,16131
46073,16131
46670,16131
44326,16131
46777,16131
40177,16131
44955,16131
41396,16131
41310,16131
47325,16131
37878,16131
37869,16131
42862,16131
42257,16131
46571,16131
46572,16131
40483,16131
46056,16131
46055,16131
42181,16131
42789,16131
24386,16131
38592,16131
46484,16131
39857,16131
45994,16131
45993,16131
40318,16131
40841,16131
41600,16131
46496,16131
46788,16131
39827,16131
40730,16131
41103,16131
40731,16131
41539,16131
39405,16131
47213,16131
47214,16131
42403,16131
45919,16131
46432,16131
45920,16131
41293,16131
38741,16131
39104,16131
47050,16131
47391,16131
42473,16131
42470,16131
42405,16131
47403,16131
48425,16131
45814,16131
45813,16131
46369,16131
39886,16131
39446,16131
39796,16131
38698,16131
45763,16131
46068,16131
45764,16131
46990,16131
46989,16131
16948,16131
46248,16131
46904,16131
25036,16131
25025,16131
45426,16131
45425,16131
45717,16131
45778,16131
42306,16131
40198,16131
40418,16131
38959,16131
46224,16131
38299,16131
42376,16131
43628,16131
40292,16131
46820,16131
46118,16131
47417,16131
20248,16131
37870,16131
37941,16131
39952,16131
38065,16131
38314,16131
38953,16131
139401,16131
139269,16131
39448,16131
47421,16131
40722,16131
40955,16131
40544,16131
40720,16131
40534,16131
40072,16131
45710,16131
38069,16131
48435,16131
38855,16131
39011,16131
38679,16131
38864,16131
38451,16131
38682,16131
38462,16131
40430,16131
38316,16131
37829,16131
37685,16131
37849,16131
40956,16131
38324,16131
37712,16131
42285,16131
38073,16131
42368,16131
42544,16131
39542,16131
39934,16131
39712,16131
39926,16131
42546,16131
42640,16131
42642,16131
42894,16131
43642,16131
44024,16131
41848,16131
42282,16131
44018,16131
44186,16131
47400,16131
26637,16131
38936,16131
45392,16131
42694,16131
42978,16131
41294,16131
47185,16131
47182,16131
41847,16131
41186,16131
40960,16131
39642,16131
39921,16131
37359,16131
37732,16131
39538,16131
6711,16131
8216,16131
46618,16131
47172,16131
7510,16131
45353,16131
42949,16131
42950,16131
46358,16131
37360,16131
37364,16131
55532,16131
59663,16131
46673,16131
36442,16131
39639,16131
43109,16131
43630,16131
43942,16131
39022,16131
43072,16131
26477,16131
40971,16131
41061,16131
39893,16131
39609,16131
46674,16131
47168,16131
38081,16131
37851,16131
38330,16131
47390,16131
36028,16131
36038,16131
16456,16131
43629,16131
43654,16131
7509,16131
36702,16131
36701,16131
40655,16131
40645,16131
36691,16131
36745,16131
47164,16131
32580,16131
48408,16131
32481,16131
36072,16131
139339,16131
139340,16131
44912,16131
44914,16131
43664,16131
43082,16131
42730,16131
42958,16131
42715,16131
42392,16131
42281,16131
36606,16131
36601,16131
37366,16131
37370,16131
36869,16131
36867,16131
46955,16131
139423,16131
139321,16131
15075,16131
38724,16131
39090,16131
139311,16131
46956,16131
46958,16131
66425,16131
70936,16131
41796,16131
41764,16131
40969,16131
40642,16131
43122,16131
39096,16131
39274,16131
39904,16131
39594,16131
43670,16131
42936,16131
42720,16131
42380,16131
42283,16131
49567,16131
47225,16131
46821,16131
139252,16131
46824,16131
46962,16131
40950,16131
41348,16131
43478,16131
43457,16131
43126,16131
43146,16131
42938,16131
42940,16131
42726,16131
42410,16131
42299,16131
16947,16131
48407,16131
48387,16131
48928,16131
36850,16131
38560,16131
40626,16131
39114,16131
39908,16131
39590,16131
36897,16131
36604,16131
37401,16131
139243,16131
139210,16131
139253,16131
139324,16131
139174,16131
139214,16131
42315,16131
139038,16131
139169,16131
43743,16131
139326,16131
139352,16131
138972,16131
43086,16131
139048,16131
38476,16131
39912,16131
39110,16131
39586,16131
42450,16131
42369,16131
28239,16131
48384,16131
46915,16131
47253,16131
47256,16131
47673,16131
47684,16131
38356,16131
38712,16131
41466,16131
39580,16131
39086,16131
138934,16131
138933,16131
138970,16131
41470,16131
50093,16131
52161,16131
40632,16131
47694,16131
48222,16131
41162,16131
42094,16131
42050,16131
42080,16131
138958,16131
41472,16131
37896,16131
139249,16131
139330,16131
46789,16131
46407,16131
46689,16131
46855,16131
41114,16131
41174,16131
139170,16131
139121,16131
41038,16131
41032,16131
41180,16131
41330,16131
41352,16131
41478,16131
39068,16131
39574,16131
39804,16131
39784,16131
39976,16131
39970,16131
40098,16131
40076,16131
40212,16131
40172,16131
40304,16131
40310,16131
40414,16131
40411,16131
40432,16131
43156,16131
42373,16131
137200,16131
138960,16131
138955,16131
42484,16131
139347,16131
42435,16131
139296,16131
138953,16131
138966,16131
139264,16131
48004,16131
48001,16131
47774,16131
40984,16131
47782,16131
47695,16131
37391,16131
36900,16131
41188,16131
139293,16131
41488,16131
42106,16131
139122,16131
43741,16131
139276,16131
43172,68705
136732,16131
137914,16131
139005,16131
138996,16131
42800,16131
42505,16131
55360,16131
55359,16131
55508,16131
52925,16131
61328,16131
41496,16131
41630,16131
139260,16131
139259,16131
41628,16131
41780,16131
41814,16131
41923,16131
139102,16131
139185,16131
139286,16131
139225,16131
40880,16131
41028,16131
139350,16131
140187,16131
138998,16131
139018,16131
139283,16131
47287,16131
43680,68702
44593,16131
44601,16131
45613,16131
45623,16131
40298,16131
46575,16131
46581,16131
139057,16131
139106,16131
70631,16131
88104,16131
55292,0
55291,0
61280,0
139272,16131
139328,16131
139044,16131
61279,0
70532,16131
139219,16131
30591,16131
40162,16131
40566,16131
40296,16131
40716,16131
40392,16131
40796,16131
40915,16131
41034,16131
41196,16131
139167,16131
139164,16131
41335,16131
32480,16131
41508,16131
139013,16131
41664,16131
36679,16131
36910,16131
139008,16131
36678,16131
41647,16131
139108,16131
41834,16131
139151,16131
41962,16131
43679,68702
43688,68703
40026,16131
39947,16131
139234,16131
139007,16131
136731,16131
30655,16131
32378,16131
139036,16131
139040,16131
37794,16131
139236,16131
136734,16131
44128,16131
44609,16131
44129,16131
139240,16131
139116,16131
139189,16131
39272,16131
39271,16131
39847,16131
37704,16131
36912,16131
139088,16131
40776,16131
40934,16131
41048,16131
139222,16131
41208,16131
138911,16131
138910,16131
41370,16131
40666,16131
40808,16131
41522,16131
41831,16131
42068,16131
42577,16131
42065,16131
36918,16131
139125,16131
36914,16131
37544,16131
39253,16131
39561,16131
139096,16131
40036,16131
43326,16131
43325,16131
37420,16131
40514,16131
137915,16131
43754,16131
40408,16131
43114,16131
37006,16131
137972,16131
40580,16131
139158,16131
139280,16131
137690,16131
37304,16131
42649,16131
139266,16131
139308,16131
41585,16131
41574,16131
43087,16131
43088,16131
41380,16131
37152,16131
41235,16131
39890,16131
41072,16131
43089,16131
43106,16131
43224,16131
40869,16131
40876,16131
139290,16131
139376,16131
40510,16131
139146,16131
43107,16131
22935,16131
139053,16131
139054,16131
43060,16131
40898,16131
139076,16131
139082,16131
42771,16131
40473,16131
139144,16131
139198,16131
146675,16131
146641,16131
36092,16131
39799,16131
139196,16131
139230,16131
139224,16131
139268,16131
139292,16131
139318,16131
139320,16131
139342,16131
139344,16131
139368,16131
40904,16131
40474,16131
39254,16131
39558,16131
46920,16131
47094,16131
41241,16131
40928,16131
41088,16131
42774,16131
67402,16131
42947,16131
137689,16131
51233,16131
52789,16131
137656,16131
137655,16131
46919,16131
46863,16131
145263,16131
145264,16131
146023,16131
146392,16131
40300,16131
130877,16131
128997,16131
132390,16131
132389,16131
132450,16131
128998,16131
50095,16131
39176,16131
122317,16131
122318,16131
46864,16131
46735,16131
128625,16131
132200,16131
42981,16131
146376,16131
146435,16131
46095,16131
43218,16131
127286,16131
127109,16131
88106,16131
88674,16131
88678,16131
90356,16131
90380,16131
90894,16131
90904,16131
91504,16131
52437,16131
91518,16131
93446,16131
83353,16131
83026,16131
122294,16131
125049,16131
83025,16131
81401,16131
81012,16131
77877,16131
76890,16131
76743,16131
76615,16131
125100,16131
46736,16131
46738,16131
50405,16131
49958,16131
52537,16131
48656,16131
48668,16131
93466,16131
95090,16131
48164,16131
47765,16131
48160,16131
46893,16131
47564,16131
42623,16131
39380,16131
131610,16131
131609,16131
127112,16131
126971,16131
128559,16131
82212,16131
131577,16131
99845,16131
99850,16131
79573,16131
79496,16131
79394,16131
146855,16131
49530,16131
52811,16131
70530,962406
52926,16131
134210,16131
132199,16131
129976,16131
69211,1908702
126547,16131
127752,68697
69123,16131
38772,16131
43063,16131
131533,16131
94137,16131
79393,16131
93468,16131
44197,16131
44198,16131
128367,16131
43747,16131
43748,16131
45910,16131
45909,16131
46304,16131
46314,16131
76616,16131
132235,16131
52928,16131
55509,16131
55540,16131
105804,16131
45929,16131
93476,16131
127419,68697
127936,68697
41972,16131
41260,16131
41988,16131
42424,16131
129925,16131
46891,16131
47108,16131
44214,16131
77388,16131
77387,16131
39133,16131
43752,16131
40024,16131
146847,16131
147120,16131
132247,16131
46328,16131
45941,16131
77000,16131
78985,16131
127420,68697
127422,68697
81725,16131
134966,16131
134856,16131
68313,0
68314,0
120908,16131
120412,16131
120960,16131
122250,16131
4806,0
4730,0
79233,16131
81041,16131
79234,16131
4729,0
44222,16131
43756,16131
130916,16131
132895,16131
129911,16131
127769,16131
128723,16131
79160,16131
79159,16131
128709,16131
129523,16131
133878,16131
133832,16131
46245,16131
46109,16131
46261,16131
129535,16131
46136,16131
38232,16131
76786,16131
45737,16131
45951,16131
129107,16131
64144,0
64143,0
45531,16131
45771,16131
46892,16131
45253,16131
45567,16131
44763,16131
45263,16131
44585,16131
44765,16131
44405,16131
44631,16131
4692,0
4691,0
44452,16131
44242,16131
122270,16131
119962,16131
120454,16131
122798,16131
79176,16131
43760,16131
43808,16131
43429,16131
46845,16131
47140,16131
80741,16131
4824,0
122812,16131
123526,16131
45279,16131
80147,16131
44771,16131
134106,16131
134024,16131
81201,16131
47446,16131
4693,0
4789,0
119046,16131
120000,16131
125631,16131
19349,16131
19892,16131
45148,16131
45289,16131
44904,16131
45152,16131
44906,16131
44779,16131
45969,16131
123550,16131
123730,16131
76559,16131
78390,16131
125595,16131
125488,16131
80742,16131
48658,16131
127301,16131
77540,16131
124350,16131
133714,16131
133559,16131
146667,16131
146969,16131
127811,16131
127393,16131
45297,16131
45042,16131
45048,16131
133962,16131
133954,16131
44785,16131
47217,16131
135100,16131
77542,16131
78336,16131
80150,16131
80433,16131
124352,16131
45309,16131
48155,16131
45058,16131
46285,16131
46165,16131
46306,16131
46195,16131
118710,16131
119074,16131
45985,16131
44791,16131
79182,16131
78696,16131
81025,16131
79548,16131
80847,16131
105201,16131
115624,16131
130903,16131
130406,16131
131240,16131
146473,16131
134196,16131
133560,16131
46548,16131
45315,16131
45074,16131
129750,16131
78338,16131
44797,16131
118410,16131
118724,16131
80850,16131
44285,16131
44286,16131
42791,16131
42589,16131
43069,16131
42030,16131
149219,0
149102,0
149222,0
149301,0
20060,16131
80042,16131
76547,16131
76956,16131
46001,16131
149284,0
149375,0
133635,16131
129083,16131
46257,16131
78770,16131
47412,16131
45086,16131
127983,16131
78772,16131
44294,16131
116350,16131
118428,16131
48664,16131
50010,16131
126716,16131
46013,16131
77885,16131
77886,16131
130313,16131
133637,16131
133416,16131
127879,16131
45090,16131
132959,16131
43499,16131
148898,0
149214,0
44300,16131
43073,16131
149269,0
149368,0
149199,0
77342,16131
78412,16131
76548,16131
45789,16131
46027,16131
45591,16131
45866,16131
45355,16131
45654,16131
45376,16131
131829,16131
44827,16131
45112,16131
44657,16131
44834,16131
130314,16131
131001,16131
131840,16131
44463,16131
44696,16131
44529,16131
44302,16131
44314,16131
146433,16131
146616,16131
46230,16131
46033,16131
146815,16131
133035,16131
46209,16131
46233,16131
45396,16131
43949,16131
131225,16131
149189,0
45120,16131
121810,16131
121799,16131
44848,16131
43111,16131
44316,16131
44320,16131
126649,16131
127532,16131
79704,16131
149372,0
46213,16131
46043,16131
115636,16131
45404,16131
149197,0
127582,16131
45134,16131
149017,0
128832,16131
128633,16131
79052,16131
79806,16131
44860,16131
129792,279001
129501,16131
44356,16131
116352,16131
44100,16131
105202,16131
105774,16131
130847,16131
45218,16131
45422,16131
46216,16131
149400,0
149502,0
45225,16131
44978,16131
46079,16131
44998,16131
44874,16131
128730,16131
124317,16131
124291,16131
135980,16131
135979,16131
93176,16131
149345,0
149440,0
129882,278981
129641,278981
131384,16131
45438,16131
130040,278981
129933,278981
130848,16131
19338,16131
43328,16131
44900,16131
130753,16131
132456,16131
132884,16131
147219,16131
147220,16131
15077,16131
45440,16131
45450,16131
126643,16131
146434,16131
149516,0
133728,16131
128667,16131
129020,16131
130273,16131
131333,16131
46091,16131
128925,16131
129474,16131
130153,16131
126644,16131
126656,16131
131125,16131
128222,16131
127888,16131
149275,0
44366,16131
44262,16131
129476,16131
130086,16131
46097,16131
147179,16131
147204,16131
148896,0
148975,0
146476,16131
147107,16131
137002,16131
43540,16131
44347,16131
43347,16131
43348,16131
43342,16131
43562,16131
147222,16131
31645,16131
41259,16131
41441,16131
132742,16131
44378,16131
136994,16131
38773,16131
148961,0
131512,16131
131370,16131
149095,0
130512,16131
46111,16131
132088,16131
149079,0
130426,278991
149205,0
147226,16131
147248,16131
45486,16131
131097,16131
130428,278991
131000,16131
127890,16131
126681,16131
45500,16131
145957,16131
149339,0
136806,16131
136693,16131
136694,16131
136992,16131
148895,0
148953,0
147169,16131
147181,16131
149065,0
137121,16131
147156,16131
131586,16131
149334,0
149460,0
48192,16131
49115,16131
43515,16131
43903,16131
43512,16131
128297,16131
129115,16131
42849,16131
42850,16131
64036,0
64701,0
137004,16131
148970,0
128300,16131
127904,16131
148899,0
149053,0
137006,16131
45051,68695
149465,0
149436,0
149435,0
148959,0
128308,16131
149320,0
149430,0
127914,16131
126679,16131
19896,16131
149507,0
130616,16131
133316,16131
136987,16131
42851,16131
43344,16131
43514,16131
44239,16131
145927,16131
140280,16131
147252,16131
147270,16131
126669,16131
147230,16131
128314,16131
127918,16131
149512,0
136778,16131
149446,0
149445,0
19333,16131
20885,16131
136988,16131
65611,0
133611,16131
128326,16131
127924,16131
126663,16131
136729,16131
136920,16131
136943,16131
126664,16131
126657,16131
149549,0
133318,16131
134298,16131
126641,16131
127930,16131
128334,16131
136735,16131
125919,16131
126756,16131
127934,16131
126711,16131
128340,16131
127942,16131
15371,16131
19335,16131
147201,16131
134962,16131
134961,16131
125911,16131
127948,16131
128344,16131
43296,16131
43295,68705
43309,16131
44752,68695
45014,68689
45301,16131
134215,16131
134678,16131
136724,16131
134890,16131
147101,16131
134828,16131
134626,16131
146112,16131
43829,68689
43830,68689
43831,68689
44014,68689
65550,0
68257,0
44015,68689
44190,68689
135242,16131
44191,68689
134146,16131
122853,16131
124294,16131
122856,16131
118145,16131
118146,16131
118141,16131
147211,16131
134570,16131
45433,16131
46748,16131
45272,16131
129053,278951
44994,16131
43484,16131
48601,173848
135219,16131
135422,16131
59510,16131
59453,16131
135424,16131
134117,16131
134592,16131
99309,16131
43315,16131
134580,16131
133303,16131
135232,16131
31261,16131
31262,16131
31263,16131
31448,16131
147216,16131
43435,16131
133295,16131
135250,16131
133296,16131
133281,16131
134563,16131
108347,16131
118198,16131
134545,16131
134878,16131
38688,16131
134541,16131
133282,16131
133286,16131
148542,16131
133288,16131
133294,16131
134984,16131
133306,16131
129054,278951
129010,541771
64035,0
130556,541771
128448,804551
133308,16131
133310,16131
38674,16131
15372,16131
15171,16131
15172,16131
137732,16131
47098,16131
48232,16131
48238,16131
48800,16131
14827,16131
14828,16131
36600,16131
38671,16131
41592,16131
14487,16131
36717,16131
41003,16131
41579,16131
49443,16131
49444,16131
14439,16131
14087,16131
20644,16131
138697,16131
138866,16131
11178,16131
11177,16131
48158,16131
139756,16131
10914,16131
10223,16131
11027,16131
10671,16131
13811,16131
11886,16131
11925,16131
10823,16131
128052,541731
133798,804551
151350,16131
35708,16131
151351,16131
35725,16131
9100,16131
65473,0
94725,16131
94697,16131
10224,16131
10225,16131
92539,16131
93181,16131
74775,16131
92550,16131
130623,16131
130624,16131
42968,16131
43020,16131
126686,278911
126685,278911
97119,16131
97116,16131
95763,16131
95764,16131
35707,16131
127841,278911
129032,541731
35726,16131
132485,16131
132486,16131
41672,16131
130626,16131
132490,16131
41653,16131
41685,16131
126688,278911
126693,278911
94994,16131
94843,16131
97118,16131
116286,16131
92401,16131
92406,16131
108325,16131
41760,16131
44557,16131
34422,16131
33574,16131
92388,16131
130632,16131
132494,16131
73817,0
73818,0
92387,16131
130640,16131
132498,16131
133676,16131
96132,16131
94958,16131
92379,16131
73708,0
73707,0
130644,16131
132506,16131
94844,16131
94929,16131
94968,16131
95580,16131
92377,16131
93028,16131
93006,16131
93432,16131
48718,16131
126696,278911
127824,16131
132510,16131
130026,16131
129352,16131
130032,16131
127438,16131
129390,16131
95020,16131
46383,16131
92373,16131
130940,16131
130928,16131
131396,16131
131392,16131
9099,16131
96603,16131
96514,16131
34191,16131
34174,16131
92374,16131
92376,121271
9102,16131
9868,16131
94842,16131
97188,16131
97162,16131
76568,16131
76102,16131
33656,16131
34140,16131
34664,16131
9722,16131
9721,16131
94734,16131
93273,121271
92480,226419
74531,16131
132512,16131
132522,16131
11647,16131
97339,16131
132524,16131
132750,16131
95825,16131
95823,16131
131382,16131
130926,16131
76123,16131
83648,16131
132530,16131
133162,16131
94733,16131
95814,16131
96579,16131
96648,16131
34139,16131
95789,16131
97372,16131
34120,16131
34466,16131
34134,16131
33573,16131
138930,16131
92555,16131
92433,16131
127370,16131
128436,16131
135948,16131
133988,16131
131174,16131
130986,16131
131156,16131
130988,16131
98993,16131
130744,16131
130564,16131
130750,16131
129528,16131
130028,16131
135536,16131
130560,16131
129178,16131
129532,16131
43870,16131
46332,16131
129313,16131
33968,16131
33939,16131
94791,16131
95794,16131
42884,16131
42883,16131
42885,68705
43810,16131
10294,16131
98612,16131
99855,16131
76125,16131
76127,16131
82422,16131
9724,16131
10257,16131
95754,16131
97376,16131
97404,16131
127337,16131
98035,16131
129324,16131
92434,16131
92436,16131
133659,16131
133647,16131
134001,16131
133991,16131
124193,16131
123437,16131
124204,16131
76128,16131
120815,16131
120511,16131
120818,16131
120975,16131
123432,16131
120971,16131
127292,16131
94178,16131
35669,16131
35624,16131
92438,16131
95709,16131
92440,16131
92395,16131
92818,16131
76104,16131
81085,16131
140622,16131
35588,16131
35632,16131
133166,16131
131170,16131
130342,16131
130572,16131
130758,16131
130344,16131
130052,16131
127238,16131
128494,16131
97395,16131
98861,16131
128508,16131
36670,16131
38928,16131
124187,16131
92883,16131
92392,16131
48394,331570
48505,16131
92396,16131
92381,16131
99856,16131
100733,16131
95710,16131
95712,16131
145166,16131
93963,16131
94708,16131
93964,16131
120501,16131
120822,16131
120966,16131
124730,16131
124244,16131
124714,16131
127136,16131
92382,16131
124238,16131
123923,16131
123924,16131
123894,16131
34091,16131
34171,16131
95714,16131
96220,16131
98300,16131
129434,16131
129410,16131
98342,16131
98988,16131
92418,16131
94361,16131
129721,16131
129722,16131
140780,16131
140870,16131
132811,16131
132111,16131
131178,16131
34147,16131
132107,16131
120489,16131
34089,16131
120963,16131
92420,16131
92444,16131
98344,16131
132813,16131
94170,16131
95340,16131
131180,16131
123964,16131
124248,16131
124744,16131
124733,16131
123989,16131
123644,16131
132103,16131
127026,16131
123207,16131
123208,16131
123685,16131
123213,16131
94228,16131
96430,16131
123442,16131
41063,16131
120483,16131
41677,16131
41745,16131
120984,16131
92446,16131
92393,16131
93991,68703
93992,68703
93332,16131
34125,16131
124259,16131
34100,16131
132789,16131
125962,16131
125961,16131
95971,16131
132099,16131
126342,16131
126341,16131
124492,16131
124491,16131
131188,16131
109018,16131
109040,16131
109912,16131
107559,16131
38923,16131
41285,16131
107389,16131
106867,16131
107392,16131
107574,16131
41613,16131
125392,16131
125391,16131
41675,16131
92394,16131
92414,16131
132095,16131
132779,16131
94700,16131
95113,16131
96120,16131
131183,16131
120477,16131
109940,16131
120992,16131
96164,16131
96718,16131
35581,16131
35625,16131
45239,16131
45240,16131
141090,16131
46333,16131
126983,16131
129407,16131
120478,16131
107806,16131
131181,16131
132773,16131
120998,16131
31096,16131
34101,16131
132093,16131
35542,16131
37737,16131
35488,16131
41230,16131
48204,16131
31128,16131
47800,16131
55614,16131
91160,16131
90834,16131
91157,16131
91354,16131
91356,16131
91822,16131
90366,16131
90856,16131
89808,16131
90367,16131
89654,16131
88136,16131
89810,16131
91836,16131
92426,16131
93230,16131
94458,16131
77324,16131
88144,16131
126705,16131
128449,16131
125390,16131
124769,16131
109948,16131
37894,16131
122645,16131
123219,16131
121891,16131
122652,16131
128759,16131
128778,16131
128482,16131
121421,16131
121887,16131
120486,16131
121409,16131
129945,16131
129948,16131
130669,16131
134883,16131
133183,16131
133641,16131
132981,16131
133196,16131
130651,16131
130871,16131
130855,16131
132667,16131
132988,16131
109763,16131
131255,16131
46256,16131
131245,16131
131481,16131
131467,16131
132013,16131
132301,16131
132659,16131
132055,16131
132318,16131
43809,68701
140776,16131
141010,16131
140775,16131
69050,1593269
37970,16131
38916,16131
107769,16131
107259,16131
109990,16131
109333,16131
107020,16131
37782,16131
45231,16131
90728,16131
91567,16131
89812,16131
94480,16131
94311,16131
95898,16131
121885,16131
121399,16131
46351,16131
47550,226427
120492,16131
92058,16131
93135,16131
93748,16131
124579,16131
124483,16131
106868,16131
124249,16131
124486,16131
123699,16131
124257,16131
121881,16131
92046,16131
91837,16131
77076,16131
77368,16131
123694,16131
76578,16131
77084,16131
122642,16131
76234,16131
76592,16131
123199,16131
76248,16131
75578,16131
141322,16131
96293,16131
74329,16131
47431,16131
108900,16131
108660,16131
45305,68701
45306,68701
78329,16131
78330,16131
78438,16131
79116,16131
108659,16131
125781,16131
126612,16131
125790,16131
125386,16131
90726,16131
74032,16131
72216,16131
76591,16131
110531,16131
109985,16131
94328,16131
73989,226421
72215,68703
75110,173849
93136,16131
121873,16131
107912,16131
108792,16131
120494,16131
120275,16131
120514,16131
130652,16131
141011,16131
141174,16131
130864,16131
131025,16131
120107,16131
120278,16131
119975,16131
120118,16131
119769,16131
119978,16131
119770,16131
119788,16131
79214,16131
125373,16131
125804,16131
126420,16131
123463,16131
123695,16131
142560,16131
142556,16131
111009,16131
110545,16131
50703,856803
50696,856803
76322,16131
95847,16131
75109,16131
50891,856803
50876,856803
96692,16131
94332,16131
94778,16131
37834,68705
20888,16131
109178,16131
122232,16131
122644,16131
122893,16131
122898,16131
123222,16131
122238,16131
102231,16131
100835,16131
121871,16131
100836,16131
47786,16131
106921,16131
107686,16131
37819,16131
109096,16131
37736,16131
37136,16131
93150,16131
94344,16131
90676,16131
91292,16131
102235,16131
91298,16131
107828,16131
100842,16131
142440,16131
142561,16131
59455,16131
59949,16131
59978,16131
133827,16131
89820,16131
90557,16131
37651,16131
141826,16131
109833,16131
91306,16131
102207,16131
100848,16131
126383,16131
93141,16131
93751,16131
95183,16131
95867,16131
93140,16131
132043,16131
94727,16131
94730,16131
133634,16131
95204,16131
103719,16131
103720,16131
109138,16131
104121,16131
104122,16131
103903,16131
103904,16131
121995,16131
122325,16131
122333,16131
122705,16131
120497,16131
122726,16131
36571,16131
36154,16131
123265,16131
123268,16131
123677,16131
126338,16131
125425,16131
124267,16131
125423,16131
93138,16131
93137,16131
142648,16131
142563,16131
37293,16131
20675,16131
106922,16131
106909,16131
102227,16131
71590,16131
41206,16131
100866,16131
47433,16131
142806,16131
142702,16131
89731,16131
90167,16131
38913,16131
89664,16131
90551,16131
91316,16131
47461,16131
111253,16131
132040,16131
133666,16131
126301,16131
127883,16131
127886,16131
128125,16131
128140,16131
129001,16131
129012,16131
129561,16131
129564,16131
129941,16131
129958,16131
130217,16131
130246,16131
130683,16131
130901,16131
130906,16131
131403,16131
131416,16131
143308,16131
103356,16131
103355,16131
103362,16131
55673,16131
56468,16131
142711,16131
142565,16131
144747,16131
145508,16131
47679,16131
102225,16131
126097,16131
100880,16131
145484,16131
145982,16131
89663,16131
125411,16131
103714,16131
104146,16131
106075,16131
106391,16131
106907,16131
106400,16131
106078,16131
36594,16131
109827,16131
120467,16131
119790,16131
142926,16131
142922,16131
102239,16131
111212,16131
111841,16131
95868,16131
50695,856803
100900,16131
93168,16131
50882,856803
51180,856803
109836,16131
37211,16131
143276,16131
119614,16131
119609,16131
106902,16131
88143,16131
119349,16131
119345,16131
142931,16131
35487,16131
35483,16131
142721,16131
142567,16131
35535,16131
36126,16131
36714,16131
38060,16131
89669,16131
90810,16131
88154,16131
89435,16131
35484,16131
35150,16131
74330,16131
126068,16131
125013,16131
124275,16131
124850,16131
124278,16131
123289,16131
123272,16131
35190,16131
36105,16131
122342,16131
76111,16131
145478,16131
142928,16131
91320,16131
142727,16131
125826,16131
127526,16131
142573,16131
119346,16131
119341,16131
142071,16131
119601,16131
119993,16131
131428,16131
142276,16131
142118,16131
142072,16131
56232,16131
57752,16131
145476,16131
142924,16131
142720,16131
130262,16131
142558,16131
129970,16131
104772,16131
104766,16131
105664,16131
105702,16131
106008,16131
105987,16131
109382,16131
111670,16131
118202,16131
111711,16131
109197,16131
103284,16131
103026,16131
103288,16131
91446,16131
102318,16131
103034,16131
91448,16131
92214,16131
79220,16131
92302,16131
90636,16131
90684,16131
102364,16131
93188,16131
86580,16131
86573,16131
100266,16131
99290,16131
100280,16131
88646,16131
89563,16131
89568,16131
87807,16131
97952,16131
99281,16131
97342,16131
97947,16131
97420,16131
96673,16131
89549,16131
20646,16131
121827,16131
121828,16131
121585,16131
121575,16131
122127,16131
122128,16131
120761,16131
120721,16131
121287,16131
121277,16131
119342,16131
119314,16131
119570,16131
121045,16131
121043,16131
145472,16131
145682,16131
74332,16131
75026,16131
75028,16131
76736,16131
76733,16131
102845,16131
102846,16131
125438,16131
60090,16131
123886,16131
123769,16131
122522,16131
122530,16131
142250,16131
122346,16131
91454,16131
75119,16131
75519,16131
59951,16131
60051,16131
130298,16131
129992,16131
131912,16131
99282,16131
99275,16131
100753,16131
144537,16131
144618,16131
100296,16131
49308,856803
49300,856803
75985,16131
76026,16131
76361,16131
143206,68678
47653,856803
142252,16131
131988,16131
90691,16131
91327,16131
142504,16131
142501,16131
75584,16131
36153,16131
47495,16131
96674,16131
96671,16131
133670,16131
75522,16131
100743,16131
99276,16131
99263,16131
100318,16131
131996,16131
36156,16131
105411,16131
105412,16131
92316,16131
92810,16131
62322,16131
96665,16131
97571,16131
97545,16131
97945,16131
122360,16131
122105,16131
122124,16131
121832,16131
121600,16131
121290,16131
121052,16131
120724,16131
120466,16131
60053,16131
61763,16131
35686,16131
36458,16131
126819,16131
126788,16131
100747,16131
99264,16131
99251,16131
98659,16131
98660,16131
100328,16131
98444,16131
98441,16131
93192,16131
92322,16131
129547,16131
129548,16131
90687,16131
91451,16131
131186,16131
35998,16131
96651,16131
97260,16131
91460,16131
91971,16131
128277,16131
128278,16131
122809,16131
122765,16131
93218,16131
94774,16131
100751,16131
100338,16131
86574,16131
86513,16131
99252,16131
99258,16131
50164,856803
50163,856803
50886,856803
51901,856803
93213,16131
90679,16131
92328,16131
131024,16131
131990,16131
91464,16131
118177,16131
104753,16131
131984,16131
132816,16131
105434,16131
106123,16131
37863,16131
38482,16131
145866,16131
99260,16131
99245,16131
100342,16131
100745,16131
36465,16131
145442,16131
87803,16131
20720,16131
20890,16131
87795,16131
92336,16131
92601,16131
86514,16131
86566,16131
130500,16131
131227,16131
142498,16131
142598,16131
33240,16131
37354,16131
37278,16131
37530,16131
100749,16131
93209,16131
92340,16131
91468,16131
90680,16131
90656,16131
100354,16131
99246,16131
99239,16131
33295,16131
131975,16131
133688,16131
132842,16131
125401,16131
126396,16131
50171,856803
107923,16131
109232,16131
107643,16131
107932,16131
107644,16131
107654,16131
49291,856803
127384,16131
127311,16131
127896,16131
126201,16131
127975,16131
129516,16131
38629,16131
129397,16131
32822,16131
86568,16131
86561,16131
87798,16131
106159,16131
105981,16131
104749,16131
105817,16131
101631,16131
100969,16131
101644,16131
102097,16131
102093,16131
45571,16131
102353,16131
32894,16131
93206,16131
94747,16131
123243,16131
122857,16131
123336,16131
123595,16131
100647,16131
100937,16131
102831,16131
123658,16131
103040,16131
122914,16131
123913,16131
100603,16131
103302,16131
124108,16131
124375,16131
99254,16131
97167,16131
96947,16131
97184,16131
97717,16131
96972,16131
97726,16131
97976,16131
122574,16131
124432,16131
96017,16131
96668,16131
95289,16131
95296,16131
96066,16131
90113,16131
89547,16131
125003,16131
112264,16131
112263,16131
37382,16131
37598,16131
90655,16131
90643,16131
93201,16131
92348,16131
91472,16131
37188,16131
112567,16131
112568,16131
132262,16131
131967,16131
118178,16131
118169,16131
37521,16131
37800,16131
38635,16131
38510,16131
108158,16131
108157,16131
112780,16131
112768,16131
142492,16131
142588,16131
109236,16131
108163,16131
95314,16131
89543,16131
90303,16131
119338,16131
119514,16131
86562,16131
86553,16131
93197,16131
106601,16131
106602,16131
69874,16131
69873,16131
89544,16131
89539,16131
92333,16131
130706,16131
37323,16131
37116,16131
90644,16131
91476,16131
45562,16131
37385,16131
37716,16131
131961,16131
132846,16131
119546,16131
38267,16131
74422,16131
74502,16131
118170,16131
118172,16131
119816,16131
96080,16131
130355,16131
131152,16131
76048,16131
86554,16131
86545,16131
38311,16131
101340,16131
101339,16131
101349,16131
101686,16131
37064,16131
37265,16131
108169,16131
89540,16131
109258,16131
93195,16131
37586,16131
37335,16131
89537,16131
121608,16131
146396,16131
145694,16131
122616,16131
92354,16131
90646,16131
90652,16131
91480,16131
119834,16131
51795,121279
47651,16131
131956,16131
132612,16131
145673,16131
132590,16131
132855,16131
89533,16131
90297,16131
94750,16131
35118,16131
145056,16131
145430,16131
96698,16131
127986,16131
144600,16131
118174,16131
118176,16131
35139,16131
35594,16131
127243,16131
142532,16131
125969,16131
86546,16131
86539,16131
129163,16131
37016,16131
37193,16131
96988,16131
123313,16131
105619,16131
105855,16131
123629,16131
124904,16131
124061,16131
130857,16131
131530,16131
124401,16131
37285,16131
37506,16131
93224,16131
91484,16131
89531,16131
90670,16131
112013,16131
112014,16131
98615,16131
98608,16131
122712,16131
87763,16131
34136,16131
95324,16131
36118,16131
36851,16131
105620,16131
20861,16131
20767,16131
107135,16131
107136,16131
107419,16131
107420,16131
89527,16131
97216,16131
109262,16131
108171,16131
20905,16131
20823,16131
118186,16131
119026,16131
35071,16131
35271,16131
102351,16131
102356,16131
98883,16131
98884,16131
102376,16131
102601,16131
101211,16131
101212,16131
101651,16131
102634,16131
103310,16131
103969,16131
103986,16131
104741,16131
111477,16131
111478,16131
132833,16131
36972,16131
37133,16131
133680,16131
86540,16131
86529,16131
98295,16131
98296,16131
37221,16131
37388,16131
131217,16131
96088,16131
107946,16131
87766,16131
97748,16131
89525,16131
15046,16131
13870,16131
14953,16131
16280,16131
110021,16131
110022,16131
107674,16131
16274,16131
93234,16131
13867,16131
109330,16131
90195,16131
90661,16131
90183,16131
89517,16131
35545,16131
97982,16131
119032,16131
109627,16131
109628,16131
118192,16131
86530,16131
86525,16131
141969,68652
141970,68652
36932,16131
37079,16131
37222,16131
37346,16131
142654,68652
141978,68652
37618,16131
124817,16131
125941,16131
118194,16131
120504,16131
121058,16131
132182,16131
96710,16131
98338,16131
118196,16131
34196,16131
87749,16131
89511,16131
127965,16131
105079,16131
105051,16131
96998,16131
98605,16131
144592,16131
105363,16131
105359,16131
125669,16131
131893,16131
127140,16131
89503,16131
37290,16131
86526,16131
86515,16131
36884,16131
37017,16131
90176,16131
129166,16131
130327,16131
119040,16131
37696,16131
93242,16131
118200,16131
129697,16131
130845,16131
90662,16131
71448,16131
144538,16131
97224,16131
97507,16131
98888,16131
99086,16131
133640,16131
111167,16131
124724,16131
132784,16131
124111,16131
124370,16131
123362,16131
124050,16131
123668,16131
103673,16131
103674,16131
122816,16131
103318,16131
31986,16131
32867,16131
102654,16131
102390,16131
99953,16131
99966,16131
99268,16131
100600,16131
142683,68652
142680,68652
98553,16131
89493,16131
98549,16131
98057,16131
98060,16131
93157,16131
93749,16131
97821,16131
101351,16131
97824,16131
97613,16131
97616,16131
93754,16131
97228,16131
101654,16131
96059,16131
94754,16131
95747,16131
96084,16131
95768,16131
95328,16131
144588,16131
121001,16131
97636,16131
36860,16131
36973,16131
86516,16131
86509,16131
99298,16131
37279,16131
37088,16131
37024,16131
37205,16131
32014,16131
34107,16131
37760,16131
132682,16131
143041,68652
142881,68652
97828,16131
130851,16131
103996,16131
104740,16131
35685,16131
130535,16131
119856,16131
119542,16131
118206,16131
132353,16131
124538,16131
125934,16131
98080,16131
133126,16131
112018,16131
112267,16131
110681,16131
111178,16131
112572,16131
110347,16131
110694,16131
112778,16131
36859,16131
36939,16131
31058,16131
110350,16131
108923,16131
108499,16131
108934,16131
109247,16131
109290,16131
109447,16131
109445,16131
108481,16131
109685,16131
109706,16131
36984,16131
37139,16131
110017,16131
107939,16131
35906,16131
107411,16131
107112,16131
86510,16131
86505,16131
87491,16131
142796,68652
106355,16131
106584,16131
142144,68652
142675,68652
106091,16131
106358,16131
106098,16131
105655,16131
105636,16131
105350,16131
37175,16131
37663,16131
100218,16131
105056,16131
35952,16131
104731,16131
141980,68652
142136,68652
149846,0
149845,0
31105,16131
127968,16131
98552,16131
143032,68652
103574,16131
103678,16131
104006,16131
30168,16131
126897,16131
35905,16131
89494,16131
89487,16131
125670,16131
130929,16131
37605,16131
119538,16131
142882,68652
118208,16131
49293,856803
36915,16131
37091,16131
31085,16131
31157,16131
36885,16131
37105,16131
87495,16131
86506,16131
86502,16131
132889,16131
89467,16131
100597,16131
101228,16131
144566,16131
145024,16131
75053,16131
30198,16131
31131,16131
102680,16131
37525,16131
31949,16131
104732,16131
104727,16131
101656,16131
99306,16131
99653,16131
30932,16131
31929,16131
142994,68652
142676,68652
119534,16131
142890,68652
110351,16131
118209,16131
118214,16131
37051,16131
145628,16131
145345,16131
85976,16131
85975,16131
86493,16131
87499,16131
122433,16131
123334,16131
131299,16131
69124,16131
98735,16131
99315,16131
100608,16131
142152,68652
98830,16131
101664,16131
101342,16131
36854,16131
36977,16131
77454,16131
77156,16131
77464,16131
77512,16131
76154,16131
77180,16131
104496,16131
104724,16131
76153,16131
76182,16131
102701,16131
37011,16131
92823,16131
92824,16131
37302,16131
123672,16131
101333,16131
101666,16131
124100,16131
124146,16131
89468,16131
89449,16131
44528,0
44527,0
92545,16131
92546,16131
124496,16131
56685,16131
56686,16131
101670,16131
101918,16131
93987,16131
119530,16131
93760,16131
118216,16131
93158,16131
102939,16131
124388,16131
102699,16131
102310,16131
101672,16131
131931,16131
87505,16131
89450,16131
89458,16131
126063,16131
86494,16131
104722,16131
104420,16131
104206,16131
104717,16131
104036,16131
104230,16131
104028,16131
103790,16131
103792,16131
106768,16131
107099,16131
103576,16131
106745,16131
106301,16131
106108,16131
133852,16131
105670,16131
105351,16131
98832,16131
98891,16131
100612,16131
125856,16131
126675,16131
104718,16131
130336,16131
102929,16131
102695,16131
102672,16131
101674,16131
119525,16131
129698,16131
142892,68652
142895,68652
143046,68652
118222,16131
36115,16131
92165,16131
92156,16131
126678,16131
145008,16131
128127,16131
144514,16131
37764,16131
98892,16131
98839,16131
37708,16131
86496,16131
100618,16131
35911,16131
87509,16131
99303,16131
47497,16131
89460,16131
89453,16131
102919,16131
102663,16131
132443,16131
133229,16131
101336,16131
101676,16131
36005,16131
37102,16131
119520,16131
118226,16131
120955,16131
93772,16131
93985,16131
35913,16131
35931,16131
93172,16131
100622,16131
101680,16131
101913,16131
101193,16131
128130,16131
129651,16131
91857,16131
91828,16131
100626,16131
122107,16131
99279,16131
129851,16131
89454,16131
89451,16131
86498,16131
87503,16131
102645,16131
102907,16131
138129,16131
102305,16131
101682,16131
86111,16131
86114,16131
85963,16131
85964,16131
85966,16131
86904,16131
100634,16131
36008,16131
36729,16131
101696,16131
57227,16131
57228,16131
100640,16131
132537,16131
74940,16131
74939,16131
99233,16131
102905,16131
102308,16131
102639,16131
103580,16131
15205,16131
16269,16131
87482,16131
87486,16131
89452,16131
89480,16131
45561,16131
47521,16131
103796,16131
110406,16131
100644,16131
101700,16131
99217,16131
76299,16131
76518,16131
144470,16131
144880,16131
76505,16131
76880,16131
119858,16131
76914,16131
107373,16131
107388,16131
110064,16131
77186,16131
107120,16131
106543,16131
106748,16131
102629,16131
104761,16131
109464,16131
106546,16131
120508,16131
109271,16131
109294,16131
106327,16131
108506,16131
105857,16131
105860,16131
105623,16131
37923,16131
105632,16131
105302,16131
104030,16131
101706,16131
102607,16131
104236,16131
104735,16131
57472,16131
58800,16131
125716,16131
127258,16131
118296,16131
118228,16131
94648,16131
94374,16131
94662,16131
95596,16131
119862,16131
94118,16131
94382,16131
94126,16131
120518,16131
93744,16131
93498,16131
93766,16131
93526,16131
99218,16131
93180,16131
92808,16131
92828,16131
92560,16131
95602,16131
91936,16131
92182,16131
91938,16131
91662,16131
91661,16131
91653,16131
100650,16131
101375,16131
144058,16131
144558,16131
124190,16131
96235,16131
96236,16131
124417,16131
142898,68652
142900,68652
122825,16131
99222,16131
98003,16131
98842,16131
47198,16131
47525,16131
47664,173853
102597,16131
101718,16131
97444,16131
97443,16131
89482,16131
89560,16131
129654,16131
36617,16131
36618,16131
97017,16131
97018,16131
101507,16131
99228,16131
100662,16131
95630,16131
130357,16131
131074,16131
125701,16131
130269,16131
94674,16131
118230,16131
91654,16131
91649,16131
119872,16131
120528,16131
99232,16131
98844,16131
121957,16131
98001,16131
98858,16131
47539,16131
101715,16131
105237,16131
116488,16131
100666,16131
15443,16131
15438,16131
15689,16131
31997,16131
33268,16131
102581,16131
14441,16131
99272,16131
14427,16131
101709,16131
11699,16131
91650,16131
91645,16131
120956,16131
47670,121277
74567,16131
103885,16131
103886,16131
119880,16131
120038,16131
31973,16131
32277,16131
31384,16131
103739,16131
103740,16131
118232,16131
47543,68703
142899,68652
142917,68652
143044,68652
125679,16131
126266,16131
101500,16131
31463,16131
32257,16131
98878,16131
99203,16131
97447,16131
132178,16131
48290,331575
130037,16131
102577,16131
91646,16131
91648,16131
101707,16131
118234,16131
47249,16131
47575,16131
97065,16131
130890,16131
97068,16131
96857,16131
96543,16131
96870,16131
118236,16131
96546,16131
95981,16131
95986,16131
95625,16131
41262,16131
119867,16131
128980,16131
128979,16131
143902,16131
104777,16131
99201,16131
98902,16131
43151,16131
47315,16131
125680,16131
126156,16131
118238,16131
97451,16131
43167,16131
118240,16131
34157,16131
35068,16131
52650,16131
51763,16131
54292,16131
100771,16131
100615,16131
100630,16131
53949,16131
33534,16131
121163,16131
99183,16131
95626,16131
95621,16131
102576,16131
56272,16131
128054,16131
127869,16131
145934,16131
145276,16131
101703,16131
128761,16131
143831,16131
33563,16131
124437,16131
35492,16131
105233,16131
115509,16131
49537,121275
144102,16131
98920,16131
118242,16131
118244,16131
119868,16131
119865,16131
97453,16131
99941,16131
119866,16131
121134,16131
102618,16131
95622,16131
95613,16131
35366,16131
101693,16131
98915,16131
105289,16131
104296,16131
104299,16131
104534,16131
104554,16131
103467,16131
103430,16131
37637,16131
35651,16131
102567,16131
125798,16131
125797,16131
98913,16131
97455,16131
118246,16131
118248,16131
16266,16131
130581,16131
95614,16131
100199,16131
100656,16131
100195,16131
95609,16131
98909,16131
102590,16131
144580,16131
144964,16131
123731,16131
124461,16131
101455,16131
132171,16131
35473,16131
142202,16131
126046,16131
130029,16131
144628,16131
122905,16131
123310,16131
97457,16131
32543,16131
98897,16131
125873,16131
145346,16131
99539,16131
100185,16131
99191,16131
99564,16131
99192,16131
126335,16131
102604,16131
101456,16131
94914,16131
94899,16131
32172,16131
32529,16131
125876,16131
126101,16131
121328,16131
122537,16131
129315,16131
130393,16131
97465,16131
98906,16131
100177,16131
36619,16131
99576,16131
120213,16131
16284,16131
102626,16131
15427,16131
34786,16131
101468,16131
94900,16131
144672,16131
144860,16131
97072,16131
97071,16131
95612,16131
97076,16131
97469,16131
9961,16131
74772,16131
144832,16131
145176,16131
124677,16131
128764,16131
98169,16131
97471,16131
61043,16131
61044,16131
102658,16131
101484,16131
95618,16131
97001,16131
121796,16131
34941,16131
31845,16131
94629,16131
94613,16131
94355,16131
94353,16131
94905,16131
99903,16131
99715,16131
94147,16131
94135,16131
101512,16131
130841,16131
90177,16131
90173,16131
142297,16131
142241,16131
122198,16131
142242,16131
142119,16131
53950,16131
104300,16131
105297,16131
122786,16131
124272,16131
96479,16131
96506,16131
96833,16131
96838,16131
95645,16131
94384,16131
94628,16131
94136,16131
94140,16131
94923,16131
130467,16131
33231,16131
89277,16131
90200,16131
121092,16131
127572,16131
126962,16131
32168,16131
32660,16131
40231,16131
89278,16131
123828,16131
104304,16131
105311,16131
143815,16131
124460,16131
141923,16131
142162,16131
58471,16131
59722,16131
101590,16131
102058,16131
102060,16131
40234,16131
43227,16131
104308,16131
106433,16131
106434,16131
103414,16131
121675,16131
37723,16131
38748,16131
120111,16131
106697,16131
106675,16131
30931,16131
36112,16131
132141,16131
97754,16131
128214,16131
128213,16131
104312,16131
36483,16131
38241,16131
105317,16131
95633,16131
99388,16131
142184,16131
15246,16131
15217,16131
125496,16131
125037,16131
42298,16131
43496,16131
104316,16131
105321,16131
99091,16131
143113,16131
143794,16131
90204,16131
89286,16131
141924,16131
95634,16131
95636,16131
122194,16131
22102,16131
22097,16131
22164,16131
22155,16131
23614,16131
141816,16131
105325,16131
104318,16131
89288,16131
89290,16131
143414,16131
143796,16131
144136,16131
144692,16131
143114,16131
89292,16131
98781,16131
20904,16131
22382,16131
143448,16131
22448,16131
23544,16131
92951,16131
92935,16131
33414,16131
107595,16131
100445,16131
100245,16131
106692,16131
128984,16131
128977,16131
129784,16131
129765,16131
38970,16131
106393,16131
106101,16131
106402,16131
105849,16131
106118,16131
105629,16131
105870,16131
105634,16131
7473,0
7474,0
103273,16131
33454,16131
33570,16131
89689,16131
89294,16131
89300,16131
31464,16131
40826,16131
42609,16131
98695,16131
100008,16131
124044,16131
121372,16131
124030,16131
131535,16131
131525,16131
98696,16131
98247,16131
36111,16131
120063,16131
120928,16131
20881,16131
33288,16131
33381,16131
92936,16131
92931,16131
89725,16131
89302,16131
89312,16131
126375,16131
127511,16131
100041,16131
100992,16131
13898,16131
15221,16131
15733,16131
16290,16131
15736,16131
13897,16131
38086,16131
38851,16131
38085,16131
143806,16131
143086,16131
143085,16131
143430,16131
143087,16131
144664,16131
145052,16131
145050,16131
145082,16131
89314,16131
89316,16131
89679,16131
34258,16131
98248,16131
120970,16131
121596,16131
33431,16131
127514,16131
128217,16131
129753,16131
129751,16131
130480,16131
130997,16131
131016,16131
98149,16131
122152,16131
131538,16131
132144,16131
99777,16131
33301,16131
33551,16131
43497,16131
42717,16131
132146,16131
133266,16131
143423,16131
98150,16131
98131,16131
109579,16131
109580,16131
110459,16131
110460,16131
93309,16131
110243,16131
110244,16131
109995,16131
109979,16131
92932,16131
92957,16131
141782,16131
143810,16131
144198,16131
89317,16131
89334,16131
89922,16131
34426,16131
39000,16131
121210,16131
100994,16131
102624,16131
34214,16131
119951,16131
120586,16131
39004,16131
40314,16131
38466,16131
129003,16131
129004,16131
90705,16131
89928,16131
144366,16131
31522,16131
143812,16131
40780,16131
41024,16131
100528,16131
121708,16131
123496,16131
127097,16131
40987,16131
34187,16131
98132,16131
103291,16131
32442,16131
144344,16131
90697,16131
89930,16131
143801,16131
141779,16131
141828,16131
139634,16131
142838,16131
143506,16131
32677,16131
141185,16131
141795,16131
88507,16131
88491,16131
39957,16131
109131,16131
109081,16131
142797,16131
142807,16131
126710,16131
127466,16131
127467,16131
128249,16131
37961,16131
37962,16131
89936,16131
90731,16131
32161,16131
129788,16131
129018,16131
38068,16131
38919,16131
131030,16131
131564,16131
99976,16131
99975,16131
132155,16131
130494,16131
31982,16131
145344,16131
38677,16131
110955,16131
110956,16131
108571,16131
108559,16131
110653,16131
110654,16131
88239,16131
88201,16131
106093,16131
106094,16131
105185,16131
105183,16131
143799,16131
102864,16131
143415,16131
143881,16131
105788,16131
105787,16131
37563,16131
38941,16131
120334,16131
39958,16131
40595,16131
144204,16131
143781,16131
38179,16131
91039,16131
89938,16131
37627,16131
38109,16131
102413,16131
104588,16131
104587,16131
138685,16131
89942,16131
61462,16131
61461,16131
89348,16131
91011,16131
87351,16131
87347,16131
86436,16131
86435,16131
93359,16131
144666,16131
144820,16131
122896,16131
92958,16131
92947,16131
86433,16131
89944,16131
87339,16131
120225,16131
121194,16131
98111,16131
99090,16131
122264,16131
141689,16131
141555,16131
38127,16131
38597,16131
38320,16131
86429,16131
123606,16131
60324,16131
69049,68701
103295,16131
87335,16131
91057,16131
86430,16131
89948,16131
86423,16131
58472,16131
58463,16131
111873,16131
116365,16131
116384,16131
103315,16131
119376,16131
41135,16131
61943,16131
108073,16131
108102,16131
87967,16131
87963,16131
40990,16131
110353,16131
110362,16131
86415,16131
87329,16131
120147,16131
36122,16131
37491,16131
143416,16131
89098,16131
89356,16131
61463,16131
42611,16131
143772,16131
143418,16131
73424,16131
141661,16131
141597,16131
89952,16131
92948,16131
35307,16131
97159,16131
95047,16131
92933,16131
94397,16131
94404,16131
89364,16131
95050,16131
90885,16131
86416,16131
89956,16131
138686,16131
69231,121275
48576,16131
49063,16131
121382,16131
140597,16131
141384,16131
86413,16131
138677,16131
86407,16131
121960,16131
101933,16131
41139,16131
35324,16131
87317,16131
92928,16131
94402,16131
40991,16131
120785,16131
38096,16131
16296,16131
20267,16131
90985,16131
30920,16131
97181,16131
95605,16131
89962,16131
37964,16131
34151,16131
99672,16131
95559,16131
95052,16131
95054,16131
34431,16131
141733,16131
141665,16131
86403,16131
87305,16131
116452,16131
119287,16131
92927,16131
92915,16131
94428,16131
94806,16131
32729,16131
34179,16131
138678,16131
141600,16131
138676,16131
87753,16131
87751,16131
145152,16131
138370,16131
138529,16131
86404,16131
89978,16131
90891,16131
32432,16131
121040,16131
86401,16131
34560,16131
34559,16131
34823,16131
126709,16131
97173,16131
38098,16131
92896,16131
127508,16131
95541,16131
94434,16131
128253,16131
132161,16131
86397,16131
131044,16131
138669,16131
138784,16131
131572,16131
130514,16131
34773,16131
129814,16131
87308,16131
98112,16131
128281,16131
129050,16131
114107,16131
114108,16131
33652,16131
34225,68705
113897,16131
113898,16131
34397,16131
34856,16131
87310,16131
87531,16131
87530,16131
87760,16131
53951,16131
87956,16131
143771,16131
88643,16131
88208,16131
88478,16131
143778,16131
144316,16131
85737,16131
85709,16131
86389,16131
34285,16131
34461,68704
138670,16131
141789,16131
138659,16131
96517,16131
96021,16131
96524,16131
96907,16131
96920,16131
97083,16131
97112,16131
97277,16131
97317,16131
97489,16131
123446,16131
141808,16131
87314,16131
42875,16131
93464,16131
94424,16131
89979,16131
89975,16131
90502,16131
90481,16131
90642,16131
90648,16131
91554,16131
91558,16131
91764,16131
93486,16131
91766,16131
92564,16131
101824,16131
92890,16131
33747,16131
35223,68704
35253,16131
121716,16131
62291,16131
121443,16131
85710,16131
57313,16131
57309,16131
103325,16131
106053,16131
86385,16131
87322,16131
96001,16131
95542,16131
95535,16131
121041,16131
28246,16131
34871,16131
141208,16131
141110,16131
141305,16131
138570,16131
138561,16131
142095,16131
142096,16131
92902,16131
138651,16131
90611,16131
90439,16131
89971,16131
85712,16131
86381,16131
32274,16131
87326,16131
96534,16131
96002,16131
30042,16131
30041,16131
30134,16131
127357,16131
127345,16131
126714,16131
127901,16131
128345,16131
128366,16131
128851,16131
132186,16131
132188,16131
132748,16131
32304,16131
33221,16131
132766,16131
133274,16131
131487,16131
131463,16131
128874,16131
140974,16131
141177,16131
101934,16131
103320,16131
115985,16131
116419,16131
115527,16131
115534,16131
114621,16131
113900,16131
85714,16131
85716,16131
28245,16131
86373,16131
104081,16131
103298,16131
140527,16131
140850,16131
98140,16131
98944,16131
87064,16131
87380,16131
143786,16131
144064,16131
88473,16131
86804,16131
87070,16131
89087,16131
91091,16131
89361,16131
89969,16131
35286,16131
138562,16131
138557,16131
123228,16131
138648,16131
100013,16131
99706,16131
28264,16131
140139,16131
140719,16131
96548,16131
142192,16131
142103,16131
95536,16131
95534,16131
96004,16131
85718,16131
85722,16131
86369,16131
105889,16131
105885,16131
141073,16131
141233,16131
57305,16131
98817,16131
98670,16131
55908,16131
150601,68597
150589,68597
138633,16131
138860,16131
140877,16131
140878,16131
141251,16131
13291,16131
13292,16131
42877,16131
121436,16131
132776,16131
141329,16131
141265,16131
141739,16131
103080,16131
104840,16131
143788,16131
143824,16131
132204,16131
133271,16131
94330,16131
95550,16131
96008,16131
94336,16131
131464,16131
96556,16131
96016,16131
85724,16131
86359,16131
138558,16131
138556,16131
138617,16131
13264,16131
13263,16131
138374,16131
138542,16131
140922,16131
126726,16131
30135,16131
30181,16131
30872,16131
141145,16131
28263,16131
142273,16131
142219,16131
142599,16131
98158,16131
89963,16131
90170,16131
90566,16131
90967,16131
90505,16131
90870,16131
90875,16131
86357,16131
92912,16131
91546,16131
91548,16131
88178,16131
150575,68597
150658,68597
96026,16131
95556,16131
30184,16131
30221,16131
141038,16131
94340,16131
86362,16131
80613,0
80614,0
85726,16131
85728,16131
85730,16131
125327,16131
125328,16131
141199,16131
141347,16131
141094,16131
30783,16131
102566,16131
103081,16131
113910,16131
113905,16131
102468,16131
102586,16131
106227,16131
102028,16131
102476,16131
105465,16131
105873,16131
101540,16131
102046,16131
104869,16131
105455,16131
142105,16131
142179,16131
100370,16131
101552,16131
104872,16131
100345,16131
123103,16131
133290,16131
140569,16131
140839,16131
132798,16131
138606,16131
132214,16131
103556,16131
131466,16131
119264,16131
122443,16131
95573,16131
32433,16131
96777,16131
96747,16131
97149,16131
93705,16131
94352,16131
96046,16131
85731,16131
32560,16131
33518,16131
93650,16131
86378,16131
88010,16131
85740,16131
92914,16131
92922,16131
142278,16131
32248,16131
37749,16131
38909,16131
150565,68597
150636,68597
89345,16131
89945,16131
141255,16131
141433,16131
35293,16131
36634,16131
140495,16131
140766,16131
121753,16131
96537,16131
85742,16131
121736,16131
96050,16131
95565,16131
122688,16131
88018,16131
85748,16131
86394,16131
127794,16131
127398,16131
127144,16131
127434,16131
127184,16131
126744,16131
90208,16131
90207,16131
125285,16131
92277,16131
92917,16131
143465,16131
92278,16131
92287,16131
125286,16131
142129,16131
35281,16131
36133,16131
125301,16131
34528,16131
33519,16131
142193,16131
142346,16131
142707,16131
141025,16131
133412,16131
93660,16131
132804,16131
35029,16131
36108,16131
105456,16131
105876,16131
99661,16131
98405,16131
92899,16131
132218,16131
131486,16131
140405,16131
140537,16131
145006,16131
145746,16131
85750,16131
141200,16131
94259,16131
95563,16131
150692,68597
96070,16131
85752,16131
141319,16131
141519,16131
88022,16131
86410,16131
52013,16131
85758,16131
118120,16131
119684,16131
150695,68597
117968,16131
118117,16131
117796,16131
117970,16131
117604,16131
117800,16131
139456,16131
139434,16131
139462,16131
139476,16131
49161,16131
139406,16131
139442,16131
116820,16131
117606,16131
139474,16131
139494,16131
139392,16131
139408,16131
48608,16131
116838,16131
116416,16131
125304,16131
125319,16131
126798,16131
141888,16131
142085,16131
92869,16131
139644,16131
140257,16131
144442,16131
145104,16131
142253,16131
142424,16131
85760,16131
140467,16131
140637,16131
101811,16131
85762,16131
94279,16131
85753,16131
135666,16131
102594,16131
97008,16131
88026,16131
86426,16131
141391,16131
141611,16131
140363,16131
132226,16131
132802,16131
52015,16131
52921,16131
141275,16131
131498,16131
52930,16131
53944,16131
55363,16131
119629,16131
88764,16131
88469,16131
150688,68597
142613,16131
142950,16131
140934,16131
139334,16131
139394,16131
126856,16131
91535,16131
91531,16131
125320,16131
125343,16131
55371,16131
55854,16131
33604,16131
139010,16131
64392,16131
95564,16131
96354,16131
93449,16131
93433,16131
115471,16131
116411,16131
99599,16131
99648,16131
100331,16131
101111,16131
98397,16131
61132,16131
64381,16131
101109,16131
85754,16131
88459,16131
88028,16131
141974,16131
142392,16131
86440,16131
142317,16131
142476,16131
141719,16131
141902,16131
85756,16131
122586,16131
101809,16131
140505,16131
140705,16131
140678,16131
103547,16131
150559,68597
150612,68597
85598,16131
85597,16131
141677,16131
90499,16131
56909,16131
32954,16131
33719,16131
141725,16131
92279,16131
90898,16131
141483,16131
91521,16131
48644,16131
49363,16131
37493,16131
133094,16131
88032,16131
85776,16131
86452,16131
125346,16131
125333,16131
93807,16131
93787,16131
131506,16131
126880,16131
36864,16131
141226,16131
123427,16131
101801,16131
102924,16131
144967,16131
145562,16131
142540,16131
140962,16131
141415,16131
36903,121279
142377,16131
100307,16131
33937,16131
33938,16131
34218,16131
140573,16131
140789,16131
101144,16131
142570,16131
101795,16131
38332,16131
33136,16131
141621,16131
140204,16131
140343,16131
142651,16131
142591,16131
142849,16131
123294,16131
124155,16131
34576,16131
35178,16131
103544,16131
129430,16131
129086,16131
129425,16131
129565,16131
124141,16131
124633,16131
101791,16131
124656,16131
125752,16131
128770,16131
129081,16131
125731,16131
126220,16131
128476,16131
128774,16131
126883,16131
144735,16131
145156,16131
126226,16131
128510,16131
95679,16131
98375,16131
87987,16131
87985,16131
88174,16131
32246,16131
61096,16131
88457,16131
88709,16131
86129,16131
52019,16131
86458,16131
141499,16131
100303,16131
32249,16131
98311,16131
99635,16131
141862,16131
142336,16131
100275,16131
101127,16131
140859,16131
101785,16131
32245,16131
142453,16131
20323,16131
140665,16131
150519,68597
150586,68597
140106,16131
139944,16131
140015,16131
20363,16131
32252,16131
32935,16131
20405,16131
21565,16131
150682,68597
150704,68597
116191,16131
116407,16131
103540,16131
140887,16131
140978,16131
141561,16131
101777,16131
99605,16131
100267,16131
117281,16131
117282,16131
150614,68597
123237,16131
123824,16131
143526,16131
35103,16131
35736,16131
140907,16131
141298,16131
142580,16131
142663,16131
140276,16131
140609,16131
143485,16131
143562,16131
140117,16131
89134,16131
88455,16131
89384,16131
92865,16131
91511,16131
90881,16131
90239,16131
90010,16131
143547,16131
143620,16131
144252,16131
144589,16131
21506,16131
22363,16131
87667,16131
87977,16131
87682,16131
144898,16131
86470,16131
30831,16131
86474,16131
103527,16131
22439,16131
140761,16131
98312,16131
98271,16131
101773,16131
123189,16131
61108,68704
61107,16131
60365,68704
114635,16131
115461,16131
115757,16131
122350,16131
119285,16131
119632,16131
119101,16131
118715,16131
94284,16131
118871,16131
119118,16131
124122,16131
126875,16131
118886,16131
116367,16131
116817,16131
116813,16131
117029,16131
116021,16131
116196,16131
117025,16131
117261,16131
117827,16131
117264,16131
117838,16131
117955,16131
117964,16131
118125,16131
118377,16131
118385,16131
118531,16131
118552,16131
118695,16131
118711,16131
115889,16131
116056,16131
115892,16131
115762,16131
142716,16131
141480,16131
30863,16131
31292,16131
114640,16131
113383,16131
92862,16131
30833,16131
101761,16131
148808,16131
101130,16131
143499,16131
143579,16131
100268,16131
22256,16131
90857,16131
91500,16131
22295,16131
23539,16131
150531,68597
150604,68597
139943,16131
123883,16131
124750,16131
144825,16131
144833,16131
30866,16131
31241,16131
141502,16131
142579,16131
142757,16131
61217,16131
99595,16131
140896,16131
140991,16131
143203,16131
143228,16131
98272,16131
98233,16131
145350,16131
143017,16131
141610,16131
35104,16131
35657,16131
102721,16131
103524,16131
102693,16131
101743,16131
150584,68597
23607,16131
23660,16131
140218,16131
140421,16131
26709,16131
141770,16131
141933,16131
150796,68597
150744,68597
91612,16131
91611,16131
87686,16131
29896,16131
139532,16131
139587,16131
90858,16131
90839,16131
26710,16131
139914,16131
119654,16131
120031,16131
123185,16131
123351,16131
29927,16131
91499,16131
86735,16131
91688,16131
91690,16131
92859,16131
94251,16131
60233,68695
55856,16131
23476,16131
88456,16131
88746,16131
128235,16131
128248,16131
129580,16131
23657,16131
24072,16131
150674,68597
126864,16131
122138,16131
125417,16131
126861,16131
26174,16131
139498,16131
139651,16131
95973,16131
95974,16131
18798,16131
99585,16131
98234,16131
98219,16131
33792,16131
34178,16131
26173,16131
142631,16131
142811,16131
104531,16131
140017,16131
140067,16131
103521,16131
59781,68695
60168,68695
36581,16131
140895,16131
141053,16131
140177,16131
139880,16131
139895,16131
5957,68490
5958,68490
100270,16131
101123,16131
16661,16131
96319,16131
96320,16131
114047,16131
144914,16131
113384,16131
113394,16131
141845,16131
142017,16131
35840,68703
36381,16131
140290,16131
99536,16131
98215,16131
26157,16131
26158,16131
87692,16131
87097,16131
98216,16131
98209,16131
28267,16131
96681,16131
96682,16131
49412,16131
56208,16131
53109,16131
115205,16131
115206,16131
52934,16131
95235,16131
95236,16131
52023,16131
50633,16131
142709,16131
142885,16131
114642,16131
114646,16131
114855,16131
114843,16131
117655,16131
117649,16131
104995,16131
104996,16131
115351,16131
115352,16131
104701,16131
102710,16131
140967,16131
141117,16131
101737,16131
105211,16131
105209,16131
90840,16131
100274,16131
150668,68597
150732,68597
88476,16131
99487,16131
88796,16131
101126,16131
100284,16131
93391,16131
35496,16131
92855,16131
98205,16131
141769,16131
91679,16131
139983,16131
92851,16131
126862,16131
127549,16131
98206,16131
98199,16131
128043,16131
128056,16131
128363,16131
5756,68490
5755,68490
127564,16131
115007,16131
115008,16131
150574,68597
150632,68597
30644,16131
30701,16131
141907,16131
140148,16131
140195,16131
140348,16131
87702,16131
139362,16131
139345,16131
139377,16131
26695,16131
26728,16131
27680,16131
117503,16131
117493,16131
114648,16131
114650,16131
139257,16131
101740,16131
101150,16131
34514,16131
142965,16131
98193,16131
142585,16131
99497,16131
142787,16131
102716,16131
101746,16131
121919,16131
124747,16131
128380,16131
34547,16131
35374,16131
26686,16131
143187,16131
34278,16131
26724,16131
27635,16131
141023,16131
141189,16131
126868,16131
127348,16131
142225,16131
142510,16131
31618,16131
94252,16131
94250,16131
142754,16131
143215,16131
26613,16131
150517,68597
150655,68597
150710,68597
31631,16131
125773,16131
126872,16131
143939,16131
143833,16131
114652,16131
114654,16131
34308,16131
34951,68703
150807,68597
150784,68597
95252,16131
30116,16131
141414,16131
125769,16131
143602,16131
125372,16131
141616,16131
30144,16131
150811,0
150812,0
150572,68597
93954,16131
140092,16131
116649,16131
116635,16131
143323,16131
141893,16131
140245,16131
140390,16131
99479,16131
27710,16131
100292,16131
149509,16131
149288,16131
98187,16131
26669,16131
27154,16131
5547,68490
5535,68490
91673,16131
101164,16131
128385,16131
90842,16131
126761,16131
102728,16131
101764,16131
92854,16131
93156,16131
92880,16131
120004,16131
121103,16131
125761,16131
126563,16131
141531,16131
141830,16131
141239,16131
142819,16131
88484,16131
88765,16131
150228,68597
150592,68597
114656,16131
114658,16131
5526,68490
5712,68490
142752,16131
141099,16131
27624,16131
141284,16131
141485,16131
142054,16131
141971,16131
27694,16131
38580,16131
27115,16131
119317,16131
119318,16131
87877,16131
138758,16131
139022,16131
96497,16131
96493,16131
140429,16131
141015,16131
138538,16131
138753,16131
144110,16131
143969,16131
144194,16131
97189,16131
138535,16131
138384,16131
94375,16131
95258,16131
94380,16131
97202,16131
97701,16131
83541,16131
81247,16131
93840,16131
5525,68490
98183,16131
97689,16131
100322,16131
35640,16131
99455,16131
98173,16131
93846,16131
106235,16131
105791,16131
5519,68490
5568,68490
140319,16131
140438,16131
5520,68490
31617,16131
105393,16131
105826,16131
140049,16131
140384,16131
105377,16131
36802,16131
36954,16131
104911,16131
104970,16131
104716,16131
27530,16131
5561,68490
27633,16131
28532,16131
33119,16131
126739,16131
139937,16131
31896,16131
31632,16131
125749,16131
143695,16131
36756,16131
102736,16131
101770,16131
59796,68695
143235,16131
143565,16131
88504,16131
141294,16131
141517,16131
139067,16131
141819,16131
141105,16131
141106,16131
126729,16131
128589,16131
114637,16131
114850,16131
115228,16131
115356,16131
115486,16131
115930,16131
116064,16131
116202,16131
116361,16131
69052,68701
69176,16131
31943,16131
144952,16131
91669,16131
91934,16131
141209,16131
150705,68597
92674,16131
101397,16131
101782,16131
91627,16131
90844,16131
96489,16131
95255,16131
94394,16131
144924,16131
145364,16131
90866,16131
98165,16131
90245,16131
90016,16131
144073,16131
144290,16131
139068,16131
36646,16131
36739,16131
99458,16131
91732,16131
92688,16131
139141,16131
142055,16131
33668,16131
119660,16131
119876,16131
144869,16131
145270,16131
120297,16131
143169,16131
143115,16131
125756,16131
121752,16131
29118,16131
140369,16131
140464,16131
150730,68597
125398,16131
101172,16131
126748,16131
142087,16131
142228,16131
150721,68597
101410,16131
142618,16131
101178,16131
100392,16131
99462,16131
125747,16131
5706,68490
33887,16131
102754,16131
150772,68597
5736,68490
5887,68490
101788,16131
34324,121277
35367,16131
21505,16131
115051,16131
115052,16131
5508,68490
5699,68490
142080,16131
115693,16131
115694,16131
33898,16131
142239,16131
142296,16131
31852,16131
149062,16131
149037,16131
149124,16131
141163,16131
93852,16131
150719,68597
144262,16131
92696,16131
140294,16131
96487,16131
101806,16131
95268,16131
94412,16131
144851,16131
145619,16131
140365,16131
33914,16131
99470,16131
140551,16131
140497,16131
140957,16131
142369,16131
142523,16131
5507,68490
98161,16131
144527,16131
31786,16131
144149,16131
144372,16131
35841,68703
31873,16131
144533,16131
145605,16131
91628,16131
143403,16131
100400,16131
142077,16131
99472,16131
101779,16131
145583,16131
146016,16131
90868,16131
140642,16131
143001,16131
143133,16131
6004,68490
102787,16131
90872,16131
140417,16131
22190,16131
36759,121275
31696,16131
31747,16131
93868,16131
92706,16131
141527,16131
141455,16131
141913,16131
144563,16131
144488,16131
96845,16131
96861,16131
97193,16131
96453,16131
96041,16131
96476,16131
91638,16131
94409,16131
140599,16131
96037,16131
95278,16131
119894,16131
120018,16131
145568,16131
98164,16131
99465,16131
121239,16131
120295,16131
98190,16131
143061,16131
143177,16131
120289,16131
36667,121273
36905,121273
120015,16131
114137,16131
114138,16131
31812,16131
31886,16131
141111,16131
5836,68490
128953,16131
101753,16131
144245,16131
140451,16131
140565,16131
139837,16131
140222,16131
31324,16131
31123,16131
126760,16131
31480,16131
31215,16131
5464,68490
5463,68490
141127,16131
6005,68490
6088,68490
121691,16131
122847,16131
102783,16131
145650,16131
144158,16131
92131,16131
92712,16131
143457,16131
144137,16131
31176,16131
31019,16131
5582,68490
91636,16131
95292,16131
94399,16131
96033,16131
138940,16131
139112,16131
96859,16131
128945,16131
131495,16131
97196,16131
99459,16131
96449,16131
97625,16131
98230,16131
142014,16131
31801,16131
84735,16131
82870,16131
141333,16131
141534,16131
36382,16131
143121,16131
143251,16131
148809,16131
149294,16131
143002,16131
141999,16131
120579,16131
121674,16131
99445,16131
107053,16131
106289,16131
107003,16131
108619,16131
100404,16131
106281,16131
148729,16131
148814,16131
105625,16131
105813,16131
101751,16131
105611,16131
104794,16131
104929,16131
104951,16131
120575,16131
105388,16131
37752,226421
142467,16131
128941,16131
102779,16131
31629,16131
31903,16131
101741,16131
119664,16131
126766,16131
92722,16131
32899,16131
32816,16131
118898,16131
118541,16131
118533,16131
118373,16131
118107,16131
93872,16131
117797,16131
117645,16131
117375,16131
117363,16131
91626,16131
38087,68705
144395,16131
116445,16131
140485,16131
140659,16131
114973,16131
115026,16131
126779,16131
114692,16131
32408,16131
113995,16131
113996,16131
114042,16131
125331,16131
97623,16131
145660,16131
97212,16131
96029,16131
95310,16131
121543,16131
122903,16131
94395,16131
35956,16131
35552,16131
6040,68490
6344,68490
99441,16131
98284,16131
27564,16131
5738,68490
97609,16131
22239,16131
22802,16131
146501,16131
139535,16131
139900,16131
142266,16131
30770,16131
143345,16131
5729,68490
99423,16131
35507,16131
108629,16131
106963,16131
100434,16131
143165,16131
141421,16131
141630,16131
102771,16131
101571,16131
31535,16131
30986,16131
144887,16131
144815,16131
145575,16131
35988,16131
142334,16131
143127,16131
30819,16131
30521,16131
30821,16131
31001,16131
92724,16131
146502,16131
143078,16131
93876,16131
22695,16131
32287,16131
5764,68490
5460,68490
143265,16131
143491,16131
5459,68490
144339,16131
5444,68490
140454,16131
96027,16131
139359,16131
95330,16131
99411,16131
94389,16131
140533,16131
140747,16131
97599,16131
119668,16131
120573,16131
92150,16131
98275,16131
142326,16131
91624,16131
119255,16131
143390,16131
144053,16131
119266,16131
124711,16131
123539,16131
124738,16131
125271,16131
5578,68490
5676,68490
118908,16131
119670,16131
92734,16131
93880,16131
23641,16131
99412,16131
125382,16131
5935,68490
102271,16131
100429,16131
102752,16131
102761,16131
5427,68490
126775,16131
128951,16131
30806,16131
5980,68490
6110,68490
106964,16131
141273,16131
5575,68490
108633,16131
122859,16131
122882,16131
31004,16131
149218,16131
149204,16131
144705,16131
144961,16131
141507,16131
141700,16131
139852,16131
140166,16131
120571,16131
143239,16131
121425,16131
126737,16131
31111,16131
99416,16131
98267,16131
97585,16131
119680,16131
116441,16131
116861,16131
119272,16131
118535,16131
117802,16131
140627,16131
140813,16131
30422,16131
30310,16131
139247,16131
118375,16131
117364,16131
118112,16131
140715,16131
116015,16131
116397,16131
115036,16131
116044,16131
99418,16131
101525,16131
108641,16131
142048,16131
100423,16131
106994,16131
144286,16131
5950,68490
92159,16131
92740,16131
92170,16131
33348,16131
33775,16131
142025,16131
139071,16131
144304,16131
26582,16131
143306,16131
143513,16131
26618,16131
30859,16131
142246,16131
32269,16131
32270,16131
121366,16131
141589,16131
141766,16131
120569,16131
94392,16131
119692,16131
117815,16131
28290,16131
92745,16131
93888,16131
57969,16131
58489,16131
140926,16131
6058,68490
6284,68490
99422,16131
141218,16131
141523,16131
5979,68490
118912,16131
119097,16131
142027,16131
142205,16131
98259,16131
97236,16131
94420,16131
97588,16131
95360,16131
117372,16131
140949,16131
144577,16131
144822,16131
140891,16131
30408,16131
30619,16131
28292,16131
30192,16131
99428,16131
140695,16131
101531,16131
100419,16131
27086,16131
145425,16131
145479,16131
108647,16131
5161,68490
5162,68490
142733,16131
142621,16131
143033,16131
139814,16131
140094,16131
123515,16131
122781,16131
122057,16131
122802,16131
30128,16131
122080,16131
121265,16131
119407,16131
119408,16131
5667,68490
5429,68490
131662,16131
135796,16131
115056,16131
112411,16131
112408,16131
99436,16131
5164,68490
31023,16131
98262,16131
97590,16131
143374,16131
143625,16131
33793,16131
5651,68490
5793,68490
103239,16131
103240,16131
117843,16131
117852,16131
117408,16131
141663,16131
141840,16131
108650,16131
108655,16131
99438,16131
100855,16131
100411,16131
30502,16131
30743,16131
18882,16131
141858,16131
34236,16131
33979,16131
148703,16131
148836,16131
143196,16131
144673,16131
144942,16131
119095,16131
118914,16131
142511,16131
142694,16131
140834,16131
138942,16131
97244,16131
18930,16131
91556,16131
99444,16131
92746,16131
95382,16131
56910,16131
97592,16131
30127,16131
98245,16131
138944,16131
121151,16131
120567,16131
6041,68490
141140,16131
141588,16131
148880,16131
149289,16131
142122,16131
143225,16131
139754,16131
139858,16131
6106,68490
6224,68490
118918,16131
117395,16131
117805,16131
143470,16131
143727,16131
118529,16131
18982,16131
21143,16131
140652,16131
117812,16131
99452,16131
100867,16131
100407,16131
34540,16131
128415,16131
139369,16131
139314,16131
30586,16131
141735,16131
126735,16131
35928,16131
144521,16131
126750,16131
32425,16131
99502,16131
97254,16131
144265,16131
98237,16131
103757,16131
103753,16131
95398,16131
92750,16131
97563,16131
144783,16131
145012,16131
149648,16131
98221,16131
125359,16131
140785,16131
142595,16131
142780,16131
141760,16131
141943,16131
30253,16131
146022,16131
145918,16131
146126,16131
56675,16131
57994,16131
149273,16131
32145,16131
139397,16131
21336,16131
21216,16131
91232,16131
34948,16131
35915,16131
138599,16131
146378,16131
147050,16131
92178,16131
139799,16131
139908,16131
99799,16131
100795,16131
113607,16131
113589,16131
128211,16131
120159,16131
120001,16131
120181,16131
119877,16131
120014,16131
119884,16131
119633,16131
120623,16131
119425,16131
119642,16131
120636,16131
119458,16131
119295,16131
119147,16131
119291,16131
142512,16131
119141,16131
118922,16131
143586,16131
143869,16131
30682,16131
126752,16131
118389,16131
121142,16131
143681,16131
118099,16131
118365,16131
117830,16131
117818,16131
117381,16131
116422,16131
33388,16131
115403,16131
126770,16131
6020,68490
125368,16131
124503,16131
123663,16131
124510,16131
5652,68490
5723,68490
120792,16131
97268,16131
98179,16131
123633,16131
141667,16131
97566,16131
122084,16131
5722,68490
108658,16131
92756,16131
94009,16131
115382,16131
141080,16131
141341,16131
108623,16131
94036,16131
5797,68490
140558,16131
95408,16131
144877,16131
145124,16131
147482,16131
33577,16131
144424,16131
144976,16131
142673,16131
142854,16131
32783,16131
30375,16131
34253,16131
25778,16131
25770,16131
115021,16131
142341,16131
5144,68490
5143,68490
5362,68490
5357,68490
144281,16131
5433,68490
143707,16131
139710,16131
145672,16131
141430,16131
126774,16131
125337,16131
143737,16131
144397,16131
128209,16131
126804,16131
143953,16131
139841,16131
139956,16131
146076,16131
146130,16131
146030,16131
146078,16131
145984,16131
146031,16131
145936,16131
145986,16131
145938,16131
145890,16131
25769,16131
25967,16131
141850,16131
142021,16131
142824,16131
30800,16131
25883,16131
26597,16131
140733,16131
143676,16131
125408,16131
145254,16131
33256,16131
116758,16131
117379,16131
140757,16131
141029,16131
142215,16131
123634,16131
123640,16131
145840,16131
145891,16131
97239,16131
143079,16131
143557,16131
94042,16131
95422,16131
117369,16131
98171,16131
98801,16131
98852,16131
99541,16131
99828,16131
90808,16131
92194,16131
118924,16131
144971,16131
30457,16131
142761,16131
142954,16131
26985,16131
141624,16131
141154,16131
142299,16131
142784,16131
141937,16131
142255,16131
142081,16131
32784,16131
103750,16131
104057,16131
21215,16131
116424,16131
139381,16131
140124,16131
103244,16131
140717,16131
103756,16131
139883,16131
140012,16131
126808,16131
26947,16131
27523,16131
141912,16131
139678,16131
139844,16131
125720,16131
144829,16131
98172,16131
98196,16131
96701,16131
143820,16131
128369,16131
126829,16131
95411,16131
122086,16131
94050,16131
123649,16131
5002,68490
5001,68490
8966,16131
148902,16131
117832,16131
144314,16131
33255,16131
116428,16131
138640,16131
138644,16131
138716,16131
30553,16131
27616,16131
145077,16131
5586,68490
142986,16131
5435,68490
113944,16131
113583,16131
142269,16131
142775,16131
5355,68490
5145,68490
142815,16131
27583,16131
140990,16131
141957,16131
141065,16131
141214,16131
118928,16131
114786,16131
114785,16131
115024,16131
114792,16131
146164,16131
146329,16131
146752,16131
146173,16131
146134,16131
146084,16131
146035,16131
145990,16131
145946,16131
145895,16131
145839,16131
116188,16131
116432,16131
31760,16131
31244,16131
115994,16131
115993,16131
98226,16131
96611,16131
97229,16131
140056,16131
142868,16131
94054,16131
92760,16131
96636,16131
95387,16131
141986,16131
139939,16131
94062,16131
111563,16131
112397,16131
34917,16131
126802,16131
139388,16131
118359,16131
113581,16131
117846,16131
124577,16131
61407,16131
61408,16131
113952,16131
116830,16131
113578,16131
140078,16131
140312,16131
116393,16131
138714,16131
138774,16131
116823,16131
30641,16131
123625,16131
122075,16131
34370,16131
35260,16131
33172,16131
140920,16131
97197,16131
139642,16131
139903,16131
98252,16131
96631,16131
33421,16131
34026,16131
141121,16131
141262,16131
142907,16131
92762,16131
95369,16131
115504,16131
116011,16131
94066,16131
115048,16131
112393,16131
119650,16131
144224,16131
144738,16131
119888,16131
119259,16131
119257,16131
118938,16131
33292,16131
116381,16131
149263,16131
149374,16131
116834,16131
113563,16131
90663,16131
92297,16131
139989,16131
138772,16131
138838,16131
5784,68490
92275,16131
92766,16131
30765,16131
5660,68490
81248,16131
141462,16131
141853,16131
98280,16131
140009,16131
140154,16131
5453,68490
5345,68490
5235,68490
5348,68490
97179,16131
5232,68490
99511,16131
5000,68490
96613,16131
112915,16131
139366,16131
143015,16131
142963,16131
143105,16131
112389,16131
100120,16131
100144,16131
100794,16131
92772,16131
93637,16131
95347,16131
93633,16131
94070,16131
123621,16131
114794,16131
112385,16131
141201,16131
141336,16131
122061,16131
109569,16131
140919,16131
141248,16131
84200,16131
90358,16131
116363,16131
116844,16131
145841,16131
145899,16131
140668,16131
145950,16131
146000,16131
146045,16131
146092,16131
146142,16131
146179,16131
146332,16131
144096,16131
144329,16131
141918,16131
139946,16131
21169,16131
53942,16131
141917,16131
27611,16131
28298,16131
139594,16131
139742,16131
114796,16131
143454,16131
143453,16131
145593,16131
145847,16131
145594,16131
95337,16131
96605,16131
98294,16131
91695,16131
91696,16131
94072,16131
90991,16131
90992,16131
138840,16131
33336,16131
91191,16131
91192,16131
143006,16131
143157,16131
91961,16131
91962,16131
61410,16131
61534,16131
64985,16131
25819,16131
141243,16131
141426,16131
91401,16131
91402,16131
98306,16131
99399,16131
142267,16131
142195,16131
145851,16131
145596,16131
146336,16131
146144,16131
140071,16131
140198,16131
139480,16131
96608,16131
95344,16131
33353,16131
33445,16131
38036,16131
38506,16131
116280,16131
93625,16131
92774,16131
123895,16131
123954,16131
124353,16131
139524,16131
139567,16131
124408,16131
35227,16131
35428,16131
124618,16131
123329,16131
123617,16131
122863,16131
123358,16131
32025,16131
122251,16131
122874,16131
144173,16131
144409,16131
120695,16131
122311,16131
122068,16131
141221,16131
98320,16131
96618,16131
140648,16131
141160,16131
141554,16131
141489,16131
141797,16131
119275,16131
119673,16131
120005,16131
139002,16131
119274,16131
118879,16131
118521,16131
118890,16131
116193,16131
115397,16131
116222,16131
118333,16131
118101,16131
118348,16131
118515,16131
116380,16131
117411,16131
139680,16131
36014,16131
37509,16131
38428,16131
149136,16131
149135,16131
117877,16131
118104,16131
115401,16131
115011,16131
115040,16131
117414,16131
114327,16131
114338,16131
145855,16131
142893,16131
117715,16131
142155,16131
142304,16131
5228,68490
139212,16131
145598,16131
26937,16131
4998,68490
112386,16131
138102,16131
30752,16131
143090,16131
143219,16131
90106,16131
90777,16131
90775,16131
91047,16131
91007,16131
91151,16131
91381,16131
91675,16131
91953,16131
92778,16131
96622,16131
140613,16131
141132,16131
95352,16131
140254,16131
140410,16131
93621,16131
141313,16131
35947,16131
35732,16131
92782,16131
149138,16131
149139,16131
139000,16131
140133,16131
98324,16131
99402,16131
35961,16131
33340,16131
140580,16131
141373,16131
144008,16131
138870,16131
139131,16131
100775,16131
96628,16131
145456,16131
145412,16131
145492,16131
145494,16131
145520,16131
145522,16131
145566,16131
145569,16131
145588,16131
145589,16131
145622,16131
145624,16131
145662,16131
145664,16131
145724,16131
35100,16131
145729,16131
145859,16131
145878,16131
145881,16131
145906,16131
145911,16131
145959,16131
146011,16131
144279,16131
144503,16131
146053,16131
146095,16131
146147,16131
146184,16131
146189,16131
98366,16131
146340,16131
28111,16131
28312,16131
141260,16131
26980,16131
35120,68705
36001,16131
96642,16131
95374,16131
36286,16131
93617,16131
120666,16131
92779,16131
140457,16131
140241,16131
56912,16131
139558,16131
33305,16131
33832,16131
127619,16131
127620,16131
141410,16131
141743,16131
149140,16131
149133,16131
146514,16131
146509,16131
146342,16131
149259,16131
26995,16131
33257,16131
140511,16131
141095,16131
33853,16131
124012,16131
142156,16131
142358,16131
29857,16131
125093,16131
125094,16131
139300,16131
123742,16131
35884,16131
36423,16131
143197,16131
122439,16131
122890,16131
123378,16131
143132,16131
143283,16131
4843,68490
4844,68490
122442,16131
122338,16131
32885,16131
33343,16131
124839,16131
124840,16131
119636,16131
140181,16131
140326,16131
108547,16131
129295,16131
129296,16131
120674,16131
120642,16131
30020,16131
30791,16131
146747,16131
33809,16131
33827,16131
100157,16131
96644,16131
124593,16131
124594,16131
99406,16131
98378,16131
27927,16131
27923,16131
36944,16131
37966,16131
116924,16131
117418,16131
117693,16131
116714,16131
116913,16131
116732,16131
116388,16131
28016,16131
28011,16131
146507,16131
146344,16131
144359,16131
144567,16131
130147,16131
130141,16131
95378,16131
96658,16131
93614,16131
145459,16131
145502,16131
145458,16131
145411,16131
100823,16131
109733,16131
143905,16131
144308,16131
139702,16131
143400,16131
92769,16131
112404,16131
149134,16131
149147,16131
124299,16131
124300,16131
149257,16131
143361,16131
139557,16131
139621,16131
143426,16131
30036,16131
31229,16131
120566,16131
29690,16131
29272,16131
29070,16131
29277,16131
141344,16131
141703,16131
143190,16131
147036,16131
147116,16131
146743,16131
5152,68490
5221,68490
126812,16131
128372,16131
5156,68490
125134,16131
127634,16131
146346,16131
4846,68490
28884,16131
29071,16131
143184,16131
140378,16131
95394,16131
96662,16131
89918,16131
90603,16131
93603,16131
98382,16131
92767,16131
99383,16131
100159,16131
90606,16131
140261,16131
140623,16131
140136,16131
140225,16131
98361,16131
23649,16131
91154,16131
91345,16131
91641,16131
91947,16131
92491,16131
123847,16131
123848,16131
142310,16131
142677,16131
143143,16131
141596,16131
144463,16131
31642,16131
32114,16131
139849,16131
140169,16131
139497,16131
146739,16131
116907,16131
146348,16131
117422,16131
149408,16131
135878,16131
138069,16131
148904,16131
116560,16131
112406,16131
23651,16131
23983,16131
141684,16131
142039,16131
139657,16131
139750,16131
112424,16131
114340,16131
114346,16131
28776,16131
28886,16131
115060,16131
117405,16131
14899,16131
18779,16131
129291,16131
130137,16131
131071,16131
127650,16131
117709,16131
120422,16131
121192,16131
96678,16131
126822,16131
93606,16131
95404,16131
125141,16131
143319,16131
92757,16131
98359,16131
139579,16131
139130,16131
100163,16131
99371,16131
141279,16131
141660,16131
143752,16131
144335,16131
98333,16131
146427,16131
146736,16131
146425,16131
146350,16131
88162,16131
28688,16131
28793,16131
140299,16131
59795,68695
140227,16131
139499,16131
139515,16131
4848,68490
29680,16131
60170,68695
116404,16131
29281,16131
29077,16131
125139,16131
124852,16131
124608,16131
31374,16131
32592,16131
124310,16131
123866,16131
140525,16131
140863,16131
28586,16131
28705,16131
116906,16131
145112,16131
145110,16131
145332,16131
145324,16131
131067,16131
145415,16131
22696,16131
139687,16131
139802,16131
122933,16131
122934,16131
141962,16131
142235,16131
129276,16131
146731,16131
98327,16131
117401,16131
130134,16131
146423,16131
95418,16131
96680,16131
117373,16131
93610,16131
96686,16131
127658,16131
125131,16131
126850,16131
100039,16131
28316,16131
92751,16131
28115,16131
28010,16131
99357,16131
27924,16131
27914,16131
143270,16131
98291,16131
119687,16131
142607,16131
143066,16131
28474,16131
28601,16131
139816,16131
139865,16131
35228,16131
28472,16131
28320,16131
146354,16131
118511,16131
146151,16131
141182,16131
141379,16131
139521,16131
118512,16131
118505,16131
145319,16131
145108,16131
146356,16131
146727,16131
139834,16131
140119,16131
96690,16131
31610,16131
92743,16131
95420,16131
95440,16131
93630,16131
94721,16131
51261,16131
53867,16131
131674,16131
89700,16131
90179,16131
126846,16131
127662,16131
130130,16131
129238,16131
117300,16131
119515,16131
143658,16131
144231,16131
90608,16131
125106,16131
36162,16131
36925,16131
100023,16131
99362,16131
98316,16131
139564,16131
96704,16131
135907,16131
139729,16131
139383,16131
31379,16131
26979,16131
27245,16131
145199,16131
145311,16131
145202,16131
145018,16131
145017,16131
139609,16131
139559,16131
142517,16131
142642,16131
140487,16131
140691,16131
139501,16131
146724,16131
29283,16131
29285,16131
29630,16131
146178,16131
146364,16131
146185,16131
146150,16131
146082,16131
146040,16131
145994,16131
145996,16131
145910,16131
145880,16131
34929,16131
145846,16131
145712,16131
145737,16131
145686,16131
145713,16131
145684,16131
145646,16131
145644,16131
139705,16131
145608,16131
145604,16131
145525,16131
145500,16131
145464,16131
145419,16131
117881,16131
118499,16131
4724,68490
4722,68490
117330,16131
120235,16131
120876,16131
143224,16131
142543,16131
142746,16131
131687,16131
27191,16131
96708,16131
95448,16131
92741,16131
93642,16131
141910,16131
142174,16131
145206,16131
143296,16131
143581,16131
130125,16131
126841,16131
127625,16131
33484,16131
34865,16131
145015,16131
139772,16131
139876,16131
4721,68490
125081,16131
27210,16131
55465,16131
56691,16131
129195,16131
139691,16131
5384,68490
141381,16131
100017,16131
99366,16131
98346,16131
146715,16131
146366,16131
123870,16131
96714,16131
116961,68699
116777,121267
116968,68699
116645,68699
116780,121267
116648,68699
116399,16131
5224,68490
143761,16131
115069,16131
117358,16131
37148,16131
114153,16131
114321,16131
113861,16131
114141,16131
113819,16131
96724,16131
112236,16131
95456,16131
92737,16131
93652,16131
117354,16131
117760,16131
91075,16131
91059,16131
89562,16131
37169,16131
145307,16131
144927,16131
146712,16131
32886,16131
33274,16131
146368,16131
140445,16131
140543,16131
28304,16131
31267,16131
31573,16131
28890,16131
108873,16131
111269,16131
131669,16131
122957,16131
123880,16131
130122,16131
127604,16131
125072,16131
129160,16131
126838,16131
99396,16131
4677,0
4634,0
32680,16131
142605,16131
142802,16131
117183,16131
117438,16131
29580,16131
9627,16131
29287,16131
29289,16131
139811,16131
139932,16131
116389,16131
99380,16131
90165,16131
92593,16131
92610,16131
96736,16131
98370,16131
108511,16131
108910,16131
91056,16131
95443,16131
115075,16131
141446,16131
93664,16131
107755,16131
108516,16131
146416,16131
146708,16131
144928,16131
146417,16131
145303,16131
118671,16131
118674,16131
118841,16131
146370,16131
118844,16131
119059,16131
143635,16131
143897,16131
143524,16131
118492,16131
119049,16131
141844,16131
141994,16131
32703,16131
117780,16131
28295,16131
27866,16131
27642,16131
27868,16131
140617,16131
140937,16131
89200,16131
142387,16131
132863,16131
27418,16131
27715,16131
131658,16131
69143,16131
139674,16131
64986,16131
5498,68490
5445,68490
126836,16131
131653,16131
123890,16131
119511,16131
127606,16131
130118,16131
139534,16131
139663,16131
125078,16131
35883,16131
36313,16131
129168,16131
122955,16131
140473,16131
119357,16131
119829,16131
146703,16131
146419,16131
144930,16131
145299,16131
117739,16131
116392,16131
142689,16131
142878,16131
118084,16131
98386,16131
115078,16131
139728,16131
139853,16131
139974,16131
93666,16131
94173,16131
94180,16131
96750,16131
95425,16131
139533,16131
91068,16131
91706,16131
143523,16131
27605,16131
140963,16131
141363,16131
119587,16131
143731,16131
143989,16131
28286,16131
132865,16131
69144,16131
28894,16131
131650,16131
31621,16131
145291,16131
146696,16131
144932,16131
146372,16131
141892,16131
142066,16131
145908,16131
145966,16131
145964,16131
146004,16131
31083,16131
31341,16131
129192,16131
131643,16131
31481,16131
123898,16131
125086,16131
127610,16131
130114,16131
140393,16131
122936,16131
98402,16131
28120,16131
28283,16131
28020,16131
28122,16131
28022,16131
27837,16131
140507,16131
140701,16131
29534,16131
29297,16131
29079,16131
92618,16131
31190,16131
120198,16131
94489,16131
95415,16131
96754,16131
27387,16131
32612,16131
94513,16131
93903,16131
94212,16131
92619,16131
93924,16131
97497,16131
93670,16131
96756,16131
4633,0
88938,16131
89997,16131
142773,16131
142960,16131
145287,16131
91070,16131
91031,16131
144934,16131
139891,16131
140030,16131
118053,16131
118298,16131
107756,16131
108524,16131
131640,16131
132885,16131
121447,16131
121448,16131
141081,16131
140985,16131
139830,16131
4587,0
31084,16131
33486,16131
139614,16131
143863,16131
144089,16131
116436,16131
116936,16131
143287,16131
35959,16131
36542,16131
142288,16131
143145,16131
122940,16131
129224,16131
96760,16131
121450,16131
143937,16131
131637,16131
95401,16131
130108,16131
127614,16131
123910,16131
125090,16131
141952,16131
142114,16131
118277,16131
141843,16131
28896,16131
145283,16131
120140,16131
120418,16131
144936,16131
140575,16131
140797,16131
29083,16131
92620,16131
93286,16131
140097,16131
142996,16131
96762,16131
140351,16131
140519,16131
143037,16131
143199,16131
35886,16131
144151,16131
140113,16131
93443,16131
93682,16131
118465,16131
118974,16131
140074,16131
139503,16131
31412,16131
143233,16131
121211,16131
120948,16131
142843,16131
107745,16131
108536,16131
132679,16131
139947,16131
96770,16131
95391,16131
131634,16131
142320,16131
142771,16131
31385,16131
145282,16131
139528,16131
139527,16131
144938,16131
127598,16131
129212,16131
130104,16131
131631,16131
143947,16131
121326,16131
121458,16131
122938,16131
96792,16131
125102,16131
139786,16131
123916,16131
31220,16131
141183,16131
141071,16131
120067,16131
146976,16131
147038,16131
146954,16131
146978,16131
146928,16131
146962,16131
146892,16131
146930,16131
146832,16131
146894,16131
142032,16131
142170,16131
146796,16131
146827,16131
146776,16131
146792,16131
146768,16131
146652,16131
146692,16131
146626,16131
146654,16131
146524,16131
146619,16131
146526,16131
146200,16131
146202,16131
139630,16131
139777,16131
145752,16131
145753,16131
140865,16131
90273,16131
145417,16131
145244,16131
145295,16131
145196,16131
145239,16131
145142,16131
145187,16131
145090,16131
145133,16131
145040,16131
145085,16131
144984,16131
145027,16131
144990,16131
144906,16131
144856,16131
144893,16131
144810,16131
144847,16131
144768,16131
144805,16131
144718,16131
144763,16131
144678,16131
144726,16131
144636,16131
144682,16131
144602,16131
4588,0
138854,16131
108542,16131
93686,16131
140675,16131
139336,16131
92636,16131
107741,16131
91032,16131
139530,16131
139549,16131
33907,16131
91013,16131
36205,16131
95392,16131
120434,16131
143217,16131
5420,68490
143057,16131
96784,16131
146530,16131
120308,16131
120868,16131
28280,16131
28834,16131
146204,16131
140793,16131
145409,16131
145757,16131
132735,16131
28836,16131
131626,16131
142859,16131
142860,16131
4529,0
142969,16131
135116,16131
131589,16131
144035,16131
139856,16131
122946,16131
130100,16131
131612,16131
127594,16131
123942,16131
125124,16131
129200,16131
122980,16131
140039,16131
121462,16131
89834,16131
90485,16131
138720,16131
140278,16131
140587,16131
140913,16131
145761,16131
146534,16131
142230,16131
146206,16131
5415,68490
145407,16131
142094,16131
37124,16131
87290,16131
146947,16131
147122,16131
94509,16131
147018,16131
147042,16131
146996,16131
147020,16131
147002,16131
146980,16131
92631,16131
146878,16131
146898,16131
146874,16131
146824,16131
90989,16131
93690,16131
142176,16131
90733,16131
107742,16131
139571,16131
58497,16131
141711,16131
56712,16131
146208,16131
108495,16131
107733,16131
140767,16131
145765,16131
146538,16131
145405,16131
139540,16131
146956,16131
147262,16131
132295,16131
146212,16131
131607,16131
142937,16131
118468,16131
130097,16131
129183,16131
118280,16131
118056,16131
121472,16131
125148,16131
127630,16131
121325,16131
123958,16131
123014,16131
117385,16131
117394,16131
116983,16131
117189,16131
139520,16131
139648,16131
116773,16131
116782,16131
116450,16131
140005,16131
142339,16131
142281,16131
142533,16131
114324,16131
114144,16131
113820,16131
113822,16131
146542,16131
27884,16131
27922,16131
146214,16131
28272,16131
28859,16131
145545,16131
145769,16131
139964,16131
5479,68490
145541,16131
145403,16131
146218,16131
120062,16131
145771,16131
27738,16131
90742,16131
95849,16131
95307,16131
95916,16131
92623,16131
93041,16131
139607,16131
139724,16131
94839,16131
95334,16131
91022,16131
93046,16131
94846,16131
22836,16131
24003,16131
93694,16131
140811,16131
140999,16131
24838,16131
142158,16131
5592,68490
143232,16131
143168,16131
143667,16131
119892,16131
132639,16131
146546,16131
27828,16131
146220,16131
107734,16131
108487,16131
131599,16131
107719,16131
145539,16131
145401,16131
146224,16131
145773,16131
146618,16131
146658,16131
146686,16131
146764,16131
140216,16131
140426,16131
146790,16131
146820,16131
146870,16131
146902,16131
146938,16131
140683,16131
125156,16131
127696,16131
123920,16131
139539,16131
129172,16131
121480,16131
88542,16131
87780,16131
123030,16131
22864,16131
24773,16131
120390,16131
141393,16131
139950,16131
146550,16131
146226,16131
145777,16131
145315,16131
145779,16131
146230,16131
145234,16131
145180,16131
145132,16131
145084,16131
144882,16131
144838,16131
139919,16131
145026,16131
144794,16131
144762,16131
144992,16131
144730,16131
144637,16131
144686,16131
144638,16131
145399,16131
142863,16131
91009,16131
92613,16131
93897,16131
94854,16131
93906,16131
93696,16131
90744,16131
142197,16131
142349,16131
142871,16131
90225,16131
90852,16131
131580,16131
107263,16131
107705,16131
108459,16131
146554,16131
146232,16131
139998,16131
107264,16131
107276,16131
140897,16131
141061,16131
88396,16131
88882,16131
27471,16131
139584,16131
139653,16131
145783,16131
35077,16131
146240,16131
28256,16131
145397,16131
34414,16131
121367,16131
121236,16131
120700,16131
120618,16131
140028,16131
140173,16131
27990,16131
143098,16131
143242,16131
88694,16131
88006,16131
146242,16131
146558,16131
94858,16131
123906,16131
140282,16131
131582,16131
123042,16131
93908,16131
125136,16131
140633,16131
117193,16131
129188,16131
127654,16131
145787,16131
146246,16131
145395,16131
121494,16131
141627,16131
141873,16131
142404,16131
147046,16131
147024,16131
147006,16131
146984,16131
146960,16131
28998,16131
146936,16131
146906,16131
146866,16131
146818,16131
146762,16131
146688,16131
146662,16131
146622,16131
146560,16131
142108,16131
142263,16131
142431,16131
146248,16131
107701,16131
108383,16131
107278,16131
107280,16131
146564,16131
35105,16131
36266,16131
145791,16131
146252,16131
145393,16131
4530,0
140969,16131
141123,16131
8074,68490
34468,16131
93940,16131
93453,16131
93734,16131
31172,16131
94862,16131
28910,16131
139542,16131
93482,16131
139583,16131
139683,16131
28680,16131
28528,16131
141997,16131
93074,16131
139758,16131
34071,16131
35377,16131
92041,16131
92646,16131
141133,16131
141443,16131
120263,16131
120168,16131
91251,16131
92038,16131
143149,16131
143328,16131
121506,16131
127624,16131
123056,16131
120617,16131
145795,16131
129216,16131
125118,16131
146256,16131
123902,16131
145391,16131
131604,16131
27628,16131
27910,16131
91284,16131
90914,16131
29994,16131
140152,16131
140201,16131
140356,16131
120522,16131
142141,16131
4472,0
30021,16131
30220,16131
94864,16131
94870,16131
36501,16131
30721,16131
142327,16131
142479,16131
94874,16131
107284,16131
107697,16131
108367,16131
146260,16131
145799,16131
145389,16131
29686,16131
36653,16131
141511,16131
28252,16131
27776,16131
139719,16131
139846,16131
141033,16131
141193,16131
142110,16131
139586,16131
86682,16131
30753,16131
31296,16131
120858,16131
29014,16131
30659,16131
144996,16131
145035,16131
144890,16131
145094,16131
144840,16131
144796,16131
145138,16131
144772,16131
145182,16131
144721,16131
144679,16131
145248,16131
145327,16131
144642,16131
144550,16131
144605,16131
144508,16131
144546,16131
141803,16131
142373,16131
144478,16131
144509,16131
144416,16131
144472,16131
144415,16131
31350,16131
139637,16131
89434,16131
143024,16131
145803,16131
145387,16131
146264,16131
146443,16131
141311,16131
146445,16131
140386,16131
146568,16131
91036,16131
116345,16131
140151,16131
129230,16131
127640,16131
146570,16131
146630,16131
146646,16131
146648,16131
146700,16131
146772,16131
146800,16131
143213,16131
143378,16131
146802,16131
125120,16131
146830,16131
146836,16131
146860,16131
146922,16131
131618,16131
146924,16131
147054,16131
123053,16131
119735,16131
121500,16131
123045,16131
27599,16131
123928,16131
140249,16131
94872,16131
121148,16131
21396,16131
22829,16131
107693,16131
108369,16131
107281,16131
30950,16131
146574,16131
146449,16131
146266,16131
142142,16131
142471,16131
142393,16131
22784,16131
28034,16131
140900,16131
9687,16131
141103,16131
141227,16131
121485,16131
120170,16131
22371,16131
22919,16131
30941,16131
139667,16131
139763,16131
146578,16131
146453,16131
146268,16131
140523,16131
140825,16131
140033,16131
4471,0
143281,16131
143482,16131
125128,16131
131646,16131
127686,16131
90354,16131
142973,16131
143349,16131
29859,16131
123978,16131
121465,16131
129242,16131
142484,16131
123038,16131
91364,16131
91396,16131
120523,16131
139927,16131
92664,16131
140329,16131
140434,16131
146272,16131
145385,16131
107696,16131
108355,16131
140207,16131
145807,16131
107282,16131
141137,16131
146582,16131
146457,16131
146274,16131
28248,16131
142494,16131
30694,16131
142461,16131
35380,16131
36221,16131
111270,16131
111245,16131
144719,16131
144644,16131
143576,16131
139807,16131
120813,16131
146278,16131
145811,16131
146586,16131
146461,16131
139693,16131
146280,16131
145383,16131
141101,16131
139999,16131
140184,16131
37858,121271
4374,0
142408,16131
143355,16131
139712,16131
139959,16131
139660,16131
36339,16131
146632,16131
146806,16131
146780,16131
146720,16131
146664,16131
146857,16131
146840,16131
21402,16131
22483,16131
119736,16131
119462,16131
129258,16131
131664,16131
124006,16131
125166,16131
127704,16131
145815,16131
146284,16131
146465,16131
121454,16131
146590,16131
123010,16131
144902,16131
140371,16131
140470,16131
144844,16131
145335,16131
144802,16131
145186,16131
145146,16131
145100,16131
144776,16131
145381,16131
145045,16131
55365,16131
55468,16131
144998,16131
144716,16131
141755,16131
141919,16131
111246,16131
111229,16131
25451,16131
140441,16131
140547,16131
89840,16131
145819,16131
146288,16131
146469,16131
139977,16131
140163,16131
146598,16131
145379,16131
142904,16131
143279,16131
139716,16131
121456,16131
69145,16131
25230,16131
139737,16131
120694,16131
121482,16131
145192,16131
145232,16131
140499,16131
140723,16131
145236,16131
145339,16131
22687,16131
23211,16131
142435,16131
25452,16131
143419,16131
139698,16131
118965,16131
118719,16131
146602,16131
145833,16131
146292,16131
55367,16131
53941,173853
145377,16131
127714,16131
129252,16131
125228,16131
122992,16131
124022,16131
86681,16131
80546,16131
91254,16131
131656,16131
90570,16131
91794,16131
92202,16131
140413,16131
111230,16131
142583,16131
142519,16131
111233,16131
25229,16131
30325,16131
29585,16131
29856,16131
30635,16131
141149,16131
141396,16131
140237,16131
141057,16131
111279,16131
111963,16131
16690,16131
18839,16131
145923,16131
146296,16131
146495,16131
146491,16131
146610,16131
145922,16131
145823,16131
27697,16131
145375,16131
22942,16131
4179,0
4180,0
29648,16131
18909,16131
121488,16131
119253,16131
119105,16131
4108,0
145825,16131
146300,16131
145919,16131
146489,16131
145373,16131
127736,16131
129248,16131
131680,16131
124040,16131
140381,16131
140455,16131
140561,16131
122996,16131
125246,16131
18951,16131
111234,16131
111231,16131
141317,16131
141468,16131
141851,16131
142353,16131
18994,16131
19864,16131
142903,16131
143103,16131
27252,16131
22773,16131
144609,16131
146519,16131
146304,16131
145829,16131
141875,16131
141756,16131
145372,16131
4008,0
27225,16131
27552,16131
26656,16131
18716,16131
139981,16131
139941,16131
140083,16131
111215,16131
112093,16131
146612,16131
146193,16131
20953,16131
92294,16131
141340,16131
141540,16131
17479,16131
19825,16131
26680,16131
27515,16131
92034,16131
144414,16131
144613,16131
139511,16131
127732,16131
132819,16131
132820,16131
132347,16131
132348,16131
140655,16131
140995,16131
131716,16131
122997,16131
129246,16131
123066,16131
124056,16131
125256,16131
111931,16131
112597,16131
111232,16131
111249,16131
21652,16131
146319,16131
140490,16131
139625,16131
139626,16131
144498,16131
136848,16131
136333,16131
136859,16131
136341,16131
142977,16131
30730,16131
140360,16131
141786,16131
141882,16131
140395,16131
145062,16131
118560,16131
118559,16131
139873,16131
139994,16131
140339,16131
33970,16131
54425,16131
111761,16131
112425,16131
118562,16131
141424,16131
141638,16131
118722,16131
118881,16131
118884,16131
119089,16131
59003,16131
111252,16131
111265,16131
30709,16131
30898,16131
118059,16131
118057,16131
118803,16131
119417,16131
141812,16131
142208,16131
132794,16131
133172,16131
121468,16131
131722,16131
132366,16131
133200,16131
133382,16131
133379,16131
133762,16131
133771,16131
133912,16131
133913,16131
134022,16131
134025,16131
134212,16131
134203,16131
134304,16131
134310,16131
134648,16131
121460,16131
140407,16131
28950,16131
129268,16131
127644,16131
25286,16131
25417,16131
123024,16131
124036,16131
125238,16131
34030,16131
139670,16131
91121,16131
90854,16131
140536,16131
140737,16131
18992,16131
18570,16131
91841,16131
91842,16131
30667,16131
30841,16131
28986,16131
112751,16131
141318,16131
4107,0
4061,0
119372,16131
111383,16131
111683,16131
30117,16131
140042,16131
140233,16131
141708,16131
19938,16131
141510,16131
139921,16131
138215,16131
25492,16131
111268,16131
112319,16131
113153,16131
28917,16131
141634,16131
9638,16131
10878,16131
25463,16131
140630,16131
140817,16131
30901,16131
30994,16131
119211,16131
119950,16131
120382,16131
120716,16131
129263,16131
131726,16131
127680,16131
120726,16131
120906,16131
120913,16131
121272,16131
22468,16131
21948,16131
22652,16131
140541,16131
121282,16131
121746,16131
125199,16131
121733,16131
122050,16131
122070,16131
122390,16131
122416,16131
122730,16131
30446,16131
122732,16131
123072,16131
124017,16131
91052,16131
141748,16131
142148,16131
32032,16131
33020,16131
142980,16131
143011,16131
139581,16131
139582,16131
25311,16131
25639,16131
30855,16131
32017,16131
91735,16131
142655,16131
142550,16131
139823,16131
141354,16131
91570,16131
139969,16131
140088,16131
111154,16131
30465,16131
31993,16131
141606,16131
17322,16131
140830,16131
4062,0
4012,0
112901,16131
113691,16131
140710,16131
140881,16131
131744,16131
110312,16131
140844,16131
141269,16131
36318,16131
127710,16131
125174,16131
129180,16131
123986,16131
140604,16131
123078,16131
142958,16131
143093,16131
110402,16131
111549,16131
112186,16131
141651,16131
141836,16131
140270,16131
140593,16131
33920,16131
140953,16131
36288,16131
37352,121271
111264,16131
25285,16131
22684,16131
36200,16131
140023,16131
140142,16131
25745,16131
142443,16131
120738,16131
141530,16131
120384,16131
139546,16131
139781,16131
139971,16131
36231,16131
37362,16131
139554,16131
140784,16131
143839,16131
143754,16131
113560,16131
113559,16131
36009,16131
29581,16131
25312,16131
118081,16131
111807,16131
118868,16131
134347,16131
134352,16131
134637,16131
134030,16131
131760,16131
123079,16131
23034,16131
123081,16131
127726,16131
118088,16131
117747,16131
125176,16131
142691,16131
142604,16131
129146,16131
117748,16131
117750,16131
123970,16131
36024,16131
36535,16131
143004,16131
143137,16131
26611,16131
28073,16131
110996,16131
111666,16131
114283,16131
114099,16131
114871,16131
28818,16131
112517,16131
113056,16131
141723,16131
141898,16131
117091,0
117092,0
142957,16131
140190,16131
140265,16131
140063,16131
111987,16131
4011,0
4013,0
117291,16131
117272,16131
142420,16131
142875,16131
140856,16131
113057,16131
113224,16131
140296,16131
127722,16131
140045,16131
131774,16131
141546,16131
125194,16131
129148,16131
123075,16131
123946,16131
143753,16131
144474,16131
120396,16131
140801,16131
143074,16131
120748,16131
139725,16131
142395,16131
142846,16131
121855,16131
140232,16131
140516,16131
121740,16131
141211,16131
141471,16131
121292,16131
120912,16131
133446,16131
133448,16131
132560,16131
132782,16131
134044,16131
132574,16131
134434,16131
132362,16131
141586,16131
113053,16131
113456,16131
131730,16131
111623,16131
141801,16131
141954,16131
114938,16131
115773,16131
142365,16131
142817,16131
142686,16131
113776,16131
113472,16131
140129,16131
113921,16131
103286,16131
142284,16131
19894,16131
21246,16131
129156,16131
131672,16131
142739,16131
127718,16131
125220,16131
123017,16131
114403,16131
123932,16131
141171,16131
141172,16131
113278,16131
142306,16131
142789,16131
134062,16131
133450,16131
112943,16131
19910,16131
33942,16131
140194,16131
140475,16131
141942,16131
14900,16131
16085,16131
141863,16131
142036,16131
34072,121276
19881,16131
21208,16131
19244,16131
113668,16131
142770,16131
112815,16131
139689,16131
139862,16131
141365,16131
140081,16131
19813,16131
21185,16131
129174,16131
131684,16131
110995,16131
111506,16131
110242,16131
123934,16131
113449,16131
125224,16131
123003,16131
127700,16131
21478,16131
22754,16131
116628,16131
133452,16131
139510,16131
139537,16131
134080,16131
141302,16131
110343,16131
111298,16131
116630,16131
107692,16131
117729,16131
117728,16131
143075,16131
142126,16131
8508,68490
8980,68490
142098,16131
19268,16131
21136,16131
108807,16131
111199,16131
140193,16131
140460,16131
142137,16131
142384,16131
141927,16131
35630,16131
141865,16131
117223,16131
117702,16131
113369,16131
35665,16131
36824,16131
115197,16131
116250,16131
133526,16131
134484,16131
134475,16131
134650,16131
132830,16131
132571,16131
132325,16131
139671,16131
139733,16131
131692,16131
134088,16131
21477,16131
127672,16131
129208,16131
125216,16131
33943,16131
117611,16131
123938,16131
122993,16131
24960,16131
114290,16131
24971,16131
33866,68705
140804,16131
30177,16131
117959,16131
118460,16131
118832,16131
118835,16131
140423,16131
142069,16131
30241,16131
30623,16131
33883,173842
131712,16131
118309,16131
142324,16131
142736,16131
134687,16131
140711,16131
133538,16131
127645,16131
134465,16131
134100,16131
129234,16131
24824,16131
123950,16131
122989,16131
125212,16131
113939,16131
26649,16131
28078,16131
9488,68490
116024,16131
115935,16131
139672,16131
139789,16131
118655,16131
24949,16131
117224,16131
59873,16131
59874,16131
141327,16131
141387,16131
112738,16131
28275,16131
120596,16131
120778,16131
120780,16131
120886,16131
115830,16131
115829,16131
120590,16131
142009,16131
120880,16131
120304,16131
120186,16131
120306,16131
121280,16131
119934,16131
120162,16131
119190,16131
119912,16131
121860,16131
121762,16131
113151,16131
33640,16131
119184,16131
23221,16131
110679,16131
112239,16131
118573,16131
141325,16131
141791,16131
134472,16131
135081,16131
134091,16131
116051,16131
116572,16131
133540,16131
133529,16131
143780,16131
143742,16131
143961,16131
144070,16131
130225,16131
131754,16131
127638,16131
130241,16131
129272,16131
146934,16131
125204,16131
117614,16131
123966,16131
122976,16131
33805,68697
144025,16131
144166,16131
139825,16131
139966,16131
146943,16131
147098,16131
146318,16131
139696,16131
143704,16131
143928,16131
122011,16131
122012,16131
30787,16131
21990,16131
23168,16131
140502,16131
140741,16131
115697,16131
142260,16131
142627,16131
139543,16131
139820,16131
146326,16131
147093,16131
139508,16131
139604,16131
117962,16131
4007,0
3968,0
143993,16131
144128,16131
133089,16131
133457,16131
134480,16131
141169,16131
140744,16131
140821,16131
134083,16131
116292,16131
115960,16131
131768,16131
130249,16131
129288,16131
143666,16131
143909,16131
122014,16131
125188,16131
127668,16131
122968,16131
123974,16131
139617,16131
116437,16131
117036,16131
131740,16131
133081,16131
144097,16131
142044,16131
139986,16131
140051,16131
113499,16131
141231,16131
141399,16131
143642,16131
143878,16131
32027,16131
32934,16131
144318,16131
141963,16131
142221,16131
9108,68490
139748,16131
139869,16131
114057,16131
140002,16131
140447,16131
144075,16131
150059,68597
150060,68597
115459,16131
115782,16131
133458,16131
134075,16131
131707,16131
130221,16131
113801,16131
114285,16131
127692,16131
31115,16131
31469,16131
125183,16131
116283,16131
116919,16131
123984,16131
142330,16131
118260,16131
140835,16131
141068,16131
143530,16131
143841,16131
122016,16131
32021,16131
32291,16131
122964,16131
33159,68697
33170,68697
140481,16131
115872,16131
144276,16131
31599,16131
143274,16131
143538,16131
115984,16131
143490,16131
143692,16131
143352,16131
143340,16131
143443,16131
140585,16131
141041,16131
113279,16131
128869,16131
32271,16131
37672,68699
143250,16131
143321,16131
110107,16131
111062,16131
141291,16131
141495,16131
144235,16131
139923,16131
125184,16131
126916,16131
133464,16131
139798,16131
143408,16131
116150,16131
116546,16131
134047,16131
134249,16131
3967,0
3970,0
144003,16131
118989,16131
118988,16131
143472,16131
143659,16131
143238,16131
143369,16131
28959,16131
133077,16131
131697,16131
129595,16131
130211,16131
28920,16131
113881,16131
114631,16131
117234,16131
61535,16131
64116,16131
111752,16131
112585,16131
142223,16131
129589,16131
125192,16131
144048,16131
144209,16131
128846,16131
124002,16131
28991,16131
143385,16131
17340,16131
17404,16131
142234,16131
142400,16131
143644,16131
143976,16131
28502,16131
143212,16131
143357,16131
144448,16131
115945,16131
139793,16131
126920,16131
113605,16131
139953,16131
140102,16131
125208,16131
110840,16131
116131,16131
116668,16131
28785,16131
37368,16131
37612,16131
141187,16131
116816,16131
117456,16131
143621,16131
144176,16131
33056,16131
33128,16131
17292,16131
133482,16131
134034,16131
134235,16131
141371,16131
141569,16131
143182,16131
143341,16131
113034,16131
147332,16131
143941,16131
16427,16131
17309,16131
141947,16131
145061,16131
145954,16131
133072,16131
131700,16131
130213,16131
116810,16131
144406,16131
129586,16131
116533,16131
143598,16131
112173,16131
112881,16131
139599,16131
139774,16131
139840,16131
114368,16131
115217,16131
144141,16131
143894,16131
142363,16131
143172,16131
143316,16131
140885,16131
140847,16131
17135,16131
17369,16131
117100,16131
30435,16131
107816,16131
108937,16131
21962,16131
141086,16131
142302,16131
142464,16131
144367,16131
129583,16131
128854,16131
118760,16131
118749,16131
119171,16131
118331,16131
119914,16131
126136,16131
120770,16131
126133,16131
120707,16131
120990,16131
121012,16131
122020,16131
122286,16131
122253,16131
122510,16131
122534,16131
122931,16131
123260,16131
125234,16131
37688,16131
123247,16131
124026,16131
143171,16131
143299,16131
144114,16131
143865,16131
108724,16131
109515,16131
133488,16131
134242,16131
116696,16131
134028,16131
143541,16131
139935,16131
140020,16131
110445,16131
111272,16131
141377,16131
141457,16131
141655,16131
36877,16131
130229,16131
130574,16131
144349,16131
129584,16131
140555,0
140556,0
116353,16131
143844,16131
36577,16131
131702,16131
133502,16131
16443,16131
10414,226408
144093,16131
143509,16131
112582,16131
113177,16131
20010,16131
20009,16131
20239,16131
114224,16131
144247,16131
143773,16131
144326,16131
115649,16131
139507,16131
139595,16131
140805,16131
140982,16131
108504,16131
109365,16131
142362,16131
142514,16131
144269,16131
143477,16131
114205,16131
114680,16131
141761,16131
109771,16131
32833,16131
111560,16131
30215,16131
116247,16131
116888,16131
143552,16131
143748,16131
126131,16131
141775,16131
142061,16131
141729,16131
128858,16131
140060,16131
140400,16131
144297,16131
144050,16131
129592,16131
130544,16131
141075,16131
141537,16131
18546,16131
130255,16131
18533,16131
110963,16131
51791,16131
139936,16131
32514,16131
32216,16131
36261,16131
143436,16131
114980,16131
115475,16131
141476,16131
142582,16131
143719,16131
111925,16131
117012,16131
112830,16131
114975,16131
12235,226408
12236,226408
117588,16131
50088,16131
107936,16131
108366,16131
144258,16131
141006,16131
141451,16131
143995,16131
143301,16131
143395,16131
130699,16131
130697,16131
143532,16131
114461,16131
134188,16131
134040,16131
143687,16131
131736,16131
133513,16131
140771,16131
140941,16131
142442,16131
116791,16131
126129,16131
125242,16131
129616,16131
124046,16131
109519,16131
110643,16131
128862,16131
143980,16131
144227,16131
116990,16131
130538,16131
130227,16131
36567,16131
129618,16131
111049,16131
16418,16131
109301,16131
117309,16131
19214,16131
115304,16131
140510,0
140509,0
143957,16131
139980,16131
140110,16131
141671,16131
9406,68490
141989,16131
142187,16131
143647,16131
28759,16131
19245,16131
19834,16131
125821,16131
125822,16131
111717,16131
112359,16131
143934,16131
114779,16131
28782,16131
29312,16131
144180,16131
126127,16131
129630,16131
131061,16131
117196,16131
118326,16131
138216,16131
18634,16131
19805,16131
128866,16131
122597,16131
123245,16131
123499,16131
122634,16131
121311,16131
143616,16131
123487,16131
118619,16131
118765,16131
121316,16131
116469,16131
118622,16131
119169,16131
119918,16131
120720,16131
129644,16131
124082,16131
124397,16131
28535,16131
118047,16131
143698,16131
109895,16131
117509,16131
140880,16131
141019,16131
20119,16131
20941,16131
141641,16131
124355,16131
124543,16131
29034,16131
116954,16131
144145,16131
143397,16131
143587,16131
143889,16131
140036,16131
140158,16131
124545,16131
124963,16131
49539,121275
141549,16131
106838,16131
143664,16131
139805,16131
112448,16131
140772,16131
134052,16131
134448,16131
134438,16131
134772,16131
140975,16131
141203,16131
108156,16131
109127,16131
133496,16131
106926,16131
140854,16131
140316,16131
116682,16131
144122,16131
124972,16131
111396,16131
112102,16131
140491,16131
140687,16131
115109,16131
115921,16131
131752,16131
143874,16131
126123,16131
129635,16131
128876,16131
108134,16131
117150,16131
141869,16131
142074,16131
114514,16131
144200,16131
125830,16131
109495,16131
110437,16131
140307,16131
144105,16131
139767,16131
31790,16131
139591,16131
144216,16131
143847,16131
138197,16131
131770,16131
107541,16131
147162,16131
134814,16131
143916,16131
144082,16131
134425,16131
108604,16131
133469,16131
134070,16131
147192,16131
147336,16131
116578,16131
140066,16131
140210,16131
121911,16131
121320,16131
120742,16131
124546,16131
21910,16131
146886,16131
147157,16131
143766,16131
143999,16131
129638,16131
147196,16131
126487,16131
128880,16131
144065,16131
142315,16131
131763,16131
111722,16131
140906,16131
141142,16131
110633,16131
141574,16131
115767,16131
144019,16131
16672,16131
16474,16131
16354,16131
17650,16131
143589,16131
143743,16131
140645,16131
140827,16131
143888,16131
53947,16131
54453,16131
141602,16131
108886,16131
144043,16131
21885,16131
141905,16131
116749,16131
110110,16131
146308,16131
133455,16131
134821,16131
134066,16131
134418,16131
35629,16131
108220,16131
115044,16131
144014,16131
146313,16131
29090,16131
29260,16131
138198,16131
140128,16131
140272,16131
138186,16131
35668,16131
117695,16131
118251,16131
126506,16131
118256,16131
118776,16131
21832,16131
119175,16131
119180,16131
119579,16131
109304,16131
122451,16131
121297,16131
122464,16131
126121,16131
125507,16131
125817,16131
122638,16131
123133,16131
119574,16131
119727,16131
145974,16131
146883,16131
125253,16131
125511,16131
119740,16131
120735,16131
125274,16131
119926,16131
124779,16131
124941,16131
16952,16131
18530,16131
123136,16131
124741,16131
124541,16131
123529,16131
123490,16131
124321,16131
124014,16131
111456,16131
116359,16131
117007,16131
112010,16131
143983,16131
116211,16131
117699,16131
116579,16131
111658,16131
20002,16131
6053,68490
141084,16131
133442,16131
138175,16131
138488,16131
134670,16131
134060,16131
134406,16131
54456,16131
54513,16131
128882,16131
128888,16131
129650,16131
143950,16131
131764,16131
131749,16131
28346,16131
140553,16131
140946,16131
141357,16131
16128,16131
29783,16131
29326,16131
29562,16131
29905,16131
141833,16131
32888,16131
33005,16131
30130,16131
110493,16131
140162,16131
140336,16131
126967,16131
126968,16131
33032,16131
112468,16131
50033,16131
143745,16131
143923,16131
138176,16131
138073,16131
127241,16131
127242,16131
130350,16131
130349,16131
30176,16131
30209,16131
107941,16131
109396,16131
140479,16131
116691,16131
110178,16131
28390,16131
28618,16131
33092,16131
141003,16131
110424,16131
16146,16131
140374,16131
115530,16131
107256,16131
133433,16131
127479,16131
127473,16131
131747,16131
134381,16131
134668,16131
54516,16131
54595,16131
129672,16131
114188,16131
115307,16131
30185,16131
110594,16131
140332,16131
140529,16131
120733,16131
141753,16131
30454,16131
116106,16131
141557,16131
106738,16131
33178,68697
140220,16131
106855,16131
141288,16131
33045,16131
105050,16131
143914,16131
16214,16131
19807,16131
20683,16131
140671,16131
143913,16131
105146,16131
110971,16131
109143,16131
127469,16131
130823,16131
127248,16131
129667,16131
130817,16131
134363,16131
135075,16131
132593,16131
133436,16131
132598,16131
131776,16131
32919,16131
33251,16131
128892,16131
118503,16131
118450,16131
120732,16131
120941,16131
18531,16131
115846,16131
126119,16131
126512,16131
115063,16131
115821,16131
143925,16131
34360,16131
108736,16131
140304,16131
28219,16131
140521,16131
54260,16131
54635,16131
142057,16131
69177,16131
141692,16131
142007,16131
28353,16131
131780,16131
132602,16131
141577,16131
128896,16131
127484,16131
127252,16131
69232,121255
69338,121275
130820,16131
129663,16131
141332,16131
109875,16131
131788,16131
133492,16131
134370,16131
130813,16131
135903,16131
141238,16131
145955,16131
20706,16131
132616,16131
135071,16131
112694,16131
141346,16131
141673,16131
35306,16131
27873,16131
28913,16131
140522,16131
140751,16131
109806,16131
21942,16131
53977,16131
21927,16131
34281,16131
54638,16131
54671,16131
26508,68703
35327,16131
112763,16131
113016,16131
128898,16131
128900,16131
129627,16131
130809,16131
32236,16131
131792,16131
117230,16131
116262,16131
54178,16131
54304,16131
135914,16131
32254,16131
114451,16131
115328,16131
133494,16131
133510,16131
118452,16131
118790,16131
22842,16131
118792,16131
119188,16131
122660,16131
134390,16131
127249,16131
127016,16131
127481,16131
126535,16131
119594,16131
126174,16131
119752,16131
119938,16131
120192,16131
122310,16131
123536,16131
123728,16131
123144,16131
125654,16131
135067,16131
121478,16131
122314,16131
124966,16131
120189,16131
120444,16131
124584,16131
123743,16131
124361,16131
120439,16131
124088,16131
121522,16131
120920,16131
120926,16131
120772,16131
150202,68597
150157,68597
150230,68597
110269,16131
110900,16131
16087,16131
140584,16131
140807,16131
142033,16131
150068,68597
132888,16131
132634,16131
131794,16131
22799,16131
109240,16131
54220,16131
34410,16131
115570,16131
117157,16131
28634,16131
141245,16131
10916,68698
54406,16131
28964,16131
141593,16131
28922,16131
16129,16131
128902,16131
128904,16131
129658,16131
140873,16131
130807,16131
111006,16131
111720,16131
131810,16131
130804,16131
134402,16131
16148,16131
132932,16131
133516,16131
54402,16131
54719,16131
22106,16131
114757,16131
113288,16131
135064,16131
135577,16131
118032,16131
118009,16131
31265,16131
30824,16131
30370,16131
30938,16131
109847,16131
110689,16131
111320,16131
140664,16131
54020,16131
54314,16131
20385,16131
138526,16131
138681,16131
128905,16131
128907,16131
129631,16131
130801,16131
131816,16131
132625,16131
54722,16131
54779,16131
132950,16131
133505,16131
51864,16131
150224,68597
134410,16131
138390,16131
113080,16131
113908,16131
135061,16131
135512,16131
110703,16131
111612,16131
114860,16131
140732,16131
138074,16131
56194,16131
138052,16131
141525,16131
141930,16131
18582,16131
20086,16131
110371,16131
54510,16131
80545,16131
131820,16131
142111,16131
18555,16131
20058,16131
130797,16131
112660,16131
133483,16131
109526,16131
54056,16131
134397,16131
135329,16131
111418,16131
128908,16131
128884,16131
129608,16131
130791,16131
122155,16131
122156,16131
20679,16131
147082,16131
147183,16131
54929,16131
54250,16131
55879,16131
55898,16131
150158,68597
131822,16131
132621,16131
30158,16131
30760,16131
112820,16131
113442,16131
141466,16131
51862,16131
54831,16131
111934,16131
131826,16131
130788,16131
134367,16131
134967,16131
112322,16131
141685,16131
50660,16131
56007,16131
137950,16131
138244,16131
147550,16131
28946,16131
54072,16131
54422,16131
54116,16131
55924,16131
21474,16131
29268,16131
114488,16131
133475,16131
133895,16131
111022,16131
132619,16131
131813,16131
20538,16131
22085,16131
138682,16131
120190,16131
121979,16131
120229,16131
121526,16131
120232,16131
120605,16131
111085,16131
111794,16131
120608,16131
28941,16131
56008,16131
131028,16131
130773,16131
129614,16131
128883,16131
128886,16131
113165,16131
113698,16131
134359,16131
134925,16131
55923,16131
28944,16131
29041,16131
56136,16131
147075,16131
140321,16131
141050,16131
54574,16131
141566,16131
139912,16131
54834,16131
54867,16131
134357,16131
133467,16131
55817,16131
36569,68703
112664,16131
139911,16131
141035,16131
28995,16131
29125,16131
120610,16131
121985,16131
112128,16131
36509,16131
121530,16131
54122,16131
30120,16131
33392,16131
33391,16131
23042,16131
29251,16131
117217,16131
113699,16131
114012,16131
134355,16131
134927,16131
111527,16131
116110,16131
150070,68597
150108,68597
104874,16131
23084,16131
23318,16131
54621,16131
54917,16131
133465,16131
133472,16131
117161,16131
133155,16131
133153,16131
133536,16131
133884,16131
54642,16131
54949,16131
56183,16131
134366,16131
104959,16131
113980,16131
141544,16131
141749,16131
15654,16131
54160,16131
54504,16131
116146,16131
128159,16131
141494,16131
112440,16131
112973,16131
15709,16131
54192,16131
136633,16131
134709,16131
133936,16131
134386,16131
22844,16131
23003,16131
134597,16131
133866,16131
113706,16131
114304,16131
21036,16131
111802,16131
138246,16131
138328,16131
27639,16131
28627,16131
29922,16131
104336,16131
138674,16131
137878,16131
132441,16131
132435,16131
134416,16131
133582,16131
104448,16131
113805,16131
36510,16131
48736,16131
141646,16131
141821,16131
138642,16131
138752,16131
29898,16131
54525,16131
138386,16131
138614,16131
138072,16131
54599,16131
114612,16131
62082,16131
151714,16131
29229,16131
111300,16131
147548,16131
148104,16131
134681,16131
134422,16131
112789,16131
112153,16131
133594,16131
132999,16131
134446,16131
141412,16131
29811,16131
133652,16131
23055,16131
54613,16131
54206,16131
114114,16131
54506,16131
138372,16131
30962,16131
31757,16131
141877,16131
132595,16131
132561,16131
134671,16131
134456,16131
30114,16131
147547,16131
149298,16131
113528,16131
132745,16131
132737,16131
111576,16131
19382,16131
22879,16131
23257,16131
112043,16131
30147,16131
30970,16131
32005,16131
28811,16131
141714,16131
150208,68597
32656,16131
34007,16131
133656,16131
134468,16131
133000,16131
133718,16131
102972,16131
104379,16131
15674,16131
14946,16131
15770,16131
29949,16131
108028,16131
54288,16131
113718,16131
114958,16131
112589,16131
32286,16131
34333,16131
138348,16131
138496,16131
141198,16131
141503,16131
103779,16131
104745,16131
54256,16131
34387,16131
35688,68700
113129,16131
112799,16131
133543,16131
133726,16131
15269,16131
16198,16131
134166,16131
134488,16131
132580,16131
132436,16131
133950,16131
133846,16131
132740,16131
133159,16131
133794,16131
133170,16131
133176,16131
141772,16131
26222,68703
113314,16131
113883,16131
14998,16131
34343,16131
35603,16131
54246,16131
20875,16131
134619,16131
112132,16131
149279,16131
69216,16131
69303,121255
15173,16131
150198,68597
23729,16131
34035,16131
35062,16131
27581,16131
26715,16131
114740,16131
115868,16131
22168,16131
104440,16131
105549,16131
141437,16131
141715,16131
133796,16131
134461,16131
134131,16131
134451,16131
32185,16131
22220,16131
133175,16131
138579,16131
54370,16131
55181,16131
138308,16131
113684,16131
113047,16131
26557,16131
26602,16131
133848,16131
133964,16131
8911,121164
55572,16131
56693,16131
53446,16131
133178,16131
114486,16131
115422,16131
113184,16131
137040,16131
141361,16131
141648,16131
138572,16131
104193,16131
104782,16131
134141,16131
113409,16131
103443,16131
50476,16131
113395,16131
54284,16131
105142,16131
106707,16131
50173,16131
147187,16131
147104,16131
133966,16131
54329,16131
11269,121272
147112,16131
104499,16131
142262,16131
142166,16131
142669,16131
114268,16131
115291,16131
141309,16131
141582,16131
32221,16131
134143,16131
134815,16131
54330,16131
134613,16131
23667,16131
24611,16131
103011,16131
104222,16131
51080,16131
32241,16131
31560,16131
115708,16131
16132,16131
20198,16131
104924,16131
147066,16131
29918,16131
54653,16131
31619,16131
32263,16131
29879,16131
141249,16131
141516,16131
22270,16131
23453,16131
24551,16131
134891,16131
141116,16131
134614,16131
36032,121272
32463,68701
32876,16131
114091,16131
115072,16131
29901,16131
31274,16131
33926,16131
113480,16131
55730,16131
36069,16131
29852,16131
115214,16131
33958,16131
34496,16131
29488,16131
29941,16131
104568,16131
106222,16131
115296,16131
142102,16131
142552,16131
29434,16131
29454,16131
114890,16131
31315,16131
31351,16131
107199,16131
141439,16131
35878,68700
101202,16131
114839,16131
50106,16131
50415,16131
141257,16131
102489,16131
103401,16131
35836,16131
20608,16131
113956,16131
28751,16131
142030,16131
142487,16131
113901,16131
106824,16131
107951,16131
104378,16131
15924,16131
20530,16131
55234,16131
6054,68490
32466,68701
32923,16131
103154,16131
104099,16131
28714,16131
29148,16131
141370,16131
23207,16131
24262,16131
11746,16131
141351,16131
147065,16131
114574,16131
113714,16131
113713,16131
141886,16131
142428,16131
104160,16131
105027,16131
105667,16131
106073,16131
107226,16131
115179,16131
111672,16131
113182,16131
113181,16131
107622,16131
110515,16131
102943,16131
103426,16131
102241,16131
22137,16131
20664,16131
104841,16131
28301,16131
28563,16131
106441,16131
32944,68703
22181,16131
104042,16131
26159,16131
113677,16131
35796,68702
22948,16131
23237,16131
142946,16131
142945,16131
35636,16131
35767,16131
103217,16131
103846,16131
113477,16131
113809,16131
113213,16131
113437,16131
56556,16131
59366,16131
104223,16131
25109,16131
105229,16131
50504,16131
113399,16131
113273,16131
8202,16131
101597,16131
102552,16131
106529,16131
104002,16131
104639,16131
50425,16131
104786,16131
105545,16131
103762,16131
79228,16131
78558,16131
78650,16131
24011,16131
102964,16131
33725,68703
22254,16131
22090,16131
35813,16131
36300,16131
50428,16131
50969,16131
105241,16131
103300,16131
141620,16131
142134,16131
35087,16131
35921,16131
28643,16131
142414,16131
143161,16131
102336,16131
104642,16131
103494,16131
104131,16131
21744,16131
22236,16131
104988,16131
105931,16131
141429,16131
113524,16131
115243,16131
104071,16131
106085,16131
141406,16131
35881,16131
35126,16131
36487,16131
36263,16131
104489,16131
114054,16131
22142,16131
22640,16131
102095,16131
103246,16131
101258,16131
103937,16131
105801,16131
105802,16131
106639,16131
22422,16131
22852,16131
141405,16131
141442,16131
24862,16131
25673,16131
141619,16131
28302,16131
34500,16131
104689,16131
141407,16131
141419,16131
22094,16131
21883,16131
21374,16131
21745,16131
142292,16131
103770,16131
104544,16131
28877,16131
23760,16131
103001,16131
28157,16131
142291,16131
29842,16131
29722,16131
30384,16131
101104,16131
29219,16131
101197,16131
102726,16131
20788,16131
20787,16131
20789,16131
20960,16131
96952,16131
103930,16131
22680,16131
23100,16131
103459,16131
109576,16131
111627,16131
21112,16131
21375,16131
103670,16131
104416,16131
14192,16131
20961,16131
22374,16131
22099,16131
14049,16131
107749,16131
21113,16131
54186,16131
142578,16131
36420,16131
49730,16131
24559,16131
142258,16131
36379,16131
22894,16131
23190,16131
103839,16131
104758,16131
25440,16131
103056,16131
28387,16131
24479,16131
142662,16131
143461,16131
33902,16131
56512,16131
142448,16131
149212,16131
146952,16131
110332,16131
110331,16131
110602,16131
111054,16131
33931,16131
34380,16131
22654,16131
22385,16131
111392,16131
31456,16131
37580,16131
12342,16131
16008,16131
21884,16131
146968,16131
31492,16131
31698,16131
30124,16131
33428,16131
23324,16131
27746,16131
27400,16131
27507,16131
27875,16131
76796,16131
106640,16131
33450,16131
34339,16131
76876,16131
85430,16131
104492,16131
105640,16131
110386,16131
6055,68490
113492,16131
110687,16131
111067,16131
14108,16131
26197,16131
37513,16131
32652,68701
23137,16131
23554,16131
28182,16131
28055,16131
111291,16131
112199,16131
27750,16131
14714,16131
26416,16131
14727,16131
26442,16131
26572,16131
22868,16131
22659,16131
106864,16131
108159,16131
31367,16131
31435,16131
22100,16131
104165,16131
104904,16131
28561,16131
29952,16131
52272,16131
51568,16131
109061,16131
110852,16131
28477,16131
103560,16131
26797,16131
31465,16131
107850,16131
26379,16131
31362,16131
105336,16131
106046,16131
24502,16131
30230,16131
23354,16131
23756,16131
142413,16131
31305,16131
31651,16131
111823,16131
113085,16131
104571,16131
27733,16131
27968,16131
28207,16131
27643,16131
143573,16131
110847,16131
111115,16131
27312,16131
22179,16131
22855,16131
62438,68407
62435,68407
112183,16131
112184,16131
112318,16131
26421,16131
105736,16131
26188,16131
104342,16131
30284,16131
69333,16131
34269,16131
34487,16131
113857,16131
118482,16131
69215,16131
111099,16131
104939,16131
107510,16131
108316,16131
111515,16131
51567,16131
52840,16131
52839,16131
26117,16131
26527,16131
104607,16131
27995,16131
70973,16131
70974,16131
23758,16131
23922,16131
69343,16131
32830,16131
25512,16131
27538,16131
143051,16131
112524,16131
112274,16131
112846,16131
110365,16131
36128,16131
36228,16131
32137,16131
35043,16131
27886,16131
113773,16131
118379,16131
26652,16131
111691,16131
105391,16131
106232,16131
23353,16131
107959,16131
108804,16131
26583,16131
22461,16131
111091,16131
51098,16131
26754,16131
33395,16131
30314,16131
110629,16131
52222,16131
51668,16131
112812,16131
116311,16131
28085,16131
50993,16131
112606,16131
106998,16131
104666,16131
51569,16131
22180,16131
111481,16131
106580,16131
51146,16131
112434,16131
113433,16131
27426,16131
27797,16131
27145,16131
48212,16131
48148,16131
105899,16131
108805,16131
109194,16131
50180,16131
51031,16131
110481,16131
28100,16131
27216,16131
51654,16131
52690,16131
52689,16131
112332,16131
112822,16131
52408,16131
52260,16131
52559,16131
107445,16131
28123,16131
50228,16131
51601,16131
48147,16131
105600,16131
48048,16131
108790,16131
109608,16131
112760,16131
112146,16131
112145,16131
110783,16131
106246,16131
111323,16131
112088,16131
105881,16131
52102,16131
52458,16131
27678,16131
27844,16131
110307,16131
111149,16131
110070,16131
91603,16131
90075,16131
144334,16131
144322,16131
144418,16131
144433,16131
144456,16131
144466,16131
144604,16131
144620,16131
144756,16131
144779,16131
144974,16131
144985,16131
145490,16131
24282,16131
145513,16131
146684,16131
146683,16131
147058,16131
27736,16131
106631,16131
49732,16131
109312,16131
51669,16131
51756,16131
145227,16131
145615,16131
146991,16131
147013,16131
145360,16131
145127,16131
144955,16131
144814,16131
144660,16131
144631,16131
144302,16131
51986,16131
52254,16131
35462,16131
36076,16131
33423,16131
108789,16131
105966,16131
110665,16131
47988,16131
48992,16131
56511,16131
32904,16131
34973,16131
72177,16131
107133,16131
51812,16131
52081,16131
110013,16131
47987,16131
47989,16131
69304,121255
84345,16131
89378,16131
109797,16131
56473,16131
52897,16131
21754,16131
25080,16131
107937,16131
107485,16131
142942,16131
29754,16131
150815,16131
150816,16131
108996,16131
51918,16131
32615,16131
32803,16131
108995,16131
51745,16131
108004,16131
49638,16131
144226,16131
144596,16131
109409,16131
110519,16131
108339,16131
51746,16131
49666,16131
50532,16131
108706,16131
14148,16131
53116,16131
53097,16131
53432,16131
33892,16131
23347,16131
22709,16131
23250,16131
23663,16131
52498,16131
52905,16131
23548,16131
24191,16131
34599,16131
53425,16131
53930,16131
111620,16131
49637,16131
52512,16131
53104,16131
145219,16131
111592,16131
76647,16131
76684,16131
52131,16131
53377,16131
53923,16131
147138,16131
49599,16131
107801,16131
110166,16131
145257,16131
145701,16131
143174,16131
108412,16131
54183,16131
55944,16131
53926,16131
24038,16131
24999,16131
108301,16131
144156,16131
144481,16131
55919,16131
49600,16131
22633,16131
142212,16131
142609,16131
52306,16131
142132,16131
141992,16131
28199,16131
143151,0
143152,0
62426,68407
62425,68407
51834,16131
144876,16131
49310,16131
49622,16131
29956,16131
145512,16131
145358,16131
145549,16131
52320,16131
28849,16131
29387,16131
49251,16131
49252,16131
29976,16131
109493,16131
110548,16131
144910,16131
114044,16131
113366,16131
115324,16131
52571,16131
53099,16131
49073,16131
52572,16131
150358,16131
150819,16131
51898,16131
144950,16131
145452,16131
145977,16131
23090,16131
50081,16131
49319,16131
144740,16131
25520,16131
23097,16131
28414,68705
93378,16131
51914,16131
144701,16131
142168,16131
142450,16131
22567,16131
142658,16131
143070,16131
113365,16131
110288,16131
109727,16131
147062,16131
110480,16131
111288,16131
143063,0
143064,0
110010,16131
109589,16131
141991,16131
143382,16131
115684,16131
118281,16131
147027,16131
110392,16131
110982,16131
23356,16131
145741,16131
147009,16131
147135,16131
49309,16131
146674,16131
22471,16131
146679,16131
147085,16131
144361,16131
110248,16131
110885,16131
142092,16131
142379,16131
145268,16131
145656,16131
51798,16131
52570,16131
52803,16131
109224,16131
52806,16131
53017,16131
52810,16131
53095,16131
109961,16131
110563,16131
144982,16131
144438,16131
25370,16131
24842,16131
49017,16131
110793,16131
145122,16131
145554,16131
144922,16131
51672,16131
32890,16131
24246,16131
111013,16131
144161,16131
145022,16131
76740,16131
83578,16131
32841,16131
34204,16131
110337,16131
110763,16131
24888,16131
145468,16131
142636,16131
22351,16131
151513,0
151514,0
32746,16131
33587,16131
142314,16131
110765,16131
110939,16131
142851,16131
110214,16131
110213,16131
112698,16131
114732,16131
49737,16131
51162,16131
51605,16131
144155,16131
111524,16131
109968,16131
110942,16131
144023,16131
144024,16131
62809,68407
145074,16131
28154,16131
51787,226419
110094,16131
110093,16131
110428,16131
146673,16131
144576,16131
144183,16131
144648,16131
51886,16131
110872,16131
146682,16131
146997,16131
28105,16131
29358,16131
69219,1225312
110968,16131
69306,226391
142623,16131
76713,16131
79416,16131
142852,16131
142528,16131
37634,16131
24045,16131
29321,16131
142546,16131
142649,16131
79371,16131
36274,16131
37549,16131
143124,16131
22309,16131
142765,16131
22905,16131
57397,16131
39638,68675
152371,16131
34925,16131
41313,16131
152372,16131
117608,16131
143313,16131
52814,16131
146400,16131
145266,16131
29926,16131
144548,16131
144866,16131
146025,16131
146160,16131
146409,16131
29957,16131
32709,16131
23191,16131
23496,16131
22191,16131
29622,16131
146169,16131
24835,16131
142410,16131
118556,16131
29548,16131
32715,16131
144458,16131
144751,16131
142416,16131
145160,16131
118441,16131
122718,16131
142645,16131
142989,16131
48858,16131
48857,16131
115645,16131
115646,16131
144239,16131
115614,16131
49018,16131
48738,68675
144059,16131
52413,16131
52414,16131
144354,16131
144651,16131
48679,16131
146059,16131
146323,16131
79500,16131
79479,16131
83362,16131
24775,16131
25114,16131
117164,16131
122551,16131
79257,16131
51984,16131
51790,226419
52103,16131
79283,16131
83311,16131
145654,16131
110891,16131
144554,16131
143944,16131
144111,16131
113022,16131
108226,16131
22192,16131
145667,16131
146137,16131
115613,16131
115532,16131
110599,16131
53380,16131
52581,16131
52428,16131
34095,16131
34044,16131
146431,16131
146635,16131
24749,16131
142589,16131
142913,16131
144459,16131
49207,16131
147133,16131
114529,16131
114530,16131
52058,16131
34490,16131
34934,16131
114474,16131
115222,16131
149326,16131
142411,16131
146411,16131
110483,16131
112620,16131
113572,16131
113496,16131
24691,16131
144323,16131
143862,16131
144185,16131
142590,16131
142825,16131
89320,16131
55967,16131
115156,16131
108335,16131
111608,16131
145218,16131
23633,16131
23850,16131
24615,16131
34444,16131
22485,16131
22410,16131
145271,16131
145733,16131
52590,16131
52440,16131
25030,16131
114378,16131
146017,16131
146309,16131
113364,16131
49991,16131
143640,16131
143971,16131
52568,16131
23289,16131
143117,16131
115102,16131
115506,16131
23154,16131
112592,16131
49021,16131
49656,16131
145887,16131
146196,16131
34293,16131
34403,16131
24555,16131
88660,16131
111538,16131
114314,16131
34481,16131
22412,16131
145010,16131
145941,16131
146499,16131
149928,16131
113516,16131
43853,68675
43815,68675
147174,16131
147141,16131
113452,16131
32640,16131
142742,16131
142741,16131
48574,68675
48573,68675
48737,68675
34297,16131
144697,16131
145067,16131
115032,16131
115494,16131
145601,16131
112546,16131
146999,16131
73657,226365
73658,226365
49993,16131
50847,16131
47209,68675
24513,16131
24431,16131
146481,16131
111464,16131
145261,16131
114265,16131
143354,16131
29504,16131
143025,16131
143473,16131
145163,16131
145448,16131
145652,16131
146007,16131
143534,16131
143699,16131
145602,16131
64463,68407
113340,16131
114950,16131
116663,16131
116664,16131
24471,16131
144707,16131
145149,16131
112444,16131
49481,16131
146755,16131
144039,16131
49022,16131
145435,16131
52729,16131
142749,16131
143053,16131
52594,16131
52442,16131
145697,16131
111376,16131
23450,16131
49345,16131
114207,16131
29372,16131
29495,16131
51708,16131
52229,121267
142764,16131
143099,16131
143591,16131
145706,16131
146041,16131
48113,16131
49257,16131
113282,16131
144516,16131
74061,226365
114929,16131
23373,16131
23824,16131
144524,16131
112327,16131
144379,16131
146505,16131
146787,16131
142744,16131
24356,16131
143755,16131
144085,16131
151713,16131
114894,16131
116294,16131
116704,16131
34078,16131
29529,16131
111228,16131
114167,16131
146810,16131
146678,16131
147127,16131
136688,16131
138629,16131
142983,16131
143153,16131
29532,16131
144253,16131
143677,16131
56739,16131
56740,16131
145060,16131
144960,16131
145174,16131
56733,16131
56832,16131
56833,16131
56964,16131
92272,16131
92306,16131
145726,16131
146107,16131
56958,16131
57104,16131
57100,16131
113239,16131
52596,16131
52598,16131
92158,16131
23762,16131
24326,16131
89736,16131
92185,16131
114808,16131
55968,16131
56587,16131
89246,16131
49373,16131
144383,16131
144586,16131
89753,16131
112270,16131
146593,16131
146783,16131
143857,16131
33963,16131
144696,16131
145002,16131
51389,16131
74054,226365
111134,16131
114111,16131
151499,0
151500,0
143000,16131
143191,16131
142905,16131
142794,16131
143606,16131
143837,16131
144493,16131
113158,16131
29028,16131
145558,16131
145870,16131
48834,16131
48833,16131
32402,16131
23648,16131
146063,16131
145533,16131
114746,16131
115100,16131
146881,16131
146987,16131
24170,16131
49189,16131
146114,16131
112190,16131
143027,16131
143716,16131
146390,16131
146757,16131
144758,16131
48569,16131
49037,16131
145064,16131
111071,16131
143022,16131
143255,16131
114019,16131
52819,16131
49269,16131
76164,121241
75476,121241
143637,16131
143638,16131
146786,16131
146917,16131
145368,16131
51713,121267
52371,226411
113076,16131
142982,16131
144800,16131
146122,16131
146383,16131
24604,16131
116356,16131
116039,16131
116040,16131
122836,16131
114688,16131
115090,16131
48707,16131
122665,16131
123854,16131
112121,16131
146852,16131
145727,16131
113929,16131
143084,16131
143331,16131
145868,16131
146406,16131
149496,16131
111043,16131
144818,16131
145114,16131
144356,16131
144743,16131
120302,16131
145750,16131
143569,16131
120366,16131
123705,16131
113011,16131
107892,16131
49417,16131
114598,16131
115084,16131
107987,16131
111979,16131
56731,16131
145632,16131
57097,16131
144244,16131
144541,16131
23647,16131
145611,16131
67340,68407
67339,68407
113837,16131
73430,226365
115677,16131
120258,16131
143612,16131
143917,16131
144874,16131
145210,16131
146311,16131
146606,16131
143110,16131
13820,16131
144018,16131
144310,16131
149128,16131
149469,16131
13890,16131
49413,68703
13951,16131
112941,16131
68954,804422
114507,16131
47129,68703
146019,16131
146386,16131
77873,121257
77604,68683
110491,16131
110219,16131
110495,16131
69031,436671
151487,0
151488,0
143008,16131
143593,16131
115805,16131
115806,16131
111045,16131
111339,16131
109013,16131
110230,16131
111331,16131
111755,16131
144028,16131
111757,16131
108553,16131
109024,16131
143010,16131
143671,16131
113737,16131
108574,16131
145904,16131
112285,16131
43816,68675
43713,68675
76218,68683
107636,16131
107709,16131
144946,16131
112203,16131
55433,16131
55394,16131
56589,16131
57051,16131
57047,16131
52849,541845
150197,68597
150206,121169
57402,16131
144079,16131
147128,16131
147130,16131
145708,16131
73429,226365
75620,226365
144346,16131
144884,16131
145689,16131
147143,16131
114433,16131
48415,16131
146065,16131
146402,16131
144117,16131
147031,16131
24605,16131
68678,68407
77046,16131
114231,16131
146118,16131
72708,16131
72681,16131
68419,436671
111773,16131
111329,16131
112193,16131
113601,16131
116617,16131
116257,16131
117975,16131
67338,68407
72227,16131
72197,16131
107030,16131
144125,16131
144388,16131
80044,16131
114233,16131
107153,16131
115587,16131
145498,16131
145278,16131
145536,16131
146119,16131
146440,16131
143504,16131
144009,16131
67489,68407
67435,68407
79258,16131
109042,16131
108600,16131
145970,16131
56591,16131
56715,16131
56717,16131
57042,16131
112194,16131
112596,16131
145929,16131
146890,16131
147068,16131
56339,16131
56596,16131
139745,16131
139435,16131
79132,16131
48416,16131
56346,16131
33928,16131
146811,16131
55970,16131
145277,16131
144171,16131
144444,16131
143384,16131
143733,16131
53000,16131
147070,16131
115410,16131
145440,16131
145720,16131
138446,16131
137978,16131
115454,16131
146157,16131
146486,16131
67201,68407
76808,16131
146843,16131
147071,16131
116215,16131
144581,16131
48885,16131
109889,16131
109890,16131
143210,16131
143439,16131
146102,16131
115864,16131
113641,16131
113505,16131
145486,16131
144965,16131
56719,16131
57040,16131
143092,16131
55393,16131
113002,0
113001,0
146670,16131
151483,0
151484,0
133865,16131
147073,16131
111327,16131
111729,16131
111735,16131
112210,16131
144219,16131
114209,16131
113935,16131
114331,16131
145098,16131
115366,16131
147074,16131
80126,16131
115413,16131
113353,16131
114718,16131
146235,16131
144189,16131
145031,16131
113967,16131
114765,16131
115843,16131
112989,0
112990,0
42230,121249
144169,16131
143142,16131
143247,16131
143495,16131
61207,0
61208,0
145167,16131
79131,16131
56721,16131
145530,16131
113245,16131
113795,16131
47007,68675
114489,16131
114025,16131
143291,16131
83100,16131
83099,16131
146068,16131
145223,16131
76358,16131
146162,16131
77033,16131
78764,16131
74782,16131
76347,16131
78766,16131
79484,16131
74768,16131
5388,16131
5140,16131
55927,16131
116006,16131
113101,16131
113827,16131
143208,16131
115334,16131
115333,16131
115815,16131
115904,16131
143297,16131
143553,16131
115969,16131
146088,16131
108757,16131
109050,16131
109663,16131
109675,16131
110205,16131
117713,16131
119067,16131
110203,16131
108800,16131
110901,16131
110904,16131
108463,16131
111371,16131
111368,16131
108287,16131
108466,16131
108055,16131
108275,16131
107793,16131
108063,16131
111911,16131
107777,16131
111913,16131
112471,16131
112473,16131
106729,16131
106660,16131
145229,16131
145580,16131
116684,16131
13819,16131
11794,16131
144532,16131
144213,16131
144572,16131
11867,16131
113864,16131
116659,16131
57045,16131
56582,16131
14052,16131
110201,16131
110453,16131
149104,16131
148596,16131
79929,16131
110905,16131
110908,16131
111363,16131
116494,16131
111917,16131
112477,16131
112962,16131
143337,16131
143631,16131
144676,16131
144918,16131
82716,16131
146049,16131
20803,16131
113540,16131
113539,16131
145353,16131
145636,16131
79570,16131
110910,16131
110916,16131
111360,16131
116073,16131
111921,16131
116297,16131
112481,16131
112965,16131
110457,16131
110198,16131
144364,16131
144624,16131
143825,16131
56350,16131
55982,16131
47210,68675
145874,16131
114318,16131
117665,16131
106294,16131
113830,16131
116001,16131
110552,16131
110920,16131
111351,16131
110535,16131
111927,16131
110194,16131
106475,16131
144273,16131
112489,16131
112968,16131
109636,16131
109635,16131
113247,16131
143365,16131
72187,16131
117356,16131
73077,16131
73066,16131
73409,16131
73397,16131
149152,16131
47080,68675
113723,16131
117723,16131
144402,16131
145431,16131
55929,16131
46805,226389
46806,226389
143853,16131
144293,16131
113403,16131
148624,16131
149156,16131
144428,16131
144668,16131
112986,16131
110922,16131
111935,16131
111347,16131
112497,16131
112977,16131
82523,16131
74732,16131
75032,16131
75022,16131
75208,16131
75204,16131
75446,16131
75447,16131
77566,16131
77282,16131
77563,16131
77272,16131
77014,16131
55931,16131
78455,16131
78778,16131
78277,16131
78465,16131
76143,16131
76328,16131
78111,16131
78274,16131
78108,16131
75958,16131
76134,16131
75957,16131
107766,16131
52901,278991
143246,16131
109054,16131
110189,16131
109643,16131
80393,16131
80387,16131
112741,16131
33626,16131
33929,16131
77561,16131
77816,16131
77810,16131
78102,16131
113406,16131
75714,16131
75712,16131
75455,16131
75961,16131
118703,16131
119785,16131
33964,16131
33745,16131
144491,16131
110926,16131
111344,16131
111939,16131
112505,16131
112981,16131
143685,16131
145169,16131
146071,16131
145355,16131
47012,226389
47103,16131
113778,16131
29027,16131
45713,16131
49558,16131
47011,226389
106352,16131
107718,16131
144486,16131
144712,16131
20465,16131
55499,16131
55500,16131
148638,16131
149160,16131
110932,16131
111337,16131
145213,16131
143262,16131
143711,16131
111945,16131
112513,16131
52943,16131
55492,16131
55864,16131
117776,16131
104594,16131
144452,16131
148048,16131
143278,16131
143789,16131
55211,16131
55212,16131
45408,16131
108470,16131
104597,16131
105926,16131
73059,16131
72188,16131
55192,16131
109597,16131
109600,16131
109803,16131
109813,16131
110186,16131
110524,16131
110879,16131
110864,16131
111169,16131
111164,16131
111473,16131
111469,16131
111949,16131
112519,16131
112983,16131
52716,16131
53277,16131
77558,16131
78098,16131
83955,16131
83467,16131
83954,16131
83197,16131
83465,16131
82949,16131
83196,16131
82947,16131
81950,16131
80898,16131
80897,16131
81626,16131
81946,16131
144520,16131
144786,16131
81645,16131
5043,16131
5037,16131
5173,16131
143932,16131
144132,16131
83949,16131
84158,16131
84137,16131
84372,16131
150196,68597
84373,16131
150199,68703
118667,16131
71174,16131
71173,16131
120319,16131
120758,16131
119352,16131
55935,16131
118362,16131
74726,16131
112992,16131
75013,16131
75195,16131
112525,16131
75459,16131
75954,16131
111953,16131
76150,16131
76317,16131
76512,16131
76513,16131
76632,16131
111470,16131
76633,16131
76802,16131
76793,16131
76995,16131
77265,16131
77549,16131
78093,16131
78268,16131
78471,16131
78786,16131
119412,16131
120679,16131
144978,16131
83461,16131
83677,16131
83655,16131
53156,16131
53330,16131
83941,16131
143546,16131
143883,16131
74292,16131
73972,16131
79387,16131
115202,16131
117094,16131
118899,16131
59363,16131
57014,16131
57003,16131
66599,68407
66531,68407
66613,68407
75704,16131
75945,16131
75697,16131
75461,16131
55990,16131
55937,16131
66547,68407
56583,16131
77737,16131
78089,16131
77766,16131
77537,16131
112988,16131
144560,16131
59113,16131
143264,16131
102262,16131
80907,16131
5038,16131
5031,16131
55838,16131
148674,16131
149170,16131
80388,16131
55861,16131
56439,16131
148086,16131
57009,16131
120806,16131
73060,16131
56441,16131
120753,16131
127188,16131
104251,16131
104605,16131
113191,16131
119760,16131
103637,16131
104253,16131
113115,16131
114202,16131
5180,16131
143336,16131
120335,16131
121535,16131
5022,16131
143609,16131
143919,16131
143412,16131
103610,16131
54909,16131
54910,16131
5021,16131
20466,16131
22474,16131
67194,68407
55188,16131
55484,16131
144539,16131
54866,16131
83458,16131
83940,16131
119004,16131
143654,16131
148654,16131
109606,16131
109817,16131
110187,16131
110865,16131
111165,16131
111318,16131
5015,16131
55189,16131
150146,16131
150120,68597
114163,16131
82943,16131
113687,16131
113688,16131
114087,16131
84377,16131
83930,16131
83449,16131
78087,16131
75944,16131
75465,16131
100758,16131
102322,16131
77533,16131
67511,68407
144430,16131
148509,16131
5170,16131
114965,16131
5005,16131
143536,16131
143651,16131
143965,16131
112583,16131
74721,16131
78794,16131
75463,16131
78085,16131
104609,16131
105710,16131
75942,16131
76313,16131
76989,16131
77523,16131
147746,16131
57019,16131
81938,16131
82181,16131
82162,16131
82441,16131
82436,16131
82683,16131
82686,16131
56422,16131
5006,16131
82938,16131
83175,16131
83154,16131
73957,16131
83445,16131
84141,16131
84391,16131
84140,16131
83925,16131
74720,16131
147132,16131
148744,16131
149178,16131
74693,16131
75039,16131
76135,16131
76276,16131
75030,16131
75215,16131
75202,16131
75471,16131
108271,16131
108272,16131
76122,16131
83657,16131
83909,16131
83645,16131
81648,16131
83439,16131
75934,16131
129884,16131
107785,16131
107776,16131
77267,16131
77519,16131
77236,16131
119995,16131
120675,16131
76960,16131
78502,16131
78806,16131
78266,16131
78518,16131
103068,16131
103066,16131
103854,16131
103834,16131
78270,16131
78081,16131
148110,16131
148522,16131
130713,16131
135682,16131
23412,0
23411,0
22635,0
25283,0
144375,16131
77773,16131
78069,16131
77759,16131
77487,16131
75696,16131
75929,16131
75699,16131
75473,16131
112574,16131
112969,16131
136430,16131
151250,16131
143705,16131
144031,16131
116600,16131
117441,16131
151247,16131
107561,16131
107562,16131
147079,16131
113062,16131
121309,16131
122289,16131
53689,16131
114506,16131
114709,16131
67958,68407
67896,68407
118957,16131
5168,16131
5014,16131
120464,16131
121175,16131
149348,16131
149353,16131
149380,16131
149382,16131
148920,16131
149184,16131
118351,16131
148567,16131
144206,16131
148782,16131
148915,16131
117288,16131
119299,16131
79355,16131
79890,16131
149181,16131
149357,16131
117348,16131
118001,16131
149392,16131
81649,16131
112494,16131
114501,16131
79125,16131
79126,16131
148049,16131
148786,16131
148911,16131
112573,16131
41365,0
41366,0
83900,16131
147987,16131
148138,16131
143757,16131
83438,16131
148136,16131
148498,16131
73975,16131
151453,0
151454,0
121553,16131
114936,16131
78068,16131
53817,16131
53871,16131
120255,16131
120788,16131
107307,16131
107308,16131
77482,16131
75928,16131
107049,16131
107050,16131
75477,16131
55456,16131
119367,16131
147953,16131
148058,16131
116698,16131
117028,16131
117941,16131
147494,16131
147790,16131
119810,16131
113020,16131
113019,16131
114291,16131
114382,16131
149173,16131
149361,16131
67593,68407
67562,68407
116766,16131
119713,16131
100262,16131
101970,16131
108693,16131
108694,16131
81935,16131
121556,16131
121901,16131
147923,16131
147996,16131
79348,16131
79656,16131
79639,16131
79888,16131
80333,16131
121036,16131
85902,16131
144377,16131
144391,16131
80317,16131
80531,16131
80512,16131
80721,16131
80718,16131
80931,16131
80924,16131
81143,16131
143630,16131
81126,16131
4851,16131
4852,16131
148687,16131
82445,16131
82448,16131
82679,16131
82670,16131
82963,16131
82960,16131
83171,16131
83921,16131
83427,16131
83918,16131
84153,16131
84134,16131
84455,16131
83152,16131
83426,16131
147869,16131
147961,16131
76269,16131
120547,16131
76964,16131
78810,16131
79006,16131
84434,16131
85811,16131
25317,0
27006,0
74703,16131
74949,16131
79343,16131
4840,16131
4839,16131
55780,16131
106126,16131
73948,16131
74022,16131
30372,16131
74985,16131
75137,16131
75139,16131
75359,16131
75362,16131
75881,16131
104613,16131
75866,16131
76053,16131
76087,16131
76271,16131
103882,16131
104261,16131
78511,16131
78799,16131
103889,16131
78285,16131
78481,16131
78073,16131
78291,16131
103442,16131
77461,16131
78062,16131
103445,16131
144393,16131
144419,16131
122097,16131
124295,16131
77209,16131
77469,16131
77207,16131
102668,16131
103117,16131
76967,16131
147841,16131
147931,16131
102705,16131
102370,16131
101985,16131
53502,16131
119755,16131
120328,16131
115730,16131
55834,16131
56028,16131
99320,16131
99548,16131
24850,0
25194,0
119094,16131
115966,16131
116805,16131
148725,16131
147811,16131
147888,16131
119131,16131
120135,16131
148170,16131
148390,16131
79872,16131
80069,16131
80047,16131
80287,16131
83422,16131
83616,16131
83627,16131
83914,16131
149033,16131
148947,16131
149032,16131
120622,16131
117675,16131
148739,16131
148949,16131
148889,16131
148907,16131
32380,16131
32409,16131
112432,16131
113945,16131
147846,16131
75364,16131
75672,16131
116720,16131
117531,16131
75652,16131
75822,16131
77471,16131
77730,16131
77749,16131
78055,16131
55765,16131
148845,16131
148887,16131
147751,16131
147834,16131
55829,16131
121566,16131
105478,16131
105264,16131
105508,16131
105034,16131
105278,16131
115160,16131
114435,16131
114665,16131
115500,16131
32040,16131
104850,16131
105038,16131
104846,16131
104615,16131
147711,16131
147819,16131
112418,16131
32789,16131
117865,16131
53553,16131
40856,16131
41990,16131
79335,16131
33444,16131
33592,16131
71628,16131
71627,16131
71914,16131
112417,16131
113876,16131
71909,16131
71986,16131
71981,16131
56941,16131
149069,16131
149165,16131
149071,16131
149027,16131
5150,16131
64377,68407
73939,16131
34454,16131
33814,16131
39450,16131
5026,16131
107335,16131
107587,16131
147683,16131
147764,16131
107846,16131
107863,16131
108118,16131
108116,16131
108372,16131
108373,16131
108612,16131
108610,16131
108864,16131
108860,16131
109098,16131
107127,16131
109080,16131
109522,16131
33708,16131
120137,16131
121027,16131
109530,16131
110134,16131
53370,16131
113141,16131
147278,16131
147523,16131
34455,16131
33797,16131
37655,16131
71880,16131
71969,16131
73073,16131
116631,16131
117465,16131
73062,16131
73417,16131
106550,16131
73378,16131
120902,16131
73924,16131
147645,16131
147720,16131
80286,16131
79863,16131
114362,16131
83416,16131
114603,16131
115580,16131
148424,16131
83907,16131
100566,16131
100540,16131
100956,16131
100958,16131
101492,16131
101489,16131
102005,16131
98045,16131
102379,16131
53458,16131
96442,16131
102739,16131
42041,16131
53457,16131
53478,16131
116516,16131
147603,16131
147691,16131
78054,16131
77473,16131
148791,16131
148843,16131
80282,16131
75815,16131
52972,16131
53421,16131
75366,16131
80714,16131
82954,16131
84420,16131
83905,16131
81122,16131
83412,16131
79333,16131
79851,16131
148446,16131
33689,16131
4708,16131
5009,16131
115153,16131
147579,16131
147664,16131
121082,16131
114069,16131
33647,16131
75370,16131
76279,16131
76969,16131
75811,16131
148202,16131
148356,16131
77477,16131
74702,16131
78052,16131
148012,16131
78475,16131
33579,16131
78789,16131
4707,16131
148172,16131
56968,16131
114437,16131
148456,16131
147543,16131
147621,16131
80270,16131
80514,16131
80526,16131
80710,16131
80916,16131
116348,16131
79667,16131
79850,16131
80894,16131
81112,16131
81326,16131
81296,16131
79644,16131
83902,16131
84122,16131
79329,16131
148468,16131
82926,16131
83160,16131
84118,16131
83144,16131
83410,16131
84402,16131
33227,16131
33439,16131
33525,16131
75154,16131
75376,16131
74954,16131
75174,16131
79836,16131
80028,16131
80025,16131
80259,16131
78043,16131
78249,16131
74970,16131
78230,16131
77219,16131
77483,16131
78446,16131
76067,16131
76283,16131
77222,16131
74696,16131
85889,16131
87882,16131
78774,16131
76977,16131
76082,16131
75806,16131
83406,16131
83642,16131
83640,16131
83892,16131
101087,16131
101529,16131
101541,16131
101089,16131
148224,16131
84832,16131
147581,16131
115399,16131
116226,16131
118626,16131
117069,16131
147491,16131
147571,16131
147939,16131
84930,16131
87175,16131
118652,16131
120371,16131
112609,16131
113813,16131
75640,16131
75793,16131
75633,16131
77507,16131
77735,16131
75394,16131
77744,16131
78039,16131
147455,16131
147553,16131
117336,16131
136425,16131
148128,16131
121386,16131
33527,16131
117240,16131
33648,16131
124033,16131
125607,16131
147429,16131
147507,16131
147973,16131
148078,16131
115989,16131
115990,16131
116009,16131
116512,16131
120866,16131
121227,16131
148230,16131
116602,16131
117212,16131
147236,16131
147288,16131
32781,16131
147393,16131
147462,16131
106662,16131
107322,16131
4549,16131
4550,16131
107304,16131
107568,16131
107550,16131
148024,16131
108837,16131
109091,16131
109352,16131
110648,16131
110540,16131
110310,16131
110525,16131
110114,16131
110319,16131
109800,16131
110111,16131
109809,16131
109357,16131
109523,16131
4554,16131
5075,16131
80234,16131
147361,16131
147439,16131
79832,16131
83888,16131
83400,16131
147983,16131
7676,16131
6488,16131
7724,16131
7942,16131
121121,16131
121569,16131
58854,16131
147253,16131
147254,16131
147210,16131
147209,16131
147240,16131
114782,16131
122814,16131
147231,16131
147301,16131
147299,16131
5240,16131
104623,16131
53688,16131
124394,16131
105043,16131
147343,16131
147417,16131
78036,16131
106810,16131
77527,16131
147235,16131
75788,16131
75402,16131
112610,16131
96551,16131
98460,16131
116611,16131
116892,16131
56151,16131
58847,16131
121003,16131
66411,68407
147948,16131
66432,68407
71956,16131
72366,16131
148751,16131
148822,16131
114385,16131
72355,16131
72774,16131
54269,226416
116335,16131
72762,16131
73058,16131
147311,16131
147382,16131
5211,16131
79326,16131
79651,16131
79898,16131
79895,16131
108250,16131
108234,16131
80342,16131
80337,16131
80506,16131
80698,16131
108054,16131
108050,16131
80856,16131
81110,16131
81454,16131
81441,16131
81714,16131
81710,16131
82164,16131
82158,16131
82438,16131
82430,16131
82656,16131
99880,16131
100517,16131
82644,16131
82914,16131
83134,16131
83398,16131
83883,16131
84400,16131
99370,16131
99892,16131
98876,16131
99376,16131
116336,16131
137222,16131
137206,16131
116638,16131
98926,16131
148238,16131
98488,16131
151451,0
151452,0
32756,16131
32794,16131
147726,16131
148940,16131
116525,16131
117118,16131
149237,16131
148932,16131
124389,16131
74692,16131
74951,16131
75145,16131
75324,16131
75329,16131
75789,16131
76079,16131
76301,16131
76498,16131
76499,16131
76602,16131
76605,16131
76778,16131
76771,16131
76985,16131
77205,16131
77522,16131
147886,16131
78031,16131
78237,16131
78457,16131
78755,16131
79321,16131
147347,16131
121241,16131
121777,16131
120475,16131
147878,16131
5630,16131
147279,16131
147340,16131
117958,16131
86244,16131
86094,16131
86242,16131
85952,16131
86072,16131
85707,16131
85924,16131
85703,16131
80073,16131
80059,16131
79885,16131
80327,16131
81108,16131
81289,16131
81281,16131
81431,16131
107102,16131
107297,16131
107547,16131
108043,16131
108223,16131
67190,68407
83396,16131
83607,16131
83605,16131
83879,16131
148284,16131
117987,16131
119638,16131
147853,16131
147267,16131
147326,16131
116609,16131
4427,16131
4428,16131
75587,16131
75801,16131
75585,16131
75331,16131
77510,16131
77761,16131
77747,16131
78027,16131
85553,16131
85696,16131
86206,16131
86448,16131
45714,16131
44328,16131
147668,16131
85350,16131
85556,16131
113131,16131
86450,16131
86652,16131
86642,16131
85158,16131
124955,16131
127085,16131
5449,16131
121587,16131
122227,16131
115561,16131
32751,16131
147291,16131
149163,16131
149075,16131
149025,16131
147816,16131
148955,16131
148905,16131
148882,16131
32754,16131
84396,16131
49576,16131
84776,16131
40011,16131
121377,16131
32037,16131
114122,16131
114414,16131
114737,16131
113769,16131
114093,16131
65235,68407
65225,68407
147238,16131
147271,16131
44148,16131
45409,16131
113770,16131
110661,16131
148719,16131
148837,16131
147701,16131
147794,16131
89754,16131
116060,16131
116059,16131
87046,16131
87833,16131
109101,16131
105061,16131
105368,16131
84889,16131
67584,68407
105424,16131
105662,16131
107298,16131
148248,16131
67575,68407
67786,68407
105698,16131
105848,16131
117241,16131
105921,16131
106060,16131
106136,16131
106272,16131
106297,16131
84890,16131
30276,16131
120909,16131
86830,16131
87026,16131
85146,16131
116995,16131
86622,16131
86820,16131
120288,16131
147266,16131
116183,16131
147734,16131
104581,16131
104596,16131
30303,489297
31394,121273
103451,16131
103112,16131
102734,16131
102342,16131
102000,16131
101517,16131
101553,16131
101093,16131
80324,16131
100518,16131
79877,16131
81104,16131
81429,16131
67779,68407
83392,16131
83878,16131
114811,16131
121093,16131
120076,16131
112669,16131
112365,16131
112665,16131
112921,16131
116067,16131
116269,16131
116737,16131
147708,16131
75333,16131
75809,16131
112051,16131
112367,16131
77503,16131
110658,16131
137036,16131
137228,16131
78026,16131
112859,16131
109109,16131
68442,68407
114702,16131
115137,16131
122024,16131
122489,16131
112052,16131
113089,16131
113373,16131
107204,16131
80322,16131
79867,16131
79319,16131
80694,16131
81100,16131
81427,16131
81868,16131
81881,16131
84387,16131
83876,16131
82911,16131
83387,16131
4217,16131
4218,16131
113376,16131
113617,16131
148677,16131
148794,16131
113633,16131
147679,16131
113851,16131
75813,16131
76309,16131
78022,16131
78747,16131
76993,16131
74690,16131
77499,16131
75339,16131
124805,16131
125867,16131
88388,16131
65203,68407
65486,68407
148302,16131
111688,16131
111687,16131
148044,16131
87672,16131
88287,16131
68323,68407
120627,16131
137218,16131
137276,16131
147474,16131
5452,16131
5623,16131
95500,16131
81690,16131
81923,16131
129798,16131
81667,16131
80313,16131
80518,16131
81419,16131
80507,16131
80673,16131
80880,16131
80865,16131
81097,16131
79631,16131
79857,16131
79617,16131
79316,16131
84381,16131
83871,16131
84775,16131
84896,16131
85119,16131
85358,16131
85351,16131
83139,16131
83386,16131
85690,16131
85929,16131
83137,16131
86074,16131
86221,16131
86346,16131
86347,16131
82901,16131
86619,16131
86824,16131
87017,16131
87278,16131
87271,16131
87474,16131
87472,16131
87656,16131
122361,16131
122921,16131
144789,16131
144790,16131
43768,16131
147619,16131
89163,16131
95672,16131
109115,16131
110571,16131
68590,68407
115139,16131
115619,16131
76059,16131
76323,16131
107296,16131
76074,16131
75131,16131
75343,16131
110663,16131
74963,16131
75130,16131
75817,16131
74948,16131
74684,16131
98498,16131
77215,16131
77498,16131
77214,16131
78469,16131
78742,16131
77001,16131
126472,16131
128529,16131
78227,16131
78486,16131
78241,16131
147611,16131
78017,16131
79837,16131
80065,16131
80057,16131
83601,16131
83867,16131
80303,16131
83599,16131
83382,16131
109920,16131
148631,16131
148747,16131
123396,16131
124643,16131
125603,16131
137344,16131
119942,16131
120311,16131
120809,16131
147585,16131
121548,16131
122175,16131
75345,16131
75621,16131
75603,16131
75857,16131
148308,16131
148502,16131
77719,16131
78013,16131
77769,16131
77492,16131
85516,16131
85684,16131
85508,16131
85345,16131
103943,16131
103944,16131
104133,16131
104134,16131
104395,16131
104396,16131
27007,0
26722,0
67543,68407
67629,68407
89130,16131
147421,16131
119470,16131
148056,16131
118490,16131
118307,16131
109119,16131
67609,68407
67719,68407
117684,16131
137863,16131
137864,16131
88098,16131
89081,16131
144655,16131
144656,16131
120671,16131
107376,16131
61278,16131
97884,16131
96848,16131
97878,16131
97141,16131
96334,16131
137214,16131
137391,16131
98502,16131
98924,16131
99392,16131
147916,16131
99910,16131
117719,16131
100522,16131
147557,16131
124390,16131
124845,16131
67685,68407
121685,16131
148065,16131
122527,16131
123317,16131
43092,16131
126159,16131
6457,16131
72344,16131
67759,68407
148579,16131
148707,16131
42091,173853
109123,16131
58850,121279
61282,16131
42625,16131
73916,16131
137422,16131
147449,16131
147532,16131
67180,68407
67465,68407
124360,16131
119247,16131
43408,16131
124166,16131
147865,16131
3992,16131
107524,16131
125567,16131
126429,16131
115272,16131
115651,16131
112058,16131
122971,16131
124855,16131
112375,16131
118785,16131
112656,16131
147484,16131
112865,16131
114440,16131
148531,16131
148665,16131
113093,16131
113643,16131
113388,16131
120893,16131
115242,16131
115634,16131
115873,16131
115004,16131
80297,16131
79833,16131
108123,16131
147892,16131
67455,68407
122683,16131
83861,16131
137208,16131
137353,16131
148316,16131
148270,16131
148330,16131
83379,16131
127999,16131
148116,16131
148288,16131
43407,16131
94196,16131
78012,16131
77490,16131
67529,68407
75347,16131
75873,16131
125926,16131
147457,16131
85337,16131
89634,16131
85681,16131
147904,16131
148081,16131
122125,16131
94256,16131
87654,16131
87267,16131
107638,16131
89575,16131
148587,16131
114984,16131
114700,16131
147432,16131
3991,16131
85332,16131
85679,16131
84898,16131
79309,16131
78736,16131
86078,16131
86828,16131
115881,16131
116079,16131
87263,16131
117088,16131
82884,16131
84766,16131
84893,16131
130006,16131
133898,16131
147748,16131
74682,16131
112066,16131
148471,16131
148556,16131
117619,16131
118159,16131
78727,16131
150424,16131
104706,16131
105083,16131
104656,16131
104362,16131
104322,16131
122418,16131
103476,16131
103954,16131
103472,16131
103180,16131
103168,16131
102812,16131
102810,16131
102347,16131
102001,16131
65488,68407
101546,16131
101084,16131
100524,16131
137202,16131
137348,16131
148409,16131
148544,16131
121329,16131
148131,16131
149049,16131
129711,16131
147379,16131
124815,16131
124602,16131
125628,16131
65165,68407
137377,16131
91620,16131
86834,16131
87023,16131
107826,16131
87050,16131
148052,16131
148187,16131
116099,16131
116323,16131
85926,16131
86082,16131
85900,16131
87261,16131
85674,16131
87870,16131
88068,16131
88372,16131
87868,16131
85124,16131
85329,16131
88366,16131
88612,16131
87648,16131
88606,16131
88836,16131
148361,16131
148473,16131
88832,16131
89022,16131
85122,16131
89018,16131
89218,16131
89206,16131
147372,16131
84874,16131
148374,16131
54360,121274
148425,16131
89500,16131
91537,16131
125877,16131
147956,16131
148073,16131
148227,16131
148344,16131
118607,16131
147768,16131
117517,16131
118049,16131
94934,16131
147352,16131
112074,16131
97622,16131
97130,16131
85532,16131
85668,16131
85528,16131
85322,16131
87259,16131
87460,16131
87455,16131
87641,16131
115449,16131
115436,16131
137180,16131
137321,16131
148320,16131
148928,16131
126979,16131
147773,16131
30720,16131
121851,16131
125444,16131
20695,16131
20649,16131
20920,16131
147647,16131
107964,16131
147321,16131
106321,16131
116325,16131
116671,16131
20605,16131
20870,16131
117154,16131
117685,16131
148251,16131
137405,16131
102420,16131
102422,16131
95496,16131
20569,16131
20819,16131
101534,16131
147926,16131
147971,16131
112082,16131
118355,16131
137166,16131
147303,16131
121533,16131
31859,16131
137382,16131
137657,16131
121969,16131
147599,16131
20535,16131
20776,16131
149922,16131
148004,16131
148149,16131
118477,16131
118751,16131
108046,16131
20493,16131
20732,16131
147872,16131
147975,16131
128703,16131
121923,16131
131012,16131
130316,16131
131048,16131
149828,16131
149924,16131
147276,16131
116707,16131
119619,16131
117390,16131
117825,16131
79305,16131
80656,16131
80651,16131
81478,16131
118000,16131
81480,16131
81700,16131
81678,16131
81916,16131
81913,16131
82352,16131
82347,16131
82648,16131
82619,16131
82871,16131
130709,16131
124630,16131
125311,16131
20467,16131
20691,16131
74680,16131
75005,16131
75917,16131
75435,16131
75914,16131
76107,16131
76100,16131
76343,16131
76306,16131
76973,16131
74998,16131
75183,16131
76957,16131
77199,16131
77197,16131
77493,16131
77467,16131
78003,16131
78000,16131
78215,16131
78213,16131
78419,16131
78417,16131
75180,16131
78717,16131
79303,16131
75433,16131
147629,16131
118051,16131
103471,16131
96128,16131
97574,16131
103952,16131
104314,16131
104654,16131
114086,16131
114450,16131
114103,16131
105178,16131
137156,16131
105176,16131
105568,16131
105496,16131
105756,16131
105744,16131
105990,16131
105986,16131
106214,16131
106200,16131
106620,16131
113663,16131
106609,16131
107096,16131
107088,16131
107480,16131
113445,16131
107460,16131
107898,16131
107882,16131
108062,16131
113097,16131
112652,16131
112887,16131
117041,16131
147814,16131
147881,16131
112372,16131
112647,16131
112339,16131
112026,16131
112027,16131
148070,16131
20433,16131
20618,16131
122984,16131
122753,16131
122303,16131
118311,16131
119207,16131
87640,16131
87254,16131
67450,68407
67525,68407
108222,16131
129847,16131
128156,16131
147641,16131
147801,16131
118136,16131
20403,16131
20566,16131
126370,16131
131090,16131
130776,16131
137648,16131
67519,68407
148777,16131
128241,16131
129921,16131
128348,16131
148015,16131
20375,16131
20525,16131
82119,16131
82341,16131
82103,16131
81903,16131
149912,16131
75427,16131
75676,16131
75666,16131
75910,16131
64291,68407
64881,68407
27416,16131
27380,16131
67752,68407
124962,16131
126235,16131
137373,16131
67678,68407
77451,16131
77732,16131
77709,16131
77995,16131
147500,16131
20357,16131
20490,16131
117763,16131
117653,16131
137148,16131
129757,16131
122101,16131
131233,16131
130954,16131
71854,16131
84747,16131
71928,16131
84867,16131
72598,16131
27610,16131
27533,16131
96560,16131
72586,16131
72940,16131
86794,16131
20180,16131
20179,16131
72936,16131
86781,16131
119393,16131
121015,16131
88063,16131
103501,16131
103206,16131
88361,16131
73906,16131
112035,16131
102825,16131
88593,16131
73980,16131
102396,16131
101996,16131
102404,16131
88817,16131
102039,16131
89009,16131
101562,16131
89193,16131
101099,16131
20358,16131
20430,16131
100550,16131
89471,16131
89756,16131
99938,16131
89745,16131
89886,16131
99490,16131
89892,16131
99124,16131
124333,16131
98505,16131
147824,16131
97874,16131
93719,16131
117999,16131
23402,0
108406,16131
137591,16131
137627,16131
93720,16131
27196,16131
20458,16131
116690,16131
118659,16131
147758,16131
147837,16131
151444,0
151443,0
131423,16131
131124,16131
147858,16131
147943,16131
148600,16131
117548,16131
118014,16131
64808,68407
65109,68407
147506,16131
147690,16131
147778,16131
118697,16131
119235,16131
130579,16131
124822,16131
125937,16131
137138,16131
137264,16131
65069,68407
67515,68407
68310,68407
129693,16131
65493,68407
147896,16131
130660,16131
67449,68407
111864,16131
147512,16131
148606,16131
148966,16131
136936,16131
108568,16131
128462,16131
130265,16131
67510,68407
121906,16131
118079,16131
148584,16131
27329,16131
147409,16131
127558,16131
25062,0
94206,16131
117904,16131
130368,16131
82333,16131
125055,16131
81896,16131
115752,16131
115759,16131
116078,16131
67848,68407
115451,16131
116087,16131
147850,16131
115251,16131
75907,16131
75424,16131
126497,16131
114820,16131
115105,16131
137534,16131
138416,16131
116329,16131
114880,16131
116710,16131
114454,16131
137126,16131
65481,68407
77447,16131
148801,16131
149014,16131
77993,16131
130661,16131
131148,16131
147662,16131
147699,16131
67825,68407
111812,16131
111805,16131
150988,16131
150972,16131
20111,16131
150990,16131
136338,16131
137189,16131
147364,16131
82331,16131
82865,16131
74678,16131
20742,16131
75415,16131
75901,16131
81877,16131
6092,16131
8179,16131
76296,16131
108666,16131
76952,16131
77441,16131
20545,16131
131280,16131
72934,16131
78713,16131
77991,16131
147724,16131
147826,16131
20391,16131
125251,16131
126789,16131
97650,16131
96984,16131
73899,16131
124623,16131
125703,16131
147606,16131
147703,16131
149632,16131
149860,16131
93058,16131
94632,16131
131039,16131
91309,16131
93007,16131
106594,16131
107078,16131
107456,16131
147386,16131
107870,16131
108778,16131
121323,16131
123163,16131
130331,16131
130976,16131
118873,16131
137096,16131
137255,16131
74676,16131
74989,16131
74992,16131
75159,16131
128726,16131
20112,16131
75148,16131
75413,16131
82323,16131
82611,16131
82606,16131
82828,16131
83125,16131
83110,16131
83347,16131
83336,16131
83591,16131
83587,16131
83839,16131
147546,16131
147616,16131
83835,16131
84087,16131
84086,16131
84331,16131
81663,16131
81869,16131
81467,16131
81671,16131
81255,16131
81436,16131
81081,16131
81250,16131
84316,16131
80813,16131
81066,16131
80810,16131
80648,16131
84728,16131
84860,16131
85101,16131
85097,16131
85317,16131
85315,16131
85659,16131
75894,16131
76092,16131
76070,16131
76266,16131
76490,16131
147782,16131
77231,16131
77437,16131
85655,16131
85893,16131
76486,16131
76612,16131
76604,16131
76782,16131
77227,16131
76766,16131
85884,16131
86061,16131
76945,16131
86056,16131
125611,16131
127489,16131
86766,16131
87001,16131
86996,16131
87241,16131
129909,16131
130937,16131
87239,16131
87625,16131
77983,16131
78209,16131
44048,16131
87621,16131
87855,16131
78206,16131
78415,16131
87843,16131
78424,16131
88055,16131
88355,16131
78704,16131
88591,16131
89006,16131
89166,16131
89444,16131
89728,16131
89896,16131
90127,16131
90112,16131
90325,16131
90312,16131
90553,16131
90555,16131
90767,16131
90764,16131
90941,16131
90938,16131
91137,16131
91139,16131
147396,16131
147536,16131
93112,16131
91258,16131
150814,16131
55007,16131
56342,16131
148217,16131
118688,16131
150502,16131
148404,16131
75680,16131
75878,16131
75650,16131
75411,16131
82099,16131
82313,16131
82091,16131
81859,16131
93281,16131
147729,16131
108870,16131
77423,16131
77711,16131
77693,16131
77979,16131
95086,16131
148235,16131
131453,16131
131221,16131
68565,120981
19823,16131
125705,16131
147282,16131
85313,16131
85501,16131
85504,16131
85651,16131
132315,16131
132119,16131
65047,68407
148616,16131
148828,16131
137574,16131
88800,16131
88995,16131
88771,16131
88589,16131
117471,16131
117472,16131
140916,16131
140403,16131
140912,16131
87237,16131
87441,16131
87440,16131
87614,16131
27120,16131
43507,16131
108328,16131
108964,16131
123796,16131
105152,16131
105490,16131
109027,16131
105728,16131
147561,16131
106190,16131
106564,16131
107036,16131
107436,16131
107848,16131
4354,16131
67800,68407
148146,16131
131587,16131
131375,16131
127742,16131
43795,16131
137232,16131
137304,16131
147504,16131
147576,16131
61290,16131
62075,16131
66252,68407
148282,16131
95644,16131
147594,16131
147674,16131
72931,16131
66268,68407
73895,16131
127553,16131
132474,16131
132276,16131
65557,68407
76946,16131
114466,16131
147444,16131
147527,16131
112039,16131
77419,16131
126400,16131
147284,16131
19941,16131
19942,16131
19927,16131
18567,16131
109200,16131
148035,16131
124195,16131
124708,16131
137564,16131
131328,16131
65541,68407
65639,68407
129311,16131
130955,16131
126494,16131
128083,16131
27119,16131
147626,16131
97648,16131
97362,16131
131257,16131
137510,16131
137527,16131
138354,16131
138820,16131
148401,16131
65604,68407
65735,68407
147296,16131
43434,16131
44267,16131
46288,16131
131943,16131
55197,16131
57155,16131
132678,16131
132460,16131
148259,16131
96126,16131
75862,16131
137281,16131
75408,16131
82312,16131
81856,16131
77972,16131
83832,16131
77416,16131
120082,16131
83320,16131
147589,16131
116114,16131
116319,16131
116117,16131
115765,16131
147965,16131
148636,16131
44085,16131
46273,16131
68508,173555
85309,16131
85649,16131
117864,16131
87609,16131
117476,16131
87234,16131
138007,16131
137991,16131
138165,16131
147420,16131
147447,16131
93122,16131
65005,68407
88993,16131
113425,16131
114394,16131
88585,16131
137274,16131
137479,16131
109404,16131
112047,16131
89898,16131
113419,16131
20344,16131
20054,16131
20109,16131
131758,16131
131857,16131
132475,16131
90305,16131
123566,16131
128237,16131
91998,16131
124566,16131
19715,16131
96486,16131
97762,16131
132209,16131
147958,16131
79297,16131
79584,16131
74665,16131
79589,16131
79826,16131
79818,16131
80264,16131
74984,16131
147472,16131
147563,16131
80253,16131
80438,16131
80439,16131
75149,16131
123483,16131
80637,16131
75406,16131
75854,16131
115417,16131
115418,16131
76065,16131
92096,16131
76261,16131
81413,16131
81643,16131
81854,16131
147368,16131
147451,16131
82317,16131
76933,16131
77176,16131
77165,16131
82831,16131
77414,16131
83321,16131
85643,16131
77968,16131
116866,16131
116865,16131
83822,16131
78186,16131
78408,16131
84317,16131
86052,16131
78692,16131
84718,16131
84855,16131
86758,16131
87230,16131
115311,16131
115312,16131
128397,16131
117085,16131
117074,16131
117295,16131
88577,16131
88051,16131
87607,16131
88987,16131
117294,16131
89440,16131
89902,16131
123724,16131
90757,16131
67084,120961
72582,16131
91143,16131
148001,16131
148095,16131
73888,16131
138192,16131
138310,16131
18862,16131
18758,16131
18874,16131
149866,16131
122877,16131
115918,16131
115917,16131
132375,16131
121749,16131
121605,16131
147320,16131
147375,16131
123850,16131
115583,16131
115584,16131
65528,68407
147520,16131
124421,16131
125350,16131
147900,16131
119157,16131
137961,16131
114662,16131
114644,16131
96924,16131
18819,16131
147258,16131
147310,16131
75396,16131
75626,16131
75612,16131
75850,16131
148030,16131
132944,16131
132581,16131
77660,16131
77962,16131
77658,16131
77412,16131
148296,16131
148415,16131
84840,16131
147873,16131
132284,16131
85092,16131
114211,16131
113965,16131
114213,16131
113647,16131
113988,16131
113660,16131
113195,16131
113415,16131
112895,16131
113185,16131
112357,16131
112349,16131
85303,16131
80005,16131
80237,16131
81852,16131
82105,16131
80008,16131
112640,16131
112893,16131
79816,16131
82116,16131
112631,16131
82327,16131
90539,16131
90759,16131
90536,16131
88984,16131
89176,16131
90299,16131
85639,16131
85880,16131
89172,16131
89424,16131
89706,16131
85872,16131
83325,16131
89702,16131
89906,16131
86048,16131
86198,16131
98136,16131
86192,16131
86324,16131
86314,16131
86600,16131
86598,16131
87604,16131
87829,16131
86750,16131
86962,16131
83811,16131
87822,16131
86956,16131
88048,16131
88321,16131
43566,16131
87227,16131
88306,16131
88575,16131
25902,0
31393,68699
90756,16131
125517,16131
91124,16131
147477,16131
111798,16131
111146,16131
111143,16131
64241,68407
64437,68407
147860,16131
137468,16131
20021,16131
20046,16131
43923,16131
147991,16131
148265,16131
109572,16131
125045,16131
88568,16131
88742,16131
88732,16131
148634,16131
123316,16131
124313,16131
88978,16131
90119,16131
90290,16131
90122,16131
89908,16131
3704,16131
4714,16131
85301,16131
85479,16131
85494,16131
85635,16131
64413,68407
133053,16131
132712,16131
97280,16131
98628,16131
87221,16131
87436,16131
87425,16131
118336,16131
118335,16131
87599,16131
137937,16131
121070,16131
121069,16131
128806,16131
130430,16131
147244,16131
147330,16131
64969,68407
65197,68407
117478,16131
117860,16131
138291,16131
121765,16131
147830,16131
147233,16131
138498,16131
138455,16131
138565,16131
148261,16131
148441,16131
147316,16131
65153,68407
147346,16131
147360,16131
147425,16131
147308,16131
22636,0
64795,68407
123146,16131
124133,16131
112053,16131
147741,16131
71816,16131
71890,16131
72392,16131
148279,16131
97706,16131
72378,16131
72574,16131
73136,16131
138466,16131
138591,16131
73110,16131
73450,16131
73451,16131
121437,16131
122577,16131
73868,16131
73961,16131
137917,16131
22037,0
23773,0
147390,16131
118777,16131
119583,16131
132502,16131
148239,16131
131924,16131
133097,16131
109150,16131
109780,16131
18757,16131
18662,16131
109701,16131
108798,16131
108286,16131
108817,16131
108293,16131
107873,16131
107433,16131
107037,16131
106585,16131
106203,16131
105719,16131
79811,16131
105500,16131
99552,16131
49496,16131
105149,16131
104659,16131
104325,16131
99949,16131
100184,16131
103961,16131
80236,16131
103505,16131
103156,16131
103163,16131
102835,16131
100210,16131
102425,16131
102038,16131
148243,16131
101593,16131
101181,16131
100584,16131
138504,16131
138607,16131
49554,16131
75390,16131
75848,16131
18737,16131
18638,16131
77407,16131
124138,16131
138427,16131
138391,16131
77960,16131
81847,16131
138317,16131
82339,16131
148184,16131
148273,16131
83810,16131
83327,16131
124793,16131
30163,16131
124200,16131
116278,16131
116123,16131
117786,16131
62122,16131
123419,16131
115771,16131
147356,16131
74982,16131
75382,16131
126158,16131
124561,16131
138554,16131
138655,16131
42453,16131
147696,16131
76258,16131
79294,16131
80230,16131
75846,16131
80629,16131
116538,16131
116532,16131
77404,16131
64169,16131
18738,16131
138268,16131
79801,16131
76931,16131
126211,16131
130054,16131
77956,16131
81409,16131
137905,16131
78684,16131
81843,16131
46340,16131
83331,16131
82843,16131
82355,16131
138426,16131
46323,16131
85632,16131
138769,16131
139465,16131
85298,16131
149612,16131
149780,16131
84321,16131
83808,16131
87596,16131
62115,16131
63254,16131
87218,16131
140698,16131
140590,16131
46749,16131
138588,16131
138693,16131
137196,16131
45795,16131
47515,16131
64174,16131
64405,68407
147686,16131
112347,16131
112061,16131
133132,16131
124072,16131
79291,16131
148203,16131
133819,16131
134276,16131
122851,16131
123583,16131
91666,16131
149344,16131
149633,16131
140929,16131
74979,16131
75166,16131
75163,16131
75380,16131
77168,16131
77402,16131
77163,16131
76921,16131
76056,16131
76251,16131
76051,16131
75842,16131
78404,16131
78671,16131
78188,16131
78395,16131
78181,16131
77952,16131
80225,16131
80463,16131
80425,16131
80621,16131
79599,16131
79800,16131
79587,16131
79285,16131
42848,16131
109982,16131
147718,16131
147807,16131
84699,16131
84829,16131
91772,16131
98940,16131
85087,16131
124135,16131
73959,16131
85295,16131
81393,16131
81659,16131
85621,16131
81639,16131
81842,16131
85867,16131
131212,16131
132132,16131
86039,16131
138649,16131
138725,16131
82357,16131
82853,16131
83337,16131
86748,16131
137895,16131
86949,16131
84325,16131
87207,16131
87428,16131
18568,16131
83803,16131
87422,16131
87590,16131
119374,16131
120059,16131
87819,16131
88043,16131
88308,16131
88565,16131
88970,16131
89174,16131
89476,16131
75616,16131
75833,16131
75609,16131
75378,16131
147633,16131
124288,16131
77654,16131
77946,16131
77652,16131
79997,16131
80221,16131
77396,16131
148062,16131
79991,16131
79794,16131
138261,16131
19667,16131
82093,16131
82369,16131
82095,16131
147738,16131
81838,16131
83341,16131
147608,16131
83797,16131
121349,16131
121865,16131
64921,68407
5684,16131
138702,16131
131407,16131
132672,16131
118212,16131
85287,16131
85487,16131
85481,16131
85617,16131
113992,16131
147595,16131
113412,16131
19964,16131
88561,16131
88754,16131
88739,16131
88965,16131
112354,16131
109281,16131
109282,16131
112069,16131
5654,16131
5656,16131
5856,16131
147714,16131
138365,16131
137883,16131
150499,16131
150506,16131
110210,16131
123473,16131
123325,16131
138239,16131
68304,120961
90030,16131
64170,16131
122207,16131
121201,16131
121773,16131
147568,16131
132934,16131
90080,16131
120408,16131
124071,16131
138777,16131
139024,16131
118852,16131
119551,16131
98686,16131
98086,16131
117317,16131
64172,16131
117080,16131
116878,16131
116716,16131
150650,16131
73960,16131
116287,16131
147919,16131
116104,16131
115928,16131
116127,16131
115937,16131
115777,16131
120349,16131
64379,68407
64515,68407
123153,16131
124116,16131
47468,16131
48279,16131
147495,16131
138297,16131
3487,16131
3488,16131
150448,16131
138223,16131
64479,68407
64747,68407
137859,16131
147907,16131
121071,16131
119053,16131
120021,16131
113998,16131
113408,16131
112077,16131
75831,16131
130674,16131
75373,16131
147927,16131
122037,16131
132051,16131
77943,16131
77393,16131
80219,16131
79791,16131
110382,16131
82379,16131
48270,16131
49485,16131
81835,16131
134008,16131
134912,16131
64698,68407
83789,16131
83343,16131
85283,16131
85620,16131
123819,16131
138622,16131
87203,16131
87592,16131
122822,16131
122298,16131
123410,16131
47976,16131
47970,16131
109971,16131
64905,68407
120900,16131
138601,16131
109288,16131
147445,16131
100194,16131
49689,16131
138209,16131
88961,16131
88557,16131
121711,16131
132289,16131
74529,16131
74506,16131
49541,16131
120155,16131
121355,16131
76852,16131
136995,16131
136996,16131
86035,16131
84825,16131
85279,16131
79280,16131
87199,16131
88035,16131
86746,16131
137860,16131
82639,16131
82862,16131
147436,16131
11520,16131
83375,16131
84698,16131
84819,16131
149586,16131
149661,16131
130984,16131
48116,16131
48262,16131
113300,16131
121895,16131
113305,16131
113536,16131
113534,16131
5868,16131
11297,16131
114008,16131
110758,16131
138193,16131
138335,16131
147469,16131
147539,16131
138189,16131
119467,16131
64877,68407
128293,16131
19435,16131
3409,16131
3381,16131
147402,16131
73439,16131
73434,16131
85083,16131
85277,16131
85600,16131
85599,16131
85863,16131
149410,16131
85072,16131
85860,16131
84812,16131
86024,16131
86742,16131
86941,16131
86945,16131
87193,16131
139467,16131
139887,16131
147770,16131
87561,16131
87557,16131
87801,16131
87816,16131
88014,16131
88275,16131
88284,16131
116498,16131
116497,16131
88560,16131
123115,16131
123588,16131
65100,68407
147488,16131
89167,16131
89168,16131
147370,16131
112714,16131
112486,16131
112718,16131
19294,16131
18842,16131
137088,16131
137513,16131
112485,16131
123384,16131
136654,16131
136627,16131
3428,16131
119780,16131
85271,16131
85453,16131
85456,16131
85603,16131
121331,16131
121170,16131
121788,16131
138296,16131
138375,16131
149552,16131
149626,16131
110303,16131
138133,16131
88767,16131
88958,16131
88762,16131
88572,16131
109298,16131
118666,16131
123280,16131
87413,16131
87555,16131
87416,16131
87190,16131
111741,16131
111742,16131
111316,16131
111304,16131
111545,16131
111546,16131
147465,16131
138171,16131
73964,16131
74208,16131
113083,16131
113082,16131
74387,16131
112891,16131
112880,16131
138880,16131
138855,16131
138892,16131
132016,16131
48264,16131
47859,16131
47660,16131
54630,68703
3382,16131
47467,16131
147652,16131
138409,16131
53607,121272
55141,16131
30764,68699
120438,16131
120154,16131
149524,16131
149587,16131
3325,16131
138844,16131
138904,16131
82822,16131
139373,16131
139304,16131
122297,16131
138573,16131
138433,16131
133563,16131
138833,16131
138817,16131
147658,16131
87192,16131
86604,16131
121650,16131
138151,16131
138922,16131
140756,16131
140746,16131
147638,16131
18577,16131
18579,16131
16668,16131
18621,16131
149468,16131
149564,16131
138459,16131
117490,16131
117055,16131
116882,16131
116718,16131
141045,16131
140607,16131
138938,16131
133874,16131
134220,16131
133143,16131
133009,16131
119440,16131
74378,16131
122454,16131
138505,16131
85270,16131
85607,16131
110990,16131
110169,16131
109669,16131
110158,16131
48503,16131
48255,16131
48520,16131
109662,16131
138950,16131
109263,16131
109265,16131
48035,16131
48291,16131
108831,16131
132937,16131
108305,16131
107887,16131
47827,16131
48050,16131
104638,16131
104298,16131
105157,16131
105488,16131
106185,16131
106575,16131
107063,16131
107451,16131
103975,16131
103531,16131
103175,16131
149525,16131
102834,16131
102429,16131
47657,16131
47832,16131
45796,16131
47473,16131
47686,16131
152078,16131
121621,16131
18619,16131
64380,68407
138500,16131
132165,16131
138980,16131
136628,16131
119697,16131
120051,16131
84694,16131
84808,16131
87888,16131
19625,16131
138809,16131
138973,16131
71815,16131
71855,16131
100594,16131
72498,16131
72500,16131
72612,16131
72607,16131
150221,16131
150127,16131
3243,16131
3417,16131
149256,16131
149464,16131
64699,68407
138978,16131
138990,16131
73865,16131
73968,16131
147516,16131
74380,16131
121047,16131
122999,16131
74500,16131
75090,16131
75087,16131
76820,16131
136661,16131
131462,16131
72395,16131
72605,16131
73169,16131
140589,16131
76821,16131
78320,16131
74296,16131
73168,16131
78312,16131
79040,16131
79036,16131
41270,16131
79434,16131
79422,16131
80198,16131
47487,16131
80187,16131
82132,16131
82127,16131
83078,16131
83075,16131
83784,16131
83779,16131
138797,16131
138832,16131
123112,16131
84772,16131
84689,16131
64856,68407
150328,16131
150450,16131
123156,16131
115305,16131
115111,16131
114883,16131
136829,16131
65101,68407
114683,16131
115431,16131
114423,16131
116570,16131
115609,16131
116301,16131
114255,16131
115785,16131
150327,16131
113736,16131
114038,16131
113785,16131
113555,16131
113309,16131
113112,16131
112917,16131
112721,16131
112250,16131
112529,16131
111978,16131
112253,16131
111745,16131
111584,16131
18623,16131
138734,16131
87938,16131
133712,16131
134314,16131
18611,16131
73166,16131
73700,16131
87731,16131
89242,16131
147406,16131
72389,16131
71165,16131
149196,16131
149413,16131
71159,16131
138807,16131
138825,16131
3533,16131
138082,16131
75083,16131
75272,16131
75274,16131
75538,16131
75541,16131
75752,16131
75754,16131
76012,16131
76009,16131
79032,16131
78122,16131
78309,16131
77790,16131
78119,16131
77576,16131
77822,16131
77294,16131
77569,16131
137926,16131
77068,16131
77285,16131
77072,16131
76823,16131
89650,16131
119252,16131
100530,16131
80730,16131
80729,16131
81275,16131
53031,16131
54109,121272
81271,16131
81487,16131
81472,16131
81695,16131
147414,16131
81694,16131
81887,16131
81886,16131
82125,16131
83071,16131
83295,16131
83292,16131
83567,16131
83560,16131
83774,16131
84075,16131
84066,16131
84281,16131
84276,16131
84513,16131
84520,16131
84686,16131
116136,16131
116135,16131
19241,16131
124506,16131
89696,16131
86891,16131
89056,16131
115961,16131
115962,16131
47840,16131
136739,16131
136740,16131
140679,16131
147400,16131
47527,16131
124653,16131
126365,16131
117584,16131
149044,16131
149316,16131
126113,16131
127123,16131
136983,16131
137907,16131
72398,16131
72667,16131
138479,16131
64937,16131
149679,16131
148420,16131
76005,16131
76214,16131
76205,16131
76436,16131
76431,16131
76544,16131
76539,16131
76688,16131
76694,16131
76831,16131
78305,16131
78530,16131
78528,16131
78832,16131
78830,16131
79030,16131
100922,16131
100892,16131
139056,16131
138993,16131
139094,16131
80180,16131
80521,16131
80500,16131
80687,16131
80666,16131
80867,16131
80846,16131
81093,16131
82112,16131
82387,16131
81072,16131
82374,16131
82627,16131
82616,16131
82813,16131
81268,16131
82806,16131
83058,16131
118342,16131
136853,16131
131096,16131
48536,16131
101160,16131
101154,16131
3408,16131
47705,16131
47706,16131
47842,16131
136969,16131
118670,16131
120537,16131
71149,16131
71495,16131
150032,16131
150130,16131
148924,16131
149229,16131
101382,16131
101356,16131
139136,16131
125907,16131
126903,16131
79026,16131
138295,16131
79406,16131
79524,16131
79504,16131
79758,16131
79740,16131
79938,16131
133500,16131
134528,16131
79928,16131
65838,68407
80177,16131
20796,0
20795,0
138395,16131
138476,16131
150640,16131
150642,16131
150778,16131
116917,16131
138782,16131
3153,16131
3345,16131
149650,16131
106572,16131
54763,16131
55114,16131
138429,16131
138531,16131
106176,16131
116927,16131
105482,16131
3597,16131
139162,16131
138961,16131
127365,16131
64732,16131
65833,16131
3493,16131
138323,16131
124763,16131
126184,16131
136716,16131
136798,16131
57119,16131
55972,16131
56157,16131
148682,16131
148990,16131
73165,16131
139178,16131
53544,16131
73710,16131
138477,16131
48542,16131
136587,16131
136588,16131
57847,16131
57848,16131
120782,16131
121815,16131
150343,16131
150344,16131
132567,16131
138638,16131
149621,16131
138343,16131
88810,16131
88809,16131
47844,16131
138917,16131
138935,16131
88246,16131
136522,16131
136616,16131
126210,16131
127575,16131
55790,16131
124957,16131
126424,16131
88869,16131
138845,16131
139188,16131
116153,16131
116457,16131
99026,16131
100561,16131
55126,16131
101510,16131
98539,16131
103947,16131
103992,16131
126608,16131
99028,16131
138367,16131
136789,16131
136952,16131
116937,16131
136550,16131
136668,16131
123127,16131
130382,16131
131596,16131
116156,16131
122219,16131
138863,16131
122742,16131
121899,16131
139202,16131
126478,16131
149598,16131
125665,16131
122259,16131
123521,16131
116461,16131
13106,16131
12684,16131
138786,16131
86193,16131
88523,16131
150217,16131
150331,16131
150213,16131
150132,16131
74496,16131
136582,16131
76008,16131
76207,16131
76434,16131
3154,16131
76541,16131
138883,16131
76698,16131
72413,16131
76835,16131
66204,68407
138763,16131
138948,16131
78301,16131
80174,16131
54878,16131
133328,16131
134731,16131
125910,16131
81243,16131
139216,16131
83060,16131
83290,16131
83546,16131
118073,16131
83758,16131
19820,16131
84670,16131
115789,16131
116941,16131
49663,16131
138897,16131
55251,16131
66197,16131
66245,68407
42303,16131
149559,16131
150544,16131
116467,16131
136630,16131
48359,16131
29670,16131
139206,16131
139183,16131
48367,16131
150546,16131
150662,16131
78299,16131
66263,68407
67018,68407
120562,16131
123673,16131
79024,16131
121702,16131
135002,16131
55172,16131
150398,16131
132938,16131
150346,16131
3457,16131
47529,16131
67019,68407
116949,16131
131261,16131
132592,16131
128685,16131
120684,16131
123803,16131
19479,16131
19554,16131
83748,16131
136536,16131
136490,16131
116479,16131
136689,16131
136856,16131
149504,16131
140213,16131
136499,16131
136447,16131
123481,16131
124465,16131
31680,68699
102411,16131
102244,16131
102243,16131
119970,16131
67014,68407
79022,16131
116160,16131
79412,16131
58571,16131
80171,16131
115791,16131
117629,16131
118314,16131
133326,16131
148869,16131
149100,16131
133220,16131
134575,16131
148681,16131
99032,16131
67013,68407
48371,16131
98461,16131
138749,16131
138926,16131
19415,16131
142507,16131
142841,16131
87576,16131
87575,16131
47533,16131
116963,16131
150235,16131
150212,16131
150134,16131
150136,16131
66194,68555
58572,16131
66150,68407
58292,16131
59668,16131
128378,16131
129117,16131
114535,16131
55682,16131
20798,0
116485,16131
136836,16131
136890,16131
120134,16131
125497,16131
3156,16131
3401,16131
86840,16131
86456,16131
114538,16131
131806,16131
131447,16131
132129,16131
83067,16131
82791,16131
83063,16131
82587,16131
82783,16131
82345,16131
82583,16131
82069,16131
82361,16131
82065,16131
124574,16131
83733,16131
84070,16131
84061,16131
84260,16131
117858,16131
118706,16131
84251,16131
84504,16131
84499,16131
84666,16131
48610,16131
48616,16131
88221,16131
48088,16131
102246,16131
103594,16131
74494,16131
75260,16131
55306,16131
75267,16131
75534,16131
75529,16131
75740,16131
75735,16131
75992,16131
75993,16131
76196,16131
76185,16131
76664,16131
47858,16131
48089,16131
76666,16131
76814,16131
76815,16131
77050,16131
77052,16131
77242,16131
77249,16131
77486,16131
77544,16131
133146,16131
134518,16131
98325,16131
137803,16131
138287,16131
47718,16131
48111,16131
116166,16131
47745,16131
99036,16131
47559,16131
136835,16131
136908,16131
116491,16131
115795,16131
121643,16131
124091,16131
87106,16131
124521,16131
125960,16131
78295,16131
78524,16131
78521,16131
78822,16131
78824,16131
148775,16131
148980,16131
116969,16131
80168,16131
80483,16131
80461,16131
80659,16131
80653,16131
80819,16131
109045,16131
109046,16131
80818,16131
81236,16131
84659,16131
130920,16131
84760,16131
85800,16131
134566,16131
125413,16131
106762,16131
106806,16131
111032,16131
145252,16131
145072,16131
128944,16131
129987,16131
125297,16131
126270,16131
138735,16131
138913,16131
3559,16131
149683,16131
12046,16131
111588,16131
112533,16131
67514,120961
46718,16131
46660,16131
136867,16131
136925,16131
104283,16131
106812,16131
130568,16131
139015,16131
18641,16131
67507,68407
134262,16131
138300,16131
121944,16131
127520,16131
128618,16131
99040,16131
137073,16131
98153,16131
74488,16131
74717,16131
74727,16131
74869,16131
74883,16131
75061,16131
75079,16131
75277,16131
75527,16131
75733,16131
75997,16131
76169,16131
76415,16131
76421,16131
76525,16131
76523,16131
76670,16131
76827,16131
77060,16131
77255,16131
77516,16131
77783,16131
77812,16131
78105,16131
78116,16131
78289,16131
79438,16131
79528,16131
79538,16131
79742,16131
79725,16131
79936,16131
79941,16131
80163,16131
121992,16131
132708,16131
81054,16131
81215,16131
81445,16131
80811,16131
81037,16131
81426,16131
81631,16131
81636,16131
81815,16131
81812,16131
82063,16131
111129,16131
82375,16131
13022,16131
82581,16131
116170,16131
82779,16131
83053,16131
83285,16131
115801,16131
83275,16131
83511,16131
126071,16131
83530,16131
83755,16131
84054,16131
150608,16131
150698,16131
84244,16131
84509,16131
148378,16131
148449,16131
84656,16131
130201,16131
130718,16131
58863,16131
58538,16131
48622,16131
148705,16131
148823,16131
128728,16131
129834,16131
68382,120961
68562,436671
138729,16131
138906,16131
87782,16131
48103,16131
104282,16131
139027,16131
122001,16131
124933,16131
132332,16131
132754,16131
118254,16131
118854,16131
114335,16131
114544,16131
46041,16131
46678,16131
114217,16131
114355,16131
127868,16131
44155,16131
113385,16131
130488,16131
137013,16131
137100,16131
114866,16131
139154,16131
130557,16131
113488,16131
114049,16131
114190,16131
55178,16131
55324,16131
46173,16131
121561,16131
98087,16131
120557,16131
120369,16131
114546,16131
128938,16131
71150,16131
139061,16131
99044,16131
148758,16131
109060,16131
68162,120961
68290,120961
137078,16131
137260,16131
106830,16131
46010,16131
67818,120961
148659,16131
88402,16131
89614,16131
59236,16131
60120,16131
49857,16131
116174,16131
128100,16131
129072,16131
113797,16131
113972,16131
115798,16131
126357,16131
136286,16131
136443,16131
139085,16131
49841,16131
131472,16131
117469,16131
138712,16131
138899,16131
67815,173543
68005,226117
148577,16131
148691,16131
149534,16131
149691,16131
86668,16131
113746,16131
138524,16131
19101,16131
20541,0
22575,0
128292,16131
129416,16131
86002,16131
150410,16131
150454,16131
147656,16131
150411,16131
150160,16131
150162,16131
150238,16131
139109,16131
150240,16131
150298,16131
150350,16131
48636,16131
121359,16131
150299,16131
104280,16131
105124,16131
119564,16131
119563,16131
116821,16131
116725,16131
117321,16131
130413,16131
131311,16131
19433,16131
103615,16131
121395,16131
99699,16131
100896,16131
121129,16131
100853,16131
102248,16131
115794,16131
114550,16131
150562,16131
148535,16131
148644,16131
98047,16131
150034,16131
150166,16131
150458,16131
150419,16131
113490,16131
150244,16131
136903,16131
136980,16131
150309,16131
150354,16131
139149,16131
126408,16131
99048,16131
70255,120961
112282,16131
128550,16131
129690,16131
85347,16131
131958,16131
129786,16131
113628,16131
113604,16131
139118,16131
149522,16131
68283,383836
104270,16131
105121,16131
136927,16131
70218,278683
131193,16131
130146,16131
88349,16131
89958,16131
148460,16131
148569,16131
68367,1382349
138886,16131
41328,16131
117399,16131
118984,16131
116603,16131
117185,16131
70254,120961
150148,16131
150147,16131
77518,16131
150637,16131
76171,16131
76672,16131
75289,16131
78288,16131
129488,16131
59416,16131
98019,16131
46772,16131
114552,16131
46704,16131
80159,16131
99052,16131
48646,16131
119120,16131
119119,16131
82062,16131
81205,16131
83055,16131
117991,16131
127206,16131
84650,16131
83761,16131
61380,16131
148478,16131
55636,16131
47573,16131
47587,16131
88689,16131
90434,16131
125786,16131
128047,16131
87617,16131
138510,16131
11798,16131
11735,16131
137058,16131
137164,16131
103617,16131
117671,16131
103633,16131
100469,16131
99640,16131
149471,16131
149701,16131
87713,16131
105138,16131
11730,16131
116459,16131
117017,16131
116049,16131
68249,226117
74486,16131
139097,16131
150745,16131
150746,16131
128840,16131
129908,16131
18815,16131
149431,16131
56100,16131
46441,16131
78816,16131
118418,16131
79440,16131
80156,121279
68347,1014500
68619,1014500
81196,16131
86471,16131
87133,16131
97987,16131
130960,16131
83769,16131
46280,16131
138168,16131
70217,383816
148411,16131
148520,16131
114564,16131
115950,16131
11641,16131
11705,16131
148863,16131
3560,16131
88868,16131
90848,16131
131130,16131
117571,16131
55404,16131
116761,16131
149956,16131
58291,16131
116869,16131
150699,16131
150716,16131
113603,16131
139090,16131
113748,16131
48278,16131
48122,16131
48287,16131
48007,16131
48126,16131
113973,16131
143310,16131
128096,16131
47747,16131
48019,16131
121062,16131
120010,16131
119837,16131
5685,16131
47754,16131
95485,16131
94801,16131
96166,16131
97943,16131
114192,16131
130156,16131
103635,16131
103657,16131
105091,16131
48515,16131
48516,16131
137259,16131
74012,16131
74489,16131
75580,16131
119281,16131
74562,16131
77932,121277
48528,16131
148412,16131
148816,16131
117949,16131
78688,121277
78840,16131
78854,16131
79432,16131
48295,16131
114359,16131
150021,16131
150038,16131
80976,16131
115925,16131
105073,16131
80971,16131
81600,16131
81595,16131
82578,16131
70350,1645574
82573,16131
83728,16131
114568,16131
115362,16131
72877,1645885
83724,16131
150792,16131
84713,16131
84644,16131
46896,16131
46895,16131
115809,16131
116642,16131
89296,16131
91264,16131
72878,121272
136923,16131
150524,16131
150596,16131
129759,16131
130780,16131
106505,16131
106506,16131
125540,16131
127502,16131
106285,16131
106286,16131
105747,16131
105737,16131
106028,16131
106021,16131
105473,16131
105469,16131
30044,16131
148761,16131
109904,16131
109058,16131
109908,16131
110706,16131
106693,16131
106694,16131
97911,16131
99163,16131
70347,1382696
48027,16131
49869,16131
109057,16131
110712,16131
111896,16131
112436,16131
113915,16131
111888,16131
109066,16131
47756,16131
72876,1015011
49847,16131
30061,16131
120839,16131
137038,16131
137146,16131
137244,16131
139077,16131
48449,16131
118893,16131
149457,16131
51023,16131
72875,16131
117473,16131
117883,16131
95505,16131
96800,16131
120869,16131
47899,16131
50979,16131
120337,16131
104688,16131
67900,68407
88513,16131
87997,16131
148379,16131
148434,16131
97779,16131
103396,16131
103683,16131
103256,16131
103420,16131
103060,16131
103272,16131
103059,16131
103087,16131
105016,16131
148700,16131
100170,16131
100967,16131
115810,16131
116527,16131
105464,16131
68293,646518
40671,0
39495,0
105712,16131
97867,16131
98633,16131
106014,16131
117277,16131
118339,16131
128490,16131
99143,16131
79425,16131
79659,16131
79642,16131
79873,16131
79848,16131
80089,16131
80088,16131
80495,16131
125300,16131
127319,16131
150725,16131
150810,16131
80488,16131
80683,16131
80681,16131
89858,16131
91746,16131
80953,16131
81583,16131
81805,16131
81795,16131
82055,16131
82039,16131
82335,16131
82289,16131
82567,16131
138984,16131
48316,16131
83717,16131
84040,16131
84025,16131
84236,16131
84225,16131
84474,16131
148380,16131
84469,16131
47758,16131
149665,16131
149731,16131
84639,16131
149192,16131
109916,16131
148649,16131
117744,16131
109076,16131
150384,16131
150426,16131
87512,16131
150383,16131
130204,16131
129927,16131
130595,16131
3188,16131
3756,16131
150270,16131
150318,16131
87567,16131
150269,16131
96191,16131
97248,16131
119431,16131
10608,16131
138878,16131
139064,16131
74066,1488195
80086,16131
80352,16131
80346,16131
100931,16131
101155,16131
10835,16131
80476,16131
101185,16131
101378,16131
101377,16131
47022,16131
78855,16131
46387,16131
117945,16131
98625,16131
103699,16131
104682,16131
137243,16131
104694,16131
117095,16131
78858,16131
130379,16131
48450,16131
138794,16131
48118,16131
87102,16131
148548,16131
137474,16131
137444,16131
137505,16131
137794,16131
101847,16131
101848,16131
93944,16131
82545,16131
82767,16131
82761,16131
83021,16131
83009,16131
83261,16131
83253,16131
83489,16131
3590,16131
4346,16131
83479,16131
124864,16131
126216,16131
83697,16131
56086,16131
129308,16131
47879,16131
46792,16131
91413,16131
92892,16131
87224,16131
102188,16131
102185,16131
150498,16131
150539,16131
74059,16131
74557,16131
109926,16131
109077,16131
109134,16131
102510,16131
102505,16131
117621,16131
119973,16131
120100,16131
150462,16131
117861,16131
118143,16131
124863,16131
137009,16131
150407,16131
150360,16131
149022,16131
150303,16131
150248,16131
148452,16131
137443,16131
137695,16131
102902,16131
102901,16131
75668,16131
137220,16131
150040,16131
150076,16131
3270,16131
3660,16131
78860,16131
150077,16131
150154,16131
150152,16131
4006,16131
150170,16131
95820,16131
97740,16131
78864,16131
79410,16131
116979,16131
112786,16131
111884,16131
110714,16131
77371,68703
120086,16131
18967,16131
149645,16131
149697,16131
149958,16131
150024,16131
137936,16131
137912,16131
138120,16131
48456,16131
117741,16131
118017,16131
94498,16131
148341,16131
147090,16131
136921,16131
110718,16131
150609,16131
77194,16131
109928,16131
103694,16131
130794,16131
55941,16131
124692,16131
124691,16131
117499,16131
104698,16131
123656,16131
123480,16131
124514,16131
55914,16131
109929,16131
109934,16131
149902,16131
77370,16131
79186,16131
150416,16131
78865,16131
78868,16131
116530,16131
116827,16131
138877,16131
139030,16131
150314,16131
97691,16131
119796,16131
125800,16131
152307,0
152308,0
149403,16131
149499,16131
80078,16131
149605,16131
149675,16131
148161,16131
148349,16131
80473,16131
91073,16131
91914,16131
74455,16131
77193,16131
149933,16131
150008,16131
80941,16131
81575,16131
150677,16131
150678,16131
86291,16131
87139,16131
119747,16131
88338,16131
97413,16131
128804,16131
127102,16131
117365,16131
120855,16131
95072,16131
113853,16131
114941,16131
117921,16131
148482,16131
99112,16131
92514,16131
123302,16131
124344,16131
78869,16131
78876,16131
28990,16131
29982,16131
110722,16131
148771,16131
130416,16131
79408,16131
109936,16131
19409,16131
80061,16131
86785,16131
88225,16131
137847,16131
137988,16131
80471,16131
120206,16131
150094,16131
150093,16131
86087,16131
85779,16131
80935,16131
150510,16131
150567,16131
125559,16131
63237,16131
64032,16131
137698,16131
137781,16131
120252,16131
98753,16131
117781,16131
103682,16131
149567,16131
149653,16131
150620,16131
148804,16131
149046,16131
149421,16131
104948,16131
4314,16131
16259,16131
18972,16131
148562,16131
148713,16131
91425,16131
59152,16131
138098,16131
106065,16131
106296,16131
106510,16131
117221,16131
109944,16131
106706,16131
107006,16131
80927,16131
81189,16131
128263,16131
81187,16131
81381,16131
108914,16131
109152,16131
107031,16131
107386,16131
108652,16131
108919,16131
81379,16131
108392,16131
108671,16131
108078,16131
108397,16131
81573,16131
107598,16131
108087,16131
78877,16131
78882,16131
107607,16131
81789,16131
107405,16131
99641,16131
99870,16131
83482,16131
83691,16131
84019,16131
84215,16131
137871,16131
138054,16131
84467,16131
79402,16131
79627,16131
84635,16131
84707,16131
79613,16131
79859,16131
79829,16131
123301,16131
123772,16131
80056,16131
80467,16131
80677,16131
80663,16131
80925,16131
67776,278542
148753,16131
150464,16131
46802,16131
100723,16131
100636,16131
99873,16131
150044,16131
113030,16131
148191,16131
148357,16131
111880,16131
148125,16131
117639,16131
110730,16131
103668,16131
104215,16131
109946,16131
148669,16131
19795,16131
101383,16131
105678,16131
104915,16131
101852,16131
18985,16131
103061,16131
97175,16131
150628,16131
150742,16131
149613,16131
80291,16131
80447,16131
80283,16131
80032,16131
71738,16131
71006,16131
71749,16131
73086,16131
137899,16131
60588,16131
60575,16131
114944,16131
115855,16131
138012,16131
62622,16131
137733,16131
71005,16131
61582,16131
148696,16131
73092,16131
73668,16131
91939,16131
127104,16131
148126,16131
100499,16131
150172,16131
3187,16131
150252,16131
5072,16131
85780,16131
138233,16131
138225,16131
138284,16131
85967,16131
87293,16131
92529,16131
124158,16131
137955,16131
137771,16131
117453,16131
101387,16131
101634,16131
90316,16131
103652,16131
80909,16131
81786,16131
110738,16131
109952,16131
97101,16131
98637,16131
150855,16131
84621,16131
28337,16131
148574,16131
4283,16131
5042,16131
87889,16131
88803,16131
149571,16131
138226,16131
138326,16131
18890,16131
148213,16131
148383,16131
120171,16131
150512,16131
109156,16131
96925,16131
98577,16131
100463,16131
55082,16131
55352,16131
108097,16131
56298,16131
59763,16131
60577,16131
124159,16131
150858,16131
3301,16131
103058,16131
86331,16131
87571,16131
101630,16131
148487,16131
148622,16131
93154,16131
68147,0
68148,0
101854,16131
104897,16131
59767,16131
90786,16131
55378,16131
80144,16131
138362,16131
149904,16131
149920,16131
138690,16131
83037,16131
82755,16131
83033,16131
82557,16131
82751,16131
82299,16131
82547,16131
82035,16131
82293,16131
82031,16131
81781,16131
59082,16131
4235,16131
4459,16131
18788,16131
103645,16131
104547,16131
130441,16131
110744,16131
109958,16131
77903,16131
79839,16131
104523,16131
104865,16131
2920,16131
2919,16131
80445,16131
150470,16131
80023,16131
150390,16131
150533,16131
150387,16131
150364,16131
150280,16131
150277,16131
150142,16131
150139,16131
55285,16131
55940,16131
150046,16131
88252,16131
89223,16131
148925,16131
149094,16131
130444,16131
131929,16131
149331,16131
149529,16131
86687,16131
103629,16131
103051,16131
85870,16131
110746,16131
111876,16131
138436,16131
113004,16131
96767,16131
98483,16131
29363,16131
132662,16131
103861,16131
103841,16131
115379,16131
116035,16131
148512,16131
4663,16131
4917,16131
109966,16131
108597,16131
109168,16131
108323,16131
108607,16131
108729,16131
104089,16131
104079,16131
106373,16131
108103,16131
104375,16131
104343,16131
104827,16131
105227,16131
105895,16131
106371,16131
93600,16131
105283,16131
105537,16131
105809,16131
105562,16131
91168,16131
80905,16131
3189,16131
56532,16131
71753,16131
43972,16131
44441,16131
120217,16131
87744,16131
73098,16131
103622,16131
57821,16131
57462,16131
110750,16131
115978,16131
116539,16131
103044,16131
55105,16131
109970,16131
30040,16131
29448,16131
31440,16131
148658,16131
149008,16131
120541,16131
88784,16131
89795,16131
149241,16131
149450,16131
150028,16131
101856,16131
80906,16131
81551,16131
81542,16131
81778,16131
82014,16131
82264,16131
82539,16131
82749,16131
83015,16131
83247,16131
83235,16131
83483,16131
83471,16131
83705,16131
83690,16131
83999,16131
83976,16131
84203,16131
84190,16131
84463,16131
150522,16131
150579,16131
84438,16131
84631,16131
84710,16131
43852,16131
44274,16131
96366,16131
97381,16131
77292,16131
76764,16131
77740,16131
54397,16131
148154,16131
138232,16131
138484,16131
148277,16131
59775,16131
59014,16131
94154,16131
86933,16131
44767,16131
46773,16131
43559,16131
43918,16131
103037,16131
103613,16131
76763,16131
76926,16131
41332,16131
108107,16131
106369,16131
149387,16131
110754,16131
109976,16131
120764,16131
134796,16131
98349,16131
99355,16131
116542,16131
117179,16131
88927,16131
90221,16131
120655,16131
97134,16131
97787,16131
79103,16131
149836,16131
55913,16131
138280,16131
138548,16131
43776,16131
44136,16131
43455,16131
43625,16131
148305,16131
148538,16131
107261,16131
107291,16131
107507,16131
107528,16131
107715,16131
106365,16131
107738,16131
120657,16131
108121,16131
5199,16131
149841,16131
137751,16131
100255,16131
77253,16131
77571,16131
87469,16131
97558,16131
94740,16131
43339,16131
43538,16131
44020,16131
120768,16131
150708,16131
150646,16131
100306,16131
101007,16131
101010,16131
112998,16131
137833,16131
137834,16131
102107,16131
111870,16131
102112,16131
148164,16131
148053,16131
110020,16131
110774,16131
73983,16131
74391,16131
73551,16131
73927,16131
73546,16131
110088,16131
71515,16131
71748,16131
70732,16131
71507,16131
70731,16131
109174,16131
103626,16131
120262,16131
150476,16131
43335,16131
43568,16131
103871,16131
103894,16131
104059,16131
85154,16131
138316,16131
138596,16131
104086,16131
104219,16131
43847,16131
149226,16131
104268,16131
89629,16131
90713,16131
104451,16131
104460,16131
98084,16131
100366,16131
100058,16131
104819,16131
120315,16131
85274,16131
107093,16131
117146,16131
120149,16131
106139,16131
106368,16131
106020,16131
105665,16131
105305,16131
105365,16131
105045,16131
105113,16131
43336,16131
43452,16131
104901,16131
104677,16131
60321,16131
60893,16131
109182,16131
108748,16131
77100,16131
147655,16131
147666,16131
80402,16131
88432,16131
147999,16131
148197,16131
57870,16131
148264,16131
138346,16131
138626,16131
150536,16131
106749,16131
106750,16131
106969,16131
106970,16131
44623,16131
147672,16131
148878,16131
149086,16131
150399,16131
150468,16131
98012,16131
100373,16131
90096,16131
91129,16131
150401,16131
149749,16131
150321,16131
150370,16131
150048,16131
150097,16131
150305,16131
150323,16131
148662,16131
83464,16131
150100,16131
150175,16131
150177,16131
150308,16131
71345,16131
71504,16131
148323,16131
148552,16131
82534,16131
150263,16131
70905,16131
71353,16131
150254,16131
150266,16131
70915,16131
150253,16131
70741,16131
137934,16131
115380,16131
101014,16131
147937,16131
148106,16131
53807,16131
54409,16131
44455,16131
137623,16131
137983,16131
86585,16131
102122,16131
117114,16131
116228,16131
133203,16131
138382,16131
115998,16131
97936,16131
136958,16131
136938,16131
137051,16131
91776,16131
139451,16131
116544,16131
100349,16131
44339,16131
43709,16131
43913,16131
5053,16131
86588,16131
2381,16131
2935,16131
119398,16131
120219,16131
148680,16131
136268,16131
136743,16131
2952,16131
3135,16131
147698,16131
148007,16131
81684,16131
5074,16131
5196,16131
92114,16131
148790,16131
148943,16131
90576,16131
91701,16131
43786,16131
116521,16131
84731,16131
84918,16131
119478,16131
78196,16131
77788,16131
79004,16131
97820,16131
87893,16131
18744,16131
18865,16131
100388,16131
110814,16131
111900,16131
43974,16131
149788,16131
149915,16131
117066,16131
136869,16131
72988,16131
73536,16131
72754,16131
72976,16131
138144,16131
138114,16131
72506,16131
72743,16131
150257,16131
72044,16131
72507,16131
2416,16131
3042,16131
77787,16131
72041,16131
71739,16131
103642,16131
150179,16131
60910,16131
136932,16131
137142,16131
5622,16131
150666,16131
116562,16131
43504,16131
43874,16131
87073,16131
61692,16131
138452,16131
3114,16131
148337,16131
148564,16131
79787,16131
86969,16131
148873,16131
101018,16131
85197,16131
107290,16131
108005,16131
108014,16131
108349,16131
108360,16131
108764,16131
109190,16131
91866,16131
96911,16131
100314,16131
5696,16131
44094,16131
105947,16131
85051,16131
43472,16131
106764,16131
138184,16131
138140,16131
106974,16131
102132,16131
91801,16131
109547,16131
109548,16131
88429,16131
89411,16131
44508,16131
113262,16131
96234,16131
95904,16131
90381,16131
5613,16131
72511,16131
72039,16131
3044,16131
84863,16131
43580,16131
43930,16131
84936,16131
84789,16131
90923,16131
92583,16131
84770,16131
3073,16131
115178,16131
103654,16131
71501,16131
136900,16131
138220,16131
138160,16131
70919,16131
93276,16131
81766,16131
72519,16131
72037,16131
43953,16131
44566,16131
43648,16131
43982,16131
148716,16131
53631,16131
53814,16131
101024,16131
64886,16131
66149,68555
88935,16131
3062,16131
57461,16131
149637,16131
149765,16131
72966,16131
138732,16131
138710,16131
138874,16131
64731,16131
73528,16131
138282,16131
138222,16131
102138,16131
89409,16131
43584,16131
148347,16131
148592,16131
95230,16131
72527,16131
43812,16131
72029,16131
2832,16131
43726,16131
83652,16131
120526,16131
120128,16131
121802,16131
103688,16131
83702,16131
84953,16131
112885,16131
104634,16131
104863,16131
104907,16131
117061,16131
150430,16131
105155,16131
105165,16131
62249,16131
105431,16131
105451,16131
137305,16131
137301,16131
137538,16131
85789,16131
86277,16131
137108,16131
2841,16131
109723,16131
110130,16131
109746,16131
109499,16131
150372,16131
109483,16131
5673,16131
109210,16131
150183,16131
108753,16131
108386,16131
92252,16131
94523,16131
108040,16131
106772,16131
71726,16131
138079,16131
150082,16131
150104,16131
53564,16131
53634,16131
147806,16131
150081,16131
102140,16131
102955,16131
64058,16131
89915,16131
149932,16131
52188,16131
138520,16131
138738,16131
63251,16131
101026,16131
79419,16131
79065,16131
52204,16131
107774,16131
104434,16131
104525,16131
104110,16131
104431,16131
103870,16131
104107,16131
103896,16131
103416,16131
103686,16131
103212,16131
103422,16131
106773,16131
106790,16131
94200,16131
149767,16131
148353,16131
148618,16131
149838,16131
137253,16131
137334,16131
102109,16131
102934,16131
150376,16131
150259,16131
148292,16131
94812,16131
96267,16131
115169,16131
115170,16131
54091,16131
53844,16131
64160,16131
53636,16131
92014,16131
94165,16131
102082,16131
149724,16131
149805,16131
150052,16131
80011,16131
137254,16131
137476,16131
148774,16131
96728,16131
89041,16131
107803,16131
80421,16131
138247,16131
138552,16131
138766,16131
114990,16131
106792,16131
106800,16131
18825,16131
18726,16131
18725,16131
117039,16131
112641,16131
88134,16131
117109,16131
150368,16131
77364,16131
77363,16131
77069,16131
77704,16131
119822,16131
121495,16131
85509,16131
102949,16131
149252,16131
149593,16131
150295,16131
150293,16131
91762,16131
93935,16131
113344,16131
150124,16131
150189,16131
150121,16131
96402,16131
97282,16131
150088,16131
150085,16131
150054,16131
63263,16131
18720,16131
137107,16131
148369,16131
149642,16131
149740,16131
94522,16131
95865,16131
138590,16131
138790,16131
90667,16131
91526,16131
89709,16131
107672,16131
79066,16131
101831,16131
106801,16131
106814,16131
23401,0
76689,16131
76690,16131
138745,16131
79494,16131
150287,16131
150492,16131
77070,16131
77104,16131
56248,16131
72027,16131
62268,16131
111713,16131
72531,16131
80184,16131
149130,16131
137070,16131
148312,16131
95570,16131
97053,16131
80853,16131
89227,16131
80081,16131
109649,16131
108926,16131
93714,16131
88133,16131
137588,16131
137738,16131
81828,16131
41269,16131
114989,16131
137376,16131
56991,16131
79563,16131
80309,16131
77312,16131
138612,16131
138804,16131
72957,16131
108091,16131
73523,16131
107788,16131
40951,16131
97846,16131
72025,16131
40896,16131
72535,16131
22792,0
106005,16131
90425,16131
91657,16131
86989,16131
5778,68705
137418,16131
74863,16131
79915,16131
114678,16131
80458,16131
95477,16131
64812,68615
77856,16131
106030,16131
137722,16131
138060,16131
98953,16131
98516,16131
100831,16131
91950,16131
119434,16131
121125,16131
72539,16131
72023,16131
148019,16131
137470,16131
96324,16131
97657,16131
84793,16131
86138,16131
138668,16131
138812,16131
101427,16131
102407,16131
89888,16131
62609,16131
147912,16131
113069,16131
114230,16131
101269,16131
101270,16131
102719,16131
150246,16131
30196,16131
29758,16131
7507,16131
115817,16131
117058,16131
136897,16131
115818,16131
115784,16131
148318,16131
88854,16131
82406,16131
90135,16131
91369,16131
103764,16131
148118,16131
149268,16131
83313,16131
138126,16131
138397,16131
149487,16131
102638,16131
105694,16131
148039,16131
5768,68705
71723,16131
76746,16131
7008,16131
105310,16131
105997,16131
88256,16131
81741,16131
73521,16131
93424,16131
138704,16131
138828,16131
74369,16131
105892,16131
106904,16131
136822,16131
87734,16131
104920,16131
104919,16131
148364,16131
137694,16131
138020,16131
96942,16131
98241,16131
150482,16131
137061,16131
102118,16131
2815,16131
96199,16131
105779,16131
149019,16131
149234,16131
99082,16131
102517,16131
87035,16131
149310,16131
148798,16131
89863,16131
91173,16131
2330,16131
2284,16131
147911,16131
115556,16131
130933,16131
130934,16131
150188,16131
74858,16131
131349,16131
131033,16131
150056,16131
107787,16131
106775,16131
149576,16131
149689,16131
113657,16131
113511,16131
119122,16131
120845,16131
149741,16131
149713,16131
138722,16131
138848,16131
89428,16131
18558,16131
148210,16131
2302,16131
2646,16131
5745,16131
138896,16131
2658,16131
114326,16131
110889,16131
112420,16131
5792,121277
107416,16131
127197,16131
127198,16131
113070,16131
137664,16131
137997,16131
2283,16131
5771,68703
5932,16131
88282,16131
97522,16131
98813,16131
148893,16131
149089,16131
148028,16131
149336,16131
147970,16131
148112,16131
117046,16131
95276,16131
96889,16131
149948,16131
115564,16131
89592,16131
90929,16131
99766,16131
51061,16131
17576,16131
150091,16131
150290,16131
106618,16131
25063,0
25648,0
138742,16131
138521,16131
127497,16131
127295,16131
127781,16131
128663,16131
114615,16131
137652,16131
137966,16131
113514,16131
104878,16131
105842,16131
82075,16131
82190,16131
82482,16131
83851,16131
87736,16131
88088,16131
105483,16131
149378,16131
149602,16131
2282,16131
54440,16131
76590,16131
76503,16131
76702,16131
76898,16131
148820,16131
149002,16131
148022,16131
53852,16131
71724,16131
108352,16131
100334,16131
74633,16131
111631,16131
112732,16131
98072,16131
99567,16131
131850,16131
131167,16131
18784,16131
148686,16131
76504,16131
56904,16131
5503,16131
5883,16131
88924,16131
103751,16131
103264,16131
74659,16131
92972,16131
145718,16131
145717,16131
146360,16131
96139,16131
97423,16131
137646,16131
137945,16131
116786,16131
120455,16131
7350,16131
2267,0
2268,0
89143,16131
90632,16131
87448,16131
113199,16131
112979,16131
130451,16131
138724,16131
146165,16131
74803,16131
77146,16131
74498,16131
74773,16131
62245,16131
149322,16131
103198,16131
129702,16131
74600,16131
148868,16131
62252,16131
79882,16131
80836,16131
104999,16131
106597,16131
148582,16131
148831,16131
147200,16131
77278,16131
137626,16131
137922,16131
98688,16131
100109,16131
104163,16131
103748,16131
7506,16131
78534,16131
79987,16131
94762,16131
57136,16131
100809,16131
96827,16131
98037,16131
149714,16131
6683,16131
115578,16131
92368,16131
93916,16131
109872,16131
148496,16131
148735,16131
88719,16131
90249,16131
106759,16131
147844,16131
66724,68555
137596,16131
137901,16131
102325,16131
7007,16131
66628,68407
66634,68407
112980,16131
113890,16131
88204,16131
103464,16131
62240,16131
62745,16131
83801,16131
87037,16131
137854,16131
138179,16131
99322,16131
84405,16131
104591,16131
104156,16131
104356,16131
149557,16131
149618,16131
99832,16131
101223,16131
148396,16131
148639,16131
104669,16131
106191,16131
149990,16131
77148,16131
95545,16131
77326,16131
78731,16131
102359,16131
97343,16131
98671,16131
137582,16131
137891,16131
79169,16131
80135,16131
91114,16131
132570,16131
149992,16131
150110,16131
50616,16131
51009,16131
94282,16131
149247,16131
87053,16131
132608,16131
132607,16131
132836,16131
149443,16131
149577,16131
137438,16131
51089,16131
113611,16131
100228,16131
101581,16131
103798,16131
106299,16131
50643,16131
51035,16131
88309,16131
89875,16131
138149,16131
138349,16131
2281,16131
102545,16131
104066,16131
136649,16131
148533,16131
2289,16131
39496,0
137572,16131
137880,16131
112601,16131
79269,16131
91796,16131
93415,16131
116343,16131
148300,16131
76458,16131
30575,16131
30102,16131
115592,16131
85794,16131
136269,16131
85793,16131
2043,16131
2641,16131
104443,16131
105851,16131
96279,16131
114769,16131
97971,16131
99185,16131
90704,16131
66868,68407
67142,68407
50234,16131
100726,16131
101977,16131
80371,16131
102941,16131
76553,16131
78923,16131
132940,16131
135383,16131
136276,16131
94992,16131
50261,16131
137542,16131
137867,16131
137440,16131
138135,16131
138448,16131
149377,16131
149484,16131
86930,16131
94866,16131
109256,16131
110066,16131
62744,16131
132941,16131
133030,16131
149696,16131
148158,16131
148398,16131
76457,16131
87728,16131
103592,16131
81548,16131
86284,16131
101078,16131
110622,16131
112118,16131
87885,16131
89507,16131
119489,16131
120552,16131
104197,16131
105591,16131
79449,16131
100165,16131
39489,0
132609,16131
76479,16131
96933,16131
149721,16131
149823,16131
149730,16131
149545,16131
149546,16131
149425,16131
137526,16131
137850,16131
76659,16131
39490,0
40397,0
133031,16131
132825,16131
138123,16131
138419,16131
48692,16131
149962,16131
95800,16131
107429,16131
92000,16131
149963,16131
92830,16131
94299,16131
148034,16131
148326,16131
102055,16131
148886,16131
49297,16131
50283,16131
95116,16131
149083,16131
149106,16131
90232,16131
91496,16131
103983,16131
105223,16131
108474,16131
109441,16131
92652,16131
128419,16131
137525,16131
137839,16131
94261,16131
95718,16131
138111,16131
138400,16131
110221,16131
111224,16131
78597,16131
149706,16131
97541,16131
132685,16131
87521,16131
89099,16131
67086,68407
67384,68407
147952,16131
148219,16131
108971,16131
149011,16131
87058,16131
85803,16131
96420,16131
99786,16131
101417,16131
18512,16131
28072,16131
138095,16131
138377,16131
101496,16131
94709,16131
84993,16131
103734,16131
104973,16131
137835,16131
96150,16131
76767,16131
78600,16131
138491,16131
138544,16131
17499,16131
17324,16131
149350,16131
149349,16131
18689,16131
113612,16131
2653,16131
149040,16131
40895,68701
92092,16131
107867,16131
108887,16131
112023,16131
112928,16131
147864,16131
148092,16131
90053,16131
40241,16131
42131,16131
94092,16131
93790,16131
111740,16131
112756,16131
149725,16131
110834,16131
138067,16131
138357,16131
95121,16131
91109,16131
67367,68407
4858,16131
5617,16131
97074,16131
83499,16131
87128,16131
88705,16131
103193,16131
109923,16131
106943,16131
149312,16131
149311,16131
99342,16131
101660,16131
125853,16131
125854,16131
148936,16131
149996,16131
84364,16131
85417,16131
108309,16131
149687,16131
102842,16131
103820,16131
149852,16131
149967,16131
96520,16131
138263,16131
109679,16131
147979,16131
131630,16131
131084,16131
131925,16131
132534,16131
85853,16131
85202,16131
138057,16131
138340,16131
95955,16131
115092,16131
103371,16131
104240,16131
147968,16131
6971,16131
28259,16131
113702,16131
89814,16131
132722,16131
17914,16131
18245,16131
52237,16131
55630,16131
82502,16131
29172,16131
102688,16131
110567,16131
111892,16131
131478,16131
133886,16131
149688,16131
138015,16131
138319,16131
132322,16131
126259,16131
102033,16131
91589,16131
85862,16131
98972,16131
101319,16131
111525,16131
112510,16131
17361,16131
17293,16131
78620,16131
78617,16131
97518,16131
95178,16131
89498,16131
90344,16131
86847,16131
88242,16131
149453,16131
111159,16131
104672,16131
103815,16131
104372,16131
113259,16131
112818,16131
67026,68407
12209,16131
104094,16131
109253,16131
138001,16131
138304,16131
132321,16131
106487,16131
107807,16131
108343,16131
131388,16131
113286,16131
48729,16131
49313,16131
149644,16131
149570,16131
149657,16131
6973,16131
9081,16131
95701,16131
96962,16131
98534,16131
103372,16131
67343,68407
110384,16131
110772,16131
149146,16131
149110,16131
149006,16131
149112,16131
102555,16131
41439,16131
45149,16131
118106,16131
29759,16131
100514,16131
137969,16131
138275,16131
106068,16131
128019,16131
129385,16131
149798,16131
149762,16131
90035,16131
90794,16131
86611,16131
87916,16131
88858,16131
103916,16131
105775,16131
67746,121114
65243,68615
65244,68615
112612,16131
132966,16131
132854,16131
91314,16131
57869,16131
149718,16131
112181,16131
51039,16131
82413,16131
50297,16131
109853,16131
111829,16131
149735,16131
51165,16131
135035,16131
135401,16131
137941,16131
138254,16131
57056,16131
127326,16131
103344,16131
52252,16131
114162,16131
114034,16131
115854,16131
114994,16131
82848,16131
149581,16131
148849,16131
78605,16131
136154,16131
135588,16131
149145,16131
81910,16131
103738,16131
105558,16131
132504,16131
133066,16131
149717,16131
90463,16131
91182,16131
86295,16131
87663,16131
109323,16131
81749,16131
107340,16131
81134,16131
113170,16131
108743,16131
9492,16131
89310,16131
108962,16131
83112,16131
102757,16131
101758,16131
81567,16131
82967,16131
127417,16131
128551,16131
83631,16131
78970,16131
17232,16131
17283,16131
94824,16131
137919,16131
138227,16131
113740,16131
111120,16131
96356,16131
97916,16131
78625,16131
111504,16131
102297,16131
103185,16131
150336,16131
150114,16131
131083,16131
148859,16131
30104,16131
30258,16131
132849,16131
133630,16131
55629,16131
103418,16131
105269,16131
128965,16131
129821,16131
47100,16131
115174,16131
116463,16131
137829,16131
135193,16131
135700,16131
81736,16131
81735,16131
78959,16131
90909,16131
86125,16131
87404,16131
17231,16131
137920,16131
138206,16131
149756,16131
84588,16131
85232,16131
84612,16131
64811,68615
65096,68615
112807,16131
149308,16131
149479,16131
81225,16131
81226,16131
80873,16131
80874,16131
89842,16131
112541,16131
131387,16131
110631,16131
109345,16131
47205,16131
101000,16131
128289,16131
132240,16131
115438,16131
80451,16131
80452,16131
110503,16131
102748,16131
103587,16131
100175,16131
63281,16131
149710,16131
64072,16131
81358,16131
104168,16131
129358,16131
130177,16131
114854,16131
61432,16131
61406,16131
61570,16131
59432,16131
61437,16131
135557,16131
135730,16131
59431,16131
81118,16131
148984,16131
149116,16131
107662,16131
108586,16131
109665,16131
119152,16131
108196,16131
148872,16131
148985,16131
138161,16131
85948,16131
87109,16131
74595,16131
112136,16131
74140,16131
18535,16131
128654,16131
111764,16131
132481,16131
133365,16131
148559,16131
957,16131
937,16131
96466,16131
17304,16131
16260,16131
90338,16131
97356,16131
127977,16131
137830,16131
131013,16131
70570,540786
70569,540786
71002,540786
101882,16131
149829,16131
96101,16131
97098,16131
149329,16131
56727,16131
56728,16131
103160,16131
104095,16131
70749,540786
71586,540786
89596,16131
129729,16131
130539,16131
16439,16131
147754,16131
147753,16131
147786,16131
99851,16131
101414,16131
81995,16131
149616,16131
149667,16131
67346,68407
108970,16131
110073,16131
938,16131
107325,16131
110253,16131
71389,540786
72112,540786
132239,16131
127181,16131
148609,16131
111427,16131
112675,16131
89060,16131
81610,16131
138155,16131
71989,540786
72654,540786
149892,16131
111387,16131
85064,16131
86466,16131
17269,16131
129132,16131
136650,16131
136647,16131
136837,16131
4857,16131
4123,16131
931,16131
932,16131
149554,16131
913,16131
901,16131
148438,16131
72515,540786
66874,68407
149491,16131
149771,16131
149861,16131
126895,16131
128079,16131
130059,16131
130829,16131
109350,16131
102313,16131
65645,68615
65483,68615
65654,68615
149591,16131
104984,16131
149207,16131
133039,16131
17560,16131
96795,16131
17639,16131
83830,16131
133621,16131
909,16131
885,16131
83316,16131
99615,16131
101116,16131
128427,16131
112462,16131
114364,16131
108260,16131
103710,16131
104583,16131
149553,16131
95161,16131
125694,16131
125693,16131
904,16131
879,16131
110046,16131
107842,16131
1078,0
1077,0
81240,16131
16441,16131
17224,16131
128936,16131
97666,16131
100893,16131
55660,16131
18313,16131
20397,16131
16763,16131
130447,16131
17506,16131
897,16131
877,16131
80542,16131
106929,16131
65361,68615
65504,68615
129825,16131
128046,16131
128793,16131
102731,16131
126371,16131
127341,16131
86852,16131
108906,16131
86172,16131
1079,0
90450,16131
109510,16131
110943,16131
149397,16131
97219,16131
98202,16131
112005,16131
135566,16131
60146,16131
61549,16131
127790,16131
127693,16131
99161,16131
100843,16131
131213,16131
148854,16131
148993,16131
149120,16131
111495,16131
40242,16131
88564,16131
89985,16131
65465,68615
126331,16131
1093,0
91186,16131
82255,16131
149608,16131
96010,16131
127446,16131
127937,16131
874,16131
873,16131
104234,16131
104913,16131
111652,16131
65730,68615
148766,16131
148855,16131
108402,16131
872,16131
867,16131
132761,16131
81794,16131
133283,16131
128640,16131
17217,16131
129161,16131
22791,0
24608,0
126941,16131
134842,16131
65322,68615
81178,16131
864,16131
863,16131
130893,16131
131491,16131
80734,16131
81230,16131
149494,16131
149517,16131
105794,16131
28958,16131
29642,16131
137238,16131
136754,16131
17280,16131
17166,16131
107440,16131
865,16131
78935,16131
79404,16131
127778,16131
88074,16131
6450,68621
6352,68621
85014,16131
80770,16131
103213,16131
45550,16131
47101,16131
79778,16131
97775,16131
98820,16131
105075,16131
79586,16131
128411,16131
128813,16131
100532,16131
106304,16131
149671,16131
149786,16131
85984,16131
87740,16131
148271,16131
148490,16131
1112,16131
1111,16131
860,16131
47206,16131
45663,16131
109460,16131
125917,16131
96564,16131
65546,68615
1103,226411
1104,226411
115020,16131
104674,16131
105715,16131
1109,436707
16795,16131
18120,16131
131143,16131
131933,16131
127574,16131
828,16131
44164,16131
109036,16131
859,16131
114446,16131
115131,16131
110042,16131
150479,16131
1116,16131
51043,16131
846,16131
103868,16131
127535,16131
127275,16131
110436,16131
856,16131
917,16131
84968,16131
49331,16131
128122,16131
107976,16131
89425,16131
128330,16131
150340,16131
150488,16131
44225,16131
132429,16131
90801,16131
85009,16131
85664,16131
90977,16131
92496,16131
114045,16131
117133,16131
126434,16131
98450,16131
100148,16131
83368,16131
85589,16131
953,16131
106818,16131
128751,16131
87463,16131
147990,16131
97104,16131
131441,16131
132159,16131
94641,16131
148765,16131
148767,16131
850,16131
1685,0
1686,0
125613,16131
105262,16131
107009,16131
109556,16131
102400,16131
852,16131
117214,16131
127053,16131
127875,16131
149537,16131
132269,16131
127980,16131
100258,16131
104367,16131
105220,16131
148133,16131
148333,16131
148604,16131
149969,16131
150000,16131
150112,16131
91147,16131
94103,16131
95930,16131
60025,16131
60026,16131
148672,16131
108578,16131
134797,16131
43799,16131
5620,16131
5898,16131
130678,16131
131399,16131
131994,16131
134844,16131
135186,16131
129075,16131
103354,16131
150274,16131
107364,16131
67438,68407
67394,68407
126580,16131
149541,16131
133575,16131
125305,16131
126310,16131
90533,16131
91391,16131
150284,16131
87122,16131
134240,16131
111240,16131
132689,16131
845,16131
126427,16131
126973,16131
97910,16131
99725,16131
65564,68615
137953,16131
137954,16131
86267,16131
89843,16131
15622,16131
83164,16131
129327,16131
148005,16131
148255,16131
127528,16131
90323,16131
127772,16131
136639,16131
134247,16131
137204,16131
1665,0
1666,0
82991,16131
131200,16131
841,16131
85019,16131
129575,16131
126995,16131
131913,16131
113332,16131
149417,16131
126722,16131
106614,16131
104896,16131
84848,16131
15373,16131
17043,16131
90819,16131
91749,16131
132923,16131
109206,16131
84627,16131
944,16131
57073,16131
127893,16131
146910,16131
103850,16131
104855,16131
65775,68615
65354,68615
65580,68615
78410,16131
77622,16131
77625,16131
132335,16131
76962,16131
124771,16131
125979,16131
148997,16131
96910,16131
76961,16131
77005,16131
89221,16131
107926,16131
92109,16131
93490,16131
65667,68615
99871,16131
101277,16131
126908,16131
148120,16131
130041,16131
133741,16131
93564,16131
95194,16131
132641,16131
133205,16131
127372,16131
91127,16131
131568,16131
148090,16131
149243,16131
126377,16131
127315,16131
1834,0
1646,0
130932,16131
135906,16131
136254,16131
136317,16131
65755,68615
96594,16131
146849,16131
149057,16131
97475,16131
99152,16131
133803,16131
107591,16131
70899,540786
1633,0
1634,0
70777,540786
102872,16131
132135,16131
110935,16131
106247,16131
842,16131
45688,16131
65390,68615
127799,16131
86269,16131
87061,16131
130437,16131
104540,16131
136307,16131
136421,16131
90411,16131
107628,16131
91881,16131
57910,16131
89828,16131
108494,16131
126899,16131
1190,16131
1165,16131
126085,16131
132984,16131
831,16131
129774,16131
130401,16131
57679,16131
129039,16131
125848,16131
17867,16131
131426,16131
101941,16131
53625,16131
99525,16131
100918,16131
72318,540786
132420,16131
148732,16131
81172,16131
79856,16131
81251,16131
924,16131
82176,16131
81800,16131
96076,16131
74596,16131
74840,16131
74842,16131
75548,16131
75557,16131
76040,16131
124531,16131
125545,16131
76030,16131
59508,16131
59507,16131
127273,16131
131284,16131
131889,16131
149972,16131
149973,16131
150004,16131
8619,16131
9999,16131
91385,16131
92964,16131
8620,226427
8630,226419
126597,16131
73344,540786
73226,540786
82205,16131
103332,16131
104352,16131
130017,16131
107243,16131
108991,16131
65279,68615
128165,16131
97024,16131
98699,16131
149818,16131
149800,16131
149820,16131
149801,16131
149746,16131
149745,16131
73756,540786
73755,540786
73813,540786
130691,16131
94438,16131
17393,16131
105878,16131
128607,16131
125616,16131
126379,16131
88883,16131
90877,16131
94624,16131
1537,0
1538,0
136401,16131
136491,16131
109884,16131
112872,16131
65599,68615
65303,68615
77041,16131
90396,16131
791,16131
792,16131
132732,16131
133478,16131
80268,16131
81729,16131
16953,16131
65163,68615
87356,16131
782,16131
774,16131
128255,16131
129490,16131
124179,16131
125265,16131
824,16131
79542,16131
79932,16131
130486,16131
131077,16131
126975,16131
113941,16131
114118,16131
98973,16131
100505,16131
87281,16131
127821,16131
136561,16131
126203,16131
98790,16131
132049,16131
102441,16131
126453,16131
127215,16131
91339,16131
80158,16131
114015,16131
114570,16131
132001,16131
88420,16131
65205,68615
884,16131
125476,16131
78928,16131
103830,16131
148722,16131
112228,16131
87284,16131
89093,16131
1490,0
1574,0
80368,16131
136452,16131
130111,16131
101528,16131
60482,16131
63622,68705
63973,16131
112290,16131
114479,16131
1477,0
1443,0
89406,16131
131837,16131
132445,16131
109084,16131
126719,16131
135704,16131
80996,16131
80746,16131
81613,16131
106835,16131
108519,16131
47485,16131
95274,16131
125690,16131
132471,16131
133226,16131
96576,16131
98355,16131
80536,16131
128105,16131
129203,16131
64114,173848
127447,16131
90862,16131
64709,278898
129913,16131
81316,16131
816,16131
82894,16131
82893,16131
91877,16131
130485,16131
130896,16131
92325,16131
93892,16131
136330,16131
136728,16131
121254,16131
126262,16131
64710,121181
126076,16131
28395,16131
29972,16131
65425,68615
127073,16131
125295,16131
125972,16131
80808,16131
116619,16131
118397,16131
1530,0
124952,16131
102973,16131
123841,16131
124799,16131
126290,16131
98833,16131
100035,16131
114716,16131
114806,16131
115440,16131
858,16131
129997,16131
131469,16131
132257,16131
136242,16131
125549,16131
90002,16131
102649,16131
83121,16131
65215,68615
768,0
767,0
101217,16131
132717,16131
129699,16131
128673,16131
129541,16131
102386,16131
98439,16131
114816,16131
91302,16131
773,16131
797,16131
109789,16131
1240,16131
1239,16131
130397,16131
130398,16131
126281,16131
130716,16131
106486,16131
108149,16131
88960,16131
114541,16131
129999,16131
130702,16131
114773,16131
106196,16131
133015,16131
96134,16131
97782,16131
77306,16131
78920,16131
126077,16131
126911,16131
77264,16131
77043,16131
59579,16131
123367,16131
124569,16131
132418,16131
115425,16131
116594,16131
1134,16131
103409,16131
131197,16131
131899,16131
70375,540786
70305,540786
129037,16131
114719,16131
890,16131
926,16131
1420,0
116565,16131
132180,16131
114352,16131
16954,16131
16956,16131
131099,16131
93385,16131
114410,16131
65217,68615
65259,68615
124636,16131
125361,16131
65670,68615
65827,68615
105681,16131
125861,16131
126620,16131
58923,16131
59757,16131
70699,540786
71712,540786
130606,16131
90508,16131
131951,16131
132380,16131
61818,16131
1125,16131
61565,16131
84367,16131
100767,16131
102085,16131
89586,16131
150072,16131
150064,16131
131455,16131
1492,0
1273,16131
1274,16131
132728,16131
150010,16131
149975,16131
800,16131
825,16131
100509,16131
65526,68615
65685,68615
112098,16131
58924,16131
125051,16131
130454,16131
130963,16131
132115,16131
4792,16131
4522,16131
4798,16131
4864,16131
4868,16131
106796,16131
82396,16131
132303,16131
134693,16131
97514,16131
98869,16131
125456,16131
126105,16131
129545,16131
130375,16131
67330,68407
111981,16131
103102,16131
124454,16131
95744,16131
97322,16131
139439,16131
1534,0
1536,0
126411,16131
118345,16131
118286,16131
131291,16131
82601,16131
125652,16131
90996,16131
3817,16131
3886,16131
4318,16131
122911,16131
123755,16131
124127,16131
124680,16131
117176,16131
99883,16131
64712,121181
65616,121269
131293,16131
106330,16131
107688,16131
132041,16131
88193,16131
91227,16131
129381,16131
124896,16131
90090,16131
130292,16131
97412,16131
99343,16131
150061,16131
131885,16131
132518,16131
81961,16131
117428,16131
117427,16131
117600,16131
118094,16131
148232,16131
118188,16131
116557,16131
125990,16131
92841,16131
100995,16131
124341,16131
115549,16131
117051,16131
131797,16131
65687,68615
65741,68615
105129,16131
129897,16131
130526,16131
61783,16131
95232,16131
97011,16131
118037,16131
119177,16131
101641,16131
102851,16131
125170,16131
128819,16131
4320,16131
83544,16131
83234,16131
123413,16131
65261,68615
65289,68615
88194,16131
100000,16131
101345,16131
124549,16131
136026,16131
136194,16131
60469,16131
131405,16131
83524,16131
44226,16131
97882,16131
130193,16131
130391,16131
65451,68615
8632,226419
8638,16131
7624,68621
7623,68621
119491,16131
129571,16131
132327,16131
148124,16131
148123,16131
148160,16131
129067,16131
129779,16131
124215,16131
122697,16131
148194,16131
90610,16131
148141,16131
124939,16131
125765,16131
4674,16131
1381,0
1382,0
82887,16131
123867,16131
771,16131
772,16131
5897,16131
5900,16131
1372,0
100460,16131
65291,68615
129444,16131
94894,16131
96787,16131
117971,16131
73852,540786
74210,16131
76676,16131
59055,16131
136392,16131
770,16131
769,16131
131363,16131
76774,16131
65551,68615
105872,16131
107266,16131
99592,16131
129935,16131
3086,278951
2858,278951
3088,278951
3808,278951
78911,16131
108311,16131
129811,16131
92683,16131
94221,16131
124783,16131
125562,16131
4349,16131
2857,278951
96945,16131
101817,16131
2860,278951
117000,16131
72826,540786
72780,540786
3735,16131
81362,16131
108779,16131
108407,16131
123518,16131
1422,0
132060,16131
122467,16131
123284,16131
70267,540786
71136,540786
149783,16131
149792,16131
149811,16131
104803,16131
149813,16131
149833,16131
149848,16131
149869,16131
124649,16131
100850,16131
102155,16131
1277,16131
131229,16131
891,16131
128655,16131
102463,16131
116904,16131
117549,16131
92003,16131
92551,16131
123387,16131
123789,16131
124384,16131
40248,121273
73472,540786
82285,16131
80958,16131
94596,16131
96373,16131
40043,16131
129655,16131
130294,16131
130729,16131
130607,16131
131107,16131
124999,16131
129353,16131
123815,16131
116852,16131
117485,16131
1371,0
123610,16131
91720,16131
92259,16131
94469,16131
128523,16131
129135,16131
58453,16131
59735,16131
109275,16131
108891,16131
131191,16131
130455,16131
83795,16131
125335,16131
148180,16131
65845,68615
101274,16131
1319,0
1301,0
98480,16131
148102,16131
148165,16131
116796,16131
117433,16131
107522,16131
87402,16131
1366,0
129775,16131
122295,16131
123061,16131
131876,16131
124587,16131
108853,16131
80431,16131
43801,16131
128387,16131
129123,16131
129581,16131
130159,16131
123720,16131
130769,16131
65743,68615
124223,16131
96105,16131
116736,16131
117314,16131
104391,16131
105448,16131
106740,16131
130951,16131
82890,16131
123369,16131
124183,16131
70268,540786
94184,16131
127150,16131
126461,16131
125623,16131
129347,16131
79635,16131
80567,16131
106933,16131
67773,540786
101910,16131
102993,16131
4825,16131
96273,16131
116678,16131
117243,16131
3641,278969
129503,16131
130423,16131
127921,16131
128577,16131
129844,16131
39630,173847
3644,278969
83667,16131
84945,16131
79621,16131
107660,16131
122131,16131
122749,16131
136186,16131
78907,16131
131545,16131
110289,16131
40044,16131
1302,0
5410,16131
4801,16131
121054,16131
125011,16131
126051,16131
130010,16131
127071,0
127072,0
116598,16131
117172,16131
148175,16131
123751,16131
81772,16131
81070,16131
82041,16131
129143,16131
117909,16131
129427,16131
128119,16131
128747,16131
131085,16131
111109,16131
112169,16131
128985,16131
794,16131
820,16131
83045,16131
84049,16131
93955,16131
94735,16131
100472,16131
86606,16131
85404,16131
131449,16131
100052,16131
112724,16131
149476,16131
136178,16131
117887,16131
116536,16131
117075,16131
78235,16131
78236,16131
79967,16131
80589,16131
89766,16131
91643,16131
129609,16131
109887,16131
112221,16131
128446,16131
78245,16131
130721,16131
121117,16131
148099,16131
148205,16131
107148,16131
104953,16131
106430,16131
81323,16131
125503,16131
109964,16131
112637,16131
1121,16131
1130,16131
102415,16131
103387,16131
83358,16131
124881,16131
61040,16131
121857,16131
122394,16131
122950,16131
123689,16131
116440,16131
116991,16131
139425,16131
139457,16131
117792,16131
129033,16131
127006,0
127005,0
139485,16131
147798,16131
1344,0
128834,16131
3861,16131
107150,16131
775,16131
787,16131
80241,16131
103917,16131
79622,16131
134175,16131
134886,16131
71711,540786
101174,16131
19975,0
20856,0
122657,16131
80831,16131
85149,16131
137133,16131
137134,16131
136934,16131
137431,16131
95705,16131
93710,16131
85006,16131
117735,16131
56471,16131
60749,16131
116318,16131
116900,16131
82431,16131
127791,16131
110507,16131
9788,16131
12013,16131
122498,16131
122869,16131
86477,16131
97964,16131
112926,16131
125110,16131
128734,16131
129483,16131
126645,16131
94285,16131
123507,16131
71490,540786
59567,16131
114908,16131
116081,16131
97307,16131
131103,16131
117662,16131
77119,16131
78253,16131
116268,16131
116839,16131
100763,16131
77120,16131
77276,16131
3573,541778
122159,16131
72254,540786
102891,16131
95775,16131
128605,16131
129435,16131
112938,16131
128351,16131
126081,16131
127093,16131
8820,16131
65617,121269
66006,16131
99644,16131
130980,16131
1114,16131
1120,16131
122862,16131
101690,16131
127547,16131
128149,16131
122680,16131
72710,540786
149386,16131
89582,16131
112899,16131
117615,16131
2044,16131
112681,16131
116200,16131
116788,16131
123346,16131
128785,16131
811,16131
1100,16131
61836,16131
123787,16131
73317,540786
73670,540786
134522,16131
135214,16131
121665,16131
110605,16131
53375,16131
61795,16131
104481,16131
105973,16131
4350,16131
73318,540786
98481,16131
117567,16131
73930,540786
62354,16131
73464,540786
74118,540786
127381,16131
128175,16131
112839,16131
114341,16131
82505,16131
116122,16131
116721,16131
112430,16131
122625,16131
126509,16131
60625,16131
62311,16131
128631,16131
129319,16131
114401,16131
112646,16131
17847,16131
94366,16131
73096,540786
73052,540786
101236,16131
102249,16131
107748,16131
65855,16131
66032,16131
3574,541778
3580,331503
65799,16131
128317,16131
1345,0
4277,16131
85677,16131
136340,16131
136298,16131
117496,16131
114867,16131
122379,16131
123117,16131
103305,16131
104407,16131
116656,16131
123263,16131
1106,16131
85908,16131
80409,16131
100316,16131
3769,173825
109588,16131
128533,16131
17848,16131
16982,16131
128836,16131
127543,16131
81369,16131
121931,16131
82795,16131
117445,16131
116591,16131
123611,16131
130900,16131
95363,16131
98510,16131
1095,16131
136434,16131
136300,16131
129096,16131
124891,16131
760,16131
41391,16131
128417,16131
79048,16131
127107,16131
127993,16131
130610,0
130609,0
98958,16131
128185,16131
49233,16131
125490,16131
126305,16131
79692,16131
121503,16131
3746,331503
117326,16131
41340,16131
139415,16131
122205,16131
122805,16131
147759,16131
102643,16131
128601,16131
129552,16131
126149,16131
103835,16131
117253,16131
146914,16131
123404,16131
94833,16131
96448,16131
8767,16131
130668,16131
130469,16131
130471,16131
130867,16131
110174,16131
104831,16131
6121,68621
6122,68621
105399,16131
100960,16131
101938,16131
6124,68621
126615,16131
6796,68621
7616,68621
3684,331452
127745,16131
6798,68621
124221,16131
124525,16131
133136,16131
121998,16131
124169,16131
117200,16131
59310,16131
126041,16131
126445,16131
121846,16131
4280,16131
130046,0
130045,0
130496,16131
130921,16131
132384,16131
67064,16131
121925,16131
122165,16131
129069,16131
129904,16131
130470,16131
134982,16131
135414,16131
125915,16131
126345,16131
122663,16131
122544,16131
130075,16131
132281,16131
109587,16131
103129,16131
3834,384017
122925,16131
123830,16131
82030,16131
81400,16131
82199,16131
149748,16131
149747,16131
104257,16131
136177,16131
122179,16131
122060,16131
128545,16131
125819,16131
126255,16131
80884,16131
80883,16131
84415,16131
85241,16131
100468,16131
136263,16131
127457,16131
77786,16131
77785,16131
81399,16131
81529,16131
125198,16131
125645,16131
125667,16131
126177,16131
100237,16131
77389,16131
77390,16131
129491,16131
130410,16131
113270,16131
66966,16131
67308,16131
128927,16131
71736,540786
82811,16131
84488,16131
126783,16131
126390,16131
126542,16131
126991,16131
94588,16131
98109,16131
101207,16131
102480,16131
121203,16131
121678,16131
126242,16131
122116,16131
125466,16131
124969,16131
125849,16131
3914,384017
72996,540786
79685,16131
81001,16131
122401,16131
126692,16131
127163,16131
102802,16131
103705,16131
123459,16131
135207,16131
135742,16131
127403,16131
121822,16131
122375,16131
122035,16131
126049,16131
125578,16131
125993,16131
128844,16131
126502,16131
104711,16131
105819,16131
126936,16131
127333,16131
89284,16131
89658,16131
127401,16131
60030,16131
67211,16131
126373,16131
84037,16131
84570,16131
12045,16131
67536,16131
125714,16131
89391,16131
126151,16131
129359,16131
82921,16131
139490,16131
139422,16131
142004,16131
92488,16131
94493,16131
127152,16131
82957,16131
84185,16131
72353,540786
72283,540786
129971,16131
125890,16131
126297,16131
122757,16131
136538,16131
136960,16131
3685,331452
126698,16131
79076,16131
79776,16131
139445,16131
139469,16131
122072,16131
94307,16131
128962,16131
125483,16131
78555,16131
126267,16131
101899,16131
86485,16131
67445,16131
126181,16131
126593,16131
104941,16131
106209,16131
81333,16131
86523,16131
90747,16131
82636,16131
79190,16131
78664,16131
104087,16131
81375,16131
83101,16131
92983,16131
95724,16131
12534,16131
82260,16131
82857,16131
127033,16131
127020,16131
126060,16131
126523,16131
99931,16131
123235,16131
81283,16131
82366,16131
103018,16131
122366,16131
123181,16131
67667,16131
77907,16131
125062,16131
125871,16131
150014,16131
149979,16131
149894,16131
126391,16131
4696,16131
4695,16131
126435,16131
105315,16131
106523,16131
3958,121191
108683,16131
84724,16131
80550,16131
80676,16131
150018,16131
149983,16131
129706,16131
135136,16131
133135,16131
149896,16131
81459,16131
3716,68621
100729,16131
4387,68621
135606,16131
104527,16131
102428,16131
103606,16131
97786,16131
83989,16131
81740,16131
82458,16131
122674,16131
126015,16131
133056,16131
126239,16131
128636,16131
123545,16131
84058,16131
79986,16131
99932,16131
78134,16131
139416,16131
105707,16131
106917,16131
127757,16131
135894,16131
127212,16131
125675,16131
124762,16131
67680,16131
4103,68621
4462,68621
86043,16131
81780,16131
123251,16131
77919,16131
78168,16131
81587,16131
83179,16131
127266,16131
127819,16131
77391,16131
136322,16131
136458,16131
128581,16131
129420,16131
123092,16131
124175,16131
128035,16131
84150,16131
82520,16131
15457,16131
15412,16131
104176,16131
128311,16131
106087,16131
107299,16131
86335,16131
135085,16131
79566,16131
125905,16131
101371,16131
136023,16131
102982,16131
136234,16131
125277,16131
81824,16131
4562,68621
83265,16131
109791,16131
127601,16131
101061,16131
133055,16131
112310,16131
90438,16131
108875,16131
112303,16131
86482,16131
52637,16131
53394,16131
52638,16131
52631,16131
100069,16131
124527,16131
149775,16131
149868,16131
149738,16131
106703,16131
82598,16131
57197,173813
73934,16131
83787,16131
74055,16131
74742,16131
134632,16131
123570,16131
71876,540786
23589,0
23590,0
128393,16131
84240,16131
27630,16131
80956,16131
97450,16131
99660,16131
135428,16131
127028,16131
132675,16131
133215,16131
128141,16131
129057,16131
74503,16131
75352,16131
100675,16131
15458,16131
102011,16131
75077,16131
76844,16131
103730,16131
135521,16131
133122,16131
133423,16131
81351,16131
123322,16131
28261,16131
125681,16131
124000,16131
124869,16131
28340,226417
112690,16131
135814,16131
135976,16131
4467,68621
126169,16131
84816,16131
84815,16131
127830,16131
101765,16131
60058,16131
61526,16131
27512,16131
30689,16131
126605,16131
127521,16131
127587,16131
128087,16131
133034,16131
133351,16131
128715,16131
133931,16131
112577,16131
125998,16131
126489,16131
143392,16131
87638,16131
135991,16131
136077,16131
125447,16131
133033,16131
133247,16131
127928,16131
124382,16131
121909,16131
124727,16131
101283,16131
81354,16131
96204,16131
99064,16131
92595,16131
93518,16131
1092,16131
102513,16131
103536,16131
125894,16131
126326,16131
86875,16131
106481,16131
107122,16131
133111,16131
133185,16131
113205,16131
127267,16131
86698,16131
125738,16131
126227,16131
132463,16131
132879,16131
128014,16131
82149,16131
82150,16131
136961,16131
136197,16131
136314,16131
90620,16131
133590,16131
133280,16131
133388,16131
133684,16131
100358,16131
127561,16131
128503,16131
126624,16131
125287,16131
125649,16131
93288,16131
94106,16131
133168,16131
105800,16131
107370,16131
91239,16131
126094,16131
133534,16131
133750,16131
132663,16131
132961,16131
104290,16131
81499,16131
81500,16131
133856,16131
134571,16131
108082,16131
135319,16131
126527,16131
124959,16131
125533,16131
133021,16131
126019,16131
133362,16131
133620,16131
132751,16131
133003,16131
126816,16131
136059,16131
136099,16131
136326,16131
105446,16131
89000,16131
88999,16131
132397,16131
100942,16131
133245,16131
80790,16131
80789,16131
107979,16131
111419,16131
132893,16131
126362,16131
103149,16131
106128,16131
107656,16131
126546,16131
127000,16131
93800,16131
136323,16131
133103,16131
133730,16131
127329,16131
125279,16131
125657,16131
126388,16131
128069,16131
127202,16131
133209,16131
124812,16131
4464,68621
99250,16131
52263,16131
52634,16131
125881,16131
126690,16131
133399,16131
52264,16131
52270,16131
132083,16131
132703,16131
92061,16131
136349,16131
125463,16131
125833,16131
111871,16131
126221,16131
133189,16131
83384,16131
83669,16131
125575,16131
133107,16131
106428,16131
127041,16131
125975,16131
136097,16131
136463,16131
135056,16131
135683,16131
133708,16131
126145,16131
126569,16131
125697,16131
136165,16131
103743,16131
104836,16131
136440,16131
137066,16131
136501,16131
133023,16131
133337,16131
133608,16131
134123,16131
126988,16131
135864,16131
70978,540786
71284,540786
71169,540786
132977,16131
99840,16131
125999,16131
126449,16131
125618,16131
82308,16131
85438,16131
85578,16131
127804,16131
133241,16131
93802,16131
127011,16131
106720,16131
59346,16131
60486,16131
126653,16131
135969,16131
135957,16131
53039,16131
133392,16131
133733,16131
125887,16131
126351,16131
81516,16131
131891,16131
103046,16131
133074,16131
133151,16131
15348,16131
94448,16131
133573,16131
133815,16131
102830,16131
78383,16131
79680,16131
126231,16131
137157,16131
81628,16131
135793,16131
135930,16131
134305,16131
135251,16131
84356,16131
99249,16131
135977,16131
133671,16131
133891,16131
104389,16131
126252,16131
127430,16131
133321,16131
133739,16131
133835,16131
49236,16131
49465,16131
134015,16131
134243,16131
83259,16131
126014,16131
139396,16131
73556,16131
78400,16131
147152,16131
131527,16131
132019,16131
24313,0
73614,16131
147147,16131
136136,16131
106407,16131
109249,16131
84410,16131
85956,16131
80396,16131
133973,16131
134189,16131
102486,16131
103384,16131
82310,16131
23592,0
23594,0
77246,16131
78560,16131
137140,16131
135426,16131
133775,16131
4856,68621
5216,68621
5396,68621
99517,16131
99518,16131
77026,16131
104247,16131
133703,16131
5928,68621
133927,16131
134151,16131
6392,68621
81732,16131
83959,16131
7614,68621
135919,16131
105522,16131
134259,16131
134739,16131
81629,16131
133369,16131
133263,16131
133625,16131
5930,68621
133915,16131
6130,68621
104925,16131
131367,16131
127078,16131
141982,16131
143724,16131
134107,16131
133657,16131
139428,16131
84526,16131
132986,16131
133881,16131
91723,16131
93088,16131
133201,16131
133545,16131
135887,16131
15347,16131
15190,16131
134173,16131
134333,16131
133754,16131
78194,16131
90752,16131
77245,16131
133822,16131
106040,16131
135874,16131
101592,16131
102895,16131
133101,16131
133417,16131
133756,16131
71190,540786
72286,540786
131247,16131
131903,16131
134237,16131
134495,16131
121819,16131
122456,16131
81948,16131
132915,16131
103099,16131
104014,16131
98574,16131
98573,16131
133842,16131
134291,16131
134551,16131
133924,16131
15131,16131
15384,16131
132251,16131
105475,16131
120705,16131
122363,16131
675,16131
671,16131
133355,16131
134056,16131
132313,16131
132629,16131
134345,16131
134525,16131
136442,16131
81211,16131
81212,16131
131121,16131
133792,16131
133976,16131
49827,16131
93293,16131
92627,16131
674,16131
669,16131
134700,16131
134833,16131
60080,16131
60079,16131
102544,16131
133870,16131
132254,16131
135925,16131
107469,16131
110635,16131
127131,16131
125844,16131
90478,16131
149986,16131
149939,16131
132431,16131
84164,16131
84580,16131
133567,16131
133946,16131
88520,16131
90593,16131
106520,16131
134656,16131
134799,16131
98955,16131
93646,16131
124213,16131
131038,16131
131324,16131
136135,16131
82072,16131
134915,16131
89001,16131
103715,16131
104646,16131
134429,16131
92022,16131
135839,16131
106009,16131
134315,16131
59822,16131
134602,16131
134763,16131
88536,16131
91101,16131
133390,16131
133875,16131
134583,16131
134155,16131
134111,16131
134271,16131
134728,16131
135127,16131
122696,16131
102398,16131
103397,16131
135882,16131
135950,16131
132310,16131
135407,16131
78584,16131
131037,16131
131201,16131
134723,16131
134289,16131
106251,16131
71248,540786
134550,16131
122714,16131
97252,16131
139194,16131
134017,16131
134227,16131
134394,16131
96297,16131
95855,16131
77247,16131
136158,16131
122699,16131
133256,16131
133781,16131
134516,16131
113429,16131
122407,16131
93267,16131
94218,16131
92557,16131
135918,16131
135984,16131
135734,16131
133967,16131
134206,16131
78586,16131
134396,16131
122555,16131
125757,16131
133887,16131
81952,16131
60363,16131
60950,16131
103649,16131
86607,16131
102182,16131
103201,16131
134530,16131
90788,16131
91375,16131
99327,16131
134588,16131
122236,16131
52655,16131
70977,540786
87117,16131
88680,16131
104345,16131
84720,16131
66965,16131
133142,16131
135368,16131
135619,16131
122414,16131
133997,16131
105196,16131
134494,16131
134674,16131
134147,16131
5218,68621
134000,16131
135238,16131
135237,16131
135326,16131
132268,16131
81388,16131
135108,16131
134544,16131
135985,16131
136046,16131
132196,16131
132649,16131
60528,16131
101254,16131
102016,16131
98742,16131
100101,16131
93777,16131
86166,16131
149913,16131
149942,16131
131552,16131
131371,16131
132024,16131
149889,16131
135274,16131
135295,16131
149875,16131
86724,16131
149737,16131
90572,16131
91753,16131
132909,16131
133341,16131
134253,16131
86637,16131
102975,16131
134640,16131
103233,16131
86921,16131
95148,16131
96360,16131
136104,16131
136124,16131
131307,16131
132086,16131
135010,16131
135155,16131
110413,16131
92650,16131
105838,16131
86880,16131
89214,16131
90093,16131
90155,16131
86173,16131
86797,16131
135445,16131
135336,16131
135392,16131
135487,16131
131051,16131
133047,16131
133221,16131
104809,16131
134114,16131
134373,16131
88437,16131
135966,16131
102274,16131
135420,16131
135466,16131
131521,16131
132305,16131
132651,16131
135150,16131
135169,16131
84782,16131
86519,16131
91528,16131
93079,16131
135988,16131
135518,16131
135725,16131
88072,16131
89140,16131
103980,16131
82172,16131
86659,16131
104045,16131
135217,16131
131897,16131
135364,16131
135203,16131
67332,16131
130761,16131
129953,16131
130763,16131
13692,16131
14934,16131
134555,16131
1050,16131
95926,16131
100924,16131
101953,16131
131243,16131
131859,16131
135321,16131
134222,16131
123504,16131
99610,16131
100837,16131
88071,16131
88820,16131
135149,16131
102856,16131
60606,16131
61250,16131
29830,16131
32319,16131
135277,16131
108999,16131
112699,16131
11217,173811
11218,173811
1053,16131
93318,16131
94669,16131
132971,16131
82274,16131
135770,16131
40764,16131
135305,16131
97934,16131
135398,16131
40818,16131
134689,16131
132758,16131
88490,16131
134906,16131
135121,16131
135745,16131
135996,16131
91272,16131
92730,16131
60211,16131
150913,16131
131997,16131
130909,16131
135303,16131
67638,16131
135636,16131
88198,16131
105407,16131
84135,16131
72164,16131
71427,16131
133984,16131
67421,16131
67716,16131
135263,16131
135968,16131
132757,16131
67695,16131
67960,16131
135663,16131
135989,16131
139358,16131
132351,16131
132245,16131
87249,16131
102913,16131
134691,16131
134869,16131
104426,16131
131999,16131
62500,16131
62459,16131
135504,16131
136062,16131
133602,16131
133403,16131
133908,16131
86141,16131
87077,16131
83501,16131
84314,16131
135221,16131
135373,16131
135396,16131
101625,16131
136074,16131
103563,16131
12002,16131
12313,16131
133237,16131
133062,16131
132557,16131
130745,16131
131139,16131
102495,16131
100248,16131
91120,16131
92509,16131
134157,16131
130445,16131
130285,16131
135173,16131
129477,16131
95988,16131
132405,16131
82781,16131
84093,16131
13257,16131
97642,16131
134735,16131
134804,16131
94760,16131
96570,16131
86557,16131
132079,16131
132242,16131
99612,16131
133757,16131
114557,16131
13872,16131
94132,16131
68214,16131
82209,16131
83238,16131
60296,16131
134812,16131
94045,16131
130633,16131
135209,16131
89622,16131
133789,16131
107829,16131
135523,16131
135773,16131
130288,16131
130585,16131
135549,16131
60796,16131
132903,16131
104932,16131
135246,16131
135353,16131
81039,16131
82398,16131
97126,16131
90896,16131
92196,16131
132867,16131
14243,16131
120659,16131
121222,16131
90118,16131
150806,16131
150766,16131
8768,16131
134817,16131
67637,16131
104047,16131
100909,16131
102257,16131
67675,16131
133595,16131
95470,16131
102487,16131
118895,16131
121139,16131
130993,16131
133979,16131
103210,16131
60421,16131
150803,16131
150761,16131
99528,16131
130465,16131
136012,16131
106458,16131
88910,16131
135855,16131
135829,16131
135288,16131
80418,16131
81303,16131
135705,16131
84446,16131
134019,16131
100118,16131
132692,16131
133179,16131
91924,16131
150802,16131
150756,16131
134696,16131
131937,16131
129956,16131
129807,16131
27488,16131
129424,16131
134538,16131
134179,16131
134269,16131
134684,16131
130311,16131
130879,16131
80207,16131
80756,16131
131703,16131
131161,16131
131337,16131
135441,16131
15054,16131
15430,16131
133861,16131
133371,16131
85913,16131
79281,16131
80276,16131
11211,173811
141967,16131
96188,16131
97722,16131
104535,16131
132542,16131
133011,16131
135792,16131
101549,16131
150529,16131
14862,16131
93004,16131
94605,16131
131515,16131
134524,16131
82399,16131
82526,16131
139404,16131
80278,16131
129809,16131
130089,16131
103708,16131
121414,16131
90292,16131
135639,16131
77036,16131
79323,16131
134197,16131
135417,16131
135159,16131
131164,16131
150618,121231
150752,16131
135879,16131
135842,16131
134199,16131
90419,16131
121430,16131
122172,16131
79546,16131
133709,16131
133989,16131
89989,16131
90822,16131
132410,16131
87969,16131
133374,16131
133577,16131
122470,16131
84542,16131
121383,16131
121179,16131
68600,16131
134937,16131
67550,16131
60962,16131
122163,16131
129801,16131
130383,16131
134499,16131
135289,16131
96866,16131
98432,16131
150936,16131
93528,16131
95077,16131
85031,16131
8763,16131
74460,16131
113637,16131
116229,16131
122369,16131
121341,16131
132124,16131
132604,16131
121034,16131
109759,16131
135799,16131
121124,16131
80279,16131
12008,173811
12940,16131
135134,16131
138664,16131
104188,16131
134302,16131
22120,0
130016,16131
130284,16131
135012,16131
135101,16131
131252,16131
759,16131
133763,16131
103126,16131
103125,16131
74467,16131
129423,16131
135311,16131
135649,16131
91438,16131
98966,16131
136003,16131
134281,16131
134282,16131
17071,16131
19501,16131
133430,16131
133929,16131
112244,16131
133995,16131
89884,16131
91248,16131
132298,16131
132468,16131
123449,16131
136051,16131
89046,16131
89276,16131
93978,16131
95805,16131
136066,16131
97354,16131
85290,16131
123178,16131
125030,16131
129508,16131
134491,16131
134181,16131
82671,16131
83476,16131
81389,16131
102143,16131
135046,16131
85236,16131
150556,121231
150624,121231
131854,16131
10665,173811
10666,173811
27306,16131
135163,16131
3651,68621
131117,16131
14972,16131
82672,16131
15186,16131
27333,68702
12005,68677
135131,16131
135457,16131
130206,16131
94488,16131
96103,16131
108245,16131
110707,16131
90458,16131
102569,16131
103805,16131
135753,16131
130657,16131
130484,16131
131006,16131
133331,16131
132011,16131
150751,16131
150749,16131
128455,16131
128067,16131
128815,16131
98524,16131
99961,16131
129461,16131
129963,16131
8405,16131
9124,16131
73603,16131
74569,16131
82774,16131
96315,16131
135573,16131
91798,16131
150525,16131
134377,16131
150485,16131
150439,16131
132875,16131
132698,16131
133192,16131
14905,16131
150739,16131
150775,16131
150551,121231
129105,16131
129877,16131
60423,16131
92468,16131
31506,16131
34014,16131
134929,16131
101137,16131
102437,16131
13731,16131
14833,16131
135381,16131
73520,16131
95000,16131
96885,16131
133261,16131
150446,16131
111565,16131
113335,16131
130576,16131
149936,16131
11117,68677
131550,16131
11118,68677
11120,68677
150672,121231
133700,16131
90940,16131
130371,16131
130834,16131
135095,16131
123102,16131
130884,16131
132700,16131
133026,16131
89742,16131
84249,16131
71649,16131
71607,16131
135655,16131
105428,16131
150443,16131
40820,16131
134217,16131
150381,16131
784,16131
134657,16131
100940,16131
129605,16131
133051,16131
134807,16131
135484,16131
129309,16131
80892,16131
127833,16131
150598,121231
150686,121231
77017,16131
77018,16131
103321,16131
131410,16131
131917,16131
150513,121231
150549,121231
95696,16131
97309,16131
130550,16131
18022,16131
97940,16131
99431,16131
129454,16131
135281,16131
102987,16131
105132,16131
131250,16131
132786,16131
132946,16131
109466,16131
102683,16131
89744,16131
25313,0
74572,16131
74641,16131
150600,121231
100573,16131
130281,16131
150550,121231
101262,16131
102989,16131
135047,16131
135259,16131
133904,16131
134781,16131
91366,16131
16163,16131
40157,16131
150393,16131
150435,16131
75453,16131
77152,16131
129995,16131
134957,16131
135616,16131
129737,16131
127453,16131
127991,16131
122910,16131
75454,16131
1007,16131
974,16131
980,16131
1013,16131
134096,16131
96260,16131
97837,16131
129520,16131
101580,16131
135820,16131
150769,16131
150760,16131
115446,16131
123121,16131
124690,16131
65842,16131
132901,16131
149883,16131
134848,16131
121636,16131
133901,16131
131316,16131
135379,16131
142858,16131
143830,121269
150790,16131
150788,16131
130321,16131
58447,68635
57231,68635
58539,68635
100087,16131
81314,16131
120783,16131
124611,16131
131055,16131
131556,16131
132927,16131
150395,16131
150431,16131
16564,16131
131678,16131
74519,16131
74843,16131
6129,68621
134993,16131
89767,16131
137270,16131
137269,16131
130165,16131
98868,16131
135571,16131
74520,16131
74674,16131
25314,0
12740,226427
12635,16131
129949,16131
75659,16131
101972,16131
115724,16131
117689,16131
16939,16131
17665,16131
132655,16131
135438,16131
135525,16131
90528,16131
127173,16131
127859,16131
132437,16131
131942,16131
132152,16131
133921,16131
134184,16131
97390,16131
98569,16131
62514,436723
131344,16131
129394,16131
62358,16131
112381,16131
988,16131
1017,16131
60812,16131
57405,68635
58687,68635
59469,68635
21624,16131
21623,16131
22752,16131
22961,16131
135659,16131
130387,16131
112773,16131
134973,16131
129128,16131
150405,16131
100719,16131
132585,16131
977,16131
959,16131
130389,16131
130589,16131
134875,16131
135037,16131
127471,16131
16436,16131
104083,16131
130875,16131
131269,16131
135761,16131
135788,16131
87972,16131
89067,16131
90518,16131
131964,16131
132358,16131
131802,16131
99632,16131
76533,16131
77988,16131
128381,16131
62397,16131
88112,16131
130783,16131
17330,16131
17194,16131
17374,16131
126809,16131
52786,16131
128719,16131
129440,16131
17078,16131
17723,16131
135613,16131
98023,16131
99155,16131
106478,16131
133779,16131
87524,16131
87523,16131
141984,16131
134749,16131
76625,16131
131075,16131
19089,16131
12074,68677
11208,68677
96950,16131
11186,68677
107791,16131
129029,16131
129341,16131
130517,16131
132293,16131
133147,16131
57519,68635
58833,68635
59387,68635
128061,16131
134717,16131
135025,16131
127773,16131
131575,16131
118845,16131
120952,16131
135389,16131
135698,16131
100503,16131
18008,16131
85934,16131
85933,16131
132121,16131
134326,16131
133745,16131
15669,16131
90984,16131
92472,16131
118157,16131
120939,16131
135513,16131
126421,16131
127207,16131
131359,16131
132068,16131
127395,16131
133605,16131
126009,16131
111398,16131
133311,16131
133555,16131
98681,16131
99687,16131
101906,16131
134608,16131
128425,16131
100152,16131
125902,16131
135347,16131
74859,16131
27182,16131
27298,16131
27148,16131
27320,68703
27434,68702
96842,16131
108942,16131
18009,16131
18048,16131
134975,16131
21950,16131
22079,16131
22535,16131
22539,16131
150514,121231
135125,16131
97605,16131
150516,121231
18050,16131
18626,16131
134342,16131
27151,436703
128017,16131
135211,16131
126893,16131
130360,16131
57637,68635
59341,68635
116371,16131
127795,16131
74862,16131
74877,16131
132255,16131
16843,16131
16957,16131
133609,16131
98541,16131
100081,16131
134697,16131
134901,16131
131881,16131
76115,16131
76867,16131
131437,16131
129736,16131
129521,16131
130186,16131
107312,16131
108794,16131
126010,16131
22145,16131
113507,16131
134907,16131
135111,16131
105659,16131
135371,16131
135623,16131
74783,16131
75229,16131
150736,16131
131158,16131
150800,16131
83816,16131
81982,16131
84004,16131
74293,16131
74955,16131
135143,16131
96272,16131
134503,16131
134851,16131
22232,16131
22061,16131
101648,16131
121184,16131
134350,16131
12048,68677
135195,16131
26963,16131
128451,16131
135721,16131
27313,16131
57200,173813
24214,16131
127683,16131
128801,16131
99780,16131
101567,16131
74259,16131
74350,16131
22294,16131
22133,16131
98211,16131
18627,16131
18976,16131
129965,16131
22015,16131
91846,16131
27309,16131
27369,16131
127089,16131
28855,16131
23504,16131
23505,16131
24020,16131
135485,16131
93508,16131
66443,16131
66421,16131
66864,16131
135197,16131
132153,16131
121097,16131
22350,16131
22205,16131
135299,16131
96965,16131
25860,16131
133269,16131
149886,16131
149908,16131
127413,16131
33770,16131
36446,16131
18912,16131
133115,16131
117129,16131
114669,16131
126652,16131
27295,16131
82124,16131
125901,16131
1051,16131
129043,16131
129363,16131
22438,16131
22271,16131
134839,16131
25881,331559
22648,16131
22413,16131
16879,16131
134711,16131
134934,16131
19016,16131
19484,16131
110077,16131
18804,16131
18878,16131
19506,16131
130992,16131
25589,121273
27376,16131
121591,16131
17012,16131
74372,16131
74658,16131
99516,16131
101296,16131
22502,16131
22341,16131
22016,16131
135611,16131
123147,16131
126439,16131
81482,16131
129679,16131
132278,16131
134232,16131
105247,16131
134267,16131
86714,16131
135385,16131
108868,16131
66819,16131
127389,16131
95282,16131
135269,16131
108008,16131
22063,16131
134809,16131
134895,16131
132553,16131
133811,16131
22580,16131
22962,16131
115373,16131
132861,16131
22629,16131
127082,16131
127506,16131
84338,16131
65316,16131
74260,16131
80748,16131
80747,16131
108839,16131
110035,16131
112848,16131
98044,16131
72412,16131
72376,16131
982,16131
22135,16131
16892,16131
16654,16131
86009,16131
90472,16131
130742,16131
131111,16131
99142,16131
101067,16131
84852,16131
85384,16131
91337,16131
22207,16131
80001,16131
80002,16131
65967,16131
65877,16131
133617,16131
133833,16131
16902,16131
16931,16131
88250,16131
72264,16131
72811,16131
24082,16131
66105,16131
66099,16131
126044,16131
127003,16131
135495,16131
97569,16131
134127,16131
73891,16131
73749,16131
135609,16131
92362,16131
92940,16131
93860,16131
134719,16131
984,16131
74308,16131
119009,16131
22273,16131
134163,16131
79624,16131
79623,16131
129829,16131
84851,16131
120329,16131
71917,16131
71777,16131
86997,16131
82530,16131
92561,16131
135181,16131
22343,16131
130163,16131
107185,16131
128696,16131
1012,16131
1046,16131
87172,16131
98873,16131
100789,16131
8114,68677
23507,16131
134859,16131
81260,16131
80862,16131
81298,16131
66091,16131
108476,16131
135642,16131
109839,16131
110285,16131
111567,16131
112114,16131
101843,16131
786,16131
98009,16131
133335,16131
22415,16131
25394,16131
135707,16131
130562,16131
93374,16131
94946,16131
129281,16131
72072,16131
72651,16131
1082,16131
135039,16131
134977,16131
135152,16131
57407,68635
104142,16131
92364,16131
134861,16131
18341,68705
80861,16131
133940,16131
108687,16131
88530,16131
89967,16131
91907,16131
132073,16131
133957,16131
134177,16131
66397,16131
135167,16131
101161,16131
104091,16131
125700,16131
126631,16131
149879,16131
24100,16131
67462,16131
130182,16131
130505,16131
23924,16131
110801,16131
17638,16131
17637,16131
76116,16131
127964,16131
100535,16131
82016,16131
116797,16131
80766,16131
17884,16131
73737,16131
135235,16131
128358,16131
128690,16131
17911,16131
134989,16131
109386,16131
135899,16131
135109,16131
18791,16131
97385,16131
85546,16131
12050,68677
88828,16131
131361,16131
72595,16131
145677,16131
91585,16131
92273,16131
62172,16131
62288,16131
24113,16131
130320,16131
62127,16131
62126,16131
151710,16131
62338,16131
62450,16131
3652,68621
3891,68621
131833,16131
28664,16131
29155,16131
75337,16131
19444,16131
133767,16131
40158,16131
125422,16131
126115,16131
61082,16131
150797,0
150781,0
150782,0
8406,16131
8984,16131
79681,16131
138334,16131
138332,16131
12564,68677
126323,16131
127223,16131
91588,16131
112314,16131
98113,16131
66085,16131
77058,16131
76162,16131
77238,16131
112315,16131
133807,16131
73035,16131
72750,16131
101837,16131
101291,16131
101399,16131
131412,16131
86110,16131
79605,16131
92797,16131
94321,16131
111377,16131
111378,16131
98621,16131
112856,16131
79606,16131
79697,16131
112176,16131
135582,16131
94432,16131
95801,16131
73120,16131
72840,16131
118129,16131
130339,16131
125783,16131
138439,16131
138440,16131
23046,16131
54905,16131
24474,16131
66385,16131
134760,16131
73203,16131
72944,16131
28201,16131
28202,16131
62235,16131
76368,16131
80399,16131
62236,121279
151711,16131
116047,16131
84979,16131
17772,16131
124996,16131
17818,16131
126515,16131
126955,16131
127807,16131
62277,16131
132860,16131
88159,16131
89618,16131
107851,16131
110464,16131
86230,16131
134323,16131
129940,16131
100203,16131
73302,16131
73040,16131
97459,16131
99013,16131
28008,16131
31495,16131
132905,16131
57845,68635
79795,16131
75482,16131
126191,16131
135351,16131
111770,16131
135467,16131
100979,16131
60916,16131
129094,16131
136130,121277
73393,16131
73140,16131
136069,16131
106635,16131
85744,16131
24851,16131
60684,16131
60815,16131
19976,0
134645,16131
95094,16131
96409,16131
125857,16131
91830,16131
88495,16131
63216,16131
125537,16131
73501,16131
73236,16131
124826,16131
97813,16131
99571,16131
129899,16131
18849,16131
60385,16131
63208,16131
100019,16131
61109,16131
142830,16131
24221,16131
126567,16131
127297,16131
129600,16131
16633,16131
143769,121267
143988,121269
127439,16131
128269,16131
66053,16131
138164,16131
138404,16131
18678,16131
63207,16131
138406,16131
138444,16131
138464,16131
138468,16131
138514,16131
138516,16131
138584,16131
93815,16131
138578,16131
18722,16131
19439,16131
82696,16131
60358,16131
63289,16131
135803,16131
93966,16131
131203,16131
126285,16131
72358,16131
111472,16131
115753,16131
60978,68705
16458,16131
16991,16131
126023,16131
130655,16131
135915,16131
136127,16131
124604,16131
125281,16131
85079,16131
98407,16131
66381,16131
110762,16131
127035,16131
134865,16131
135507,16131
97025,16131
95946,16131
60919,16131
79797,16131
80482,16131
128797,16131
129741,16131
72468,16131
91832,16131
92484,16131
127589,16131
86312,16131
61048,68705
135313,16131
128001,16131
34777,16131
34571,16131
36282,16131
17057,16131
130712,16131
72592,16131
109639,16131
137996,16131
137994,16131
94653,16131
131019,16131
33356,16131
120413,16131
121077,16131
86885,16131
88787,16131
137944,16131
137940,16131
105614,16131
127323,16131
28038,16131
90123,16131
90320,16131
125723,16131
126481,16131
19314,16131
59804,16131
124947,16131
124380,16131
72696,16131
136450,16131
136386,16131
98769,16131
17767,16131
111748,16131
135916,16131
91714,16131
81406,16131
81405,16131
114623,16131
72808,16131
127229,16131
91959,16131
111626,16131
128699,16131
131057,16131
60725,16131
61003,16131
96601,16131
134643,16131
135199,16131
66367,16131
137886,16131
137885,16131
135963,16131
99021,16131
90693,16131
82876,16131
92486,16131
93394,16131
19483,16131
19602,16131
127755,16131
128541,16131
80920,16131
80919,16131
77237,16131
72928,16131
105533,16131
27124,16131
57971,68635
59619,68635
150735,16131
150738,16131
70042,16131
70041,16131
126223,16131
127007,16131
125491,16131
85920,16131
87958,16131
95303,16131
124210,16131
124753,16131
138472,16131
73016,16131
73454,16131
71691,16131
61590,16131
138432,16131
72021,16131
80406,16131
80405,16131
60595,16131
60953,16131
72335,16131
77144,16131
66811,16131
93989,16131
87586,16131
66359,16131
72165,16131
17809,16131
116739,16131
119722,16131
135867,16131
135837,16131
135883,16131
135923,16131
136362,16131
136389,16131
28358,16131
73315,16131
73922,16131
89237,16131
119800,16131
79239,16131
79223,16131
126671,16131
123876,16131
124559,16131
60335,16131
125095,16131
125945,16131
61227,16131
128223,16131
72302,16131
18663,16131
121631,16131
121307,16131
96229,16131
98451,16131
117902,16131
135403,16131
121321,16131
143517,16131
144120,121267
63288,16131
132032,16131
59673,16131
72406,16131
39008,16131
121079,16131
92286,16131
136474,16131
66797,16131
132126,16131
133823,16131
135677,16131
75397,16131
66345,16131
90164,16131
91725,16131
72524,16131
31989,16131
31514,16131
31638,16131
25393,16131
94603,16131
20008,16131
124911,16131
125633,16131
126403,16131
123555,16131
124709,16131
82060,16131
138272,16131
135293,16131
135471,16131
136397,16131
109009,16131
59789,16131
60348,16131
134453,16131
134792,16131
72636,16131
111079,16131
122767,16131
16247,16131
16371,16131
135785,16131
135851,16131
59861,68635
88907,16131
60544,16131
60650,16131
60738,16131
147165,16131
84991,16131
87156,16131
71566,16131
39629,16131
71619,16131
73212,16131
73664,16131
39482,16131
135559,16131
72732,16131
60932,16131
61102,16131
135179,16131
82192,16131
66771,16131
136480,16131
137678,16131
77889,16131
95817,16131
97968,16131
26997,16131
26901,16131
60862,16131
137798,16131
137831,16131
137986,16131
34263,16131
135147,16131
81017,16131
138252,16131
151401,16131
72844,16131
126163,16131
16391,16131
18456,16131
125429,16131
7099,16131
7100,16131
18711,16131
60360,16131
75398,16131
75399,16131
72070,16131
117523,16131
119201,16131
134924,16131
84501,16131
85373,16131
135561,16131
58047,68635
59635,68635
116108,16131
80408,16131
107920,16131
124371,16131
18560,16131
20003,16131
72180,16131
130862,16131
131969,16131
670,16131
18559,16131
19299,16131
60226,16131
60504,16131
83047,16131
84560,16131
59570,16131
59555,16131
122567,16131
123239,16131
107859,16131
127047,16131
135117,16131
135255,16131
134251,16131
88115,16131
59488,16131
72296,16131
135869,16131
135695,16131
135807,16131
73666,16131
73810,16131
125027,16131
125883,16131
58057,68635
59361,16131
59566,16131
82262,16131
135597,16131
135628,16131
98077,16131
100927,16131
134997,16131
135088,16131
71945,16131
69505,16131
69506,16131
135857,16131
39024,16131
136460,16131
136153,68703
72404,16131
66335,16131
56871,68683
59691,16131
59832,16131
60004,16131
60328,16131
136132,173853
95219,16131
97602,16131
59362,16131
65787,16131
39525,16131
75600,16131
77127,16131
16335,16131
16411,16131
72496,16131
73767,16131
74320,16131
83210,16131
122411,16131
122947,16131
90163,16131
90497,16131
136403,16131
123571,16131
39063,16131
94037,16131
61187,16131
61537,16131
133571,16131
134003,16131
130354,16131
131207,16131
80018,16131
136131,16131
16469,16131
134133,16131
134337,16131
60176,16131
59661,16131
125587,16131
72759,16131
73380,16131
59429,16131
59833,16131
66327,16131
136208,16131
19141,16131
119648,16131
36624,16131
36506,16131
36636,16131
36672,16131
83082,16131
66759,16131
71877,16131
64122,16131
61416,16131
134954,16131
136187,16131
73768,16131
74265,16131
124063,16131
125269,16131
77130,16131
135015,16131
135175,16131
59442,16131
119731,16131
120890,16131
138202,16131
138201,16131
138258,16131
77892,16131
94223,16131
36505,16131
16607,16131
122275,16131
122735,16131
74403,16131
80348,16131
59922,16131
15957,16131
26902,16131
26906,16131
123399,16131
94304,16131
94303,16131
123231,16131
71550,16131
137742,16131
135645,16131
135731,16131
71582,16131
118821,16131
119823,16131
66321,16131
109486,16131
112275,16131
71972,16131
58729,16131
84922,16131
71549,68705
95473,16131
36545,16131
132029,16131
133096,16131
113654,16131
135585,16131
92090,16131
71526,16131
71944,16131
72194,16131
119047,16131
120429,16131
35994,16131
26908,16131
26952,16131
72675,16131
73414,16131
135815,16131
135539,16131
122919,16131
117755,16131
130739,16131
131621,16131
135461,16131
135283,16131
135341,16131
135139,16131
79224,16131
94889,16131
97143,16131
134201,16131
66749,16131
132401,16131
60809,16131
122051,16131
122562,16131
61144,16131
114080,16131
115687,16131
134963,16131
66315,16131
123761,16131
133349,16131
135833,16131
134263,16131
87634,16131
63211,16131
135505,16131
135657,16131
64267,16131
68799,16131
68800,16131
83538,16131
72628,16131
73190,16131
135431,16131
72066,16131
72672,16131
135749,16131
36696,16131
134898,16131
74213,16131
74214,16131
123171,16131
74229,16131
36555,16131
38400,16131
135286,16131
117167,16131
118739,16131
26939,16131
74230,16131
120054,16131
119930,16131
119929,16131
120400,16131
132137,16131
133597,16131
69484,16131
125583,16131
135777,16131
66731,16131
16609,16131
16709,16131
72854,16131
97059,16131
99927,16131
122676,16131
134509,16131
123531,16131
131133,16131
136495,16131
122902,16131
130084,16131
130679,16131
135673,16131
91133,16131
91349,16131
133422,16131
58730,16131
59182,16131
69483,16131
69724,16131
134599,16131
134767,16131
135005,16131
122419,16131
136396,16131
93950,16131
94716,16131
66298,16131
121877,16131
136417,16131
69446,16131
69458,16131
70622,16131
94040,16131
36073,16131
102455,16131
92281,16131
94645,16131
74189,16131
74190,16131
94621,16131
91987,16131
124797,16131
65399,16131
136352,16131
136304,16131
136357,16131
26940,16131
27122,16131
120243,16131
56858,68635
134713,16131
70587,16131
71056,16131
73333,16131
73540,16131
135316,16131
134873,16131
134939,16131
123196,16131
120065,16131
2558,68621
2557,68621
120843,16131
123350,16131
86999,16131
68663,16131
67410,16131
66714,16131
2559,68621
71025,16131
130491,16131
129888,16131
136246,16131
136309,16131
112459,16131
69209,16131
120419,16131
60049,16131
71523,16131
71924,16131
71236,16131
131553,16131
132525,16131
135563,16131
135691,16131
56840,121187
135449,16131
2783,68621
2779,68621
130967,16131
71859,16131
122843,16131
16670,16131
17517,16131
60376,16131
31625,16131
74173,16131
75554,16131
121683,16131
122215,16131
94622,16131
96398,16131
136259,16131
80349,16131
80414,16131
91262,16131
72104,16131
134170,16131
135591,16131
91839,16131
111606,16131
72077,16131
72482,16131
136236,16131
134829,16131
74174,16131
73334,16131
73759,16131
123510,16131
121515,16131
136224,16131
66300,16131
66580,16131
138154,16131
130781,16131
32984,16131
106793,16131
109435,16131
91840,16131
91992,16131
129716,16131
130303,16131
130663,16131
85475,16131
33544,16131
60197,16131
135331,16131
135491,16131
31021,16131
32973,16131
74126,16131
75495,16131
119360,16131
119206,16131
120209,16131
121416,16131
134825,16131
122621,16131
124534,16131
114390,16131
66582,16131
135265,16131
82143,16131
82144,16131
92531,16131
137762,16131
137874,16131
132053,16131
132953,16131
138104,16131
138103,16131
70243,16131
70590,16131
74125,16131
131265,16131
130477,16131
133662,16131
34122,16131
35908,16131
72374,16131
73312,16131
70244,16131
115164,16131
133738,16131
133956,16131
134162,16131
135093,16131
135019,16131
135190,16131
66716,16131
92148,16131
70999,16131
71341,16131
122569,16131
119626,16131
119625,16131
122029,16131
121516,16131
138024,16131
138023,16131
74108,16131
74454,16131
131091,16131
130047,16131
129464,16131
134969,16131
73729,16131
33012,16131
33204,16131
119088,16131
81180,16131
81179,16131
119572,16131
120129,16131
135922,68677
135672,68677
135933,68677
136008,68677
92534,16131
94357,16131
80415,16131
80564,16131
74107,16131
130647,16131
127949,16131
19143,16131
86594,16131
88840,68705
83666,16131
116134,16131
125451,16131
133299,16131
134561,16131
27217,16131
113587,16131
117248,16131
74075,16131
74882,16131
135332,16131
135357,16131
132461,16131
118575,16131
138115,16131
131947,16131
98787,16131
998,16131
1150,226419
1195,16131
75319,16131
138236,16131
95757,16131
121415,16131
85581,16131
130449,16131
130945,16131
129853,16131
118463,16131
120132,16131
129306,16131
122367,16131
92788,16131
74076,16131
27753,16131
137756,16131
54977,16131
55588,121201
37668,16131
39567,16131
122384,16131
100785,16131
103229,16131
70949,16131
71295,16131
37590,16131
74046,16131
74855,16131
138041,16131
73263,16131
119777,16131
8113,68677
91896,16131
123217,16131
131734,16131
75124,16131
75385,16131
55667,16131
137776,16131
138009,16131
124255,16131
72288,16131
73176,16131
134744,16131
67350,16131
124994,16131
126027,16131
130765,16131
69016,16131
128988,16131
129681,16131
132191,16131
95434,16131
130233,16131
132919,16131
133721,16131
71477,16131
80565,16131
80692,16131
72031,16131
83854,16131
86850,16131
110952,16131
134294,16131
131981,16131
132385,16131
27219,16131
74194,16131
74068,16131
24168,16131
24411,16131
136365,16131
40852,16131
127689,16131
128637,16131
24626,16131
92253,16131
93404,16131
110877,16131
135935,68677
135936,68677
57261,16131
56781,16131
57334,16131
57891,16131
56784,68635
131460,16131
71997,16131
72267,16131
15701,1225185
16559,16131
24498,16131
24729,331575
70925,16131
71281,16131
130619,16131
75252,16131
75630,16131
132175,16131
138004,16131
138816,16131
40800,16131
129449,16131
130013,16131
134616,16131
123877,16131
124757,16131
64272,16131
34124,16131
35360,16131
72742,16131
125641,16131
126601,16131
115860,16131
64771,16131
85392,16131
56092,121201
132563,16131
72212,16131
55808,173768
137976,16131
133723,16131
134011,16131
92254,16131
64772,16131
56841,121187
136007,68677
84432,16131
85557,16131
132063,16131
75573,16131
80744,16131
136252,16131
101747,16131
105437,16131
71893,16131
75419,16131
137778,16131
132393,16131
56872,68683
56035,16131
106447,16131
107967,16131
82282,16131
64758,16131
131290,16131
131863,16131
131909,16131
117631,16131
127233,16131
128189,16131
92366,16131
1779,278881
1675,278881
135889,68677
135890,68677
75233,16131
75234,16131
75513,16131
64757,16131
94534,68704
94959,16131
130419,16131
130209,16131
73129,16131
72156,16131
73014,16131
28551,16131
119075,16131
119384,16131
119383,16131
65202,16131
73116,16131
73115,16131
73937,16131
75169,16131
84550,16131
91079,16131
91080,16131
130063,16131
126277,16131
137844,16131
124467,16131
125353,16131
123591,16131
134894,16131
131510,16131
70859,16131
71261,16131
71439,16131
71834,16131
54452,121187
75017,16131
75778,16131
132713,16131
133871,16131
134459,16131
73880,16131
73879,16131
132221,16131
123304,16131
131977,16131
2773,68621
83097,16131
73799,16131
80798,16131
131116,16131
65663,16131
93406,16131
92979,16131
56809,16131
57458,16131
91416,16131
54465,68683
134837,16131
75687,16131
76488,16131
142458,16131
142832,16131
136511,16131
131848,16131
127973,16131
128621,16131
24461,16131
135765,68677
135766,68677
113233,16131
75106,16131
75105,16131
36595,16131
119021,16131
119022,16131
24730,16131
83571,16131
106133,16131
107586,16131
72622,16131
56013,16131
95060,68703
136223,16131
72576,16131
24464,16131
24845,16131
131592,16131
61980,16131
75046,16131
136220,16131
126925,16131
55472,173761
55747,173804
115165,16131
132008,16131
132543,16131
136316,16131
136371,16131
125927,16131
124929,16131
24167,16131
124219,16131
131431,16131
61827,16131
130950,16131
131319,16131
135670,68677
95286,16131
95772,16131
111490,16131
135669,68677
57426,16131
57850,16131
133697,16131
134193,16131
135631,68689
135632,68689
128403,16131
128957,16131
85795,16131
136284,16131
136345,16131
130501,16131
119321,16131
75565,16131
76200,16131
127783,16131
128285,16131
70815,16131
71243,16131
134953,16131
74975,16131
111433,16131
98983,16131
71361,16131
72424,16131
137963,16131
118294,16131
118293,16131
70264,226411
69756,226411
70154,226411
118812,16131
118992,16131
1409,278881
1359,278881
134920,16131
94755,68704
131165,16131
108543,16131
136295,16131
98880,16131
59436,16131
132423,16131
94564,16131
131871,16131
132342,16131
135782,68677
133129,16131
132871,16131
105823,16131
73234,16131
130755,16131
128661,16131
129219,16131
131499,16131
87488,16131
89432,16131
80774,16131
130219,16131
128059,16131
126519,16131
136211,16131
136205,16131
75283,16131
76015,16131
95023,16131
125579,16131
73747,16131
73701,16131
73702,16131
124675,16131
24625,16131
131341,16131
120141,16131
134919,16131
135476,16131
124324,16131
127455,16131
135971,16131
135715,16131
135959,16131
136039,16131
56845,16131
128515,16131
74889,16131
74890,16131
137979,16131
35828,16131
136029,16131
136109,16131
90295,16131
80775,16131
33193,16131
128949,16131
129479,16131
129624,16131
135451,16131
137837,16131
136111,16131
73677,16131
131235,16131
133971,16131
128275,16131
60429,16131
61072,16131
61091,16131
80842,16131
81526,16131
112674,16131
118435,16131
118454,16131
136183,16131
137724,16131
137790,16131
124233,16131
98982,16131
55832,226376
132167,16131
137632,16131
137725,16131
85386,16131
85385,16131
131541,16131
13114,16131
55773,173847
131081,16131
108154,16131
110475,16131
112907,16131
72639,16131
73275,16131
137631,16131
137633,16131
98879,16131
129855,16131
118745,16131
105597,16131
128781,16131
34914,16131
128131,16131
74828,16131
74827,16131
26142,68705
507,0
508,0
73872,16131
75773,16131
76644,16131
17242,16131
17667,16131
129301,16131
94827,16131
95299,16131
57218,16131
56961,16131
55842,121274
13166,278961
15873,1225185
89719,16131
57089,16131
57656,16131
36683,16131
36639,16131
60840,16131
127911,16131
16669,16131
32111,16131
34885,16131
128573,16131
72579,16131
130837,16131
127175,16131
126193,16131
73646,16131
73645,16131
125249,16131
136523,16131
71787,16131
71720,16131
72400,16131
93099,16131
35246,16131
74946,16131
65815,16131
80844,16131
81149,16131
55912,16131
134950,16131
134770,16131
73807,16131
128457,16131
91985,16131
91805,16131
55803,16131
70775,16131
71205,16131
135500,68705
135824,16131
95995,16131
132373,16131
94003,16131
74871,16131
131345,16131
131971,16131
53890,121187
128197,16131
55601,16131
55865,16131
73763,16131
74136,16131
129121,16131
107205,16131
72494,16131
73222,16131
77012,16131
76759,16131
128993,16131
128657,16131
136375,16131
91274,16131
92210,16131
128437,16131
104921,16131
55425,16131
125837,16131
126889,16131
65394,16131
56016,16131
116853,16131
119155,16131
125478,16131
127747,16131
108200,16131
131921,16131
95902,16131
74084,16131
74302,16131
131841,16131
60637,16131
18021,16131
18843,16131
107893,16131
110098,16131
74698,16131
73705,16131
74751,16131
76656,16131
77721,16131
77309,16131
78581,16131
129985,16131
131443,16131
60554,16131
135547,16131
72383,16131
123839,16131
125379,16131
128691,16131
119968,16131
119804,16131
57594,16131
54029,68683
55977,16131
95901,16131
96590,16131
91912,16131
92832,16131
85511,16131
119898,16131
120449,16131
72089,16131
71936,16131
74251,16131
119803,16131
73673,16131
74043,16131
123781,16131
123782,16131
72238,16131
136083,16131
136084,16131
137635,16131
137786,16131
72630,16131
70739,16131
71183,16131
137730,16131
134322,16131
135042,16131
137583,16131
91066,16131
91065,16131
16575,16131
35638,16131
36408,16131
89674,16131
119705,16131
119706,16131
126485,16131
72444,16131
72832,16131
127377,16131
128231,16131
73627,16131
74464,16131
24927,16131
25821,16131
123576,16131
122614,16131
80984,16131
80983,16131
100233,16131
16134,1225185
74217,16131
74629,16131
128405,16131
112954,16131
65814,16131
114250,16131
107605,16131
108697,16131
116784,16131
74625,16131
76521,16131
87490,16131
89342,16131
123575,16131
72678,16131
73048,16131
91562,16131
92299,16131
92403,16131
92992,16131
132551,16131
120403,16131
121299,16131
123476,16131
124698,16131
91087,16131
73484,16131
74116,16131
136527,16131
82638,16131
83709,16131
104643,16131
106591,16131
80986,16131
81077,16131
135479,16131
96591,16131
97334,16131
137442,16131
137428,16131
893,16131
894,16131
86099,16131
24273,16131
74539,16131
135228,16131
119763,16131
120375,16131
72872,16131
123373,16131
93071,16131
94763,16131
135687,16131
135955,16131
120223,16131
121245,16131
74556,16131
135361,16131
128755,16131
130195,16131
127957,16131
127119,16131
82054,16131
83017,16131
122613,16131
92080,16131
127160,16131
119194,16131
119193,16131
136446,16131
84523,16131
136381,16131
107365,16131
108396,16131
119303,16131
71308,16131
82217,16131
77095,16131
111782,16131
114515,16131
74241,16131
76881,16131
71722,16131
125685,16131
70680,16131
71133,16131
104441,16131
105516,16131
71698,16131
134774,16131
91090,16131
91787,16131
122723,16131
78364,16131
123168,16131
137425,16131
137532,16131
119645,16131
119481,16131
106873,16131
106874,16131
2461,278881
1941,278881
120049,16131
120648,16131
123478,16131
73682,16131
90229,16131
92017,16131
84564,16131
137584,16131
96516,16131
98146,16131
137337,16131
137577,16131
80572,16131
59336,16131
74276,16131
123167,16131
15875,1225185
72036,16131
90468,16131
118276,16131
118075,16131
125358,16131
127043,16131
128471,16131
129377,16131
127595,16131
109217,16131
895,16131
73432,16131
73224,16131
123740,16131
118510,16131
118077,16131
118684,16131
123554,16131
123527,16131
61127,16131
84097,16131
73374,16131
73848,16131
80571,16131
80644,16131
109709,16131
109710,16131
93742,16131
95509,16131
135239,16131
72242,16131
56756,16131
60616,16131
119482,16131
104139,16131
105200,16131
90934,16131
119764,16131
24409,16131
60731,16131
110698,16131
115658,16131
133970,16131
81131,16131
82485,16131
72472,16131
136306,16131
73570,16131
74088,16131
92121,16131
118686,16131
118583,16131
77089,16131
136216,16131
136141,16131
136201,16131
136146,16131
115742,16131
117459,16131
136107,16131
120269,16131
121020,16131
117681,16131
117822,16131
136088,16131
136871,16131
136809,16131
136873,16131
136999,16131
136031,16131
129861,16131
135953,16131
137379,16131
137416,16131
137433,16131
77611,16131
129379,16131
72684,16131
73082,16131
135030,16131
128161,16131
91790,16131
92163,16131
73692,16131
68934,16131
60828,16131
109437,16131
109438,16131
61830,16131
61879,16131
102164,16131
125572,16131
97920,16131
98932,16131
81330,16131
88722,16131
57315,16131
119851,16131
123619,16131
87919,16131
87920,16131
87922,16131
87962,16131
18342,16131
84788,16131
60733,16131
102067,16131
103883,16131
105917,16131
61376,16131
61375,16131
94234,16131
96211,16131
73084,16131
73974,16131
135049,16131
135601,16131
54030,121238
117682,16131
106497,16131
106498,16131
80970,16131
71201,16131
124450,16131
126584,16131
53889,173743
71233,16131
71414,16131
74482,16131
74364,16131
106725,16131
120116,16131
123713,16131
109425,16131
71407,16131
127864,16131
92027,16131
93132,16131
137598,16131
118563,16131
118457,16131
33123,16131
35237,16131
60730,16131
137465,16131
92101,16131
35482,16131
35642,16131
129864,16131
143520,16131
120046,16131
126001,16131
126002,16131
108529,16131
97654,16131
98649,16131
142668,16131
119220,16131
142457,16131
136370,16131
136811,16131
127261,16131
119165,16131
119139,16131
134399,16131
74040,16131
76549,16131
77949,16131
117387,16131
117669,16131
118806,16131
97332,16131
124598,16131
124597,16131
120047,16131
69180,16131
69132,16131
69581,16131
24943,16131
100378,16131
114588,16131
106238,16131
106237,16131
85848,16131
85847,16131
135653,16131
116932,16131
117514,16131
70551,16131
71107,16131
18500,16131
74206,16131
118615,16131
103661,16131
104576,16131
900,16131
53552,226224
127172,16131
127785,16131
137091,16131
137092,16131
60792,16131
17241,16131
102613,16131
137079,16131
137239,16131
94804,16131
125639,16131
124305,16131
124735,16131
121370,16131
119020,16131
121838,16131
1151,226419
53579,173786
69407,16131
69352,16131
23744,16131
35458,16131
61947,16131
127171,16131
127451,16131
116576,16131
116934,16131
117102,16131
98418,16131
60636,16131
83167,16131
107254,16131
135944,16131
145639,16131
108901,16131
108902,16131
118769,16131
118682,16131
117771,16131
73642,16131
69560,16131
69510,16131
35381,16131
35405,16131
53366,278705
129340,16131
91201,16131
133786,16131
71186,16131
136256,16131
118681,16131
99115,16131
124306,16131
94056,16131
125892,16131
69668,16131
69638,16131
136163,16131
136247,16131
912,16131
949,16131
117597,16131
117995,16131
63856,16131
90580,16131
124182,16131
71612,16131
71611,16131
136170,16131
136144,16131
136117,16131
136082,16131
133394,16131
131374,16131
132646,16131
53439,226296
103373,16131
104384,16131
136035,16131
128373,16131
116873,16131
65789,16131
4642,68621
23502,16131
35664,121279
151039,16131
136963,16131
136947,16131
116310,16131
113504,16131
115599,16131
134777,16131
73944,16131
135377,16131
51992,226201
53367,278705
98082,16131
13113,16131
35672,16131
106977,16131
145629,16131
118808,16131
84221,16131
81396,16131
134706,16131
93401,16131
92689,16131
86923,16131
84245,16131
86965,16131
88675,16131
53440,278866
52026,226296
131373,16131
93295,16131
67371,16131
992,16131
98784,16131
99627,16131
69606,16131
70090,16131
87477,16131
70086,16131
70293,16131
35649,16131
15248,16131
14570,16131
60866,16131
4644,68621
111944,16131
61499,16131
125640,16131
117598,16131
117765,16131
103097,16131
104130,16131
137638,16131
73853,16131
35411,16131
134120,16131
73350,16131
73349,16131
85549,16131
87093,16131
58979,16131
94416,16131
70538,16131
108755,16131
139412,16131
73714,16131
117267,16131
112150,16131
112502,16131
68904,226419
1198,16131
76095,16131
76096,16131
35467,16131
116876,16131
128375,16131
129099,16131
100047,16131
101042,16131
116621,16131
116551,16131
70085,16131
70083,16131
35595,16131
36387,16131
105606,68695
105605,68695
61949,16131
62029,16131
73144,16131
17243,16131
71613,16131
90921,16131
116309,16131
99182,16131
93567,16131
69133,16131
134701,16131
117917,16131
98596,16131
90999,16131
108237,16131
108238,16131
69354,16131
137340,16131
137080,16131
117732,16131
107617,16131
69511,16131
66915,0
66916,0
90410,16131
89816,16131
35479,16131
35534,16131
76288,16131
69568,16131
116554,16131
116847,16131
125810,16131
70079,16131
126033,16131
71403,16131
72122,16131
72124,16131
73154,16131
70080,16131
71180,16131
70074,16131
104703,16131
81160,16131
124998,16131
65980,16131
132548,16131
134534,16131
85483,16131
85591,16131
125899,16131
126945,16131
91202,16131
81062,16131
99770,16131
100739,16131
105266,121259
105265,121259
116977,16131
95876,16131
117021,16131
81168,16131
84407,16131
65985,16131
66115,16131
101956,16131
129623,16131
85885,16131
98143,16131
99566,16131
92799,16131
89357,16131
70073,16131
70067,16131
70206,16131
991,16131
70208,16131
70410,16131
70401,16131
70896,16131
115933,16131
73149,16131
107981,16131
107982,16131
129498,16131
137168,16131
70889,16131
90454,16131
72126,16131
71151,16131
72128,16131
137117,16131
137118,16131
92801,16131
136280,16131
18903,16131
35548,16131
106385,68695
15823,16131
22149,16131
109737,16131
116850,16131
134652,16131
125900,16131
125931,16131
129497,16131
131352,16131
126947,16131
127279,16131
119496,16131
122429,16131
12238,16131
136273,16131
136174,16131
136152,16131
136121,16131
136056,16131
136094,16131
136058,16131
136043,16131
118396,16131
62032,16131
62067,16131
126316,16131
131295,16131
94463,16131
93959,16131
12276,16131
100456,16131
104992,68695
104991,68695
102218,16131
114674,16131
115713,16131
93455,16131
97022,16131
98762,16131
115980,16131
115979,16131
116017,16131
116218,16131
71908,16131
71905,16131
116276,16131
109221,16131
110725,16131
131562,16131
70399,16131
102149,16131
102504,16131
70881,16131
73159,16131
72905,16131
73161,16131
72923,16131
72132,16131
70037,16131
69567,16131
68878,16131
69383,226419
115457,16131
73513,16131
73257,16131
73357,16131
73259,16131
73151,16131
106105,121259
93457,16131
78614,16131
81090,16131
102024,16131
106959,16131
106179,16131
116140,16131
76240,16131
100130,16131
94835,16131
94325,16131
88325,16131
90403,16131
94909,16131
96312,16131
111853,16131
113468,16131
111854,16131
84617,16131
85035,16131
81338,16131
100704,16131
116507,16131
116508,16131
70397,16131
72136,16131
72794,16131
70873,16131
78680,16131
133234,16131
101369,16131
102792,16131
116020,16131
116337,16131
126092,16131
62151,16131
106058,16131
116517,16131
134513,16131
36177,16131
37569,16131
73854,16131
74104,16131
46946,278705
66875,0
66876,0
136291,16131
137285,16131
136696,16131
136815,16131
136686,16131
136765,16131
97670,16131
99336,16131
83978,16131
83216,16131
84268,16131
70038,16131
70030,16131
136287,16131
72799,16131
105807,68695
72133,16131
46951,278866
94017,16131
70869,16131
71402,16131
70394,16131
72140,16131
116237,16131
118028,16131
92985,16131
94265,16131
95827,16131
111661,16131
111662,16131
69498,16131
69497,16131
72918,16131
117733,16131
83552,16131
114776,16131
115885,16131
73541,16131
112511,16131
61557,16131
99754,16131
70029,16131
70391,16131
70212,16131
70015,16131
46588,226201
74836,16131
73999,16131
107333,16131
74831,16131
116069,16131
94267,16131
78579,16131
71132,16131
72142,16131
72432,16131
70713,16131
70871,16131
71229,16131
70710,16131
94527,16131
14300,16131
14204,16131
136556,16131
90738,16131
70389,16131
108883,16131
110211,16131
110471,16131
110472,16131
72146,16131
111443,16131
73690,16131
87389,16131
86983,16131
90771,16131
91683,16131
72914,16131
73532,16131
74818,16131
75515,16131
98168,16131
78177,16131
106531,16131
12650,16131
14286,16131
133943,16131
135544,16131
116189,16131
75518,16131
76649,16131
89718,16131
88863,16131
94529,16131
94703,16131
78138,16131
59098,16131
14543,16131
68788,16131
69103,16131
102447,16131
104182,16131
76646,16131
69089,16131
69201,16131
137081,16131
69187,16131
69375,16131
137266,16131
61977,16131
62271,16131
69361,16131
90473,16131
69501,16131
69611,16131
69609,16131
89305,16131
81604,16131
112260,16131
72892,16131
73773,16131
94705,16131
66146,16131
66456,16131
70705,16131
137960,16131
138084,16131
70385,16131
73825,16131
82930,16131
82929,16131
89513,16131
90625,16131
71212,16131
71398,16131
90707,16131
72913,16131
137312,16131
70012,16131
102448,16131
72893,16131
73566,16131
48755,16131
52494,278864
115834,16131
59175,16131
59944,16131
99980,16131
94974,16131
96249,16131
100755,16131
101885,16131
94547,16131
97504,16131
108229,16131
111156,16131
82252,16131
82251,16131
108563,16131
109659,16131
137519,16131
137430,16131
137517,16131
80412,16131
78905,16131
80670,16131
89919,16131
90489,16131
90959,16131
71385,16131
149809,0
149759,0
134857,16131
134858,16131
70231,16131
70227,16131
66576,16131
137083,16131
136875,16131
136954,16131
72148,16131
61812,16131
62173,16131
73533,16131
98712,16131
6745,16131
6723,16131
70708,16131
70388,16131
86984,16131
88516,16131
69595,16131
70014,16131
126315,16131
102237,16131
115482,16131
115814,16131
115916,16131
137346,16131
115669,16131
85484,16131
115481,16131
112803,16131
70418,16131
137251,16131
95490,16131
96719,16131
61742,16131
61345,16131
113228,16131
113227,16131
74415,16131
74416,16131
74418,16131
131434,16131
74811,16131
25670,16131
26073,16131
136761,16131
66697,0
66698,0
91408,16131
92655,16131
93721,16131
93277,16131
69088,16131
69087,16131
60992,16131
97085,16131
109411,16131
84629,16131
85575,16131
131355,16131
145630,121275
110959,16131
71131,16131
130056,16131
71207,16131
137181,16131
76638,16131
77965,16131
93791,16131
114246,16131
90227,16131
91169,16131
145518,226411
130190,16131
132453,16131
93895,16131
93427,16131
126318,16131
128116,16131
62016,16131
134942,16131
135022,16131
71210,16131
71561,16131
96000,16131
80113,16131
80114,16131
136292,16131
115671,16131
101962,16131
103456,16131
115992,16131
94097,16131
93573,16131
84106,16131
84010,16131
103455,16131
112994,16131
112993,16131
70617,16131
70592,16131
92143,16131
88117,16131
99494,16131
35576,16131
35602,16131
24240,16131
24239,16131
24141,16131
83895,16131
99622,16131
101961,16131
107955,16131
110135,16131
114374,16131
7417,16131
7414,16131
26133,16131
27864,16131
62471,279001
90045,16131
90958,16131
120284,16131
110625,16131
110626,16131
24562,16131
97015,16131
114146,16131
113711,16131
6549,16131
6511,16131
135337,16131
6714,16131
71246,16131
37641,16131
40384,16131
137516,16131
137754,16131
137642,16131
104017,16131
105174,16131
25008,16131
96414,16131
97289,16131
120535,16131
122755,16131
92804,16131
25817,16131
36764,16131
7169,16131
29619,16131
7166,16131
7345,16131
136878,16131
36806,16131
40517,16131
137034,16131
133693,16131
134747,16131
138040,16131
138027,16131
7342,16131
88344,16131
92518,16131
66167,16131
66226,16131
93038,16131
22013,16131
22613,16131
66094,16131
70809,16131
70810,16131
62255,16131
90233,16131
134560,16131
134559,16131
92258,16131
76630,16131
77439,16131
107641,16131
108825,16131
22609,16131
22965,16131
24599,16131
24645,16131
67290,16131
67351,121277
136620,16131
136760,16131
136801,16131
110407,16131
110408,16131
96856,16131
97637,16131
124027,16131
22968,16131
23965,16131
81758,16131
88000,16131
70063,16131
70226,16131
69711,16131
70058,16131
69710,16131
69515,16131
69357,16131
67372,331568
67328,16131
151067,16131
151075,16131
93266,16131
113497,16131
113145,16131
134909,16131
24407,16131
92578,16131
6475,16131
103612,16131
91574,16131
88128,16131
5703,121251
5470,121251
23977,16131
90236,16131
90523,16131
92031,16131
17464,16131
26191,16131
98776,16131
137814,16131
6687,16131
22076,16131
22586,16131
97058,16131
97899,16131
77230,16131
59360,16131
137809,16131
93442,16131
98455,16131
138033,16131
80786,16131
6476,16131
77336,16131
22978,16131
23606,16131
114073,16131
134879,16131
135106,16131
138088,16131
71699,16131
72048,16131
61775,16131
72427,16131
133173,16131
72715,16131
69704,16131
72717,16131
73475,16131
70053,16131
1327,278881
1328,278881
23999,16131
24098,16131
61268,16131
73761,16131
81976,16131
112633,16131
112634,16131
74395,16131
66119,16131
66233,16131
107191,16131
108477,16131
74809,16131
7161,16131
7280,16131
6467,16131
68770,16131
69166,16131
115672,16131
137177,16131
79399,16131
90092,16131
91607,16131
71022,16131
71021,16131
134783,16131
97338,16131
98175,16131
120832,16131
24718,16131
24287,16131
24725,16131
25072,16131
113333,16131
137054,16131
137810,16131
133358,16131
133799,16131
25092,16131
25220,16131
87169,16131
86792,16131
105281,16131
106870,16131
69701,16131
70049,16131
80166,16131
6443,16131
142688,16131
61918,16131
62349,16131
97656,16131
60024,16131
61078,16131
133801,16131
134328,16131
107118,16131
134224,16131
134664,16131
103611,16131
61423,16131
73219,16131
73215,16131
136407,16131
136017,16131
136399,16131
112343,16131
112344,16131
87518,16131
136608,16131
6673,16131
135411,16131
98600,16131
97736,16131
109785,16131
109786,16131
70045,16131
69519,16131
68973,16131
136570,16131
104126,16131
68855,16131
68971,16131
98654,16131
68850,16131
66467,16131
68752,16131
28161,16131
28162,16131
7158,16131
113150,16131
63003,16131
93340,16131
135846,16131
135810,16131
135338,16131
73218,16131
66093,16131
40542,16131
40695,16131
6440,16131
6439,16131
135579,16131
135470,16131
112245,16131
112246,16131
104350,16131
80787,16131
80950,16131
30509,16131
31445,16131
66575,16131
61232,16131
135057,16131
90091,16131
90721,16131
83256,16131
85106,16131
86572,16131
86086,16131
133257,16131
133614,16131
134223,16131
134442,16131
6403,16131
134536,16131
134756,16131
58982,16131
109543,16131
6671,16131
69523,16131
68970,16131
70044,16131
133551,16131
138092,16131
66089,16131
138030,16131
6658,16131
6962,16131
142704,16131
509,16131
489,16131
12124,16131
108782,16131
62112,16131
62741,16131
11900,16131
27723,16131
6967,16131
102559,16131
7154,16131
134754,16131
7588,16131
51993,436670
53900,436670
7590,16131
7584,16131
7662,16131
17978,16131
112019,16131
112020,16131
74793,16131
76718,16131
7664,16131
7898,16131
135570,16131
29245,16131
29216,16131
135223,16131
7892,16131
142459,16131
108731,16131
133254,16131
134945,16131
85646,16131
87089,16131
128168,16131
132412,16131
27731,16131
27732,16131
90083,16131
90084,16131
90961,16131
97928,16131
42162,121115
106416,16131
108690,16131
46597,278866
51994,16131
90951,16131
80951,16131
81048,16131
60112,16131
61200,16131
68724,16131
68848,16131
68978,16131
82140,16131
84165,16131
69527,16131
70594,16131
70804,16131
71027,16131
71264,16131
71259,16131
71406,16131
71409,16131
71809,16131
65926,16131
42171,121115
66552,16131
76756,16131
61622,16131
76681,16131
79390,16131
97990,16131
99814,16131
66090,16131
66148,16131
119921,16131
120752,16131
95522,16131
21569,16131
22572,16131
111903,16131
109498,16131
68982,16131
6379,16131
6654,16131
69531,16131
70598,16131
74770,16131
97531,16131
101441,16131
101443,16131
101859,16131
22972,16131
118027,16131
66882,16131
67266,16131
132958,16131
133439,16131
65905,16131
61892,16131
61164,16131
23898,16131
114005,16131
66705,16131
111840,16131
24289,16131
133562,16131
95588,16131
97807,16131
106119,16131
106120,16131
23899,16131
87721,16131
88124,16131
107511,16131
24025,16131
112861,16131
7666,16131
7872,16131
64426,16131
134986,16131
66191,16131
66179,16131
66285,16131
88102,16131
24301,16131
68984,16131
69535,16131
70602,16131
81300,16131
72766,16131
72765,16131
86812,16131
86811,16131
108410,16131
112090,16131
104710,16131
104709,16131
24936,16131
84256,16131
88267,16131
61026,16131
61610,16131
72748,16131
73021,16131
74220,16131
73806,16131
74516,16131
73023,16131
73279,16131
66176,16131
24933,16131
73282,16131
73576,16131
118349,16131
25104,16131
89794,16131
101861,16131
102203,16131
28614,16131
29004,16131
7148,16131
84557,16131
97274,16131
98095,16131
151093,16131
81734,16131
87755,16131
90145,16131
6380,16131
6650,16131
66877,16131
91343,16131
93438,16131
90765,16131
68696,16131
66125,16131
71899,16131
105769,16131
68988,16131
69282,16131
70800,16131
69274,16131
136363,16131
136551,16131
105096,16131
95368,16131
136965,16131
98097,16131
98493,16131
109225,16131
109021,16131
93554,16131
95461,16131
90263,16131
107724,16131
107723,16131
85647,16131
83226,16131
82006,16131
102205,16131
86951,16131
90537,16131
91205,16131
112794,16131
40598,16131
96328,16131
77897,16131
77898,16131
71999,16131
138142,16131
60442,16131
138026,16131
137820,16131
99119,16131
93911,16131
96743,16131
64453,16131
97273,16131
91439,16131
86285,16131
70797,16131
69270,16131
98495,16131
98675,16131
68990,16131
110062,16131
109881,16131
105430,16131
78886,16131
66249,16131
66435,16131
83085,16131
84439,16131
60632,16131
61186,16131
132878,16131
134603,16131
113780,16131
7580,16131
7476,16131
7576,16131
7324,16131
7478,16131
136015,16131
7322,16131
6706,16131
7144,16131
6699,16131
7818,16131
72314,16131
90979,16131
96975,16131
96976,16131
108297,16131
68991,16131
135940,16131
120831,16131
114030,16131
72297,16131
140138,16131
136000,16131
110869,16131
110677,16131
96585,16131
96586,16131
68695,16131
69252,16131
128117,16131
79784,16131
98677,16131
152472,16131
1829,278881
2750,278881
61814,16131
61887,16131
61696,16131
112012,16131
113842,16131
132911,16131
69257,16131
128170,16131
128199,16131
132914,16131
133405,16131
1226,278881
100711,16131
92589,16131
94369,16131
111557,16131
111453,16131
91770,16131
136844,16131
136698,16131
118935,16131
66641,16131
67259,16131
123930,16131
132975,16131
61752,16131
90621,16131
136672,16131
136700,16131
114127,16131
117898,16131
106307,16131
136664,16131
61863,16131
1243,16131
142703,16131
140146,16131
67833,16131
22565,16131
107273,16131
136542,16131
136572,16131
138823,16131
138048,16131
28040,16131
136456,16131
136544,16131
100215,16131
99125,16131
22963,16131
73804,16131
135854,16131
96835,16131
111699,16131
113815,16131
136001,16131
135999,16131
136005,16131
23908,16131
98631,16131
115237,16131
66393,16131
66553,16131
67822,16131
71769,16131
69255,16131
61852,16131
61925,16131
6871,16131
6700,16131
136016,16131
87087,16131
88892,16131
140285,16131
140286,16131
140247,16131
141681,16131
82288,16131
97511,16131
97121,16131
140149,16131
140248,16131
28095,16131
139917,16131
79554,16131
25108,16131
107781,16131
90352,16131
40335,16131
61735,16131
40387,16131
136905,16131
68440,16131
125388,16131
121334,16131
91811,16131
93163,16131
136019,16131
69467,16131
136455,16131
136488,16131
86286,16131
83590,16131
105054,16131
106637,16131
133259,16131
133837,16131
141695,16131
142697,16131
104776,16131
105461,16131
100659,16131
99669,16131
106951,16131
133020,16131
133644,16131
140305,16131
140901,16131
115363,16131
71768,16131
62382,16131
115428,16131
117137,16131
125377,16131
111333,16131
121633,16131
90218,16131
133260,16131
10387,16131
11834,16131
69603,16131
81528,16131
80752,16131
136189,16131
113765,16131
136901,16131
137153,16131
136720,16131
136600,16131
136660,16131
79556,16131
90309,16131
92819,16131
61697,16131
137861,16131
135827,16131
136604,16131
137822,16131
137824,16131
97319,16131
66556,16131
7827,16131
7448,16131
7450,16131
7088,16131
6982,16131
7091,16131
6822,16131
6983,16131
72690,121275
111335,16131
6484,16131
6831,16131
68439,16131
6372,16131
6485,16131
133427,16131
6371,16131
84329,16131
85593,16131
74236,16131
74233,16131
71759,16131
97550,16131
76619,16131
70124,16131
67292,226425
67295,384140
69757,16131
77039,16131
76911,16131
78386,16131
108857,16131
107907,16131
101065,16131
100063,16131
96824,16131
111452,16131
61593,16131
61824,16131
106001,16131
103877,16131
105161,16131
112197,16131
111959,16131
112903,16131
113355,16131
71148,16131
72815,16131
132994,16131
61594,16131
30344,16131
139419,16131
107444,16131
70682,16131
71798,16131
70681,16131
70460,16131
95135,16131
95136,16131
69948,16131
70352,16131
55170,909830
79908,16131
70235,16131
96073,16131
112931,16131
61713,16131
62307,16131
133643,16131
109245,16131
108215,16131
67348,16131
115484,16131
118475,16131
83136,16131
83135,16131
76798,16131
90308,16131
22561,16131
79331,16131
80218,16131
66540,16131
23215,16131
86677,16131
23227,16131
23585,16131
98636,16131
24024,16131
23570,16131
81756,16131
81116,16131
7338,16131
7454,16131
7220,16131
7351,16131
7122,16131
7228,16131
7126,16131
107217,16131
107218,16131
6985,16131
111703,16131
112709,16131
94635,16131
105653,16131
106325,16131
96346,16131
97431,16131
66069,16131
66067,16131
111124,16131
90088,16131
90257,16131
105163,16131
105585,16131
88696,16131
89389,16131
74234,16131
115705,16131
67341,16131
60034,16131
90137,16131
61493,16131
85387,16131
86089,16131
10388,16131
114922,16131
118588,16131
61330,16131
71595,16131
95733,16131
88695,16131
76583,16131
76535,16131
6603,16131
6835,16131
6602,16131
6489,16131
67832,16131
67275,16131
30343,16131
76536,16131
137826,16131
137857,16131
137930,16131
72418,16131
1246,16131
66389,16131
70273,16131
61716,16131
76538,16131
112465,16131
86092,16131
1832,278881
105587,16131
109471,16131
108709,16131
78898,16131
79648,16131
62938,16131
63337,278969
76555,16131
145641,16131
1376,278881
87951,16131
90791,16131
92997,16131
80802,16131
132995,16131
134136,16131
105993,16131
110148,16131
111509,16131
66065,16131
102507,16131
102393,16131
102921,16131
67220,16131
67319,16131
62654,16131
71041,16131
107132,16131
98635,16131
99741,16131
81560,16131
93311,16131
25249,16131
25005,16131
25759,16131
136862,16131
136942,16131
145446,16131
6989,16131
118793,16131
67821,16131
76418,16131
6837,16131
118794,16131
76800,16131
86227,16131
74246,121275
106535,16131
107543,16131
459,0
460,0
145680,16131
147125,16131
75439,16131
75265,16131
75717,16131
99114,16131
66377,16131
100223,16131
133375,16131
67245,68703
102213,16131
102677,16131
91179,16131
121150,16131
62444,16131
98099,16131
75568,16131
75967,16131
86231,16131
75760,16131
76117,16131
121206,16131
145473,16131
6847,16131
105995,16131
6491,16131
87895,16131
69644,16131
70669,16131
93313,16131
93589,16131
76018,16131
76351,16131
66063,16131
85177,16131
41274,16131
62306,16131
110499,16131
111999,16131
121149,16131
76204,16131
103510,16131
72866,16131
62262,16131
62534,16131
136751,16131
61908,16131
103509,16131
101425,16131
102469,16131
76494,16131
78635,16131
79912,16131
114921,16131
30345,16131
30322,16131
22209,16131
22066,16131
22065,16131
22554,16131
6993,16131
6849,16131
95010,16131
40979,698707
85178,16131
30270,16131
83673,16131
66363,16131
106491,16131
107855,16131
82216,16131
93591,16131
94025,16131
7458,16131
114924,16131
72685,16131
6995,16131
62186,16131
62428,16131
66057,16131
62727,16131
90069,16131
89931,16131
112739,16131
113569,16131
28041,16131
101835,16131
102797,16131
60342,16131
112677,16131
84302,16131
84301,16131
6999,16131
97955,16131
99581,16131
75194,16131
87757,16131
88233,16131
103069,16131
106016,16131
74368,16131
6851,16131
95787,16131
95157,16131
96347,16131
36411,16131
109087,16131
88109,16131
88601,16131
78636,16131
80308,16131
81802,16131
36434,16131
39762,16131
88449,16131
88897,16131
68298,16131
88725,16131
89187,16131
107857,16131
108191,16131
30269,16131
30262,16131
74854,16131
74640,16131
75058,16131
89107,16131
89637,16131
81214,16131
24628,16131
24627,16131
6857,16131
66355,16131
111131,16131
112413,16131
73030,16131
89447,16131
74826,16131
6493,16131
97956,16131
98409,16131
94027,16131
94617,16131
68287,68703
75254,16131
89879,16131
75038,16131
75508,16131
102115,16131
24807,16131
25476,16131
113325,16131
66055,16131
3567,0
3568,0
75212,16131
75728,16131
76454,16131
111493,16131
110867,16131
7003,16131
6859,16131
75512,16131
76002,16131
108615,16131
109697,16131
34846,16131
72967,16131
60874,16131
75786,16131
76190,16131
96979,16131
62104,16131
7824,16131
107163,16131
7462,16131
76050,16131
7011,16131
78897,16131
24870,16131
82492,16131
11873,16131
12652,16131
10793,16131
76382,16131
66331,16131
61747,16131
111777,16131
69401,16131
86232,16131
85408,16131
102443,16131
73578,16131
73577,16131
74443,16131
74166,16131
73568,16131
73844,16131
80556,16131
10416,16131
11975,16131
3355,0
3356,0
99678,16131
104558,16131
72315,16131
94030,16131
61209,16131
69402,16131
79984,16131
79014,16131
56953,226421
7015,16131
6625,16131
12069,16131
12615,16131
6627,16131
6373,16131
69416,121223
26813,16131
102285,16131
102286,16131
25058,16131
40650,16131
134980,16131
107497,16131
61510,16131
61312,16131
136591,16131
136638,16131
69415,68651
91905,16131
91126,16131
61974,16131
109338,16131
111173,16131
11879,16131
12597,16131
81592,16131
99750,16131
75726,16131
66051,16131
95188,16131
94555,16131
79771,16131
80738,16131
99673,16131
101522,16131
62409,16131
85569,16131
85189,16131
138137,16131
139448,16131
29036,16131
28217,16131
98525,16131
62410,16131
62440,16131
83767,16131
76292,16131
98565,16131
101449,16131
87717,16131
92269,16131
91374,16131
72081,16131
71631,16131
66317,16131
88407,16131
117563,16131
117564,16131
93228,16131
13108,16131
89051,16131
113237,16131
115826,16131
61749,16131
114281,16131
108138,16131
109719,16131
3291,0
3570,0
66043,16131
117637,16131
76405,16131
76253,16131
85769,16131
86913,16131
89853,16131
13073,16131
111539,16131
24903,16131
74934,16131
95539,16131
94965,16131
61973,16131
62047,16131
74929,16131
79264,16131
76147,16131
25240,16131
75925,16131
12367,16131
86871,16131
74161,16131
73025,16131
72013,16131
72339,16131
72333,16131
90479,16131
11815,16131
11610,16131
7820,16131
65650,68701
65264,68701
74757,16131
74928,16131
7302,16131
7050,16131
7303,16131
74583,16131
74759,16131
7052,16131
72674,16131
6912,16131
74429,16131
74585,16131
6917,16131
92785,16131
91768,16131
74285,16131
74423,16131
79926,16131
22492,16131
22487,16131
117338,16131
6560,16131
6633,16131
74271,16131
87659,16131
6565,16131
63112,278969
63823,121271
73835,16131
74158,16131
6375,16131
73723,16131
73833,16131
73623,16131
73716,16131
73509,16131
73618,16131
73389,16131
73504,16131
73287,16131
73384,16131
73278,16131
72725,16131
118639,16131
117998,16131
66311,16131
121274,16131
122610,16131
96181,16131
95385,16131
136978,173847
137047,173847
137170,16131
39853,121147
44118,698707
93673,16131
60876,16131
61114,16131
62442,16131
62468,16131
13156,16131
30261,16131
80980,16131
85190,16131
25280,16131
26410,16131
13129,16131
72327,16131
72763,16131
108561,16131
110121,16131
127962,16131
66039,16131
89721,16131
116687,16131
89789,16131
12749,16131
62690,16131
12837,16131
1310,68705
90445,16131
91223,16131
102859,16131
102022,16131
29821,121271
29691,121271
76460,16131
76340,16131
74918,16131
75903,16131
75897,16131
74026,16131
74154,16131
74028,16131
73830,16131
39766,16131
96509,16131
96363,16131
66305,16131
95031,16131
116860,16131
117540,16131
86846,16131
76700,16131
76658,16131
77259,16131
72323,16131
72757,16131
1297,16131
84984,16131
11514,16131
11345,16131
94079,16131
87583,16131
116688,16131
107499,16131
118825,16131
118571,16131
110123,16131
110419,16131
60966,16131
25085,16131
117257,16131
77355,16131
77117,16131
77599,16131
95919,16131
97061,16131
97769,16131
61848,16131
66021,16131
12096,16131
77345,16131
77859,16131
97841,16131
74913,16131
75889,16131
77595,16131
78143,16131
92312,16131
61138,16131
103123,16131
102320,16131
121181,16131
71632,16131
76570,16131
91542,16131
72321,16131
72745,16131
77879,16131
78343,16131
71959,16131
72250,16131
116857,16131
7648,16131
7822,16131
7496,16131
7644,16131
7497,16131
7305,16131
62336,16131
121165,16131
70358,16131
95655,16131
26120,16131
56954,16131
78323,16131
78997,16131
119986,68693
110859,16131
90417,16131
91097,16131
103170,16131
105021,16131
74587,16131
74912,16131
66289,16131
12240,16131
122307,16131
109355,16131
136968,16131
79608,16131
63111,278969
63369,278969
71793,16131
72062,16131
6921,16131
6635,16131
74907,16131
75219,16131
6569,16131
75222,16131
75487,16131
6377,16131
75489,16131
75885,16131
95657,16131
78946,16131
72322,16131
72729,16131
64074,16131
64427,16131
66015,16131
86777,16131
97157,16131
137032,16131
78225,16131
73269,16131
11299,16131
11300,16131
7056,16131
7309,16131
73381,16131
73497,16131
73609,16131
73711,16131
73823,16131
74034,16131
74152,16131
62618,16131
69480,16131
103439,16131
102622,16131
96173,16131
64454,16131
64095,16131
30482,16131
52626,16131
75499,16131
75869,16131
11933,16131
87551,16131
93675,16131
71874,16131
72174,16131
117251,16131
35654,16131
108137,16131
96581,16131
74906,16131
61139,16131
61170,16131
78899,16131
71775,16131
74147,16131
103047,16131
75226,16131
117252,16131
117787,16131
74904,16131
72719,16131
70006,16131
70774,16131
75977,16131
71442,16131
66281,16131
134279,16131
90389,16131
90905,16131
137385,16131
6929,16131
21570,16131
134824,16131
76341,16131
6573,16131
78183,16131
105023,16131
105383,16131
70736,16131
6637,16131
109749,16131
69955,121174
70717,68651
6381,16131
94157,16131
97091,16131
85133,16131
76571,16131
75837,16131
74902,16131
84112,16131
97137,16131
66016,16131
12560,16131
13060,16131
135554,16131
28128,16131
12572,16131
78850,16131
30067,121271
72008,16131
71940,16131
7840,16131
10364,16131
12099,16131
91601,16131
91323,16131
59891,16131
59319,16131
59716,16131
60203,16131
60284,16131
118164,16131
119071,16131
86613,16131
91085,16131
78151,16131
70440,16131
70836,16131
93367,16131
71785,16131
68892,121174
68891,121174
68606,121174
69820,121174
60667,16131
77118,16131
59320,16131
59542,16131
91715,16131
74900,16131
125599,16131
105385,16131
105731,16131
87545,16131
75826,16131
77161,16131
67113,16131
90212,16131
90717,16131
78751,16131
66275,16131
77445,16131
11568,16131
94633,16131
87519,16131
88165,16131
72362,16131
13542,16131
13554,16131
7058,16131
7313,16131
66999,16131
77777,16131
70439,16131
70984,16131
71685,16131
72245,16131
61474,16131
73821,16131
74143,16131
134823,16131
88129,16131
88877,16131
78047,16131
66078,16131
151842,68704
66157,16131
65870,16131
39764,16131
3292,0
75658,16131
75653,16131
74896,16131
75643,16131
88849,16131
60076,16131
71593,16131
72158,16131
91326,16131
86264,16131
86217,16131
66160,16131
78710,16131
70527,16131
71072,16131
65854,16131
105733,16131
106167,16131
61712,16131
62544,16131
73213,16131
72963,16131
71391,16131
89685,16131
89641,16131
26925,16131
27851,16131
73295,16131
71162,16131
71471,16131
78638,16131
117464,16131
66242,16131
72051,16131
25543,16131
73319,16131
74142,16131
94421,16131
93781,16131
12532,16131
75636,16131
74894,16131
6933,16131
10936,16131
10825,16131
11392,16131
60592,16131
73055,16131
73403,16131
11936,16131
12405,16131
65263,68701
65876,68704
87520,16131
87859,16131
95966,16131
70625,16131
6387,16131
117836,68703
118034,68702
77373,16131
87725,16131
71671,16131
96055,16131
59473,16131
87983,16131
88499,16131
74071,16131
74426,16131
137210,16131
74428,16131
74576,16131
74574,16131
74764,16131
74750,16131
74897,16131
73127,16131
73587,16131
88347,16131
9622,16131
9514,16131
88683,16131
89147,16131
118306,16131
77864,16131
11572,16131
12890,16131
78574,16131
90945,16131
89039,16131
123929,16131
105171,16131
106671,16131
71053,16131
71316,16131
74919,16131
75116,16131
70782,16131
75114,16131
75312,16131
75308,16131
75613,16131
89580,16131
135034,16131
59907,16131
104199,16131
103582,16131
91519,16131
77316,16131
9146,16131
9126,16131
73173,16131
73653,16131
75689,16131
76893,16131
72474,16131
70923,16131
71225,16131
61560,16131
62182,16131
72550,16131
79558,16131
78536,16131
90925,16131
90591,16131
7848,16131
70745,16131
61602,16131
7317,16131
62583,16131
26374,16131
73255,16131
73719,16131
71144,16131
86218,16131
71452,16131
108263,16131
71579,16131
71965,16131
10799,16131
10800,16131
6389,16131
118035,68702
63734,16131
801,16131
89817,16131
35946,16131
12284,16131
61300,16131
63757,16131
86185,16131
35995,16131
28114,16131
29596,16131
11704,16131
12778,16131
13194,16131
123073,16131
104493,16131
103928,16131
11149,16131
60509,16131
78432,16131
79506,16131
33505,16131
33611,16131
137174,16131
12777,16131
71836,16131
137130,16131
93784,16131
94121,16131
73325,16131
73783,16131
75306,16131
75596,16131
71623,16131
122740,16131
70885,68656
76726,16131
77131,16131
77297,16131
104461,16131
106673,16131
107157,16131
122778,16131
126923,541871
4672,173835
4646,173835
119107,68693
119108,68693
68318,121174
69039,121174
76902,16131
61174,16131
28070,16131
71708,16131
118402,68697
77377,16131
71634,16131
77108,16131
77635,16131
78262,16131
84577,16131
85997,16131
62770,16131
73407,16131
73875,16131
79472,16131
118691,68693
77354,16131
77935,16131
59820,16131
104815,16131
104192,16131
78231,16131
70366,121174
71865,16131
125602,16131
77624,16131
71520,16131
43051,698707
47275,698707
85937,16131
94123,16131
12620,16131
13080,16131
61034,16131
13442,16131
28130,16131
28250,16131
78175,16131
79241,16131
9040,16131
9164,16131
9039,16131
9115,16131
73469,16131
73995,16131
94543,16131
63982,16131
86153,16131
12619,16131
9600,16131
118717,68693
11038,16131
10062,16131
9740,16131
107159,16131
107425,16131
9636,16131
73043,16131
72951,16131
73186,16131
7852,16131
12130,16131
9890,16131
10379,16131
95139,16131
73583,16131
79463,16131
80250,16131
56975,16131
56976,16131
118403,68697
118614,68693
73291,16131
90521,16131
127060,16131
10868,16131
79207,16131
60387,16131
95215,16131
96481,16131
75545,16131
62720,16131
63150,16131
11405,16131
63796,16131
63953,16131
80189,16131
105031,16131
105750,16131
72855,16131
73283,16131
9307,16131
10865,16131
36491,16131
78155,16131
39138,16131
89571,16131
89395,16131
28307,16131
29618,16131
94545,16131
62183,16131
62504,16131
73647,16131
13358,16131
13668,16131
12922,16131
62660,16131
62604,16131
3191,0
89419,16131
104510,16131
105346,16131
107427,16131
107729,16131
72785,16131
73200,16131
63243,16131
12481,16131
79366,16131
83991,16131
73340,16131
97537,16131
97005,16131
119701,16131
78129,16131
79171,16131
75249,16131
75828,16131
105214,16131
60905,16131
57030,16131
72666,16131
73111,16131
58513,16131
58247,16131
75571,16131
76044,16131
96483,16131
62535,16131
72634,16131
72294,16131
66526,16131
12482,16131
75775,16131
76236,16131
88405,16131
88383,16131
56047,16131
56995,16131
57988,16131
11265,16131
11971,16131
118948,16131
85938,16131
62220,16131
64052,16131
64104,16131
70904,16131
76023,16131
76472,16131
73485,16131
107731,16131
13232,16131
121304,16131
124878,16131
85422,16131
85361,16131
85829,16131
73008,16131
105970,16131
13419,16131
14318,16131
8223,16131
105139,16131
105866,16131
76231,16131
76580,16131
56055,16131
57961,16131
78065,16131
79135,16131
91197,16131
76443,16131
93952,16131
88384,16131
105883,16131
76561,16131
12765,16131
104977,16131
104875,16131
60268,16131
93999,16131
71268,16131
88292,16131
76729,16131
62582,16131
72545,16131
92265,16131
91807,16131
71641,121275
72224,16131
105765,16131
77190,16131
120936,16131
76939,16131
12260,16131
62206,16131
77584,16131
64037,173841
72462,68651
78008,16131
79107,16131
107126,16131
89338,16131
483,16131
532,16131
97483,16131
77585,16131
69495,121174
104817,16131
105689,16131
104802,16131
73751,16131
68737,121174
69309,121174
63000,16131
9835,16131
92493,16131
91983,16131
108915,16131
108255,16131
77957,16131
26461,16131
72056,16131
72379,16131
105783,16131
81680,16131
81138,16131
81137,16131
81968,16131
58999,16131
58862,16131
107985,16131
29595,16131
512,16131
615,16131
62944,16131
98507,16131
97999,16131
62343,16131
71300,16131
71530,121275
31761,16131
77921,16131
79061,16131
451,646995
450,331551
60767,16131
105419,16131
88291,16131
11100,16131
11784,16131
81347,16131
81769,16131
8462,16131
8436,16131
52248,16131
53320,16131
118904,16131
92715,16131
92237,16131
73586,16131
74131,16131
109147,16131
105116,16131
72055,16131
72439,16131
12637,16131
88212,16131
84492,16131
85211,16131
63927,331545
64097,331545
105647,16131
98757,16131
98414,16131
97485,16131
97849,16131
77871,16131
79009,16131
92919,16131
92459,16131
64420,68705
478,16131
477,16131
67950,121174
85135,16131
89337,16131
70888,68656
71063,16131
105343,16131
107270,16131
89268,16131
72129,16131
72565,16131
95831,16131
94599,16131
91200,16131
91581,16131
72625,16131
73156,16131
106062,16131
73188,16131
73693,16131
61519,16131
71095,16131
11089,16131
86097,16131
28184,16131
75155,16131
74243,16131
74446,16131
75294,16131
93351,16131
92793,16131
77833,16131
78965,16131
58630,16131
59288,16131
117050,16131
118837,16131
105235,16131
105958,16131
84081,16131
8996,16131
118007,16131
117938,16131
72201,16131
84211,16131
108258,16131
83229,16131
97651,16131
135847,16131
12498,16131
12970,16131
83041,16131
13315,16131
13593,16131
14073,16131
118329,16131
118182,16131
84447,16131
99545,16131
98964,16131
70867,16131
71287,16131
12198,16131
12197,16131
74544,16131
75484,16131
82800,16131
105862,16131
87852,16131
87188,16131
87787,16131
98646,16131
74412,16131
64303,173835
118488,16131
118406,16131
68871,121174
78915,16131
77673,16131
96287,16131
95063,16131
72835,16131
88510,16131
69895,121202
76158,16131
105404,16131
84173,16131
11516,16131
118663,16131
118566,16131
88461,16131
137151,16131
152468,121279
138146,16131
116898,16131
117634,16131
7366,16131
6529,16131
7276,16131
7410,16131
91583,16131
91929,16131
76563,16131
105939,16131
73332,16131
99759,16131
99160,16131
6530,16131
6841,16131
89380,16131
89847,16131
63508,16131
107068,16131
76731,16131
76907,16131
73230,16131
10768,16131
11459,16131
96121,16131
97921,16131
14014,16131
74662,16131
75592,16131
89229,16131
89335,16131
72162,16131
76909,16131
93250,16131
69847,16131
63521,16131
77123,16131
68739,121174
73919,16131
98289,16131
135532,16131
77125,16131
77357,16131
78723,16131
93723,16131
66525,16131
66589,16131
62699,16131
72590,16131
73304,16131
7199,16131
117521,16131
77360,16131
137104,16131
87187,16131
87513,16131
96765,16131
95553,16131
60687,16131
92343,16131
87419,16131
72489,16131
71483,16131
77613,16131
85136,16131
89303,16131
74808,16131
75744,16131
43052,698707
43960,698707
87669,16131
88081,16131
74269,16131
97924,16131
91931,16131
90131,16131
69645,121174
87941,16131
13054,16131
13861,16131
31672,16131
117783,16131
85077,16131
12714,16131
60688,16131
60000,16131
88313,16131
88841,16131
72662,16131
118819,16131
119268,16131
73787,16131
74101,16131
88671,16131
58770,16131
59697,16131
60690,16131
60006,16131
151699,16131
118184,16131
89153,16131
74888,16131
75950,16131
6955,16131
7237,16131
72544,16131
74203,16131
74653,16131
28729,16131
28544,16131
28763,16131
28967,16131
86265,16131
72547,16131
31657,16131
93503,16131
94201,16131
4645,173835
4638,173835
73354,16131
105638,16131
89265,16131
98587,16131
12423,16131
118407,16131
72461,68651
73697,16131
74197,16131
99242,16131
518,16131
449,331551
72736,16131
73436,16131
66528,16131
29001,16131
473,16131
502,16131
74526,16131
82984,16131
89994,16131
98863,16131
99602,16131
118568,16131
118800,16131
77581,16131
119504,16131
66983,16131
58416,16131
71536,16131
72099,16131
106627,16131
11503,16131
75036,16131
524,16131
527,16131
92345,16131
92993,16131
12380,16131
12904,16131
11248,16131
100591,16131
100086,16131
73635,16131
74111,16131
69153,121174
557,16131
584,16131
589,16131
72802,16131
73572,16131
118783,16131
93301,16131
93973,16131
86275,16131
137828,16131
74261,16131
597,16131
12029,16131
98589,16131
99095,16131
99788,16131
53004,16131
53348,16131
89266,16131
28739,16131
28808,16131
54026,16131
74007,16131
78643,16131
28934,16131
77551,16131
118763,16131
119446,16131
7977,16131
7978,16131
12906,16131
94549,16131
623,16131
6956,16131
69866,16131
71826,16131
66954,16131
99331,16131
74846,16131
100949,16131
100490,16131
109899,16131
108393,16131
108821,16131
106278,16131
120862,16131
120861,16131
63258,16131
8236,16131
8037,16131
73243,16131
73685,16131
93061,16131
93775,16131
75248,16131
76336,16131
105908,16131
58391,16131
89912,16131
11172,16131
11171,16131
67115,226411
152413,226403
118679,16131
119379,16131
626,16131
637,16131
44502,698707
43962,698707
78575,16131
13254,16131
77421,16131
79237,16131
79498,16131
553,16131
106038,16131
106256,16131
2982,0
2981,0
91824,16131
54038,16131
100442,16131
94269,16131
95167,16131
119704,16131
64305,173835
64387,16131
91883,16131
75450,16131
76448,16131
74399,16131
29189,16131
29144,16131
79477,16131
80117,16131
105786,16131
95675,16131
78539,16131
69811,121174
75126,16131
77381,16131
627,16131
657,16131
106338,16131
72646,16131
73601,16131
73861,16131
7807,16131
120126,16131
120058,16131
13211,16131
13758,16131
11759,16131
12471,16131
99729,16131
119964,16131
8574,16131
75972,16131
76530,16131
554,16131
28682,16131
116897,16131
100001,16131
119309,16131
119310,16131
94059,16131
94938,16131
106079,16131
106612,16131
487,16131
72902,16131
73369,16131
79289,16131
79994,16131
100702,16131
77340,16131
73499,16131
73911,16131
74591,16131
454,16131
81809,16131
118649,16131
119231,16131
74047,16131
24534,16131
26523,16131
77349,16131
78505,16131
76037,16131
76598,16131
71043,16131
72080,16131
474,16131
120643,16131
28754,16131
29238,16131
89865,16131
99731,16131
119901,16131
69813,121202
1432,121279
1348,16131
35966,16131
552,16131
101303,16131
101005,16131
101947,16131
120793,16131
120794,16131
73780,16131
75280,16131
519,16131
98415,16131
97327,16131
95839,16131
96991,16131
80121,16131
7808,16131
94667,16131
74592,16131
69848,16131
8575,16131
8922,16131
545,16131
571,16131
82975,16131
76177,16131
76722,16131
118589,16131
119113,16131
27739,16131
9308,16131
8815,16131
9445,16131
77140,16131
78429,16131
93545,16131
92507,16131
63756,16131
64591,16131
6925,16131
10767,16131
11077,16131
119774,16131
598,16131
12522,16131
542,16131
541,16131
118579,16131
118580,16131
106419,16131
120544,16131
73493,16131
100053,16131
75606,16131
58741,16131
98593,16131
97597,16131
74714,16131
28543,16131
13212,16131
13366,16131
107249,16131
100055,16131
100231,16131
35219,16131
8849,16131
9759,16131
362,16131
347,16131
398,16131
365,16131
76034,16131
76848,16131
11146,16131
107250,16131
61969,16131
28606,16131
8295,16131
8149,16131
120692,16131
69676,16131
79043,16131
81579,16131
64622,16131
605,16131
100709,16131
101267,16131
11307,16131
12515,16131
13486,16131
119153,16131
119707,16131
120423,16131
107182,16131
95471,16131
96773,16131
492,16131
600,16131
591,16131
119036,16131
12175,16131
6780,16131
539,16131
52068,16131
52067,16131
74816,16131
75748,16131
76194,16131
77008,16131
2914,0
121143,16131
6864,16131
118519,16131
72998,16131
12233,16131
12707,16131
73249,16131
73591,16131
93947,16131
92977,16131
149753,0
150578,0
14141,16131
13805,16131
575,16131
348,16131
107181,16131
81892,16131
95119,16131
75938,16131
101612,16131
102337,16131
98977,16131
97979,16131
11591,16131
119327,16131
120592,16131
120324,16131
74938,16131
313,16131
76356,16131
121724,16131
10286,0
10285,0
10623,0
91530,16131
11310,16131
96385,16131
118473,16131
118941,16131
121088,16131
73250,16131
73659,16131
31769,16131
99933,16131
101305,16131
12176,16131
28640,16131
91575,16131
31844,16131
73675,16131
10899,16131
12584,16131
13343,16131
646,16131
641,16131
119224,16131
119577,16131
81999,16131
73992,16131
75056,16131
120247,16131
564,16131
117207,16131
117208,16131
120488,16131
28641,16131
94271,16131
93365,16131
124922,16131
125513,16131
594,16131
32368,16131
7738,16131
76462,16131
9219,16131
9971,16131
124568,16131
99449,16131
98463,16131
108207,16131
6768,16131
6767,16131
60672,16131
74420,16131
73935,16131
74512,16131
120979,16131
73310,16131
82107,16131
122746,16131
122702,16131
123470,16131
73816,121279
536,16131
96159,16131
82195,16131
102135,16131
63315,16131
63729,16131
80538,16131
73739,16131
26526,16131
118419,16131
118861,16131
107057,16131
107058,16131
60647,16131
75188,16131
120364,16131
108208,16131
32587,16131
78325,16131
119717,16131
91046,16131
8615,16131
11464,16131
121679,16131
119143,16131
119590,16131
456,16131
70638,16131
72107,16131
516,16131
73368,16131
73775,16131
91093,16131
92023,16131
107918,16131
118967,16131
314,16131
74063,16131
74636,16131
120896,16131
120173,16131
548,16131
8601,16131
8493,16131
107529,16131
106315,16131
106316,16131
642,16131
8685,16131
12378,16131
13214,16131
124164,16131
125007,16131
3271,0
120282,16131
67842,121174
8309,16131
107839,16131
121640,16131
118363,16131
119315,16131
73446,16131
73883,16131
106446,16131
106699,16131
107214,16131
119051,16131
119473,16131
101635,16131
303,16131
74171,16131
74754,16131
122428,16131
10493,0
10925,0
635,16131
9545,16131
10203,16131
120827,16131
6845,16131
107840,16131
2913,0
106161,16131
106162,16131
120094,16131
120200,16131
135758,16131
117125,16131
118150,16131
73550,16131
106702,16131
106462,16131
101308,16131
101307,16131
121611,16131
6749,16131
122701,16131
91379,16131
92449,16131
11267,16131
12075,16131
99663,16131
100683,16131
125949,16131
74357,16131
74850,16131
118591,16131
107943,16131
123736,16131
6881,16131
7701,16131
27952,0
27951,0
28087,0
663,16131
653,16131
779,16131
119401,16131
69664,16131
70248,16131
120709,16131
74001,16131
105673,16131
105674,16131
124337,16131
323,16131
407,16131
13719,16131
75708,16131
120110,16131
649,16131
95921,16131
67841,121174
67879,121174
120025,16131
8311,16131
8421,16131
73608,16131
74447,16131
74960,16131
537,16131
121550,16131
13740,16131
28088,0
105916,16131
11949,16131
118593,16131
119013,16131
90806,16131
105333,16131
105108,16131
647,16131
107999,16131
304,16131
632,16131
596,16131
610,16131
92067,16131
93093,16131
120614,16131
9861,16131
10451,16131
74121,16131
619,16131
90829,16131
129395,16131
15636,16131
124775,16131
124497,16131
2985,0
2986,0
73000,16131
124627,16131
125161,16131
99171,16131
99837,16131
123998,16131
74535,16131
75096,16131
105019,16131
104627,16131
106055,16131
93767,16131
94459,16131
464,16131
123328,16131
119953,16131
8075,16131
7906,16131
121511,16131
52863,16131
8423,16131
28683,16131
28684,16131
418,16131
802,16131
98995,16131
10847,0
128742,173746
101001,16131
74225,16131
73736,16131
124705,16131
125529,16131
12986,16131
53312,16131
126047,16131
106880,16131
107152,16131
70640,16131
3040,16131
100251,16131
66756,16131
66932,16131
105252,16131
117126,16131
82746,16131
74449,16131
75242,16131
294,16131
15620,16131
16100,16131
611,16131
63223,16131
106418,16131
106568,16131
120469,16131
82939,16131
89280,16131
123778,16131
121417,16131
106155,16131
14306,16131
104429,16131
104968,16131
91729,16131
92701,16131
119443,16131
124230,16131
66816,16131
485,16131
89954,16131
91235,16131
53316,16131
55900,16131
67962,121174
73798,16131
74279,16131
82278,16131
117581,16131
11839,16131
122961,16131
99969,16131
106894,16131
13612,16131
14345,16131
82449,16131
89259,16131
102339,16131
105554,16131
74551,16131
75442,16131
11413,16131
108070,16131
123982,16131
10095,16131
10697,16131
28661,16131
93459,16131
74333,16131
104430,16131
104517,16131
124943,16131
101559,16131
121352,16131
8731,16131
15462,16131
14944,16131
15447,16131
28498,16131
124785,16131
73910,16131
119813,16131
120353,16131
64393,16131
64064,16131
124232,16131
124444,16131
100947,16131
15752,16131
61262,16131
61068,16131
61086,16131
117127,16131
117525,16131
61067,16131
98679,16131
8656,16131
9091,16131
67881,121174
106677,16131
8258,16131
105041,16131
124480,16131
69663,16131
8177,16131
74685,16131
119814,16131
246,16131
236,16131
11109,16131
14967,16131
15421,16131
15743,16131
63176,16131
11024,0
16078,16131
462,16131
92331,16131
108146,16131
94175,16131
93582,16131
74020,16131
7525,16131
7380,16131
7637,16131
123873,16131
506,16131
496,16131
107246,16131
108057,16131
14820,16131
108626,16131
121259,16131
120273,16131
93283,16131
91237,16131
91593,16131
6545,16131
6775,16131
8562,16131
105536,16131
105752,16131
73132,16131
107799,16131
108447,16131
16236,16131
8209,16131
15737,16131
16069,16131
14506,16131
1004,16131
1001,16131
124668,16131
69226,68681
7019,16131
7020,16131
7129,16131
74094,16131
69261,16131
10299,16131
11095,16131
98521,16131
99017,16131
14634,16131
15027,16131
513,16131
561,16131
106379,16131
100501,16131
12988,16131
8447,16131
7482,16131
7865,16131
7286,16131
63203,16131
64127,16131
129396,16131
107023,16131
108165,16131
28851,16131
235,16131
168,16131
121217,16131
92975,16131
568,16131
106956,16131
109335,16131
108987,16131
109427,16131
109954,16131
11603,16131
12356,16131
82000,16131
1414,16131
128741,68598
9094,16131
74178,16131
64187,16131
63944,16131
8802,16131
8704,16131
14432,16131
109657,16131
109753,16131
104484,16131
98522,16131
99131,16131
63175,16131
91595,16131
91975,16131
124252,16131
11401,16131
106004,16131
16205,16131
1395,16131
603,16131
92725,16131
28646,16131
29031,16131
63204,16131
15030,16131
471,16131
66817,16131
99637,16131
99333,16131
120987,16131
109160,16131
105188,16131
109413,16131
109625,16131
29815,16131
29709,16131
32103,16131
82002,16131
29697,16131
93381,16131
74248,16131
16221,16131
9349,16131
94076,16131
94954,16131
81415,16131
98706,16131
98855,16131
66824,16131
8282,16131
8342,16131
78376,16131
35266,16131
108533,16131
90150,16131
8450,16131
99755,16131
91977,16131
92461,16131
106258,16131
3002,0
109692,16131
7784,16131
7783,16131
7985,16131
104891,16131
481,16131
8706,16131
108701,16131
106843,16131
107348,16131
107910,16131
9351,16131
53035,16131
93384,16131
93823,16131
108454,16131
108026,16131
60704,16131
61688,16131
135530,16131
99645,16131
106565,16131
107072,16131
7426,16131
14493,16131
14361,16131
80142,16131
82279,16131
11668,16131
12548,16131
94119,16131
95430,16131
107600,16131
135529,16131
135738,16131
7769,16131
82450,16131
82074,16131
108424,16131
109031,16131
9775,16131
9955,16131
109843,16131
69373,16131
69325,16131
67951,16131
67952,16131
69128,16131
13350,16131
14373,16131
9675,16131
135711,16131
7395,16131
92464,16131
106312,16131
106724,16131
7720,16131
10773,16131
66934,16131
121219,16131
66825,16131
66844,16131
110003,16131
108142,16131
108773,16131
69225,16131
107678,16131
9853,16131
62528,16131
69262,16131
28645,16131
105036,16131
109648,16131
107230,16131
11443,16131
65584,16131
93711,16131
106177,16131
13475,16131
95066,16131
96208,16131
62541,16131
9678,16131
8243,16131
64250,16131
65571,16131
53047,16131
107836,16131
109776,16131
107679,16131
7967,16131
105070,16131
106387,16131
8382,68705
107000,16131
7243,16131
78590,16131
7396,16131
7634,16131
93375,16131
10199,16131
8021,16131
8301,16131
38648,16131
109185,16131
107572,16131
76918,16131
11667,16131
94535,16131
95887,16131
10726,16131
10593,16131
7554,16131
8361,16131
8476,16131
7673,16131
120662,16131
108292,16131
7682,16131
108433,16131
109315,16131
105797,16131
106647,16131
10202,16131
11033,16131
78340,16131
9856,16131
107571,16131
107877,16131
7209,16131
7225,16131
129047,68598
130529,68598
11131,16131
95725,16131
90160,16131
93929,16131
8285,16131
8455,16131
9660,16131
10030,16131
7487,16131
107670,16131
108555,16131
109477,16131
34800,16131
167,16131
10439,16131
7145,16131
77299,16131
77629,16131
29945,16131
103775,16131
103776,16131
54557,16131
8349,16131
9049,16131
80479,16131
46,16131
196,16131
199,16131
230,16131
225,16131
68744,16131
68759,16131
29667,16131
89821,16131
105296,16131
106130,16131
64182,16131
103337,16131
29390,16131
7937,16131
54576,16131
106689,16131
107162,16131
107824,16131
95159,16131
94155,16131
80129,16131
8290,16131
468,16131
10442,16131
130302,16131
130972,16131
470,16131
7469,16131
77351,16131
108917,16131
109621,16131
8027,16131
106949,16131
7085,16131
107934,16131
93932,16131
117582,16131
120104,16131
110670,16131
64260,16131
203,16131
215,16131
105650,16131
110031,16131
656,16131
10667,16131
8059,16131
8407,16131
64147,16131
29515,16131
29863,16131
78413,16131
67478,16131
68030,16131
94477,16131
7733,16131
105964,16131
7775,16131
64255,16131
81174,16131
79085,16131
79086,16131
10670,16131
108341,16131
109420,16131
134286,16131
135717,16131
7542,16131
64199,16131
65332,16131
78974,16131
79674,16131
30097,16131
64548,16131
7531,16131
90288,121271
118412,16131
118224,16131
7043,16131
7421,16131
118979,16131
118980,16131
222,16131
209,16131
7704,16131
94829,16131
61124,16131
62316,16131
134787,16131
64415,16131
147933,16131
134285,16131
99212,16131
98582,16131
99802,16131
79552,16131
79972,16131
61105,16131
129008,68598
99935,16131
117899,16131
118628,16131
107901,16131
108930,16131
107449,16131
107450,16131
84584,16131
110225,16131
102932,16131
82819,16131
79996,16131
132900,16131
132702,16131
130971,16131
11059,16131
11991,16131
7044,16131
7373,16131
128568,68598
7561,16131
118726,16131
119388,16131
30031,16131
30809,16131
128603,68598
124979,68598
12142,16131
12141,16131
29834,16131
106665,16131
106569,16131
107171,16131
98125,16131
98428,16131
108428,16131
8248,16131
8247,16131
106148,16131
107014,16131
109614,16131
110589,16131
106082,16131
10720,16131
10558,16131
117592,16131
118267,16131
10776,16131
7655,16131
7378,16131
102960,16131
103771,16131
97793,16131
29733,16131
11009,16131
1002,16131
993,16131
119161,16131
9023,16131
9707,16131
7284,16131
46505,698707
47278,698707
107930,16131
105589,16131
6882,16131
7039,16131
9752,16131
8933,16131
9422,16131
106266,16131
97123,16131
118400,16131
98760,16131
100914,16131
99809,16131
100092,16131
109162,16131
80591,16131
130532,68598
130635,68598
130636,68598
7492,16131
10863,16131
11771,16131
133123,16131
134790,16131
102391,16131
103142,16131
99179,16131
99665,16131
34802,16131
35114,16131
24533,16131
25737,16131
7493,16131
33870,16131
71008,16131
105759,16131
106540,16131
107665,16131
105135,16131
112032,16131
100716,16131
68279,16131
119818,16131
69329,16131
8747,16131
9016,16131
29913,16131
110144,16131
110841,16131
107576,16131
118772,16131
69404,16131
131069,226316
96867,16131
97301,16131
124980,68598
8589,16131
8811,16131
103911,16131
104338,16131
104503,16131
108638,16131
35182,16131
8427,16131
8633,16131
10247,16131
9830,16131
10058,16131
10495,16131
8511,16131
103619,16131
8109,16131
102527,16131
103314,16131
64418,16131
64523,16131
118269,16131
104799,16131
105369,16131
28205,16131
8313,16131
101863,16131
96868,16131
68007,16131
106317,16131
104052,16131
30610,16131
8144,16131
119521,16131
97415,16131
77,16131
98990,16131
9424,16131
9694,16131
110327,16131
111783,16131
174,16131
82147,16131
106786,16131
110143,16131
108140,16131
36693,16131
36500,16131
37619,16131
133124,16131
133859,16131
124168,68598
125440,68598
127762,68598
97957,16131
10806,16131
11512,16131
97811,16131
7607,16131
7689,16131
104935,16131
103768,16131
105949,16131
91117,121271
10270,16131
98780,16131
99074,16131
132701,68651
6402,16131
96051,16131
96052,16131
102071,16131
103027,16131
101251,16131
34166,16131
9981,16131
75781,16131
73365,16131
75731,16131
77939,16131
108594,16131
110797,16131
34112,16131
99138,16131
99634,16131
13051,16131
120202,16131
71764,16131
73126,16131
131888,68598
131160,16131
124167,68598
125744,68598
107168,16131
6599,0
6583,0
6732,0
10548,16131
104469,16131
105539,16131
29915,16131
9266,16131
9950,16131
104293,16131
7683,16131
118773,16131
100624,16131
85446,226391
10590,16131
11116,16131
131927,16131
6695,0
6886,0
908,16131
835,16131
62346,16131
1756,68705
6823,0
7082,0
110257,16131
62319,16131
101487,16131
102501,16131
98714,16131
100181,16131
91287,121271
90360,121271
1719,16131
84581,16131
98156,16131
98530,16131
7611,16131
71762,16131
71680,16131
132371,16131
71693,16131
10011,16131
10254,16131
95843,16131
95844,16131
124447,68598
126198,68598
103960,16131
104963,16131
7061,0
7214,0
72260,16131
107045,16131
107046,16131
132232,173849
7884,16131
7883,16131
7957,16131
64526,16131
64565,16131
69731,16131
72203,16131
77204,16131
83308,16131
98063,16131
69740,16131
7187,0
6557,0
9986,16131
10119,16131
96815,16131
96807,16131
107232,16131
99866,16131
9808,16131
119765,16131
108085,16131
108842,16131
6667,0
9935,16131
106733,16131
106734,16131
96433,16131
96407,16131
102061,16131
107502,16131
98065,16131
61772,68705
91509,16131
90424,16131
7963,16131
131135,16131
6793,0
61223,16131
10513,16131
116234,16131
116233,16131
116164,16131
106900,16131
7222,16131
6945,0
6907,0
104332,16131
64568,16131
64713,16131
38472,16131
9832,16131
106501,16131
106502,16131
67000,804701
152414,226403
124765,68598
126550,68598
94085,16131
94083,16131
110260,16131
110375,16131
10524,16131
90392,16131
107237,16131
117596,16131
74614,0
74339,0
74607,0
69734,16131
7025,0
105357,16131
106409,16131
106410,16131
107580,16131
108319,16131
99944,16131
100486,16131
106624,16131
109270,16131
103823,16131
103824,16131
6558,0
7185,0
117560,16131
117923,16131
105742,16131
111423,16131
111424,16131
98732,16131
110534,16131
117925,16131
118065,16131
7139,0
7260,0
118067,16131
118631,16131
106913,16131
95697,16131
95698,16131
90334,16131
6632,0
99625,16131
118609,16131
106151,16131
106152,16131
13460,16131
74340,0
74341,0
62276,16131
62453,68689
114021,16131
114022,16131
125031,68598
106270,16131
118495,16131
119055,16131
98641,16131
96239,16131
96340,16131
6880,0
85405,16131
107760,16131
108895,16131
103405,16131
103406,16131
104438,16131
63410,68689
116163,16131
117350,16131
106559,16131
99817,16131
101922,16131
6401,16131
50070,698707
98785,16131
110998,16131
128683,16131
131138,16131
6964,0
93246,16131
90442,16131
113894,16131
114788,16131
117559,16131
110262,16131
106036,16131
9564,16131
13095,16131
13139,16131
111969,16131
7195,16131
9592,16131
10110,16131
7137,0
93245,16131
93105,16131
94294,16131
74095,16131
73328,16131
106333,16131
7437,16131
7778,16131
11232,16131
109841,16131
110125,16131
23103,68619
23093,68619
67770,16131
103075,16131
103076,16131
86658,226391
87042,16131
109374,16131
61014,16131
61743,16131
7118,0
93106,16131
94207,16131
7981,16131
8070,16131
118931,16131
119616,16131
118421,16131
10312,16131
12461,16131
7895,16131
108278,16131
7790,16131
131807,16131
86297,16131
86645,68703
113893,16131
90335,16131
7192,0
21612,68619
22975,68619
121573,68598
121574,68598
110374,16131
110674,16131
90375,16131
90598,16131
104456,16131
99075,16131
100461,16131
6958,0
61832,16131
112140,16131
132372,16131
109506,16131
103988,16131
105110,16131
98073,16131
98028,16131
89603,16131
90531,16131
12990,16131
113849,16131
111580,16131
111995,16131
111030,16131
114733,16131
72788,16131
7089,0
173,16131
76,16131
64716,16131
64789,16131
115875,16131
115603,16131
132231,16131
117919,16131
117849,16131
102669,16131
102670,16131
113042,16131
109931,16131
118218,16131
118829,16131
11420,16131
23371,68619
23285,68619
8086,16131
110835,16131
112205,16131
12806,16131
12963,16131
12885,16131
109612,16131
110455,16131
123715,68598
122234,68598
124332,68598
12805,16131
132588,16131
7901,16131
8647,16131
133459,16131
32823,5483619
113782,16131
114089,16131
46269,698707
109051,16131
9852,16131
96565,16131
96566,16131
8335,16131
93327,16131
92717,16131
113781,16131
117285,16131
114592,16131
111194,16131
98445,16131
99761,16131
114663,16131
117203,16131
117204,16131
103584,16131
118863,16131
117667,16131
88911,226391
110058,16131
86881,16131
87162,16131
97177,16131
130553,16131
129717,16131
131945,16131
132425,16131
87019,16131
88954,331555
111025,16131
112305,16131
64792,16131
64863,16131
12967,16131
16251,16131
113679,16131
88736,121275
110978,16131
12932,16131
86664,16131
108472,16131
109540,16131
76610,16131
79446,16131
89606,16131
79982,16131
82418,16131
46270,698707
92227,16131
93550,16131
115257,16131
103236,16131
110684,16131
132233,16131
133383,16131
12841,16131
7053,16131
7630,16131
112125,16131
9270,16131
9744,16131
88912,226391
118097,16131
116958,16131
10092,16131
133460,16131
31397,16131
99197,16131
72308,16131
113465,16131
113128,16131
88735,68703
117705,16131
72255,16131
117628,16131
118061,16131
12038,16131
12785,16131
86307,16131
88375,16131
114555,16131
131808,16131
111975,16131
112826,16131
113525,16131
114482,16131
71099,16131
110742,16131
21177,68619
22006,68619
102882,16131
108662,16131
91825,16131
93113,16131
71100,16131
73251,16131
96577,16131
97479,16131
116583,16131
116584,16131
12512,16131
111779,16131
112734,16131
128172,68598
114407,16131
64866,16131
65297,16131
118736,16131
101429,16131
101430,16131
110292,16131
8716,16131
117554,16131
117983,16131
129452,16131
11634,16131
116555,16131
104580,16131
105330,16131
59859,16131
60685,16131
132078,16131
8717,16131
111597,16131
111993,16131
110358,16131
118005,16131
108279,16131
109020,16131
91333,16131
92605,16131
21178,68619
21779,68619
9231,16131
103450,16131
89555,16131
115507,16131
115735,16131
101047,16131
101048,16131
89557,226391
94916,16131
117362,16131
117935,16131
118602,16131
96899,16131
98053,16131
111411,16131
111803,16131
109820,16131
94795,16131
96370,16131
74712,16131
76586,16131
128034,16131
130149,16131
89556,16131
104789,16131
106466,16131
88657,16131
107382,16131
108725,16131
89370,16131
45,16131
48,16131
95891,16131
9968,16131
113324,16131
113753,16131
86663,16131
110768,16131
111113,16131
109362,16131
104228,16131
114369,16131
90104,16131
92069,16131
111617,16131
89372,16131
89369,16131
100545,16131
100546,16131
127029,16131
114274,16131
102064,16131
63961,68689
63701,68689
63738,68689
63812,68689
114311,16131
12746,16131
118272,16131
12322,16131
9248,16131
9011,16131
109320,16131
111407,16131
123380,68598
125024,68598
96169,16131
97427,16131
78797,16131
80902,16131
9569,16131
110767,16131
111076,16131
6686,68694
94996,16131
104403,16131
105339,16131
103914,16131
32826,5483619
33197,16131
12798,16131
13267,16131
112557,16131
112558,16131
90511,16131
77851,16131
117237,16131
118044,16131
101602,16131
12720,16131
114947,16131
115618,16131
116482,16131
30307,16131
75648,16131
117238,16131
98715,16131
99695,16131
48524,698707
48868,698707
112299,16131
112300,16131
104061,16131
23209,68619
24755,68619
104867,16131
107966,16131
114186,16131
77617,16131
95250,16131
96871,16131
94885,16131
101238,16131
111849,16131
108017,16131
13190,16131
117505,16131
112109,16131
112110,16131
113484,16131
115350,16131
86308,16131
75,16131
95319,16131
98519,16131
99108,16131
22122,68619
113361,16131
7844,16131
126902,68598
124924,68598
121250,68598
120826,68598
121658,68598
116306,16131
12852,16131
127146,16131
128092,16131
103704,16131
104513,16131
7888,16131
63739,68689
82,16131
100736,16131
111294,16131
128093,16131
128712,16131
129794,16131
90690,16131
98520,16131
98766,16131
99923,16131
128243,16131
116744,16131
95502,16131
76662,16131
6718,16131
7334,16131
116341,68695
113255,16131
113591,16131
63790,68689
90825,16131
104150,16131
110617,16131
63704,68689
109683,16131
109423,16131
110008,16131
110301,16131
36630,16131
100113,16131
61574,16131
61803,16131
99560,16131
108217,16131
110775,16131
126937,16131
96124,16131
110992,16131
111590,16131
117015,68695
116775,68695
94626,16131
97285,16131
99993,16131
121582,16131
127065,16131
113256,16131
116209,68703
66894,646850
109213,16131
109716,16131
61635,16131
99134,16131
111966,16131
105953,16131
105954,16131
66905,1382893
117307,68695
116893,68695
14455,16131
128136,16131
110411,16131
110883,16131
124688,16131
128101,16131
106884,16131
108203,16131
60085,16131
61361,16131
111107,16131
113823,16131
132725,16131
113681,16131
108911,16131
109457,16131
77082,16131
113950,16131
114296,16131
122044,68598
100125,16131
110987,16131
98804,16131
106826,16131
99691,16131
100491,16131
12464,16131
13437,16131
116026,16131
116615,68703
105601,16131
105602,16131
65946,173841
110791,16131
132092,16131
120825,68598
94114,16131
95520,16131
23471,16131
108389,16131
109830,16131
7578,16131
65420,16131
65887,173841
114198,16131
114724,16131
28406,16131
28403,16131
28465,16131
13804,16131
102316,16131
101976,16131
102969,16131
103972,16131
132791,16131
107647,16131
66856,383963
113794,16131
111600,16131
66845,699424
110583,16131
110584,16131
132150,16131
116680,68695
23308,16131
24267,68619
99301,16131
99986,16131
122500,68598
9363,16131
87710,16131
87148,16131
88379,16131
89014,16131
97378,16131
114580,16131
114888,16131
127500,16131
127061,16131
128822,16131
105099,16131
105100,16131
61400,16131
93718,16131
94921,16131
108879,16131
101502,16131
102537,16131
21816,68619
110378,16131
110377,16131
106347,16131
105342,16131
100857,16131
122564,68598
98980,16131
99733,16131
90826,16131
114083,16131
8957,16131
83356,16131
61448,16131
61506,16131
115514,16131
115566,16131
107287,16131
108241,16131
134138,16131
106230,16131
65421,16131
110149,16131
110150,16131
86534,16131
87745,16131
132979,16131
126636,16131
126635,16131
65329,16131
83419,16131
93717,16131
94462,16131
99326,16131
106262,16131
132208,16131
6185,16131
104943,16131
104944,16131
111438,16131
100975,16131
102255,16131
31781,16131
77848,16131
113349,16131
91234,16131
100362,16131
91782,16131
65880,16131
106897,16131
107811,16131
90385,16131
91709,16131
77894,16131
33839,16131
114431,16131
8459,16131
8132,16131
100059,16131
126142,16131
126141,16131
89759,16131
91219,16131
71743,16131
25043,68619
95005,16131
86006,16131
87065,16131
65867,16131
111141,16131
114962,16131
71130,121279
105572,16131
133069,16131
150647,0
150648,0
132264,16131
109071,16131
121615,68598
101029,16131
105008,16131
106490,16131
30052,16131
30825,16131
13679,16131
15396,16131
116745,16131
116748,68704
107464,16131
7336,16131
7430,16131
89601,16131
100235,16131
101865,16131
7184,16131
125636,16131
125635,16131
112705,16131
22850,16131
23535,16131
90587,16131
8875,16131
8661,16131
121956,16131
124836,16131
85426,16131
86443,16131
13424,16131
111059,16131
128180,16131
108455,16131
109405,16131
7670,16131
8600,16131
8498,16131
133119,16131
126457,16131
114832,16131
106840,16131
112837,16131
132274,16131
112257,16131
112003,16131
127945,16131
129458,16131
96653,16131
96654,16131
89850,16131
118961,68598
118962,68598
77634,16131
111142,16131
111181,16131
7671,16131
106403,16131
106404,16131
124452,16131
125044,16131
58636,16131
28323,16131
60343,16131
127787,16131
129138,16131
99613,16131
101120,16131
23379,16131
23969,16131
126005,16131
85425,16131
85856,16131
14681,16131
103375,16131
103376,16131
107991,16131
108809,16131
15329,16131
92541,16131
91887,16131
92667,16131
133409,16131
114802,16131
114801,16131
127517,16131
128203,16131
115210,16131
96146,16131
96145,16131
61339,16131
132288,16131
104152,16131
109641,16131
12499,16131
13985,16131
124080,16131
124716,16131
114533,16131
115015,16131
127355,16131
128030,16131
104208,16131
106494,16131
105999,16131
106000,16131
25189,804491
24985,804491
107082,16131
107614,16131
125114,16131
28138,16131
108329,16131
114761,16131
115189,16131
7838,16131
66418,383963
66857,646726
127179,16131
127851,16131
95597,16131
95598,16131
98729,16131
100448,16131
102935,16131
102936,16131
20761,384063
20762,68619
125482,16131
21016,68619
21755,68619
7788,16131
123580,16131
124328,16131
97462,16131
24535,804491
115191,16131
115469,16131
133523,16131
111431,16131
126959,16131
128390,16131
97357,16131
121490,68598
60088,16131
91851,16131
109113,16131
92837,16131
91435,16131
91979,16131
97998,16131
8320,16131
132308,16131
107242,16131
107958,16131
26522,16131
96895,16131
97559,16131
126667,16131
128145,16131
20828,68619
91336,16131
114892,16131
7713,16131
7444,16131
86959,16131
124978,16131
114914,16131
123176,16131
123844,16131
23023,16131
23735,16131
87292,16131
102029,16131
7787,16131
8093,16131
16293,16131
103664,16131
126443,16131
127969,16131
125814,16131
25231,804491
128499,16131
99738,16131
8835,16131
9171,16131
102547,16131
107414,16131
97029,16131
98015,16131
106104,16131
1976,16131
60973,16131
126253,16131
127038,16131
133345,16131
92999,16131
96437,16131
124638,16131
117905,68704
114458,16131
92084,16131
122722,16131
123424,16131
5412,16131
6218,16131
132340,16131
1943,16131
101639,16131
102331,16131
31442,16131
126031,16131
126793,16131
128103,16131
8664,16131
55240,16131
56482,16131
8116,16131
8134,16131
114457,16131
22143,16131
22995,16131
114763,16131
115263,16131
103108,16131
96095,16131
96739,16131
126554,16131
5734,16131
6308,16131
101316,16131
102373,16131
33903,16131
24403,16131
128331,16131
128969,16131
114460,16131
97533,16131
117450,16131
124414,16131
91707,16131
91708,16131
92261,16131
21687,68619
122410,16131
123025,16131
22083,16131
101888,16131
88179,16131
88357,16131
92885,16131
118301,68598
119844,68598
120386,68598
125565,16131
127193,16131
86236,16131
91810,16131
98826,16131
92836,16131
132997,16131
128736,16131
8003,16131
7183,16131
7264,16131
121408,68598
132400,16131
66846,594331
66557,384019
61419,16131
61662,16131
95741,16131
96263,16131
24803,16131
97107,16131
124823,16131
126467,16131
128569,16131
100925,16131
101451,16131
123750,16131
122602,16131
8650,16131
7265,16131
98329,16131
102014,16131
8321,16131
8368,16131
102519,16131
81067,16131
80559,16131
81332,16131
81621,16131
151889,16131
67103,16131
130546,16131
101519,16131
95283,16131
95957,16131
102451,16131
100696,16131
127282,16131
71840,16131
77667,16131
87412,16131
96393,16131
88627,16131
101034,16131
28324,16131
23187,16131
119946,68598
20766,68619
21357,68619
117906,16131
130346,16131
94971,16131
95637,16131
72447,16131
123393,16131
121654,16131
132839,16131
102180,16131
93066,16131
102102,16131
101607,16131
92554,16131
93495,16131
117449,16131
22737,16131
132458,16131
6065,16131
7066,16131
79945,16131
81003,16131
97579,16131
99009,16131
126930,16131
129469,16131
96143,16131
96817,16131
25627,804491
25297,804491
66880,16131
101196,16131
101725,16131
124605,16131
125708,16131
99920,16131
119453,16131
101833,16131
111448,16131
93145,16131
95156,16131
28094,16131
101080,16131
102268,16131
129336,16131
122281,16131
122282,16131
127122,16131
127816,16131
101256,16131
91944,16131
92591,16131
87632,16131
123160,16131
61194,16131
61839,16131
23,0
18,0
7180,16131
110079,16131
112933,16131
30664,16131
95833,16131
118302,68598
119135,68598
101081,16131
96416,16131
124441,16131
125921,16131
22469,16131
22949,16131
101931,16131
78495,16131
80246,16131
119508,16131
121876,16131
21314,68619
129061,16131
127537,16131
21995,16131
101873,16131
16632,16131
13986,16131
14016,16131
24963,804491
124832,16131
92791,16131
22476,16131
96177,16131
124265,16131
101965,16131
97095,16131
98422,16131
5261,121246
5154,121246
101392,16131
129602,16131
127362,16131
101324,16131
124125,16131
124671,16131
99709,16131
89325,16131
90052,16131
21592,68619
8327,16131
129445,16131
88713,16131
92223,16131
101325,16131
101514,16131
123837,16131
124500,16131
5501,121246
5366,121246
92905,16131
20982,68619
99104,16131
100383,16131
96729,16131
97796,16131
8367,16131
25033,804491
89786,16131
20701,68695
129151,16131
129769,16131
55184,16131
55874,16131
20099,68695
20023,68695
123631,16131
124989,16131
115907,16131
115547,16131
116945,16131
133347,16131
101281,16131
102539,16131
14056,16131
131348,16131
131064,16131
131397,16131
132514,16131
3065,16131
14032,16131
126963,16131
20939,68619
128194,16131
121988,16131
5965,16131
6170,16131
91421,16131
123453,16131
124827,16131
106225,16131
106753,16131
151975,16131
76872,16131
131065,16131
78880,16131
80510,16131
23339,16131
87864,16131
96730,16131
97406,16131
88873,16131
76871,16131
14036,16131
128025,16131
27004,16131
99834,16131
129405,16131
65844,909468
23838,16131
14382,16131
14381,16131
125068,16131
35134,16131
35133,16131
14370,16131
123277,16131
124646,16131
86237,16131
86366,16131
118372,68598
98492,16131
99293,16131
90192,16131
151853,226350
16637,16131
94467,16131
94289,16131
120446,16131
122256,16131
92527,16131
93369,16131
21252,68619
127838,16131
91860,16131
5153,121246
5423,121246
7780,16131
129556,16131
130169,16131
123679,16131
27763,16131
28778,16131
105941,16131
106349,16131
61733,16131
62072,16131
94007,16131
95028,16131
100681,16131
102125,16131
35193,16131
35426,16131
114911,16131
115849,16131
128421,16131
123125,16131
126188,16131
124778,16131
129982,16131
132666,16131
122849,16131
123492,16131
92126,16131
92672,16131
23119,16131
5474,16131
5750,16131
25535,16131
60106,16131
87876,16131
89119,16131
93921,16131
94693,16131
98667,16131
5774,16131
6052,16131
93471,16131
127351,16131
129837,16131
91902,16131
6466,16131
6206,16131
99617,16131
122693,16131
123331,16131
93543,16131
94582,16131
105595,16131
106051,16131
124928,16131
125672,16131
92040,16131
96382,16131
25871,857157
25872,857157
91739,16131
128520,16131
81140,16131
17925,68695
17926,68695
122519,16131
123856,16131
92814,16131
125499,16131
111001,16131
111002,16131
79122,16131
23557,16131
99900,16131
101503,16131
106754,16131
17,0
22,0
86596,16131
93883,16131
76874,16131
77149,16131
118424,68598
19145,68695
111244,16131
111084,16131
111519,16131
93593,16131
122332,16131
123645,16131
35516,16131
36462,16131
125290,16131
88122,16131
99061,16131
99775,16131
110805,16131
110806,16131
24673,16131
24674,16131
90548,16131
78433,16131
78169,16131
110415,16131
110416,16131
128108,16131
98847,16131
115235,16131
116623,16131
120798,16131
33876,16131
33896,16131
105205,16131
105713,16131
111355,16131
19053,16131
19054,16131
4994,16131
124051,16131
92988,16131
93795,16131
110595,16131
110596,16131
106515,16131
107075,16131
126592,16131
60996,16131
61546,16131
78366,16131
110233,16131
110234,16131
110912,16131
6678,16131
122516,16131
106516,16131
33859,16131
94012,16131
5647,16131
61939,16131
111725,16131
111595,16131
111859,16131
99531,16131
111136,16131
128356,16131
129014,16131
99821,16131
110037,16131
110038,16131
127307,16131
128151,16131
21996,16131
6547,16131
6288,16131
86634,16131
24341,16131
25120,16131
100482,16131
22338,16131
20929,68619
132696,16131
133044,16131
98658,16131
114511,16131
93098,16131
93979,16131
24055,16131
102819,16131
128789,16131
99955,16131
123585,16131
34355,16131
106451,16131
20703,68619
126244,16131
94820,16131
95668,16131
111441,16131
5241,121246
105101,16131
105529,16131
6248,16131
963,16131
1227,16131
55183,16131
106396,16131
106713,16131
79752,16131
80551,16131
128586,16131
5804,16131
95180,16131
27277,16131
27978,16131
81622,16131
123775,16131
124471,16131
100135,16131
21386,68619
34654,16131
126037,16131
86976,16131
77383,16131
97962,16131
99003,16131
105514,16131
111203,16131
26487,857157
93264,16131
94161,16131
60344,16131
57058,16131
5400,68689
21349,68619
84384,16131
84383,16131
122339,16131
123392,16131
131303,16131
79178,16131
130601,16131
111380,16131
61730,16131
62213,16131
124284,16131
109781,16131
109782,16131
125808,16131
94554,16131
6080,16131
94378,16131
94884,16131
117980,16131
127494,16131
110295,16131
104847,16131
110164,16131
111057,16131
114179,16131
115149,16131
5401,16131
75987,16131
75988,16131
21499,16131
94902,16131
6100,16131
5648,16131
24537,16131
110432,16131
20909,68619
95810,16131
105102,16131
105285,16131
126463,16131
124129,16131
100137,16131
100415,16131
110887,16131
130521,16131
130728,16131
109565,16131
109566,16131
122191,16131
123406,16131
6607,16131
6368,16131
5018,16131
60899,16131
60900,16131
109894,16131
82556,16131
82113,16131
82840,16131
118414,16131
1846,16131
1953,16131
23232,16131
30814,0
30813,0
94006,16131
115345,16131
2372,16131
110249,16131
28243,16131
126205,16131
2325,16131
128923,16131
110701,16131
109399,16131
109400,16131
95317,16131
96290,16131
97488,16131
98743,16131
82085,16131
122077,16131
122511,16131
109696,16131
75355,16131
75356,16131
93579,16131
94501,16131
6081,16131
90954,16131
129929,16131
82453,16131
77923,16131
110501,16131
110896,16131
110054,16131
6330,16131
99483,16131
128627,16131
59888,16131
100870,16131
119249,16131
125982,16131
126556,16131
121977,16131
122386,16131
93362,16131
21329,68619
4196,16131
3663,16131
102129,16131
101587,16131
102176,16131
101287,16131
109454,16131
95016,16131
95992,16131
113791,16131
114749,16131
58635,16131
26717,857157
26144,857157
117141,16131
21171,68619
20727,68619
22378,16131
124873,16131
109755,16131
117869,16131
121849,16131
122267,16131
61388,16131
93969,16131
97044,16131
98389,16131
110363,16131
131224,16131
131953,16131
60779,16131
7182,16131
109401,16131
6132,16131
23797,16131
5543,16131
5550,16131
95684,16131
6160,16131
110640,16131
124702,16131
132991,16131
126140,16131
121709,16131
122670,16131
109527,16131
149743,0
149856,0
131223,16131
60016,16131
110139,16131
93572,16131
24178,16131
24913,16131
7870,16131
7609,16131
21099,68619
7569,16131
31329,0
31332,0
31040,0
95044,16131
101040,16131
71896,16131
71976,16131
131520,16131
124523,16131
22628,16131
23477,16131
27036,16131
27485,16131
110448,16131
121619,16131
122493,16131
96512,16131
97803,16131
36530,16131
83694,16131
109984,16131
126340,16131
127128,16131
21243,68619
116799,16131
109869,16131
35195,16131
6462,16131
113401,16131
114307,16131
6134,16131
27887,16131
28190,16131
35694,16131
35465,16131
35934,16131
94615,16131
95482,16131
65976,278904
6578,16131
125034,16131
126949,16131
121509,16131
122356,16131
110267,16131
94043,16131
122769,16131
36138,16131
82207,16131
130463,16131
87104,16131
87594,16131
80213,16131
124883,16131
119449,16131
121024,16131
78341,16131
78701,16131
132968,16131
132967,16131
126660,16131
36350,16131
36324,16131
81565,16131
121363,16131
121769,16131
8046,16131
7755,16131
65969,278904
23919,16131
95893,16131
36310,16131
114925,16131
115827,16131
96803,16131
101358,16131
6194,16131
94149,16131
94988,16131
65901,16131
130072,16131
125261,16131
96241,16131
58316,16131
80547,16131
28780,16131
28902,16131
121243,16131
121662,16131
71745,16131
71781,16131
122477,16131
115942,16131
77459,16131
6809,16131
123636,16131
113402,16131
113911,16131
93677,16131
26978,16131
76226,16131
74708,16131
74223,16131
74258,16131
74866,16131
37479,0
37480,0
24460,16131
121137,16131
121557,16131
108438,16131
151293,0
151294,0
81045,16131
28434,16131
87979,16131
114829,16131
115668,16131
95271,16131
95938,16131
68355,16131
71867,68704
65949,68701
66129,68662
93746,16131
97313,16131
26013,16131
26991,16131
76509,16131
77915,16131
55203,16131
56406,16131
19022,16131
122595,16131
123255,16131
6196,16131
6292,16131
94313,16131
79397,16131
27770,16131
1411,16131
1847,16131
25246,16131
117626,16131
118578,16131
115115,16131
37255,0
37256,0
95961,16131
21427,384149
21820,16131
119029,16131
133879,16131
65996,16131
8141,16131
7925,16131
124803,16131
121862,16131
115900,16131
117927,16131
25698,16131
27447,16131
35197,16131
66023,16131
123088,16131
25683,804591
72167,121279
28928,16131
29152,16131
16001,16131
79619,16131
132970,16131
22759,16131
61242,16131
61860,16131
94517,16131
95583,16131
74257,16131
74376,16131
124953,16131
125777,16131
120603,16131
121232,16131
72796,68704
101606,16131
102484,16131
60609,16131
60984,16131
122839,16131
47817,698707
17356,173829
17355,173829
93838,16131
21822,16131
21089,68619
66512,331456
66564,121249
100692,16131
102051,16131
117481,16131
124620,16131
37978,0
5744,16131
89783,16131
20815,121275
23791,16131
125542,16131
130071,16131
24203,16131
121939,16131
28424,16131
66123,68662
66323,68662
96343,16131
96086,16131
96904,16131
97049,16131
29018,16131
29728,16131
72168,16131
118596,16131
133586,16131
133787,16131
87981,16131
88775,16131
81021,16131
94539,16131
125339,16131
76716,16131
131287,16131
131009,16131
79367,16131
97757,16131
35443,16131
118597,16131
118756,16131
72795,16131
80216,16131
80763,16131
97567,16131
98394,16131
93968,16131
94711,16131
108484,16131
66384,383963
102884,16131
96540,16131
60782,16131
121705,16131
75721,16131
7570,16131
98031,16131
120427,16131
120878,16131
115001,16131
115663,16131
6068,16131
29584,16131
30058,16131
111429,16131
7483,16131
23261,16131
23149,16131
36226,16131
35257,16131
35980,16131
100106,16131
101393,16131
96113,16131
74618,16131
66375,383963
24670,16131
8233,16131
8091,16131
90330,16131
80231,16131
121817,16131
122223,16131
94116,16131
94815,16131
78171,16131
130003,16131
97799,16131
23491,16131
121728,16131
120313,16131
121188,16131
36987,0
36988,0
37035,0
37742,0
95777,16131
96421,16131
94985,16131
76062,16131
88733,16131
66409,278916
66237,68662
109725,16131
122112,16131
132028,16131
131880,16131
117954,16131
131907,16131
131867,16131
73388,16131
72783,16131
73558,16131
72643,16131
120211,16131
120651,16131
94172,16131
85169,16131
132480,16131
96943,16131
3537,16131
3505,16131
3539,16131
115954,16131
3506,16131
66622,121249
66626,699550
99960,16131
100951,16131
118996,16131
119743,16131
122007,16131
66042,68662
95101,16131
96154,16131
97391,16131
28376,16131
28580,16131
120097,16131
120532,16131
96781,16131
60039,16131
66757,594432
97153,16131
98465,16131
7074,16131
72620,16131
35038,16131
113923,16131
113924,16131
120011,16131
120362,16131
128492,16131
128266,16131
129376,16131
29180,16131
99959,16131
100495,16131
25515,16131
24587,16131
114876,16131
115320,16131
121338,16131
130363,16131
131421,16131
4308,16131
6812,16131
61618,16131
76888,16131
21487,121275
66785,121249
110937,16131
35212,16131
96959,16131
119905,16131
120801,16131
66509,16131
4925,16131
78391,16131
49880,698707
107021,16131
106626,16131
29744,16131
30494,16131
128078,16131
129494,16131
21890,16131
15,0
9,0
66080,68662
66152,68662
113789,16131
102209,16131
45556,698707
45555,698707
66758,16131
106625,16131
97634,16131
98103,16131
20169,68701
55953,16131
120631,16131
7677,16131
107144,16131
128077,16131
128525,16131
23863,16131
24383,16131
131559,16131
72921,16131
6188,16131
118116,16131
119216,16131
84129,16131
84130,16131
113609,16131
114492,16131
66784,121249
28000,16131
60244,16131
61478,16131
73205,16131
73794,16131
97904,16131
107196,16131
119729,16131
106652,16131
119575,16131
120479,16131
120851,16131
15984,16131
15983,16131
128321,16131
36963,0
124377,16131
125570,16131
107319,16131
106846,16131
75051,16131
75979,16131
101566,16131
102821,16131
131855,16131
37026,0
106305,16131
74097,16131
28906,16131
29396,16131
66591,16131
66593,278996
97683,16131
113610,16131
114236,16131
66121,16131
18097,173829
119455,16131
119958,16131
66808,278996
4337,16131
5187,16131
124207,16131
125620,16131
97499,16131
77110,16131
71081,16131
70951,16131
71349,16131
73466,16131
66806,16131
36665,0
36996,0
119355,16131
119791,16131
120584,16131
78675,16131
30406,16131
30916,16131
65847,752029
66452,173787
70807,16131
71219,16131
66680,16131
106089,16131
106607,16131
37226,0
74098,16131
123903,16131
124639,16131
110938,16131
110984,16131
118971,16131
119270,16131
122328,16131
12500,16131
127260,16131
127070,16131
127552,16131
25690,16131
119658,16131
70175,16131
70855,16131
120718,16131
121107,16131
74518,16131
74517,16131
101086,16131
102264,16131
34508,16131
34677,16131
7400,16131
7258,16131
7521,16131
27847,16131
119487,16131
23961,16131
105911,16131
106413,16131
123711,16131
124455,16131
75300,16131
128809,16131
1795,16131
1687,16131
72985,16131
126860,16131
128260,16131
66673,16131
79687,16131
121008,16131
111105,16131
112704,16131
57648,16131
6318,16131
47567,698707
47865,698707
70216,16131
70941,16131
118438,16131
119084,16131
103679,16131
103265,16131
103899,16131
115837,16131
128011,16131
127839,16131
128114,16131
19559,16131
29398,16131
123551,16131
124269,16131
56752,16131
57146,16131
81497,16131
84428,16131
126578,16131
127303,16131
105912,16131
106149,16131
23021,16131
59805,16131
120882,16131
103266,16131
28468,16131
98436,16131
97694,16131
98013,16131
98558,16131
118264,16131
128744,16131
89703,16131
90964,16131
128680,16131
100728,16131
101870,16131
123389,16131
124807,16131
128440,16131
126356,16131
127156,16131
129732,16131
36485,0
36838,0
74777,16131
67170,16131
70559,16131
71083,16131
77112,16131
7391,16131
66763,16131
66869,16131
120090,16131
70077,16131
21507,16131
118570,16131
119128,16131
1201,16131
1267,16131
94088,16131
117519,16131
105978,16131
130685,16131
37854,0
128486,16131
123187,16131
124613,16131
102946,16131
103483,16131
24507,16131
126168,16131
126939,16131
30665,16131
31390,16131
93925,16131
111087,16131
111088,16131
76412,16131
47291,698707
16123,16131
88906,16131
69911,16131
70309,16131
96138,16131
128598,16131
129371,16131
118694,16131
119228,16131
15947,16131
30338,16131
16184,16131
98792,16131
100727,16131
101446,16131
93729,16131
96019,16131
90187,16131
92168,16131
97985,16131
69465,16131
69949,16131
21653,16131
66430,121224
70284,16131
70431,16131
70698,16131
6268,16131
125914,16131
127462,16131
23583,16131
24201,16131
122917,16131
124428,16131
24761,16131
25928,16131
98302,16131
119890,16131
74256,16131
124907,16131
129077,16131
15825,16131
15996,16131
92465,16131
96216,16131
3500,16131
3499,16131
70702,16131
102873,16131
28108,16131
151332,16131
35456,16131
35464,16131
151354,16131
71375,16131
115573,16131
115877,16131
29652,16131
23113,16131
117657,16131
127287,16131
122783,16131
123455,16131
103496,16131
75770,16131
67135,16131
118828,16131
119334,16131
7545,16131
128920,16131
70446,16131
69466,16131
70023,16131
16047,16131
16104,16131
104386,16131
104385,16131
35903,16131
35979,16131
101723,16131
103223,16131
88415,16131
111641,16131
119997,16131
120342,16131
73652,16131
83116,16131
84604,16131
115691,16131
122599,16131
123286,16131
100981,16131
29248,16131
120042,16131
120041,16131
89180,16131
70772,16131
71457,16131
127567,16131
7108,16131
117491,16131
117105,16131
79163,16131
80095,16131
124553,16131
26500,16131
26499,16131
130058,16131
68103,16131
68248,16131
56302,16131
56664,16131
125966,16131
97693,16131
118636,16131
3571,16131
120239,16131
98773,16131
104118,16131
104117,16131
113639,16131
113640,16131
73858,16131
35124,16131
116549,16131
116115,16131
117225,16131
116973,16131
69743,16131
70165,16131
122461,16131
123131,16131
12601,16131
26960,16131
26588,16131
26909,16131
27082,16131
118978,16131
119422,16131
97539,16131
30028,16131
30589,16131
115574,16131
114754,16131
5830,16131
6520,16131
6735,16131
114193,16131
37264,0
117931,16131
111484,16131
130612,16131
116177,16131
115957,16131
117576,16131
117275,16131
77398,16131
75121,16131
36486,0
120122,16131
124726,16131
125467,16131
131275,16131
72862,16131
73183,16131
37828,0
38416,0
96930,16131
97662,16131
103933,16131
103934,16131
123602,16131
105117,16131
104859,16131
70844,16131
115339,16131
127227,16131
78745,16131
79487,16131
118728,16131
114300,16131
105012,16131
92229,16131
15116,16131
15955,16131
129803,16131
6736,16131
28798,16131
3543,16131
69542,16131
93535,16131
35745,16131
3510,16131
69623,16131
69858,16131
3501,16131
7252,16131
125151,16131
117769,16131
85915,16131
27032,16131
27274,16131
104860,16131
96814,16131
96597,16131
119112,16131
119598,16131
34740,16131
34878,16131
28141,16131
104022,16131
91004,16131
92503,16131
68104,16131
121917,16131
123093,16131
102915,16131
102916,16131
23858,16131
80761,16131
82392,16131
69862,16131
70496,16131
16322,16131
62557,16131
129567,16131
127399,16131
128073,16131
97257,16131
97816,16131
98545,16131
114157,16131
114520,16131
26852,16131
29715,16131
78315,16131
79151,16131
37112,0
124935,16131
3066,16131
3173,16131
96185,16131
96186,16131
82462,16131
82461,16131
116395,16131
116587,16131
118858,16131
37755,16131
73361,16131
83408,16131
69578,16131
127032,16131
104423,16131
68371,16131
74478,16131
16877,16131
16596,16131
17524,16131
118124,16131
127898,16131
129414,16131
123707,16131
102572,16131
102571,16131
103873,16131
18945,173829
18947,173829
69900,16131
70564,16131
26835,16131
77021,16131
84079,16131
3480,16131
3479,16131
116727,16131
78759,16131
6594,16131
130736,16131
26968,16131
127763,16131
104180,16131
96821,16131
129918,16131
7073,16131
7404,16131
7693,16131
127116,16131
119392,16131
119828,16131
114277,16131
12466,16131
14342,16131
112217,16131
27197,16131
113728,16131
151302,16131
102433,16131
102434,16131
114595,16131
115370,16131
6892,16131
100985,16131
102154,16131
81556,16131
68372,16131
98042,16131
82891,16131
35304,16131
46481,698707
46888,698707
98006,16131
123375,16131
69482,16131
69750,16131
89197,16131
92659,16131
12296,16131
121781,16131
122460,16131
129762,16131
34956,16131
125955,16131
96338,16131
16225,16131
6895,16131
89552,16131
103966,16131
59023,16131
69990,16131
70648,16131
114695,16131
115974,16131
103158,16131
84411,16131
119244,16131
6370,16131
96308,16131
110829,16131
69360,16131
69689,16131
14344,16131
119280,16131
120177,16131
27112,16131
27286,16131
29716,16131
3763,16131
85471,16131
85472,16131
3438,16131
66611,16131
13802,16131
12606,16131
130021,16131
129538,16131
125709,16131
121669,16131
122582,16131
98469,16131
98959,16131
99792,16131
123541,16131
124239,16131
1270,16131
1405,16131
68952,16131
69423,16131
113960,16131
89035,16131
69964,16131
74080,16131
28598,16131
102957,16131
119559,16131
7550,16131
132414,16131
114176,16131
100016,16131
80299,16131
119168,16131
26330,16131
128537,16131
121559,16131
121963,16131
125509,16131
3459,16131
124076,16131
113731,16131
113732,16131
83423,16131
35343,16131
117227,16131
116955,16131
76241,16131
75503,16131
3460,16131
70133,16131
70726,16131
117544,16131
7029,16131
79561,16131
96276,16131
119044,16131
119435,16131
59205,16131
3429,16131
3430,16131
95131,16131
95132,16131
120358,16131
98256,16131
102662,16131
34907,16131
37756,16131
116590,16131
100707,16131
101106,16131
89401,16131
92943,16131
96470,16131
68993,16131
69471,16131
128360,16131
126247,16131
129710,16131
28511,16131
121405,16131
121824,16131
123807,16131
70113,16131
99065,16131
1020,16131
1019,16131
31378,16131
31806,16131
118878,16131
119332,16131
117543,16131
35344,16131
35775,16131
73298,16131
68458,16131
68579,16131
68616,16131
128143,16131
116730,16131
74786,16131
125985,16131
121313,16131
121713,16131
70378,16131
70790,16131
100427,16131
100819,16131
31097,16131
31722,16131
59315,16131
46412,698707
68896,16131
71240,16131
73209,16131
69169,16131
69573,16131
67654,16131
129859,16131
130473,16131
68403,16131
101420,16131
133213,16131
133109,16131
73561,16131
102804,16131
118768,16131
119723,16131
27174,16131
27358,16131
117808,16131
69806,16131
69945,16131
28029,16131
128706,16131
132770,16131
132769,16131
34818,16131
121171,16131
122064,16131
31919,16131
68838,16131
69019,16131
96357,16131
96528,16131
126293,16131
79225,16131
80871,16131
29094,16131
35137,16131
125728,16131
98068,16131
98426,16131
27041,16131
96928,16131
97830,16131
103479,16131
103480,16131
70183,16131
67657,16131
133085,16131
117343,16131
7193,16131
78761,16131
16532,16131
100073,16131
100553,16131
130307,16131
76469,16131
108079,16131
110092,16131
113708,16131
70187,16131
68883,16131
70450,16131
70852,16131
97040,16131
118662,16131
119555,16131
27976,16131
101167,16131
88956,16131
117001,16131
128555,16131
96275,16131
57140,16131
123415,16131
69013,16131
3658,16131
3531,16131
68110,16131
68451,16131
89631,16131
93159,16131
111552,16131
113566,16131
121085,16131
121951,16131
99024,16131
69079,16131
69302,16131
124663,16131
23117,16131
22819,16131
23254,16131
23529,16131
117003,16131
98562,16131
113137,16131
114995,16131
130080,16131
69828,16131
74086,16131
103280,16131
103279,16131
19005,16131
96390,16131
46848,698707
70325,16131
103939,16131
119781,16131
118550,16131
119427,16131
24541,16131
25602,16131
99099,16131
100207,16131
69278,16131
16577,16131
128825,16131
104202,16131
100905,16131
69886,16131
23820,16131
125865,16131
21970,16131
6805,16131
124488,16131
120945,16131
121806,16131
70502,16131
70946,16131
59745,16131
6312,16131
6150,16131
127374,16131
76855,16131
122139,16131
132035,16131
132036,16131
104103,16131
19154,16131
34679,68698
35801,68704
68636,16131
68897,16131
69109,16131
68275,16131
68523,16131
117647,16131
22820,16131
22876,16131
67615,16131
32240,16131
84740,16131
37758,68704
115375,16131
116180,16131
103029,16131
103030,16131
118446,16131
118816,16131
101926,16131
16193,16131
16519,16131
15328,16131
15327,16131
24085,16131
124319,16131
34234,16131
33660,16131
120849,16131
121213,16131
7329,16131
17085,16131
17623,16131
3547,16131
3915,16131
97526,16131
97744,16131
98602,16131
126080,16131
126931,16131
100395,16131
6556,16131
69350,16131
69930,16131
29886,16131
33515,16131
34515,121272
32438,16131
32527,16131
84904,16131
27572,16131
6806,16131
117346,16131
117577,16131
68628,16131
103802,16131
29012,16131
119486,16131
70780,16131
3586,16131
5541,16131
118324,16131
118699,16131
70335,16131
128469,16131
67285,68705
67105,16131
97036,16131
6333,16131
68767,16131
68957,16131
82771,16131
97192,16131
15385,16131
15680,16131
124860,16131
120713,16131
121114,16131
35138,16131
68187,16131
68332,16131
15897,16131
92569,16131
93809,16131
149954,0
101613,16131
122774,16131
77055,16131
98692,16131
126627,16131
70620,16131
71104,16131
121907,16131
15937,16131
67926,16131
67851,16131
67852,16131
67964,16131
70381,16131
73621,16131
118606,16131
68024,16131
68146,16131
106363,16131
108828,16131
99723,16131
100589,16131
104158,16131
68151,16131
103569,16131
68328,16131
69984,16131
114997,16131
115287,16131
119656,16131
120077,16131
69803,16131
70421,16131
70722,16131
18699,16131
120593,16131
121031,16131
149744,0
66474,16131
66914,16131
86025,16131
115595,16131
116376,16131
123791,16131
128629,16131
129401,16131
2402,16131
27010,16131
126415,16131
28407,16131
109596,16131
117579,16131
68650,16131
101329,16131
122028,16131
122447,16131
70096,16131
67860,16131
67985,16131
68200,16131
68725,16131
68820,16131
80153,16131
79883,16131
69699,16131
70109,16131
118012,16131
118943,16131
111649,16131
98718,16131
99353,16131
15252,16131
92099,16131
93305,16131
83945,16131
119989,16131
19093,16131
54794,16131
56363,16131
121346,16131
2501,16131
3363,16131
70475,16131
103340,16131
97037,16131
97164,16131
68662,16131
68816,16131
124917,16131
129112,16131
23008,16131
128268,16131
69135,16131
69420,16131
111012,16131
69775,16131
68354,16131
122322,16131
89327,16131
79380,16131
80962,16131
117891,16131
118795,16131
68682,16131
100677,16131
119848,16131
28767,16131
79379,16131
70136,16131
70547,16131
37573,0
97646,16131
67917,16131
68065,16131
128973,16131
97675,16131
91711,16131
92843,16131
34233,541860
148407,16131
70786,16131
101051,16131
132038,16131
132694,16131
133088,16131
122187,16131
121156,16131
27172,16131
115632,16131
117556,16131
68832,16131
69181,16131
113059,16131
35349,121277
119000,16131
21196,16131
103016,16131
16210,16131
16855,16131
115289,16131
124591,16131
108980,16131
110799,16131
69229,16131
69807,16131
121401,16131
67868,16131
70170,16131
79764,16131
68394,16131
68764,16131
117893,16131
31530,16131
31880,16131
123206,16131
91277,16131
92384,16131
67883,16131
67946,16131
19127,16131
19161,16131
37114,0
99553,16131
1354,16131
70240,16131
70980,16131
111089,16131
89329,16131
19209,16131
23827,16131
25045,16131
18425,16131
20471,16131
67940,16131
124767,16131
125523,16131
99235,16131
100687,16131
98935,16131
97907,16131
98747,16131
68228,16131
69085,16131
124659,16131
123798,16131
580,16131
118744,16131
5680,16131
5956,16131
67920,16131
69557,16131
69937,16131
115377,16131
89803,16131
91890,16131
96732,16131
3532,16131
18403,16131
69017,16131
69291,16131
121173,16131
125316,16131
111414,16131
2514,16131
2677,16131
122793,16131
15886,16131
106979,16131
34184,594434
22376,16131
23821,16131
98949,16131
99658,16131
96809,16131
97751,16131
118855,16131
119324,16131
68874,16131
69071,16131
67956,16131
68272,16131
29196,16131
98617,16131
112225,16131
28481,16131
35350,68703
125019,16131
69285,16131
69409,16131
69666,16131
6419,16131
122606,16131
121285,16131
121695,16131
31529,16131
23828,16131
22463,16131
97831,16131
119197,16131
3629,16131
35303,68701
109432,16131
69630,16131
28236,16131
70302,16131
81941,16131
96246,16131
122479,16131
31453,16131
31664,16131
70556,16131
89737,16131
121602,16131
68798,16131
69099,16131
115411,16131
68190,16131
68400,16131
69433,16131
124096,16131
119080,16131
97034,16131
97496,16131
98089,16131
96404,16131
82049,16131
82050,16131
30726,16131
118023,16131
112337,16131
32439,16131
32486,16131
68130,16131
68319,16131
114239,16131
113529,16131
123108,16131
27898,16131
121473,16131
49875,698707
96462,16131
69698,16131
70362,16131
3456,16131
78059,16131
96502,16131
67968,16131
74130,16131
100557,16131
101311,16131
68794,16131
26356,16131
29050,16131
29838,16131
67184,16131
67167,16131
96300,16131
68915,16131
69197,16131
68157,16131
89104,16131
113187,16131
75301,16131
97033,16131
122831,16131
94473,16131
96111,16131
16692,16131
112555,16131
97756,16131
115225,16131
115606,16131
96444,16131
96610,16131
123149,16131
99805,16131
100887,16131
69746,16131
80584,16131
6473,16131
128650,16131
122648,16131
32487,16131
32516,16131
100699,16131
68810,16131
90057,16131
30354,16131
68863,16131
68996,16131
67934,16131
68183,16131
99580,16131
67155,16131
26590,16131
107581,16131
110182,16131
35291,68698
104853,16131
100777,16131
101247,16131
101731,16131
77319,16131
68964,16131
121981,16131
69487,16131
115360,16131
83372,16131
116240,16131
70379,16131
99340,16131
15940,16131
66918,16131
66746,121265
122733,16131
68910,16131
12219,16131
114561,16131
113833,16131
114125,16131
100788,16131
33250,16131
68045,16131
68259,16131
77435,16131
34183,16131
36625,16131
121842,16131
32517,16131
32584,16131
6422,16131
31454,16131
99681,16131
100465,16131
100827,16131
101621,16131
102965,16131
27402,16131
31659,16131
69012,16131
69545,16131
17307,16131
17209,16131
17563,16131
30227,16131
35500,68698
31869,16131
111615,16131
112455,16131
122892,16131
123597,16131
121731,16131
67948,16131
71629,16131
71119,16131
72084,16131
72169,16131
31136,16131
15161,16131
15162,16131
67975,16131
68132,16131
98999,16131
69492,16131
77321,16131
42100,68703
99311,16131
67044,16131
40754,0
40753,0
112843,16131
101264,16131
101816,16131
86926,16131
86925,16131
86743,16131
87994,16131
115842,16131
68048,16131
122134,16131
111679,16131
69058,16131
123434,16131
68446,16131
128402,16131
129894,16131
90371,16131
57692,16131
13078,16131
67978,16131
92074,16131
118675,16131
119605,16131
123273,16131
16983,16131
17455,16131
116754,16131
117752,16131
99148,16131
97350,16131
25903,16131
86315,16131
87431,16131
121936,16131
31524,16131
68156,16131
68486,16131
6064,16131
98708,16131
99069,16131
118599,16131
119464,16131
128188,16131
129685,16131
31692,16131
122167,16131
36626,16131
33375,16131
32446,16131
32740,16131
28832,16131
29638,16131
76020,16131
74646,16131
75693,16131
76222,16131
22004,16131
97719,16131
99719,16131
105526,16131
57113,16131
118471,16131
118847,16131
17644,16131
35499,16131
128008,16131
128646,16131
108267,16131
110810,16131
99213,16131
100043,16131
15163,16131
58564,16131
81147,16131
17521,16131
74734,16131
75982,16131
68397,16131
68602,16131
116606,16131
29738,16131
92049,16131
92190,16131
15243,16131
3576,16131
113139,16131
118369,16131
118732,16131
12220,16131
13251,16131
69392,16131
127836,16131
128478,16131
98021,16131
2761,16131
94511,16131
121933,16131
68315,16131
68544,16131
77663,16131
120345,16131
120346,16131
102868,16131
103359,16131
56249,16131
56633,16131
1358,16131
72067,16131
22127,16131
71951,16131
72370,16131
33311,16131
33070,16131
68042,16131
69068,16131
68176,16131
89103,16131
32940,16131
81014,16131
82747,16131
110913,16131
85851,16131
86985,16131
59545,16131
68390,16131
118249,16131
118641,16131
127580,16131
128273,16131
99758,16131
2944,16131
28452,16131
74733,16131
17237,16131
32366,16131
32510,16131
2735,16131
28065,16131
28803,16131
92050,16131
92500,16131
28758,16131
93505,16131
31503,16131
101433,16131
101825,16131
117034,16131
117914,16131
122042,16131
122503,16131
93050,16131
99057,16131
2897,16131
110973,16131
111787,16131
119016,16131
94849,16131
28815,16131
127392,16131
128847,16131
91245,16131
17587,16131
98475,16131
98895,16131
32537,16131
22128,16131
28350,16131
56126,16131
68117,16131
68254,16131
104401,16131
122372,16131
71599,16131
72233,16131
20518,16131
74942,16131
116092,16131
17391,16131
17783,16131
76476,16131
127192,16131
128614,16131
68168,16131
83533,16131
28783,16131
32302,16131
32420,16131
31526,16131
112748,16131
113037,16131
114149,16131
118813,16131
87791,16131
104185,16131
105103,16131
20557,16131
76905,16131
80355,16131
122241,16131
113423,16131
114259,16131
29476,16131
58766,16131
68114,16131
72311,16131
83635,16131
85428,16131
27743,16131
28090,16131
15241,16131
15310,16131
76210,16131
119063,16131
128990,16131
120215,16131
121160,16131
127024,16131
128432,16131
22228,16131
106174,16131
68480,16131
93819,16131
116032,16131
116884,16131
72821,16131
16600,16131
35058,16131
35809,16131
32568,16131
1353,16131
104011,16131
104887,16131
32618,16131
107358,16131
101073,16131
126724,16131
127441,16131
32200,173847
32336,16131
120113,16131
121066,16131
54606,16131
117392,16131
118040,16131
17145,16131
27431,16131
27972,16131
17755,16131
113689,16131
114495,16131
101215,16131
3374,16131
6146,16131
6261,16131
6271,16131
76981,16131
86309,16131
118809,16131
128575,16131
71931,16131
126544,16131
127270,16131
3447,16131
109215,16131
68708,16131
116264,16131
120029,16131
120377,16131
92967,16131
1021,16131
1027,16131
1168,16131
101053,16131
103785,16131
104649,16131
1203,16131
1170,16131
86705,16131
59006,16131
60116,16131
68642,16131
109307,16131
111403,16131
32474,16131
76677,16131
79959,16131
126322,16131
127105,16131
18080,16131
100713,16131
100988,16131
1266,16131
118909,16131
119363,16131
94277,16131
95355,16131
6262,16131
119931,16131
120266,16131
69796,16131
69590,16131
70428,16131
29133,16131
68166,16131
32199,173847
32262,16131
128739,16131
129466,16131
115913,16131
26714,16131
68512,16131
21264,16131
22544,16131
6314,16131
6358,16131
117304,16131
20474,16131
21157,16131
28866,16131
16937,16131
80392,16131
103525,16131
104473,16131
126070,16131
127676,16131
27674,16131
98118,16131
119240,16131
119771,16131
120146,16131
100878,16131
129332,16131
99693,16131
68813,16131
69120,16131
93913,16131
95760,16131
6289,16131
74645,16131
115914,16131
32392,16131
100669,16131
113976,16131
114821,16131
68204,16131
68534,16131
119123,16131
125406,16131
127049,16131
120554,16131
113573,16131
8122,16131
129063,16131
86014,16131
117642,16131
118154,16131
32210,16131
103357,16131
104275,16131
8111,16131
130696,16131
131504,16131
116502,16131
101929,16131
94243,16131
127825,16131
93531,16131
120391,16131
105026,16131
72823,16131
73265,16131
68373,16131
68596,16131
106834,16131
29694,16131
29967,16131
117536,16131
49399,698707
50520,698707
69562,16131
70179,16131
69044,16131
69288,16131
103049,16131
104075,16131
115279,16131
32324,16131
71687,16131
71688,16131
105215,16131
120597,16131
130723,16131
56925,16131
93726,16131
120292,16131
68757,16131
68912,16131
121755,16131
122828,16131
68950,16131
69084,16131
84955,16131
83241,16131
84485,16131
85585,16131
76680,16131
79057,16131
110849,16131
112105,16131
68236,16131
81605,16131
68301,16131
68472,16131
127387,16131
69363,16131
70143,16131
837,16131
962,16131
116674,16131
68839,16131
129872,16131
68949,16131
69010,16131
119675,16131
125018,16131
126283,16131
30228,16131
30478,16131
117874,16131
118318,16131
59485,16131
60472,16131
68376,16131
82909,16131
69221,16131
68961,16131
102925,16131
103809,16131
34402,16131
35345,16131
68754,16131
81129,16131
121645,16131
122547,16131
114242,16131
115143,16131
1677,0
1715,0
26313,16131
120318,16131
129746,16131
70308,16131
70818,16131
119500,16131
127541,16131
128225,16131
68308,16131
30815,16131
131036,16131
131832,16131
116770,16131
124868,16131
126473,16131
28732,16131
1271,0
1272,0
1284,0
113301,16131
95927,16131
68942,16131
121539,16131
121948,16131
60573,16131
1280,0
1288,0
91563,16131
93864,16131
129529,16131
119415,16131
128040,16131
102611,16131
103599,16131
120441,16131
120931,16131
124696,16131
125460,16131
115467,16131
86260,16131
1304,0
1305,0
1321,0
17182,16131
121375,16131
121811,16131
16823,16131
1282,0
70689,16131
81763,16131
130067,16131
18019,16131
119840,16131
31597,16131
23456,16131
127871,16131
69411,16131
71334,16131
120836,16131
124502,16131
125073,16131
66794,121273
95097,16131
26824,16131
109767,16131
110281,16131
69320,16131
69903,16131
116910,16131
118020,16131
68530,16131
84023,16131
85095,16131
118430,16131
28554,16131
102612,16131
103365,16131
79383,16131
121269,16131
121699,16131
838,16131
840,16131
72778,16131
73769,16131
68639,16131
68804,16131
129868,16131
120688,16131
1292,0
1315,0
124348,16131
124916,16131
107554,16131
1300,0
114524,16131
93511,16131
94592,16131
131380,16131
122046,16131
75430,16131
36269,16131
116504,16131
130174,16131
68360,16131
119907,16131
69114,16131
69823,16131
129726,16131
81721,16131
103189,16131
68701,16131
936,16131
124212,16131
125591,16131
108513,16131
113619,16131
70108,16131
112231,16131
1026,16131
121928,16131
28384,16131
86888,16131
104445,16131
117122,16131
118290,16131
127405,16131
91927,16131
94100,16131
128675,16131
70487,16131
123864,16131
125433,16131
1294,0
70584,16131
59868,16131
102105,16131
114704,16131
112561,16131
68467,16131
68586,16131
129841,16131
83527,16131
85024,16131
118546,16131
121792,16131
119623,16131
128496,16131
72337,16131
72338,16131
122120,16131
30152,16131
125734,16131
68519,16131
130942,16131
101992,121249
68834,16131
123684,16131
125040,16131
15308,16131
115811,16131
71115,16131
78369,16131
121197,16131
128337,16131
68361,16131
68456,16131
16734,16131
111094,16131
129980,16131
130598,16131
117332,16131
68866,16131
123514,16131
124225,16131
119749,16131
120163,16131
70313,16131
150713,0
150701,0
68432,16131
71728,16131
95942,16131
68727,16131
121100,16131
128932,16131
68940,16131
69241,16131
80369,16131
79973,16131
126701,16131
130434,16131
115895,16131
121879,16131
12738,16131
33372,16131
34720,16131
123356,16131
123994,16131
71049,16131
120072,16131
125294,16131
113919,16131
111206,16131
104619,16131
108095,16131
108981,16131
30109,16131
78937,16131
120996,16131
25227,16131
26878,16131
102106,16131
84615,16131
115717,16131
130277,16131
69718,16131
127847,16131
109770,16131
104807,16131
119981,16131
122004,16131
122424,16131
85397,16131
123194,16131
123753,16131
117528,16131
118646,16131
68494,16131
68747,16131
125528,16131
126274,16131
72569,16131
72570,16131
112781,16131
113869,16131
69139,16131
69615,16131
93323,16131
121112,16131
101991,121195
129023,16131
14281,16131
57862,16131
124409,16131
122299,16131
114095,16131
126055,16131
86629,16131
87772,16131
116912,16131
68715,16131
68516,16131
70119,16131
70200,16131
70793,16131
120891,16131
71553,16131
14266,16131
60586,16131
60124,16131
80381,16131
122183,16131
106683,16131
108415,16131
79459,16131
80101,16131
78258,16131
78257,16131
125794,16131
143,16131
122,16131
105491,16131
107361,16131
83061,16131
82137,16131
72553,16131
14282,16131
80735,16131
128599,16131
124106,16131
111534,16131
84989,16131
121389,16131
103184,16131
104498,16131
105181,68704
71491,16131
124475,16131
127199,16131
69034,16131
69081,16131
118648,16131
118952,16131
70693,16131
76219,16131
76141,16131
114583,16131
108479,16131
109481,16131
69570,16131
69971,16131
101458,121195
102079,16131
113065,16131
20616,16131
86343,16131
87210,16131
14265,16131
58445,16131
77911,16131
77912,16131
128771,16131
129511,16131
103105,16131
104161,68673
65697,699284
95715,331575
127853,16131
128641,16131
117124,16131
107556,16131
106643,68705
69397,16131
70099,16131
95487,16131
68917,16131
75664,68698
77725,16131
65479,1224971
31074,1277907
121158,16131
69077,16131
124151,16131
129368,16131
126826,16131
111093,16131
20714,16131
107995,16131
86344,16131
86738,16131
68824,16131
69369,16131
33242,16131
129101,16131
71311,16131
109141,16131
121263,16131
121687,16131
111790,16131
126559,16131
113275,16131
124304,16131
124899,16131
114825,16131
116083,16131
105397,68704
111208,16131
70147,16131
58620,16131
71431,16131
7,0
29104,16131
116475,16131
76482,226401
76481,226401
28773,16131
29375,16131
121578,16131
70479,16131
71249,16131
72869,16131
124720,16131
126320,16131
130912,16131
29074,16131
128021,16131
107142,16131
108188,16131
69889,16131
26934,16131
71681,16131
121440,16131
127055,16131
124555,16131
81665,16131
82607,16131
76202,226401
76508,226401
130732,16131
68785,16131
68828,16131
109535,16131
68674,16131
71773,16131
70003,16131
69206,16131
69843,16131
78827,16131
78739,16131
126731,16131
82997,16131
83517,16131
84055,16131
109342,16131
109713,16131
115065,16131
116243,16131
129959,16131
37972,16131
49210,1277443
86866,16131
78353,16131
79810,16131
75562,68698
108190,16131
108508,16131
106243,16131
70455,16131
117530,16131
111536,16131
112166,16131
75491,68699
127168,16131
79266,16131
81223,16131
71684,16131
72009,16131
106112,16131
114160,16131
113474,16131
129818,16131
126532,16131
17167,16131
18761,16131
70539,16131
5875,16131
6156,16131
6348,16131
6528,16131
100569,121195
100570,121195
111096,16131
72938,16131
105517,16131
30111,962463
33796,16131
72097,16131
70481,16131
71059,16131
77136,16131
71089,16131
129621,16131
74289,121266
77087,16131
29392,16131
125471,16131
82727,16131
33371,68705
83087,16131
109201,16131
115247,16131
79204,16131
70995,16131
130094,16131
125180,16131
59109,16131
59740,16131
126640,16131
54626,16131
85257,16131
69160,16131
69685,16131
68673,16131
68829,16131
117339,16131
117429,16131
120310,16131
107538,16131
108770,16131
70321,16131
109467,16131
72885,16131
114271,16131
113650,16131
54552,16131
54583,16131
25563,16131
27244,16131
112400,16131
70257,16131
124949,16131
72012,16131
72199,16131
107344,68703
113846,16131
121441,16131
126954,16131
127584,16131
129557,16131
107625,68703
111791,16131
54388,16131
28169,16131
79429,16131
69046,16131
69640,16131
1139,16131
71645,16131
1024,16131
105274,16131
125661,16131
54507,16131
54767,16131
127409,16131
130237,16131
115383,16131
116651,16131
82739,16131
107728,16131
109170,16131
100134,121195
5679,16131
59356,16131
77884,16131
77434,16131
58068,16131
88947,68665
89004,68665
91189,121239
104796,16131
70755,16131
127220,16131
27395,16131
28445,16131
84161,16131
85613,16131
112624,16131
70833,16131
71575,16131
72955,16131
56929,16131
57602,16131
125308,16131
87689,68665
1,0
54416,16131
125739,16131
70103,16131
70685,16131
110511,16131
114066,16131
129875,16131
100133,121195
29394,16131
128917,16131
101036,121195
102329,121195
33412,16131
57512,16131
72888,16131
73145,16131
63972,646726
65450,751858
80701,16131
80515,16131
80945,16131
57511,16131
71485,16131
115539,16131
116801,16131
78504,16131
78162,16131
107539,16131
129089,16131
2,0
5,0
58310,16131
69543,16131
130019,16131
130627,16131
69478,16131
104980,16131
105208,16131
33351,16131
33620,16131
112770,16131
17181,16131
104114,68673
104465,16131
72015,16131
5877,16131
59592,16131
125365,16131
51226,16131
107914,16131
73207,16131
57699,16131
88547,68665
88141,68665
54407,16131
70747,16131
36271,16131
36583,16131
128110,16131
108653,16131
107772,16131
104464,16131
71381,16131
130460,16131
84978,16131
86181,16131
89683,68665
114226,16131
80516,16131
82227,16131
125553,16131
126311,16131
88982,68665
70615,16131
78567,16131
70071,16131
127953,16131
130323,16131
104551,16131
18763,16131
19037,16131
71539,16131
73148,16131
73273,16131
88653,68665
89588,68665
115745,16131
116985,16131
69869,16131
70468,16131
112402,16131
126110,16131
112948,16131
104683,16131
20502,68701
127768,16131
70521,16131
70987,16131
71885,16131
71953,16131
72419,16131
29223,16131
2737,16131
87299,16131
125895,16131
57633,16131
57708,16131
59912,16131
29446,16131
102159,16131
128303,16131
69634,16131
86907,16131
108036,16131
114398,16131
30187,16131
31188,16131
57521,16131
85784,16131
86647,16131
102119,121195
101242,121195
20577,16131
23184,16131
70847,16131
57609,16131
56747,16131
57567,16131
56817,16131
57887,68705
102459,16131
122589,68581
122391,68581
122790,68581
128065,16131
102278,121195
72171,16131
115909,16131
111554,16131
129889,16131
71303,16131
104453,16131
104883,16131
58004,16131
113124,16131
69438,16131
69818,16131
88277,68665
70437,16131
105544,16131
108184,16131
110927,16131
88279,68665
71845,16131
70337,16131
70767,16131
109343,16131
108977,16131
109849,16131
110159,16131
128442,16131
89323,68665
89123,68665
122195,68581
122539,68581
58722,16131
108721,16131
109653,16131
20116,121273
71771,16131
72289,16131
60549,16131
60298,16131
71215,16131
54133,16131
53399,16131
54112,16131
86158,16131
109511,16131
114626,16131
70222,16131
83731,16131
84544,16131
85246,16131
54444,16131
27455,16131
28625,16131
122928,68581
99712,383979
98945,383979
99478,383979
99918,383979
100903,121195
928,16131
111502,16131
106111,16131
88823,68665
110011,16131
110659,16131
70662,16131
19948,16131
122025,68581
122351,68581
107505,16131
108717,16131
113320,16131
1033,16131
49510,698707
78707,16131
79141,16131
28192,16131
29377,16131
19969,16131
71669,16131
72207,16131
88825,68665
20139,16131
129343,16131
128010,16131
33910,16131
71121,16131
18941,16131
27262,16131
81985,16131
110489,16131
122707,68581
106242,16131
107165,16131
2923,16131
71601,16131
85002,16131
100814,121195
100813,121195
83217,16131
24292,16131
98946,383979
99524,383979
123202,68581
111553,16131
84146,16131
121671,68581
122148,68581
108037,16131
114846,16131
128229,16131
128914,16131
116205,16131
58966,16131
107330,16131
89233,68665
65605,16131
65606,16131
79217,16131
80616,16131
109801,16131
69859,16131
70296,16131
86769,16131
87646,16131
111102,16131
111686,16131
69437,16131
69763,16131
110341,16131
101232,121195
70562,16131
71046,16131
72151,16131
59808,16131
122481,68581
116253,16131
89027,68665
89403,68665
128669,16131
70185,16131
71531,16131
81544,16131
113544,16131
122885,68581
49400,698707
79663,16131
24982,16131
25324,16131
19105,16131
108539,16131
109273,16131
54036,16131
123860,68581
128466,16131
2977,16131
121967,68581
122278,68581
123616,68581
123402,68581
123834,68581
70760,16131
122627,68581
115080,16131
70912,16131
71418,16131
83403,16131
84310,16131
112280,16131
109901,16131
121519,68581
121784,68581
29662,16131
30153,226411
2961,16131
111220,16131
82987,16131
123139,68581
89028,68665
69765,16131
70141,16131
70605,16131
78903,16131
60611,16131
60496,16131
85038,16131
79337,16131
80579,16131
122089,68581
123558,68581
106715,16131
106716,16131
108443,16131
110103,16131
100171,383979
71521,16131
113742,16131
84836,16131
85524,16131
110145,16131
89589,68665
72003,16131
84074,16131
3106,16131
49908,698707
51004,16131
53674,16131
122398,68581
124102,68581
121387,68581
121628,68581
30188,16131
29701,16131
34648,16131
82659,16131
71156,16131
121914,68581
75189,121266
74715,121266
122800,68581
123297,68581
70061,16131
70512,16131
110277,16131
111400,16131
115268,16131
116095,16131
71322,16131
112959,16131
122201,68581
88487,16131
88213,16131
123746,68581
79079,16131
87391,16131
28700,226411
81562,16131
121388,68581
108363,16131
109864,16131
122524,68581
84682,16131
71033,16131
54286,16131
54617,16131
113962,16131
59666,16131
110441,16131
121720,68581
59994,16131
122951,68581
84593,16131
49250,698707
83777,16131
79081,16131
28727,16131
122032,68581
86521,16131
69914,16131
70423,16131
123465,68581
19107,16131
19377,16131
71568,16131
83547,16131
111532,16131
35805,16131
37919,16131
30366,16131
30365,16131
80454,16131
83963,16131
71806,16131
115392,16131
111705,16131
109068,16131
88939,16131
88871,16131
113162,16131
122344,68581
122690,68581
70764,16131
121542,68581
83258,16131
79593,16131
19632,16131
87897,16131
112960,16131
82160,16131
121834,68581
69475,16131
123209,68581
3445,16131
73227,16131
54462,16131
54807,16131
123561,68581
152096,16131
101424,384149
152092,16131
70894,16131
71453,16131
100300,383979
75539,121266
122144,68581
69916,16131
70324,16131
114182,16131
113009,16131
88107,16131
89261,16131
60186,16131
60570,16131
3378,16131
3638,16131
79475,16131
79969,16131
20115,226421
111962,16131
112728,16131
122473,68581
115558,16131
95091,16131
94675,16131
96092,16131
96851,16131
84451,16131
70671,16131
150727,0
150702,0
83257,16131
53968,16131
122866,68581
1192,16131
121648,68581
1172,16131
29522,16131
122986,68581
115626,16131
15484,16131
27665,16131
60280,16131
60352,16131
574,16131
100874,383979
71112,16131
113216,16131
85897,68681
87579,16131
113000,16131
102171,16131
71011,16131
71372,16131
152091,16131
121974,68581
122272,68581
89053,16131
89805,16131
71703,16131
29461,16131
28590,16131
70568,16131
84208,16131
54668,16131
54979,16131
122617,68581
100731,383979
114330,16131
113328,16131
54171,16131
3617,16131
3698,16131
108442,16131
121758,68581
81321,16131
81305,16131
81618,16131
108569,16131
122093,68581
29367,16131
31308,16131
71253,16131
71638,16131
19379,16131
19541,16131
98583,16131
79077,16131
79078,16131
70862,16131
122404,68581
94676,16131
80703,16131
81208,16131
113392,16131
122486,68581
101364,16131
110266,16131
35806,16131
26965,16131
26915,16131
101157,16131
81439,16131
81932,16131
84030,16131
54305,16131
54860,16131
55137,16131
29270,16131
152094,16131
152099,16131
121870,68581
114554,16131
115496,16131
29572,16131
100806,383979
50712,16131
29666,16131
88609,16131
89729,16131
122211,68581
71541,16131
71168,16131
79767,16131
140729,16131
140728,16131
81839,16131
82238,16131
137757,16131
110118,16131
111571,16131
29511,16131
84209,16131
31090,16131
31712,16131
141158,16131
56253,16131
56223,16131
109551,16131
100451,16131
114708,16131
80596,16131
80595,16131
152101,16131
113614,16131
103462,16131
103345,16131
84681,16131
95088,16131
97046,16131
122006,68581
1186,16131
122054,68581
93364,16131
1035,16131
55022,16131
55267,16131
82536,16131
79260,16131
100287,16131
99079,16131
108944,16131
111465,16131
71438,16131
20745,16131
54531,16131
115331,16131
81157,16131
56117,16131
56603,16131
82511,16131
82808,16131
85766,16131
28622,16131
80453,16131
29341,16131
29587,16131
91506,16131
101577,16131
99167,16131
2786,16131
2743,16131
3310,16131
3353,16131
54207,16131
3432,16131
3431,16131
80777,16131
3434,16131
53920,16131
108728,16131
19543,16131
19705,16131
81642,16131
82248,16131
28023,16131
82732,16131
83184,16131
100098,16131
12910,16131
10688,16131
13490,16131
69476,16131
70094,16131
3620,16131
93363,16131
95212,16131
28491,16131
83494,16131
101891,16131
79462,16131
34098,16131
35432,16131
20835,16131
81386,16131
87699,68681
86689,68681
86491,68681
81158,16131
89025,16131
93814,16131
95582,16131
55160,16131
55437,16131
79819,16131
87457,68681
85412,16131
82654,16131
83792,16131
114898,16131
89247,16131
78550,16131
36361,68693
36093,68693
36096,68693
36738,68693
54873,16131
29786,16131
102533,16131
103433,16131
81494,16131
103336,16131
55885,16131
56503,16131
81355,16131
31075,16131
69429,16131
69760,16131
83324,16131
85139,16131
82882,16131
54707,16131
69980,16131
69918,16131
69849,16131
69587,16131
70194,16131
15059,16131
10456,16131
11428,16131
96296,16131
96350,16131
4035,121259
4036,121259
69789,16131
96938,16131
101244,16131
100254,16131
70027,16131
70442,16131
36094,68693
19839,16131
60426,16131
78549,16131
79001,16131
109674,16131
87029,68681
56392,16131
57082,68703
55051,16131
92691,16131
92692,16131
19707,16131
19899,16131
4059,121259
70277,16131
70484,16131
23410,16131
25216,16131
30106,16131
30957,16131
70289,16131
70271,16131
54322,16131
81219,16131
113104,16131
113220,16131
20748,16131
21109,16131
81457,16131
82626,16131
89191,16131
111305,16131
56649,16131
57543,68703
57202,16131
57931,16131
110994,16131
98093,16131
96878,16131
16790,16131
82676,16131
3911,121259
4740,121259
19654,16131
88597,68681
87905,68681
88931,68681
92005,16131
92006,16131
28496,226411
55756,16131
56265,16131
83090,16131
84263,16131
95128,16131
85343,16131
86822,16131
84970,16131
85253,16131
31766,16131
31614,16131
16809,16131
17729,16131
30484,16131
87333,68681
81504,16131
85323,16131
1039,16131
36844,68693
36532,16131
86665,16131
922,16131
57240,16131
58136,68705
55335,16131
94236,16131
63969,857022
65446,646726
62818,16131
62537,16131
63637,16131
28043,16131
3368,16131
88183,68681
101243,16131
42807,16131
42805,16131
56487,16131
14708,16131
15465,16131
91429,16131
91430,16131
84911,16131
55719,16131
28377,16131
8522,121239
7364,121239
84653,16131
72992,16131
74306,16131
87675,68681
57377,16131
58041,16131
83973,16131
53921,16131
69781,16131
57221,16131
82007,16131
95721,16131
69797,16131
93584,16131
69323,16131
27601,16131
28649,16131
120668,16131
69620,16131
91027,16131
91028,16131
79382,16131
30122,16131
1210,16131
95872,16131
70261,16131
1182,16131
88331,68681
1208,16131
69565,16131
19138,16131
15852,16131
69719,16131
55693,16131
19207,16131
26916,68673
3371,16131
3478,16131
15835,16131
65470,1014702
65522,1224971
83765,16131
84441,16131
68830,16131
69151,16131
34902,16131
68711,16131
56145,16131
3687,16131
83625,16131
84517,16131
56888,16131
90515,16131
90516,16131
31399,16131
68712,16131
60109,16131
65457,646726
69549,16131
83509,16131
84365,16131
30758,16131
69683,16131
69751,16131
64801,173818
69735,16131
70161,16131
94348,16131
69155,16131
65602,541817
65443,489079
65567,489079
55503,16131
61655,16131
61429,16131
113091,16131
120184,278996
69348,16131
54323,16131
54818,16131
29207,16131
29200,16131
84231,16131
56197,16131
56374,16131
70129,16131
75049,16131
1181,16131
1178,16131
120203,16131
66623,541817
15583,16131
18395,16131
78356,16131
79707,16131
83846,16131
83845,16131
69554,16131
65591,331435
69572,16131
69907,16131
66646,173786
69821,16131
81711,16131
82241,16131
90974,16131
91784,16131
71904,16131
74440,16131
72459,16131
73728,16131
83622,16131
83621,16131
29526,16131
50976,173853
42806,16131
33662,16131
81872,16131
82849,16131
84091,16131
79457,16131
80993,16131
2765,16131
2766,16131
14707,16131
3730,68704
74185,16131
74650,16131
26629,16131
27303,16131
83442,16131
83441,16131
34668,16131
36042,16131
64827,173818
42970,16131
46024,16131
24906,16131
24812,16131
56285,16131
83967,16131
81491,16131
128006,16131
128594,16131
56273,16131
56744,16131
6280,121239
2674,16131
91874,16131
79183,16131
81285,16131
58145,16131
2758,16131
41212,16131
41211,16131
668,16131
58244,16131
59099,16131
5961,121259
29527,16131
29800,16131
82490,16131
83117,16131
74545,16131
75922,16131
120669,278996
23012,16131
23406,16131
83227,16131
83721,16131
55448,16131
55542,16131
120702,16131
81319,16131
82497,16131
28671,16131
88539,16131
69786,16131
59189,16131
59913,16131
88522,16131
120704,16131
82712,16131
121258,16131
127997,16131
55524,16131
79015,16131
80132,16131
83521,16131
88531,16131
88532,16131
56256,16131
81151,16131
82265,16131
74461,16131
75684,16131
55786,16131
128563,16131
128765,16131
129256,16131
54746,121261
6228,121239
73864,16131
102534,16131
56164,16131
78668,16131
79955,16131
130885,16131
59679,16131
60194,16131
56179,16131
56643,16131
77064,16131
78450,16131
25592,16131
82045,16131
128407,16131
124073,16131
129141,68704
21710,16131
36294,16131
77116,16131
25032,16131
130886,16131
101878,16131
74202,16131
74610,16131
18382,16131
130888,68704
38750,16131
1041,16131
24236,16131
62231,16131
62043,16131
31401,16131
1043,16131
60617,16131
15274,16131
61269,16131
77933,16131
79098,16131
81505,16131
88540,16131
71948,16131
72602,16131
74611,16131
74798,16131
88521,16131
37625,16131
38717,16131
41249,16131
69706,16131
105066,16131
105065,16131
63269,16131
63857,121279
69556,16131
19181,16131
19304,16131
74799,16131
75004,16131
18572,16131
19139,16131
69728,16131
56641,16131
57094,16131
19182,16131
18604,16131
69464,16131
81074,16131
77934,16131
79362,16131
72088,16131
72692,16131
76838,16131
75009,16131
75524,16131
56044,16131
2803,16131
2781,16131
58963,16131
59327,16131
33377,16131
33132,16131
32879,16131
56051,16131
56559,16131
37184,121267
32355,16131
58773,16131
59045,16131
99948,16131
123812,16131
81813,16131
60048,68703
59843,68703
38651,16131
42052,16131
42051,16131
66624,121265
72182,16131
72804,16131
79694,16131
80887,16131
34511,16131
35207,16131
66742,121271
31100,16131
35817,16131
58469,16131
58838,16131
34067,16131
78318,16131
59955,16131
60262,16131
41770,16131
42248,16131
66645,16131
56771,16131
58253,16131
62369,16131
62797,16131
89201,16131
69832,16131
2673,16131
70914,16131
58530,16131
75285,16131
63527,16131
63885,16131
32159,16131
91434,16131
63557,16131
70961,16131
72306,16131
72910,16131
82153,16131
58346,16131
60065,16131
60306,16131
28703,16131
28689,16131
78648,16131
80492,16131
104578,16131
105380,16131
26832,68673
44419,16131
46130,16131
74472,16131
74746,16131
60131,16131
60372,16131
686,16131
72410,16131
73101,16131
17766,16131
31897,16131
32308,16131
60598,16131
60757,16131
91348,16131
60213,16131
60462,16131
81474,16131
31898,16131
55713,16131
56435,16131
17795,16131
20171,16131
20011,16131
75258,16131
90107,16131
90108,16131
19961,16131
19871,16131
60265,16131
60518,16131
61155,16131
61799,16131
91082,16131
91387,16131
2178,16131
72558,16131
73179,16131
93408,16131
60315,16131
58666,16131
58665,16131
75000,16131
75549,16131
29123,16131
59825,16131
35901,16131
35075,16131
88914,16131
93319,16131
77172,16131
79248,16131
33802,16131
60393,16131
60692,16131
75551,16131
75797,16131
2969,16131
66727,16131
66737,16131
27811,16131
27522,16131
80806,16131
60477,16131
12553,16131
12332,16131
27039,16131
60551,16131
60835,16131
73037,16131
80989,16131
97630,16131
75015,16131
76565,16131
77065,16131
77113,16131
79140,16131
62649,16131
6227,121239
26752,68673
96426,16131
89158,16131
81832,16131
14464,16131
102492,16131
104602,16131
69730,16131
66789,16131
67024,226415
74037,16131
59520,16131
1177,16131
1176,16131
36933,16131
60589,16131
60933,16131
79083,16131
89772,16131
89771,16131
59161,16131
77301,16131
79782,16131
58944,16131
72907,16131
73345,16131
60639,16131
60987,16131
66507,16131
67633,173849
19673,16131
79953,16131
81153,16131
58590,16131
59708,16131
31420,16131
60723,68705
61051,16131
77078,16131
78993,16131
2435,16131
74405,16131
20409,16131
23155,16131
89152,16131
72650,16131
73239,16131
34857,16131
723,16131
721,16131
26389,68673
76861,16131
79046,16131
62189,16131
86302,16131
85076,16131
85529,16131
86808,16131
70019,16131
60773,16131
56120,16131
56571,16131
74548,16131
60097,16131
100797,16131
35765,16131
59800,16131
69836,16131
71075,16131
23573,16131
77779,16131
27590,16131
13506,16131
13248,16131
56681,16131
80109,16131
81164,16131
84610,16131
19303,16131
19569,16131
60889,16131
61597,16131
20155,16131
71363,16131
72183,16131
59864,16131
101841,16131
73633,16131
74181,16131
83432,16131
82592,16131
28054,16131
27906,16131
56612,16131
27213,16131
77157,16131
28837,16131
72980,16131
34472,16131
79576,16131
60287,16131
56668,16131
65932,16131
58410,16131
1206,16131
1314,16131
58329,16131
906,16131
73459,16131
59984,16131
64275,173818
55318,16131
64299,68697
32918,16131
33191,16131
74092,16131
26787,16131
76624,16131
77607,16131
84068,16131
85464,16131
35563,16131
83753,16131
82918,16131
19221,16131
73106,16131
73595,16131
86176,16131
87678,16131
67710,226411
60134,16131
63123,16131
56314,16131
73002,16131
18504,16131
62507,16131
73904,16131
74315,16131
32969,16131
70865,16131
70341,16131
71125,16131
69800,16131
12088,16131
11804,16131
27258,16131
85971,16131
60499,16131
88860,16131
59379,16131
73771,16131
81465,16131
18402,16131
18471,16131
60238,16131
43032,16131
76078,16131
76710,16131
29201,16131
73507,16131
59171,16131
56526,16131
56935,16131
31936,16131
32374,16131
60581,16131
74283,16131
58786,16131
58983,16131
76790,16131
73307,16131
73637,16131
72848,16131
60332,16131
87908,16131
88699,16131
58795,16131
33061,16131
103857,16131
83244,16131
84352,16131
55348,16131
76173,16131
80623,16131
58613,16131
74005,16131
59193,16131
62011,16131
69801,121277
80668,16131
80576,16131
16562,16131
16561,16131
86590,16131
18157,16131
75144,16131
81861,16131
40244,16131
69386,68701
60432,16131
25724,68673
59015,16131
74796,16131
72790,16131
73088,16131
63307,16131
58494,16131
27405,16131
76427,16131
77899,16131
74547,16131
32762,16131
73421,16131
73731,16131
58429,16131
56698,16131
57853,16131
70157,16131
70494,16131
88779,16131
63081,16131
73196,16131
69838,384140
69936,16131
88158,16131
58819,16131
104243,16131
76243,16131
35250,16131
60753,16131
61391,16131
26425,16131
28409,16131
28363,16131
69439,489282
18104,16131
59421,16131
71433,16131
75074,16131
40219,16131
83556,16131
84962,16131
60516,16131
88218,16131
741,16131
739,16131
75246,16131
72789,16131
58647,16131
67734,68701
151827,0
151828,0
76465,16131
38006,16131
39029,16131
73563,16131
73789,16131
74384,16131
36528,16131
31419,16131
70612,16131
72641,16131
72971,16131
73490,16131
6229,121239
59199,16131
68205,121273
5824,0
5823,0
28787,16131
82651,16131
31746,16131
75326,16131
60602,16131
73611,16131
7602,121239
733,16131
747,16131
13249,16131
678,16131
58827,16131
59217,16131
59717,16131
73363,16131
70572,16131
71545,16131
70374,16131
72555,16131
72828,16131
85342,16131
86992,16131
86981,16131
89416,16131
750,16131
757,16131
72465,16131
72325,16131
27099,16131
121,16131
62919,16131
55802,16131
56204,16131
74579,16131
85844,16131
62361,16131
59039,16131
59239,16131
33410,16131
711,16131
58851,16131
75182,16131
72721,16131
80257,16131
82733,16131
84844,16131
59068,16131
74386,16131
58693,16131
79934,16131
73629,16131
55895,16131
28361,16131
58875,16131
31798,16131
72616,16131
61707,16131
71319,16131
71665,16131
31745,16131
75262,16131
16658,16131
16885,16131
59881,16131
79735,16131
78883,16131
79550,16131
80427,16131
70656,16131
78441,16131
79148,16131
71480,16131
26719,16131
26700,16131
32266,16131
751,16131
72453,16131
59247,16131
31816,16131
31938,16131
28982,16131
56089,16131
56416,16131
699,16131
690,16131
82297,16131
81865,16131
82933,16131
78861,16131
59084,16131
60035,16131
713,16131
85786,16131
709,16131
63177,16131
58893,16131
1350,16131
1349,16131
74737,16131
59499,16131
56269,16131
84171,16131
37090,16131
38632,16131
27648,16131
3648,16131
3707,68704
58703,16131
755,16131
60157,16131
70830,16131
79964,16131
80364,16131
74521,16131
81669,16131
82516,16131
59263,16131
59106,16131
101547,16131
31956,16131
20209,16131
58913,16131
16706,16131
17583,16131
28723,16131
85910,16131
88465,16131
25363,68673
26140,68673
26203,68673
71731,16131
60257,16131
79701,16131
744,16131
44420,16131
46628,16131
62137,16131
62779,16131
58731,16131
14115,16131
17906,16131
61204,16131
59295,16131
5698,0
5694,0
72477,16131
32628,68700
31913,16131
32010,68705
81670,16131
82080,16131
59158,16131
72219,16131
72769,16131
34040,16131
78347,16131
85450,16131
58582,16131
54890,68693
93500,16131
80019,16131
58947,16131
58503,16131
26336,68673
54916,68693
26806,16131
38752,16131
40147,16131
93397,16131
17601,16131
5572,0
5538,0
5634,0
70646,16131
71789,16131
91294,16131
78989,16131
74523,16131
58775,16131
83584,16131
31773,16131
31847,16131
3717,16131
91360,16131
97435,16131
78889,16131
79199,16131
57176,16131
78203,16131
56428,16131
6428,16131
5826,0
5816,0
59847,16131
60449,16131
101403,16131
103725,16131
59325,16131
78913,16131
79339,16131
59601,16131
71606,16131
71962,16131
79073,16131
79533,16131
3653,16131
3723,16131
29414,16131
29551,16131
1811,16131
1502,16131
78697,16131
70577,16131
3284,16131
6047,0
59331,16131
59969,16131
78147,16131
58973,16131
23483,16131
706,16131
718,16131
79231,16131
70932,16131
71662,16131
71140,16131
31824,16131
72577,16131
72977,16131
72220,16131
72243,16131
3288,16131
59165,16131
59383,16131
58977,16131
85110,16131
61470,16131
87924,16131
87923,16131
59210,16131
78571,16131
716,16131
736,16131
32540,121273
32620,68700
17591,16131
17645,16131
58821,16131
78023,16131
83202,16131
101205,16131
103551,16131
70734,16131
2187,16131
2465,16131
85194,16131
6319,16131
59029,16131
63041,16131
56111,16131
17607,16131
39900,16131
2448,16131
3267,16131
71032,16131
71716,16131
55884,16131
79112,16131
32140,16131
32404,68701
17192,16131
72587,16131
79615,16131
77841,16131
78160,16131
72386,16131
79729,16131
13085,16131
13086,16131
34832,16131
36438,16131
8505,16131
10511,16131
78961,16131
71088,16131
71802,16131
27139,16131
28232,16131
26636,16131
78871,16131
38350,16131
38982,16131
62599,16131
26297,68673
73107,16131
32494,121274
13070,16131
13238,16131
731,16131
78447,16131
32467,68701
84533,16131
56212,16131
72712,16131
72884,16131
32644,121276
77707,16131
32664,16131
78658,16131
78980,16131
84551,16131
17568,16131
58717,16131
60207,16131
61009,16131
13069,16131
100798,16131
103379,16131
16724,16131
77579,16131
78131,16131
71172,16131
71882,16131
61844,16131
78282,16131
78191,16131
26385,16131
16736,16131
13876,16131
13954,16131
30728,16131
30727,16131
31034,16131
59609,16131
16677,16131
13512,16131
72714,16131
32625,16131
32786,16131
13773,16131
13588,16131
78551,16131
58909,16131
32489,16131
58654,16131
29244,16131
3425,16131
62823,16131
38349,16131
38757,16131
16477,16131
71258,16131
79376,16131
78371,16131
62847,68697
77121,16131
78125,16131
78721,16131
79144,16131
59285,16131
726,16131
83970,16131
25019,68673
25555,68673
72222,16131
87926,16131
103276,16131
104823,16131
31033,16131
33998,16131
32561,68705
32771,16131
26161,68673
26225,68673
79124,16131
32497,16131
46552,16131
47870,16131
84046,16131
13798,16131
33277,16131
33985,16131
78977,16131
77875,16131
71338,16131
26280,16131
682,16131
683,16131
17198,16131
104565,16131
105373,16131
48018,16131
78197,16131
39362,16131
79253,16131
102184,16131
13799,16131
692,16131
693,16131
56430,16131
56536,68704
13071,16131
11803,16131
86716,16131
78835,16131
61301,16131
32428,16131
105087,16131
105583,16131
78611,16131
12917,16131
82604,16131
91053,16131
93298,16131
68149,68701
68802,16131
31365,16131
2179,16131
22699,16131
79155,16131
29767,16131
26209,68673
26281,16131
77649,16131
26386,16131
26289,16131
56802,68704
1619,384070
1253,226363
1625,384070
1635,489214
2135,16131
2213,16131
71817,16131
71379,16131
79053,16131
67703,121271
1787,226414
67725,16131
68771,16131
79069,16131
76805,16131
77455,16131
28529,16131
28825,16131
2662,16131
78113,16131
78543,16131
1218,16131
121075,16131
707,16131
26786,16131
27663,16131
2031,16131
2663,16131
3300,16131
62402,16131
77093,16131
60745,16131
67625,16131
67626,16131
2864,121178
78509,16131
71445,16131
120874,16131
152160,16131
59073,16131
78939,16131
49196,16131
29264,16131
96284,16131
78361,16131
67159,16131
42614,16131
20755,68655
103999,16131
36562,436722
58804,16131
86842,16131
91549,16131
41213,16131
59875,16131
66165,16131
66108,16131
78845,16131
78497,16131
104477,16131
36467,16131
61605,16131
36559,68704
32180,16131
78149,16131
38767,16131
39790,16131
28393,16131
26126,68687
42,16131
728,16131
78397,16131
33144,16131
33921,16131
59399,16131
698,16131
764,16131
76653,16131
62630,16131
32318,16131
78817,16131
62644,16131
64117,68697
79094,16131
61115,16131
77287,16131
90629,16131
92063,16131
28194,16131
2667,16131
15821,16131
28453,16131
36142,16131
77079,16131
77591,16131
29306,16131
6364,0
6363,0
17351,16131
17290,16131
77343,16131
77715,16131
20560,68655
21871,16131
92850,16131
95264,16131
77555,16131
78077,16131
34726,16131
74968,16131
31427,16131
34715,16131
77839,16131
28064,16131
12730,0
12729,0
92805,16131
26004,16131
26115,16131
29000,16131
39105,16131
58843,16131
1193,226363
1249,226363
78673,16131
35900,16131
60539,16131
94978,16131
33038,16131
61401,16131
62225,68705
93107,16131
31288,16131
31591,16131
33538,16131
34629,16131
67176,16131
59625,16131
38514,68690
52448,173835
54797,121261
54921,68691
6211,0
6203,0
7236,68678
7599,121244
41216,16131
27705,16131
12732,0
13379,0
16448,16131
29384,16131
32812,16131
7206,68678
1056,16131
29022,16131
16523,16131
6942,68678
7124,68678
21855,16131
35887,16131
54871,121263
59244,68691
11528,16131
12381,16131
63958,68697
64583,68697
5537,0
5645,0
8118,16131
60831,16131
59213,16131
62477,16131
52544,121261
53298,121261
54803,278969
103864,16131
21355,16131
23687,16131
59237,68691
32331,16131
6226,0
7080,68678
62521,16131
63930,16131
90630,16131
58932,16131
102473,16131
93900,16131
93110,16131
93737,16131
701,16131
806,16131
104271,16131
70958,16131
70510,16131
71272,16131
11343,16131
94144,16131
32231,16131
20506,68655
20378,68655
34208,16131
35369,16131
25672,121261
26070,16131
103759,16131
32129,16131
20377,68655
61965,16131
20507,68655
93740,16131
120560,16131
120559,16131
7946,68703
807,16131
32281,16131
26268,68705
26466,16131
22055,16131
21799,16131
70276,16131
70574,16131
23695,16131
60245,68705
43054,16131
46472,16131
49028,16131
20345,68655
930,16131
103139,16131
6694,68678
61219,16131
25004,68673
24651,68705
70370,16131
71038,16131
8030,16131
32207,16131
939,16131
20174,68655
20152,68655
20143,68655
64224,68697
64721,68697
19709,68655
19710,68655
20133,68655
69894,16131
12231,16131
104274,16131
29771,16131
29876,16131
19737,68655
23656,16131
24577,16131
19642,68655
20105,68655
62241,68703
25571,16131
20395,68655
32477,16131
62279,68705
63745,16131
69991,16131
70658,16131
69028,16131
69027,16131
26051,16131
147178,16131
151807,0
151808,0
78804,121279
29740,16131
29792,16131
24493,16131
1063,16131
1155,16131
26263,16131
29810,16131
1161,121243
69592,16131
20447,68655
29735,16131
29819,16131
71328,16131
33406,16131
34998,16131
30434,16131
25677,16131
78932,16131
26008,16131
78588,16131
60565,68705
36018,16131
36165,68675
8009,68690
78781,16131
85056,16131
35991,16131
26241,16131
26367,16131
27441,16131
69694,16131
70317,16131
27454,16131
28487,16131
20165,68655
29407,16131
29421,16131
75068,16131
85027,16131
70824,16131
71572,16131
29793,16131
30437,16131
70720,16131
22177,16131
21997,16131
29751,16131
66487,16131
67150,16131
19696,68655
29787,16131
28514,16131
69260,16131
8052,16131
59305,16131
59996,16131
5539,0
8082,16131
59060,16131
26116,16131
8047,16131
9682,16131
65956,16131
67127,16131
58961,16131
33226,16131
33309,16131
69388,16131
69942,16131
36033,16131
61647,16131
43777,16131
8017,16131
8077,16131
31776,16131
36101,384134
36304,68675
1153,16131
1163,121243
20244,68655
70463,16131
71014,16131
25913,16131
19641,68655
6641,16131
8871,68701
119568,16131
36305,68675
37728,68675
22825,16131
22826,16131
35728,68703
38207,68675
60923,16131
22815,16131
23038,16131
13777,16131
13778,16131
14077,16131
69098,16131
69656,16131
22999,16131
23247,16131
31125,16131
70580,16131
71276,16131
24212,16131
24183,16131
48560,16131
50076,68703
31126,16131
70160,16131
31650,16131
41146,16131
14200,16131
1252,226363
1323,226363
29779,16131
61983,68700
70034,16131
71658,16131
16762,16131
62039,121268
13926,16131
14293,16131
29802,16131
70098,16131
70202,16131
70928,16131
69322,16131
31649,16131
70151,16131
70010,16131
99746,16131
29429,16131
13970,16131
6423,16131
6516,16131
37179,68675
6499,16131
6393,16131
71292,16131
21663,16131
69772,16131
23645,16131
23881,16131
25679,16131
25595,16131
25663,16131
25751,16131
25885,16131
28540,16131
25705,16131
25807,16131
71424,16131
25785,16131
13562,16131
25867,16131
23884,16131
71820,16131
68888,226424
22816,16131
6455,16131
23001,16131
68264,16131
68812,68702
22223,16131
24423,16131
1391,16131
1340,16131
30361,16131
30255,16131
69882,16131
70516,16131
27474,16131
60382,16131
33523,16131
59443,16131
59813,16131
69454,16131
71078,16131
63781,16131
22045,16131
22423,16131
99745,16131
59222,16131
50949,68703
59139,16131
30630,16131
30577,16131
13754,16131
14064,16131
34384,16131
69564,16131
70172,16131
61383,16131
13578,16131
13858,16131
14408,16131
14407,16131
29824,16131
13673,16131
31706,16131
13392,16131
67153,16131
74967,121279
69108,16131
23783,16131
70652,16131
67166,16131
70992,16131
71992,16131
29449,16131
6222,16131
34219,16131
14499,16131
14500,16131
15822,16131
20219,68655
72813,16131
68742,68703
99764,16131
22822,16131
22794,16131
28546,16131
69816,16131
6253,16131
25391,16131
25604,16131
26003,16131
25665,16131
25710,16131
25889,16131
34045,16131
33723,16131
60716,16131
67862,16131
67830,16131
68089,16131
33615,16131
70330,16131
22494,16131
22417,16131
22644,16131
68731,16131
37930,68675
38345,16131
69075,68705
27480,16131
60217,16131
85166,16131
85127,16131
61613,68699
21647,16131
59557,16131
43772,16131
46191,16131
20220,68655
22545,16131
22712,16131
82026,16131
68504,16131
61651,121271
62385,121266
82203,16131
86691,16131
19580,68655
22655,16131
19579,68655
71332,16131
72092,16131
12555,16131
63311,16131
21613,16131
22264,16131
36810,68675
38044,68675
33852,16131
63333,16131
69922,16131
35622,16131
34996,16131
34995,16131
15906,16131
21213,16131
38270,68705
38662,16131
31809,16131
47794,16131
48532,16131
22311,16131
29844,16131
94093,16131
70192,16131
71194,16131
88302,16131
93827,16131
25392,16131
25577,16131
29469,16131
68078,16131
68299,16131
91501,16131
88259,16131
91758,16131
22059,16131
67261,16131
86801,16131
67236,16131
24690,16131
24684,16131
28572,16131
69208,16131
25615,16131
31713,16131
33665,16131
71474,16131
72230,16131
34748,16131
35505,16131
32120,16131
60545,16131
61246,16131
22193,16131
118469,16131
118470,16131
67804,16131
61693,121266
63033,121270
22584,16131
22742,16131
71232,16131
59904,16131
27498,16131
71176,16131
23799,16131
33360,16131
19131,16131
19035,16131
68570,16131
68955,16131
14134,16131
24648,16131
25022,16131
71297,16131
22677,16131
22901,16131
25012,16131
93032,16131
89762,16131
91177,16131
24390,16131
31603,16131
13781,16131
68062,16131
38216,16131
13826,16131
35774,489265
38611,16131
70519,16131
37503,121245
67239,16131
65915,16131
33436,16131
67060,16131
59627,16131
22196,16131
22331,16131
46744,16131
47790,16131
25909,16131
13391,16131
24940,16131
24786,16131
24918,16131
69161,16131
24992,16131
35675,173853
70414,16131
35771,68675
26029,16131
59404,16131
26148,16131
31945,16131
32914,16131
25406,16131
22402,16131
22549,16131
68363,16131
68806,16131
59311,16131
71676,16131
72346,16131
29868,16131
50306,16131
1390,16131
14618,16131
29485,16131
118070,16131
25921,16131
87543,16131
70678,16131
67802,16131
16220,16131
22506,16131
33442,16131
19036,16131
35478,16131
39916,16131
41740,16131
27862,16131
28608,16131
69660,16131
22881,16131
68056,16131
6305,384133
9631,16131
25924,16131
25937,16131
70403,16131
68116,16131
68631,16131
70500,16131
68936,16131
69583,16131
60318,16131
61073,16131
13916,16131
24636,16131
27961,16131
24780,16131
61285,68701
21107,16131
21587,16131
24910,16131
52182,226411
52181,226411
52399,226411
49906,16131
26854,16131
27518,16131
26856,16131
61313,173839
71920,16131
72456,16131
89761,16131
12912,16131
71323,16131
16024,16131
19468,16131
59774,16131
24283,16131
52546,226409
12954,16131
11606,16131
52396,16131
26224,16131
69235,16131
67784,16131
67983,16131
68038,16131
26189,16131
25973,16131
66109,16131
19353,16131
19354,16131
44568,16131
25456,16131
25545,16131
52507,16131
89656,16131
72814,68697
77642,16131
68123,16131
34745,16131
70960,16131
72487,121265
67993,16131
72058,16131
13242,16131
71557,16131
43762,16131
49902,16131
50806,68705
41872,16131
42009,16131
22883,16131
148493,0
148494,0
29878,16131
68418,16131
12982,16131
25593,16131
26041,16131
89062,16131
90470,16131
70665,173803
29499,16131
68926,16131
42664,16131
43708,16131
62553,121270
52223,16131
53343,16131
25486,16131
33316,16131
22330,16131
13146,16131
19809,16131
19680,16131
19792,16131
19953,16131
68694,16131
21409,16131
21410,16131
21841,16131
70340,226417
21590,16131
71198,16131
67209,16131
67238,16131
48488,16131
69395,16131
70137,16131
71368,16131
60171,16131
32362,16131
38880,16131
60824,16131
12983,16131
13032,16131
31564,16131
123765,16131
38837,16131
67600,16131
6651,384133
68775,16131
19594,16131
67124,16131
67040,16131
124009,16131
124403,16131
13678,16131
13520,16131
24609,16131
24557,16131
24752,16131
137758,16131
138109,16131
49654,16131
69876,16131
24702,16131
25052,16131
116141,16131
118166,16131
13702,16131
19791,16131
19782,16131
19750,16131
118447,16131
124197,16131
31902,16131
125954,16131
15991,16131
16072,16131
19784,16131
86239,16131
88616,16131
69116,16131
24966,16131
21852,16131
29934,16131
71199,16131
37282,68675
37103,121245
13066,16131
62819,16131
30572,16131
31178,16131
24320,16131
34228,16131
67046,16131
29427,16131
29539,16131
22391,16131
67744,16131
29203,16131
29438,16131
24661,16131
25102,16131
62859,121279
63827,16131
49158,16131
15682,16131
34905,16131
22528,16131
29163,16131
29205,16131
28861,16131
31174,16131
23332,16131
24125,16131
68924,16131
69674,16131
23145,16131
23130,16131
28823,16131
28697,16131
28844,16131
50302,16131
49296,16131
31540,16131
22870,16131
28710,16131
28648,16131
59616,16131
26044,16131
70642,226417
12867,16131
13126,16131
24093,16131
23081,16131
23224,16131
29337,16131
29359,16131
88392,16131
29347,16131
12868,16131
59954,16131
60659,16131
68854,16131
59462,68703
59584,68703
29030,16131
24249,16131
42665,16131
43444,16131
61120,16131
23163,16131
27167,16131
27578,16131
24489,16131
28761,16131
68930,16131
28772,16131
23263,16131
49157,16131
61166,16131
28742,16131
69094,16131
27236,16131
21987,16131
22869,16131
23602,16131
23601,16131
90048,16131
39517,16131
34170,16131
51876,16131
69190,16131
23576,16131
23957,16131
41845,16131
41825,16131
26922,16131
19786,16131
39404,16131
9667,16131
70285,16131
51922,16131
53127,16131
59489,121237
23467,16131
23468,16131
35689,226427
43956,16131
45260,16131
68980,16131
9344,16131
26278,16131
23469,16131
23915,16131
54008,16131
9426,16131
11561,16131
47089,16131
48300,16131
29038,16131
87424,16131
88190,16131
89076,16131
23551,16131
48742,16131
23941,16131
39518,16131
87388,16131
30570,16131
69974,16131
70472,121275
22198,16131
59273,173823
39403,16131
89692,16131
70252,16131
70405,16131
24138,16131
31233,16131
87158,16131
88138,16131
70506,226340
70610,173803
23815,16131
22148,16131
22306,16131
69194,16131
151820,16131
151819,16131
60526,16131
70118,16131
53973,16131
63367,16131
65286,16131
695,16131
688,16131
1258,16131
1222,16131
59291,68689
70451,68634
1259,16131
1236,16131
35844,173817
19399,16131
19977,16131
58222,68689
59395,121214
29046,16131
43667,16131
31889,16131
32190,16131
60680,121237
43935,16131
20157,16131
20214,16131
70281,68634
70543,68634
111828,16131
23294,16131
28800,16131
59001,121214
69066,16131
62215,16131
31161,16131
20225,16131
20949,16131
48626,16131
88007,16131
13283,16131
69792,16131
23082,16131
23108,16131
31537,16131
60967,16131
72850,68634
69317,68634
87008,16131
87948,16131
71277,68634
48233,16131
30560,16131
48672,16131
60854,173853
62056,16131
23314,16131
88889,16131
26237,16131
26249,16131
31152,16131
26334,16131
26458,16131
69150,16131
25416,16131
25316,16131
50570,16131
69296,16131
29228,16131
48649,16131
23110,16131
22147,16131
22308,16131
22480,16131
22889,16131
91300,16131
89483,16131
90021,16131
87826,16131
86944,16131
16379,68702
18475,16131
24440,16131
23194,16131
23790,16131
69234,16131
22395,16131
69380,16131
43659,16131
86854,16131
87776,16131
23128,16131
23180,16131
25201,16131
25263,16131
69432,16131
21837,16131
23872,16131
22984,16131
48413,16131
88941,16131
48507,16131
49098,16131
88581,16131
89249,16131
29234,16131
51020,16131
23078,16131
24030,16131
32063,16131
31534,16131
32201,16131
24217,16131
51376,68705
67664,16131
68074,16131
88917,16131
24399,16131
21838,16131
21833,16131
48459,16131
28746,16131
51587,16131
52910,16131
28654,16131
87778,16131
89083,16131
89665,16131
86462,16131
87480,16131
29555,16131
60806,68701
24840,16131
25127,16131
89183,16131
29052,16131
87846,16131
39714,16131
29059,16131
48454,16131
16350,16131
21013,16131
21289,16131
30559,16131
28674,16131
15336,16131
15335,16131
15552,16131
21128,16131
21367,16131
89625,16131
33846,16131
33822,16131
41801,16131
21342,16131
87535,16131
21932,16131
31208,16131
24335,16131
68921,68634
69967,68634
26413,16131
87911,16131
43601,16131
55616,16131
5859,16131
26344,16131
20226,16131
20258,16131
5718,16131
25281,16131
24923,16131
87582,16131
88059,16131
87297,16131
53709,16131
25164,16131
45473,16131
25287,16131
25894,16131
72189,68634
87738,16131
55579,16131
21328,16131
21796,16131
687,16131
20421,16131
15964,16131
22396,16131
22591,16131
21759,16131
31137,16131
47015,16131
22959,16131
22845,16131
152388,0
152387,0
35619,16131
22594,16131
67039,16131
31584,16131
90584,16131
22840,16131
20621,16131
20417,16131
21893,16131
88186,16131
30811,16131
50594,16131
51096,16131
48442,16131
49742,16131
89780,16131
22012,0
21960,0
21288,16131
21555,16131
20893,16131
21017,16131
31154,16131
39409,68683
35787,436713
39834,16131
49733,16131
88620,16131
21442,16131
111833,16131
114741,16131
21606,16131
85625,16131
50585,16131
88728,16131
60415,16131
61720,16131
8944,16131
21781,16131
8990,16131
88896,16131
51065,16131
51208,16131
85876,16131
87186,16131
68721,68634
69470,68634
20232,16131
25500,16131
25499,16131
39984,16131
41798,16131
62676,16131
52389,279001
52235,16131
43592,16131
24031,16131
35705,226419
60367,68667
60368,68667
13260,16131
16034,16131
16351,16131
39689,16131
88666,16131
41792,16131
75192,226338
74120,226338
50413,16131
50213,16131
20290,16131
58817,121214
59136,121214
16380,68702
16097,16131
51188,16131
51325,16131
22839,16131
13617,16131
35799,68683
67058,16131
67067,16131
43318,16131
48428,16131
49179,16131
51418,68705
21959,0
22042,0
22044,0
22160,0
49176,16131
23440,16131
43399,16131
58883,121214
59491,121214
67047,16131
85378,16131
43575,16131
22268,0
21261,16131
68645,68634
69680,68634
62496,68705
49724,16131
50198,16131
50576,16131
66128,16131
50908,16131
948,16131
941,16131
45357,16131
31283,16131
38554,68683
21554,16131
40031,16131
67874,68700
68654,68634
46994,16131
71091,68634
25939,16131
41772,16131
29990,16131
48406,16131
24381,16131
24957,16131
21222,16131
51136,16131
22899,16131
22900,16131
22938,16131
89072,16131
21694,16131
24484,16131
49173,16131
20655,16131
24109,16131
21014,16131
25166,16131
52731,16131
43118,16131
23365,16131
49717,16131
20666,16131
29105,16131
51123,16131
53498,16131
50191,16131
88749,16131
28692,16131
55281,16131
51413,16131
50571,16131
58414,121214
21034,16131
25178,16131
51054,16131
24977,16131
20572,16131
20574,16131
27981,16131
21126,16131
21322,16131
43509,16131
27670,16131
20216,16131
21220,16131
21420,16131
51197,16131
48392,16131
51335,16131
51592,16131
27362,16131
46666,16131
45955,16131
46549,16131
73744,226338
21326,16131
49704,16131
72819,68634
50373,16131
70434,68634
13544,16131
50568,16131
51168,16131
51287,16131
26414,16131
62464,16131
23242,16131
26311,16131
40476,16131
41402,16131
25508,16131
37202,68683
36587,68683
36855,68683
38012,68683
89398,16131
25462,16131
26000,16131
20503,16131
41758,16131
21540,16131
25272,16131
25920,16131
25089,16131
85372,16131
86202,16131
67870,68700
42674,16131
73006,226338
86262,16131
88414,16131
89047,16131
67820,16131
64135,16131
15226,16131
26196,16131
26230,16131
65652,16131
65951,16131
25978,16131
77184,16131
81874,16131
86104,16131
13636,16131
89713,16131
87166,16131
52734,16131
53119,16131
51076,16131
35851,68692
46631,16131
46605,16131
21192,16131
48380,16131
65672,226419
45913,16131
45877,16131
15859,16131
39563,16131
40891,16131
2019,226230
3802,68679
20504,16131
87014,16131
88092,16131
59704,121214
50725,16131
85810,16131
74822,16131
51650,16131
85131,16131
25662,16131
25326,16131
21496,16131
15828,16131
12343,0
12344,0
12999,0
15857,173851
67858,68702
38122,68683
87928,16131
21426,16131
21532,16131
67876,173797
8148,16131
8971,16131
9990,16131
60044,68667
60072,16131
61058,16131
38570,16131
40637,16131
52998,16131
55059,16131
67835,68701
86730,16131
55678,16131
12824,0
13403,0
8261,16131
9945,16131
67871,121228
68180,121228
55643,16131
57196,16131
72947,68634
13655,48
13569,48
13596,48
13634,48
71177,68634
68163,121228
67354,173839
89523,16131
51251,16131
52284,16131
72857,68634
87837,16131
20603,16131
55301,16131
56767,16131
41159,16131
37535,68683
13571,48
84960,16131
28651,16131
13546,48
22907,16131
19666,16131
19650,16131
71463,68634
25748,16131
25954,16131
41821,16131
26244,16131
43460,16131
21116,16131
28079,16131
87927,16131
85694,16131
27902,16131
87901,16131
49105,16131
49106,16131
49279,16131
49698,16131
22946,16131
20604,16131
13473,48
13556,48
87902,16131
62178,16131
45924,16131
87273,16131
46519,16131
105256,16131
62164,16131
62978,16131
46589,16131
13709,48
13982,48
23026,16131
22702,16131
50610,16131
51778,16131
57717,16131
15834,16131
19630,16131
20090,16131
25308,16131
25532,16131
105258,16131
111659,16131
20638,16131
21602,16131
70156,68634
22532,16131
22622,16131
22388,16131
22444,16131
22216,16131
22284,16131
25528,16131
48356,16131
22000,16131
22092,16131
21518,16131
25732,16131
25933,16131
63040,121275
59476,121214
21940,16131
26207,16131
1076,16131
69716,68634
969,16131
967,16131
989,16131
19298,16131
15952,16131
808,16131
1067,16131
69594,68634
21096,16131
21095,16131
13474,48
70007,68634
18653,16131
35936,16131
37487,68692
20084,16131
13671,48
13728,48
29109,16131
20640,16131
20612,16131
38151,68683
13765,48
58332,121232
19589,16131
20063,16131
13737,48
21088,16131
93701,16131
105458,16131
58436,121235
68416,68634
20599,16131
58214,16131
61150,16131
16058,16131
16142,16131
21072,16131
58395,121235
59258,121214
25090,16131
57484,16131
58317,68703
49694,16131
25301,16131
14479,90
14000,90
23415,16131
23376,16131
25526,16131
49930,16131
49896,16131
50698,16131
47436,16131
47376,16131
25521,16131
25719,16131
112630,16131
113064,16131
28510,16131
29191,16131
15889,16131
15929,16131
20033,16131
20583,16131
21636,16131
19085,16131
21900,16131
48351,16131
89332,16131
16029,16131
89750,16131
54924,16131
56615,16131
49853,16131
48346,16131
26321,16131
21066,16131
87564,16131
14591,90
14336,90
22214,16131
88481,226383
89859,16131
59269,16131
15981,16131
16149,16131
88650,16131
18330,68703
63067,121275
21608,16131
21726,16131
19486,16131
19849,16131
58233,16131
21051,16131
62960,16131
57835,16131
58402,16131
20549,16131
21639,16131
22512,16131
22750,16131
68574,121228
15724,16131
16899,16131
62961,16131
21866,16131
19741,16131
19983,16131
29344,16131
29910,16131
57435,16131
15763,16131
19946,16131
25302,16131
3023,16131
3024,16131
62981,16131
13620,90
63095,121267
64571,121267
64751,278989
21572,16131
65281,16131
13619,90
20205,16131
28594,16131
12823,0
13153,0
62995,16131
21050,16131
62193,16131
62589,16131
91958,16131
21763,16131
22032,16131
36440,16131
36428,16131
20160,16131
20275,16131
49856,16131
23297,16131
46567,16131
62010,16131
62142,16131
59824,68667
21023,16131
20234,16131
14416,90
23810,16131
21903,16131
22186,16131
26432,16131
26437,16131
26285,16131
29536,16131
22074,16131
22360,16131
57701,16131
58322,16131
59042,16131
59811,16131
20511,16131
22252,16131
37874,68683
22954,16131
58488,16131
1425,226230
1426,226230
1423,226230
1521,226230
67304,121269
67484,173839
22394,16131
48334,16131
21535,16131
62147,16131
46202,121235
46201,121235
62123,16131
46088,121235
46265,16131
46162,16131
3092,16131
3090,16131
61442,16131
1468,226230
1655,226230
14674,90
55975,16131
55624,16131
67274,16131
67326,121269
46355,0
46317,0
61487,68705
46128,0
46069,0
40628,16131
1452,226230
1430,226230
1454,226230
81875,16131
25152,16131
25142,16131
21149,16131
1424,226230
59976,68667
52892,16131
53294,16131
54892,16131
81688,16131
20212,16131
27860,16131
21103,16131
57546,68705
58173,16131
1449,226230
1466,226230
18516,173851
19932,16131
17467,16131
18295,16131
56174,16131
67192,16131
67294,16131
54394,16131
50601,16131
50925,16131
25054,16131
25409,16131
15718,16131
74016,16131
80824,16131
20480,16131
59930,68684
21463,16131
61435,16131
62005,16131
41568,16131
61265,16131
61444,16131
65211,121267
151707,0
151708,0
36416,16131
36651,16131
21716,16131
59898,68684
25870,16131
26233,16131
59897,68684
59917,16131
60011,68705
61273,16131
3591,16131
3592,16131
19084,16131
54389,16131
52426,121275
67162,16131
67218,16131
58811,16131
59340,16131
47354,16131
19020,16131
19364,16131
48313,16131
57531,16131
59935,16131
22025,16131
20462,16131
21077,16131
66828,16131
67208,16131
57036,16131
57515,16131
19703,16131
58044,16131
968,16131
5753,16131
6505,16131
976,16131
985,16131
57024,16131
59981,16131
52636,16131
52742,68705
54758,16131
61363,16131
61898,16131
1701,226230
1861,226230
50329,16131
1071,16131
37936,16131
54725,16131
51432,16131
54956,16131
34337,384037
34320,384037
25755,16131
26256,16131
37443,16131
21438,16131
35857,384037
3804,16131
4203,16131
61291,16131
21069,16131
54366,16131
36405,16131
54839,16131
54951,16131
21560,16131
21867,16131
69428,68634
67264,16131
15723,16131
23144,16131
41144,16131
41660,16131
59836,16131
1700,226230
1651,226230
59965,16131
21730,16131
30775,0
30776,0
3594,16131
3665,16131
20425,16131
21055,16131
43196,16131
43724,121235
26438,16131
26740,16131
37861,68704
1504,226230
1503,226230
21946,16131
22171,16131
67254,16131
10054,16131
27444,16131
10025,16131
59752,68705
60719,16131
52446,68701
52522,68701
19676,16131
38561,16131
58606,16131
59066,16131
22036,16131
22317,16131
18069,16131
19509,16131
36827,16131
37533,68704
45767,0
45751,0
64088,16131
62100,16131
22243,16131
22831,16131
23133,16131
3666,16131
61189,16131
62060,16131
1509,331378
46531,0
46522,0
43703,121235
44485,121235
41541,16131
61097,16131
48181,226427
48511,16131
54784,16131
48067,16131
57528,16131
58338,16131
88482,173809
24796,16131
47353,16131
21260,16131
38115,16131
1528,226230
34319,384037
1547,226230
48084,16131
21039,16131
49616,226410
22787,16131
22985,16131
49964,68705
1628,226230
1627,226230
43319,16131
22807,16131
19458,16131
52360,16131
45752,0
34303,384037
45754,0
60644,16131
25518,16131
46047,0
52725,226419
46283,0
46524,0
46716,0
1548,226230
20400,16131
20561,16131
55076,16131
55072,16131
3812,68703
4117,16131
41650,16131
43613,16131
20678,16131
20735,16131
48390,16131
19638,121279
44305,121235
8183,16131
8278,16131
10662,16131
10631,16131
57834,16131
43505,16131
44002,121235
49685,121262
20750,16131
42478,16131
44523,16131
49885,226410
22158,16131
22367,16131
50522,16131
47561,16131
37056,16131
52201,16131
52357,16131
22298,16131
22507,16131
48144,16131
22454,16131
22661,16131
66348,16131
66370,121279
64660,16131
65657,16131
23623,16131
23624,16131
20966,16131
1060,16131
55046,16131
55180,16131
23626,16131
23766,16131
50941,16131
51216,16131
58424,16131
47762,16131
48977,16131
22664,16131
3473,68695
3463,68695
4119,16131
40739,16131
42156,16131
24146,16131
22790,16131
4384,68701
20718,16131
20813,16131
38957,16131
56844,16131
49165,121262
50348,16131
60643,16131
54365,16131
46048,0
46049,0
54348,16131
52421,68701
29482,16131
29576,16131
46284,0
46516,0
24134,16131
24348,16131
20390,16131
79762,68705
86754,68667
4332,68701
4558,68701
59304,16131
24566,16131
68623,121198
69224,16131
28660,16131
29517,16131
29559,16131
21924,16131
20348,16131
20802,16131
20914,16131
19394,16131
20339,16131
34245,384037
35573,384037
21436,16131
61002,16131
61999,16131
104074,16131
104073,16131
6416,16131
6761,16131
29850,16131
3146,16131
24044,16131
15706,16131
15749,16131
2113,173671
2114,173671
3180,16131
3179,16131
59712,16131
2029,173671
2026,173671
29466,16131
35679,384037
4916,16131
62580,16131
39093,16131
72704,16131
76640,16131
52397,68701
52489,121275
36297,16131
65674,16131
65924,541853
52629,278993
52948,16131
87565,173849
3026,16131
39373,16131
26182,16131
26275,16131
105936,16131
22434,16131
2807,16131
2808,16131
24008,16131
23750,16131
21806,16131
65370,16131
51212,16131
87246,226385
65423,68703
65913,16131
7387,16131
44170,121235
105486,16131
35779,16131
36511,16131
17916,16131
17999,16131
3028,16131
3048,16131
104116,16131
87399,121237
8166,16131
17420,16131
17419,16131
15750,68705
15755,16131
20864,16131
3464,68695
47569,16131
3466,68695
3602,16131
3816,68703
51689,68690
17527,16131
17468,16131
22436,16131
15612,16131
15707,16131
50629,16131
56356,16131
57182,16131
2849,16131
2850,16131
66127,331565
6786,16131
61758,16131
44548,121235
4933,16131
1955,173671
1956,173671
5663,16131
5788,16131
66338,16131
56819,0
56820,0
151655,0
26764,16131
5641,16131
5912,16131
2631,16131
2632,16131
47571,16131
66337,16131
17758,16131
19189,16131
57021,0
26755,16131
57235,16131
57346,16131
22808,16131
20857,16131
5845,16131
6240,16131
54900,16131
57355,16131
57022,0
85960,68667
36217,121271
15526,16131
8229,16131
15571,16131
8272,16131
3497,68695
3468,68695
2960,16131
3051,16131
3122,16131
108111,16131
107533,16131
108011,16131
3975,16131
3976,16131
107210,16131
3206,16131
23714,16131
105580,16131
20469,16131
22425,16131
59933,16131
59852,16131
20337,16131
20194,16131
76642,16131
57061,0
53548,16131
53550,16131
55136,16131
27422,16131
60055,16131
59962,16131
58216,16131
54253,16131
24266,16131
60151,16131
60068,16131
6143,16131
54702,16131
42154,16131
42252,16131
1875,173671
1876,173671
57399,16131
57678,16131
3162,16131
66361,16131
62560,16131
63750,16131
60241,16131
60180,16131
24376,16131
3604,16131
3738,16131
23706,16131
3740,16131
42398,16131
42494,16131
15147,16131
13275,16131
56982,16131
56788,16131
12520,16131
12127,16131
24392,16131
4288,16131
60309,16131
60254,16131
20222,16131
2682,16131
2693,16131
58194,16131
65760,16131
66262,16131
2633,16131
6297,16131
66214,331565
60401,16131
60338,16131
19531,16131
67522,16131
67521,16131
57704,16131
20041,16131
19647,16131
19966,16131
58782,16131
55040,16131
24160,16131
24143,16131
60490,16131
60418,16131
53176,16131
15731,16131
5626,16131
42522,16131
42108,16131
3202,16131
23675,16131
39707,16131
11558,16131
111865,16131
25222,16131
152353,16131
2992,16131
6789,16131
44868,121235
21898,16131
58748,16131
59050,16131
28440,16131
29410,16131
3347,16131
3348,16131
3350,16131
3396,16131
44553,16131
3422,16131
55004,16131
3442,16131
3608,16131
58198,16131
58384,16131
10100,16131
11787,16131
42497,16131
152354,16131
20093,16131
57289,16131
59019,16131
107650,16131
108836,16131
58302,16131
58466,16131
57738,16131
6792,16131
6757,16131
25303,16131
58228,16131
45750,121235
58398,16131
58546,16131
26384,16131
58480,16131
58638,16131
59576,16131
46083,16131
26181,16131
27078,16131
46149,16131
47112,16131
85824,68667
55300,16131
58560,16131
44619,16131
41939,16131
42167,16131
4254,16131
4621,16131
1877,173671
57411,16131
49188,226402
48906,16131
55577,16131
1880,173671
58658,16131
47229,16131
47932,16131
1960,173671
3095,16131
3096,16131
59549,16131
2028,173671
3204,16131
2118,173671
2204,173671
4128,16131
50273,121270
33974,541795
33973,541795
23073,16131
23066,16131
23065,16131
23417,16131
59606,16131
58880,16131
59101,16131
67694,16131
67547,16131
59646,16131
26794,16131
27420,16131
59010,16131
59225,16131
49762,331525
50642,68700
5171,16131
42443,16131
3132,16131
24946,16131
24225,16131
24189,16131
25276,16131
59118,16131
59299,16131
25433,16131
59792,16131
42387,16131
45769,16131
2695,16131
81058,16131
26114,16131
59232,16131
59391,16131
23833,16131
23775,16131
23795,16131
47260,16131
57455,16131
59856,16131
18835,16131
20313,16131
25389,16131
25561,16131
59322,16131
43202,16131
26644,16131
26171,16131
45965,16131
56229,16131
56115,16131
55824,16131
41560,16131
59946,16131
58276,16131
23387,16131
43135,16131
46063,16131
59412,16131
46075,16131
46953,16131
49050,68705
23727,16131
56116,16131
25857,16131
26046,16131
60062,16131
44506,68703
43446,68703
47979,16131
12845,16131
13278,16131
27421,16131
9756,16131
9390,16131
60160,16131
3609,16131
62633,16131
26625,16131
26641,16131
26662,16131
45968,16131
4048,16131
4380,16131
5220,16131
5049,16131
57159,16131
57357,16131
26689,16131
60250,16131
29441,16131
56443,16131
8543,121279
8544,16131
60312,16131
60958,16131
105582,68705
106274,16131
6758,16131
2406,173671
2407,173671
48078,16131
3612,16131
9240,16131
9257,16131
12676,16131
13518,16131
33623,16131
33437,16131
33643,16131
20096,16131
20142,16131
25741,16131
33139,16131
33457,16131
40089,16131
46039,16131
45945,16131
9315,16131
10260,16131
6295,16131
60878,16131
46177,16131
46102,16131
41868,16131
3260,16131
18836,16131
2120,173671
33053,16131
33148,16131
80104,16131
82764,16131
57507,16131
32713,16131
33066,16131
48440,16131
45989,16131
3712,16131
3768,16131
3711,16131
3713,16131
2474,173671
2483,173671
32581,16131
32735,16131
5775,16131
3525,16131
3526,16131
106115,16131
3312,16131
15410,16131
15602,16131
4055,16131
4490,16131
8584,16131
23054,16131
9419,16131
55002,16131
55098,16131
56239,16131
27490,16131
58326,16131
63602,16131
33162,16131
33237,16131
27363,16131
32947,16131
33116,16131
58342,16131
58390,16131
27526,16131
15728,16131
15810,16131
10466,16131
10488,16131
58484,16131
55274,16131
54976,16131
55692,16131
27818,16131
58558,16131
58778,16131
1160,16131
1146,16131
55728,16131
56162,16131
105816,16131
107042,16131
34004,16131
58656,16131
33669,16131
8566,16131
27596,16131
58740,16131
4395,68693
4883,16131
56325,16131
57555,16131
33475,16131
78163,16131
77243,16131
78165,16131
78639,16131
58858,16131
33263,16131
58972,16131
79245,16131
57467,16131
81570,16131
84532,68681
59088,16131
57088,16131
15719,16131
32958,16131
26505,16131
27204,16131
59198,16131
32765,16131
27807,16131
29098,16131
6199,16131
52539,16131
53964,16131
78379,16131
59284,16131
28027,16131
28899,16131
2862,173671
107565,16131
32582,16131
84648,68681
85267,68681
76992,16131
23053,16131
15591,16131
15695,16131
15861,16131
59458,16131
9435,16131
9690,16131
77819,16131
51016,331523
16819,16131
51372,68690
52155,16131
59526,16131
23389,16131
21542,16131
21966,16131
10754,16131
29214,16131
10072,16131
106780,16131
8614,16131
8346,16131
24151,16131
9519,16131
52827,16131
59686,16131
8307,16131
79129,16131
78953,16131
5059,16131
59772,16131
105815,16131
21768,16131
22322,16131
5062,16131
5159,16131
11844,16131
59846,16131
85230,68681
15539,16131
15579,16131
78380,16131
3265,16131
3261,16131
59896,16131
58364,16131
77869,0
77870,0
3616,16131
107355,16131
108850,16131
33556,16131
33566,16131
3528,16131
56304,16131
60020,16131
29696,16131
29872,16131
15231,16131
15535,16131
33275,16131
78381,16131
60128,16131
67540,16131
109006,16131
4808,68693
4653,68693
32966,16131
60228,16131
60476,16131
15409,16131
32636,16131
109490,16131
29705,16131
29944,16131
16421,16131
17087,16131
15522,16131
29544,16131
15555,16131
78654,16131
106655,16131
60820,16131
33576,16131
4056,16131
33697,16131
39720,16131
42985,16131
33285,16131
4886,16131
33584,16131
26137,16131
69768,16131
9089,16131
9613,16131
11182,16131
12659,16131
1264,16131
10188,16131
67591,16131
27055,16131
26773,16131
55118,16131
18615,16131
109377,16131
110788,16131
28875,16131
28951,16131
2497,173671
32976,16131
3452,16131
3451,16131
3513,16131
3514,16131
1231,16131
33487,16131
1213,16131
20634,16131
39155,16131
39234,16131
36239,226419
36332,121271
17749,16131
29211,16131
29962,16131
3491,16131
3485,16131
107235,16131
108588,16131
3398,16131
55887,16131
29543,16131
29546,16131
8740,16131
32635,16131
14893,16131
10685,16131
10856,16131
33297,16131
3693,16131
3980,16131
106470,16131
52469,16131
1141,16131
22154,16131
22458,16131
3787,16131
32641,16131
32988,16131
58191,16131
57837,16131
32602,16131
4058,16131
54954,16131
9152,16131
56777,16131
106339,16131
36394,16131
32787,16131
1088,16131
31121,16131
31417,16131
1059,16131
1057,16131
15369,16131
109165,16131
110579,16131
5606,16131
39464,16131
84908,16131
39554,16131
5741,16131
36220,16131
3484,16131
1261,16131
3518,16131
84951,121224
86893,68667
55375,16131
55327,16131
33492,16131
58670,16131
39070,16131
29943,16131
30911,16131
31259,16131
1234,16131
36385,16131
36472,16131
106975,16131
108419,16131
1215,16131
78360,16131
79824,16131
33183,16131
33321,16131
6069,16131
6001,16131
10715,16131
14603,16131
22459,16131
22602,16131
33141,16131
33208,16131
35891,121275
36277,16131
5873,16131
5817,16131
33156,16131
38862,16131
33026,16131
5627,16131
3400,16131
4830,68693
4793,68693
703,16131
32808,16131
5969,16131
5915,16131
36377,16131
57838,16131
8786,16131
23879,16131
61366,16131
18448,16131
20051,16131
112296,16131
39071,16131
23932,16131
35568,16131
36329,16131
36398,16131
3656,16131
1058,16131
20455,16131
21270,16131
51282,121250
58147,16131
58148,16131
43550,16131
22406,16131
23172,16131
39491,16131
4655,68693
50383,16131
50091,16131
50955,16131
48190,16131
48603,16131
67460,16131
69597,16131
56923,16131
10371,16131
9661,16131
58382,16131
58553,16131
80273,16131
55727,16131
56075,16131
57491,16131
108973,16131
110394,16131
86896,68667
101951,68667
63832,436716
24591,16131
54254,16131
54480,16131
86189,0
86190,0
106831,16131
108176,16131
34526,121275
35556,16131
9917,16131
39147,16131
106072,16131
33508,16131
36563,16131
48411,16131
57494,16131
57529,16131
59352,16131
53374,16131
79102,16131
78548,16131
78140,16131
58186,16131
58038,16131
56501,16131
56389,16131
80444,16131
59267,16131
6177,16131
6755,16131
47916,16131
39341,16131
39504,16131
3646,16131
3863,16131
78139,16131
57947,16131
56710,16131
4795,68693
57924,16131
43101,16131
5515,16131
81373,16131
108737,16131
110237,16131
26271,16131
26135,16131
59425,16131
43269,16131
44599,16131
9980,16131
25041,16131
25027,16131
39146,16131
39229,16131
32836,16131
44614,16131
57776,16131
20164,16131
20724,16131
57533,16131
57756,16131
70730,16131
77430,16131
34972,16131
106574,16131
108031,16131
45743,16131
45797,16131
45901,16131
45933,16131
11372,16131
5615,16131
51353,278948
23174,16131
23662,16131
48045,16131
18749,16131
50966,226414
9267,16131
9717,16131
34983,16131
35682,16131
51140,0
51121,0
51174,0
51310,0
3470,16131
38448,16131
59988,16131
59829,16131
59653,16131
8828,16131
3582,16131
3728,16131
33182,16131
33185,16131
54650,16131
3998,16131
3566,16131
14534,16131
44616,16131
43256,16131
60202,16131
41462,16131
39820,16131
18701,16131
18921,16131
29373,16131
29346,16131
29491,16131
29537,16131
57975,16131
54190,16131
60813,16131
56660,16131
56821,16131
60403,16131
105204,16131
56979,16131
51122,0
51171,0
3472,16131
8418,16131
12228,16131
64410,16131
48275,16131
9334,16131
8389,16131
19907,16131
46754,16131
46497,16131
81485,16131
19759,16131
51192,0
57037,16131
57337,16131
108565,16131
110048,16131
6944,16131
7514,16131
51133,0
50754,121267
6178,16131
6252,16131
54944,16131
5573,16131
28792,16131
29302,16131
9998,16131
10040,16131
33217,16131
11025,16131
11896,16131
107714,16131
50989,226411
29613,16131
29763,16131
57420,16131
57539,16131
5598,16131
57347,16131
57387,16131
56552,16131
56793,16131
10038,16131
55330,16131
56893,16131
56865,16131
62393,16131
62394,16131
57723,16131
57820,16131
57711,16131
57859,16131
57916,16131
58177,16131
48141,16131
48556,16131
106936,16131
57538,16131
57553,16131
48081,16131
57434,16131
51301,278948
51410,752114
61297,16131
61666,16131
59142,16131
34082,16131
35235,16131
59732,16131
80626,16131
84607,16131
29938,16131
57487,16131
57550,16131
109855,16131
24594,16131
8950,16131
106283,16131
52096,68705
52604,16131
31110,16131
30830,16131
31416,16131
13308,16131
56689,16131
34050,16131
50968,699518
51091,699518
9399,16131
9839,16131
5781,16131
29,16131
30,16131
56662,16131
20369,16131
20848,16131
29304,16131
62380,16131
62488,16131
21492,16131
23370,16131
20282,16131
31588,16131
31567,16131
32086,16131
57503,16131
10142,16131
29418,16131
57557,16131
32077,16131
54943,16131
55205,16131
115136,16131
116316,16131
117896,16131
9595,16131
108378,16131
3678,16131
36765,16131
37380,16131
9205,16131
57617,16131
21520,16131
21519,16131
21655,16131
38146,16131
37602,16131
31432,16131
32068,16131
33235,16131
30829,16131
33246,16131
34031,16131
29890,16131
6232,16131
109578,16131
30380,16131
30363,16131
9206,16131
25123,16131
11103,16131
36190,16131
36515,16131
25096,16131
25199,16131
22618,16131
22590,16131
22874,16131
25383,16131
69854,16131
76105,16131
56390,16131
29354,16131
23682,16131
23930,16131
62379,16131
25896,16131
35782,16131
25958,16131
62389,16131
25842,16131
107681,16131
109002,16131
26093,16131
25983,16131
33885,16131
34153,16131
62568,16131
33282,16131
57275,16131
33289,16131
55174,16131
56309,16131
59129,16131
20049,16131
50336,436667
50049,436667
39182,16131
40912,16131
8935,16131
20698,16131
21140,16131
21722,16131
33399,16131
33346,16131
108699,16131
22521,16131
37517,16131
35941,16131
57930,16131
76229,16131
43097,16131
34519,16131
30846,16131
48942,16131
22058,16131
22018,16131
21552,16131
57659,16131
105203,16131
65691,226427
65643,68705
50402,226383
5782,16131
5982,16131
56758,16131
56849,16131
56850,16131
84703,16131
110274,16131
22096,16131
5989,16131
67588,16131
62661,173853
63089,16131
67082,121263
67042,121263
12398,16131
8724,16131
118415,16131
118526,16131
8707,16131
48091,16131
37477,16131
56806,16131
56880,16131
58037,16131
58020,16131
10216,16131
10478,16131
58360,16131
39159,16131
32492,16131
32491,16131
20370,16131
20810,16131
6276,16131
21668,16131
83205,68688
86420,121224
8925,16131
9262,16131
15504,16131
22326,16131
22325,16131
112833,16131
109998,16131
21979,16131
107397,173819
152133,226414
118612,16131
22315,16131
57945,16131
57938,16131
56708,16131
84034,68705
119567,16131
30289,16131
30401,16131
30398,16131
3553,16131
108549,16131
117426,16131
106667,16131
61007,16131
60948,16131
56017,0
55845,0
57879,16131
24952,16131
110486,16131
65407,16131
65534,68703
9893,16131
30290,16131
6322,16131
57693,16131
5521,16131
56011,16131
56409,16131
30350,16131
11241,16131
19761,16131
20279,16131
38303,16131
38304,16131
30595,16131
37654,16131
37653,16131
59089,16131
5529,16131
48054,16131
106453,16131
106025,16131
20227,16131
57907,16131
57928,16131
15547,16131
65324,16131
65372,16131
10330,16131
10567,16131
56776,16131
56830,16131
108281,16131
109859,16131
9552,16131
9618,16131
21317,16131
21724,16131
22955,16131
20351,16131
20946,16131
10811,16131
65356,16131
65376,16131
37788,16131
37803,16131
10457,16131
56411,16131
56947,16131
30318,16131
38158,16131
65271,16131
22520,16131
57278,16131
57479,16131
65410,16131
65498,121275
61322,16131
60790,16131
50050,436667
10302,16131
50267,436667
57695,16131
32551,16131
32621,16131
34299,16131
35749,16131
33364,16131
61182,16131
65508,121275
60153,16131
60154,16131
57719,16131
119808,68701
38260,16131
15423,16131
85060,121224
87696,121224
15340,16131
57925,16131
57465,16131
107490,16131
21876,16131
58899,16131
59091,16131
37007,16131
20988,16131
10191,16131
59132,16131
59201,16131
55712,0
55711,0
131305,121273
6349,16131
80628,16131
57743,16131
23064,0
23063,0
107345,16131
17389,16131
107833,16131
108712,16131
131306,121273
3503,68705
109632,16131
60398,16131
63833,646998
20877,16131
108198,16131
109284,16131
9619,16131
56019,0
61726,16131
57811,16131
58723,16131
58685,16131
10879,16131
57277,16131
9812,16131
9811,16131
65252,16131
65294,16131
86195,121224
101437,121224
108788,16131
21118,16131
54162,16131
54228,16131
52324,489094
53090,16131
34085,16131
35605,16131
21484,16131
61020,16131
36375,16131
57300,16131
37994,16131
29479,16131
10689,16131
58219,0
58220,0
20878,16131
58241,0
59731,16131
10579,16131
60945,16131
54648,16131
50181,16131
25984,16131
26183,16131
50432,489094
33404,16131
10332,16131
18299,16131
30092,16131
30360,16131
59971,16131
59972,16131
36830,16131
30259,16131
30444,16131
20539,16131
21002,16131
49238,16131
58344,0
9192,16131
9191,16131
67078,121255
30868,16131
13383,16131
67378,16131
68906,16131
20441,16131
21642,16131
22234,68704
50429,489094
50512,489094
61452,16131
3691,16131
10462,16131
52292,68560
50241,16131
56949,16131
57281,16131
54494,16131
54753,16131
30858,16131
50385,68560
20976,16131
63848,384135
9195,16131
83004,16131
60852,68699
60829,68699
8926,16131
10047,16131
10343,16131
9354,16131
9211,16131
6326,16131
6542,16131
2167,278787
2168,278787
2190,331349
2205,226229
50226,16131
50289,16131
34435,16131
31293,16131
57954,16131
58128,16131
54046,16131
6269,16131
7466,16131
9909,16131
10075,16131
51640,68560
67087,121255
58578,16131
58577,16131
58282,16131
55574,16131
56281,16131
52758,16131
52535,16131
52766,16131
52936,16131
52536,16131
52610,16131
57897,16131
20843,16131
9928,16131
60645,68700
60633,68700
58507,16131
66988,16131
49782,16131
38337,16131
40049,16131
58284,16131
9731,16131
9843,16131
9213,16131
9215,16131
52744,16131
52760,16131
58355,16131
66987,121273
66736,16131
58928,16131
9639,16131
9754,16131
67089,121255
67119,121255
22707,16131
24642,16131
6161,16131
5964,16131
6118,16131
22052,16131
53037,16131
29167,16131
9439,16131
9727,16131
52770,16131
64273,16131
64266,16131
9450,16131
52607,16131
57302,16131
9218,16131
33474,16131
34206,16131
58433,16131
58407,16131
37215,16131
57204,16131
57203,16131
37720,16131
10583,16131
5506,16131
20709,16131
5511,16131
10166,16131
10409,16131
53698,16131
54139,16131
65589,68705
30091,16131
52761,16131
64871,16131
64569,16131
52771,16131
10169,16131
76331,16131
76334,16131
57899,16131
20497,16131
76166,16131
56283,16131
56317,16131
9940,16131
58086,16131
64570,16131
64576,16131
22598,226426
2581,121153
2583,121153
3063,68641
31303,16131
3160,68641
3253,16131
58353,16131
54987,16131
68718,16131
71326,16131
9088,121271
67121,121255
67257,121255
60406,16131
52745,16131
52756,16131
34619,16131
8275,16131
9045,16131
10195,16131
47983,16131
21458,16131
21027,16131
21862,16131
81450,16131
63700,16131
58525,16131
14781,16131
14783,16131
23717,16131
25076,16131
73840,16131
61317,68699
9452,16131
9462,16131
27801,16131
27482,16131
55436,173839
9954,16131
49240,16131
49506,16131
15304,16131
57143,16131
34707,16131
53410,16131
66213,278989
5939,16131
60164,16131
53302,16131
53604,16131
63917,16131
63862,16131
11303,16131
66294,16131
59705,16131
59990,16131
51938,68560
51896,68560
51616,68560
27200,16131
27353,16131
65461,16131
66028,16131
64756,16131
64786,16131
65140,16131
52309,16131
109452,16131
35339,16131
64498,16131
8206,16131
3552,16131
10284,16131
58958,16131
64508,16131
33479,16131
11467,16131
12034,16131
9932,16131
6097,16131
20977,16131
59169,16131
59563,16131
9404,16131
9466,16131
64284,16131
54268,331575
9931,16131
52452,331575
52712,16131
41312,16131
41434,16131
53301,16131
59093,16131
59478,16131
58378,16131
27483,16131
6235,16131
24995,16131
25426,16131
37273,16131
37328,16131
37660,16131
30884,16131
31828,16131
31827,16131
31682,16131
31681,16131
54792,646885
55341,16131
9401,16131
34210,16131
9590,16131
5344,16131
36524,16131
64874,16131
65188,16131
34054,16131
35096,16131
9148,16131
64980,16131
63874,16131
5352,16131
37498,16131
37596,16131
27177,16131
32719,16131
64889,16131
5901,16131
36495,16131
10307,16131
24309,16131
24198,16131
9147,16131
9157,16131
63630,16131
32472,16131
59133,16131
53641,16131
33772,16131
33654,16131
53290,16131
24996,16131
59021,16131
59149,16131
20589,16131
65028,16131
32505,16131
55612,173839
33677,16131
59037,16131
9975,16131
13521,16131
22303,16131
65015,16131
40547,16131
58831,16131
64512,16131
58527,16131
58814,16131
71394,16131
25948,16131
41596,16131
32069,16131
9327,16131
9767,16131
33522,16131
33952,16131
31855,16131
64824,16131
31490,16131
31701,16131
64288,16131
58565,16131
31509,16131
31311,16131
57919,16131
24708,16131
25995,16131
29798,16131
29762,16131
37218,16131
37700,16131
9345,16131
58165,16131
33743,16131
63894,16131
64332,16131
20356,16131
20979,16131
6197,16131
9167,16131
7515,68705
21225,16131
55798,226413
10282,16131
10435,16131
57977,16131
26129,16131
6539,16131
62894,16131
63642,16131
34058,16131
34424,16131
53578,16131
10295,16131
64333,16131
12504,16131
14608,16131
64102,16131
82004,16131
27047,16131
24586,16131
24362,16131
25830,16131
21389,16131
82135,121270
83581,121224
9560,16131
9571,16131
37679,16131
37890,16131
9383,16131
30894,16131
31148,16131
64107,16131
58092,16131
57767,331569
10007,16131
9201,16131
85670,121224
12320,16131
29625,16131
29747,16131
24197,16131
57525,331569
9799,16131
6059,16131
35403,16131
38328,16131
9581,16131
62909,16131
63674,16131
54458,16131
54561,16131
37096,16131
37251,16131
37583,16131
41589,16131
41766,16131
61878,16131
39056,16131
27539,16131
10208,16131
10207,16131
58691,16131
40551,68705
21789,16131
55015,436555
55016,436555
6007,16131
9382,16131
26105,16131
26363,16131
26309,16131
26531,16131
32075,16131
26520,16131
37483,16131
54876,751901
9203,16131
49379,121249
49846,436716
27809,16131
10471,16131
11717,68703
37648,16131
73954,16131
24067,16131
54123,16131
73330,16131
77646,16131
62917,16131
7659,16131
25352,16131
10114,16131
10019,16131
25814,16131
10297,16131
25916,16131
40771,16131
54914,751901
54967,751901
9819,16131
42980,16131
20148,16131
20484,16131
41357,16131
31333,16131
33858,16131
33862,16131
33976,16131
30093,16131
30095,16131
54926,436555
55698,68699
54542,16131
54587,16131
9381,16131
8205,16131
31005,16131
58117,16131
49866,383991
24118,16131
33755,16131
55054,436555
6772,16131
24068,16131
55047,751901
34898,16131
10219,16131
31027,16131
45734,16131
45628,16131
45694,16131
45742,16131
54608,16131
54632,16131
54812,16131
32750,16131
33529,16131
30517,16131
32284,16131
32521,16131
46556,16131
53834,16131
53833,16131
30546,16131
54518,16131
10035,16131
62869,16131
62833,16131
22763,16131
22407,16131
22915,16131
54364,16131
54534,16131
27221,16131
27222,16131
53835,16131
53895,16131
54088,16131
30378,16131
58626,16131
151670,16131
58695,16131
57968,16131
57741,16131
54946,16131
58585,16131
58599,16131
58623,16131
58652,16131
58725,16131
58737,16131
58763,16131
30201,16131
44410,16131
45564,16131
54970,436555
55074,436555
32328,16131
58625,16131
37940,16131
47927,436320
48907,68675
64361,16131
22917,16131
23123,16131
58120,16131
54848,16131
54566,16131
54729,16131
9630,16131
54420,16131
10227,16131
58235,16131
32123,16131
36149,16131
9821,16131
33978,16131
33994,16131
54737,16131
47894,68675
23014,16131
34289,16131
32747,16131
54998,751901
55048,751901
54460,16131
49499,331412
24428,16131
56061,16131
49755,121128
50202,68560
64900,16131
27187,16131
28172,16131
10243,16131
23895,16131
54826,16131
33833,16131
40761,16131
40907,16131
54759,16131
10067,16131
50464,68560
54082,16131
54101,16131
33783,16131
64232,16131
64207,16131
32571,16131
54108,16131
54217,16131
58709,0
58710,0
54081,16131
58634,0
58633,0
58720,0
33879,16131
33880,16131
58076,0
57998,0
58081,0
54788,16131
54740,16131
51590,68560
33590,16131
58641,0
81520,16131
20485,16131
20598,16131
67091,16131
67431,278991
21583,16131
57997,0
54706,16131
54690,16131
9810,16131
9809,16131
9509,16131
55005,331489
27161,16131
27855,16131
52436,121132
41817,16131
78622,16131
54482,16131
152382,16131
58734,0
58733,0
63556,16131
63682,16131
21955,16131
63429,16131
63430,16131
58663,0
58664,0
53292,16131
53764,16131
54263,16131
58743,0
26512,16131
4356,16131
3994,16131
4358,16131
4680,16131
20989,16131
68409,16131
68410,16131
29310,16131
39302,16131
58105,0
58106,0
58676,0
53621,68705
54333,16131
60002,279001
61929,16131
62491,16131
62457,16131
63587,16131
58006,0
58116,0
58005,0
20772,16131
21311,16131
27149,16131
54096,16131
71017,68702
87304,16131
23015,16131
10081,16131
33817,16131
58008,0
12248,68705
54543,16131
54490,16131
54496,16131
54520,16131
23013,16131
54475,16131
54435,16131
54640,16131
47926,331412
54436,16131
28678,16131
28470,16131
29025,16131
50204,68560
27127,16131
27689,16131
54340,16131
68665,16131
63909,16131
63907,16131
64847,16131
36,16131
20838,16131
23948,16131
23926,16131
77830,16131
37076,16131
35074,16131
58123,0
58124,0
55083,173805
55236,16131
10251,16131
54643,16131
55086,173805
55494,16131
55776,16131
61504,16131
61951,16131
58024,0
58134,0
58023,0
36188,16131
37045,16131
9823,16131
13770,16131
58682,16131
58681,16131
64984,16131
54404,16131
54500,16131
23632,16131
63344,16131
58026,0
58683,16131
61953,16131
62375,16131
8324,16131
10612,16131
10316,16131
21773,16131
54554,16131
54675,16131
54431,16131
10232,16131
34867,16131
54934,16131
10255,16131
27107,16131
27567,16131
38246,16131
63046,16131
63435,16131
28489,16131
26498,16131
25366,16131
64894,16131
62665,16131
62611,16131
29750,16131
9726,16131
58153,0
58154,0
54854,16131
10322,173846
10168,173847
10098,173847
53356,16131
35159,16131
58053,0
58054,0
27021,16131
58158,0
20108,16131
20630,16131
58644,16131
31339,16131
28494,16131
28655,16131
58643,16131
31755,16131
58056,0
58646,16131
58163,0
4492,16131
4262,16131
63437,16131
63690,16131
31041,16131
64993,16131
65059,16131
63871,16131
63884,16131
31357,16131
66694,16131
68666,16131
54384,16131
21643,16131
22245,16131
58707,16131
58708,16131
47006,436320
47005,436320
47649,436320
35136,16131
36061,16131
65462,121279
24196,16131
64773,16131
58169,0
58170,0
58714,16131
58064,0
58180,0
58063,0
151657,0
151658,0
25294,16131
25488,16131
25450,16131
25799,16131
58066,0
25864,16131
33600,16131
27603,16131
64344,16131
64840,16131
33823,16131
7757,16131
54863,16131
24260,16131
25278,16131
27409,16131
66520,16131
62377,16131
27345,16131
64683,16131
58207,0
58208,0
34061,16131
26491,16131
58097,0
58098,0
38656,16131
58212,0
63706,16131
35164,16131
58543,16131
58544,16131
65453,16131
65769,16131
58104,0
68611,16131
33595,16131
64759,16131
20972,16131
58550,16131
33622,16131
27067,16131
27049,16131
21411,16131
22048,16131
52418,68560
53011,121132
33739,16131
47161,436320
64309,16131
34880,16131
66076,16131
66469,68703
61372,16131
61513,16131
3060,16131
3057,16131
54301,16131
67814,16131
67813,16131
29183,16131
29323,16131
58223,0
58224,0
54743,16131
54885,16131
62963,16131
58101,0
58232,0
58102,0
25784,16131
58109,0
54887,16131
67929,16131
58600,16131
47819,436320
49682,68560
49681,68560
71102,16131
9048,16131
64310,16131
47805,436320
63564,16131
51578,68560
27229,16131
47233,436320
54657,16131
41051,16131
42853,16131
65647,16131
65825,16131
67932,16131
54731,16131
9249,16131
53402,16131
53659,278834
27822,16131
27821,16131
32541,16131
54940,16131
9142,68697
29249,16131
32650,16131
52409,68560
61178,16131
61395,16131
65971,16131
62415,16131
62416,16131
58575,16131
58576,16131
65963,16131
35166,16131
35204,16131
8440,16131
25965,16131
26101,16131
66071,16131
54659,16131
52939,0
52940,0
58588,16131
29836,16131
26486,16131
3993,16131
31290,16131
47308,436320
47257,436320
21827,16131
10080,16131
34991,16131
10828,173846
23336,16131
23952,16131
31300,16131
27201,16131
36201,16131
25,16131
26,16131
34882,16131
29675,16131
36146,16131
22429,16131
27043,16131
34884,16131
34894,16131
36145,16131
21060,16131
22542,16131
23954,16131
66045,16131
31867,16131
32163,16131
49683,68560
49925,68560
68112,16131
36163,16131
36610,16131
29399,16131
51724,68560
26095,16131
47267,436320
31571,16131
31978,16131
70586,16131
47236,436320
37698,16131
58596,16131
4452,16131
53429,226260
53869,16131
58551,16131
36167,16131
33863,16131
34066,16131
34199,16131
60742,16131
60999,16131
25116,16131
31676,16131
37047,16131
38781,16131
33868,16131
55315,16131
7915,68705
66102,16131
22126,16131
59535,16131
9190,68697
9524,68697
70628,68702
70918,68702
34223,16131
34311,16131
59477,16131
33638,16131
58236,16131
31045,16131
31408,16131
4309,16131
4544,16131
65045,16131
64705,16131
21134,16131
27853,16131
27993,16131
35503,16131
70492,16131
51627,68560
22280,16131
23018,16131
26479,16131
34561,16131
30675,16131
31144,16131
3556,16131
52473,68632
28003,16131
28211,16131
70523,68704
52403,68560
34793,16131
52873,173690
53792,278834
33712,16131
35821,16131
36077,16131
53991,16131
35109,16131
33786,16131
35540,16131
15128,16131
27027,16131
57733,16131
15153,16131
70299,16131
70633,16131
35825,16131
20018,16131
20017,16131
35822,16131
35824,16131
30447,16131
30778,16131
55150,16131
34584,16131
64452,16131
64443,16131
50998,68560
58698,68697
30525,16131
9554,68697
56451,16131
65032,0
65011,0
65114,0
64631,16131
64632,16131
47321,436320
67671,16131
152436,16131
64444,16131
65107,0
26085,16131
9298,16131
30205,16131
69442,16131
64442,16131
57734,16131
30207,16131
30301,16131
65012,0
65039,0
58140,16131
64436,16131
65108,0
65119,0
21993,16131
63627,16131
63718,16131
34239,16131
23151,16131
64687,16131
35982,16131
63579,16131
63633,16131
50898,68560
69450,16131
27930,16131
64723,16131
34669,16131
60074,16131
60708,16131
47324,436320
47555,436320
25780,16131
25929,16131
104411,16131
26063,16131
64411,16131
26701,16131
2769,16131
38946,16131
26692,16131
26869,16131
4310,16131
4508,16131
25118,16131
27299,16131
27559,16131
26871,16131
27030,16131
64690,16131
47675,436320
36235,16131
36950,16131
20104,16131
20898,16131
63580,16131
54059,16131
49232,68560
50589,68560
54851,16131
34012,16131
34315,16131
47556,436320
25328,16131
25322,16131
29609,16131
29847,16131
63609,16131
64243,16131
25714,16131
25852,16131
53841,16131
54179,16131
33962,16131
33961,16131
36079,16131
63590,16131
8055,16131
27060,16131
22107,16131
24172,16131
10079,16131
62330,16131
35925,16131
5175,16131
36022,16131
40196,16131
42008,16131
5191,16131
36083,16131
66543,278991
63535,16131
9748,16131
9705,16131
54880,16131
52483,121124
52623,173690
54067,16131
30107,16131
23950,16131
36088,16131
38978,16131
64213,16131
64383,16131
2191,331349
2322,383915
59390,16131
64385,16131
36894,16131
36893,16131
61900,16131
62900,16131
63553,16131
64665,16131
64655,16131
61731,16131
61700,16131
30090,16131
30085,16131
26056,16131
3390,16131
3233,16131
55490,16131
55526,16131
56895,16131
57084,16131
24354,16131
33999,16131
47864,331551
26660,16131
66516,121277
60556,16131
30069,16131
25772,16131
25853,16131
32227,16131
27,16131
59146,173839
59063,121084
59631,68527
57444,16131
24089,16131
54795,16131
32044,16131
61491,16131
53281,68560
57243,16131
57904,16131
25268,16131
87383,16131
88422,16131
37816,16131
53305,16131
51844,68560
31740,16131
57623,16131
58268,16131
58598,16131
36144,16131
58752,121265
58886,121265
64365,16131
64600,16131
51872,68560
20056,16131
36090,16131
66638,16131
31486,16131
88410,16131
90254,16131
36812,16131
37143,16131
66617,16131
60102,226249
34922,16131
34921,16131
61699,16131
31212,16131
25930,16131
25951,16131
67406,16131
87377,16131
152435,16131
30908,16131
59925,68527
60222,68527
34605,16131
58715,121084
59154,121084
64056,16131
64049,16131
59121,68527
88398,16131
90074,16131
54058,16131
92572,16131
90428,16131
94658,16131
6036,16131
25398,16131
61211,16131
36029,16131
36657,16131
39126,16131
39262,16131
53583,16131
54117,16131
66137,16131
35793,16131
36132,16131
30391,16131
46910,436320
46909,436320
58815,121084
59451,121084
35437,16131
35854,16131
58376,278977
60188,68527
51254,68560
87369,16131
56670,16131
35131,16131
35494,16131
36873,16131
37495,16131
65575,16131
65839,16131
38887,16131
35352,16131
88352,16131
90362,16131
34713,16131
35014,16131
53021,68560
2587,594383
34523,16131
38142,16131
65859,16131
25588,16131
34595,16131
51486,68560
51856,68560
65751,16131
90364,16131
59259,121084
90399,16131
25620,16131
25691,16131
36744,16131
39376,16131
34249,16131
2220,1014717
3128,16131
3123,16131
51499,68560
52042,68560
87363,16131
26622,16131
39017,16131
65397,16131
33982,16131
47115,436320
47113,436320
47363,436320
32733,16131
33835,16131
47361,436320
47501,436320
20415,16131
47489,436320
67541,16131
88295,16131
89600,16131
47200,436320
36822,16131
54241,16131
54537,16131
106804,121257
36734,16131
43198,16131
39215,16131
110487,16131
104366,16131
5834,16131
67485,16131
67134,16131
67403,16131
42760,16131
37108,16131
67323,16131
87359,16131
39339,16131
3391,16131
3392,16131
41112,16131
36733,16131
56971,16131
32814,16131
88238,16131
89145,16131
51278,68560
52273,68560
41448,16131
41492,16131
106646,16131
106984,121257
42488,16131
47622,226411
67145,16131
63514,16131
29178,16131
29159,16131
106645,16131
106819,121267
39543,16131
65753,16131
61160,68527
48010,226409
43009,16131
90270,16131
91560,16131
43173,16131
63544,16131
152117,16131
3124,16131
3117,16131
104399,16131
104055,16131
58422,173656
27013,16131
27929,16131
28630,16131
45540,16131
45602,16131
32297,16131
52505,68560
52564,68560
107170,173819
25162,16131
25185,16131
50928,68560
87353,16131
44430,16131
104542,16131
2771,16131
47995,173835
48152,226409
62447,16131
32108,16131
47733,68695
64219,16131
64350,16131
66767,16131
67206,279001
97746,16131
104521,278991
39515,16131
39757,16131
43834,16131
89030,16131
66017,16131
106377,384103
107025,384103
49370,16131
19854,16131
31840,16131
25270,16131
37768,16131
52506,68560
52913,68560
57250,16131
58263,226425
52751,68560
101982,16131
64768,16131
64642,16131
87346,16131
31550,16131
66310,16131
48236,0
48235,0
66219,16131
106378,646984
56376,16131
56797,16131
91968,16131
94880,16131
46976,16131
50603,68560
51858,68560
43003,16131
97925,16131
108131,226379
109906,121250
108432,121250
31276,16131
107916,68686
28365,16131
28735,16131
25504,16131
91969,16131
58874,121087
97410,16131
100440,16131
36923,16131
23423,16131
24455,16131
87366,16131
92192,16131
92161,16131
3235,16131
30607,16131
31016,16131
3118,16131
29160,16131
56529,16131
39401,16131
26892,16131
27831,16131
104056,16131
152097,16131
29086,16131
29239,16131
101003,16131
30678,16131
29186,16131
69417,16131
89611,16131
49708,68560
108132,226376
29507,16131
66571,16131
66663,16131
96261,16131
97688,16131
107915,68686
29458,16131
66710,16131
101981,16131
152073,16131
36839,16131
29591,16131
29769,16131
49953,68560
51573,68560
30070,16131
30449,16131
32908,16131
32909,16131
33029,16131
32828,16131
61153,68527
30073,16131
30054,16131
92719,16131
92162,16131
94813,16131
39190,16131
39944,16131
23734,16131
25197,16131
32882,16131
38585,16131
37981,16131
96981,16131
99215,16131
64819,0
64820,0
96953,16131
64821,0
37547,16131
37232,16131
49091,16131
49516,121275
64933,0
64934,0
64928,0
64974,0
65066,0
65065,0
65058,0
65082,0
65133,0
65134,0
65193,0
65194,0
65130,0
65160,0
65186,0
65210,0
25624,16131
25728,16131
61142,68527
56946,16131
65365,0
65366,0
26891,16131
65360,0
151817,0
37162,16131
60113,68527
60438,68527
60942,68527
61352,68527
64542,16131
96831,16131
97611,16131
56671,16131
63900,16131
60439,68527
60514,68527
26607,0
26608,0
26538,0
26537,0
3564,16131
63523,16131
63658,16131
10143,16131
63645,16131
3238,16131
61434,16131
62836,16131
63509,16131
10352,16131
37156,16131
63898,16131
60848,68527
51800,0
51799,0
37300,16131
37734,16131
52888,68560
58460,121087
54198,16131
101004,16131
96894,16131
52406,173708
53465,16131
64964,0
64927,0
64371,16131
64311,16131
64369,16131
64429,16131
65057,0
65080,0
64203,16131
64314,16131
65129,0
65158,0
65208,0
65185,0
49068,16131
49315,16131
65359,0
37227,16131
25457,16131
29352,16131
29334,16131
25583,16131
64627,16131
58260,278816
64596,16131
35,16131
66255,16131
39559,16131
40280,16131
10144,16131
64707,16131
66352,16131
26888,16131
94941,16131
10351,16131
94944,16131
37318,16131
32898,16131
33945,16131
39043,16131
25331,16131
24955,16131
26665,16131
58349,226243
58753,121087
49549,68701
49604,68701
64539,16131
65737,16131
66095,16131
57476,16131
66768,16131
66802,16131
37097,16131
63506,16131
53561,16131
53934,16131
64587,16131
49784,121120
50751,68560
66776,16131
66661,16131
66681,16131
27462,16131
63892,16131
64358,16131
64202,16131
64326,16131
5052,16131
53757,16131
64422,16131
56762,16131
5068,16131
57499,68527
63889,16131
49464,16131
64308,16131
64348,16131
64532,16131
64589,16131
49754,121120
53691,121277
32950,16131
66493,16131
66717,16131
152082,16131
20353,16131
21431,16131
40013,16131
40652,16131
14472,173853
64335,16131
66703,16131
56196,16131
66936,68705
49705,68691
54684,16131
151886,16131
58906,121097
53897,16131
56088,16131
58759,121087
66632,16131
66606,16131
66648,16131
60229,68527
64635,16131
62571,16131
63185,16131
60232,68527
60711,68527
151881,16131
24868,16131
63503,16131
63467,16131
21399,16131
21951,16131
49533,68704
59033,68527
64630,16131
63863,16131
63934,16131
58897,68527
37843,16131
31909,16131
31966,16131
38743,16131
54154,16131
56104,121277
56599,16131
36243,16131
36244,16131
99704,16131
65738,16131
40409,16131
41078,16131
37925,16131
47352,16131
49641,121264
49757,68691
56607,16131
64322,16131
66654,0
66653,0
33,16131
25718,16131
25098,16131
26033,16131
46600,16131
47000,16131
58997,68527
64867,0
64868,0
58593,68527
64880,0
64870,0
37155,16131
65714,16131
65342,0
65341,0
65336,0
151811,0
35983,16131
35984,16131
65138,0
65126,0
65125,0
21347,16131
21453,16131
64911,0
64912,0
64930,0
64908,0
65122,0
65041,0
65042,0
65038,0
65064,0
66885,16131
69038,16131
69366,16131
26553,16131
26883,16131
65178,0
65177,0
65176,0
65184,0
60531,68527
37407,16131
21938,16131
21974,16131
35713,16131
35714,16131
58677,68527
60354,68527
21406,16131
21543,16131
39843,16131
151861,0
50496,68691
25994,16131
64294,16131
108431,173814
21460,16131
21615,16131
28567,16131
62159,16131
63078,16131
47314,16131
60532,68527
21905,16131
66449,121263
30452,16131
40834,16131
41696,16131
14096,16131
21548,16131
21659,16131
108354,68686
29113,16131
45533,16131
64907,0
64926,0
29187,16131
25576,16131
26469,16131
65037,0
65121,0
65132,0
65056,0
65182,0
65175,0
29335,16131
21626,16131
21717,16131
29459,16131
46808,16131
19712,16131
39599,16131
65335,0
27427,16131
53398,16131
54104,16131
21676,16131
21775,16131
69327,16131
56219,16131
66229,16131
66505,121263
21879,16131
21850,16131
56165,16131
21736,16131
34,16131
50,68459
52391,68560
108353,68686
67854,16131
368,120791
358,120791
394,120791
64670,16131
68463,16131
21808,16131
15068,16131
60881,68527
56496,16131
28519,16131
28436,16131
63267,16131
299,120791
239,120791
292,120791
350,120791
43420,16131
21305,16131
383,120791
436,120791
53572,16131
54262,16131
62882,16131
21353,16131
21293,16131
21415,16131
63880,16131
56103,16131
63631,16131
63866,16131
21467,16131
65989,16131
66156,16131
28421,173847
28336,173847
43002,16131
66567,121263
21561,16131
66060,16131
32358,16131
33042,16131
344,120791
32211,16131
32212,16131
279,120791
21631,16131
38593,16131
32118,16131
32117,16131
5064,16131
21679,16131
66529,121263
218,120791
382,120791
65850,16131
64086,16131
64022,16131
62576,16131
62968,16131
61530,16131
21749,16131
52685,68560
26819,16131
4812,16131
5055,16131
59942,68527
8186,16131
27439,16131
58569,68527
15154,16131
15015,16131
35356,16131
37785,16131
63754,16131
63753,16131
63915,16131
4816,16131
5257,16131
40621,16131
41965,16131
27260,16131
27659,16131
66583,121263
67732,16131
67252,16131
67771,16131
23195,16131
67701,16131
63110,16131
63166,16131
67453,16131
12000,68701
11756,68701
340,120791
39,16131
32316,16131
58457,68527
32226,16131
101,120791
102,120791
62624,16131
376,120791
99825,16131
272,120791
32149,16131
66142,16131
21692,16131
63038,16131
63277,16131
62868,16131
21308,16131
27550,16131
28457,16131
27503,16131
27339,16131
21229,16131
63446,16131
43298,16131
21429,16131
62732,16131
4944,16131
6903,16131
21501,16131
266,120791
158,120791
202,120791
38408,16131
39317,16131
21579,16131
87,120791
88,120791
43131,68705
247,120791
63299,16131
21645,16131
45520,16131
64234,16131
64225,16131
35032,16131
118,120791
139,120791
21705,16131
63459,16131
106556,16131
21333,16131
63683,16131
34601,16131
317,120791
14880,16131
15069,16131
63668,16131
63913,16131
62905,16131
63062,16131
120,120791
45026,16131
39291,16131
39597,16131
39867,16131
66923,16131
425,120791
447,120791
39851,16131
40131,16131
33990,16131
40129,16131
40345,16131
40333,16131
38033,16131
33953,16131
40587,16131
26605,16131
26955,16131
15158,16131
19685,16131
21048,16131
52208,68560
47336,16131
58112,68527
59726,68527
34326,16131
63145,16131
33058,16131
34271,16131
45818,16131
52328,68560
21179,16131
61554,16131
61671,16131
27438,16131
27986,16131
25510,16131
23733,16131
24468,16131
65596,16131
65988,16131
47704,68697
15288,16131
19463,16131
19733,16131
62889,16131
62890,16131
28550,16131
19503,16131
21581,16131
38220,16131
38791,16131
42816,16131
67454,16131
97,120791
28506,16131
28582,16131
63434,68705
52,68459
54,120791
67032,121277
56,120791
62,120791
26757,16131
27169,16131
14524,16131
145,120791
242,120791
32525,16131
14577,16131
10424,16131
65387,16131
62878,16131
306,120791
364,120791
63022,16131
28522,16131
28017,16131
21686,16131
197,120791
29592,16131
28372,16131
45490,16131
27342,16131
29054,16131
66834,16131
445,120791
420,120791
11757,68701
28401,16131
29055,16131
32175,16131
32605,16131
403,120791
64551,0
64552,0
62856,16131
25253,16131
26303,16131
27893,16131
53397,16131
70,120791
64696,0
64695,0
37174,16131
36708,16131
61767,16131
62156,16131
57180,16131
57390,16131
27933,16131
8194,16131
30053,16131
66920,68703
21684,16131
21698,16131
31911,16131
38101,16131
39185,16131
65346,0
36338,16131
36709,16131
40557,16131
41645,16131
21534,16131
116,120791
54467,16131
54468,16131
65345,0
62672,16131
62843,16131
412,120791
296,120791
354,120791
31924,16131
38137,16131
38213,16131
31970,16131
32311,16131
35520,16131
36341,16131
62133,16131
62400,16131
66232,16131
62673,16131
24548,16131
64653,16131
62494,16131
60821,68527
31921,16131
64554,16131
64616,16131
27325,16131
57416,68618
57564,68527
24713,16131
66831,0
66832,0
414,120791
42401,16131
42747,16131
37129,16131
53166,16131
64247,16131
90,120791
336,120791
430,120791
31892,16131
66838,0
62802,16131
62787,16131
31834,16131
34518,16131
35521,16131
66909,16131
57,120791
56066,16131
57161,68616
28331,16131
28049,16131
28047,16131
28165,16131
66671,16131
62753,16131
28125,16131
28180,16131
28847,16131
27915,16131
27946,16131
58520,68527
27587,16131
27477,16131
187,120791
27687,16131
55554,16131
55536,16131
66140,16131
151864,16131
65364,16131
47776,121270
48134,68697
62754,16131
28186,16131
62803,16131
34517,16131
34536,16131
38413,16131
38847,16131
140,120791
50971,68560
38537,16131
39188,16131
40183,16131
61562,16131
61995,16131
37021,16131
37069,16131
45005,16131
289,120791
57361,68616
57381,68527
45825,16131
53388,16131
36969,16131
62711,16131
62712,16131
62526,16131
26124,16131
26503,16131
40185,16131
63064,16131
19933,16131
65587,16131
390,120791
433,120791
177,120791
253,120791
41959,16131
27781,16131
27966,16131
58029,68527
27555,16131
37028,16131
92,120791
112,120791
136,120791
285,120791
58034,68527
62598,16131
62578,16131
36719,16131
62682,16131
62955,16131
151859,16131
66559,16131
58,120791
71,120791
36345,16131
62134,16131
62234,16131
63594,68704
138,120791
332,120791
66837,0
62332,16131
62331,16131
2219,1014717
2264,1277725
283,120791
377,120791
63515,121278
37032,16131
63419,16131
52130,173708
63424,16131
124,120791
25097,16131
27751,16131
35525,16131
27667,16131
27841,16131
48786,121257
30074,16131
62956,16131
19478,16131
48832,121257
126,120791
52466,16131
43127,16131
258,120791
34538,16131
34554,16131
66,120791
65,120791
28148,16131
43225,16131
45415,16131
150,120791
47272,16131
60559,68527
61306,68527
62482,16131
65871,16131
25961,16131
53514,16131
53738,16131
62716,16131
27835,16131
50814,16131
40477,16131
41225,16131
50762,16131
28075,16131
152,120791
28341,16131
62668,16131
62736,16131
62515,16131
41228,16131
3196,16131
3195,16131
369,120791
19345,16131
19454,16131
62738,16131
63012,16131
47367,68704
55094,16131
54570,16131
62022,16131
19227,16131
19332,16131
19079,16131
19220,16131
66217,16131
23378,16131
19007,16131
19074,16131
52157,16131
42072,16131
18885,16131
19000,16131
18739,16131
18860,16131
55514,16131
57320,16131
52393,16131
53264,16131
18589,16131
18730,16131
26849,16131
24714,16131
24619,16131
45313,16131
18459,16131
18576,16131
53486,16131
53536,16131
18309,16131
18452,16131
17887,16131
17762,16131
17886,16131
17979,16131
18209,16131
18308,16131
62412,16131
18087,16131
18196,16131
56032,16131
60270,68527
18086,16131
17976,16131
53245,16131
38388,16131
38665,16131
53491,16131
27939,16131
6586,16131
8167,16131
21747,16131
21986,16131
58069,68527
53481,16131
33102,16131
32932,16131
38218,16131
57613,68527
37038,16131
62976,16131
33076,16131
249,120791
319,120791
51362,16131
52239,16131
57765,68527
58001,68527
23204,16131
52301,121279
52987,16131
106,120791
83,120791
28076,16131
28103,16131
68,120791
41350,16131
31833,16131
31916,16131
38693,16131
52140,16131
52261,16131
17761,16131
67665,16131
84,120791
107,120791
25963,16131
38283,16131
38827,16131
61307,16131
169,120791
172,120791
191,120791
211,120791
31875,16131
32051,16131
65836,68705
165,120791
400,120791
62392,16131
311,120791
67648,16131
32412,16131
19452,16131
31878,16131
110,120791
402,120791
409,120791
42216,16131
34616,16131
62726,16131
63218,16131
24549,68703
34611,16131
62520,16131
50120,16131
22078,16131
23989,16131
61961,16131
61962,16131
63193,16131
63296,16131
63297,16131
63411,16131
61455,16131
61341,16131
61017,68527
61343,16131
39985,16131
62758,16131
43291,16131
65084,16131
65147,16131
18537,16131
18538,16131
60971,68527
60445,68527
62626,16131
14678,16131
14854,16131
15002,16131
270,120791
327,120791
371,120791
21812,68705
62684,16131
47141,16131
28721,16131
410,120791
424,120791
18482,16131
42245,16131
43715,16131
63117,16131
63250,16131
10230,16131
63118,16131
19776,16131
14990,16131
14977,16131
14931,16131
41444,16131
62550,16131
60281,68527
60447,121101
10444,16131
10614,16131
63196,16131
9904,16131
24416,16131
19772,16131
19982,16131
205,120791
10375,16131
20304,16131
20670,16131
27562,16131
23203,16131
50761,16131
147,120791
61669,16131
61670,16131
180,120791
7022,16131
10427,16131
29115,16131
29119,16131
46661,16131
49077,16131
14844,16131
20671,16131
21382,16131
62883,16131
62863,16131
18481,121279
148,120791
14758,1488203
60292,68527
59623,68527
27291,16131
27292,16131
14835,16131
154,120791
21064,16131
10432,16131
62686,16131
21448,16131
21920,16131
29602,16131
53026,16131
18385,16131
18692,16131
34392,16131
29129,16131
21510,16131
14767,16131
14746,16131
33664,16131
34363,16131
18421,16131
61684,16131
10397,16131
65721,16131
14647,16131
40673,16131
62841,16131
61625,16131
62085,16131
61643,16131
17548,16131
17547,16131
17661,16131
14083,16131
40019,16131
43386,16131
19748,16131
24984,16131
24974,16131
17739,16131
29606,16131
23351,16131
14103,16131
17397,16131
17877,16131
57873,68527
59521,68527
61347,16131
23748,16131
23988,16131
60293,68527
60457,68527
17511,16131
17983,16131
29132,16131
29139,16131
62064,16131
62421,16131
85,120791
28829,16131
62586,16131
63404,16131
17595,16131
18099,16131
33717,16131
17753,16131
18235,16131
104508,16131
104629,16131
1341,0
1342,0
17852,16131
62090,16131
274,120791
18926,16131
18696,16131
18823,16131
19028,16131
23699,16131
23707,16131
14578,16131
18943,16131
19134,16131
19025,16131
19280,16131
28869,16131
28870,16131
19095,16131
19430,16131
61787,16131
17496,16131
17495,16131
19205,16131
19524,16131
24973,16131
19321,16131
19612,16131
19235,16131
25138,16131
19355,16131
64185,16131
64295,16131
56026,16131
86,120791
43706,16131
44277,16131
64125,16131
64227,16131
64079,16131
64191,16131
29632,16131
60802,16131
18288,16131
64043,16131
64153,16131
182,120791
54211,16131
24136,16131
24396,16131
63985,16131
64091,16131
3084,16131
63937,16131
64045,16131
63869,16131
64001,16131
26083,16131
65554,16131
63821,16131
63923,16131
65809,173820
17406,16131
17405,16131
63787,16131
63851,16131
310,120791
374,120791
34418,16131
63763,16131
63801,16131
63713,16131
63765,16131
94,120791
127,120791
14478,16131
261,120791
24596,16131
24896,16131
65577,331539
65561,173820
63695,16131
63711,16131
63661,16131
63687,16131
32470,16131
186,120791
278,120791
161,120791
131,120791
134,120791
63617,16131
63653,16131
25848,16131
64488,16131
64610,16131
63571,16131
63615,16131
18618,16131
64650,16131
64782,16131
63531,16131
63561,16131
63533,16131
64692,16131
334,120791
27335,16131
27336,16131
264,120791
63406,16131
45387,16131
47642,16131
45255,16131
63374,16131
23571,16131
24311,16131
18166,16131
33752,16131
17364,16131
17363,16131
164,120791
96,120791
45219,16131
45329,16131
64717,16131
64797,16131
34428,16131
34480,16131
33702,16131
33685,16131
24422,173847
24505,16131
18491,16131
19238,16131
151194,16131
151189,16131
53405,16131
17318,16131
17317,16131
24377,16131
34377,16131
57639,68527
24581,16131
17968,16131
18273,16131
2266,1277725
2270,646933
28882,16131
34607,16131
4482,16131
4803,16131
57857,68527
18418,16131
18685,16131
64645,16131
52217,16131
17264,16131
17263,16131
33701,16131
64648,16131
28871,16131
29100,16131
64605,16131
26082,16131
29101,16131
24343,16131
63939,16131
48681,16131
50077,16131
53065,16131
17895,16131
18369,16131
56025,16131
63767,16131
64469,16131
64601,16131
59759,68527
24545,16131
24877,16131
18522,16131
57280,68616
64027,16131
17687,16131
66049,331530
65791,331530
21771,16131
23512,16131
25847,16131
17188,16131
17187,16131
65248,16131
65518,16131
28228,16131
18586,16131
18753,16131
17989,16131
59672,68527
53957,16131
54275,16131
24296,68701
34622,16131
24351,16131
65529,226406
18057,16131
58867,68527
63395,16131
17453,16131
60410,68527
62614,16131
29319,16131
29318,16131
18171,16131
18869,16131
57797,68527
58616,68527
18121,16131
17154,16131
17153,16131
64778,16131
62951,16131
62948,16131
62265,16131
42762,16131
65517,16131
65519,16131
17539,16131
4615,16131
38016,16131
2276,646933
17764,16131
37909,16131
40187,16131
18301,16131
18963,16131
27250,16131
27413,16131
63387,16131
13824,16131
14167,16131
64779,16131
24153,16131
23956,16131
99703,16131
17094,16131
17093,16131
63304,16131
63382,16131
63454,16131
62710,16131
62934,16131
63056,16131
45220,16131
46297,16131
65307,16131
4882,16131
5610,16131
99826,173850
18848,16131
19125,16131
13218,16131
13907,16131
63786,16131
63778,16131
23877,16131
23694,16131
14030,16131
14353,16131
27991,16131
29644,16131
62640,16131
62564,16131
62366,16131
17053,16131
17213,16131
14483,16131
62923,16131
17054,16131
62286,16131
62326,16131
20305,16131
20522,16131
14250,16131
63172,16131
16965,16131
17331,16131
18772,16131
19113,16131
40137,16131
40975,16131
63201,16131
39739,16131
39167,16131
40124,16131
63379,16131
13317,16131
13959,16131
14475,16131
63598,16131
63262,16131
17328,16131
17409,16131
63771,16131
11289,16131
11290,16131
11254,16131
11253,16131
62065,16131
25991,16131
25899,16131
33686,16131
64010,16131
20420,16131
33688,16131
17027,16131
40861,16131
17028,16131
13515,16131
14041,16131
18554,16131
19033,16131
151084,0
151083,0
17327,16131
12946,16131
62915,16131
23050,16131
12409,16131
12410,16131
5608,16131
27323,16131
54377,16131
52044,16131
53671,16131
25845,16131
26399,16131
48057,16131
56307,16131
56153,16131
62198,16131
16987,16131
63600,16131
49986,16131
50489,16131
12794,16131
13205,16131
16988,16131
12107,16131
12108,16131
61807,16131
62096,16131
14694,16131
14547,16131
39035,16131
39255,16131
13347,16131
62247,16131
62432,16131
25693,16131
26109,16131
12648,16131
13160,16131
13598,16131
65173,16131
29658,16131
65174,16131
65794,331530
14125,16131
17706,16131
59188,68527
62203,16131
38577,16131
39121,16131
65152,16131
16963,16131
13033,16131
32502,16131
11501,16131
12200,16131
65172,16131
61356,16131
65171,16131
26111,16131
26353,16131
65170,16131
13451,16131
39683,16131
16964,16131
19275,16131
26733,16131
26495,16131
11502,16131
61575,16131
62135,16131
26873,173853
26471,16131
17972,16131
13644,16131
14163,16131
12544,16131
67451,16131
62161,16131
29256,16131
11121,16131
11122,16131
61412,16131
38644,16131
39313,16131
67566,16131
26393,16131
63482,16131
63360,16131
63456,16131
63599,16131
25633,16131
25634,16131
50310,16131
51283,16131
17929,16131
11677,16131
60190,68527
13817,16131
17597,16131
17837,16131
65228,16131
18490,16131
53165,16131
53326,16131
21132,68705
59560,68527
11968,16131
18091,16131
53364,16131
28575,16131
21275,384135
53381,16131
17751,16131
28518,16131
28517,16131
38397,16131
13265,16131
13686,16131
48402,16131
65168,16131
65219,16131
25735,16131
17910,16131
26273,16131
14233,16131
53340,16131
25650,16131
11001,16131
11002,16131
65274,16131
65310,16131
25722,16131
12093,16131
49878,16131
12387,16131
12748,16131
18435,16131
38398,16131
38456,16131
28317,16131
14595,16131
14596,16131
13323,16131
38800,16131
54549,16131
14709,16131
14765,68704
27280,16131
27176,16131
25443,16131
12307,16131
12607,16131
53010,16131
14451,16131
14452,16131
60392,68527
60896,68705
61357,16131
11452,16131
11955,16131
53211,16131
57495,68616
57616,68527
12468,16131
18899,16131
19550,16131
36550,16131
38017,16131
17882,16131
18398,16131
64340,16131
38617,16131
14331,16131
14332,16131
64728,16131
65301,16131
65314,16131
61532,121279
63356,16131
63114,16131
12059,16131
10817,16131
10818,16131
57270,16131
50193,16131
60885,16131
61498,16131
3101,68601
62168,16131
62144,16131
12171,16131
65431,16131
62199,16131
34686,16131
34968,16131
24711,16131
24571,16131
5472,16131
6581,16131
29672,16131
11930,16131
60184,68527
62793,16131
63105,16131
37910,16131
64472,16131
14975,16131
15804,16131
26155,16131
11881,16131
23360,16131
23359,16131
17846,16131
18075,16131
39864,16131
40142,16131
23422,16131
57386,16131
24885,16131
24767,16131
41453,16131
4431,68601
50894,16131
52039,16131
18361,16131
18732,16131
24352,16131
24230,226423
40564,16131
62298,16131
27096,16131
27494,16131
18658,16131
39345,16131
12770,16131
12279,16131
41117,16131
11674,16131
18056,16131
18177,16131
20136,16131
20006,16131
25444,16131
20419,16131
20436,16131
62297,16131
40118,16131
12884,16131
13762,16131
13761,16131
138313,68705
137807,16131
53997,16131
10693,16131
10694,16131
32556,16131
18146,16131
18321,16131
63347,16131
29682,16131
99348,16131
18645,16131
99588,16131
118497,16131
53027,16131
49776,16131
65024,16131
57758,68618
57792,68527
18272,16131
18463,16131
11486,16131
38027,16131
3341,68601
13084,16131
13427,16131
13548,16131
50186,16131
28327,16131
29257,16131
14964,16131
31425,16131
18430,16131
19534,16131
19889,16131
27457,16131
27718,16131
57008,16131
57329,16131
61632,16131
15640,68704
62763,16131
34306,16131
34623,16131
17604,16131
60799,16131
65509,16131
62295,16131
13244,16131
65502,16131
25211,16131
26089,16131
13629,16131
13630,16131
17695,16131
18614,16131
31578,16131
17621,16131
14038,16131
63346,16131
63567,16131
29974,16131
29973,16131
30065,16131
31338,16131
63551,16131
63791,16131
30076,16131
30225,16131
11354,16131
60786,16131
10563,16131
10564,16131
31451,16131
59427,16131
63775,16131
64065,16131
30234,16131
30461,16131
26898,16131
27349,16131
19498,16131
19917,16131
64166,16131
64175,16131
63342,16131
38545,16131
64639,16131
52178,16131
52330,16131
37485,16131
29315,16131
29775,16131
151124,16131
52108,16131
4627,68601
4623,68601
4874,68601
28903,16131
29330,16131
30439,16131
31065,16131
31424,16131
5247,68601
28923,16131
58889,16131
59447,16131
14093,16131
14349,16131
13148,16131
64157,16131
64558,16131
4878,68601
27458,16131
27459,16131
50178,16131
18182,16131
18283,16131
37109,16131
28367,16131
58257,16131
58901,16131
11194,16131
13121,16131
50878,16131
31577,16131
52089,16131
34698,16131
34582,16131
34639,16131
22778,16131
23312,16131
52063,16131
13949,16131
14269,16131
27720,16131
20129,16131
63330,16131
57823,16131
58262,16131
10405,16131
10406,16131
37110,16131
30319,16131
30419,16131
27756,16131
42753,16131
45496,16131
45514,16131
45594,16131
45596,16131
52145,16131
151521,0
151522,0
13807,16131
14139,16131
34106,16131
34590,16131
19460,16131
19743,16131
34659,16131
34693,16131
52992,16131
57394,16131
49773,16131
34704,16131
48422,16131
13028,16131
37117,16131
11046,16131
57369,16131
59465,16131
57351,16131
33730,16131
33472,16131
34105,16131
34585,16131
41655,121191
34724,16131
52031,16131
52293,16131
35128,16131
19780,16131
20261,16131
21203,16131
21281,384135
36404,16131
41457,16131
26449,16131
45428,16131
45536,16131
47611,16131
137043,16131
137759,16131
13699,16131
49431,16131
49457,16131
51711,16131
52720,68705
52993,16131
48859,16131
49301,16131
48697,16131
47595,16131
48593,16131
58919,16131
30238,16131
37120,16131
30324,16131
30541,16131
13904,16131
33630,16131
35763,16131
34673,16131
34690,16131
44985,121191
44986,121191
35398,16131
53028,16131
41948,121191
34742,16131
55424,16131
55338,16131
55427,16131
40465,16131
55331,16131
4390,68601
35762,16131
65319,16131
56554,16131
58274,16131
42214,121191
45118,121191
20182,16131
65501,16131
38235,16131
34758,16131
33613,16131
33385,16131
35758,16131
35423,16131
36160,16131
25191,16131
26217,16131
11726,16131
57065,16131
57295,68705
34787,16131
36641,16131
40480,16131
33649,16131
34018,16131
53013,16131
34017,16131
34020,16131
34073,16131
34265,16131
35757,16131
33935,16131
18140,16131
48641,16131
53575,16131
30735,16131
31181,16131
21082,16131
48563,16131
18650,16131
18682,16131
48178,16131
55020,16131
55647,16131
30330,16131
30488,16131
19958,16131
20373,16131
33386,16131
10267,16131
10850,16131
59481,16131
18766,16131
55552,16131
56647,173853
18599,16131
53598,16131
53610,16131
40060,16131
40496,16131
58925,16131
151221,16131
10982,16131
11922,16131
13388,16131
21343,16131
39656,16131
40088,16131
60772,16131
31119,16131
31555,16131
63552,16131
34988,16131
17845,16131
64580,16131
30203,16131
30267,16131
58304,16131
38796,16131
39667,16131
20500,16131
30272,16131
64582,16131
64614,16131
36291,16131
26750,16131
30334,16131
30427,16131
31794,16131
151179,16131
30236,16131
29979,16131
50272,16131
49942,16131
64876,16131
62296,16131
19640,16131
30604,16131
18109,16131
53050,16131
38702,16131
39417,16131
21423,16131
11054,16131
12056,16131
41489,121191
42164,121191
18934,16131
38140,16131
38425,16131
30245,16131
25791,16131
25775,16131
136301,16131
137018,16131
30963,16131
31238,16131
62755,16131
48248,16131
41490,121191
10145,16131
10734,16131
65231,16131
65232,16131
151804,16131
38022,16131
18217,16131
18541,16131
24759,16131
25223,16131
59495,16131
40257,16131
39275,16131
37160,16131
38039,16131
30549,16131
39512,16131
30340,16131
30498,16131
17855,16131
11877,16131
12192,16131
58953,16131
53200,16131
36519,16131
36647,16131
53041,16131
23446,331575
36882,16131
37178,16131
35289,16131
47305,16131
24563,16131
24122,16131
21599,16131
24119,16131
24303,16131
64875,16131
24360,16131
28587,16131
28588,16131
14779,16131
15201,16131
18115,16131
18260,16131
36887,16131
57790,16131
57286,16131
57807,16131
58013,16131
14297,16131
31777,16131
18232,16131
18891,16131
19012,16131
64462,16131
36649,16131
36659,16131
18011,16131
18051,16131
151180,16131
27931,16131
27932,16131
12023,16131
12310,16131
24723,16131
24733,16131
32557,16131
24891,16131
5045,68601
17943,16131
4668,68601
30652,16131
151197,16131
151204,16131
19670,16131
4165,68601
4205,68601
27132,16131
27131,16131
62406,16131
18002,16131
14877,16131
19194,16131
19622,16131
9155,16131
10586,16131
64082,16131
63912,16131
64077,16131
30601,16131
31049,16131
31498,16131
37357,16131
18478,16131
62846,16131
27104,16131
12149,16131
12440,16131
17953,16131
18811,16131
19070,16131
135595,16131
32059,16131
38433,16131
25776,16131
25877,16131
18808,16131
59503,16131
151229,16131
36777,16131
17920,16131
30597,16131
23939,16131
24277,16131
34477,16131
34805,121277
137042,16131
138064,16131
26167,16131
26360,16131
23691,16131
23980,16131
28937,16131
58967,16131
15639,16131
63240,16131
63239,16131
63234,16131
18282,16131
63328,16131
63486,16131
63475,16131
63726,16131
42568,121191
57248,16131
59513,16131
59676,16131
12257,16131
12586,16131
17805,16131
33781,16131
34259,16131
23720,16131
28610,16131
63842,16131
63838,16131
60710,16131
61046,16131
64005,16131
53658,16131
18957,16131
27024,16131
27179,16131
28379,16131
12950,16131
14288,16131
49263,16131
64149,16131
23486,16131
61216,16131
23330,16131
22292,16131
37773,16131
64140,16131
64252,16131
26214,16131
26632,16131
27936,16131
61253,16131
58308,16131
31796,16131
32089,16131
38840,16131
38670,16131
38874,16131
39259,16131
61585,16131
19317,16131
19581,16131
19886,16131
47905,16131
44516,121191
43307,121191
43351,121191
18125,16131
63724,16131
30412,16131
21008,16131
20908,16131
20266,16131
20068,16131
30423,16131
38707,16131
31421,16131
11465,16131
18390,16131
12351,16131
12734,16131
38202,16131
38477,16131
25988,16131
34753,68703
18705,16131
47973,16131
49150,16131
57795,16131
38052,16131
38237,16131
63276,16131
63392,16131
59531,16131
63385,16131
38084,16131
29985,16131
151123,16131
14804,16131
11638,16131
18338,16131
59700,16131
59788,16131
19059,16131
58991,16131
46367,16131
31553,16131
63998,16131
59886,16131
60094,16131
22516,16131
19405,16131
19789,16131
30414,16131
27760,16131
30247,16131
63230,16131
60608,16131
26545,16131
26744,16131
63317,16131
58312,16131
12133,16131
12366,16131
13134,16131
63472,16131
30006,16131
33782,962463
27023,16131
34780,121279
29805,16131
20907,16131
20997,16131
19994,16131
10764,16131
63722,16131
23383,16131
23384,16131
14238,16131
63836,16131
59571,16131
29057,16131
12478,16131
13310,16131
63992,16131
19251,16131
29063,16131
28701,16131
64134,16131
27001,16131
24016,16131
14858,16131
59025,16131
17961,16131
18030,16131
26678,16131
55551,16131
28716,16131
34494,16131
12901,16131
13464,16131
11990,16131
23770,16131
19873,16131
63319,16131
57174,68701
30974,16131
31069,16131
30640,16131
30976,16131
58285,16131
30474,16131
11550,16131
57208,68701
52246,16131
53133,16131
23516,16131
64130,16131
20080,16131
20625,16131
19365,16131
27762,16131
13101,16131
13580,16131
26213,16131
26454,16131
18344,16131
20917,16131
21241,16131
10676,16131
15063,16131
15064,16131
15193,16131
15283,16131
63229,16131
49672,16131
60436,16131
60676,16131
64915,16131
64841,16131
13219,16131
13750,16131
30014,16131
42695,121191
42964,121191
57773,68703
57979,16131
11138,16131
11582,16131
13363,16131
13900,16131
30557,16131
18277,16131
45445,16131
61350,16131
13479,16131
14058,16131
57943,16131
13589,16131
21915,16131
26482,16131
13997,16131
25855,16131
32094,16131
31744,16131
18706,16131
11367,16131
18496,16131
60236,16131
60492,16131
11957,16131
11996,16131
18214,16131
11987,16131
18790,16131
19877,16131
58239,16131
47810,16131
49198,16131
61428,16131
11738,16131
12203,16131
45116,16131
45346,16131
17955,16131
19058,16131
136483,16131
136484,16131
11222,16131
11722,16131
10542,16131
18117,16131
20478,16131
20146,16131
30471,16131
60260,16131
58122,121269
58052,121269
27103,16131
137897,16131
138188,16131
20476,16131
20805,16131
21124,16131
10476,16131
10903,16131
28067,16131
27949,16131
57886,16131
57844,16131
19720,16131
27953,16131
57942,16131
136436,16131
136566,16131
27772,16131
59986,16131
31472,16131
55666,16131
55715,16131
26419,16131
15977,16131
15978,16131
5137,68601
63490,0
63286,0
63479,0
63651,0
4321,68601
58189,16131
58476,16131
48619,16131
64461,16131
26549,16131
26840,16131
31077,16131
38884,16131
18414,16131
58450,16131
58662,16131
25597,16131
11302,16131
24064,16131
30251,16131
30977,16131
11870,16131
35008,16131
15893,16131
15894,16131
15500,16131
48955,16131
10152,16131
10680,16131
38497,16131
30264,16131
43188,121191
60138,16131
23802,16131
64739,16131
30026,16131
16569,16131
16570,16131
38092,16131
19494,16131
11978,16131
20200,16131
20791,16131
20048,16131
23526,16131
60740,16131
17859,16131
18134,16131
23019,16131
23480,16131
20899,16131
42835,121191
63285,0
30705,16131
26795,16131
27064,16131
15366,16131
136518,16131
136644,16131
11418,16131
31317,16131
31686,16131
136175,16131
59644,16131
30990,16131
59677,16131
18990,16131
19099,16131
19447,16131
60558,16131
18289,16131
18630,16131
19608,16131
26796,16131
16362,16131
16485,16131
59518,16131
65268,16131
14956,16131
15263,16131
23139,16131
59256,16131
59554,16131
33774,16131
33773,16131
28790,16131
28712,16131
21377,16131
18264,16131
35082,16131
58442,16131
58808,16131
12578,16131
14798,16131
15176,16131
60274,16131
27955,16131
59096,16131
59277,16131
18485,16131
65267,16131
26919,16131
11510,16131
58168,16131
18858,16131
19341,16131
136596,16131
136712,16131
18240,16131
151570,0
151569,0
26894,16131
59126,16131
42809,121191
31081,16131
15663,16131
19603,16131
30880,16131
58918,68673
42908,121191
57152,16131
57193,68700
64995,16131
22518,16131
22716,16131
26544,16131
30627,16131
58950,68673
19387,16131
11808,16131
16224,16131
26350,16131
26789,16131
136230,16131
58758,68673
14702,16131
15005,16131
61706,16131
61866,16131
10595,16131
10770,16131
58602,68673
58791,68673
30280,16131
19573,16131
57774,68703
19223,16131
136636,16131
136786,16131
42648,121191
13705,16131
14226,16131
136095,16131
136378,16131
24102,16131
57866,68703
19763,16131
57868,68703
24331,16131
24367,16131
58486,68675
58627,68673
18187,16131
57984,68697
31732,16131
57985,68697
14628,16131
14920,16131
18410,16131
16300,16131
58500,68675
18061,16131
58078,68697
28668,16131
23840,16131
58280,68675
17937,16131
61664,16131
136388,16131
31687,16131
20595,16131
58290,68675
58181,16131
30540,16131
20081,16131
34762,121277
52046,16131
52265,16131
61578,16131
61639,16131
31326,16131
15971,16131
24438,16131
24622,16131
31087,16131
65352,16131
64519,16131
23566,16131
56701,0
56702,0
14446,16131
14811,16131
11964,16131
64110,16131
34861,68703
28658,16131
17067,16131
17672,16131
28416,16131
29225,16131
136757,16131
136850,16131
10469,16131
10551,16131
27780,16131
61674,16131
61702,16131
28442,16131
19097,16131
24921,16131
43352,121191
61760,16131
26790,16131
24736,16131
19517,16131
10489,16131
10559,16131
27788,16131
15564,16131
65959,16131
55792,16131
35017,16131
19417,16131
61722,16131
136726,16131
136682,16131
31460,16131
61552,16131
14330,16131
14629,16131
12044,16131
12696,16131
18303,16131
18770,16131
16038,16131
16356,16131
2800,68601
61657,16131
10656,16131
10830,16131
61717,16131
61780,16131
136832,16131
136886,16131
45267,16131
136454,16131
64013,16131
63575,16131
63967,16131
11227,16131
63401,16131
31091,16131
25401,16131
26339,16131
42647,121191
10088,16131
10309,16131
30050,16131
14518,16131
58516,68675
20452,16131
151210,16131
136708,16131
136794,16131
61934,16131
30492,16131
30566,16131
13313,16131
18073,16131
58294,68675
61623,16131
61679,16131
61869,16131
58825,68673
58996,68673
18697,16131
26791,16131
16156,16131
34919,16131
35336,16131
60148,16131
17138,16131
17702,16131
58860,68673
8682,16131
9338,16131
58727,68673
16535,16131
61737,16131
58755,68673
47809,16131
33165,16131
136840,16131
136916,16131
30555,16131
136746,16131
16074,16131
16432,16131
30288,16131
58649,68673
12148,16131
12820,16131
10519,16131
10874,16131
14086,16131
14386,16131
15268,16131
61555,16131
34939,16131
4875,68601
59841,16131
15616,16131
18644,16131
136780,16131
59683,16131
9960,16131
10426,16131
13412,16131
30671,16131
42916,121191
136534,16131
4197,68601
18202,16131
57165,16131
10449,16131
24130,16131
16004,16131
136882,16131
136974,16131
30966,16131
31255,16131
52858,16131
53147,16131
19389,16131
17186,16131
17746,16131
33154,16131
15213,16131
58405,68675
58522,68675
13976,16131
14326,16131
64740,16131
58419,68675
23868,16131
58296,68675
18609,16131
61855,16131
61960,16131
10629,16131
11112,16131
27796,16131
12262,16131
12942,16131
52865,16131
8798,16131
9540,16131
15286,16131
15778,16131
61883,16131
23598,16131
13532,16131
15138,16131
26673,16131
26674,16131
57673,16131
16883,16131
13056,16131
12254,16131
26801,16131
16136,16131
13704,16131
14253,16131
16581,16131
10103,16131
136912,16131
136373,16131
28145,16131
14715,16131
15035,16131
136602,16131
27804,16131
23199,16131
26609,16131
52045,16131
137898,16131
138214,16131
18566,16131
61921,16131
17298,16131
17788,16131
30747,16131
31166,16131
136414,16131
9341,16131
26012,16131
12350,16131
26766,16131
14890,16131
136632,16131
21443,16131
12089,16131
12686,16131
136625,16131
136576,16131
4191,68601
4361,68601
137024,16131
19109,16131
16627,16131
17064,16131
4299,68601
4775,68601
15376,16131
16182,16131
30292,16131
136411,16131
14775,16131
20926,16131
136676,16131
25825,16131
26428,16131
10211,16131
18251,16131
22353,16131
22818,16131
46368,16131
46361,16131
52956,16131
53161,16131
12575,16131
17402,16131
17894,16131
136692,16131
14666,16131
11829,16131
52964,16131
12808,16131
21971,16131
52778,16131
24477,16131
24373,16131
136468,16131
136470,16131
30460,16131
137020,16131
137248,16131
14468,16131
24164,16131
9225,16131
4927,68601
4923,68601
136756,16131
22556,16131
10813,16131
11506,16131
23886,16131
13642,16131
14206,16131
31232,16131
30298,16131
9915,16131
10303,16131
10728,16131
151216,16131
16309,16131
23636,16131
25402,16131
25135,16131
31499,16131
24663,1120181
24664,121275
15277,16131
15506,16131
16256,16131
23265,16131
136826,16131
13536,16131
14156,16131
27814,16131
53222,16131
53414,16131
15413,16131
19391,16131
22115,16131
30840,16131
9942,16131
10419,16131
53072,16131
53171,16131
9143,16131
9645,16131
136866,16131
136578,16131
15848,16131
23267,16131
136573,16131
57190,68703
57342,68700
57636,16131
12420,16131
22896,16131
57064,16131
57150,16131
13472,16131
14020,16131
14528,16131
136354,16131
136353,16131
34161,16131
16490,16131
9994,16131
10527,16131
9624,16131
45189,16131
136655,16131
11233,16131
34960,16131
12538,16131
13352,16131
13936,16131
4148,68601
30055,16131
9063,16131
4189,68601
15776,16131
15748,16131
24208,16131
15510,16131
61369,16131
61037,16131
15578,16131
16347,16131
16659,16131
17384,16131
53008,16131
23912,16131
137016,16131
56400,16131
15840,16131
54512,16131
56419,16131
4919,68601
5185,68601
10022,16131
10651,16131
23654,16131
10724,16131
25654,16131
11214,16131
12656,16131
8681,16131
30762,16131
54298,16131
55134,16131
13274,16131
13793,16131
20759,16131
9605,16131
34840,16131
34892,16131
34978,16131
54299,16131
23396,16131
53179,16131
53234,121279
57033,68703
57127,68703
57147,16131
16288,16131
52120,16131
52464,16131
8993,16131
16065,16131
15359,16131
15440,16131
15656,16131
10064,16131
10743,16131
13138,16131
13694,16131
54750,68702
54749,16131
151593,121274
151628,16131
30761,16131
30946,16131
34839,16131
56069,16131
55505,16131
56072,16131
56329,16131
136827,16131
11857,16131
8413,16131
57665,16131
14123,16131
151557,16131
53464,173847
23112,16131
14555,16131
51190,16131
52443,16131
53187,16131
56332,16131
53238,68703
31251,16131
31543,16131
54145,16131
8896,16131
9574,16131
55703,16131
15762,16131
15782,16131
16573,16131
16739,16131
52529,16131
53185,16131
15125,16131
15527,16131
51837,16131
10108,16131
10839,16131
30417,16131
12998,16131
13566,16131
30079,16131
56876,16131
53225,16131
55651,16131
8559,16131
24232,16131
22131,16131
24629,16131
24698,16131
26535,16131
11199,16131
14144,16131
52883,16131
57091,16131
4183,68601
10128,16131
10987,16131
23944,16131
30996,16131
31633,16131
15712,16131
16646,16131
23678,16131
15788,16131
16159,16131
59282,16131
58942,16131
12803,16131
13433,16131
24630,16131
8829,16131
9548,16131
30704,16131
10158,16131
11165,16131
21665,16131
30703,16131
13745,16131
14396,16131
20647,16131
21029,16131
55859,16131
57630,16131
58062,16131
22397,16131
14560,16131
4922,68601
10853,16131
152343,16131
16617,16131
11655,16131
25129,16131
11838,16131
33153,16131
11664,16131
45980,16131
58939,16131
61468,16131
24401,16131
24420,16131
31060,16131
31717,16131
25132,16131
61998,16131
62702,16131
45115,16131
45836,16131
30876,16131
32565,16131
33303,16131
24450,16131
152346,16131
14390,16131
8773,16131
9502,16131
53193,16131
14552,16131
64060,16131
24242,16131
24857,16131
25567,16131
24638,16131
13647,16131
24682,16131
24834,16131
137028,16131
24487,16131
34965,16131
24695,16131
24833,16131
32127,16131
31865,16131
16091,16131
15168,16131
16466,16131
66216,16131
67398,16131
24720,16131
24764,16131
45976,16131
64061,16131
24521,16131
31140,16131
31751,16131
24681,16131
14873,16131
15316,16131
63197,16131
24270,16131
20955,16131
21231,16131
8721,16131
9469,16131
20437,16131
21731,16131
61028,16131
61955,16131
23994,16131
13170,16131
13841,16131
16245,16131
13340,16131
23724,16131
24445,16131
25015,16131
25016,16131
14272,16131
14179,16131
13957,16131
14130,16131
31200,16131
31835,16131
64112,16131
23462,16131
14303,16131
15142,16131
12995,16131
13151,16131
25645,16131
24748,16131
34827,16131
34994,16131
34627,16131
25470,16131
15039,16131
14537,16131
8414,16131
10184,16131
10932,16131
8416,16131
26433,16131
13755,16131
14005,16131
33325,16131
33367,16131
21190,16131
8659,16131
9442,16131
55583,16131
24855,16131
16730,16131
17736,16131
24792,16131
15095,16131
23176,16131
14515,16131
63493,16131
62670,16131
31270,16131
30520,16131
32566,16131
32074,16131
12975,16131
12869,16131
151524,0
151523,0
34628,16131
34656,16131
16400,16131
16512,16131
18060,68702
19173,121269
8444,16131
34113,16131
31925,16131
16369,16131
16747,68705
20957,16131
10240,16131
11030,16131
4098,68601
18082,68702
20271,226401
66610,16131
66302,16131
137076,16131
14497,16131
14823,16131
9379,16131
59168,16131
33260,16131
24631,68703
62119,16131
63200,16131
21398,16131
21769,16131
23854,16131
11576,16131
151218,16131
24306,16131
13103,16131
8524,0
8523,0
30581,16131
31320,16131
32001,16131
24040,16131
57422,16131
57628,16131
57801,16131
25469,16131
23780,16131
11390,16131
11768,16131
57578,16131
57452,16131
57579,16131
57662,16131
57653,16131
57784,16131
8766,0
8765,0
10262,16131
11128,16131
32296,16131
151211,16131
14423,16131
14756,16131
14965,16131
25154,16131
25099,16131
31817,16131
32979,16131
33216,16131
25353,16131
25804,16131
34812,16131
34811,16131
8525,0
8530,0
32305,16131
151166,16131
31404,16131
32055,16131
30647,16131
17249,16131
22913,16131
53192,16131
57573,16131
57669,16131
57779,16131
17206,16131
21787,16131
57657,16131
57118,16131
57116,16131
57213,16131
58865,16131
33096,16131
33694,16131
57448,16131
14816,16131
35153,16131
11258,16131
11490,16131
15018,16131
57571,16131
57005,16131
14420,16131
14902,16131
57583,16131
57449,16131
57645,16131
58017,16131
10971,16131
53217,68671
30296,16131
58202,16131
57587,16131
31476,16131
32099,16131
22445,16131
23309,16131
57596,16131
30739,16131
58099,16131
32141,16131
59186,16131
25768,16131
26406,16131
58161,16131
57727,16131
57730,16131
62374,16131
35000,16131
20327,226401
58073,16131
9020,16131
9019,16131
14809,16131
14994,16131
14872,16131
32153,16131
15134,16131
20440,16131
25257,16131
25374,16131
34912,16131
14338,16131
16836,16131
24865,16131
11317,16131
31518,16131
13044,16131
13638,16131
10241,16131
58524,16131
30381,16131
15012,16131
25767,16131
26215,16131
24338,16131
24818,16131
14870,16131
15320,16131
35383,16131
35384,16131
30795,16131
53191,16131
53618,16131
35200,16131
35199,16131
9150,16131
9072,16131
24772,16131
24078,16131
23059,16131
57589,16131
8842,16131
57649,16131
53218,68671
53232,68671
8063,16131
8064,16131
62008,16131
25169,16131
34749,16131
34750,16131
23812,16131
12161,16131
34529,16131
34530,16131
10748,16131
11011,16131
35020,16131
35019,16131
14747,16131
13698,16131
14313,16131
25925,16131
9160,16131
11854,16131
2799,68601
151869,1
151870,1
12347,16131
13202,16131
24784,16131
31606,489297
30429,16131
32938,16131
10886,16131
11108,16131
30615,16131
10264,16131
11542,16131
9362,16131
31226,16131
15212,16131
15830,16131
14721,16131
14960,16131
13008,16131
13376,16131
13576,16131
24872,16131
26489,16131
13850,16131
14196,16131
8464,16131
13294,16131
14611,16131
14800,16131
30505,16131
8106,16131
21476,16131
14924,16131
30697,16131
35023,16131
8690,16131
9028,16131
35002,16131
61822,16131
14680,16131
9794,16131
9778,16131
62201,16131
24370,16131
35388,16131
66164,16131
9111,16131
9275,16131
9506,16131
18026,16131
35215,16131
8612,16131
8515,16131
21189,16131
18037,16131
24106,16131
34768,16131
34532,16131
34544,16131
9112,16131
9185,16131
35040,16131
18206,16131
35004,16131
61963,16131
14927,16131
15331,16131
23844,16131
17449,16131
18167,16131
60535,16131
62723,16131
30561,16131
31406,16131
13236,16131
13845,16131
11088,16131
30081,16131
9318,16131
10747,16131
30432,16131
13912,16131
53241,68671
53207,68671
14788,16131
53168,16131
11330,16131
29484,646386
27057,646386
14046,16131
8466,16131
8474,16131
34129,16131
15227,16131
15625,16131
8743,16131
10677,16131
32866,16131
13090,16131
13784,16131
24470,68703
24677,16131
13431,16131
27289,16131
26747,16131
62037,16131
11066,16131
14593,16131
30851,16131
30507,16131
61988,16131
35400,16131
11328,16131
13963,16131
14308,16131
35222,16131
56916,16131
57263,16131
10859,16131
57234,16131
58431,16131
14504,16131
14750,16131
34781,16131
11312,16131
11554,16131
34546,16131
34556,16131
61541,16131
62407,16131
8519,16131
8789,16131
10678,16131
14113,16131
11044,16131
62130,16131
15091,16131
15433,16131
31520,16131
9277,16131
9375,16131
8817,16131
10094,16131
9872,16131
8482,16131
30563,16131
53242,68671
53208,68671
53167,16131
14209,16131
14718,16131
11016,16131
14540,16131
14312,16131
13716,16131
9532,16131
38342,16131
11323,16131
18408,68703
12215,16131
13007,16131
13664,16131
8792,16131
10861,16131
17593,16131
18353,16131
24685,16131
16850,68705
8964,16131
14696,16131
30617,16131
32770,16131
33150,16131
31194,68694
25358,16131
13445,16131
35586,16131
24900,16131
10996,16131
35408,16131
38949,16131
8843,16131
8486,16131
9321,16131
9666,16131
35232,16131
33636,16131
33762,16131
24465,16131
24743,16131
65960,16131
14644,16131
11339,16131
23277,16131
18735,68703
8490,16131
12930,16131
23432,16131
34795,16131
13714,16131
13721,16131
7907,16131
34558,16131
34568,16131
11351,16131
12269,16131
53170,16131
8976,16131
8880,16131
8666,16131
8578,16131
8736,16131
66222,16131
53243,68671
33705,16131
21976,16131
23233,16131
53219,68671
15697,16131
66136,16131
57223,16131
30700,16131
62038,16131
33040,16131
62052,16131
10960,16131
13455,16131
65940,16131
61987,16131
11347,16131
8918,16131
12833,16131
32610,16131
32962,16131
24932,16131
33713,16131
4097,68601
66200,16131
8492,16131
15968,16131
15323,16131
12105,16131
60981,16131
61544,16131
66244,16131
9114,16131
66153,16131
66478,16131
8840,16131
14568,16131
15084,16131
8699,16131
10902,16131
55604,16131
13809,16131
11965,16131
12288,16131
24987,16131
35599,16131
12831,16131
12832,16131
53169,16131
13321,16131
35418,16131
16767,16131
16946,16131
22930,278971
11375,16131
35035,16131
35240,16131
11525,16131
12158,16131
15507,16131
35052,16131
57224,16131
8737,16131
34810,16131
8500,16131
23069,16131
34570,16131
34580,16131
53244,68671
53220,68671
15234,16131
17619,16131
8978,16131
98030,279001
17205,16131
98129,173850
9013,16131
14097,16131
30854,16131
11393,16131
10901,16131
11695,16131
61989,16131
14247,16131
14508,16131
7402,16131
7401,16131
14734,16131
17700,16131
18517,16131
65900,16131
11423,16131
12447,16131
14984,16131
20329,226401
20331,226401
20892,16131
18562,16131
31193,909817
31185,173805
15352,16131
15675,16131
14448,16131
62017,16131
16303,16131
17514,16131
35618,16131
7501,16131
14663,16131
56869,16131
13573,16131
13965,16131
56907,16131
7909,16131
35422,16131
15107,16131
31602,16131
35244,16131
10907,16131
11439,16131
31186,331489
31203,331514
14189,16131
8163,16131
35066,16131
10126,16131
32406,16131
34826,16131
60008,16131
13735,16131
16185,16131
16506,16131
7537,16131
17038,16131
17299,16131
17631,16131
10929,16131
11455,16131
61243,16131
62020,16131
13855,16131
14376,16131
20554,16131
16107,16131
16390,16131
14601,16131
59901,16131
15607,16131
15843,16131
24529,16131
24530,16131
18938,16131
16027,16131
16176,16131
14053,16131
14262,16131
65991,16131
66453,16131
18520,16131
18673,16131
10937,16131
11471,16131
79272,121279
79271,16131
65862,16131
79274,16131
80827,16131
14154,16131
14358,16131
12501,16131
15945,16131
58089,16131
80830,16131
84821,16131
15293,16131
15294,16131
12488,16131
14292,16131
84926,16131
68470,16131
84913,16131
86860,16131
7133,16131
7715,16131
10939,16131
12362,16131
11479,16131
22690,278971
22072,278971
13557,16131
53258,16131
68490,16131
86862,16131
17248,16131
15023,16131
53269,121245
53251,68671
12665,16131
13371,16131
17904,16131
98796,16131
10274,16131
10684,16131
16154,16131
65865,16131
16012,16131
16264,16131
10941,16131
11483,16131
11887,16131
67416,16131
67532,16131
11188,16131
15093,16131
87144,16131
91515,16131
26427,16131
15813,16131
11497,16131
14017,16131
84763,16131
87009,16131
11226,16131
15087,16131
14258,16131
14399,16131
15055,16131
30138,1750940
15600,16131
10953,16131
84663,16131
85434,16131
32350,16131
32417,16131
8857,16131
30161,489095
31205,331514
13988,16131
14222,16131
14275,16131
14915,16131
10538,16131
86918,16131
87445,16131
87973,16131
15856,16131
16052,16131
30137,2328632
18597,16131
18915,16131
7134,16131
11545,16131
87873,16131
88425,16131
7344,16131
7951,16131
31581,541791
32073,16131
30162,646663
88147,16131
88635,16131
8197,16131
16396,16131
13939,16131
14186,16131
88315,16131
88845,16131
84585,16131
85367,16131
14935,16131
15071,16131
63128,16131
88651,16131
90025,16131
58523,16131
62132,16131
11250,16131
63139,16131
16110,16131
16414,16131
13186,16131
91853,16131
98805,16131
32333,16131
89871,16131
90459,16131
7976,16131
8532,16131
32334,278969
25824,16131
98797,16131
90237,16131
90887,16131
13883,16131
14160,16131
16926,16131
15257,16131
90890,16131
89215,16131
89117,16131
84539,16131
85264,16131
17722,16131
17354,16131
85293,16131
86901,16131
11577,16131
16327,16131
16558,16131
91891,16131
91331,16131
92565,16131
152370,278961
24186,16131
22071,278971
92184,16131
94187,16131
14120,16131
13689,16131
13978,16131
99507,16131
126588,16131
15934,16131
16118,16131
85535,16131
4040,68601
4264,16131
5556,16131
87395,16131
20414,16131
20738,16131
16315,16131
13163,16131
151272,0
151271,0
16169,16131
15973,16131
14687,16131
33122,0
33121,0
33214,0
84515,16131
85204,16131
12839,16131
13262,16131
13788,16131
85261,16131
85771,16131
12741,16131
7136,16131
99195,16131
99349,16131
10963,16131
15475,16131
11613,16131
94021,16131
94717,16131
14175,16131
14587,16131
16201,16131
93533,16131
98737,16131
85562,16131
85985,16131
58090,16131
87361,16131
88039,16131
62093,16131
14026,16131
85223,16131
152368,594381
85802,16131
86133,16131
16043,16131
15644,16131
16009,16131
97913,16131
126573,16131
84417,16131
85115,16131
86060,16131
86255,16131
13288,16131
87256,16131
87944,16131
91850,16131
7935,16131
12936,16131
13335,16131
10962,16131
11629,16131
15495,16131
90283,16131
97738,16131
7595,16131
90285,16131
87150,16131
90272,16131
17357,16131
15629,16131
26706,646386
90268,16131
89874,16131
91042,16131
90544,16131
90838,16131
91268,16131
90214,16131
89924,16131
90153,16131
89923,16131
15867,16131
15913,16131
10958,16131
11657,16131
90407,16131
15915,16131
88664,16131
90012,16131
93855,16131
84335,16131
85045,16131
13367,16131
23894,16131
24062,16131
15818,16131
13932,16131
22685,16131
22686,16131
17543,16131
15543,16131
15766,16131
87812,16131
88264,16131
13014,16131
13407,16131
67389,16131
8438,16131
15901,16131
66522,16131
22931,16131
21043,16131
87152,16131
87247,16131
16614,16131
16716,16131
66497,16131
67411,16131
15494,16131
58555,16131
87099,16131
87131,226427
33230,909813
15909,16131
12581,16131
18198,16131
88317,16131
11669,16131
15796,16131
38950,16131
36928,16131
87651,16131
88319,16131
15792,16131
88320,16131
14137,16131
91579,16131
91945,16131
87083,16131
86225,16131
85820,16131
86910,16131
92847,16131
93411,16131
87125,16131
21286,16131
21148,16131
10956,16131
11691,16131
85808,16131
13425,16131
67036,16131
13649,16131
84183,16131
84590,16131
88300,16131
85819,16131
90040,16131
87394,16131
84942,16131
7386,16131
67028,16131
24526,16131
8823,16131
9178,16131
15400,16131
19149,16131
13092,16131
13499,16131
15922,16131
85687,16131
35572,16131
36752,16131
85497,16131
85004,16131
18796,16131
12373,16131
12680,16131
85539,16131
86626,16131
15785,16131
93257,16131
90837,16131
15574,16131
16055,16131
91018,16131
86815,16131
35939,16131
85382,16131
13607,16131
13886,16131
84538,16131
10946,16131
11709,16131
14028,16131
14511,16131
88182,16131
83863,16131
84496,16131
21068,16131
10016,16131
90917,16131
91242,16131
86694,16131
86693,16131
13525,16131
21302,16131
93083,16131
13381,16131
13603,16131
90020,16131
16591,16131
23621,16131
23622,16131
12787,16131
91492,16131
9137,16131
9372,16131
16094,16131
23704,16131
11821,16131
12394,16131
90818,16131
10945,16131
11747,16131
13660,16131
66928,16131
26880,16131
27011,16131
12774,16131
15557,16131
16082,16131
84498,16131
17368,16131
15418,16131
15516,16131
13492,16131
84800,16131
14546,16131
15388,16131
84574,16131
90797,16131
13866,16131
17654,16131
17874,16131
17108,16131
88004,16131
88904,16131
84196,16131
15379,16131
9302,16131
9964,16131
66861,16131
13529,16131
13830,16131
8787,16131
22991,16131
29406,1487509
29467,804181
85459,16131
86354,16131
16587,16131
14532,16131
13239,16131
90256,16131
22733,16131
18226,16131
83864,16131
14580,16131
15180,16131
16547,16131
21277,16131
12863,16131
13174,16131
10947,16131
90988,16131
91616,16131
65824,0
65823,0
89770,16131
12858,16131
84482,16131
83743,16131
12430,16131
85228,16131
85415,16131
15468,16131
15740,16131
16230,16131
33229,909813
85460,16131
7105,16131
7762,16131
26946,646386
87135,16131
85354,16131
86251,16131
14436,16131
13682,16131
11563,16131
90798,16131
90800,16131
85186,16131
13402,16131
16502,16131
16697,16131
33607,16131
33608,16131
9054,16131
91164,16131
91818,16131
16203,16131
85256,16131
13111,16131
85353,16131
12862,16131
12486,16131
12956,16131
91112,16131
68295,16131
85073,16131
86212,16131
84754,16131
21452,16131
13011,16131
13353,16131
9264,16131
9749,16131
11491,16131
15394,16131
15685,16131
8761,16131
8907,16131
19698,16131
19697,16131
27890,646386
16040,16131
91820,16131
92140,16131
29173,804132
33213,0
12145,16131
10758,16131
23865,16131
9877,16131
33874,16131
12978,16131
10340,16131
17995,16131
12974,16131
12971,16131
84886,16131
85305,16131
20124,16131
20297,16131
10967,16131
12875,16131
16020,16131
16307,16131
91834,16131
16451,16131
85114,16131
86145,16131
12528,16131
12959,16131
7645,16131
8378,16131
30781,16131
30537,16131
5532,16131
6902,68705
83685,16131
17801,16131
17802,16131
86305,16131
33272,16131
33271,16131
33318,16131
34056,16131
33732,16131
15648,16131
15997,16131
13468,16131
16312,16131
15338,16131
84306,16131
12492,16131
84234,16131
84798,16131
12208,16131
84885,16131
84484,16131
12003,16131
84297,16131
15118,16131
8692,16131
86673,16131
9209,16131
24155,16131
25495,16131
36753,16131
36814,16131
13330,16131
27076,646386
11601,16131
12020,16131
92206,16131
10977,16131
11585,16131
16407,16131
16873,16131
12590,16131
13023,16131
8657,16131
86106,16131
16916,16131
13395,16131
13484,16131
86352,16131
15596,16131
15950,16131
15279,16131
12230,16131
20238,16131
20138,16131
92009,16131
92524,16131
10979,16131
27917,699057
29564,331190
8878,16131
33418,16131
13117,16131
11617,16131
33365,16131
36817,16131
26149,16131
12632,16131
30538,16131
30716,16131
16359,16131
16383,16131
16859,16131
11635,16131
12040,16131
92010,16131
93086,16131
93538,16131
20126,16131
93557,16131
10985,16131
93035,16131
92120,16131
93016,16131
30171,331190
30172,331190
86101,16131
86775,16131
21702,16131
13143,16131
13405,16131
8231,16131
20123,16131
17070,16131
86855,16131
93558,16131
20201,16131
20224,16131
12266,16131
12624,16131
84241,16131
92454,16131
93356,16131
92644,16131
15529,16131
15882,16131
92874,16131
16623,16131
15238,16131
84298,16131
17713,16131
83726,16131
20175,16131
20125,16131
86067,16131
11651,16131
12878,16131
17844,16131
91864,16131
5531,16131
5533,16131
5760,16131
11681,16131
12084,16131
15058,16131
11021,16131
83686,16131
83725,16131
23905,16131
24116,16131
27165,646386
12452,16131
17150,16131
12706,16131
27130,16131
7574,16131
12298,16131
15480,16131
15927,16131
17288,16131
17089,16131
85841,16131
11683,16131
13040,16131
12346,16131
12594,16131
16533,16131
16693,16131
16242,16131
11063,16131
11713,16131
11733,16131
12112,16131
17488,16131
30513,16131
30514,16131
22335,16131
22336,16131
16261,16131
14840,16131
15403,16131
86719,16131
12476,16131
16604,16131
16831,16131
35729,16131
12754,16131
27166,646386
17047,16131
12226,16131
12390,16131
27411,21
26302,21
11093,16131
12334,16131
27129,121277
8623,16131
11763,16131
30913,16131
23070,16131
11791,16131
12244,16131
7504,16131
7993,16131
86720,16131
5762,16131
5864,16131
16746,16131
17023,16131
30243,331190
135334,16131
16217,16131
35047,16131
27501,646386
19730,16131
16728,16131
86709,16131
35026,16131
11125,16131
86169,16131
86115,16131
126575,16131
135345,16131
27248,121277
22858,16131
15314,16131
5865,16131
5904,16131
12816,16131
11849,16131
85007,16131
30818,16131
22356,16131
33498,16131
16137,16131
16566,16131
9764,16131
10710,16131
5872,16131
6012,16131
8585,16131
33463,16131
126540,16131
7806,16131
16924,16131
85565,16131
86271,16131
86274,16131
27502,646386
27704,646386
86019,16131
97698,16131
125556,16131
5973,16131
6076,16131
11205,16131
27247,16131
17899,16131
150955,121275
11891,16131
21598,16131
12568,16131
12880,16131
5978,16131
6114,16131
13004,16131
29166,331190
30046,331190
19490,16131
20579,16131
8940,16131
12508,16131
37311,16131
12896,16131
5993,16131
6208,16131
30399,16131
30632,16131
8742,16131
33842,16131
35027,16131
27451,16131
27545,16131
15988,16131
16343,16131
16513,16131
16666,16131
15207,16131
11263,16131
11939,16131
33558,121279
33190,16131
33559,16131
24655,16131
16781,16131
6182,16131
6508,16131
35048,16131
33736,16131
12628,16131
32534,16131
5840,16131
7294,16131
22758,16131
22496,16131
22007,16131
14786,16131
33036,16131
33173,16131
17395,16131
22779,16131
16683,16131
20842,16131
20496,16131
30400,16131
30534,16131
32928,16131
12017,16131
16346,16131
37004,16131
32927,16131
33049,16131
32535,16131
8452,16131
16890,16131
17378,16131
12926,16131
11337,16131
16771,16131
5944,16131
12670,16131
21372,16131
21792,16131
11959,16131
33680,16131
16647,16131
11985,16131
6470,16131
6610,16131
6181,16131
16139,16131
12053,16131
14724,16131
15149,16131
7268,16131
6166,16131
5802,16131
17336,16131
6596,16131
6680,16131
6645,16131
6764,16131
30733,16131
11751,16131
28559,646386
6727,16131
6874,16131
17502,16131
9653,16131
16642,16131
29165,331190
33496,16131
33631,16131
28462,16131
6071,16131
6354,16131
6801,16131
6952,16131
11611,16131
12063,16131
11379,16131
16612,16131
16994,16131
12359,16131
12782,16131
17988,16131
150956,226423
30674,16131
5908,16131
19492,16131
21575,16131
14646,16131
14829,16131
19048,16131
17381,16131
17574,16131
17534,16131
11782,16131
6953,16131
7032,16131
22795,16131
6446,16131
6949,16131
7096,16131
15099,16131
15661,16131
14773,16131
24173,16131
11084,16131
37418,16131
37502,16131
17656,16131
17676,16131
7077,16131
27792,646386
85566,16131
5766,16131
6213,16131
6588,16131
16580,16131
16997,16131
30536,16131
30686,16131
29426,331190
97553,16131
8014,16131
21122,16131
20934,16131
15877,16131
85491,16131
85941,16131
12674,16131
7256,16131
7948,16131
17234,16131
33673,16131
6434,16131
6562,16131
27054,16131
27683,16131
85492,16131
14726,16131
15032,16131
7989,16131
15197,16131
5879,16131
12454,16131
13927,16131
27824,594053
27904,699057
32388,16131
12079,16131
124150,16131
125323,16131
123786,16131
124153,16131
6301,16131
123582,16131
123801,16131
123342,16131
123593,16131
123341,16131
123343,16131
16420,16131
16839,16131
24175,16131
14586,16131
17134,16131
29718,331190
30426,331190
20495,16131
20660,16131
15199,16131
15561,16131
53252,68671
53257,16131
21914,16131
21650,16131
5765,16131
5809,16131
7248,16131
7517,16131
21304,16131
14669,16131
84361,16131
85174,16131
32395,16131
6589,16131
123005,16131
123006,16131
14930,16131
5812,16131
151736,16131
17382,16131
17415,16131
151730,16131
27727,16131
85838,16131
6397,16131
10374,16131
7045,16131
85062,16131
6729,16131
5923,16131
12372,16131
15713,16131
15757,16131
6815,16131
17551,16131
123007,16131
124426,16131
124424,16131
17173,16131
20520,16131
7242,16131
7922,16131
5854,16131
123020,16131
14462,16131
16941,16131
17081,16131
30906,16131
31248,16131
12115,16131
125064,16131
19651,16131
19557,16131
19658,16131
19755,16131
9166,16131
9528,16131
13018,16131
27505,16131
27879,16131
8385,16131
21084,16131
21482,16131
24657,16131
7919,16131
8123,16131
17019,16131
16811,16131
85034,16131
84964,16131
85520,16131
14641,16131
15533,16131
19758,16131
19845,16131
124423,16131
17615,16131
19539,16131
19587,16131
28558,646386
84997,16131
17492,16131
6015,16131
11826,16131
124985,16131
17097,16131
7911,16131
7912,16131
30687,16131
8087,16131
8189,16131
16911,16131
15631,16131
15871,16131
14860,16131
15260,16131
16755,16131
122592,16131
123034,16131
122591,16131
122559,16131
8153,16131
8265,16131
84884,16131
85401,16131
16979,16131
14600,16131
23973,16131
7232,16131
7876,16131
8217,16131
11624,16131
124888,16131
17569,16131
5853,16131
15815,16131
8365,16131
19846,16131
19913,16131
14388,16131
20830,16131
84768,16131
85292,16131
19540,16131
19567,16131
6139,16131
20519,16131
20688,16131
6976,16131
5925,16131
16378,16131
16707,16131
123036,16131
124790,16131
28059,16131
14949,16131
15143,16131
15588,16131
17537,16131
11422,16131
6258,16131
6867,16131
18454,16131
19816,16131
84684,16131
85183,16131
17017,16131
17157,16131
22299,16131
22420,16131
7218,16131
7384,16131
6303,16131
19514,16131
7802,16131
31818,16131
19815,16131
6869,16131
15799,16131
123050,16131
14322,16131
91105,68701
91106,68701
7520,16131
7697,16131
14909,16131
15019,16131
19583,16131
16907,16131
124683,16131
84602,16131
85049,16131
26186,2
26307,2
7833,16131
19725,16131
19924,16131
20689,16131
6017,16131
16267,16131
16481,16131
16165,16131
21046,16131
32396,16131
6340,16131
5256,16131
4850,16131
5254,16131
4810,16131
7174,16131
19600,16131
19614,16131
19726,16131
53300,121237
6399,16131
28461,16131
19635,16131
7070,16131
27654,16131
27653,16131
97400,16131
5715,16131
5552,16131
14792,16131
16551,16131
16622,16131
6412,16131
84601,16131
84966,16131
15301,16131
15239,16131
15355,16131
123098,16131
15492,16131
9319,16131
15692,16131
124518,16131
16869,16131
17426,16131
17001,16131
16719,16131
14888,16131
8213,16131
19767,16131
24434,2
26205,2
14213,16131
14366,16131
20831,16131
23938,16131
26540,2
7104,16131
7710,16131
6142,16131
6167,16131
16927,16131
15010,16131
20924,16131
21256,16131
7801,16131
14791,16131
39309,16131
123083,16131
14347,16131
39311,16131
7800,16131
16853,16131
19867,16131
84229,16131
84755,16131
16791,16131
124365,16131
19681,16131
7742,16131
4872,16131
6960,16131
7641,16131
14737,16131
16240,16131
7759,16131
4626,16131
16754,16131
27786,16131
39838,16131
26779,2
15471,16131
12758,16131
11628,16131
12566,16131
12726,16131
84021,16131
84565,16131
12854,16131
13538,16131
14067,16131
5848,16131
5670,16131
15362,16131
21092,16131
21392,16131
124067,16131
11284,16131
62724,16131
123051,16131
16894,16131
14841,16131
12514,16131
12444,16131
6948,16131
7440,16131
15568,16131
16424,16131
14805,16131
10648,16131
13421,16131
6890,16131
7419,16131
14739,16131
8252,16131
9393,16131
14521,16131
14274,16131
14573,16131
14637,16131
19940,16131
16865,16131
20874,16131
15181,16131
111311,16131
101959,16131
105512,16131
111645,16131
17941,121279
18015,16131
4712,16131
24800,2
82726,16131
6814,16131
7415,16131
6257,16131
91107,68701
94650,16131
10536,16131
11238,16131
111648,16131
111819,16131
16674,16131
18453,16131
19395,16131
67006,16131
6784,16131
7356,16131
121744,16131
121743,16131
30063,331190
29599,331190
67001,16131
67053,16131
122508,16131
28196,16131
14614,16131
14848,16131
3984,68601
106460,16131
112213,16131
16759,16131
12318,16131
8264,16131
6260,16131
6722,16131
7298,16131
12611,16131
21254,16131
14657,16131
15122,16131
15513,16131
106854,16131
114605,16131
7687,16131
14486,16131
14242,16131
14352,16131
26886,16131
27657,16131
6620,16131
7272,16131
12664,16131
22242,16131
5984,16131
5968,16131
19284,16131
18130,16131
18432,16131
6342,16131
13993,16131
11153,16131
7617,16131
8569,16131
8339,16131
16527,16131
11410,16131
28635,16131
15079,16131
67094,16131
6619,16131
7112,16131
11412,16131
11776,16131
29020,331190
13280,16131
16498,16131
14958,16131
6414,16131
6914,16131
11559,16131
11982,16131
8468,16131
6978,16131
14566,16131
12164,16131
12542,16131
8221,16131
21982,16131
76705,16131
76706,16131
11818,16131
6701,16131
13838,16131
14489,16131
10317,16131
10759,16131
28975,16131
12324,16131
11969,16131
12384,16131
7651,16131
7809,16131
19804,16131
7434,16131
24433,2
12137,16131
31819,16131
75043,16131
7765,16131
109228,16131
121625,16131
14911,16131
12640,16131
31047,331190
19538,16131
19956,16131
16463,16131
16813,16131
19404,16131
12273,16131
12814,16131
10701,16131
5554,16131
8605,16131
14324,16131
14865,16131
12848,16131
13048,16131
8136,16131
7972,16131
20236,16131
19690,16131
5468,16131
5689,16131
21175,173793
22249,173817
6148,16131
22626,173817
13296,16131
8550,16131
13061,16131
13508,16131
3866,68601
3954,68601
94651,121279
96968,16131
6175,16131
5918,16131
96882,16131
7598,16131
7597,16131
14700,16131
4930,16131
12795,16131
13652,16131
11050,16131
19980,16131
10617,16131
17892,16131
18065,16131
19426,16131
27301,16131
28450,16131
13037,16131
23992,2
8137,16131
2218,68601
13743,16131
26875,16131
27091,16131
5850,16131
26876,16131
30953,16131
30954,16131
3829,68601
10618,16131
10991,16131
67225,16131
18148,16131
22345,173793
3870,173795
8642,16131
9285,16131
9735,16131
18093,16131
8292,16131
8291,16131
3830,68601
5602,16131
63008,16131
6436,16131
11008,16131
17945,16131
18153,16131
125764,16131
127424,16131
130290,16131
17532,16131
22259,173793
9649,16131
66162,0
66161,0
63140,16131
62531,16131
67188,16131
67222,16131
122245,16131
7766,16131
63007,16131
60696,16131
10844,16131
10893,16131
66651,0
66585,0
23488,2
23487,2
23875,2
23967,2
11429,16131
17485,16131
151167,16131
16016,16131
8399,16131
29656,16131
24180,2
8025,16131
27382,16131
29007,16131
11659,16131
7973,16131
21249,173793
22261,173793
10952,16131
23345,2
23609,2
66134,0
66133,0
23891,2
27205,16131
29861,16131
9286,16131
66103,0
66104,0
3628,226078
19988,16131
26859,16131
11384,16131
19283,16131
3634,16131
4016,173795
9287,16131
10162,16131
67649,16131
8555,16131
11903,16131
151113,0
151114,0
10872,16131
12119,16131
19428,16131
8592,16131
12699,16131
31280,16131
11133,16131
9651,16131
9887,16131
18704,16131
23739,2
21005,331497
5851,16131
11589,16131
11639,16131
31371,16131
31348,16131
11911,16131
12415,16131
26683,16131
27240,16131
10834,16131
11313,16131
12827,16131
12179,16131
12549,16131
11017,16131
23936,2
21413,173793
151721,16131
151748,16131
12301,16131
151743,16131
8594,16131
8608,16131
10766,16131
12433,16131
31345,16131
30836,16131
20319,16131
21199,331497
12643,16131
19699,16131
3882,16131
66401,0
66570,0
30713,16131
23346,2
12799,16131
62695,16131
7747,16131
8101,16131
11285,16131
27543,16131
16517,16131
5467,16131
10974,16131
8495,16131
8626,16131
7861,16131
26684,16131
66901,0
10732,16131
8287,16131
8119,16131
11260,16131
8090,16131
8536,16131
8674,16131
67602,16131
67944,16131
8097,16131
67363,16131
150979,0
150980,0
18375,16131
8496,16131
8518,16131
60976,16131
62221,16131
62222,16131
16271,16131
22596,16131
10910,16131
20097,277700
10714,16131
21201,331497
21309,331497
22606,16131
24255,173847
23498,2
8155,16131
11163,16131
11476,16131
16233,121275
16543,16131
16341,121275
8528,16131
8696,16131
10660,16131
10889,16131
39310,16131
11621,16131
7864,16131
7999,16131
67270,16131
30955,16131
11082,16131
8728,16131
67470,16131
10518,16131
10390,16131
8061,16131
8139,16131
10161,16131
8554,16131
39837,16131
3200,587274
11943,16131
10544,16131
10821,16131
3211,382861
11361,16131
20162,16131
12263,16131
122761,16131
61325,16131
63364,16131
12104,16131
150998,277700
20218,277700
8758,16131
53324,121237
54084,173807
12305,16131
10391,16131
8002,16131
12459,16131
24258,173847
24739,16131
30803,16131
11055,16131
11493,16131
30837,16131
26575,173847
25255,173847
9006,16131
10289,16131
61511,16131
20286,16131
11183,16131
10508,16131
10998,16131
20285,173072
8848,16131
20253,277700
20273,225776
66904,0
12438,16131
12221,16131
11190,16131
10919,16131
8253,16131
2122,68601
2294,68601
121975,16131
20381,277700
2508,68601
2444,68601
27190,16131
52069,16131
52060,16131
20312,16131
8411,16131
11184,16131
9367,16131
9368,16131
22067,16131
151008,16131
23628,16131
61089,16131
30714,16131
26768,16131
20800,16131
151003,16131
135394,0
135393,0
2398,68601
20217,277700
9060,16131
106946,16131
26781,16131
27943,68705
2274,68601
8175,16131
106948,16131
107762,16131
67227,16131
19752,277700
19618,277700
8892,16131
20359,277700
10922,16131
19500,277700
19643,277700
40000,16131
19312,277700
19527,277700
8297,16131
67280,16131
9498,16131
60141,68704
60142,16131
59128,68704
60522,16131
10481,16131
19160,277700
19373,277700
30395,16131
30529,16131
80098,16131
67425,278971
19159,277700
19216,277700
19156,277700
62605,16131
60523,16131
19856,277700
19855,277700
16500,0
16499,0
60697,16131
59755,16131
67362,16131
72329,16131
8479,16131
22068,16131
9130,16131
8152,16131
60698,16131
151672,16131
11847,16131
8986,16131
59177,16131
59178,16131
21093,16131
22650,16131
59071,16131
58151,16131
11947,16131
18394,277700
18294,277700
18508,277700
20076,277700
80099,16131
90710,16131
8425,16131
8099,16131
8239,16131
58144,68705
11189,16131
18144,277700
18326,277700
47922,16131
45320,16131
47946,16131
19369,277700
45364,16131
2222,68601
2286,68601
25657,16131
9544,16131
57368,16131
107763,16131
8678,16131
19859,277700
19972,277700
18014,277700
18152,277700
26455,16131
26861,16131
2098,68601
58936,16131
57375,16131
19659,277700
23627,16131
12328,16131
20038,277700
9222,16131
20301,277700
20259,277700
19254,277700
54248,68701
19990,16131
17924,277700
18044,277700
19258,277700
120921,16131
19152,277700
19120,277700
8832,16131
9076,16131
20149,277700
20294,277700
19263,277700
19664,277700
19691,277700
20016,277700
54317,16131
18830,277700
19203,277700
2512,68601
16545,16131
16589,277700
18854,277700
17780,277700
17934,277700
8831,16131
8903,16131
10367,16131
10705,16131
12693,16131
19255,277700
10003,16131
10506,16131
20029,277700
2097,68601
2536,68601
13182,16131
19305,277700
26566,16131
26969,16131
52286,16131
53247,16131
19250,277700
18550,277700
17660,277700
17798,277700
20035,277700
20186,277700
18186,277700
18185,277700
18191,277700
18220,277700
8241,16131
8809,16131
9849,16131
10086,16131
26131,16131
18162,277700
12249,16131
30532,16131
9241,16131
9454,16131
12690,16131
17484,277700
17684,277700
18267,277700
16602,277700
17009,277700
127891,16131
20454,277700
19967,277700
20071,277700
26736,16131
27087,16131
17350,277700
17633,277700
8905,16131
8927,16131
11321,16131
12252,16131
59116,16131
25685,16131
26326,16131
18855,277700
19002,277700
133223,16131
134612,16131
72350,16131
19837,277700
19998,277700
40747,16131
40993,16131
17872,277700
22989,16131
59077,68677
11075,16131
11741,16131
89682,16131
93804,16131
18005,277700
14082,16131
13726,16131
104918,16131
112396,16131
19411,277700
24782,16131
53332,384141
53520,226381
40828,16131
41222,16131
19288,277700
19683,277700
19904,277700
93786,16131
95968,16131
11201,16131
24829,16131
26828,16131
27183,16131
25943,16131
26664,16131
95934,16131
96304,16131
8893,16131
96012,16131
30789,226395
18594,277700
96098,16131
96839,16131
18035,277700
14378,16131
53140,16131
53249,16131
18334,277700
19577,277700
19722,277700
93758,16131
95750,16131
10638,16131
21235,16131
20783,16131
120922,16131
53385,16131
95692,16131
95910,16131
8954,16131
9103,16131
10781,16131
53274,16131
116272,16131
45230,16131
17344,277700
18173,277700
25629,16131
26578,16131
18221,277700
41346,16131
45283,16131
26981,16131
27465,16131
48070,16131
19437,277700
19596,277700
53521,16131
53386,16131
41544,16131
48023,16131
19076,277700
93598,16131
94808,16131
13416,16131
52977,16131
94790,16131
19329,277700
95593,16131
95851,16131
11293,16131
17555,277700
19231,277700
21629,16131
25448,16131
26098,16131
19368,277700
19473,277700
23392,16131
20786,16131
21672,16131
30012,0
30011,0
20367,16131
22670,16131
26776,16131
27135,16131
22730,16131
25067,16131
30573,0
30574,0
16386,277700
11917,16131
16338,277700
16366,277700
19310,277700
94771,16131
18317,277700
19325,277700
95835,16131
25356,16131
18919,277700
53273,16131
94679,16131
95109,16131
95039,16131
95527,16131
11397,16131
95467,16131
18959,277700
25173,16131
25701,16131
12183,16131
13894,16131
19359,277700
24705,16131
67442,16131
26529,16131
27263,16131
96573,16131
103922,16131
16326,277700
16325,277700
19951,16131
20487,16131
11333,16131
93578,16131
10924,16131
11836,16131
26346,16131
21019,16131
21020,16131
20753,16131
52577,16131
25437,16131
24706,16131
25360,16131
8750,16131
8899,16131
16978,277700
16368,277700
16494,277700
14660,16131
14530,16131
16540,277700
10393,16131
10394,16131
53389,16131
18367,277700
20631,16131
21162,16131
18467,277700
10635,16131
4566,0
4565,0
93548,16131
14623,16131
13399,16131
12068,16131
16554,277700
26707,16131
27391,16131
25143,16131
8968,16131
9074,16131
10554,16131
11160,16131
9692,16131
9586,16131
25971,16131
10050,16131
22722,16131
13333,16131
14769,16131
43023,16131
13880,16131
8929,16131
95977,16131
42682,16131
81232,16131
8771,16131
9031,16131
10049,16131
93514,16131
94567,16131
20773,16131
21528,16131
9585,16131
9702,16131
71780,16131
81183,16131
94506,16131
95515,16131
17586,277700
17825,277700
95492,16131
95659,16131
17388,277700
14987,16131
20307,16131
25607,16131
7997,16131
14981,16131
53876,384059
26251,16131
21630,16131
17040,277700
16376,277700
26847,16131
10174,16131
13208,16131
9312,16131
21671,16131
9279,16131
99782,16131
98824,16131
99684,16131
101618,16131
17268,277700
93452,16131
21802,16131
22674,16131
30804,16131
94449,16131
9227,16131
9228,16131
22740,16131
10402,16131
11436,16131
95240,16131
21829,16131
22723,16131
26973,16131
96223,16131
100595,16131
102877,16131
21712,16131
52657,16131
53847,121229
25873,16131
20730,16131
9826,16131
26769,16131
41233,16131
17220,277700
17140,277700
12338,16131
99359,16131
93436,16131
104917,16131
105058,16131
9391,16131
106144,16131
12718,16131
21740,16131
21846,16131
53286,68655
94385,16131
22201,16131
93390,16131
51907,16131
9577,16131
25580,16131
94318,16131
18223,277700
9534,16131
68638,16131
74274,16131
41570,16131
9899,16131
20994,16131
20534,16131
20846,16131
8866,16131
9858,16131
26177,16131
11437,16131
11862,16131
13097,16131
22288,16131
43022,16131
21026,16131
93354,16131
98985,16131
94241,16131
42681,16131
10090,16131
20652,16131
95185,16131
9771,16131
25056,16131
7767,16131
8033,16131
67496,16131
67558,16131
67475,278971
67479,331548
9734,16131
25055,16131
25796,16131
8680,16131
9494,16131
7791,16131
8227,16131
20309,16131
26561,16131
51892,16131
64164,16131
93316,16131
7527,16131
10572,16131
95524,16131
51891,16131
7557,16131
8353,16131
8542,16131
8794,16131
20516,16131
20866,16131
51908,16131
11811,16131
14229,16131
11434,16131
25065,16131
26066,16131
93272,16131
95106,16131
20700,16131
8404,16131
8668,16131
95068,16131
7177,16131
95205,16131
54580,541661
10235,16131
81029,16131
81030,16131
21010,16131
102878,16131
9924,16131
22766,16131
22928,16131
7201,16131
7729,16131
23806,68701
23805,68701
10722,16131
53859,68655
8546,16131
53862,68655
56199,121202
102691,16131
114130,16131
39293,16131
39294,16131
93092,16131
22560,16131
25073,16131
26318,16131
8868,16131
94895,16131
21619,16131
22619,16131
8375,16131
17775,68703
15920,68703
21620,16131
21076,16131
20808,16131
21238,16131
98986,16131
151472,0
46393,0
46663,0
46939,0
151462,0
62607,16131
6497,16131
45607,0
46541,0
151459,0
46940,0
50212,16131
6740,16131
7339,16131
8784,16131
9134,16131
96224,16131
95939,16131
151460,0
50239,16131
7855,16131
46699,0
56059,541661
55752,541661
56077,541661
67619,16131
46700,0
55751,541661
95226,16131
96099,16131
67612,278971
102499,16131
103269,16131
10178,16131
94565,16131
25696,16131
10153,16131
8702,16131
9036,16131
10502,16131
10884,16131
67790,16131
67793,16131
20938,16131
21338,16131
46179,0
8487,16131
46180,0
8604,16131
8888,16131
46120,0
46119,0
25083,16131
22720,16131
14403,16131
8804,16131
79520,16131
88758,16131
22666,16131
7479,16131
8127,16131
45608,0
45828,0
46144,0
46426,0
93040,16131
47838,16131
47667,16131
46614,0
6536,16131
6692,16131
67440,331548
67491,16131
8537,16131
94837,16131
55115,541661
55221,541661
55757,541661
47623,0
46681,0
104196,16131
22745,16131
22772,16131
48796,16131
53287,68655
47907,16131
48771,16131
49452,16131
5813,16131
46474,0
9080,16131
10604,16131
47725,16131
47964,16131
8671,16131
49474,16131
92582,16131
10531,16131
5841,16131
6622,16131
9198,16131
46644,0
95208,16131
11086,16131
95591,16131
112341,16131
116465,16131
48214,16131
46386,0
47643,16131
47723,16131
46583,0
100311,16131
100004,16131
7707,16131
48330,16131
48418,16131
47547,16131
48130,16131
11596,16131
12872,16131
67497,16131
67791,16131
54774,541661
47443,16131
48042,16131
67563,16131
67794,16131
67659,16131
47369,16131
47940,16131
45949,16131
47303,16131
47884,16131
67472,16131
25932,173835
25172,173835
47304,16131
47796,16131
67356,16131
67473,16131
67578,16131
47698,16131
46222,16131
67359,16131
46734,0
8775,16131
9412,16131
49433,16131
49434,16131
67355,647017
8753,16131
24881,68701
67427,16131
67501,16131
46529,0
46812,0
67503,16131
46530,0
46795,0
67360,16131
23243,16131
12268,16131
22798,16131
64263,16131
49368,16131
49512,16131
6432,16131
46970,0
64858,16131
49381,68705
47219,0
66952,121277
56244,121207
8533,16131
48265,16131
67611,16131
12948,16131
65382,16131
95198,16131
95357,16131
22691,0
22569,0
66961,16131
7751,16131
22570,0
8885,16131
9041,16131
8859,16131
65679,173845
6266,16131
6524,16131
47004,0
11306,226427
3022,587274
47084,0
11275,16131
3067,537526
3741,278367
46798,0
8397,16131
8646,16131
10137,226395
67620,16131
7331,16131
7771,16131
6104,16131
6336,16131
7795,16131
8580,16131
5385,16131
13222,16131
8999,16131
7332,16131
48304,16131
5566,16131
5885,16131
22810,16131
24766,16131
9785,226395
10740,226395
5996,16131
6151,16131
59650,16131
95880,16131
57950,121207
59371,121232
106145,16131
107640,16131
6742,16131
82663,16131
95036,16131
8808,16131
7372,16131
100006,16131
105506,16131
46986,16131
48305,16131
6032,16131
9237,16131
7813,16131
10326,226395
8914,16131
48266,541871
47728,16131
22706,0
45712,16131
94586,16131
95200,16131
7398,16131
151477,16131
8306,16131
8598,16131
5893,16131
6828,16131
52086,68655
112342,16131
112946,16131
52093,68655
6366,16131
6580,16131
7859,16131
8358,16131
95189,16131
95857,16131
25266,16131
95143,16131
6384,16131
2556,0
2555,0
95860,16131
5405,16131
5595,16131
9096,16131
24809,16131
50748,68655
7408,16131
9415,16131
7879,16131
5992,16131
51217,68655
67742,16131
68142,16131
6010,16131
95145,16131
5919,16131
56260,173780
67621,16131
7917,16131
45747,541871
47416,16131
46648,16131
46116,16131
46577,16131
8622,16131
67729,16131
68015,16131
5189,16131
5204,16131
5439,16131
7442,16131
5603,16131
8394,16131
6202,16131
6406,16131
2854,587274
9565,226395
6174,16131
3743,278367
7931,16131
6189,16131
8959,16131
5780,16131
5941,16131
46655,16131
46782,16131
6028,16131
9056,16131
5710,16131
5821,16131
95042,16131
46723,16131
95797,16131
46928,16131
5727,16131
6898,16131
8652,16131
7955,16131
5560,16131
23873,16131
23363,16131
47121,16131
6592,16131
8430,16131
6452,16131
2941,587274
5214,16131
14697,16131
15104,16131
94928,16131
94969,16131
6096,16131
7490,16131
44072,16131
6101,16131
23619,16131
46545,16131
45349,16131
7959,16131
152314,16131
152309,16131
5987,16131
8005,16131
15230,16131
5250,16131
47371,16131
8712,16131
14215,331364
22812,16131
23302,16131
7512,16131
15455,16131
44297,16131
6966,16131
6480,16131
50776,68655
50864,68655
5393,16131
5370,16131
8041,16131
47374,16131
48311,16131
6125,16131
45805,16131
5251,16131
7530,16131
48244,16131
50720,68655
68245,16131
68208,16131
49566,278940
50733,68655
13921,331435
14182,331341
50627,384069
50801,384069
8065,16131
150909,331341
14181,331341
53146,68655
53189,436641
49625,121263
6552,16131
13496,16131
13881,68699
7566,16131
13922,173734
12792,278914
13992,278776
2088,587274
2087,587274
65415,121263
40442,16131
2128,587274
2183,587274
5997,16131
41699,16131
12155,16131
13497,16131
56201,699530
56213,68705
58010,121253
54857,16131
57955,16131
23245,16131
67062,16131
67061,16131
2307,587274
48502,16131
49014,16131
152322,173734
2210,587274
2411,587274
2947,587274
12791,173839
2396,587274
48787,16131
48823,16131
94786,16131
54858,226425
57257,16131
84872,16131
24454,173835
27959,173835
11780,16131
152317,16131
47912,226301
47911,226301
11535,223563
6613,223563
48896,16131
48985,16131
47914,226301
48013,226301
62768,121279
2820,587274
13816,278776
14003,331350
64861,226419
65435,173833
11754,173850
46409,226301
48185,226301
2085,587274
23786,16131
66722,226405
94887,16131
11533,16131
13246,173734
2439,0
2440,0
49504,173852
49570,226407
49612,121263
49521,68705
23436,16131
2086,587274
23399,16131
94274,68703
94787,16131
49407,16131
49591,16131
66721,226405
13815,278776
13945,278776
10610,16131
49646,16131
13245,173734
48188,226301
48257,226301
49042,16131
94888,16131
94665,16131
13874,278776
51258,16131
47731,226301
48475,226301
51193,16131
23426,16131
43359,16131
41525,16131
21393,16131
21394,16131
23427,16131
14684,278776
49395,16131
13851,278776
14649,278776
48805,16131
49394,16131
48547,226301
49266,16131
10499,16131
13225,16131
46410,226301
150897,16131
63613,16131
2208,587274
40363,16131
39414,16131
30281,16131
48627,226301
94016,16131
94141,16131
48550,226301
12195,16131
2207,587274
30214,436667
47480,226418
49265,16131
46559,226301
47478,226418
22112,16131
21858,16131
21523,16131
23282,16131
21472,16131
21503,16131
13301,173734
47732,226301
65763,16131
65764,16131
21153,16131
21154,16131
79519,16131
12196,16131
13226,16131
39352,16131
11447,16131
11448,16131
11192,16131
11191,16131
4704,220807
150872,223563
39384,16131
23457,16131
11069,16131
11070,16131
39660,16131
42744,173757
8595,16131
10943,16131
10944,16131
2143,587274
2132,587274
13300,173734
23561,16131
107484,16131
107184,16131
11538,16131
23283,16131
47437,16131
12292,16131
12291,16131
94574,16131
95124,16131
107222,16131
107417,68701
107367,68701
107384,68701
46981,16131
47023,68703
11932,16131
12025,16131
93588,68703
94214,16131
106859,16131
107314,16131
103827,16131
106988,16131
11271,16131
12425,16131
38444,16131
11688,16131
39290,16131
102281,16131
103814,16131
38418,16131
39327,16131
2131,587274
2104,587274
23519,16131
2578,587274
100587,16131
102050,16131
38411,16131
39353,16131
12187,16131
98563,16131
101827,16131
39494,16131
50459,16131
11357,16131
37235,16131
39421,16131
95221,16131
99005,16131
94559,16131
106165,16131
94191,16131
94465,16131
93569,16131
94127,16131
39659,16131
90281,16131
20970,16131
39658,16131
11140,16131
50364,16131
88945,16131
90402,16131
86299,16131
88990,16131
12401,16131
101904,16131
102526,16131
107061,0
107062,0
11521,16131
84169,16131
86340,16131
1909,587274
1910,587274
17965,16131
17743,16131
17998,16131
18377,16131
39657,16131
1904,587274
1903,587274
82531,16131
84192,16131
34551,16131
11915,16131
80705,16131
82564,16131
36213,16131
16510,16131
93995,16131
76156,16131
79529,16131
11278,16131
94159,16131
80587,16131
19830,16131
79581,16131
39678,16131
1793,587274
2811,587274
40208,16131
2387,587274
2388,587274
105928,16131
105927,16131
12152,16131
59529,68687
11074,16131
106940,16131
98947,16131
100156,16131
101784,16131
101783,16131
84218,16131
11907,16131
82562,16131
105903,16131
105416,16131
106680,16131
89064,16131
62873,226417
63624,16131
102997,16131
23521,16131
13616,278776
104070,16131
2389,587274
11951,16131
13627,16131
86484,16131
11530,16131
63919,16131
2392,587274
68218,16131
107008,16131
81966,16131
68125,16131
84272,16131
98799,16131
102776,16131
3319,0
3320,0
14584,278776
82610,16131
14691,278776
105119,16131
92199,16131
93831,16131
81787,16131
107467,16131
106551,16131
19461,16131
19197,16131
92234,16131
14655,278776
90432,16131
63920,16131
106172,16131
106217,16131
8557,16131
9516,16131
14675,278776
15344,331350
19564,16131
18896,16131
19398,16131
107753,16131
106548,16131
105120,16131
15297,278776
1741,587274
1918,587274
18352,16131
18374,16131
104026,16131
4717,273351
9479,16131
62740,16131
62784,121275
36327,16131
89066,16131
89114,16131
60844,68687
62749,16131
79597,16131
62812,226417
1742,587274
84290,16131
93961,16131
93833,16131
18908,16131
19271,16131
82646,16131
62657,16131
62759,16131
17164,16131
17076,16131
19487,16131
17952,16131
17731,16131
68211,16131
72738,16131
60857,16131
1721,587274
84348,16131
79611,16131
81634,16131
102301,16131
103114,16131
82666,16131
11865,16131
17075,16131
17628,16131
108759,16131
108760,16131
19148,16131
108762,16131
109794,16131
98725,16131
101299,16131
62851,16131
11598,16131
12168,16131
1673,587274
1836,587274
62886,16131
101300,16131
106219,16131
16462,16131
101600,16131
19259,16131
17680,16131
19800,16131
101997,16131
103782,16131
83716,16131
82690,16131
19545,16131
91816,16131
17229,16131
79645,16131
81166,16131
11453,16131
16318,16131
17346,16131
64550,16131
64270,16131
14372,278882
97233,16131
98663,16131
107886,16131
107488,16131
86488,16131
23562,68704
23579,16131
100774,16131
100543,16131
103942,16131
103856,16131
11245,68695
102302,16131
1814,587274
23499,68704
62852,16131
86544,16131
94230,16131
62885,16131
38502,16131
38501,16131
39202,16131
104238,16131
1631,587274
62930,16131
62986,16131
92246,16131
98447,16131
23528,16131
84478,16131
82692,16131
82667,16131
64448,16131
17414,16131
103783,16131
18955,16131
19383,16131
18895,16131
79677,16131
13789,16131
13833,16131
102167,16131
55143,16131
55091,16131
17561,16131
17863,16131
39420,16131
15524,16131
16713,16131
11071,121261
11646,68695
102168,16131
35115,16131
36215,16131
48855,16131
48725,16131
104310,16131
104563,16131
93699,16131
96226,16131
1868,587274
110399,16131
110400,16131
30282,16131
93656,16131
101328,16131
100973,16131
102017,16131
92969,16131
36253,16131
36373,16131
36402,16131
49357,16131
49358,16131
30213,646947
46436,16131
23465,16131
107394,16131
110555,16131
110556,16131
36254,16131
35186,16131
79699,16131
80988,16131
43963,16131
46395,16131
23523,16131
68212,16131
70907,16131
40778,16131
23272,16131
1541,587274
1798,587274
19031,16131
2845,587274
24049,16131
2518,587274
65337,68705
65338,16131
98121,16131
99823,16131
10751,173829
11366,121261
55067,16131
55738,16131
110779,16131
110780,16131
107904,16131
105643,16131
86584,16131
88704,16131
95949,16131
97136,16131
2538,692414
101701,16131
107315,16131
36589,16131
36430,16131
13303,16131
13304,16131
17778,16131
17777,16131
82569,16131
17814,16131
101573,16131
98050,16131
13178,16131
55037,16131
55248,16131
82469,16131
17119,16131
83303,16131
49359,16131
49438,16131
14457,16131
111040,16131
111710,16131
110576,16131
17460,16131
110468,16131
59595,68695
36590,16131
83191,16131
83687,16131
14411,16131
16830,16131
17536,16131
12897,16131
12898,16131
17792,16131
17811,16131
18250,16131
36429,16131
80857,16131
80858,16131
54973,16131
55111,16131
19186,16131
23274,16131
97581,16131
18774,16131
101440,16131
62854,16131
63025,16131
59587,16131
88632,16131
92242,16131
63058,16131
17611,16131
63120,16131
80839,16131
40284,16131
61904,16131
62992,16131
82470,16131
35850,16131
36573,16131
80793,16131
81546,16131
88625,16131
108252,16131
108251,16131
16845,16131
16807,16131
105644,16131
48545,16131
17691,16131
17823,16131
79843,16131
79906,16131
105441,16131
10625,384127
11148,489273
82303,16131
12557,16131
12558,16131
54927,16131
55065,16131
93540,16131
101276,16131
103902,16131
83487,16131
108254,16131
108813,16131
1782,587274
80202,16131
80201,16131
80332,16131
80771,16131
30336,16131
30358,16131
30223,646947
30277,646947
109824,16131
33333,16131
33334,16131
32386,16131
109473,16131
110016,16131
17694,16131
17769,16131
1781,587274
33114,16131
88621,16131
89489,16131
82898,16131
31894,16131
54823,16131
54995,16131
33244,68691
33243,68691
32389,68691
33133,16131
1525,587274
1775,587274
55245,16131
55706,16131
13584,16131
31941,68691
108816,16131
109241,16131
84986,16131
110924,16131
49546,16131
15942,16131
62813,16131
62814,16131
101204,16131
103222,16131
88151,16131
89464,16131
101190,16131
101189,16131
92219,16131
9912,16131
10928,384127
95641,16131
96329,16131
65348,16131
65852,16131
17897,16131
109244,16131
82178,16131
82717,16131
96332,16131
96623,16131
110084,16131
84803,16131
86536,16131
59585,68687
103096,16131
80360,16131
16644,16131
96626,16131
61604,16131
61258,16131
54603,16131
54895,16131
109415,16131
110120,16131
101046,16131
9274,16131
9885,68705
54901,16131
55294,16131
93251,16131
109063,16131
13290,16131
110610,16131
111017,16131
89352,16131
92216,16131
14482,16131
18420,16131
18439,16131
25156,0
25155,0
37745,16131
37030,16131
1526,587274
1740,587274
16643,16131
48365,16131
49121,16131
16704,16131
97417,16131
54711,16131
54959,16131
55163,16131
55386,16131
100912,16131
103258,16131
35143,16131
31893,16131
84286,16131
84285,16131
100760,16131
100759,16131
84176,16131
17960,16131
150963,16131
150965,16131
18442,16131
9127,16131
9430,16131
18105,16131
150964,16131
150966,16131
86327,16131
86978,16131
54775,16131
54843,16131
92173,16131
82022,16131
107316,16131
35330,16131
35970,16131
80376,16131
31942,68691
86643,16131
88200,16131
79920,16131
83351,16131
89351,16131
84678,16131
85207,16131
55257,16131
55442,16131
112156,16131
111857,16131
102986,16131
35230,384142
82246,16131
89354,16131
90616,16131
49618,16131
97325,16131
98970,16131
33540,16131
35201,16131
111020,16131
111185,16131
84673,16131
85571,16131
107083,16131
1621,482365
1622,482365
109064,16131
84016,16131
64458,16131
65440,16131
8833,16131
9173,16131
97297,16131
53201,16131
54661,16131
55303,16131
55486,16131
85335,16131
18348,16131
100582,16131
112958,16131
59784,16131
60845,68687
36724,16131
108966,16131
108965,16131
16778,16131
84460,16131
17727,16131
17554,16131
98838,16131
35329,384142
36699,16131
8882,16131
9243,16131
55069,16131
97207,16131
81920,16131
60858,16131
60727,16131
48123,16131
48961,16131
5953,223563
6024,223563
6617,223563
35434,16131
54488,16131
55395,16131
55556,16131
5954,223563
86167,16131
80378,16131
61257,16131
95243,16131
95163,16131
100475,16131
102362,16131
55850,16131
54715,16131
97208,16131
54582,16131
92176,16131
94964,16131
94931,16131
63371,16131
104287,16131
8946,16131
9303,16131
108333,16131
108283,16131
83251,16131
55353,16131
55620,16131
104618,16131
106527,16131
35433,16131
57832,16131
1506,482365
1505,482365
43521,16131
42898,16131
42837,16131
41657,16131
55734,16131
97089,16131
13942,16131
89388,16131
90950,16131
112823,16131
109867,16131
109353,16131
54656,16131
33512,16131
83936,16131
15049,16131
9008,16131
9431,16131
100325,16131
102343,16131
109688,16131
110734,16131
55415,16131
54983,16131
55287,16131
55812,16131
55892,16131
63182,16131
55479,16131
35512,16131
59728,16131
81708,16131
93237,16131
94609,16131
8834,16131
63158,16131
107342,16131
106877,16131
107972,16131
81294,16131
49714,16131
43585,16131
42954,16131
61975,16131
61633,16131
14942,16131
79948,16131
151678,68687
54487,16131
63131,16131
9804,16131
9803,16131
68281,16131
70910,16131
68210,16131
63018,16131
94483,16131
55655,16131
55986,16131
66462,16131
66484,16131
10360,16131
55563,16131
1433,482365
1593,482365
54904,16131
42381,16131
9068,16131
9535,16131
100095,16131
101822,16131
10147,16131
83155,16131
110736,16131
110856,16131
96195,16131
97439,16131
95075,16131
63190,16131
1938,587274
104928,16131
106685,16131
8780,16131
33511,16131
43632,16131
42990,16131
62091,16131
47919,16131
48843,16131
83735,16131
55721,16131
56040,16131
3103,0
3104,0
95905,16131
81293,16131
108130,16131
33468,68691
52152,16131
54893,16131
55215,16131
50951,16131
52125,16131
64476,16131
64475,16131
16920,16131
91420,16131
90613,16131
84293,16131
93252,16131
92875,16131
93067,16131
42438,16131
110858,16131
111036,16131
107927,16131
9283,16131
9609,16131
62098,16131
61778,16131
11042,16131
36846,16131
8779,16131
9679,16131
55815,16131
56082,16131
36957,16131
9671,16131
9919,16131
50624,16131
50607,16131
43711,16131
43034,16131
82028,16131
108490,16131
102290,16131
102951,16131
109354,16131
85181,16131
50484,16131
105610,16131
41731,16131
58393,16131
3232,0
55275,16131
42462,16131
83094,16131
55881,16131
9357,16131
104212,16131
104211,16131
90599,16131
91917,16131
40798,16131
8821,16131
18034,16131
54894,16131
54963,16131
106889,16131
6026,223563
150870,223563
90600,16131
43790,16131
43066,16131
102888,16131
103145,16131
63019,16131
63074,16131
83612,16131
55319,16131
106034,16131
107106,16131
9120,16131
102089,16131
110318,16131
111284,16131
14937,16131
18137,16131
102815,16131
103695,16131
90559,16131
108990,16131
33467,68691
80795,16131
80782,16131
54714,16131
55031,16131
150869,223563
61515,16131
107401,16131
107402,16131
36365,0
36212,0
36322,0
36705,0
14102,16131
14883,16131
9483,16131
9713,16131
84115,16131
79950,16131
49582,16131
49790,16131
55153,16131
42510,16131
42267,16131
41787,16131
8863,16131
80758,16131
81820,16131
55409,16131
36211,0
36459,0
13622,16131
13621,16131
97440,16131
9779,16131
10043,16131
47920,16131
48683,16131
84597,16131
54772,16131
55087,16131
81990,16131
94453,16131
104171,16131
49272,16131
103249,16131
103923,16131
43867,16131
43164,16131
16089,16131
17170,16131
108492,16131
108740,16131
37210,16131
36938,16131
37307,16131
37538,16131
104486,16131
55199,16131
106346,16131
107091,16131
97365,16131
104218,16131
91742,16131
9182,16131
87082,16131
92676,16131
93069,16131
55461,16131
36252,0
103517,16131
41239,16131
40782,16131
45333,16131
18366,16131
19292,16131
90702,16131
100077,16131
100802,16131
104768,16131
105724,16131
105126,16131
1569,482365
82972,16131
9555,16131
54828,16131
48766,16131
49069,16131
42554,16131
95783,16131
79976,16131
42311,16131
41843,16131
8937,16131
55261,16131
104516,16131
104880,16131
35435,16131
35471,16131
80645,16131
81136,16131
100078,16131
37310,16131
37337,16131
55547,16131
100770,16131
101222,16131
64070,16131
64521,16131
83340,16131
100037,16131
43922,16131
43206,16131
9254,16131
61938,16131
41342,16131
94425,16131
49211,16131
54884,16131
61421,16131
61911,16131
49974,16131
36947,16131
104814,16131
55311,16131
63162,16131
35862,16131
55625,16131
14662,16131
63135,16131
91487,16131
81760,16131
82836,16131
9875,16131
62230,16131
35831,16131
97147,16131
50544,16131
42592,16131
55201,16131
62210,16131
63085,16131
63500,16131
42345,16131
41873,16131
9003,16131
95729,16131
84546,16131
87373,16131
81759,16131
111286,16131
111460,16131
105082,16131
63440,16131
36880,16131
36991,16131
55389,16131
79017,16131
79018,16131
1517,482365
1518,482365
63415,16131
109718,16131
105684,16131
94359,16131
105686,16131
105944,16131
100038,16131
43965,16131
43232,16131
9324,16131
105946,16131
91631,16131
62997,68693
63351,16131
1544,482365
1738,482365
18244,16131
13772,16131
22499,16131
19166,16131
55000,16131
65476,16131
36308,0
40699,16131
40459,16131
40872,16131
62025,16131
63030,68693
55449,16131
36980,16131
2456,482365
110154,16131
111126,16131
81654,16131
82722,16131
95650,16131
9065,16131
81653,16131
55961,16131
97861,16131
97791,16131
91632,16131
42628,16131
61422,16131
61521,16131
92597,16131
63732,16131
64528,16131
42389,16131
41919,16131
55819,16131
56507,16131
1462,482365
55314,16131
93984,16131
93933,16131
41240,16131
48106,16131
83932,16131
38003,16131
1881,482365
1882,482365
1915,482365
60302,16131
9876,16131
10355,16131
2540,902795
13974,16131
40237,16131
40658,16131
44012,16131
43288,16131
55519,16131
1922,482365
1965,482365
94309,16131
93566,16131
93515,16131
41485,16131
107092,16131
16968,16131
16188,16131
1968,482365
1979,482365
41933,16131
48230,16131
62078,16131
50887,16131
84548,16131
85252,16131
1982,482365
2193,482365
59640,16131
41308,16131
87286,16131
91280,16131
92598,16131
110947,16131
108425,16131
110028,16131
33470,594431
33501,16131
55110,16131
81537,16131
82632,16131
107116,16131
81538,16131
13179,16131
13320,16131
42656,16131
112326,16131
9117,16131
95465,16131
78630,16131
50700,16131
2080,482365
54144,16131
13504,16131
92535,16131
40139,16131
40404,16131
86018,16131
87196,16131
44069,16131
43332,16131
2457,377744
91215,16131
80646,16131
55255,16131
1498,482365
1670,482365
100782,16131
40077,16131
40288,16131
48362,16131
81461,16131
18230,16131
41338,16131
55685,16131
48982,16131
49701,16131
1818,482365
1817,482365
13528,16131
82541,16131
34144,16131
110614,16131
50888,16131
61524,16131
61627,16131
102090,16131
42702,16131
10642,16131
87160,16131
108676,16131
62896,68693
63070,68693
102075,16131
79917,16131
33503,16131
34115,16131
50699,16131
97765,16131
98828,16131
40078,16131
44125,16131
43378,16131
97069,16131
87031,16131
87539,16131
42126,16131
80034,16131
80210,16131
92970,16131
93077,16131
110818,16131
110817,16131
80128,16131
81340,16131
41394,16131
41888,16131
82425,16131
86935,16131
87931,16131
42740,16131
37621,16131
37297,16131
37812,16131
97759,16131
1434,482365
16332,16131
48580,16131
100653,16131
55575,16131
83711,16131
94767,16131
87708,16131
90491,16131
101935,16131
44171,16131
43438,16131
84600,16131
33113,16131
108677,16131
109602,16131
110314,16131
110313,16131
41870,16131
97731,16131
98666,16131
94743,16131
1417,482365
57936,68687
59657,16131
92476,16131
111637,16131
102515,16131
97003,16131
87032,16131
61629,16131
61791,16131
15220,16131
62895,68693
33134,16131
18229,16131
41200,16131
95861,16131
85364,16131
85363,16131
1750,482365
1749,482365
42798,16131
107180,16131
95365,16131
96955,16131
99796,16131
99795,16131
103021,16131
48284,16131
78629,16131
55230,16131
56148,16131
59780,16131
103254,16131
37137,16131
37375,16131
81341,16131
81900,16131
41468,16131
86937,16131
94744,16131
82258,16131
83617,16131
99177,16131
100139,16131
63072,68693
1668,482365
62004,16131
97729,16131
86938,16131
40472,16131
40996,16131
42417,16131
36998,16131
97709,16131
98690,16131
94723,16131
57959,16131
59743,16131
99707,16131
100477,16131
36965,16131
108679,16131
109016,16131
96451,16131
86034,16131
86787,16131
97169,16131
14974,16131
61135,16131
61049,16131
40575,16131
37010,16131
37059,16131
60301,16131
84507,16131
110588,16131
42842,16131
43337,16131
100480,16131
58368,68687
86867,16131
81902,16131
82232,16131
55158,16131
35870,16131
37259,16131
96897,16131
111676,16131
94690,16131
94689,16131
100815,16131
95234,16131
37062,16131
78632,16131
79252,16131
87484,16131
88639,16131
44291,16131
61793,16131
106438,16131
106421,16131
15452,16131
62461,16131
62259,16131
100381,16131
101895,16131
60278,16131
81958,16131
83498,16131
86868,16131
40372,16131
1386,482365
1479,482365
41899,16131
42445,16131
94637,16131
91165,16131
92421,16131
61029,16131
61336,16131
97680,16131
79466,16131
84443,16131
90347,16131
114443,16131
114428,16131
79312,16131
93013,16131
93521,16131
113596,16131
114430,16131
111197,16131
41558,16131
40160,16131
16189,16131
44371,16131
43390,16131
10802,16131
97679,16131
42944,16131
49192,16131
37190,16131
41927,16131
42489,16131
106422,16131
93487,16131
106344,16131
101711,16131
50030,16131
92369,16131
89800,16131
89799,16131
37122,16131
15389,16131
87153,16131
87705,16131
48283,16131
61063,16131
110876,16131
1385,482365
97672,16131
100034,16131
60277,16131
13822,16131
40611,16131
41604,16131
63153,16131
63154,16131
94597,16131
86732,16131
86731,16131
60938,16131
62187,16131
83826,16131
44407,16131
43448,16131
80634,16131
80094,16131
79979,16131
113755,16131
89521,16131
61030,16131
48997,16131
41977,16131
42531,16131
80636,16131
102862,16131
97671,16131
93448,16131
88640,16131
83576,16131
86632,16131
40395,16131
40821,16131
1464,482365
92255,16131
109328,16131
110356,16131
37191,16131
37414,16131
3148,0
3147,0
97619,16131
98354,16131
41622,16131
101712,16131
62898,68693
62989,16131
63226,16131
113298,16131
113380,16131
44459,16131
43488,16131
55207,16131
56000,16131
47954,16131
37314,16131
87527,16131
88230,16131
67109,16131
67117,16131
48705,16131
48706,16131
37413,16131
40200,16131
40522,16131
92973,16131
42569,16131
43392,16131
3150,0
3151,0
10292,16131
41997,16131
94338,16131
3144,0
53506,16131
54164,16131
56987,16131
55949,16131
1388,482365
1398,482365
92240,16131
88533,16131
101585,16131
50664,16131
50767,16131
92481,16131
109742,16131
4932,220807
4112,220807
2024,482365
81960,16131
1972,482365
1926,482365
1732,482365
50265,16131
62648,16131
62561,16131
1852,482365
1886,482365
1754,482365
1802,482365
1854,482365
1804,482365
41692,16131
40358,16131
53524,16131
54428,16131
10124,16131
10600,16131
60869,16131
61236,16131
15488,16131
112442,16131
92974,16131
94926,16131
44499,16131
43542,16131
43450,16131
42019,16131
109408,16131
62301,16131
38770,16131
96915,16131
111837,16131
96380,16131
101535,16131
3120,0
3119,0
50060,16131
61397,16131
96436,16131
3129,0
3231,0
41384,16131
112550,16131
113624,16131
98108,16131
1369,482365
1440,482365
111678,16131
44571,16131
43598,16131
35298,16131
50922,16131
43490,16131
63741,16131
79785,16131
11170,173835
42595,16131
42083,16131
34117,121267
35283,16131
41092,16131
50789,16131
62721,16131
51408,16131
67050,16131
114970,16131
114578,16131
9882,16131
10348,16131
48911,16131
48925,16131
60870,16131
60654,16131
41015,16131
41722,16131
101133,16131
63518,16131
50671,16131
50917,16131
86762,16131
50647,16131
44629,16131
43690,16131
43544,16131
62990,16131
35845,16131
62117,16131
62511,16131
42575,16131
42119,16131
50100,16131
33972,226407
49851,16131
48863,16131
35320,16131
79299,16131
79300,16131
112580,16131
60656,16131
79515,16131
79516,16131
63464,16131
1377,482365
1458,482365
112565,16131
4705,325949
43600,16131
78841,16131
78842,16131
79089,16131
79090,16131
40756,16131
64535,16131
77927,16131
77928,16131
63797,16131
115085,16131
114932,16131
78219,16131
78220,16131
1370,482365
78461,16131
78462,16131
60913,16131
77588,16131
77587,16131
14760,0
14759,0
76440,16131
76439,16131
77030,16131
77029,16131
64832,16131
77330,16131
77329,16131
42607,16131
42159,16131
60621,16131
63291,16131
51267,16131
14010,16131
49970,16131
86280,16131
86838,16131
87182,16131
76752,16131
76751,16131
14732,0
14796,0
47953,16131
48337,16131
76574,16131
76573,16131
4718,273351
2547,378529
14731,0
14619,0
56458,16131
75974,16131
75973,16131
1572,482365
1552,482365
81977,16131
81657,16131
81955,16131
82235,16131
82270,16131
82709,16131
82801,16131
83012,16131
42275,16131
43894,16131
48395,16131
1556,482365
14620,0
83270,16131
83282,16131
60653,16131
2503,641173
44717,16131
44000,16131
86128,16131
86334,16131
42699,16131
42195,16131
85250,16131
85068,16131
85440,16131
85548,16131
84940,16131
85220,16131
2470,273120
86008,16131
86216,16131
84668,16131
84950,16131
85552,16131
87408,16131
87612,16131
84530,16131
84878,16131
85828,16131
86070,16131
63100,16131
63495,16131
50360,16131
14621,0
84008,16131
84624,16131
89661,16131
89607,16131
89776,16131
89837,16131
90735,16131
90487,16131
90782,16131
92133,16131
85936,16131
90261,16131
90562,16131
90342,16131
91870,16131
1934,482365
33971,331551
110544,16131
110528,16131
83746,16131
84278,16131
1890,482365
107515,16131
107516,16131
90006,16131
85700,16131
115148,16131
48723,16131
83520,16131
84012,16131
1858,482365
83366,16131
42501,16131
83740,16131
48340,16131
1808,482365
107767,16131
107611,16131
107997,16131
107853,16131
9881,16131
1768,482365
105480,16131
105479,16131
105688,16131
67972,16131
67971,16131
87784,16131
88096,16131
42737,16131
42233,16131
108227,16131
108181,16131
108527,16131
108528,16131
80015,16131
80876,16131
2796,220807
110527,16131
112137,16131
112615,16131
53462,16131
95913,16131
95883,16131
111302,16131
111260,16131
111041,16131
94197,16131
94198,16131
80938,16131
62805,16131
110509,16131
1394,482365
1474,482365
10005,16131
53473,16131
53786,16131
92709,16131
92521,16131
52586,16131
53334,16131
95780,16131
44064,16131
57163,16131
57079,16131
88176,16131
88370,16131
92054,16131
92107,16131
62971,16131
62972,16131
108953,16131
108948,16131
108582,16131
80037,16131
112795,16131
111634,16131
15520,489289
88434,16131
88686,16131
90836,16131
94492,16131
94578,16131
90618,16131
111907,16131
111908,16131
90416,16131
80053,16131
80998,16131
44871,16131
44134,16131
61668,16131
62420,16131
105706,16131
15469,16131
1706,482365
1705,482365
113459,16131
113460,16131
115275,16131
115318,16131
95688,16131
98866,16131
44066,16131
13487,16131
14172,16131
9863,16131
151279,436699
80105,16131
1362,482365
94780,16131
53453,16131
53613,16131
79716,16131
109455,16131
109278,16131
57107,16131
2504,378483
111732,16131
111731,16131
79454,16131
57254,16131
57256,16131
57366,16131
63274,16131
63605,16131
2410,220807
112649,16131
113049,16131
79196,16131
109564,16131
109390,16131
42335,16131
78982,16131
1361,482365
106018,16131
105834,16131
17111,436715
65073,16131
65490,16131
95531,16131
78602,16131
82989,16131
113720,16131
114470,16131
57109,16131
112852,16131
53354,16131
53558,16131
60702,16131
60664,16131
54093,16131
55012,16131
78332,16131
108461,16131
17032,16131
82410,16131
44208,16131
48724,16131
56855,16131
90100,16131
108645,16131
42598,16131
65013,16131
65090,16131
77976,16131
60627,16131
60928,16131
65033,16131
50052,16131
89824,16131
57935,121259
63655,16131
83513,16131
83514,16131
93291,16131
93127,16131
89608,16131
112650,16131
112876,16131
88950,16131
77361,16131
88550,16131
60466,16131
88328,16131
57960,16131
64562,16131
41363,16131
42062,16131
9938,16131
60867,16131
9864,16131
105293,16131
105191,16131
77091,16131
108985,16131
42338,16131
45011,16131
44282,16131
1772,482365
101071,16131
76811,16131
1336,482365
113315,16131
53744,16131
53966,16131
1709,482365
114972,16131
100882,16131
109592,16131
80203,16131
85041,16131
85042,16131
62941,16131
13488,16131
13626,16131
43057,16131
53594,16131
53713,16131
76451,16131
63358,16131
57772,68703
43265,16131
111488,16131
112262,16131
150844,378502
63773,16131
64215,16131
1560,482365
2306,220807
2272,220807
75976,16131
53438,16131
63047,16131
110822,16131
57793,16131
100963,16131
103138,16131
56785,16131
56952,16131
41237,16131
41499,16131
112878,16131
113120,16131
54194,16131
53911,16131
150847,273351
1484,482365
63625,16131
64210,16131
107472,16131
41133,16131
41376,16131
53472,16131
53670,16131
105679,16131
111487,16131
112144,16131
107471,16131
56638,16131
14202,16131
41041,16131
41265,16131
100964,16131
63273,16131
44422,16131
35301,16131
36674,16131
42463,16131
42688,16131
53877,16131
94601,16131
40931,16131
41170,16131
56498,16131
1335,482365
56863,16131
56815,16131
115278,16131
115130,16131
67973,16131
68232,16131
36661,16131
53982,16131
68901,68567
68609,68567
68998,68567
69355,68567
57501,16131
56983,16131
40815,16131
41085,16131
54032,16131
107409,16131
56703,16131
114940,16131
113868,16131
60276,16131
68670,68567
1337,482365
67554,16131
68234,16131
40701,16131
41058,16131
52170,16131
45175,16131
2830,378502
2542,378502
42464,16131
9866,16131
111139,16131
111051,16131
111816,16131
111957,16131
85782,16131
62283,16131
62911,16131
42812,16131
53694,16131
100945,16131
62927,16131
63323,16131
40549,16131
40937,16131
52135,16131
2506,325919
53450,16131
82185,16131
82186,16131
53987,16131
54168,16131
56859,16131
53570,16131
53746,16131
113347,16131
67555,16131
50502,16131
52243,16131
60903,16131
61240,16131
82701,16131
82702,16131
90034,16131
90062,16131
111724,16131
2123,220807
2124,220807
100861,16131
101946,16131
40461,16131
40802,16131
66490,16131
53357,16131
82466,16131
89112,16131
93023,16131
56939,16131
107377,16131
56763,16131
89156,16131
51426,16131
52557,16131
88815,16131
114062,16131
115480,16131
40389,16131
40601,16131
88623,16131
88922,16131
61059,16131
108211,16131
108067,16131
88792,16131
150828,378482
88085,16131
88454,16131
63547,16131
63709,16131
63428,16131
45072,16131
45671,16131
107378,16131
53915,16131
54129,16131
87879,16131
88334,16131
105405,16131
106512,16131
40301,16131
40490,16131
92358,16131
17112,16131
91211,16131
53840,16131
53592,16131
53810,16131
88078,16131
87629,16131
13776,16131
10136,16131
87840,16131
113675,16131
100862,16131
91409,16131
86905,16131
80325,16131
41713,16131
79756,16131
17031,16131
40227,16131
40421,16131
83000,16131
113073,16131
2595,273351
150825,273351
86727,16131
87114,16131
66406,16131
66459,16131
64851,16131
110217,16131
112292,16131
65234,16131
51105,16131
50705,16131
113174,16131
86577,16131
86898,16131
44474,16131
44684,16131
44969,16131
86281,16131
86702,16131
56862,16131
53358,16131
53467,16131
40127,16131
40338,16131
41606,16131
106449,16131
107328,16131
86131,16131
86322,16131
2624,220807
53456,16131
53881,16131
54077,16131
85989,16131
86288,16131
100852,16131
86140,16131
66210,16131
56623,16131
56811,16131
50054,16131
50222,16131
66341,16131
66188,16131
41359,16131
85832,16131
62733,16131
39773,16131
40224,16131
65973,16131
66035,16131
53706,16131
63988,16131
63805,16131
64068,16131
63221,16131
60275,16131
2007,220807
2008,220807
64196,16131
64504,16131
54223,16131
42574,16131
83104,16131
113252,16131
94686,16131
100851,16131
82730,16131
103074,16131
102980,16131
51205,16131
50831,16131
56293,16131
56188,16131
56517,16131
63647,16131
65725,16131
65981,16131
41155,16131
82494,16131
53735,16131
53937,16131
82226,16131
56632,16131
56567,16131
106184,16131
108382,16131
56657,16131
56835,16131
109370,16131
108445,16131
1964,220807
150827,378522
2579,325916
65104,16131
65717,16131
65049,16131
44336,16131
105192,16131
65941,16131
66010,16131
90928,16131
56095,16131
56128,16131
114858,16131
114620,16131
115518,16131
115641,16131
39673,16131
39882,16131
56226,16131
61062,16131
61333,16131
43958,16131
44589,16131
113254,16131
113294,16131
53759,16131
54015,16131
93044,16131
95012,16131
65115,16131
64999,16131
65019,16131
64990,16131
53652,16131
80389,16131
89984,16131
39565,16131
39775,16131
65936,16131
64844,16131
100872,16131
101736,16131
90066,16131
56705,16131
56883,16131
114396,16131
115388,16131
56097,16131
104679,16131
51884,16131
39423,16131
39685,16131
40703,16131
56278,16131
65635,16131
65715,16131
62734,16131
41248,16131
41481,16131
53600,16131
53701,16131
114136,16131
89256,16131
65257,16131
65631,16131
42928,16131
54049,16131
55994,16131
112628,16131
113462,16131
114222,16131
115336,16131
92990,16131
55946,16131
53773,16131
39299,16131
39605,16131
2797,220807
41386,16131
110218,16131
43476,16131
44235,16131
64500,16131
56735,16131
56919,16131
101730,16131
65255,16131
40463,16131
39221,16131
39475,16131
63845,16131
37126,16131
37125,16131
53638,16131
41295,16131
56516,16131
2569,273351
64836,16131
114836,16131
63649,16131
63735,16131
62879,16131
53781,16131
54073,16131
39127,16131
39459,16131
40500,16131
72897,68567
72960,68567
113931,16131
106848,16131
77648,16131
77647,16131
79166,16131
41176,16131
100220,16131
102293,16131
55890,16131
114420,16131
62706,16131
62705,16131
95014,16131
95082,16131
39019,16131
39305,16131
41081,16131
64180,16131
56789,16131
40400,16131
55918,16131
42206,16131
56677,16131
51297,16131
51084,16131
43096,16131
43781,16131
110388,16131
110387,16131
85563,16131
85944,16131
92116,16131
38933,16131
39209,16131
61484,16131
53805,16131
54147,16131
40966,16131
85365,16131
85628,16131
2328,220807
91921,16131
85143,16131
85448,16131
1647,0
1648,0
53587,16131
84785,16131
85226,16131
94074,16131
95830,16131
56601,16131
64626,16131
64620,16131
53582,16131
38857,16131
39045,16131
40574,16131
40837,16131
93344,16131
65820,16131
65817,16131
84555,16131
84974,16131
106541,16131
107820,16131
62627,16131
62829,16131
50508,16131
65087,16131
65144,16131
112802,16131
113552,16131
83843,16131
84744,16131
85161,16131
85162,16131
56825,16131
38779,16131
38963,16131
40750,16131
91064,16131
65709,16131
53721,16131
43371,16131
41857,16131
83539,16131
83986,16131
65537,16131
65629,16131
40066,16131
38715,16131
38899,16131
40615,16131
83359,16131
83662,16131
88973,16131
88974,16131
83478,16131
65403,16131
65532,16131
64492,16131
53985,16131
64179,16131
82879,16131
83190,16131
41736,16131
82617,16131
83030,16131
38595,16131
38806,16131
56635,16131
39971,16131
56336,16131
56563,16131
90067,16131
65396,16131
53646,16131
102563,16131
103435,16131
82321,16131
82736,16131
93330,16131
42776,16131
64604,16131
81993,16131
82478,16131
108795,16131
109618,16131
109878,16131
55958,16131
65245,16131
115726,16131
41623,16131
81775,16131
82088,16131
86549,16131
86550,16131
39767,16131
64825,16131
81359,16131
81864,16131
38253,16131
38713,16131
112952,16131
113630,16131
88553,16131
88554,16131
115122,16131
49035,16131
50354,16131
81161,16131
81512,16131
41530,16131
80913,16131
81310,16131
56396,16131
81034,16131
63235,68703
106542,16131
113008,16131
112696,16131
56653,16131
41417,16131
56189,16131
62430,16131
62530,16131
80577,16131
39575,16131
61479,16131
1496,0
1690,0
113983,16131
56619,16131
63247,68703
63759,16131
41398,16131
115260,16131
107645,16131
107602,16131
107601,16131
51292,16131
56492,16131
106757,16131
53986,16131
54234,16131
64397,16131
64398,16131
41289,16131
103227,16131
114548,16131
56227,16131
38177,16131
38364,16131
113209,16131
114081,16131
2400,220807
65626,16131
56628,16131
65818,16131
65707,16131
41164,16131
107476,16131
107475,16131
62034,16131
106712,16131
38099,16131
38275,16131
2590,220807
107495,16131
95056,16131
2437,220807
64402,16131
114630,16131
53823,16131
56548,16131
40999,16131
38031,16131
38195,16131
39129,16131
56279,16131
39682,16131
39873,16131
51126,16131
61991,16131
101406,16131
64490,16131
1495,0
1610,0
42308,16131
89374,16131
40858,16131
92574,16131
93842,16131
37959,16131
38123,16131
39785,16131
41991,16131
102909,16131
114169,16131
40767,16131
51337,16131
38955,16131
37885,16131
38063,16131
39697,16131
64816,16131
56337,16131
41956,16131
102806,16131
103083,16131
64976,16131
40662,16131
39633,16131
112538,16131
112537,16131
38974,16131
37775,16131
38047,16131
41705,16131
84126,16131
49036,16131
83858,16131
65385,16131
103006,16131
39471,16131
56210,16131
83596,16131
40488,16131
37645,16131
37956,16131
55903,16131
115266,16131
114744,16131
38869,16131
65621,16131
103350,16131
39335,16131
37523,16131
37882,16131
113547,16131
114251,16131
41503,16131
103260,16131
103596,16131
55026,16131
56377,16131
85980,16131
65928,16131
112540,16131
94664,16131
56258,16131
39034,16131
39237,16131
85734,16131
37373,16131
37682,16131
111187,16131
111188,16131
65920,16131
85542,16131
105618,16131
105617,16131
66002,16131
39151,16131
53799,16131
103486,16131
103908,16131
115749,16131
115520,16131
37321,16131
37555,16131
53776,16131
82496,16131
62774,16131
62680,16131
63052,16131
40180,16131
56328,16131
39051,16131
64395,16131
82168,16131
44893,16131
44703,16131
45197,16131
38542,16131
64485,16131
81972,16131
37229,16131
37434,16131
64680,16131
64677,16131
85325,16131
85326,16131
64806,16131
114864,16131
42362,16131
40083,16131
103788,16131
105576,16131
2297,375385
91597,16131
38457,16131
41609,16131
41853,16131
37331,16131
49153,16131
44587,16131
45001,16131
83130,16131
95952,16131
41067,16131
91898,16131
110825,16131
112744,16131
39993,16131
113749,16131
114917,16131
82824,16131
38263,16131
56630,16131
41742,16131
92408,16131
82552,16131
37165,16131
95745,16131
98472,16131
44449,16131
44758,16131
94456,16131
95451,16131
93844,16131
94110,16131
39895,16131
62486,16131
41641,16131
56464,16131
51415,16131
51265,16131
44343,16131
44635,16131
65242,16131
40845,16131
108125,16131
16114,0
16113,0
150940,0
2095,375385
2169,375385
39811,16131
106050,16131
105962,16131
57017,16131
56891,16131
61495,16131
63947,16131
38105,16131
41564,16131
44201,16131
44490,16131
42025,16131
65620,16131
40866,16131
95172,16131
39807,16131
49562,16131
50341,16131
65704,16131
65802,16131
107632,16131
115196,16131
65804,16131
42540,16131
41409,16131
44051,16131
44392,16131
62596,16131
62871,16131
79168,16131
79922,16131
40678,16131
95479,16131
96378,16131
39693,16131
15994,0
15993,0
150939,0
65912,16131
150821,273351
37167,16131
37197,16131
115357,16131
43933,16131
44231,16131
41300,16131
89137,16131
89646,16131
110826,16131
39613,16131
105243,16131
105244,16131
88901,16131
89272,16131
92616,16131
93850,16131
88655,16131
89090,16131
40985,16131
41191,16131
43791,16131
44090,16131
88447,16131
88718,16131
39369,16131
38185,16131
38367,16131
88187,16131
88544,16131
37778,16131
1948,220807
87935,16131
88272,16131
43623,16131
43967,16131
41100,16131
68246,16131
96254,16131
68207,16131
39263,16131
87183,16131
88034,16131
82594,16131
85996,16131
107351,16131
37199,16131
37237,16131
40320,16131
57185,16131
57132,16131
63449,16131
63450,16131
38285,16131
43485,16131
43844,16131
41007,16131
112683,16131
39171,16131
63169,16131
87005,16131
87452,16131
38203,16131
40249,16131
86805,16131
87214,16131
37542,16131
43369,16131
43683,16131
86617,16131
86972,16131
62831,16131
39080,16131
80599,16131
86209,16131
86672,16131
112552,16131
112551,16131
40055,16131
38133,16131
65075,16131
37245,16131
37559,16131
65118,16131
51125,16131
43239,16131
43650,16131
37242,16131
49281,16131
86318,16131
98592,16131
100162,16131
100800,16131
1513,533095
37239,16131
64673,16131
102763,16131
38967,16131
103008,16131
64965,16131
86030,16131
1947,220807
1949,220807
94981,16131
96184,16131
64396,16131
38054,16131
103094,16131
43093,16131
43491,16131
37269,16131
37219,16131
65701,16131
109503,16131
109305,16131
110559,16131
110649,16131
113752,16131
114263,16131
44864,16131
50758,16131
54238,16131
39877,16131
104032,16131
56386,16131
64663,16131
82622,16131
111191,16131
37986,16131
115301,16131
115734,16131
104033,16131
42987,16131
43361,16131
52958,16131
2636,375385
112362,16131
112361,16131
65998,16131
93012,16131
37658,16131
37906,16131
42887,16131
43176,16131
49563,16131
49630,16131
44606,16131
10509,331545
98309,16131
37271,16131
37393,16131
52917,16131
37823,16131
115738,0
115737,0
42767,16131
43011,16131
44650,16131
51317,16131
38658,16131
106634,16131
111309,16131
115728,16131
49062,16131
49061,16131
56431,16131
37692,16131
42671,16131
42912,16131
45399,16131
51539,16131
51525,16131
44477,16131
63231,16131
63584,16131
38573,16131
80619,16131
40736,16131
56320,16131
52282,16131
52432,16131
51245,16131
51395,16131
39982,16131
40173,16131
56475,16131
42824,16131
39477,16131
82291,16131
82706,16131
44374,16131
63294,16131
38485,16131
56368,16131
82019,16131
82386,16131
45179,16131
81563,16131
82222,16131
40105,16131
97994,16131
98752,16131
51465,16131
44059,16131
81349,16131
81718,16131
115552,16131
38381,16131
56414,16131
42197,16131
42602,16131
88668,16131
44712,16131
45038,16131
81404,16131
51377,16131
108951,16131
110333,16131
40001,16131
88444,16131
39243,16131
51523,16131
63678,16131
64023,16131
110430,16131
111695,16131
102764,16131
38301,16131
88170,16131
94920,16131
95769,16131
61183,16131
61874,16131
81263,16131
105003,16131
106966,16131
44889,16131
39929,16131
102745,16131
39268,16131
56754,16131
64017,16131
97263,16131
97264,16131
43819,16131
65693,16131
65796,16131
40366,16131
38401,16131
51517,16131
51721,16131
65786,16131
65896,16131
44744,16131
97082,16131
49727,16131
49700,16131
50486,16131
40924,16131
39815,16131
65892,16131
39161,16131
77427,16131
66000,16131
114920,16131
38130,16131
100190,16131
85835,16131
86162,16131
99888,16131
100578,16131
104044,16131
39715,16131
42109,16131
42266,16131
91630,16131
85611,16131
85992,16131
85443,16131
85816,16131
111601,16131
63585,16131
51246,16131
64941,16131
64958,16131
85265,16131
85470,16131
65053,16131
102746,16131
50692,16131
85069,16131
85394,16131
39348,16131
39645,16131
42005,16131
42220,16131
57077,16131
57619,16131
100242,16131
102768,16131
84933,16131
85216,16131
105006,16131
84201,16131
85016,16131
42660,16131
10510,331545
92267,16131
39507,16131
97773,16131
98710,16131
41931,16131
42135,16131
101798,16131
68223,16131
43248,16131
43948,16131
44243,16131
37771,16131
68268,16131
83979,16131
84342,16131
37835,16131
39391,16131
38810,16131
41841,16131
42046,16131
99887,16131
51509,16131
51775,16131
83675,16131
84102,16131
111768,16131
53819,16131
44104,16131
111974,16131
83447,16131
83850,16131
109992,16131
111497,16131
45701,16131
83187,16131
83504,16131
38761,16131
82969,16131
83272,16131
41711,16131
41969,16131
16208,0
16207,0
43977,16131
42998,16131
61184,16131
61457,16131
83050,16131
68968,278863
69005,68567
1334,0
1333,0
82778,16131
88885,16131
88886,16131
68938,68567
82474,16131
49284,16131
49335,16131
38549,16131
41611,16131
41952,16131
150822,273351
1437,273351
45509,16131
42332,16131
68686,68567
97294,16131
43864,16131
109730,16131
109729,16131
43028,16131
115231,16131
68945,68567
67980,121049
67806,121049
67990,121049
113292,16131
112730,16131
65784,16131
45202,16131
41475,16131
41849,16131
86771,16131
86772,16131
67805,121049
43695,16131
99522,16131
65884,16131
51503,16131
51823,16131
42880,16131
38371,16131
11282,331545
37837,16131
37865,16131
45067,16131
41381,16131
41718,16131
112294,16131
63541,16131
63903,16131
63994,16131
63825,16131
63878,16131
63826,16131
43523,16131
38170,16131
97714,16131
99285,16131
49812,16131
1514,533095
1516,690817
50690,16131
51057,16131
44920,16131
41271,16131
41553,16131
37879,16131
38164,16131
65093,16131
65237,16131
43140,16131
43394,16131
99848,16131
64496,16131
64495,16131
38147,16131
65223,16131
65607,16131
64763,16131
44794,16131
41167,16131
41414,16131
101057,16131
102252,16131
43279,16131
113360,16131
113244,16131
97296,16131
37867,16131
111973,16131
91077,16131
65593,16131
90142,16131
64918,16131
51491,16131
44663,16131
68278,68567
41089,16131
41317,16131
90813,16131
42528,16131
65689,16131
43184,16131
68241,16131
46374,16131
38469,16131
38683,16131
37913,16131
38182,16131
51333,16131
1438,273351
92816,16131
92954,16131
93262,16131
114500,16131
114344,16131
92152,16131
41218,16131
44512,16131
111210,16131
50686,16131
50985,16131
51809,16131
53790,16131
42428,16131
94248,16131
37899,16131
38587,16131
54011,16131
44397,16131
69172,68567
42207,16131
53994,16131
40503,16131
41012,16131
67998,121049
56934,16131
37901,16131
51483,16131
68380,384011
93348,16131
97491,16131
98722,16131
113672,16131
38491,16131
49409,16131
63550,16131
63232,16131
44270,16131
68782,68567
115722,16131
67807,121049
55358,16131
55128,16131
55516,16131
51427,16131
37931,16131
38210,16131
102229,16131
44131,16131
104421,16131
104360,16131
115712,16131
42013,16131
51867,16131
51675,16131
51893,16131
39177,16131
44122,16131
83454,16131
106881,16131
109392,16131
109391,16131
45322,16131
114270,16131
114953,16131
83212,16131
86320,16131
65782,16131
49874,16131
82788,16131
43989,16131
40427,16131
40582,16131
50759,16131
51103,16131
65882,16131
109624,16131
100122,16131
38228,16131
50618,16131
49205,16131
82980,16131
40343,16131
40526,16131
43835,16131
45030,16131
57871,16131
57817,16131
58027,16131
94644,16131
104806,16131
109105,16131
100115,16131
100934,16131
114987,16131
115489,16131
41076,16131
38797,16131
39217,16131
40239,16131
40455,16131
43554,16131
114133,16131
114903,16131
113026,16131
113025,16131
51931,16131
51765,16131
45100,16131
81343,16131
51341,16131
84424,16131
41615,16131
42128,16131
42327,16131
51299,16131
84180,16131
68010,121049
83982,16131
40153,16131
40376,16131
43423,16131
57430,16131
78136,16131
45915,16131
80641,16131
97708,16131
93026,16131
111846,16131
111578,16131
51383,16131
42236,16131
44927,16131
38229,16131
38272,16131
63978,16131
67809,121049
113265,16131
113928,16131
93118,16131
43312,16131
40069,16131
40277,16131
115096,16131
102197,16131
102524,16131
45697,16131
41403,16131
42145,16131
44782,16131
82407,16131
38842,16131
39249,16131
43214,16131
39979,16131
40254,16131
94797,16131
94798,16131
103392,16131
112912,16131
112911,16131
40688,16131
95663,16131
95664,16131
41426,16131
44481,16131
42056,16131
45178,16131
45546,16131
101022,16131
92137,16131
65328,16131
65325,16131
65512,16131
39871,16131
40165,16131
43006,16131
38273,16131
38292,16131
38721,16131
45379,16131
41973,16131
65505,16131
65683,16131
41282,16131
91209,16131
114727,16131
78976,16131
39793,16131
40079,16131
113218,16131
44253,16131
38860,16131
39285,16131
45206,16131
38583,16131
38754,16131
38361,16131
41862,16131
52011,16131
51851,16131
63376,16131
63670,16131
94031,16131
94032,16131
39691,16131
39918,16131
103133,16131
38389,16131
79354,16131
78304,16131
64484,16131
64482,16131
64744,16131
46456,16131
115254,16131
92077,16131
92310,16131
41512,16131
41753,16131
101477,16131
102189,16131
46389,16131
64742,16131
38489,16131
38608,16131
39627,16131
39824,16131
112158,16131
93420,16131
50016,16131
64910,16131
109296,16131
68053,121049
68343,121021
41634,16131
46475,16131
42634,16131
68082,121049
80139,16131
81928,16131
38520,16131
39483,16131
39753,16131
38904,16131
39321,16131
38776,16131
86177,16131
87712,16131
63539,16131
63818,16131
40884,16131
41547,16131
50713,16131
67683,121049
63807,16131
108845,16131
108846,16131
42550,16131
38431,16131
39650,16131
63965,16131
95984,16131
96062,16131
96456,16131
94486,16131
95002,16131
95152,16131
40322,16131
62594,16131
43674,16131
40786,16131
67684,121049
51545,16131
51529,16131
95246,16131
94682,16131
44381,16131
44667,16131
95738,16131
38640,16131
42455,16131
112160,16131
112454,16131
51637,16131
51603,16131
115704,16131
115676,16131
39499,16131
114609,16131
92698,16131
115538,16131
115699,16131
115702,16131
112162,16131
40505,16131
40273,16131
44534,16131
65008,16131
50685,16131
38564,16131
42350,16131
56753,16131
38802,16131
93019,16131
93020,16131
51365,16131
43398,16131
44415,16131
49383,16131
38473,16131
42255,16131
53078,16131
113107,16131
92015,16131
92456,16131
40349,16131
97348,16131
43462,16131
44288,16131
65831,16131
79723,16131
81422,16131
94444,16131
42242,16131
55594,16131
112776,16131
113202,16131
52035,16131
51949,16131
53033,16131
57748,16131
98952,16131
44151,16131
115341,16131
115543,16131
100031,16131
114527,16131
115283,16131
42141,16131
64481,16131
43210,16131
113519,16131
113232,16131
113522,16131
114471,16131
104560,16131
44007,16131
49353,16131
42032,16131
57124,16131
50739,16131
51347,16131
107175,16131
107104,16131
96256,16131
112964,16131
43527,16131
43890,16131
100066,16131
78564,16131
41891,16131
58510,16131
40445,16131
40683,16131
115395,16131
115685,16131
54021,16131
39990,16131
115185,16131
52087,16131
52049,16131
50579,16131
43729,16131
53533,16131
54000,16131
95514,16131
41784,16131
51050,16131
79275,16131
81008,16131
40530,16131
102512,16131
42778,16131
54355,16131
102190,16131
43572,16131
57070,16131
53540,16131
54308,16131
45023,16131
104393,16131
51422,16131
93336,16131
95153,16131
41667,16131
39813,16131
95176,16131
40449,16131
64737,16131
64734,16131
42734,16131
115028,16131
115125,16131
78910,16131
41576,16131
39617,278657
39618,278657
93054,16131
51582,16131
51747,16131
89209,16131
94877,16131
68094,121049
39830,16131
42523,16131
40380,16131
108452,16131
109560,16131
99188,16131
94532,16131
51658,16131
55175,16131
55742,16131
52653,16131
92106,16131
92680,16131
41408,16131
82697,16131
39709,16131
40263,16131
52614,16131
51752,16131
61753,16131
17116,16131
67692,121049
42341,16131
56424,16131
108022,16131
108716,16131
78565,16131
78894,16131
92430,16131
80608,16131
55127,16131
40191,16131
114036,16131
113730,16131
1401,375385
1402,375385
51842,16131
105846,16131
114800,16131
115464,16131
52213,16131
52652,16131
17033,16131
64351,16131
64345,16131
56369,16131
91899,16131
89125,16131
51930,16131
39892,16131
40110,16131
51113,16131
51314,16131
57069,16131
45160,16131
56486,16131
56322,16131
109584,16131
40016,16131
41044,16131
56381,16131
114196,16131
113954,16131
63540,16131
45159,16131
102192,16131
102928,16131
39939,16131
63809,16131
57642,16131
57964,16131
109562,16131
110324,16131
40918,16131
55768,16131
43284,16131
64342,16131
83505,16131
49983,16131
114946,16131
115524,16131
63950,16131
64240,16131
41981,16131
42439,16131
42643,16131
49441,16131
49995,16131
114418,16131
114174,16131
40811,16131
90637,16131
53511,16131
64720,16131
78357,16131
80194,16131
84738,16131
86028,16131
87547,16131
53515,16131
42564,16131
114576,16131
40708,16131
53796,16131
53086,16131
53769,16131
42465,16131
55265,16131
41751,16131
57877,16131
52190,16131
40571,16131
106862,16131
49998,16131
50285,16131
50817,16131
42866,16131
42358,16131
55225,16131
115120,16131
115638,16131
41810,16131
57000,16131
57372,16131
56140,16131
56401,16131
52613,16131
40536,16131
44979,16131
45461,16131
52078,16131
87276,16131
108957,16131
51271,16131
42261,16131
113762,16131
113761,16131
104039,16131
102194,16131
7328,375385
4480,375385
103136,16131
40453,16131
41582,16131
100029,16131
110326,16131
111800,16131
44849,16131
45242,16131
114002,16131
78358,16131
79748,16131
112252,16131
43050,16131
43358,16131
42174,16131
44715,16131
44949,16131
67886,121049
68138,121049
101478,16131
102202,16131
41865,16131
42087,16131
115661,16131
67892,121049
44607,16131
44814,16131
43162,16131
89079,16131
115300,16131
115656,16131
100694,16131
41994,16131
100025,16131
58425,16131
58611,16131
44465,16131
44685,16131
57111,16131
112336,16131
67700,121049
49397,16131
49938,16131
51547,16131
49897,16131
41903,16131
41184,16131
99895,16131
99896,16131
51403,16131
44353,16131
44708,16131
97306,16131
98513,16131
51419,16131
51619,16131
48471,16131
56999,16131
99007,16131
41148,16131
94732,16131
44173,16131
44582,16131
79351,16131
43467,16131
91995,16131
40887,16131
88738,16131
51381,16131
51537,16131
57453,16131
55567,16131
112708,16131
113598,16131
64949,16131
44067,16131
44433,16131
53045,16131
90277,16131
45007,16131
43468,16131
43943,16131
44160,16131
43235,16131
96158,16131
51679,16131
65001,16131
40691,16131
81704,16131
84197,16131
43827,16131
44027,16131
44761,16131
1403,375385
1578,375385
51307,16131
51515,16131
43236,16131
57829,16131
58093,16131
64904,16131
64954,16131
55309,16131
55599,16131
43657,16131
43916,16131
56899,16131
108076,16131
115643,16131
115368,16131
37609,383584
37603,383584
56131,16131
56289,16131
43938,16131
43041,16131
43042,16131
44887,16131
45141,16131
113072,16131
41638,16131
44990,16131
57999,16131
58269,16131
101473,16131
99881,16131
56447,16131
40793,16131
41053,16131
42901,16131
42902,16131
43738,16131
55663,16131
55672,16131
44855,16131
44248,16131
96508,16131
97895,16131
40942,16131
58159,16131
54816,16131
55241,16131
55333,16131
101469,16131
99207,16131
40829,16131
67904,121049
51548,16131
45755,16131
99877,16131
97891,16131
43996,16131
58333,16131
54820,16131
40726,16131
41256,16131
67708,121049
45584,16131
43025,16131
43275,16131
55454,16131
55474,16131
45293,16131
40583,16131
96474,16131
99859,16131
101463,16131
42787,16131
43142,16131
51599,16131
59123,16131
58987,16131
41710,16131
45170,16131
55380,16131
48357,16131
48751,16131
44107,16131
44332,16131
42685,16131
42869,16131
97888,16131
45019,16131
48209,16131
48552,16131
44181,16131
42605,16131
42756,16131
101462,16131
111258,16131
99853,16131
51051,16131
44884,16131
96440,16131
86121,16131
42187,16131
42188,16131
48055,16131
48467,16131
44056,16131
42515,16131
42661,16131
115629,0
115630,0
44722,16131
56900,16131
56523,16131
42413,16131
42678,16131
96325,16131
47917,16131
48274,16131
42037,16131
42038,16131
56546,16131
37567,383584
39366,383584
97875,16131
103732,16131
103514,16131
103497,16131
99843,16131
102216,16131
44691,16131
42293,16131
42581,16131
57761,16131
56901,16131
47815,16131
48138,16131
37568,383584
39357,383584
41829,16131
44470,16131
16364,16131
50473,16131
50564,16131
41895,16131
41896,16131
77866,16131
42203,16131
42479,16131
54371,16131
55096,16131
42917,16131
47689,16131
47935,16131
41830,16131
44367,16131
71654,68567
77799,16131
42272,16131
47579,16131
47852,16131
57067,16131
56913,16131
42121,16131
51329,594423
51330,594423
44228,16131
103490,16131
81908,16131
102224,16131
42191,16131
42709,16131
47459,16131
47729,16131
51370,16131
44082,16131
113888,16131
67912,121049
42017,16131
41945,16131
42103,16131
45453,16131
47339,16131
47872,16131
55473,16131
59375,16131
59279,16131
43928,16131
42115,16131
40370,16131
97869,16131
42833,16131
42993,16131
47009,16131
47408,16131
58251,16131
99224,16131
45163,16131
40354,16131
42890,16131
42000,16131
55379,16131
56169,16131
56521,16131
103487,16131
45194,16131
57325,16131
102234,16131
40325,16131
101361,16131
99990,16131
42783,16131
42320,16131
96277,16131
42354,16131
40276,68664
54336,16131
58533,16131
44840,16131
56132,16131
45957,16131
40327,68636
42313,16131
43529,16131
97863,16131
46907,16131
47074,16131
45786,16131
53830,16131
42139,16131
43366,16131
46487,16131
57683,16131
99862,16131
46809,16131
47032,16131
45269,16131
45641,16131
44578,16131
96231,16131
40009,121170
105722,16131
47616,16131
43179,16131
55607,16131
55585,16131
68172,121049
56353,16131
56233,16131
46701,16131
46931,16131
45522,16131
40042,121137
58869,16131
42223,16131
42384,16131
67914,121049
97858,16131
43016,16131
48702,16131
55413,16131
55414,16131
48037,16131
52844,16131
46615,16131
46854,16131
52797,16131
56175,16131
44338,16131
45341,16131
42289,16131
42921,16131
55633,16131
48597,16131
55771,16131
56191,16131
56333,16131
46770,16131
99914,16131
44388,16131
96117,16131
42199,16131
47835,16131
42828,16131
56264,16131
48326,16131
16363,16131
47136,16131
56109,16131
45034,16131
46653,16131
59407,16131
44114,16131
97855,16131
42691,16131
68386,68567
51285,16131
55586,16131
58371,16131
44879,16131
48484,16131
42667,16131
59347,16131
59655,16131
99972,16131
44461,16131
44754,16131
55690,16131
57911,16131
51014,16131
42512,16131
48308,16131
69840,68567
97853,16131
44645,16131
68476,121021
42431,16131
67713,121049
67922,121049
55640,16131
68345,121021
47924,16131
48171,16131
52896,16131
53777,16131
44496,16131
58437,16131
55909,16131
55847,16131
55746,16131
42323,16131
46235,16131
1580,375385
1930,375385
67714,121049
48060,16131
40010,173673
55793,16131
47266,16131
48947,16131
48879,16131
49125,16131
42225,16131
46124,16131
68407,121021
40041,173637
47949,16131
53509,16131
47244,16131
55877,16131
48809,16131
49024,16131
43251,16131
57585,16131
45839,16131
42002,16131
96118,16131
103604,16131
55511,16131
47017,16131
48892,16131
42003,16131
42022,16131
55419,16131
57267,16131
45706,16131
58787,16131
46882,16131
48827,16131
55745,16131
42999,16131
45557,16131
55544,16131
48776,16131
43046,16131
45412,16131
57851,16131
48719,16131
43617,16131
42023,16131
42076,16131
47720,16131
42779,16131
45210,16131
55530,16131
56171,16131
48584,16131
43534,16131
46814,16131
44204,16131
45185,16131
43153,16131
43413,16131
59251,16131
59463,16131
48464,16131
42586,16131
56110,16131
44932,16131
42077,16131
42112,16131
52984,16131
50780,16131
46913,16131
47125,16131
43304,16131
48341,16131
44807,16131
47348,16131
39631,226168
47036,16131
43191,16131
48218,16131
42415,16131
39672,226121
44674,16131
43733,16131
46936,16131
48097,16131
42113,16131
42130,16131
42240,16131
44538,16131
67936,121049
53160,16131
48064,16131
48938,16131
42931,16131
42150,16131
1488,375385
1583,375385
45971,16131
1446,375385
1494,375385
1445,375385
1448,375385
44396,16131
67724,121049
1902,375385
51435,16131
50072,16131
50219,16131
47944,16131
42819,16131
58701,16131
42151,16131
2099,375385
2100,375385
48814,16131
2083,375385
2234,375385
45679,16131
42499,16131
42706,16131
42420,16131
2236,375385
2342,375385
55529,16131
53093,16131
53151,16131
48837,16131
42629,16131
45724,16131
50746,16131
2562,375385
2608,375385
2622,375385
39620,331145
2344,375385
2418,375385
2528,375385
2554,375385
51399,16131
51705,16131
50421,16131
39654,278598
43685,16131
49215,16131
42535,16131
49472,16131
50132,16131
47582,16131
45338,16131
48762,16131
43855,16131
57881,16131
2523,375385
46399,16131
58357,16131
39653,331091
47156,278598
2420,375385
39521,383626
64902,16131
57841,16131
64945,16131
57803,16131
49142,16131
47440,16131
48660,16131
46252,16131
39584,383584
59254,16131
59275,16131
48873,16131
49058,16131
47261,16131
86066,16131
86248,16131
45044,16131
48445,16131
45811,16131
46145,16131
2242,375385
2352,375385
1585,375385
1587,375385
66907,16131
66852,16131
66939,16131
67197,16131
56573,16131
39426,383584
56538,16131
48957,16131
64901,16131
64948,16131
66183,16131
47150,16131
86207,16131
46020,16131
48898,16131
48199,16131
46857,16131
47054,16131
44776,16131
45879,16131
86149,16131
66850,16131
66670,16131
67214,16131
46745,16131
46977,16131
44802,16131
1589,375385
1961,375385
1951,375385
2075,375385
2050,375385
49388,16131
49588,16131
90115,16131
66675,16131
66967,16131
46876,16131
1592,375385
1597,375385
78444,16131
43037,16131
58609,16131
59053,16131
45542,16131
44660,16131
2360,375385
2246,375385
57806,16131
49326,16131
49467,16131
46815,16131
2422,375385
2521,375385
45383,16131
69239,68567
38420,383584
91792,16131
49262,16131
49403,16131
43595,16131
44031,16131
44917,16131
45212,16131
48320,16131
48565,16131
1952,375385
2046,375385
49389,16131
45103,16131
2519,375385
2566,375385
66440,16131
53272,16131
48480,16131
2602,375385
46601,16131
43427,16131
43839,16131
1599,375385
1601,375385
49323,16131
2532,375385
44944,16131
2430,375385
48375,16131
2364,375385
51519,16131
2250,375385
66446,16131
66779,16131
46500,16131
67096,16131
49276,16131
43241,16131
43606,16131
91605,16131
48226,16131
47331,16131
2042,375385
46309,16131
49170,16131
45332,16131
48032,16131
43055,16131
43409,16131
67248,68651
47956,16131
46184,16131
49093,16131
56574,16131
56537,16131
67231,68651
51580,16131
51813,16131
47134,16131
46059,16131
43268,16131
2460,375385
2426,375385
2368,375385
48994,16131
2254,375385
50404,16131
47187,16131
45926,16131
1532,0
1531,0
1850,375385
1844,375385
1554,0
1553,0
48915,16131
1564,375385
1563,375385
1724,375385
1723,375385
1612,375385
1611,375385
49493,16131
47062,16131
66860,16131
56578,16131
57688,16131
47656,16131
45740,16131
55146,16131
56541,16131
57721,16131
71468,68567
49764,16131
49459,16131
50545,16131
51817,16131
48842,16131
66205,16131
51665,16131
45719,16131
67097,16131
47592,16131
58745,16131
2452,375385
2424,375385
2376,375385
66185,16131
50631,16131
2258,375385
48802,16131
48100,16131
45442,16131
66208,16131
66415,16131
51250,16131
50717,16131
68192,121021
47248,16131
47469,16131
57667,16131
48693,16131
45249,16131
56107,16131
68496,173591
66658,16131
68411,121021
47358,16131
44077,16131
67298,226327
55057,16131
55058,16131
48590,16131
45138,16131
67131,68651
67301,121189
47284,16131
48497,16131
66427,16131
44964,16131
47742,16131
66502,16131
2049,375385
2172,375385
2173,375385
2198,375385
2199,375385
2238,375385
2316,375385
2317,375385
2356,375385
2550,375385
2592,375385
2625,375385
2650,375385
46403,16131
48398,16131
1692,375385
1691,375385
66499,16131
1658,375385
1657,375385
1638,375385
1637,375385
55166,16131
56142,16131
44806,16131
43682,16131
66598,16131
66688,16131
43907,16131
44177,16131
49220,16131
48168,16131
66896,16131
46171,16131
55145,16131
43481,16131
67073,68651
67283,68651
43986,16131
51666,16131
51888,16131
46206,16131
49084,16131
58370,16131
49339,16131
68340,121021
68423,121021
2054,375385
1792,375385
1786,375385
49099,16131
45850,16131
66640,16131
43794,16131
46719,16131
55783,16131
56236,16131
57605,16131
49838,16131
2056,375385
2145,375385
47830,16131
49425,16131
46634,16131
48888,16131
67074,68651
67100,68651
47738,16131
45552,16131
49350,16131
46272,16131
46537,16131
58299,16131
48242,16131
2058,375385
2161,375385
44263,16131
47627,16131
57211,16131
58249,16131
2012,375385
2006,375385
49155,16131
49288,16131
46452,16131
48745,16131
68500,383860
68427,331287
66536,16131
47512,16131
45224,16131
66788,16131
49243,16131
46345,16131
68098,121021
68196,173588
1842,375385
1908,375385
68018,121021
68100,121021
68017,278717
68025,121021
47398,16131
50809,16131
45276,16131
1565,375385
1567,375385
55445,16131
55869,16131
1605,375385
1615,375385
1641,375385
1661,375385
1695,375385
1727,375385
49184,16131
68528,489008
48577,16131
68341,278716
68435,278716
67646,436353
43998,16131
50581,16131
50582,16131
47890,16131
47377,16131
67420,383971
68106,121021
2151,375385
68026,278717
2070,375385
50409,16131
50410,16131
44818,16131
48612,16131
46052,16131
67380,226327
67423,383971
47290,16131
67643,436353
67312,121189
48974,16131
44504,16131
45132,16131
48252,16131
45937,16131
50905,16131
67387,278843
52663,16131
52583,16131
52782,16131
52875,16131
68483,278716
45431,16131
45760,16131
47910,16131
48492,16131
48882,16131
1840,375385
1914,375385
56046,16131
54448,16131
38419,383584
50723,16131
55871,16131
52541,16131
52660,16131
2494,375385
2489,375385
2544,375385
2545,375385
2574,375385
2347,375385
2571,375385
2229,375385
2598,375385
2164,375385
2157,375385
67316,121189
67430,278843
2038,375385
2067,375385
2033,375385
2002,375385
45609,16131
2669,375385
46861,68705
2684,375385
55194,16131
55569,16131
48674,16131
48815,16131
52487,16131
52580,16131
67102,68651
54471,16131
45470,16131
4479,375385
5208,375385
48758,16131
50793,16131
1607,375385
52449,16131
52550,16131
4360,375385
47966,16131
48709,16131
48108,16131
4170,375385
52383,16131
52502,16131
1764,375385
67305,173757
1760,375385
47713,16131
2486,375385
67376,226337
2338,375385
2226,375385
1894,375385
2154,375385
2065,375385
52462,16131
1896,375385
67333,173757
2013,375385
2014,375385
54523,16131
55400,16131
56360,16131
1759,375385
47492,16131
2740,375385
4267,375385
49810,16131
53653,16131
47027,16131
47076,16131
1745,375385
1870,375385
2454,375385
2147,375385
2312,375385
2335,375385
2278,375385
2314,375385
2280,375385
2224,375385
53630,1698499
2063,375385
67641,278843
67595,278843
67517,278843
67598,278843
52722,16131
1865,375385
50183,16131
44672,16131
50293,16131
50765,16131
49286,16131
49832,16131
67524,278843
67840,121021
68120,121021
67140,0
67139,0
67164,0
49118,16131
1746,375385
52600,16131
67750,121021
67844,121021
67458,278843
67749,121021
67754,121021
49952,16131
49888,16131
50000,16131
50036,16131
48984,16131
1733,375385
1825,375385
53362,16131
54449,16131
67335,173757
67365,173757
2604,375385
50001,16131
47601,16131
47875,16131
1821,375385
2001,375385
48921,16131
2059,375385
2109,375385
2105,375385
2141,375385
1998,375385
49882,16131
47750,16131
51186,16131
51112,16131
51274,16131
51322,16131
48872,16131
51557,16131
52618,16131
51073,16131
51230,16131
47646,16131
54472,16131
53605,16131
1653,0
1654,0
48847,16131
52620,16131
57212,16131
57611,16131
47535,16131
1683,375385
1679,375385
50042,16131
38167,383584
48587,16131
50419,16131
50772,16131
1997,375385
1993,375385
48780,16131
2485,375385
2618,375385
2480,375385
52480,16131
47394,16131
52951,16131
2093,375385
2089,375385
50977,16131
51157,16131
68128,121021
50437,16131
50784,16131
50947,16131
51086,16131
52880,16131
50098,16131
67846,121021
50879,16131
51006,16131
54231,16131
54610,16131
2333,375385
50323,16131
2475,375385
51481,16131
51630,16131
52693,16131
52822,16131
1994,375385
50962,16131
1989,375385
50038,16131
52241,16131
52554,16131
115184,16131
50461,16131
50826,16131
51393,16131
51542,16131
52694,16131
4246,375385
4485,375385
48322,16131
50343,16131
53183,16131
51477,16131
2137,375385
55561,16131
56726,16131
2332,375385
2472,375385
4152,375385
4257,375385
49429,16131
49914,16131
51488,16131
49146,16131
52736,16131
1900,375385
151590,16131
53612,16131
54326,16131
1874,375385
1823,375385
50499,16131
50910,16131
1736,375385
1680,375385
1682,375385
1985,375385
2018,375385
51247,16131
2036,375385
52037,16131
52278,16131
2062,375385
2092,375385
2108,375385
2140,375385
51402,16131
52698,16131
2692,375385
4088,375385
4153,375385
2675,375385
49006,16131
4018,375385
4090,375385
50296,16131
50450,16131
50218,16131
50366,16131
49447,16131
49934,16131
55063,16131
54806,16131
3960,375385
4019,375385
50320,16131
151577,16131
49053,16131
49224,16131
50102,16131
52219,16131
52380,16131
50939,16131
4370,375385
4537,375385
50246,16131
3920,375385
3961,375385
48933,16131
51108,16131
51957,16131
52072,16131
50807,16131
49054,16131
52143,16131
52288,16131
3868,375385
3921,375385
51566,16131
50128,16131
50527,16131
51648,16131
50721,16131
51000,16131
2680,375385
2697,375385
51835,16131
52074,16131
38168,383584
40201,383584
49421,16131
3750,375385
3873,375385
49771,16131
49946,16131
49405,16131
52115,16131
52226,16131
51549,16131
50063,16131
50675,16131
50822,16131
51735,16131
51880,16131
48970,16131
49104,16131
1986,375385
1987,375385
48902,16131
52002,16131
49960,16131
50621,16131
50716,16131
47280,68700
53210,16131
51718,16131
48969,16131
2751,375385
3760,375385
47223,68700
53443,16131
50553,16131
50682,16131
49799,16131
49980,16131
49477,16131
49009,16131
50638,16131
52166,16131
49385,16131
4311,375385
4066,375385
4068,375385
3858,375385
3857,375385
3850,375385
48924,16131
52122,16131
50548,16131
53204,16131
49749,16131
2698,375385
49140,16131
49306,16131
49750,16131
49988,16131
48632,16131
2679,375385
49517,16131
50442,16131
53205,16131
4294,375385
4545,375385
53720,16131
48876,16131
55279,16131
50388,16131
49377,16131
52684,16131
53253,16131
4210,375385
4072,375385
3849,375385
3851,375385
51625,16131
51636,16131
49794,16131
50020,16131
2739,375385
50316,16131
2688,375385
50934,16131
55731,68703
55457,68703
49086,16131
49253,16131
49455,16131
51806,16131
51643,16131
49487,16131
50232,16131
50730,16131
4548,375385
4579,375385
51728,16131
51584,16131
50249,16131
53435,16131
49361,16131
3853,375385
3842,375385
4076,375385
4121,375385
4228,375385
51458,16131
48990,16131
49201,16131
49816,16131
50140,16131
49343,16131
53417,16131
4327,375385
4328,375385
55029,16131
4435,375385
4436,375385
50738,16131
54992,16131
53309,16131
53680,16131
50742,16131
48920,16131
49129,16131
3841,375385
3843,375385
4080,375385
51184,16131
50678,16131
49721,16131
49922,16131
51142,16131
50332,16131
53663,16131
51506,16131
49649,16131
49862,16131
49045,16131
50598,16131
4496,375385
4617,375385
4498,375385
4440,375385
4334,375385
4238,375385
2687,375385
4084,375385
50853,16131
51046,16131
50326,16131
49573,16131
49709,16131
50446,16131
2689,375385
3846,375385
50854,16131
3838,375385
49491,16131
49644,16131
48812,16131
48951,16131
49328,16131
48432,68700
49419,16131
49595,16131
4500,375385
4629,375385
51242,16131
48347,68702
4240,375385
4242,375385
50958,16131
49526,16131
4052,375385
50868,16131
55271,16131
48870,16131
49416,16131
4002,375385
3837,375385
3836,375385
54042,16131
54413,16131
4568,375385
4681,375385
4570,375385
4504,375385
4448,375385
4342,375385
4172,375385
4248,375385
4096,375385
4174,375385
4094,375385
55589,16131
49819,16131
50381,16131
50396,16131
3925,375385
3835,375385
56021,16131
50524,16131
49660,16131
50398,16131
52528,16131
52860,16131
53654,16131
50454,16131
50337,16131
71469,68567
73820,68567
53629,16131
39120,0
39119,0
50208,16131
48930,16131
4025,375385
4026,375385
2754,375385
2746,375385
49669,16131
52370,16131
52680,16131
49678,16131
53959,16131
53960,16131
80501,68555
49978,16131
49584,16131
50710,16131
4640,375385
4733,375385
4650,375385
4574,375385
2510,375385
2705,375385
3240,375385
4514,375385
4456,375385
4366,375385
4252,375385
49948,16131
4178,375385
52192,16131
52518,16131
4099,375385
4030,375385
3883,375385
50258,16131
49745,16131
49889,16131
53349,16131
53350,16131
49746,16131
3791,375385
3889,375385
52062,16131
52366,16131
3982,375385
3895,375385
80604,68555
55497,16131
56217,68705
48473,16131
48966,16131
49834,16131
50006,16131
49767,16131
54351,16131
54765,16131
51840,16131
52186,16131
48184,16131
50901,16131
54127,16131
48496,16131
49002,16131
51564,16131
51904,16131
55725,16131
48825,16131
49032,16131
3901,375385
3771,375385
4599,375385
4658,375385
4578,375385
4510,375385
4443,375385
4232,375385
4323,375385
4225,375385
3988,375385
3987,375385
51156,16131
51633,16131
48677,16131
48851,16131
49088,16131
3821,375385
3824,375385
3905,375385
48540,16131
54063,16131
54382,16131
53228,16131
48714,16131
50902,16131
40204,383584
40447,383584
43354,436231
41912,383584
41942,383584
45096,331249
48820,16131
48819,16131
49112,16131
49136,16131
3699,375385
54064,16131
54066,16131
54861,16131
52054,16131
54837,16131
54215,16131
52870,16131
51296,16131
4509,375385
48734,16131
4324,375385
4444,375385
4130,375385
4129,375385
4044,375385
4043,375385
48750,16131
47959,121263
47962,173815
48768,16131
47640,226350
54971,16131
47691,226312
52702,16131
51683,16131
50670,16131
51118,16131
3649,375385
3679,375385
41877,383584
53754,16131
52532,16131
50494,16131
50871,16131
3752,375385
3751,375385
53766,16131
3878,375385
51759,16131
52386,16131
53739,16131
3773,375385
3774,375385
50314,16131
50653,16131
4275,375385
4282,375385
4185,375385
83300,121025
2699,375385
2806,375385
47554,278801
4188,375385
50068,16131
50467,16131
2464,375385
2614,375385
3621,375385
4113,375385
76596,68555
83221,121025
47608,278801
52098,16131
4116,375385
4031,375385
4034,375385
51352,16131
47553,383785
3669,375385
49918,16131
50279,16131
3971,375385
3966,375385
47610,331456
47856,226350
2801,375385
51624,16131
2700,375385
3900,375385
3328,375385
2442,375385
2611,375385
49740,16131
50055,16131
51737,16131
3828,375385
54142,16131
2835,375385
2836,375385
2907,375385
2908,375385
48913,121263
2963,375385
2964,375385
53969,16131
2925,375385
2926,375385
2877,375385
2878,375385
2793,375385
2790,375385
48914,16131
49920,16131
3661,375385
52099,16131
52194,16131
47180,383712
51480,16131
47231,173841
44437,331249
46756,226264
3662,375385
40711,488708
41915,488728
51356,16131
52980,16131
41918,541302
2404,375385
2615,375385
52854,16131
51149,16131
54099,1330431
54138,16131
50032,16131
47030,173749
47221,16131
52672,16131
50913,16131
52748,16131
2702,375385
2792,375385
2840,375385
2882,375385
2906,375385
2930,375385
2968,375385
2988,375385
2989,375385
3004,375385
51827,16131
2708,375385
52516,16131
2386,375385
50665,16131
56150,16131
54728,16131
43611,331249
43610,331249
51554,16131
50479,16131
56123,16131
54734,16131
4000,375385
2385,375385
2712,375385
3018,375385
3017,375385
3008,375385
3005,375385
3193,375385
3322,375385
43609,331249
2884,375385
2886,375385
3177,375385
3208,375385
3157,375385
3184,375385
3133,375385
3169,375385
3097,375385
3140,375385
2714,375385
3098,375385
2716,375385
53068,16131
46930,16131
74534,68555
78350,68555
2887,375385
2890,375385
52974,16131
51572,16131
52846,16131
2717,375385
2720,375385
2891,375385
2894,375385
40630,593836
3037,375385
3033,375385
3080,375385
3079,375385
3054,375385
3053,375385
84858,121025
52670,16131
40553,698968
82830,121025
84751,121025
2895,375385
40494,804104
40113,909244
40114,909244
2721,375385
2724,375385
81754,121025
83006,121025
54682,16131
54691,16131
53488,16131
55122,16131
81906,121025
83148,121025
54152,16131
55077,16131
50085,16131
2725,375385
2730,375385
3032,375385
53336,16131
82383,121025
83278,121025
55828,16131
2975,375385
2972,375385
2995,375385
2996,375385
3012,375385
3011,375385
3228,375385
3227,375385
53214,16131
82509,121025
83434,121025
81194,121025
74310,68555
74924,68555
55777,16131
55130,16131
53058,16131
82641,121025
83564,121025
74309,68555
74549,68555
82012,121025
54592,16131
53527,16131
54003,16131
40115,1014392
82743,121025
83682,121025
52968,16131
81052,121025
81745,121025
3252,375385
82402,121025
2729,375385
2727,375385
3256,375385
3010,375385
3222,375385
2994,375385
3224,375385
2974,375385
2934,375385
2868,375385
2826,375385
2870,375385
2776,375385
2823,375385
2778,375385
2728,375385
80852,121025
81534,121025
53530,16131
54243,16131
82905,121025
83818,121025
53062,16131
52832,16131
80726,121025
81365,121025
82720,121025
83996,121025
80574,121025
81198,121025
2874,375385
2824,375385
74925,68555
75064,68555
3276,375385
3360,375385
151616,16131
80386,121025
81023,121025
82596,121025
151613,1330431
82818,121025
84108,121025
80152,121025
80754,121025
55610,0
55407,0
75065,68555
75198,68555
82994,121025
79672,121025
80561,121025
77616,68555
78490,68555
53838,16131
53640,16131
53863,16131
53532,16131
82051,121025
78492,68555
78594,68555
75200,68555
75298,68555
3225,375385
3070,375385
81774,121025
3069,375385
2904,375385
2902,375385
79468,121025
79774,121025
53639,16131
81509,121025
78595,68555
78662,68555
77615,68555
77632,68555
79467,121025
79491,121025
2916,375385
2915,375385
81199,121025
81280,121025
41749,0
41430,0
82996,121025
83014,121025
53647,16131
55459,0
3336,375385
3366,375385
3304,375385
3338,375385
3274,375385
3305,375385
3215,375385
3246,375385
3248,375385
3279,375385
3166,375385
3217,375385
3386,375385
3798,375385
55408,0
2954,375385
2956,375385
2875,375385
3404,375385
3168,375385
2937,375385
55079,16131
55101,16131
54697,16131
41429,0
41432,0
2938,375385
2940,375385
54279,16131
42723,121231
41325,121231
42277,121231
44561,121231
53891,16131
54311,16131
54343,16131
45108,121279
44778,16131
44829,16131
45326,16131
53903,16131
54375,16131
54836,16131
45123,16131
45528,16131
45235,16131
45684,16131
54723,16131
53675,16131
45465,16131
45888,16131
53854,16131
45619,16131
46106,16131
53804,16131
53856,16131
53825,16131
53750,16131
53683,16131
53885,16131
45857,16131
46276,226395
44595,16131
44939,16131
53076,16131
41131,0
41132,0
41326,121231
41533,121231
44251,16131
46278,226395
46418,436659
53124,16131
46419,436659
46534,436659
42857,121231
45237,16131
46536,436659
46624,226395
45467,16131
46625,226395
46758,16131
44039,121231
53732,16131
53907,16131
45621,16131
46446,16131
42279,16131
41536,121231
45578,16131
53731,16131
47040,16131
53728,16131
46694,16131
47176,16131
47178,16131
47296,16131
46005,16131
45782,16131
47297,16131
47382,16131
46156,16131
45962,16131
47384,16131
47508,16131
46295,16131
46132,16131
47509,16131
47700,16131
46430,16131
46242,16131
3296,375385
3295,375385
3297,375385
3316,375385
3317,375385
3332,375385
3333,375385
3411,375385
3436,375385
3443,375385
3476,375385
47465,16131
47888,16131
3520,375385
3522,375385
45082,16131
48728,16131
45784,16131
45963,16131
42711,121231
42504,121231
46134,16131
44573,16131
44402,16131
46967,16131
46826,16131
46243,16131
3414,375385
3415,375385
44713,16131
44550,16131
47066,16131
46942,16131
46030,16131
44876,16131
44688,16131
47195,16131
47046,16131
53054,16131
3624,375385
53053,16131
53081,16131
3722,375385
3794,375385
3626,375385
3674,375385
3676,375385
45031,16131
44844,16131
47302,16131
47146,16131
53084,16131
53717,16131
43693,16131
47310,16131
47636,16131
46376,16131
3530,375385
44404,16131
51969,16131
51911,16131
51997,16131
47450,16131
47770,16131
46828,16131
45497,16131
45246,16131
51980,16131
52665,16131
51521,16131
44552,16131
51560,16131
52642,16131
47598,16131
47896,16131
46943,16131
45662,16131
45480,16131
44689,16131
52924,16131
48490,16131
47992,16131
47710,16131
45819,16131
45632,16131
47048,16131
52961,16131
44846,16131
47147,16131
47848,16131
46008,16131
45792,16131
3783,375385
44520,16131
46996,16131
52923,16131
45248,16131
47452,16131
3784,375385
3785,375385
52962,16131
45481,16131
47599,16131
52776,16131
42503,121231
45634,16131
47712,16131
52825,16131
46641,16131
46508,16131
45793,16131
47849,16131
47998,16131
46742,16131
46620,16131
45368,16131
47632,16131
46867,16131
46708,16131
44037,16131
43882,16131
46974,16131
46830,16131
52800,16131
44175,16131
44004,16131
45802,16131
52705,16131
53420,16131
44346,16131
44144,16131
46510,16131
42713,121231
51513,16131
44467,16131
44310,16131
47269,16131
47118,16131
51533,16131
51732,16131
46621,16131
50787,16131
47356,16131
47240,16131
50836,16131
51701,16131
43694,16131
46710,16131
47483,16131
47342,16131
43884,16131
46831,16131
44861,16131
44680,16131
52676,16131
53295,16131
50024,16131
50023,16131
52316,16131
47620,16131
47456,16131
44006,16131
52198,16131
52376,16131
53268,16131
45018,16131
44836,16131
46593,16131
53725,16131
51613,16131
52173,16131
44145,16131
45183,16131
44982,16131
47120,16131
44312,16131
45352,16131
45166,16131
47241,16131
44073,16131
42280,16131
42804,16131
43159,16131
42971,16131
47344,16131
51181,16131
51771,16131
44682,16131
43273,16131
43075,16131
47457,16131
44837,16131
43405,16131
43243,16131
47191,16131
48074,16131
44984,16131
43557,16131
43381,16131
51345,16131
51971,16131
46187,16131
45997,16131
45167,16131
43717,16131
43517,16131
46344,16131
46167,16131
43910,16131
43699,16131
44895,16131
46465,16131
46299,16131
44043,16131
43885,16131
51511,16131
52111,16131
42906,16131
47779,16131
52297,16131
46566,16131
46437,16131
43040,16131
45288,16131
43222,16131
44425,16131
44257,16131
46000,16131
46851,16131
46695,16131
43324,16131
52337,16131
52834,16131
51768,16131
51691,16131
44576,16131
44411,16131
46169,16131
51820,16131
52793,16131
43474,16131
46966,16131
46833,16131
44705,16131
44543,16131
46302,16131
49798,16131
50045,16131
47067,16131
46947,16131
43616,16131
49824,16131
50457,16131
44878,16131
44699,16131
46439,16131
47204,16131
47057,16131
43902,16131
46217,16131
44046,16131
50749,16131
46698,16131
43262,16131
50797,16131
51070,16131
50536,16131
43264,16131
44212,16131
50556,16131
51027,16131
50253,16131
50254,16131
46835,16131
44352,16131
46950,16131
45681,16131
45505,16131
47044,16131
48688,16131
44494,16131
47059,16131
45900,16131
45675,16131
51610,16131
49910,16131
50392,16131
44678,16131
50932,16131
51595,16131
46045,16131
45831,16131
46869,16131
52886,16131
46200,16131
46035,16131
52795,16131
52851,16131
45064,16131
50028,16131
50636,16131
51129,16131
45216,16131
46517,16131
46379,16131
43545,68697
43546,68697
45460,16131
46640,16131
46511,16131
45590,16131
50168,16131
46731,16131
46609,16131
48689,16131
49608,16131
50472,16131
50764,16131
51303,16131
45776,16131
46860,16131
46711,16131
43548,68697
44726,68697
46012,16131
46190,16131
5134,0
4990,0
5130,0
5340,0
4820,0
4986,0
4398,0
4134,0
4399,0
4518,0
4520,0
4612,0
4609,0
4786,0
4133,0
4135,0
4781,0
4821,0
50984,16131
51495,16131
5336,0
50236,16131
49780,16131
51741,16131
49805,16131
46354,16131
49634,16131
49893,16131
46464,16131
4605,0
4728,0
45222,16131
45191,16131
4985,0
4981,0
5125,0
5331,0
46570,16131
51743,16131
51801,16131
51238,16131
52030,16131
45808,16131
45145,16131
45458,16131
50011,16131
45657,16131
51804,16131
52005,16131
46692,16131
5371,0
5328,0
5122,0
4982,0
4978,0
45077,16131
45078,16131
50014,16131
50153,16131
4402,0
4403,0
5496,0
45061,16131
5324,0
44947,16131
45359,16131
5119,0
4977,0
4974,0
45605,16131
5116,0
44727,68697
5321,0
49609,16131
45361,16131
45579,16131
45954,16131
48207,0
48208,0
5374,0
5317,0
49636,16131
50187,16131
50614,16131
5111,0
4973,0
4969,0
50156,16131
45582,16131
44854,0
44853,0
44948,16131
45055,16131
50189,16131
50377,16131
46842,16131
5315,0
5107,0
4970,0
4965,0
4777,0
4603,0
5375,0
4406,0
4407,0
5311,0
46843,16131
51340,16131
4913,0
4910,0
50303,16131
50551,16131
4963,0
5104,0
5309,0
4726,0
4597,0
47096,16131
4409,0
4411,0
4542,0
5382,0
5306,0
4960,0
5100,0
5303,0
4741,0
4593,0
4414,0
50304,16131
50351,16131
4592,0
48945,0
48946,0
4394,0
4392,0
4688,0
4686,0
4536,0
4534,0
4475,0
4476,0
5380,0
4289,0
4290,0
5300,0
4742,0
4200,0
4199,0
4906,0
4956,0
5096,0
5297,0
5378,0
5294,0
4744,0
4902,0
4952,0
5092,0
5291,0
5288,0
5457,0
4746,0
4898,0
5285,0
5089,0
4948,0
4201,0
4750,0
5210,0
5085,0
4752,0
4893,0
4940,0
5281,0
5392,0
5493,0
5490,0
4416,0
4415,0
4417,0
4756,0
5205,0
4890,0
5086,0
4758,0
4419,0
4421,0
4764,0
5279,0
5485,0
5081,0
4888,0
4762,0
5275,0
4423,0
4425,0
4524,0
4526,0
4584,0
4838,0
4836,0
4865,0
4862,0
4586,0
4660,0
4662,0
4700,0
4702,0
4768,0
3951,0
3947,0
5273,0
5082,0
5481,0
5269,0
3948,0
3945,0
3941,0
4138,0
4139,0
4214,0
4221,0
4298,0
4304,0
5078,0
5267,0
5484,0
5264,0
4770,0
3942,0
3935,0
4143,0
4935,0
5080,0
5182,0
5184,0
5266,0
3936,0
5033,0
4831,0
4938,0
4158,0
4160,0
4272,0
4274,0
4833,0
4771,0
4774,0
3938,0
3933,0
4689,0
4690,0
4164,0
3930,0
3777,0
3778,0
3929,0
3927,0
3779,0
3782,0
3928,0
4024,0
3747,0
3748,0