Node,Indegree,Outdegree
32771,2,2
32781,2,2
15,0,2
17,2,2
65554,32,32
18,2,2
32786,16,16
32789,3,3
23,2,2
65561,6,7
32794,14,14
65567,7,7
33,5,5
65571,9,9
32803,4,4
65575,1,1
65577,23,24
42,5,5
32812,7,7
32814,2,2
65584,17,18
50,4,2
65587,23,23
65589,22,23
54,1,0
32823,150,167
65591,7,7
32828,2,2
65596,1,1
32830,14,14
131135,12,9
65602,27,27
131138,43,43
65605,1,1
65606,1,10
32841,4,4
65616,2,2
131152,1,1
131160,73,73
65643,21,22
32876,2,0
65647,1,1
32882,2,2
65652,10,25
32888,1,1
65657,20,26
32890,14,14
65663,27,27
32898,2,2
65672,66,64
65674,19,18
65679,13,13
32914,5,5
98451,3,3
32918,6,6
32919,1,1
65691,19,18
32923,3,3
65697,47,43
167,2,2
168,2,2
98472,4,4
32935,1,1
32944,3,3
32950,2,2
65721,50,53
65725,7,7
32969,8,8
32973,1,1
131295,5,5
65760,10,9
65764,3,0
230,2,2
131305,11,4
33005,3,3
65787,13,13
65791,3,0
65794,3,3
98565,2,2
33032,3,3
33040,1,1
65809,23,23
33042,3,3
33045,3,3
65814,34,35
65815,4,4
131352,4,4
131355,4,4
98592,4,4
65825,1,1
65824,6,7
33061,4,4
65833,1,1
98602,2,2
65836,48,48
33070,3,3
65844,18,18
33076,1,1
65847,25,29
65850,1,1
65854,3,2
33092,3,3
65862,10,10
65865,6,6
65870,1,1
65871,23,23
65876,2,2
65877,1,0
65880,9,9
65887,9,9
33119,1,1
33128,3,3
131434,4,4
65900,28,28
65901,9,9
33132,8,8
33133,21,5
98671,1,1
65905,6,6
65907,2,2
65908,2,2
65910,2,2
65913,7,7
65915,18,18
33153,22,22
33154,23,23
65924,22,22
98692,1,1
65926,2,2
33159,3,3
98699,1,1
65932,17,17
33165,19,19
65940,28,28
65946,18,18
33178,2,2
65949,11,11
98718,1,1
65951,10,10
418,2,2
65956,8,10
33191,4,4
65960,37,55
33197,152,150
65969,11,11
98737,16,16
65971,1,1
65973,7,7
65976,18,18
65980,36,36
33214,4,4
65985,3,4
33217,32,39
451,2,8
450,8,8
454,8,8
65991,24,24
456,8,8
131530,1,1
33227,3,3
65996,2,2
33229,4,4
462,8,8
33231,2,2
464,8,8
98769,3,3
33230,6,10
33235,24,24
66006,2,2
471,8,8
33242,7,8
33246,35,34
66015,1,1
66016,1,1
481,8,8
33250,68,68
33251,4,4
98790,1,1
33255,2,2
131562,4,4
66028,2,1
98796,2,2
492,2,2
98797,1,1
66032,2,2
66039,1,1
33271,4,4
33272,4,4
66042,2,2
66043,1,1
507,1,2
66045,1,1
513,8,8
131586,9,9
66051,1,1
516,2,2
66053,1,1
66055,1,1
33289,30,30
33292,2,2
66060,1,1
66071,1,1
536,2,2
33305,2,2
33303,1,1
66076,2,2
66078,1,2
33311,21,21
66080,2,2
33316,3,3
548,2,2
66089,6,6
66090,6,6
66093,2,2
66094,2,2
33325,1,1
66095,1,2
33333,4,4
66102,2,3
33334,4,4
66104,14,35
568,8,8
33336,2,2
98879,56,56
98880,29,29
33343,2,2
33346,17,17
66115,23,23
66112,1,1
66119,6,6
33351,5,5
66127,22,22
66128,27,26
66129,10,10
594,2,2
33364,17,17
33365,4,4
33367,1,1
66136,37,37
33371,8,7
33372,8,8
66140,39,39
603,8,8
33375,88,87
33377,8,8
66146,37,37
611,2,2
66149,0,1
66150,1,1
33381,2,2
66152,2,2
33385,9,9
33386,23,26
66153,25,25
33388,2,2
66164,11,11
66167,25,25
33399,13,13
635,4,4
33404,17,17
33412,6,5
647,6,6
66183,2,2
649,4,4
66188,3,3
653,6,0
33423,2,2
657,4,4
66194,0,2
33428,2,2
66197,27,27
663,4,4
66200,26,26
33431,2,2
66204,28,28
98973,1,1
66205,2,2
33439,1,1
66210,4,4
33444,2,2
66213,10,10
66214,47,52
98983,82,82
66216,25,25
98982,85,85
33450,2,2
682,5,5
678,5,5
66222,40,40
66226,26,26
690,1,1
692,4,4
66229,2,3
33463,18,13
66233,33,33
33467,20,20
33470,5,15
33472,22,22
706,5,5
66242,1,1
66244,40,40
66245,6,7
33479,15,15
66252,6,6
99021,8,8
716,5,5
99024,1,1
66262,13,13
66263,5,5
728,5,5
726,5,5
33498,9,9
66268,6,6
33501,8,8
131807,35,35
33503,3,1
33511,4,4
33512,24,24
33515,88,88
33525,5,5
66294,28,28
33529,17,15
66298,13,13
764,5,5
33538,7,7
33540,4,4
779,4,4
66317,6,6
33551,2,2
66321,1,1
66323,16,16
33558,31,27
33559,6,6
66327,1,1
66331,7,6
99099,1,1
66338,9,9
66341,7,7
806,7,7
807,1,0
33577,2,2
33579,7,7
66348,22,22
131888,9,10
66352,5,4
66355,0,6
33587,2,2
33592,8,8
66361,26,24
33600,19,19
66370,26,26
835,4,4
66375,16,16
33613,8,8
66384,6,6
33620,8,8
33622,18,18
131927,42,42
33626,1,0
33630,14,14
33631,108,108
99167,14,14
33640,3,3
66409,58,58
33647,29,18
33648,19,27
66415,1,1
66418,23,23
33649,1,1
131956,1,1
99195,44,44
33660,88,88
66427,1,1
66430,2,2
33662,8,8
33664,1,1
33668,1,1
66440,3,2
33673,53,55
906,8,7
66446,2,2
99215,6,6
33680,89,89
66449,5,5
66452,2,2
66453,19,19
66456,42,42
33689,31,31
922,1,1
66459,5,7
928,1,1
66467,33,33
66469,18,18
936,1,1
66474,0,16
33708,16,16
66478,34,34
33713,1,1
66487,42,24
66490,5,5
66493,5,5
66497,19,19
33730,6,6
963,0,1
66502,1,1
33736,12,12
66507,41,41
33739,12,12
66509,15,15
66512,18,18
33745,9,9
66516,24,24
66520,31,31
66522,16,16
99290,1,1
66525,1,1
66526,3,3
993,4,4
66540,3,3
66543,31,30
33775,3,3
33781,27,27
33782,9,22
66552,42,42
99320,3,3
33786,18,19
132088,9,9
99322,1,1
66557,10,10
66559,14,14
33792,1,1
33793,4,4
66564,26,27
33797,16,16
33796,7,7
33802,1,1
66571,5,5
33805,3,3
66575,35,35
66576,41,42
66580,13,13
99349,2,2
66582,2,1
99348,44,44
33814,1,1
1050,5,5
66589,3,3
1053,6,6
1056,7,7
66593,15,15
33827,2,2
33832,2,2
33839,68,173
33842,92,92
66617,16,16
1082,13,14
33853,2,2
66623,18,8
66624,33,33
66626,26,26
1092,5,5
1095,4,4
66634,1,1
33866,3,3
1100,7,6
33870,23,23
66638,24,24
1104,10,10
66641,4,4
1106,4,4
66645,7,7
66646,7,7
1111,4,4
132182,1,1
1109,2,6
1114,4,4
33883,3,3
1116,6,6
33885,17,17
66653,1,1
33887,1,1
1120,4,4
1121,4,4
33892,12,12
1125,4,4
66661,12,13
33898,1,1
1130,6,6
1134,6,6
33903,97,97
66671,53,53
66670,1,1
66675,1,1
33910,1,1
66681,2,2
33914,1,1
1150,9,8
1151,7,7
1155,9,9
66694,1,1
132231,56,56
132232,57,57
66697,4,4
132233,35,35
33929,8,8
33928,8,9
1161,5,5
33935,27,27
66703,11,10
66705,33,33
66710,29,29
33943,3,3
33945,13,13
66714,13,13
66722,1,0
66724,3,3
66727,16,16
1193,9,9
33963,19,19
33964,10,10
1198,6,7
66737,26,26
33971,11,11
33972,11,11
33973,31,31
66742,52,52
66746,42,42
33979,4,4
33982,19,20
33985,2,2
1218,9,9
66757,27,27
66758,27,27
33990,16,16
1226,7,7
1227,5,5
33998,16,16
33999,1,1
66768,29,29
34004,40,40
66776,2,2
1243,5,5
99548,8,8
1246,7,7
66784,27,27
34017,28,28
34018,28,28
99553,1,1
34020,27,27
66789,42,35
1253,9,10
66794,56,56
34026,2,2
34030,3,3
66802,27,27
1267,6,6
34035,2,0
66806,15,15
66808,15,15
34050,29,30
99588,2,2
66828,12,12
1297,6,6
66834,39,39
132371,73,73
132372,73,73
34067,7,7
34071,3,3
34072,3,3
34073,34,34
66845,53,55
34078,28,28
66846,24,24
1310,10,10
34082,7,7
66850,1,1
66852,1,1
66856,65,64
66857,18,18
66861,17,17
34095,2,2
34098,1,1
34100,1,1
66869,49,45
1333,49,49
34101,25,25
1334,49,8
34105,6,5
34106,5,5
66875,2,2
66877,2,2
34113,1,1
66882,41,41
34115,12,12
1348,4,4
34117,11,11
1349,10,10
66885,3,3
132425,1,1
66894,29,31
34129,1,1
66901,7,8
66904,0,2
66905,37,37
99673,2,2
66907,2,2
66909,15,14
99678,2,2
34144,4,4
66915,0,1
132453,4,4
34151,2,2
66920,38,38
34153,3,3
66923,15,15
66928,14,14
34161,1,1
66930,1,1
34166,43,43
99703,15,15
66936,27,27
66945,1,1
1411,6,6
34179,2,2
1414,8,7
34183,35,35
66952,16,26
34184,35,35
34187,2,2
66961,2,5
1426,1,3
1432,2,3
34204,12,12
1437,51,51
34208,7,7
99750,2,2
66983,3,3
34218,1,1
66987,9,10
66988,9,9
34225,2,2
34228,5,5
66996,2,1
99764,1,0
66999,60,92
67000,37,37
67001,11,11
34234,90,90
34233,33,33
34236,4,4
67006,25,25
132548,4,4
34245,31,31
67014,4,5
34249,1,1
67018,28,30
67019,6,6
34253,2,2
67024,22,22
67028,16,16
67032,63,63
34265,14,14
67036,11,11
1502,10,10
34271,9,9
67042,9,9
1509,3,3
1513,16,16
34281,2,2
67050,4,5
132588,35,35
67053,30,30
1516,16,15
132590,1,1
34285,2,2
99825,48,50
99826,43,43
34293,28,28
67064,3,3
34297,19,19
67078,9,9
34315,1,0
67084,34,33
34324,7,6
34326,16,16
67094,16,16
34333,2,4
67105,43,42
34343,2,2
67113,43,43
67115,31,31
34355,149,68
34360,4,4
34363,8,8
67135,22,22
34377,8,8
1610,8,29
132682,1,1
67145,5,5
34384,4,4
67155,22,22
34387,4,4
1619,10,13
34392,16,16
67162,5,5
132701,10,10
132702,10,10
67167,43,43
34397,2,2
67170,26,26
34403,11,11
1635,8,8
34402,1,0
34410,4,4
99948,16,17
67180,3,4
67184,23,23
34418,16,16
67188,10,10
67190,3,3
67194,3,3
34428,16,16
67197,3,3
67206,63,63
132742,2,2
34444,21,21
67214,2,4
67220,42,42
67222,16,16
34455,16,16
1687,6,6
67225,10,10
1690,29,29
67227,28,28
34454,1,1
34461,3,3
67231,3,3
34468,3,3
34472,1,1
67244,1,1
67245,70,30
34477,0,1
67248,4,4
34481,21,21
34480,16,16
132784,1,1
67252,63,63
100019,3,3
67254,7,7
1719,5,6
100016,1,1
34485,1,1
34490,31,31
67259,56,56
34494,25,23
67266,66,66
100035,1,1
34500,9,9
67270,24,24
34504,1,1
67274,5,5
67275,54,54
34508,89,89
34511,4,4
67280,19,19
34514,2,2
34515,35,35
67285,4,4
34519,10,10
67290,66,66
67292,54,54
1756,8,8
34526,8,9
67295,82,82
34528,2,2
67298,4,4
67301,5,5
67304,5,5
67305,5,5
34538,16,16
67308,3,3
34540,5,5
67312,6,6
100081,3,3
34547,2,2
67316,5,5
67319,82,82
34551,21,28
1787,14,13
67323,5,5
67328,77,77
67330,3,3
100098,16,16
67333,2,2
67341,82,82
67348,77,77
132884,2,2
67350,17,17
67351,66,66
34585,14,14
67354,5,5
67355,26,25
67356,27,33
34590,5,5
67359,6,5
67362,7,7
67363,19,18
34595,1,1
67365,2,2
34599,19,19
67371,36,28
67372,77,77
34607,24,24
67376,4,4
67378,0,5
67380,6,6
67387,5,5
67389,12,12
34622,24,24
100165,1,1
67398,21,21
67403,5,5
67406,5,5
67410,11,11
67411,3,3
34648,5,5
67416,21,21
67420,6,6
67421,37,36
34654,246,246
67423,5,5
100190,4,4
67425,21,24
34659,24,24
67427,6,6
67431,11,5
100203,8,8
67440,33,33
34673,25,25
67442,9,9
34677,149,149
34679,35,35
34686,16,16
67460,9,9
100228,1,1
67462,29,31
100233,2,0
67470,12,11
67472,33,33
34704,24,24
67473,11,11
67478,7,7
67479,20,20
1943,5,5
34715,1,1
100254,13,5
67491,41,41
34724,44,44
100262,8,8
34726,16,16
67496,9,9
67497,3,3
100266,1,1
1964,34,39
67501,14,14
67503,11,11
67507,20,20
34740,97,98
67510,1,1
1976,8,8
67515,1,1
34753,4,2
34758,28,28
34762,24,24
67532,21,3
67536,3,3
2008,40,40
34780,24,24
67550,19,19
34787,9,9
67555,4,4
2019,3,3
67558,30,30
67562,0,2
67563,18,18
67566,10,10
2031,8,8
34805,12,12
67578,15,15
67584,5,3
34818,12,12
133123,51,51
133124,42,42
67588,8,8
133126,1,1
67611,13,10
67612,9,11
67615,7,19
67619,15,15
67620,15,15
67621,7,13
34857,7,7
67626,0,2
34861,24,21
2095,17,17
67633,30,30
133173,4,4
67638,19,19
67643,5,5
34878,70,70
67646,6,6
67648,10,10
67654,7,7
67657,1,1
2124,40,40
67665,3,3
67667,19,19
2135,16,16
100440,20,20
34907,52,52
67680,31,31
100451,14,14
34917,2,2
34919,24,24
34925,2,2
67695,1,1
34929,4,4
133234,4,4
67701,15,15
34934,12,12
67703,10,10
2167,3,3
2169,6,6
67710,23,23
2178,7,7
2179,14,14
34948,3,3
34951,2,3
133257,4,4
67725,8,8
2190,3,3
67732,63,63
67734,23,23
34968,3,3
34972,7,6
2205,3,3
67742,15,15
67746,22,22
2213,1,1
2220,14,14
34988,25,25
34998,3,3
67773,50,50
67776,31,31
35008,25,25
35014,1,1
35017,24,24
67786,3,3
67790,12,0
67791,12,12
67794,18,18
2264,14,14
67800,1,1
2270,14,14
35038,12,12
2272,33,33
100578,4,4
35043,9,9
67815,12,12
35048,51,54
67818,33,33
67820,2,2
67821,11,11
133358,4,4
67822,2,2
67825,1,1
35062,9,9
67832,4,4
2297,21,21
67835,6,6
35075,4,4
35077,3,3
133383,22,22
35082,24,24
67854,63,63
35087,19,19
2322,14,14
67858,2,2
67862,1,0
2328,35,35
35100,3,3
67870,6,6
67871,6,6
35105,3,3
67874,4,4
67876,5,5
35115,28,28
35120,4,4
35128,3,3
67900,20,20
35137,1,1
2372,13,13
35143,1,1
2386,1,0
133459,1,1
133460,39,38
100699,4,4
2400,20,20
2404,1,1
67944,11,11
2410,17,17
35182,26,26
67952,6,0
35186,8,8
100726,1,1
2435,14,11
67971,4,4
2437,21,21
2442,4,2
35212,70,70
2448,1,1
35219,17,17
100758,8,8
35223,2,2
2456,16,16
2457,16,16
35227,1,1
35228,1,1
35230,7,7
100767,1,1
2464,4,4
68005,12,12
2470,15,16
35237,2,1
68015,8,8
68017,6,6
68018,6,6
35250,1,1
100788,15,15
35253,3,3
35257,52,52
68025,5,5
68026,5,5
35260,2,2
100800,4,4
2497,3,3
35266,26,26
100806,14,14
2503,13,13
2504,19,19
2506,4,4
2510,4,4
2514,13,19
35283,3,3
68053,2,2
2518,16,16
35293,1,1
35298,2,2
35301,3,3
35303,62,62
35304,62,62
2538,13,13
68074,6,6
2540,13,13
133611,2,0
2542,11,11
68082,2,2
2547,54,54
35320,1,1
68089,1,1
68094,1,1
35329,7,7
35330,7,7
68100,5,5
68103,1,1
68104,1,1
2569,4,4
35343,1,1
2579,3,3
2581,3,3
35349,30,29
35350,29,29
2583,11,11
35352,1,1
2587,11,11
2590,63,63
2595,2,2
100900,1,1
35367,1,1
2602,1,1
68138,1,1
68142,16,10
35374,1,1
2608,1,1
35377,2,1
68148,20,19
68149,31,31
133693,4,4
2622,5,5
2624,10,10
2625,1,1
68162,11,11
35398,8,8
68172,2,2
35405,2,2
2636,6,6
35411,2,2
68180,3,3
2650,5,5
35423,7,7
68192,7,7
68196,5,5
35428,1,1
35432,5,5
68205,33,31
2669,1,1
68207,11,11
2675,1,1
68211,11,2
68218,8,8
2684,5,5
2687,1,1
2688,1,1
2692,5,5
68232,4,4
68234,4,4
35467,2,2
101003,6,6
68241,18,18
35478,38,39
35479,2,2
68246,2,12
68249,19,19
68248,1,1
35496,1,1
68264,2,0
35499,61,62
35500,62,62
68268,12,12
2735,6,6
2739,5,5
2740,5,5
68278,6,6
2743,8,8
35512,7,7
2746,4,4
68283,73,73
68287,11,11
2751,4,4
68290,72,72
68293,29,29
2758,8,8
68295,0,12
68298,4,4
68299,1,1
35534,2,0
68304,62,62
2769,0,11
133852,1,0
2786,8,7
133859,35,35
35556,6,6
35563,7,7
2796,53,54
2797,23,23
35572,98,99
68341,4,4
68340,5,5
68343,13,13
68345,8,8
68347,29,29
2811,13,13
35581,34,25
68355,2,2
2820,13,12
35588,1,1
35595,4,4
2830,7,7
68367,83,84
35603,2,2
68371,1,1
68372,1,1
68380,6,6
2845,10,10
68382,104,103
68386,8,8
35619,19,19
101157,5,5
35622,20,20
2854,10,10
35625,34,34
101161,8,8
2864,5,5
35632,1,1
35636,28,28
35638,2,2
133943,8,8
35640,1,1
35642,2,2
68411,8,8
68416,2,4
35649,4,4
68419,37,87
35654,26,26
68423,11,11
68427,10,10
133966,2,2
35664,2,2
68435,2,6
101205,2,2
68440,12,12
35672,2,2
68442,3,3
35675,40,40
2919,89,25
35688,2,2
35689,42,38
68458,1,1
2923,6,6
68463,16,11
101232,17,17
68470,3,3
2935,26,26
35705,19,19
68476,7,7
2941,22,22
2944,19,22
35714,1,1
2947,22,22
68490,1,1
35728,32,32
68496,8,8
35729,51,51
68500,8,8
35732,1,1
68504,3,3
68508,62,68
35745,20,20
2977,22,22
35757,15,15
35758,15,15
68528,4,2
35762,11,11
35763,11,11
35765,7,7
35767,12,12
35771,24,23
35774,24,24
35775,1,1
35779,23,23
35782,10,10
35787,40,40
3022,12,12
68562,46,46
35796,12,12
68565,67,67
35799,37,37
35801,1,1
68570,3,3
68574,9,13
3040,0,3
35809,61,61
35813,22,22
68590,66,66
101364,17,17
35828,0,2
3063,3,3
35831,1,1
68600,2,0
134138,5,6
3067,22,22
35836,22,22
35840,1,1
68609,4,4
35844,24,24
68616,1,1
35851,37,37
3084,14,14
68619,41,41
68623,5,6
35857,34,34
68628,1,1
35862,8,8
101403,4,4
68636,1,1
3101,14,14
3106,33,33
68645,6,6
35878,10,10
101417,1,1
68650,1,1
68654,0,2
35887,1,1
101424,17,17
35891,6,6
68662,1,1
35900,16,16
101437,16,15
35901,7,7
35903,20,20
3135,89,89
68670,6,6
68678,109,67
68682,1,1
35921,6,6
68695,12,12
68696,7,7
35936,37,37
35939,150,150
35947,1,1
68721,6,6
3187,1,1
68724,7,7
3189,26,26
3188,6,8
35956,1,1
101496,1,1
35961,2,2
68731,11,11
3200,30,23
68742,8,8
35979,88,88
35980,68,68
3211,20,32
134286,22,22
134285,6,6
68752,12,12
35984,1,1
35988,2,2
35991,10,10
35995,43,43
68764,1,1
68771,6,6
36018,25,25
68788,12,12
68794,1,1
36028,2,2
3261,3,3
68798,1,1
101567,6,6
36032,10,10
36033,26,26
68802,26,26
3267,0,1
101577,5,5
68810,1,1
68812,8,9
3284,2,2
36069,20,20
3301,63,63
3310,20,20
68863,1,1
36101,18,18
101641,1,1
36108,1,1
3341,2,2
68878,12,12
101648,3,3
68888,30,30
3353,13,13
36133,2,2
68901,4,4
68904,12,12
3368,23,23
68906,8,8
36142,41,41
3374,18,18
68915,1,1
68921,6,6
36160,15,15
36165,35,35
68934,12,12
68938,6,6
68954,41,35
68955,11,11
101731,0,1
68968,6,6
134513,4,4
36213,22,22
3445,16,16
3447,4,3
36217,6,6
36220,6,6
36221,4,4
68996,1,0
68998,6,6
3463,1,0
36235,1,2
36239,5,5
36244,1,1
3478,40,34
69016,12,12
36253,20,20
36254,18,18
101798,4,4
69031,58,58
36263,3,3
36266,4,4
69038,64,64
3503,3,3
36274,12,12
36277,1,1
69049,14,40
69050,40,40
36288,1,4
36291,25,25
36300,3,3
36304,19,18
69075,30,30
101843,11,11
134614,1,1
36318,4,4
3553,3,3
36324,57,57
3559,1,1
36329,1,1
36332,5,5
69108,30,30
3573,5,5
101878,4,4
3576,4,4
134652,4,4
3580,5,5
3586,15,15
101891,14,13
69124,15,26
3594,1,1
3597,1,1
101906,11,11
69143,13,12
69144,22,24
69145,28,28
36377,1,1
36381,1,1
69151,1,1
36385,6,6
69155,1,1
69161,7,7
36394,5,5
3628,23,31
3629,4,4
36398,5,5
3634,24,19
134706,4,4
36404,11,11
36405,2,2
69176,21,14
3641,5,5
36411,26,26
3648,2,2
3651,7,2
36420,4,4
69190,2,2
101959,1,1
3660,9,16
36434,17,17
101972,3,3
36438,9,9
69208,25,25
36442,2,2
69211,16,25
101981,20,20
101982,36,36
69215,37,33
69216,12,14
36446,2,1
69219,35,37
3684,5,5
3687,9,8
101991,4,4
69225,1,1
69226,1,1
101992,4,4
69224,8,7
69231,21,51
69232,18,18
36467,25,25
69239,4,5
3704,1,1
134777,4,4
36472,1,1
3707,11,11
134787,8,8
3716,7,7
3717,9,9
134790,1,1
36487,0,1
36491,87,87
3723,17,17
36495,3,3
102033,1,1
3730,18,18
3735,5,5
36509,20,20
36510,20,20
3741,6,8
3746,14,14
3750,1,1
36519,20,20
36524,7,7
36528,25,25
102067,56,56
36532,5,5
69304,57,56
3769,14,14
69306,56,58
69309,0,1
102079,4,4
69317,4,4
36550,4,4
3787,3,3
36559,18,18
69327,7,7
69329,1,1
36562,17,17
36563,5,5
69333,38,38
36567,10,10
36569,10,10
102106,15,15
69338,38,38
3802,10,9
3804,1,1
69343,25,25
3808,5,10
69348,1,1
36581,2,2
3812,1,1
36583,62,61
3817,5,5
3829,27,27
69366,58,58
3834,12,12
69380,2,2
102149,56,56
69386,2,4
102159,17,17
36625,29,29
3861,13,13
36630,24,54
69401,4,4
69402,4,4
36634,0,2
69404,1,1
102171,11,11
3870,47,47
36641,20,20
36646,1,1
69415,11,11
69416,11,11
69417,7,7
134954,3,4
36651,2,2
36657,2,2
69428,5,5
36661,3,3
36667,2,2
36670,36,36
69439,9,9
69442,6,5
36674,1,1
3911,10,5
69450,57,52
3915,4,4
36687,2,2
3920,1,1
69458,12,12
69464,1,1
69480,4,4
102252,4,4
36717,9,10
3954,27,27
102262,8,8
135030,4,4
3958,3,3
69495,1,1
135034,1,1
3960,1,1
36734,2,2
36738,5,5
36739,13,13
69506,1,0
102278,18,18
135049,4,4
102281,1,1
36752,188,185
3984,20,20
36753,76,76
36756,11,11
36759,14,14
36764,26,26
36765,5,3
69540,0,1
4006,16,16
69549,0,1
102318,1,1
4018,1,1
36802,3,3
36806,17,17
4040,47,47
36814,106,106
69583,7,7
36839,2,2
4088,1,1
36864,11,11
4097,38,38
4098,35,32
69645,1,1
4123,13,13
69660,25,25
36903,23,23
36905,11,11
69676,1,1
4148,33,31
4152,1,1
102459,10,10
135228,4,4
102463,1,1
36933,32,32
4165,33,39
4170,2,2
4183,20,33
36954,20,20
102492,2,2
4189,22,22
36957,8,8
4191,4,6
69724,1,1
69730,1,3
69731,1,1
4197,20,20
102504,86,86
4203,15,16
36980,8,8
69756,12,12
36998,8,8
37007,3,3
37010,8,8
4246,1,1
102555,1,1
69792,6,6
4264,47,47
69801,4,4
69800,7,7
4267,1,1
69811,1,1
69813,1,1
4277,1,1
4280,1,1
4288,3,3
135361,4,4
69836,9,9
69838,9,9
69840,2,2
4308,19,19
102613,3,3
69847,2,2
37090,2,2
37097,2,2
69866,1,1
4332,3,3
37103,1,1
4337,15,15
69874,38,18
4349,1,1
4350,1,1
4354,1,1
37122,8,8
69895,2,2
4360,2,2
135451,4,4
4384,18,18
102688,1,1
4387,1,1
37155,1,1
4390,40,23
4395,3,3
135476,8,8
135479,4,4
37184,48,48
69955,7,7
135500,4,4
4431,23,23
37215,3,3
37219,3,3
102757,1,1
4459,89,89
135532,5,5
102768,4,4
37235,20,20
70006,2,2
37242,1,1
4479,2,2
4480,2,2
4482,32,34
135554,5,5
70019,2,2
37271,1,1
37282,1,1
102821,1,1
135595,9,9
102842,1,1
37311,78,78
37314,8,8
4554,1,1
4558,10,10
37328,3,3
135632,6,6
4562,1,1
102884,1,1
37352,3,3
37368,36,36
70137,7,7
4615,49,49
70154,12,12
4621,3,3
4638,5,5
135711,15,15
37407,2,2
102946,1,1
135715,6,6
4642,2,2
4646,2,2
4663,89,89
135738,11,11
37443,4,4
70217,53,53
70218,12,12
102987,11,11
4695,0,1
4704,21,23
4705,8,8
135782,6,6
70248,1,1
70252,2,2
4717,44,46
70254,76,76
70255,76,76
37487,4,4
103026,1,1
37491,2,2
37493,2,2
37498,3,3
37502,93,93
37503,1,1
37509,0,1
37513,15,15
70281,4,4
70285,7,7
135827,3,3
70299,2,6
37533,2,2
135847,3,3
37549,6,5
103094,4,4
103097,1,1
37563,13,13
37569,28,28
103105,4,4
4803,33,33
70340,25,25
70347,53,53
37580,16,16
4812,18,17
70350,76,76
37583,3,3
4816,13,15
37590,26,26
37596,3,3
4839,3,1
37612,11,11
4852,15,38
37625,25,35
4858,13,14
37627,23,23
135936,5,5
37634,16,16
135940,3,3
70405,10,10
37641,18,19
37648,3,3
4882,11,11
37655,21,20
135971,1,1
37668,18,18
37672,14,14
135977,0,1
37679,3,3
70451,12,12
4916,18,17
37685,2,2
37688,26,26
4925,15,15
135999,4,4
37698,3,3
136003,3,2
37700,3,3
136005,1,1
70472,28,29
136012,3,3
136016,3,3
136017,1,0
70492,10,10
136029,0,1
37728,18,18
136039,1,1
37736,25,25
37737,25,25
70506,25,25
136051,3,3
103284,1,1
37752,25,25
37755,68,36
37756,3,2
70523,6,6
37758,18,1
4994,9,9
136066,5,6
70530,25,25
70532,30,29
136074,3,3
70543,5,5
5009,3,3
136084,1,1
37782,2,2
103321,3,3
5018,14,14
37785,1,1
136109,1,1
136111,1,1
70586,10,10
37819,25,25
136124,3,3
5053,86,86
136127,3,3
5055,33,35
136130,6,5
136131,3,6
136132,3,3
103362,1,1
37829,2,2
136135,1,1
136136,3,3
37834,2,2
5068,1,1
136141,1,1
70610,19,19
5075,2,2
5074,16,16
136153,5,5
136154,5,5
136158,3,3
103392,4,4
37858,29,30
70628,6,6
37861,5,6
70631,4,4
70633,4,5
70638,1,1
136175,9,9
70640,1,0
136177,2,2
37874,4,4
70642,8,8
136183,4,4
136186,2,2
136187,7,2
136189,5,5
136194,2,2
136197,2,2
37894,2,2
136201,3,3
70665,5,5
136205,3,3
136208,4,4
136211,6,6
5140,38,38
37909,14,14
37910,2,2
70680,12,12
136216,3,3
136220,8,8
37919,93,93
136224,9,7
37930,18,3
136236,12,12
37936,5,5
136242,2,2
37940,3,3
136247,3,3
5175,20,20
70717,7,7
136254,2,2
136256,6,6
5187,1,1
5189,8,6
136263,2,2
5191,12,12
136268,2,2
136269,2,2
5199,2,2
136273,3,3
37970,25,25
37972,141,140
136276,2,2
136280,3,3
5211,2,2
136286,2,2
136291,6,6
136292,3,3
136301,9,9
38003,8,1
70774,2,2
38006,4,4
5240,38,38
5241,9,9
70782,2,2
5247,11,11
38016,2,2
38017,8,8
5257,8,7
136333,1,1
38033,1,1
136338,2,2
38036,1,1
38044,3,3
103587,1,1
38065,2,2
38087,31,31
103637,5,5
38101,2,1
5344,20,18
38115,5,3
70885,5,5
5352,12,12
136425,2,2
70888,1,1
136430,1,1
70904,2,2
38137,2,2
70914,2,2
38147,3,3
70918,5,1
38151,1,1
5385,6,6
38167,1,1
5400,20,20
5401,34,34
70936,30,30
38170,1,1
70940,25,21
103714,1,1
5412,22,22
5423,13,13
70961,4,4
70974,2,2
38207,2,6
38213,2,2
38216,3,3
5449,2,2
5470,28,28
5472,11,0
5474,19,18
71017,1,1
103805,3,3
38270,4,4
5506,20,20
5511,12,12
5515,20,20
136591,2,2
5521,12,12
103827,1,1
5526,0,1
71063,5,5
5529,2,2
38299,2,2
5539,13,12
5543,1,1
5550,18,18
71089,1,1
5556,40,26
71095,4,4
71099,1,1
71100,2,2
5566,2,2
71102,6,6
5568,1,1
5573,12,12
38342,30,30
38345,4,4
71130,2,2
1112,4,0
5606,20,20
5613,86,86
103917,1,1
5615,12,12
136688,1,1
103922,4,4
5622,16,16
5623,2,2
5626,21,21
5630,38,38
38400,2,2
71173,4,4
71174,47,47
38408,1,1
38411,15,15
38413,1,1
71183,1,1
71186,2,2
38420,1,1
103966,1,1
5663,1,1
71201,2,2
71207,2,2
5673,3,3
71210,2,2
71212,2,2
136751,2,2
5680,0,2
71229,2,2
5696,1,1
71233,2,2
71236,15,16
5706,1,1
71246,2,2
5718,30,30
38506,10,10
5738,1,1
71277,23,23
104045,11,11
5744,18,18
5745,14,16
38514,2,3
104055,10,10
5753,34,35
71300,6,6
5764,1,1
5768,6,6
38537,1,1
5771,8,8
71308,10,12
71311,1,1
136848,1,1
5778,13,13
38554,1,0
136859,1,1
5788,7,7
71326,6,8
136862,2,2
5792,10,10
104095,1,1
71334,1,1
38570,3,3
104114,6,6
104116,4,4
5813,6,6
71361,2,2
38593,1,1
136901,2,2
5830,18,18
71368,8,8
136905,8,8
5834,12,12
38611,2,2
104161,4,4
71394,5,5
5868,10,10
136942,10,10
104182,56,56
38648,117,115
5883,12,12
104188,3,3
38651,4,1
38656,3,0
38662,3,3
71431,1,1
38665,1,1
5901,2,2
38671,11,11
38674,2,11
136978,10,10
38688,2,2
38693,1,1
5932,14,14
71468,2,3
38702,1,0
71483,1,1
104251,5,5
38717,19,19
5950,1,1
71491,1,1
137032,10,10
5961,10,15
137040,1,1
137043,9,2
38741,2,2
137047,8,8
38743,1,1
5979,1,1
38748,16,16
38750,17,17
71526,1,1
71530,3,3
38772,2,2
38773,1,1
38781,3,3
71550,1,1
71549,1,1
71553,1,1
6020,1,1
38791,2,1
71561,2,2
38796,1,1
137104,12,12
71590,2,0
104360,4,4
137130,10,10
38827,1,1
6059,2,2
104366,26,26
6064,19,19
137151,3,3
38847,2,2
137153,3,5
38862,1,1
104399,16,16
38864,0,7
71641,6,6
104411,53,52
71645,1,1
137189,1,1
71654,4,4
38887,3,3
137210,19,19
38913,16,16
104453,16,10
38919,13,13
71688,1,1
38923,25,25
6156,1,12
71693,1,1
104464,12,12
104465,7,7
38928,2,2
38941,23,23
104481,1,1
38946,7,7
71720,1,1
6185,28,28
71728,1,1
104498,14,14
6197,2,2
38970,29,29
104508,8,8
71743,11,11
71745,11,11
38978,7,7
71749,1,0
104521,26,26
71753,1,1
6222,15,19
6227,22,22
6228,22,21
104535,3,3
39000,23,23
104542,43,43
6240,7,7
71781,2,1
6253,22,20
39024,30,30
104560,4,4
6261,9,9
6262,9,9
39029,19,19
39043,1,1
104583,1,1
71816,1,1
104594,3,3
104597,6,6
39063,22,22
104602,1,1
104605,2,2
39070,1,1
39071,2,2
71840,12,12
6305,11,12
6314,8,8
6319,22,22
71855,1,1
104629,11,13
39093,2,4
71865,6,6
71867,1,1
6333,1,1
39105,1,1
39119,0,4
39126,7,7
71896,12,12
39133,2,2
71904,2,2
104683,17,17
39147,2,2
39155,1,1
6393,9,9
71931,1,1
104703,1,1
71936,1,1
39176,2,2
71948,3,3
6416,7,7
39185,1,1
39190,1,1
6423,9,9
6428,25,25
71976,11,11
39215,3,3
6455,9,9
6457,2,2
39229,2,2
39234,4,3
104772,1,1
72015,1,1
6488,38,38
104796,18,18
39262,7,7
6497,6,6
6499,11,11
104806,4,4
104807,0,1
72048,2,2
6516,25,25
72058,8,8
39294,3,3
6539,2,2
39309,93,93
72089,1,1
72099,1,1
39339,7,7
39341,2,2
104883,1,1
39353,8,8
39357,1,1
39366,0,1
39376,7,7
104913,1,1
104917,4,4
104918,4,4
72162,3,3
104932,3,3
72167,11,11
72168,12,12
39401,1,1
39403,5,4
39404,2,2
39405,2,2
39409,5,5
72177,1,1
72183,1,1
72189,23,22
39421,8,8
39426,1,1
72203,1,3
104980,20,20
72215,6,6
72216,37,43
104984,1,1
39450,24,24
6683,12,12
137757,1,1
137758,3,3
6686,17,17
104991,1,1
6694,18,18
39464,3,3
72233,1,1
72238,1,1
39482,28,28
6718,26,26
72255,2,2
39491,4,4
72260,2,2
137807,2,2
39504,4,4
6740,2,2
39515,1,1
39517,3,3
39518,5,5
39521,1,1
105058,4,4
137828,3,3
39525,21,21
72308,2,2
72311,1,1
39543,3,3
72314,2,2
6786,9,9
39554,4,4
6789,2,1
39558,2,2
72329,7,7
6805,1,1
6806,2,2
137878,1,1
39580,7,7
39584,2,1
39586,7,7
39590,7,7
39594,7,7
137907,1,1
39609,7,7
105146,2,2
72383,0,1
39618,1,1
39620,1,1
39629,28,28
39630,38,41
39631,1,1
39638,20,20
105174,56,56
6874,1,1
105181,1,1
72419,0,1
39653,1,1
39654,1,1
39656,1,1
39657,8,8
39658,8,8
6892,3,3
39664,2,2
6902,29,36
6903,11,11
105208,4,4
39672,1,1
72444,1,1
72453,0,1
72456,8,8
39689,5,5
72459,3,3
72461,5,5
39714,13,12
72487,5,5
39720,1,1
6952,1,1
105258,6,6
105265,1,1
6966,1,5
105274,3,3
6971,4,4
39742,0,2
138052,1,1
39757,4,4
39766,54,54
7007,94,94
72544,5,5
72545,5,5
7008,86,86
72550,6,6
39790,1,1
39799,2,2
7032,1,1
39804,7,7
7053,23,23
138137,2,2
39834,12,9
39837,76,76
39838,77,78
7073,2,2
138146,3,2
7074,1,1
105380,1,0
7080,13,13
72620,11,11
39853,64,65
39857,2,2
105397,1,1
105399,1,1
7096,1,1
105407,3,3
7105,0,1
138186,1,1
39890,2,2
39900,1,1
72678,1,1
39916,8,8
72690,2,2
105458,6,6
72704,9,8
7177,6,6
105486,6,7
105491,4,4
72725,6,6
7195,17,17
39976,7,7
105512,4,4
105517,5,5
138287,1,1
39984,6,6
39985,13,13
7222,17,17
40000,93,93
7236,15,15
105544,5,5
138313,1,1
40010,1,1
40009,1,1
40019,3,3
72795,1,1
72796,1,1
7268,1,1
40041,1,1
40042,1,1
40043,8,8
105580,12,12
72813,4,5
105582,10,10
72814,5,5
72819,6,6
40060,4,4
7294,22,18
105605,1,1
40076,7,7
72850,19,19
72857,6,6
40089,1,1
72862,11,11
7328,3,3
72866,2,2
40098,7,7
7334,7,7
7336,3,3
72872,0,1
72875,34,53
72876,53,53
72877,76,76
72878,76,76
40114,8,8
40115,6,8
7350,14,14
105664,1,1
72897,6,4
40147,1,1
7387,7,9
40158,21,21
40162,2,2
7400,1,1
72938,2,2
40172,7,7
105710,1,1
40177,17,17
72947,20,20
105715,1,1
40183,1,1
72954,20,20
40187,1,1
72960,4,5
7430,10,10
40201,0,1
40204,1,0
7437,42,39
40216,15,15
40219,0,2
72992,3,3
40225,15,15
40229,15,15
40231,7,7
7466,2,2
73006,20,20
40241,29,28
40242,8,8
73011,4,4
40244,37,37
40248,20,20
7483,4,4
73025,6,6
105794,1,1
73030,2,2
7504,15,14
40273,4,4
7506,30,30
7507,16,16
40276,1,1
7514,2,2
7515,1,1
40284,1,1
73059,4,4
73060,4,4
7527,6,6
40298,7,7
105838,3,3
40306,2,2
73077,2,0
105846,4,4
40325,4,4
40327,1,1
40330,15,15
73098,1,1
7566,5,5
7569,1,1
7570,3,3
7578,10,11
73122,20,20
40354,2,2
40363,15,15
7597,10,10
7598,4,4
7599,16,16
7602,22,22
40370,2,2
105912,1,1
7611,41,41
105917,0,1
7617,4,4
7623,0,4
40397,0,1
105936,6,5
7641,4,4
138720,2,2
7651,10,10
7659,1,1
40432,9,9
7670,3,3
73209,2,2
40442,25,25
7682,16,16
7687,14,14
73227,5,5
40465,24,24
106008,1,1
73246,24,24
7710,4,4
40480,1,1
40483,17,17
73251,2,0
7724,37,40
40494,8,8
73271,4,4
7742,4,4
138816,10,10
73287,4,4
106058,114,114
7757,1,1
7759,10,10
73298,12,12
106072,7,7
40547,1,1
7780,4,4
138854,2,2
40551,1,1
40553,8,8
73323,4,4
40557,1,1
73330,6,7
40566,7,7
7802,4,4
7806,35,35
7833,10,10
40606,17,17
7838,11,11
40609,15,15
7844,16,6
73389,4,4
73395,4,4
40628,3,3
73397,4,4
40630,8,8
73400,20,20
73409,2,2
7876,4,4
40650,120,118
7888,9,9
73429,1,1
73430,2,2
40673,12,12
73442,4,4
73447,4,4
7912,4,4
7915,2,2
7919,10,10
7922,4,4
139000,2,2
139002,2,2
106243,3,3
7942,52,45
40711,8,8
73480,24,6
7946,10,10
106251,3,3
40716,7,7
7948,4,4
73509,4,4
40747,77,76
40753,20,21
7989,10,10
106294,3,3
40764,8,8
7997,7,7
106304,1,1
8002,10,10
40771,1,1
8009,11,11
40778,17,17
8014,34,34
40782,9,9
73551,1,1
73558,3,0
8027,25,25
8030,17,17
40798,8,8
8033,1,1
8047,4,4
106352,8,8
8052,17,17
8055,3,5
40828,93,93
73599,2,4
8065,5,5
40841,17,17
106377,16,16
106378,16,16
8077,4,4
73623,4,4
40856,24,24
8090,10,10
106407,11,11
40880,7,7
40895,20,20
40896,23,23
8132,1,1
40901,15,15
139206,1,1
8134,3,3
40907,1,1
139212,2,2
40912,4,4
8148,7,7
8152,10,10
106460,4,4
8166,7,7
106475,8,8
8177,16,16
40946,2,2
8179,17,20
40951,12,12
8186,7,7
73723,4,4
8194,5,5
8202,43,41
40975,1,1
40979,120,120
40993,0,1
8227,1,1
139304,1,1
73769,1,1
41003,2,1
8239,4,4
139314,2,2
106556,4,4
41028,7,0
106574,4,4
41038,2,2
8272,9,9
8275,1,1
73816,13,13
8285,25,25
139366,2,2
41063,25,25
73835,4,4
8301,21,21
73840,6,6
139388,2,2
8320,1,1
8321,3,3
139397,2,2
8327,4,4
73865,1,1
139404,3,3
139408,2,2
106643,7,7
139412,11,11
106645,43,43
106646,46,46
8342,21,21
8346,8,8
139419,4,4
41114,2,2
8361,30,30
139435,1,1
8367,3,3
8368,1,1
139442,2,2
8375,1,1
41144,3,3
139448,1,0
41146,8,8
106683,2,2
8382,37,37
139462,1,1
139465,1,1
41162,2,2
8397,1,0
139474,1,1
106716,3,3
8413,1,3
8414,3,3
106720,3,3
8418,8,8
73954,6,6
73957,2,2
139494,2,2
106729,5,5
73972,2,2
41206,16,16
8440,1,1
41213,18,18
8447,34,34
73983,1,1
8452,23,23
73989,5,5
8455,7,7
73992,3,3
139532,2,2
8464,3,3
8474,3,3
74012,8,8
8476,14,14
74016,7,7
8487,1,1
8490,3,3
8492,3,3
106804,46,46
41269,22,22
41270,22,22
41274,54,54
106818,1,1
106819,19,19
139587,1,1
41285,25,25
74054,2,1
8519,3,3
74059,49,34
8525,3,3
106831,1,1
74066,72,72
8533,1,1
41305,15,15
8537,1,1
8543,0,2
8544,2,2
41313,5,5
41312,3,3
106854,4,4
106855,2,2
106859,1,1
8557,45,44
41325,1,6
41328,10,10
74097,3,3
139634,2,2
8562,18,18
41332,9,9
106870,26,26
8566,2,2
139644,1,1
41348,2,2
8585,9,9
41357,3,3
74130,6,6
8595,66,66
41366,15,15
106902,1,1
8619,4,4
8620,4,4
106926,2,2
8623,9,9
74161,4,4
8630,4,4
106936,0,2
8638,4,4
106946,4,4
8657,9,9
41434,3,4
8671,1,1
8678,10,10
106984,58,58
8681,1,0
8682,1,1
41453,9,9
8685,18,18
41457,22,22
8692,9,9
41466,2,2
107009,1,1
8707,1,1
8712,5,5
74248,3,3
8717,8,8
74256,4,4
107025,14,14
8724,9,9
107030,3,3
8731,34,34
8737,3,3
8742,5,5
74285,4,4
8750,4,4
74289,3,3
8753,1,1
41525,2,1
74296,5,5
41533,1,0
41539,17,17
8771,3,3
41541,2,2
74310,4,4
74309,4,4
8786,1,1
8787,9,9
41560,1,1
41568,1,1
8809,4,4
107118,30,30
8815,52,52
139887,1,1
41589,3,3
41596,4,4
8828,1,1
107142,2,2
107144,1,1
41613,26,26
139917,4,4
107153,5,5
8857,9,9
107165,2,2
107170,53,53
8871,34,35
41650,2,2
41653,2,28
41655,24,24
41657,1,1
41660,1,1
74429,4,4
8899,8,8
41672,27,27
107210,10,10
41675,27,27
41677,1,1
8911,3,5
41682,17,17
41685,2,2
107222,1,1
74455,1,1
8925,1,1
8926,1,1
8929,7,7
41699,16,16
8944,2,2
74486,4,4
74489,2,2
8954,14,14
41729,17,17
8966,6,7
8968,15,15
8971,2,2
41745,1,1
8978,3,3
8980,5,5
74518,1,0
8990,2,2
41760,1,1
41764,2,2
41766,1,1
74534,4,4
9013,7,8
74557,4,4
74562,3,3
107330,3,3
41798,6,6
9031,5,5
107344,2,1
9045,1,1
74583,4,4
9049,7,7
107358,16,16
9056,5,5
107361,12,12
107364,1,1
107367,0,1
140138,7,7
9074,13,13
9081,94,94
9088,10,10
107397,15,15
9103,3,3
9108,5,5
41877,10,10
41882,17,17
140213,1,1
9142,8,8
41912,10,5
41915,3,3
74685,3,3
41918,1,1
9166,18,18
41939,2,2
41942,3,3
140247,4,3
74721,2,2
9190,8,8
74726,2,2
9192,1,1
74732,2,2
41965,2,2
107505,2,2
74757,4,4
41990,12,12
74768,2,2
140305,3,3
107538,1,0
9237,5,5
74782,2,0
9249,11,8
74786,6,6
107554,7,7
9267,1,1
42041,28,28
9279,5,5
74822,26,24
107591,1,1
9298,12,11
9307,34,34
9312,13,13
42091,28,28
42100,73,73
107636,3,3
42108,3,3
9344,2,2
107650,11,11
42131,3,3
42154,3,3
42156,2,2
74929,4,4
42162,54,53
42167,4,4
9401,0,1
42171,62,66
107709,5,5
9406,5,5
107714,3,3
42181,20,20
9415,5,5
9426,2,2
74967,8,6
74968,6,7
42216,12,12
107762,4,0
42230,22,22
42245,2,2
9479,11,11
42252,1,1
9488,4,4
42257,3,3
9492,124,124
9509,3,3
42279,4,4
107816,2,2
42282,23,23
9516,9,9
42285,26,26
140597,1,1
9528,18,18
9534,13,13
42303,9,9
42306,42,42
42313,3,3
42315,24,24
9552,1,1
9564,2,7
9565,5,5
75109,5,5
75110,5,5
42347,3,3
42354,1,1
107892,3,3
9592,8,8
9595,1,1
42368,5,5
42369,22,22
42373,22,22
140679,1,1
42376,24,24
107915,1,1
107916,8,17
42380,4,4
9618,1,1
9619,1,1
42387,4,4
107926,1,1
42398,1,1
9631,9,9
42401,2,2
42403,20,20
42405,61,37
9638,4,4
42410,4,4
140729,1,1
9661,1,1
42435,22,22
9667,9,9
42443,4,4
9682,30,30
107987,8,8
42450,3,3
42453,4,4
9705,3,2
42473,26,26
9707,7,7
42484,3,3
42488,7,7
9726,3,3
108031,1,1
42494,1,1
42497,4,4
108037,0,1
9734,13,13
42505,25,25
9748,5,5
42522,1,1
75301,3,3
108076,4,4
108082,3,3
9785,5,5
42577,25,25
108131,56,13
108132,6,6
140901,1,1
9832,5,5
9839,1,1
42614,29,27
42625,4,4
9875,0,1
108184,2,3
42649,22,22
9885,14,14
9890,52,52
75430,8,9
9899,5,5
75442,3,3
9912,20,20
42681,1,1
42682,77,77
9917,1,1
9924,13,13
42694,1,1
9935,5,5
75476,4,3
42711,4,4
9950,4,4
75491,4,4
9960,1,1
75503,2,2
141045,1,1
42744,4,10
42747,26,26
9981,8,8
42750,29,29
42753,24,24
9986,5,5
9990,4,4
42760,2,2
42762,9,10
9999,5,5
42771,22,22
10011,9,9
42789,26,26
10025,2,2
75562,9,9
10030,15,15
108335,5,5
42800,3,3
75580,4,4
42816,27,28
108353,7,4
108354,1,1
42848,14,14
75620,2,2
42853,2,2
10088,1,1
42862,3,3
10098,3,3
10100,1,1
10103,1,1
75648,2,2
42884,0,1
42885,1,1
10119,9,9
108431,6,6
108432,6,6
75664,12,12
75668,68,68
108438,1,1
10137,5,5
108442,1,1
10142,1,1
10143,5,5
10144,6,6
10147,6,6
10152,1,1
10153,5,5
10161,2,2
10162,2,2
75708,3,3
10178,18,18
42947,22,22
42950,1,1
10188,2,2
108494,1,1
42968,27,27
10211,1,1
42980,4,6
42981,25,25
42985,5,5
10230,5,5
10232,3,3
43002,9,9
10235,6,6
43003,7,4
43009,2,2
108547,1,1
10254,24,24
43023,93,93
108565,1,1
108569,1,0
10274,3,3
43054,18,18
10289,2,2
43060,3,3
43063,22,22
10303,1,1
43072,1,1
10317,2,2
10322,3,3
43092,21,21
43097,10,7
43101,5,5
10351,1,1
10352,3,3
43127,26,26
10360,8,11
43131,28,28
10364,18,18
43135,5,5
10371,3,2
10374,5,5
10375,7,7
10379,34,34
108683,4,4
43151,7,7
108690,3,3
43156,1,1
75925,4,4
43172,0,1
43173,3,3
108717,2,2
10414,4,4
10416,52,52
108721,1,1
10419,1,1
10424,4,4
108728,3,3
10427,8,9
43196,15,15
108731,30,30
43198,6,4
108737,1,0
43202,5,5
75977,4,4
10444,10,10
43218,3,3
43225,28,28
10476,1,1
108782,61,61
10481,1,1
43258,23,23
10499,23,23
43269,4,5
10502,5,5
108807,2,2
10509,8,8
10510,1,0
10513,9,9
43291,16,16
10524,15,15
10527,1,1
43295,0,1
43296,1,1
43298,25,25
10531,10,10
10536,2,2
10538,3,3
10542,1,1
43318,6,6
43319,14,14
76105,3,0
108875,8,11
10572,1,1
76111,5,5
43354,5,7
10586,0,1
10590,15,15
10604,22,22
76141,0,4
10608,30,29
10610,64,64
10614,10,10
43386,1,1
76156,1,1
141695,3,3
10625,17,17
10631,3,3
10638,3,3
43407,26,26
43408,27,28
108944,3,3
10642,11,11
10648,20,20
10651,1,1
43420,30,30
10662,2,1
76202,12,12
43434,7,7
108977,1,1
43444,12,12
43446,5,4
76218,1,1
10684,3,3
108991,1,1
43460,26,29
76229,3,3
109006,11,11
10705,4,4
76241,2,2
141779,2,2
76253,4,4
10722,6,6
43499,25,25
43505,14,14
43507,19,19
10743,1,1
141816,2,2
10751,17,17
141828,1,1
10758,3,3
109084,1,1
43550,3,1
10793,18,18
43566,7,7
10802,8,9
43575,25,25
43585,1,1
43592,18,24
43601,12,12
10839,1,1
43613,29,29
43619,1,1
141924,2,2
43620,1,1
43630,1,1
43632,1,1
10868,1,1
43642,1,1
10884,5,5
43654,1,1
43659,12,12
141967,3,5
43667,12,12
109215,10,10
141984,7,7
43680,1,1
10916,4,4
43688,1,1
76462,0,3
142004,5,5
43703,15,15
43708,12,12
43711,1,1
43715,16,16
43720,12,12
43724,15,15
10967,3,3
76508,12,12
43741,1,1
43743,1,1
10987,1,1
43762,12,12
43768,21,21
109307,2,2
43777,12,12
43790,1,1
11025,6,6
43795,19,19
43799,21,21
43801,8,8
43804,9,9
109343,1,1
43808,3,3
43809,3,3
43810,5,29
43812,1,1
76591,3,3
76592,3,3
76596,1,1
43834,30,30
11071,22,22
11075,2,2
109382,1,1
11086,5,5
43860,23,23
76640,5,5
142184,2,2
76662,2,2
142202,2,2
11148,7,12
109452,3,3
76684,1,1
11165,1,1
11170,6,6
43942,1,1
43945,23,23
43949,22,22
11182,2,2
109490,6,5
109498,7,8
43963,1,1
11199,1,1
76740,1,1
11218,0,3
44002,29,29
11238,1,1
44012,1,1
11245,8,8
109551,3,3
44024,1,1
44035,21,21
11269,1,0
44039,4,4
76808,1,1
109578,3,3
11275,5,5
44048,5,5
11284,20,21
44053,23,23
44069,1,1
11306,22,22
44085,23,23
11321,1,1
44098,20,20
44100,3,3
44110,3,3
76893,4,4
44128,1,0
11366,19,19
44140,21,21
11372,9,9
44148,16,16
142457,7,7
142459,7,7
44164,8,8
44170,29,29
11410,11,11
44186,1,1
11422,4,4
109733,1,1
11434,1,1
142507,1,1
11453,8,8
44225,13,13
44226,13,11
109767,1,1
11467,0,1
77021,2,2
109789,1,1
11491,3,3
44262,3,3
77033,1,1
109801,1,0
44267,23,23
11503,1,1
44277,16,16
77046,1,2
11514,18,18
11516,1,1
11520,27,7
44297,16,16
109836,1,1
11533,43,43
109849,1,1
77082,2,2
77087,3,3
11558,2,2
44328,11,11
11572,1,1
44347,22,22
109884,1,1
44359,20,20
77131,4,4
142668,7,7
77136,12,12
11606,37,45
142688,7,7
11624,4,4
11634,16,16
11641,6,6
44410,3,3
11655,1,1
77193,115,115
77194,44,44
44428,11,14
44430,31,31
44446,20,20
11705,30,30
11717,4,4
11730,37,37
11735,1,1
77272,0,1
77282,1,1
11746,1,1
11754,21,21
11756,0,1
77292,1,1
44528,0,1
77297,4,4
44541,20,20
11776,17,17
44553,33,33
44557,27,27
44561,10,8
11798,56,54
110103,4,4
110118,4,4
11821,3,3
11826,4,4
44595,6,6
77368,3,3
77370,5,5
77371,68,68
11834,21,21
11838,1,1
77377,4,4
110145,4,3
142917,2,2
11847,1,1
44619,17,17
142924,1,1
142928,1,1
11857,1,1
142931,0,1
44629,1,1
11862,1,1
11865,8,8
11867,1,1
110174,2,3
11873,37,37
44655,20,20
77427,3,2
77430,9,9
11900,37,37
11951,7,7
44726,2,3
110266,4,4
110267,1,1
110274,3,1
143044,2,2
110277,5,5
11982,11,11
44752,1,1
44767,1,1
12002,6,6
44773,17,17
12005,6,6
12008,6,6
110312,1,1
44778,7,7
12013,103,103
110343,2,2
12048,1,1
12050,1,1
44829,6,6
77604,2,2
12074,3,3
77617,2,2
77634,2,2
77635,4,4
44868,17,18
110402,2,2
44871,1,1
77646,6,6
12115,4,4
12124,58,55
77667,2,2
143206,2,2
110441,1,1
12164,11,11
110483,5,5
110486,29,30
44957,20,20
12195,2,2
12196,2,2
12209,102,102
143310,5,5
45014,1,1
12248,6,5
12249,1,1
77799,3,3
12268,2,5
12276,39,39
45051,22,22
77830,12,12
110599,5,5
45064,3,3
12313,19,19
12318,17,17
143392,2,2
12322,16,16
12324,11,11
45096,3,3
77866,5,5
77873,2,2
12338,1,1
45108,13,13
45115,15,12
45116,10,8
77894,2,2
45132,3,3
77903,1,1
12372,6,6
12373,3,3
45149,4,4
12384,11,11
77932,4,4
77935,4,4
12401,7,7
45189,4,4
143517,2,2
143520,9,9
45216,3,3
12454,3,3
12461,9,9
45231,17,19
110793,3,3
12504,5,3
45272,1,1
110810,15,13
45276,3,3
45301,23,23
12534,2,2
45305,3,3
12542,6,6
12555,2,1
45326,13,13
45332,6,6
45333,1,1
110872,3,3
110891,5,5
110913,6,6
45387,15,16
45392,1,1
78162,10,10
12635,3,6
45408,30,30
45409,14,14
12650,3,1
143724,2,2
12659,9,7
45428,8,8
12664,17,17
45433,22,22
110968,5,5
12674,10,10
45445,1,4
110994,1,1
45460,3,3
12693,1,1
78231,4,4
143769,2,2
45470,3,3
12718,1,1
45500,4,5
45504,17,17
12740,5,5
12741,3,3
45514,22,24
143830,2,2
45528,13,13
45536,8,8
45540,4,14
12782,5,5
78325,5,5
12791,3,3
12792,8,8
45562,1,1
12798,1,1
12803,1,1
78340,8,8
111109,8,7
45571,1,1
12814,11,11
45590,3,3
45594,10,10
45596,14,14
143902,1,1
45602,57,47
12839,3,3
45609,3,3
111154,1,1
12852,1,1
45628,25,31
45635,20,20
12869,1,1
45663,14,17
45674,37,37
111212,1,1
78444,3,3
111215,2,2
45684,13,13
12917,1,0
45688,10,10
111229,1,1
111231,1,1
111233,1,1
111245,1,1
45710,1,1
45712,12,12
111249,1,1
45714,5,5
111265,1,1
45730,17,17
111269,1,1
12967,1,1
12975,1,1
111279,2,2
45747,16,16
144058,1,1
45760,3,3
12999,6,2
111305,1,1
13004,8,8
111311,1,1
45776,3,3
45797,36,36
144102,1,1
78579,2,2
13044,1,1
144120,9,9
13048,11,11
78588,11,99
45822,20,21
45836,37,38
78614,2,2
78622,6,6
13097,1,1
13114,31,34
111419,8,1
45888,13,13
111448,1,1
78680,0,2
78688,4,4
13163,6,6
13166,80,80
45937,3,3
13179,0,1
13190,17,17
45976,57,57
78745,2,2
45989,29,29
13225,11,11
46012,2,2
78781,4,4
13246,3,3
13257,84,84
78804,95,95
13280,17,16
13283,1,1
46052,3,3
13300,23,23
78840,4,4
13308,3,3
111615,6,6
46083,31,31
111620,8,8
46088,8,9
46095,1,1
13330,3,3
46106,13,13
111645,1,1
46116,13,13
111670,1,1
13371,5,6
46140,20,20
13376,1,1
46149,3,3
13383,3,3
46157,20,20
46162,25,24
78932,98,8
111705,1,0
13403,6,6
13407,3,3
46190,1,1
46201,5,3
46206,3,3
46224,1,1
13475,0,1
46248,1,1
46256,28,33
13496,15,15
13497,10,10
46265,1,1
13499,3,3
46273,13,13
13508,11,11
46276,13,13
144580,1,1
111819,1,1
46288,1,1
13521,3,3
111828,0,6
111833,6,6
111840,7,7
111841,1,1
13544,50,44
46323,13,13
13557,5,5
79094,4,4
46333,27,27
111871,8,8
79103,1,1
46340,1,1
79112,7,7
46345,3,3
46351,59,59
46354,1,0
46369,1,1
13603,3,3
79141,1,1
46374,3,3
46383,60,60
13616,27,27
13620,0,6
46389,3,3
46395,3,3
13627,4,4
13636,27,27
46413,37,37
46418,13,13
46432,1,1
79204,10,10
46436,3,4
111981,2,2
13679,9,9
79217,1,1
13682,8,8
46452,3,3
79220,4,5
46456,4,4
13692,21,21
79241,4,4
46475,4,4
46484,1,1
46487,7,7
13728,6,6
46497,2,2
79266,7,7
13731,3,4
46496,1,1
79271,2,0
79272,0,2
13743,1,1
144832,1,0
46534,13,13
46537,3,3
13770,3,5
46545,28,28
46552,17,17
112090,3,3
46556,6,6
46559,12,14
112098,2,2
13802,2,3
13804,17,17
46572,1,1
13809,5,5
46588,23,27
13820,5,3
46597,31,30
13830,8,8
46600,4,4
13833,26,26
79371,1,2
13838,19,19
46624,13,13
112169,5,5
46634,3,3
13866,5,5
46637,17,17
13872,59,60
13874,1,1
46648,50,50
13881,24,24
13880,33,33
79416,3,3
46653,7,5
46661,5,4
46670,1,1
79440,4,4
13912,1,1
13921,49,49
13922,46,46
112228,5,5
79463,4,4
13927,4,4
13932,1,1
79479,1,1
13945,1,1
46719,3,3
13951,1,1
46723,52,52
13963,5,5
79500,3,3
46748,26,27
46749,1,1
79519,1,2
79520,8,7
46756,12,12
46758,13,13
112296,1,1
13993,3,3
13992,1,1
13997,10,10
14000,6,6
14003,1,1
46777,37,37
46792,1,1
14026,1,1
112337,6,6
112341,1,1
46808,30,30
14046,1,1
46815,6,6
46820,2,2
46821,2,0
14067,3,3
14083,8,8
46861,2,2
14096,21,46
112400,0,1
112404,0,1
14108,4,4
14120,1,1
112424,1,1
46902,2,2
46904,2,2
14148,14,14
79687,2,2
46923,2,2
46928,50,50
46930,13,13
46946,27,24
14182,1,1
46951,31,31
46953,3,3
46955,2,2
46958,2,2
14192,31,31
14196,8,8
14206,1,0
46976,12,12
14213,1,1
46981,2,3
14215,83,81
46986,26,26
46989,2,2
14226,10,10
79762,5,5
14229,1,1
47000,38,38
14238,10,10
14243,17,17
47012,42,42
14253,1,1
47023,6,6
47027,1,1
47030,12,12
47040,4,4
79810,4,4
14281,8,8
14282,8,8
47050,2,2
14288,10,10
47062,2,2
14297,10,10
14300,9,9
79839,110,110
47076,1,1
47080,31,31
112624,1,1
14322,1,1
14324,19,19
14326,1,1
14330,5,5
47098,5,5
47103,12,12
14336,6,6
14342,5,5
47112,10,10
14347,1,1
47121,12,12
47129,42,42
14366,1,1
14372,29,29
47141,19,18
14376,5,5
14386,5,5
79922,2,2
47156,5,5
47164,2,2
47168,2,2
14403,3,3
47172,2,2
47176,4,4
47180,3,3
47182,2,2
14416,6,6
47185,2,2
47187,2,2
14423,5,5
47198,15,15
47205,4,4
47209,31,31
79979,0,1
145518,9,9
47214,2,2
14446,5,5
47221,9,9
47223,1,1
112760,3,3
14457,5,5
47229,13,13
47231,7,7
112770,1,1
14468,5,5
14472,10,14
14475,41,41
80011,1,1
14478,41,41
80015,1,1
47249,7,7
14482,7,7
14483,41,41
112794,7,7
14497,5,5
47272,16,17
112812,5,5
14508,1,1
47280,1,1
14515,5,5
47284,2,2
80053,1,1
14518,1,1
14524,41,41
14528,5,5
47296,4,4
112833,1,0
14534,12,12
80081,47,47
47314,37,37
14547,85,80
14552,5,5
14555,5,5
145629,9,9
145630,9,9
47325,36,36
112861,15,15
80095,2,2
80098,1,1
112872,2,2
80105,1,1
14570,9,9
14568,1,1
14577,10,10
14578,44,44
47352,28,28
47358,2,2
47367,29,29
14603,12,12
47371,64,64
145677,5,3
80142,13,13
80144,5,5
47382,4,4
80156,8,8
80159,8,8
80163,8,8
14628,5,5
14629,1,1
80168,8,8
80171,8,8
80174,4,5
112946,1,0
112948,1,1
14647,8,8
80184,65,65
47416,2,2
14649,1,1
80189,4,4
47431,26,26
80203,1,1
47437,32,32
14674,6,6
14678,46,46
14684,1,1
14691,1,1
47461,44,46
14696,7,7
14697,78,83
14700,6,6
47468,1,1
47469,2,2
47473,1,1
14707,0,1
14709,37,40
47478,19,19
47480,19,19
14714,10,10
14715,1,1
47485,10,10
47495,49,49
47497,50,50
14737,1,1
47508,4,4
14746,5,5
47515,14,14
14750,2,2
113059,7,6
47525,49,49
14758,46,46
47527,1,1
14765,31,30
14767,5,5
47539,47,47
47543,50,50
14779,10,10
47550,64,64
47553,3,3
47554,3,3
113091,0,5
80325,1,1
14798,5,0
14805,1,1
47575,47,49
14811,1,1
113124,1,1
47592,2,2
113137,1,1
14835,48,48
47608,7,7
14841,1,1
47610,7,7
80381,5,5
80389,1,1
14854,55,55
47622,22,22
80402,4,4
47640,3,3
47642,24,24
14880,18,8
47651,21,21
113187,2,2
47653,69,69
80421,1,1
14893,12,12
47664,28,28
47670,28,25
14905,36,36
47679,48,48
113220,5,5
47691,4,4
14924,4,4
14931,23,23
47700,4,4
14934,6,6
47704,28,28
14937,5,5
47706,1,1
14942,27,27
14964,7,10
47733,25,25
80501,6,6
14972,6,6
47742,2,2
14977,34,34
14987,44,47
14998,11,11
15002,47,47
15005,1,1
47776,29,29
80545,4,2
113320,1,1
47786,65,65
113332,7,8
47800,46,21
80577,1,1
15054,6,6
80591,4,5
80599,3,3
15068,53,29
15069,40,39
80604,6,6
80616,6,6
80619,2,2
47856,3,3
80626,7,7
47864,24,24
47879,1,1
15116,5,5
47888,4,4
113429,8,8
47894,19,19
15128,38,44
113433,3,3
15131,22,22
47905,4,4
15142,2,2
47916,8,10
15154,18,10
47926,26,34
15158,15,15
47927,19,19
15168,2,2
15173,27,27
15176,1,1
15181,1,1
15186,16,16
47956,11,11
113492,3,3
15190,3,3
47959,3,3
47962,12,12
80735,1,1
47976,13,13
47979,19,18
47983,20,27
80761,2,2
15226,27,27
47995,20,20
113529,1,1
15231,10,10
113544,1,1
15241,4,4
48010,32,32
15243,4,4
15252,4,4
113566,13,13
15274,1,1
48045,7,7
48054,1,1
15288,28,27
80824,21,20
80827,1,1
15297,7,7
48067,12,12
15304,18,18
48078,15,15
15310,4,4
48081,2,2
48084,12,12
48091,1,1
15327,1,1
15328,1,1
48100,13,13
15335,4,1
15344,8,8
48113,11,11
15366,1,1
48134,1,1
48141,8,8
48144,8,12
48152,29,27
15385,1,1
15389,5,5
48158,28,27
48168,0,11
113708,7,7
15410,12,12
48181,12,12
48184,2,2
48190,15,15
15423,18,18
113732,10,10
15430,36,36
48204,30,30
113742,1,1
80976,4,4
15452,27,27
48226,13,13
48236,20,20
113773,5,5
15469,5,5
48244,37,37
15484,8,8
81030,15,15
48265,24,24
48266,24,24
15500,1,1
113805,3,3
48275,14,14
15513,1,1
15520,27,27
15522,18,18
48290,25,28
15524,3,6
81058,4,4
15526,7,7
15535,7,7
48304,26,26
48305,26,26
15539,10,10
48313,13,13
15547,26,23
15552,5,5
113857,5,5
48322,1,1
113861,1,1
15568,1,1
15571,26,26
48346,1,1
15579,2,2
48347,3,3
113888,4,0
48356,1,1
15602,12,12
48375,13,13
15612,5,5
48390,8,8
81160,2,2
48394,27,27
48402,11,11
113941,5,5
15639,30,30
15640,30,30
48411,14,14
81183,15,15
48422,32,32
15654,10,10
48425,19,19
113962,1,0
81196,4,4
15663,30,30
48432,3,3
15669,24,30
48440,10,9
113980,5,5
15682,5,5
48456,1,1
15692,1,1
15695,2,2
81232,12,12
15701,76,76
15707,16,16
15709,27,27
48480,13,13
15719,12,12
15724,16,16
114030,15,15
81263,1,1
15728,8,8
15731,12,12
48502,125,125
48505,3,3
114045,5,5
48511,21,13
15749,34,34
15750,34,34
114054,5,5
15755,15,15
15763,34,34
48556,9,9
15788,4,4
48565,13,13
15799,1,1
15804,24,24
81343,2,2
48576,21,21
15810,8,8
15815,1,1
15823,9,3
15825,19,19
48593,4,4
114130,1,1
15828,22,22
48601,27,26
15834,37,37
15835,2,4
48603,2,2
48608,21,21
114146,7,7
114153,1,1
15852,12,12
15857,4,4
15859,10,10
48627,36,36
15861,6,6
48632,2,3
15871,1,0
114176,10,10
48644,21,21
48652,34,34
15889,1,1
48660,13,13
15894,1,1
15897,1,1
48679,11,11
15920,2,2
15929,11,11
15947,19,19
48718,7,7
15952,21,21
15955,19,19
15957,46,46
48728,4,0
48729,4,4
81497,2,0
48738,31,32
15971,30,30
15978,1,1
15981,24,24
15983,0,19
81520,27,27
48755,31,32
15991,5,5
48762,13,13
48768,8,8
48771,50,50
16004,2,2
147079,1,1
16016,14,14
147090,4,4
48787,19,19
48786,1,1
16024,1,1
81562,6,6
48796,28,9
16029,34,34
16034,23,23
48805,17,17
16038,1,1
114346,1,1
48812,1,1
48823,53,53
16058,44,44
81600,4,4
16065,29,29
81605,4,4
114374,8,8
48837,13,13
16072,5,5
16074,0,1
147147,7,7
147152,7,7
16091,2,2
16097,34,34
48876,1,1
16113,34,34
16114,1,1
48896,50,50
147200,4,4
48898,13,13
48906,8,6
48907,11,11
16142,28,28
114446,5,5
48913,3,3
48914,4,23
81684,4,4
81688,2,2
48920,1,1
16156,3,3
16159,29,29
16163,11,11
48942,9,9
81721,1,1
48957,13,13
16193,1,1
16207,14,57
16208,5,4
48977,6,3
81749,46,46
48985,23,23
48990,1,1
16225,20,20
81766,1,1
16233,14,14
16245,30,30
49014,21,30
16247,32,32
49017,32,32
16251,0,1
114557,8,8
16256,2,2
16259,1,0
49028,17,17
16271,14,16
49042,25,25
49050,9,9
16288,24,24
49058,13,13
114595,4,4
81828,1,1
16293,0,4
49063,7,5
114605,1,1
49073,24,24
49077,15,14
49086,1,1
16335,55,55
81874,1,1
81875,2,2
49106,0,1
16350,26,26
16351,15,15
16363,4,0
16364,63,15
49136,8,8
16369,30,30
114674,8,8
16371,59,59
49140,1,1
49142,13,13
81910,10,10
16379,36,34
16380,1,4
49153,1,0
16391,36,36
49165,3,3
16400,24,24
16411,2,2
16418,10,10
49188,11,11
16424,1,1
16441,1,1
49210,73,73
49215,13,13
16448,62,62
114754,10,10
49224,1,1
16458,39,39
16463,6,6
49232,26,22
49233,4,4
16466,0,1
82004,3,3
16469,14,14
49238,9,9
49250,73,73
82026,0,1
49262,13,13
49265,52,52
49266,53,53
16498,1,1
16512,18,18
16517,18,17
49286,1,1
16519,20,20
16523,58,56
49293,2,2
16527,1,1
49297,4,4
82074,12,10
49310,28,28
16543,3,8
49319,13,13
49326,13,13
16562,1,0
49331,5,5
147655,4,4
147656,4,4
114892,1,1
16589,8,4
114898,1,1
82135,21,21
49368,7,27
16600,4,5
49370,22,22
16607,14,14
49379,36,36
82147,4,4
49381,24,24
49388,13,13
82160,6,6
49394,73,73
49395,73,73
16627,3,3
16632,19,19
16637,5,7
49407,8,8
49412,62,62
49413,2,2
49431,4,4
49434,16,16
82203,1,1
16672,22,22
16674,1,1
16690,0,5
16692,0,1
49464,18,18
49465,5,5
49472,13,13
49474,0,1
16709,14,14
115020,0,1
49485,14,14
49496,1,1
49499,55,45
49504,17,17
49506,37,37
49512,14,14
16747,29,29
49516,22,21
49521,12,12
115060,1,1
16759,1,1
49530,1,0
16763,2,2
49533,10,9
115069,1,1
16767,29,29
49537,54,70
49539,6,2
49541,3,3
49549,18,18
49554,14,14
115092,5,5
16790,23,23
49558,4,2
49562,1,1
16795,1,1
49566,17,17
16799,1,0
49570,18,18
49576,17,18
16809,4,4
16813,15,15
49584,8,8
16819,6,6
49591,0,1
16825,1,1
115131,7,7
49600,18,18
49604,23,23
16836,8,16
49612,3,3
49616,15,15
16850,33,33
49622,10,10
16855,20,20
49625,14,14
147933,0,1
16865,1,1
49638,18,18
115174,0,5
82407,3,3
49641,10,10
115179,5,5
82413,9,9
16877,1,0
49646,7,0
16881,1,1
16883,3,3
16894,1,1
49663,1,1
49666,10,10
16899,6,6
49678,8,8
115214,5,5
82449,4,4
49685,10,10
49689,2,2
49694,7,7
16927,1,1
115237,18,18
49705,2,2
115243,5,5
49708,23,23
16946,18,18
82482,9,9
115263,1,1
82502,9,9
49737,13,13
49740,3,3
16983,1,1
49754,25,25
49755,54,54
49757,7,8
16991,3,3
115296,5,5
49762,11,11
82531,1,1
49767,8,8
17001,1,1
49773,17,17
17005,1,1
49776,10,10
17009,4,4
17012,7,6
49782,59,59
49784,2,2
17031,29,29
17032,5,5
17033,6,6
115339,4,4
17038,12,12
49810,2,2
82578,4,4
115350,1,1
17057,3,3
49827,4,4
49832,1,1
49834,8,8
17067,3,2
82604,4,4
49838,2,2
49841,1,1
49846,58,58
49851,2,2
17085,20,20
17087,7,7
49857,2,2
49866,85,85
49869,2,2
17101,1,1
17111,38,32
17112,23,23
49882,1,1
17116,23,23
49885,17,17
49889,8,8
49896,7,7
49897,13,13
17135,22,22
17145,1,0
49914,1,1
49918,3,3
17157,1,1
82697,1,1
17166,2,2
49934,1,1
49946,1,1
49948,8,8
17181,5,5
17182,7,7
49953,2,2
17186,1,1
49964,17,17
49970,1,1
115507,1,1
17209,20,20
17227,1,1
82764,4,4
50001,1,1
50006,8,8
17249,32,32
115558,1,1
115566,1,1
50033,39,30
17280,1,1
17292,22,22
50060,2,2
115599,8,8
50063,1,1
115603,1,1
50068,3,3
148378,4,4
50074,1,1
50076,17,25
50077,2,2
17309,3,3
50088,29,29
17322,3,3
50091,4,3
50095,1,1
17330,4,4
50100,3,3
17340,6,6
148420,4,4
17350,4,4
50120,13,13
115658,8,8
17355,25,24
50132,14,14
17368,18,18
50140,2,2
82909,5,5
17381,3,3
17382,3,0
17384,4,2
115691,3,3
17395,3,3
50173,33,33
50181,10,18
17426,1,1
17427,1,1
17431,1,1
50202,67,58
17435,1,1
50204,10,10
17439,1,1
50208,2,2
17442,1,1
50212,26,29
82984,4,4
17449,25,25
50226,7,7
50228,10,10
83004,6,6
50239,25,22
50241,11,11
17479,3,3
50249,2,1
17488,3,3
50258,10,10
17492,0,1
50261,4,4
50267,19,18
17502,3,3
50273,8,8
17506,1,1
17517,12,12
50289,32,32
17521,20,20
17524,1,1
17532,3,3
115837,10,10
50306,25,25
17543,14,14
50314,3,3
50329,11,11
148634,4,4
50337,10,10
115877,3,3
83112,10,10
50348,8,8
17580,1,1
50354,1,1
17587,20,20
50360,1,1
115900,10,10
17597,5,5
17601,35,36
50385,31,31
17621,5,5
17623,1,1
83164,9,9
50398,10,10
17633,2,2
50402,19,19
50404,13,13
17639,1,1
50413,0,2
50415,33,33
115954,3,3
50421,13,13
17654,18,18
50425,33,33
50429,28,28
50432,31,31
83205,34,34
17684,2,2
83221,0,2
50454,10,10
50459,52,52
17706,5,5
50476,23,23
17713,17,17
50489,13,13
116026,5,5
17723,2,2
50494,3,3
50496,8,8
50502,1,1
50504,23,23
17736,27,27
50508,1,1
50512,1,0
17749,13,7
50524,10,10
17758,11,9
17764,5,5
83300,5,0
17767,3,3
17772,2,2
50544,79,79
83313,9,9
83316,1,1
17783,20,20
17798,2,2
17805,6,6
116110,6,6
50576,2,2
17809,3,3
50585,2,2
17818,2,2
50589,23,23
83362,2,2
50598,10,10
50603,2,2
116141,6,6
50607,1,1
116146,7,7
50610,1,1
17844,29,29
17847,1,0
50627,27,27
116163,1,1
17872,2,2
17874,44,45
50643,4,4
50642,2,2
50647,1,1
83419,2,2
17892,16,16
50664,1,1
17899,17,17
116205,1,1
50670,3,3
50671,2,2
116209,4,4
17906,21,22
50678,10,10
17914,1,1
17916,1,2
116229,8,8
116233,0,1
50700,52,52
17934,2,0
17937,2,0
17941,37,37
50710,1,1
50712,45,45
17945,12,12
50720,13,13
50725,1,1
50733,14,14
17968,5,5
116272,4,1
83505,1,1
50742,9,9
50746,13,13
50748,14,11
50754,51,43
17988,4,4
83533,4,4
116306,4,4
50776,2,2
18008,2,2
50780,13,13
18019,8,8
18021,2,2
18022,94,94
18026,32,32
50801,13,13
18037,34,34
50806,25,25
116341,4,4
83578,2,2
83581,20,20
50814,8,8
18048,2,2
18060,32,32
18065,4,4
18069,5,4
18073,4,4
50847,13,13
18082,28,30
18093,1,1
116399,1,1
50864,13,15
18097,25,25
83635,1,1
50868,9,9
116404,1,1
18104,21,23
50887,79,79
18120,1,1
50898,30,31
18130,5,5
50901,1,1
50902,4,4
50908,2,2
18148,35,35
50917,52,52
18153,37,37
18157,59,55
50928,7,7
18166,5,5
18167,28,28
83702,9,9
50941,1,1
116482,4,4
50955,14,14
50958,9,9
83728,4,4
50966,13,13
50968,48,48
50971,10,10
18206,24,24
50976,86,86
116521,10,7
50989,50,50
18221,3,0
18223,0,1
50993,43,43
18226,12,11
18229,28,28
83769,4,4
51004,79,79
51009,4,4
51014,13,13
51016,14,14
18251,4,4
51020,7,7
116555,3,4
51023,2,2
51031,35,35
149344,4,4
51043,4,4
51046,9,9
18288,5,5
51061,5,5
18295,11,12
51076,1,1
51080,26,26
18313,1,1
51089,1,1
51091,38,38
51096,10,9
51098,27,27
18330,25,25
18341,36,36
18342,135,135
116645,1,1
116651,1,0
18350,1,1
51123,7,7
18358,1,1
18359,1,1
51136,9,9
51142,9,9
116680,4,4
18382,19,19
116687,3,3
116688,3,3
18385,5,5
51156,4,4
18395,4,4
51165,5,6
51168,1,1
18402,10,10
51171,37,37
18403,22,22
18408,23,24
51188,9,9
51190,72,70
18425,6,6
116730,1,1
51193,1,0
51197,8,7
18432,32,32
51201,2,2
51208,10,10
116744,4,4
116748,4,4
51216,1,1
51217,4,4
18456,36,36
51226,38,40
18467,1,1
18471,10,10
116777,1,1
51242,9,9
18475,0,2
116784,8,8
18481,0,2
18482,5,5
51254,23,23
84030,6,6
116801,1,1
84034,30,30
18504,23,23
84046,11,11
51278,5,5
18512,1,1
51282,41,41
51283,2,1
18516,28,28
18517,27,27
51287,7,7
51301,37,37
18538,3,3
149612,4,4
51310,37,37
84081,4,4
51325,1,1
18558,1,1
149632,2,2
18562,24,23
51330,13,13
51335,7,7
18572,8,7
51353,37,46
51362,1,1
18597,0,10
51370,13,13
18604,37,37
51372,5,5
116910,1,1
51376,17,17
18611,1,1
18615,2,2
18619,1,1
51389,15,16
84169,1,1
84173,4,4
18641,1,1
51410,43,67
51413,24,24
51418,24,24
18653,3,5
116958,3,3
116961,1,1
84197,2,2
18663,1,1
51432,10,10
18673,23,28
84211,4,4
116985,1,1
84221,2,2
51453,2,2
117003,1,1
18704,32,32
149780,0,6
18711,1,1
18716,25,25
149788,6,6
51486,23,23
18720,1,1
51499,5,5
51506,9,9
18749,9,9
149828,4,4
149838,6,6
18779,14,8
18784,1,1
51564,4,4
18796,8,8
18798,6,6
149875,7,7
117109,5,5
149879,3,3
84345,2,0
149883,3,3
149886,7,7
51584,9,9
51587,8,8
51592,22,22
117133,1,1
51601,25,25
117137,11,11
51605,25,25
149915,6,6
51616,51,56
149922,4,5
117157,5,5
149928,3,3
117161,5,5
149936,7,1
51640,1,1
51643,9,9
149948,6,6
51650,27,27
18882,1,5
51654,17,17
149962,6,6
117196,5,5
51662,2,2
117204,3,3
51672,16,16
84447,8,8
51679,13,13
117217,5,5
149990,6,6
51689,28,28
18921,7,7
117230,5,5
18938,1,1
51711,27,27
117248,8,8
18945,24,24
51713,16,16
18947,8,8
117252,3,3
84492,8,8
51728,9,9
51741,1,1
51743,2,2
18976,2,2
117285,3,3
18982,5,5
150056,6,6
18985,1,1
18992,27,27
51763,5,5
84532,4,4
117300,1,1
51768,1,1
19005,16,16
51778,10,10
84551,11,11
19016,2,2
51787,25,25
19020,28,25
19022,26,26
51795,2,0
51801,1,1
117339,1,1
51806,9,9
84577,8,8
84581,6,5
117350,3,3
150120,1,1
19048,8,0
51820,1,1
19053,19,19
19054,10,10
117358,1,1
19066,1,1
51840,4,4
150146,2,0
51844,23,23
84612,1,1
19084,1,1
19085,1,1
51858,2,2
84627,46,46
19093,7,10
19101,1,1
51872,5,5
51876,20,20
19109,12,12
84644,4,4
51880,9,9
84650,4,4
51884,50,50
150188,6,6
51891,12,12
150198,0,1
19127,25,25
51896,28,28
150199,1,1
51898,1,1
150206,1,1
19138,7,6
51908,8,8
19141,4,4
19143,2,2
117449,4,4
19145,1,0
150224,0,1
51922,11,8
19154,33,33
51926,2,2
117464,5,3
19161,38,36
19166,1,1
84703,4,4
84707,4,4
19173,13,13
150246,6,6
84710,4,4
117481,3,3
84713,4,4
19177,1,1
150257,6,6
150259,6,6
150263,6,0
150266,6,6
84731,4,4
84740,4,4
19207,20,20
51984,16,16
51988,2,2
51992,27,27
51993,8,8
51994,0,8
84760,4,4
52002,9,9
52013,5,5
84789,1,1
117560,3,3
52026,39,47
52031,17,17
117579,1,1
52044,12,12
117581,3,3
117582,3,3
19283,32,32
19284,35,37
117592,3,3
52058,16,16
52060,12,12
117596,3,3
52062,4,4
52063,10,10
19298,1,1
19299,4,4
52074,9,9
52078,13,13
84848,72,72
52089,20,20
84863,9,9
52096,55,65
52103,41,41
84872,1,1
52108,30,30
52120,47,47
52122,9,9
52125,1,1
19359,1,1
52130,17,17
52135,1,1
84904,1,1
150443,3,3
84908,23,23
52140,8,8
52145,10,10
84913,1,1
117689,8,8
52155,2,3
52157,15,16
84926,3,7
117695,5,5
52161,34,34
52166,9,9
19399,1,0
84945,46,46
52178,22,22
19409,1,1
52181,5,8
150485,3,3
84951,18,18
84960,7,6
52192,4,4
84962,2,7
84968,1,1
52201,10,10
19433,1,1
52204,3,3
19439,2,2
52208,7,7
52212,3,4
52213,18,18
19444,2,2
52217,6,4
19452,3,3
19454,3,3
52223,9,9
117760,1,1
150529,3,3
19458,23,23
52226,9,9
19460,0,1
52229,25,25
19461,1,1
19463,3,3
52235,2,3
52239,15,15
19473,1,1
52243,52,52
117780,1,1
85014,1,1
117787,5,5
52252,0,10
150556,3,3
19483,2,2
19486,1,0
52261,3,6
19503,3,3
19506,2,2
19509,7,7
52282,50,50
85051,14,14
52284,21,21
85056,4,4
52288,9,9
52292,52,52
52293,27,27
85064,1,1
52297,1,1
117836,5,5
52301,10,8
52306,1,2
52309,47,47
150618,3,3
52316,1,1
19554,1,1
52324,52,52
19559,12,12
52328,5,5
52330,24,24
19564,1,1
117869,13,13
52337,1,1
117874,2,2
52357,16,16
117893,1,1
52360,6,6
85131,7,7
19596,1,1
85133,8,8
117905,4,4
52370,4,4
52371,41,41
117906,17,17
52376,1,1
52380,9,9
85154,4,4
52389,3,3
117927,6,6
52393,11,10
19625,1,1
52396,8,8
52397,25,25
85166,4,4
52399,8,8
19632,6,6
150702,0,1
52403,27,27
19638,26,26
52406,8,8
19640,1,1
52409,28,33
52418,21,21
52421,17,17
19654,20,20
52426,26,26
85194,4,4
85197,6,6
52432,48,48
19667,0,1
52436,21,13
19670,1,1
52443,52,52
19676,4,4
52446,6,6
52448,8,8
52452,79,78
19685,20,19
150756,1,3
85230,4,4
52464,18,18
52466,9,10
52469,2,1
19703,4,4
52473,40,40
19705,2,2
19712,22,21
52483,26,25
118023,1,1
52489,38,38
19722,1,1
52494,21,15
118034,5,5
52498,2,2
19733,17,17
52507,9,9
19741,4,4
118047,5,5
52518,2,2
150825,42,37
52522,22,22
150828,9,9
19759,11,15
52528,2,2
52529,2,2
19763,3,3
118070,6,6
52539,0,1
150844,7,8
150847,56,54
52544,11,11
52546,11,11
19780,1,1
118084,1,1
52554,9,9
52557,6,6
19804,1,0
85342,8,8
19813,2,2
52586,7,7
150897,2,2
19830,1,1
52604,62,55
19839,8,8
150913,84,84
85378,2,7
52614,52,52
118150,3,3
118154,1,1
52620,9,9
118157,8,8
19854,8,8
52623,22,22
52629,36,37
150936,120,120
52636,22,22
85405,6,6
52642,1,1
85412,7,7
19881,2,2
150955,17,17
150956,45,45
52655,1,1
52657,8,8
52665,1,1
118202,1,1
19899,20,20
19904,1,1
52676,1,1
85446,10,14
19910,6,6
85450,8,8
52684,3,3
52685,3,3
19927,1,0
52698,9,9
151003,26,27
19932,4,3
52702,0,2
151008,17,17
52705,1,1
19938,6,6
19942,1,1
52710,1,1
52712,29,27
118249,1,1
19946,1,3
19948,8,8
19951,44,44
52720,51,51
118260,5,5
52725,22,22
19958,1,1
151039,10,10
52736,9,9
52742,22,22
52748,3,3
19988,32,32
19990,32,32
52761,29,7
19994,1,1
151067,10,10
118298,1,1
19998,1,1
118306,5,5
151075,89,89
20003,2,2
20008,1,1
52776,3,3
20017,4,4
151093,113,113
52789,35,35
118331,5,5
52800,1,1
151114,40,41
52811,35,35
20048,3,3
20051,6,7
52822,9,9
20056,6,6
52825,1,1
118363,3,3
118369,1,1
20068,1,1
20071,1,1
20080,3,3
52849,27,27
52860,1,0
118397,1,1
52863,1,1
20097,34,35
118402,5,5
20104,6,6
52873,3,3
151179,14,14
151180,12,12
118414,4,4
118415,34,34
52880,9,9
118419,3,3
20116,8,8
20115,0,2
52883,2,2
52888,9,9
118424,15,15
52892,2,3
52896,41,41
85664,1,1
52897,2,2
52901,26,26
85670,20,20
52905,2,1
20139,8,8
118447,35,35
20148,6,6
151221,58,58
52917,8,8
20149,1,1
52921,5,5
52923,3,3
52924,3,3
151229,41,40
52926,35,35
52925,35,35
52928,3,3
20160,3,1
20162,31,31
118471,1,1
20169,14,15
118473,3,3
118475,83,83
52943,27,26
151247,50,50
151250,13,13
52948,36,37
20182,7,7
52951,9,9
20186,1,1
118492,1,1
52958,2,2
52961,1,1
52962,1,1
52964,0,1
52972,14,15
151279,6,8
20209,30,27
52977,2,2
20212,3,3
118519,3,3
52984,13,13
20218,4,4
52987,1,1
151293,97,97
118526,1,1
52992,20,20
52993,40,40
151302,89,90
85766,1,1
52998,3,0
85769,8,8
20236,12,3
53004,1,0
53008,19,19
53013,45,45
85786,8,8
53021,23,23
53027,7,7
53028,29,29
151332,79,79
20259,1,1
53031,3,3
53035,1,2
118573,11,11
20271,10,10
53039,7,7
20273,30,30
53041,35,35
118580,3,3
20279,4,4
53047,2,0
53050,28,28
151354,58,58
20285,36,36
20286,6,5
53053,3,3
53054,3,3
118589,3,3
85824,7,7
118599,1,1
53065,2,2
53072,1,0
53076,3,3
85844,11,11
118614,5,5
85847,2,2
20312,30,29
20313,7,7
53081,1,1
118612,1,1
53084,1,1
20319,17,17
53090,3,3
20323,1,1
53093,57,57
53097,1,1
85870,4,4
53112,2,1
118649,3,3
20348,41,41
53116,1,1
118655,2,2
20353,4,4
20356,6,6
53124,1,1
20359,4,4
53127,0,3
85897,1,1
53133,35,35
20367,44,44
118674,1,1
118675,1,1
151444,47,47
53140,4,12
118679,3,3
53146,7,19
53147,35,35
151452,30,30
20381,34,35
53151,9,9
20390,7,7
53160,63,63
53161,35,35
53166,0,1
53167,20,20
20400,7,7
53169,20,20
53170,20,20
53171,38,38
20405,25,25
151477,16,16
53176,24,32
53179,20,20
53183,2,2
20415,4,1
53185,19,19
53187,1,1
53189,15,9
53191,20,20
85960,25,21
53192,20,20
53193,20,20
20425,7,7
85967,6,6
53200,18,18
53201,7,7
118739,8,8
53204,4,3
20437,8,9
53205,5,5
20440,4,4
53210,3,3
53211,9,8
53217,29,29
151523,1,0
53222,50,50
118760,4,4
53225,9,9
118763,3,3
20462,4,4
53232,8,8
53234,19,20
20469,7,7
53238,16,16
20471,33,27
53242,8,8
53243,8,8
53244,8,9
118783,3,3
20480,3,3
53249,12,12
53252,9,9
151557,24,24
53253,5,5
53257,20,20
53258,20,20
118794,7,7
118795,1,1
118800,3,3
53264,1,1
151570,18,18
20500,4,4
53269,9,9
20502,4,9
53272,19,19
53273,12,12
53274,12,12
151577,3,3
53277,26,26
53281,31,32
118819,3,3
53286,5,6
20518,4,4
151590,1,1
151593,23,23
53290,5,5
118832,8,8
86066,2,2
53298,2,2
53300,9,9
118835,6,6
118837,3,3
53305,24,31
53309,4,4
53312,1,1
53316,2,2
20554,4,2
53324,15,15
20557,17,17
53326,28,28
20560,1,0
20561,3,3
53330,28,29
53332,15,15
118868,8,8
20577,8,8
86121,3,3
20589,11,11
53362,20,20
53364,19,19
53366,23,23
151672,5,5
118904,3,3
53370,15,15
53374,3,4
151678,8,8
53375,2,2
86149,3,3
20616,4,1
53385,15,15
53386,27,27
53388,8,8
53389,18,18
53394,2,2
53399,22,21
53402,10,10
151711,34,42
118943,1,1
118948,7,7
53414,2,2
20647,3,3
53417,4,4
151721,10,10
53421,36,36
151730,7,7
86195,19,16
53429,3,4
151736,24,24
53432,1,1
53435,12,12
118974,1,1
53439,29,29
53440,29,29
151743,10,10
86207,3,3
53443,12,12
151748,7,7
53446,14,14
118988,4,3
53457,17,17
53458,17,17
86227,8,8
53464,7,7
53465,20,21
20701,5,13
20703,9,9
86239,0,1
119009,8,8
53478,26,26
86248,3,3
20714,26,26
53486,1,1
53491,1,1
20727,23,16
53498,4,3
53502,17,17
20735,0,3
20738,2,2
53509,12,12
119049,1,1
53514,1,1
151819,5,4
53520,12,12
53521,2,2
20753,1,1
20755,10,10
86291,10,10
20759,3,3
86297,4,4
20762,11,11
20761,0,6
86299,1,1
20767,1,1
53536,1,1
151842,2,2
86307,3,3
86308,2,2
53544,1,1
119080,1,1
53548,6,6
151853,26,25
20783,47,47
53552,23,23
53553,17,17
20786,4,4
151864,39,39
53561,8,8
53564,3,3
151869,14,15
151870,1,0
20800,2,2
53572,1,1
53575,8,8
151881,10,10
53578,47,47
53579,29,29
151886,2,3
53583,13,13
20815,27,27
151889,4,4
20828,11,11
53604,4,4
53605,11,11
53607,2,3
53618,1,1
53621,32,32
20857,7,7
53625,8,3
53629,50,57
53630,57,57
53631,2,2
20864,14,14
53641,5,5
119177,1,1
20881,1,1
53653,63,63
53654,50,50
53659,26,25
119197,1,1
119201,8,8
119211,8,8
53680,21,21
53688,12,13
53691,21,21
20926,3,3
53698,9,9
86477,111,112
53709,5,4
20966,32,28
20970,1,1
53739,39,39
20979,4,4
86521,1,1
20989,3,3
53764,37,22
53766,35,35
53769,9,9
152073,1,1
21005,13,20
53777,3,3
152082,49,49
119314,1,1
21010,1,0
21016,11,11
119324,1,1
53790,2,2
53792,12,12
152097,35,35
152101,1,1
53804,3,3
21039,2,2
53807,2,2
86580,4,4
152117,39,39
21048,15,15
119357,1,1
21055,2,2
53825,1,1
152133,36,54
53830,7,3
119372,6,6
21069,2,2
21068,2,2
86607,3,3
53841,2,2
53847,18,18
53854,3,3
53856,1,1
21089,13,13
53859,18,18
21093,47,47
53862,4,4
53869,26,26
86637,3,3
53871,34,34
53876,15,14
86645,2,2
119417,2,2
53889,23,23
53890,23,23
119427,1,1
86664,1,1
53897,27,27
21132,5,5
53900,9,9
119453,3,4
21154,1,1
21157,12,16
119462,8,8
86698,12,12
53930,1,1
53941,12,12
53942,12,15
21175,10,10
53944,9,3
21179,4,4
86716,4,4
53951,5,5
21185,2,2
86724,15,15
21196,29,29
53964,10,10
53969,10,10
21203,14,14
21208,11,12
53977,12,13
86754,31,35
53991,28,28
21229,4,4
86769,1,1
54003,10,10
21235,4,4
152309,10,10
54008,2,2
152314,22,22
21243,18,18
152317,7,7
86785,6,6
152322,15,15
119555,1,1
54020,13,13
54026,1,1
21260,28,30
54029,29,29
54030,29,29
86797,3,3
21264,36,36
119568,13,13
119570,1,1
119567,1,1
21270,4,4
54038,2,2
21275,9,13
54046,22,16
21281,10,10
152353,13,13
119587,1,1
54059,4,4
152368,70,70
152370,14,14
152371,15,15
21305,4,4
86842,4,5
54077,0,1
152382,24,20
21311,12,12
152387,5,1
54084,6,6
86860,7,7
54093,1,1
86862,6,6
54096,12,12
54099,14,39
21338,1,1
54108,38,58
152414,3,2
21343,10,10
86880,16,17
86881,6,6
21347,4,4
54123,58,58
54129,1,1
54133,19,19
54138,35,8
54139,14,13
54142,36,16
21382,0,7
54152,12,12
54162,1,1
152468,6,6
119701,6,6
21399,4,4
152472,8,8
54168,1,1
21411,12,12
54179,4,4
54186,3,3
119723,1,1
54190,0,1
21423,10,10
54194,1,1
21427,24,24
21431,1,4
119735,2,2
21436,32,32
21438,2,2
86981,7,7
21448,4,4
21463,2,2
86999,1,1
54238,2,2
21472,1,1
87009,5,5
54243,12,12
54246,14,14
54248,6,5
54250,4,4
87019,7,7
21487,23,23
54256,13,13
21492,4,4
54263,36,36
21499,1,7
54268,58,57
54269,26,26
21503,1,1
119808,3,3
87042,16,16
21507,22,22
21510,12,9
54279,12,12
119816,1,1
21516,1,3
21519,4,4
21523,1,1
54298,16,16
54299,31,31
21534,15,18
21535,2,2
21542,4,4
54311,13,13
119848,1,1
54317,2,2
87087,8,8
21552,4,4
21560,3,3
21565,26,26
87102,4,4
54343,10,10
54348,9,9
21581,18,17
87117,3,3
21583,5,5
87122,1,1
54355,9,9
119892,8,8
87125,5,5
21592,0,1
54360,15,15
87131,5,5
21598,4,4
21599,10,10
54370,2,2
87139,6,6
54371,9,7
54375,10,10
87144,5,5
87150,5,5
87152,5,5
54388,13,13
54389,2,2
87162,14,14
21629,13,13
21630,13,13
54397,2,2
21639,2,2
54407,19,19
119946,15,15
54416,19,19
21653,22,18
54428,1,0
21668,4,4
21671,23,23
21672,23,23
54449,20,20
119986,6,6
21684,0,1
119989,1,1
21686,1,1
87224,6,6
54458,43,43
21698,1,1
21702,6,6
54472,11,11
87246,6,6
21712,13,13
21716,7,7
87256,5,5
21724,4,4
54494,12,12
21730,1,1
54507,19,19
21740,25,25
54512,31,31
21747,29,29
21763,6,6
120067,3,3
87299,1,1
87304,18,18
120077,1,1
21779,10,10
54549,9,10
54552,16,16
54557,16,16
21789,5,5
21792,4,4
21802,4,4
21806,40,40
54576,15,15
87346,69,69
21812,10,10
54580,49,45
54583,20,22
21816,11,11
87353,17,17
87356,1,1
87359,21,21
54592,14,14
87361,5,5
21827,9,9
87363,17,17
21829,16,16
87366,17,17
87369,23,23
54603,7,7
120140,8,8
54606,15,15
87377,20,20
21846,7,6
87383,21,21
54626,15,15
87395,5,5
87394,5,5
21858,1,1
54630,38,38
87399,13,13
21866,2,2
21871,27,27
120177,1,1
21876,4,4
120184,6,6
54648,1,1
54650,2,1
21885,2,2
54653,2,2
54657,36,36
21898,6,5
120203,1,1
87445,5,5
21910,12,12
21914,0,4
21915,13,13
54684,19,19
21920,11,11
21924,1,0
54697,14,11
120235,7,7
54702,1,1
21940,2,2
21942,12,12
54725,2,2
21970,18,18
21971,13,13
54743,36,36
54746,54,54
54749,16,16
21982,6,7
54750,16,16
54753,11,11
21986,7,7
54758,3,2
21993,12,12
54763,1,1
54767,15,15
22000,4,4
54774,56,49
22007,12,12
22006,0,15
120310,3,3
54784,10,9
54792,43,43
120329,8,8
87564,6,5
54797,31,31
87565,6,6
87567,5,5
54803,36,36
54820,3,3
120358,1,1
54823,7,7
22067,29,29
22068,40,40
54839,2,2
22078,5,5
87617,3,3
54851,4,4
54857,33,28
54858,9,15
54863,17,17
54866,18,18
54871,36,36
22107,3,3
54876,11,11
54878,38,38
22112,1,1
22115,14,14
120422,2,2
54890,23,23
22122,24,24
54892,2,2
22127,18,18
22128,20,20
22131,13,13
54900,8,8
54905,8,10
54916,20,20
54921,20,20
87689,1,1
54926,11,11
54927,7,7
54929,1,1
120466,1,1
54934,17,17
54940,20,19
54946,11,11
54949,2,2
54951,1,1
54956,1,1
22201,6,6
54970,11,11
54973,7,7
54977,6,6
22216,2,2
54987,32,32
87755,8,8
22228,25,25
54998,11,11
22234,5,5
87772,1,1
55005,17,17
55007,1,1
22242,16,16
22249,3,3
55020,2,0
55026,2,2
120566,5,5
55037,7,7
55051,1,1
120593,1,1
55059,2,2
55067,7,7
22303,5,5
55082,18,18
55083,6,6
55091,7,7
55105,20,20
22345,0,3
55114,1,1
55118,43,43
22356,6,6
22363,25,25
120668,7,7
120669,6,6
55136,8,8
87908,14,14
55141,18,24
55143,7,7
22376,15,15
55146,19,19
55150,24,24
22382,1,1
87922,2,2
22388,4,4
120695,7,7
55160,1,1
120702,6,6
55166,11,11
120704,1,1
55170,12,12
55174,27,27
120713,1,1
55178,14,14
22425,17,20
87962,2,2
55194,2,2
55197,1,0
87969,2,3
22439,25,25
55211,0,1
22445,12,12
22448,1,1
55225,3,3
22458,3,0
22463,17,17
88004,5,5
55241,3,3
120792,7,7
22496,11,16
55267,0,1
55279,2,2
55281,2,2
55285,20,20
22520,1,1
55300,8,8
55301,1,0
22535,2,1
22542,2,0
22544,9,9
120849,1,1
55315,24,24
55318,5,5
22560,14,16
55331,16,16
55335,1,1
120874,6,6
55338,16,16
55341,6,6
88115,1,1
55348,5,5
55352,2,2
88124,2,2
55363,1,7
22596,44,44
55365,0,2
22598,5,5
55367,2,2
22606,42,42
55378,16,16
22619,6,6
22629,2,2
55400,2,2
55404,2,2
120945,1,1
22650,12,13
55425,29,29
22666,10,10
55436,27,27
22670,11,13
22674,23,23
55445,9,9
88218,5,5
55456,1,1
55457,2,2
88225,1,1
22699,26,26
55468,2,0
22702,2,2
55472,23,23
88246,3,3
22716,1,1
22720,5,5
55490,28,31
22722,8,8
22723,4,4
55494,56,58
22730,23,23
88267,10,10
55505,16,16
22740,4,4
22745,4,4
22752,1,1
22758,6,6
22766,8,8
88302,5,5
22772,8,8
55540,35,35
121085,1,1
55561,7,7
22799,2,2
88338,1,1
55574,27,28
88344,10,10
55579,2,2
22812,11,11
121117,1,1
55583,1,1
88352,3,3
55588,40,40
55589,7,7
22822,0,2
55601,29,29
55604,1,1
121142,2,2
88375,4,4
22842,12,12
55612,36,37
121150,14,14
121151,5,5
55616,2,2
121165,18,18
88402,5,5
121171,1,1
55636,2,2
55643,1,1
55647,15,15
55651,7,7
88420,1,1
55660,3,4
55667,14,36
121203,1,1
88437,15,15
121206,8,8
22907,2,2
55678,2,2
55693,1,1
55698,39,39
22931,6,6
22930,6,8
55703,7,7
22935,3,0
88481,25,23
22946,4,4
88482,13,13
55713,7,7
121254,1,1
55719,1,1
121258,5,0
22955,0,1
121265,5,5
121274,7,7
55742,3,3
55747,37,26
22991,11,11
55765,2,2
88536,3,3
55768,3,3
88539,7,7
88540,7,7
55773,14,14
23003,2,2
121313,1,1
55780,3,3
23012,1,0
55786,7,7
55798,17,16
121334,12,12
55802,4,4
55803,43,43
55808,46,46
23042,12,12
55817,2,2
23055,2,2
55824,8,8
23059,12,12
55829,2,2
121366,7,7
55832,26,26
23069,4,4
23070,5,4
55838,3,3
55842,47,47
23084,12,12
55856,1,1
55861,4,4
55865,5,5
121405,1,1
121408,1,0
88650,13,13
55884,4,4
55887,3,3
121425,2,2
88657,4,4
55890,2,2
55903,1,1
23139,1,1
55912,9,9
55913,36,32
55918,1,1
55919,7,3
23155,6,6
55923,1,1
55927,1,1
55931,1,1
88699,7,7
55935,1,1
55937,1,1
55940,14,14
55944,5,3
23184,25,6
121490,15,15
88722,2,2
55958,1,1
55967,2,4
55968,4,8
88735,2,2
88736,2,2
23203,15,17
23204,11,11
55970,2,2
55977,5,5
23209,28,28
55982,2,2
55990,3,3
23232,0,1
23233,18,18
121543,7,7
23242,2,2
88779,5,5
23243,4,4
56016,9,9
56021,7,7
121559,1,1
23257,2,2
56028,2,2
56035,21,21
88803,1,1
23272,1,1
121582,8,7
56047,1,1
23282,1,1
56051,7,7
23285,4,4
56055,2,2
56061,0,2
56069,9,9
23302,7,7
121608,1,1
88840,0,1
56086,2,2
23318,12,12
56088,4,4
121625,1,1
88860,14,14
56092,20,20
121633,5,5
88868,1,1
88869,8,8
56103,21,22
56104,21,19
56107,20,20
56111,4,4
121654,4,4
56126,15,16
121669,1,1
56136,1,1
121674,7,7
88907,1,1
23371,4,0
56142,11,11
56145,1,1
88914,5,5
56153,15,15
121691,2,2
56157,2,2
23389,4,4
23392,23,23
56162,8,8
56164,4,4
56165,4,4
23399,16,16
56174,1,1
88945,1,2
23410,4,4
56179,3,3
88947,1,1
56183,1,1
23417,4,4
88954,11,11
88956,4,4
23422,20,20
23426,9,9
23427,1,5
56196,3,3
56197,1,1
56194,1,1
56199,32,32
23432,18,18
56201,19,19
23436,12,12
56210,2,2
56212,4,4
56213,19,24
23446,26,26
121752,7,7
56217,5,2
56219,3,3
23456,9,9
23465,1,1
56236,5,5
23471,28,28
56244,18,20
121781,1,1
56248,14,15
23480,1,1
23483,32,32
23486,24,24
56258,1,1
56260,18,17
89035,1,1
23499,1,1
23504,1,1
56273,3,3
23512,20,20
56283,20,20
23516,24,24
56285,7,7
23519,1,1
23526,24,24
56298,1,1
56304,27,27
23539,25,25
23544,1,1
56317,0,20
56320,4,4
56322,4,4
56328,1,1
56329,9,9
23561,2,2
23562,1,1
23566,25,25
56336,1,1
23571,14,24
23573,6,6
56356,9,9
56360,5,5
23598,25,25
56368,3,3
56369,4,4
23607,25,25
56377,1,1
121917,1,1
23614,1,1
121919,2,2
89153,2,2
56386,1,1
89158,12,12
23622,1,0
23626,29,30
56396,2,2
56400,31,31
23636,24,24
56406,0,1
56414,10,10
56419,9,9
23654,24,24
56424,10,10
23657,25,25
56428,4,4
23660,1,1
56431,3,3
23671,1,1
23675,20,20
56443,5,5
23678,24,24
56451,59,58
121988,4,4
89223,1,1
23691,8,8
89229,2,2
23695,9,9
56464,4,4
23699,25,24
89237,1,1
56471,3,10
23704,1,1
23706,30,30
56475,10,10
23707,1,0
56486,6,6
56487,6,6
89256,2,0
89259,2,2
23724,24,24
56492,2,2
23729,14,15
56498,10,10
89268,2,2
23733,1,0
23734,9,1
23744,40,40
89280,2,2
23748,8,8
122054,3,3
89296,1,1
56532,1,0
56536,4,4
56537,13,13
56541,14,14
56546,6,6
23780,24,24
56548,2,2
23783,2,2
56554,15,15
23791,1,1
89338,2,2
23805,1,1
56573,6,6
56574,19,19
56578,20,20
23812,24,24
56587,1,1
23820,14,14
23821,5,4
56591,1,1
23828,29,29
89369,6,6
122138,7,7
89370,2,2
89372,4,4
23844,24,24
23854,42,42
56628,2,2
89398,12,12
56630,4,5
23868,1,1
56638,16,16
56647,15,15
56649,6,6
89419,2,2
56664,1,0
23915,2,0
56693,1,1
56702,0,4
23938,118,100
23939,8,8
56708,1,1
122256,4,4
23957,2,2
56728,20,20
23961,1,1
56731,1,1
23973,130,130
89513,2,2
56747,7,7
23988,8,8
23989,8,8
56756,14,12
122294,2,2
56767,3,5
122307,12,12
56776,1,2
56781,21,21
122318,0,2
56784,20,20
89552,4,4
89556,11,11
89557,11,11
122328,1,1
122332,4,4
24030,2,2
24031,2,2
56802,4,3
89571,2,2
89580,2,2
56817,5,4
89586,1,1
24062,1,1
56830,1,1
89600,3,0
89603,2,2
56840,20,20
89611,17,17
56844,1,1
89618,1,1
24082,1,1
24085,21,31
24089,3,3
24093,2,2
56871,21,21
56876,4,7
24109,6,6
24113,1,1
89650,3,3
24119,8,8
24122,8,8
24125,2,2
56895,31,31
24130,1,1
24136,8,8
56904,0,1
24138,2,2
24143,13,13
89682,5,5
56916,4,3
89685,2,2
56923,5,5
56925,16,16
122461,1,1
24160,23,23
56929,20,20
24167,1,1
24168,1,1
24172,7,7
56941,2,2
122486,3,3
56953,12,15
24186,1,1
89721,2,2
56954,6,6
24201,1,1
56975,6,0
56976,12,12
56979,5,5
122516,4,4
89750,19,19
24221,3,3
89759,3,0
56995,7,7
24230,47,47
24236,7,7
57008,15,14
89780,13,12
57019,2,0
24255,21,21
57024,11,11
89795,1,1
122564,11,11
57030,12,12
57033,9,9
24266,23,23
24267,28,28
57036,31,31
57037,1,1
24277,1,1
89816,2,2
24282,0,1
24283,4,4
57051,1,1
89821,2,2
57058,0,3
24292,10,11
122599,1,1
24296,41,41
57065,14,15
57064,31,31
24303,47,51
57073,21,21
122610,87,87
24311,22,22
57082,1,1
57084,3,3
89853,2,2
89858,1,1
57091,13,13
24331,13,13
24343,38,47
89879,2,2
57113,3,3
57118,1,3
24351,18,18
24352,18,10
57119,2,2
57127,9,9
24360,6,6
24367,12,12
57136,13,13
57143,15,15
89912,2,2
24377,62,62
57146,3,3
57147,5,5
57150,32,32
122688,7,7
57152,17,17
57155,2,2
24390,4,4
24392,36,36
57161,8,7
24396,45,45
57165,24,24
57174,17,17
57176,3,2
24409,94,94
24411,10,10
57180,13,13
57182,7,7
24416,31,31
24422,5,5
57190,35,35
24423,4,4
57193,11,11
57196,5,3
57197,3,3
57202,1,1
122740,4,4
57208,11,11
24454,13,7
24455,5,4
122761,1,1
24461,11,11
57231,3,3
24464,2,2
57235,10,10
24468,5,3
24470,42,42
122778,32,32
57243,24,24
24474,9,9
24477,1,1
122783,1,1
57248,17,17
24484,6,6
24487,1,1
24493,2,2
90030,3,3
24498,2,2
57270,15,27
24507,20,19
57280,28,28
122816,1,1
57286,11,11
57289,10,10
24521,1,1
90062,3,3
57295,17,17
90066,1,3
24530,1,1
90067,0,2
90069,2,2
24535,28,28
24541,38,24
90080,5,5
24545,18,18
24548,49,50
24549,5,5
57320,27,27
90088,2,2
57329,24,24
90100,3,3
90104,5,6
57337,4,4
90108,12,12
57342,22,22
24577,0,1
90115,41,14
24581,38,38
57351,23,23
90123,1,1
57357,10,10
57361,18,18
24594,1,1
24596,38,38
24599,94,94
57368,5,5
57369,10,10
90142,7,7
57375,2,2
90145,2,2
24611,2,2
57381,23,23
122917,1,1
57386,36,36
24619,15,15
57390,28,28
24622,11,11
90160,2,2
57394,18,18
24629,12,12
24630,1,1
24631,1,1
57405,3,3
24638,9,9
24645,79,79
57416,15,15
24651,33,36
90187,4,4
24663,12,29
24664,25,25
24677,42,42
90218,2,2
122986,3,3
90221,1,1
24698,3,3
57476,16,11
24713,15,15
24714,1,0
57484,28,29
24720,11,11
57495,26,26
24729,30,30
24730,32,32
57499,20,20
57503,4,4
24739,21,21
90277,38,38
24743,7,0
57512,32,33
90281,2,2
57515,12,5
57519,3,3
90288,2,2
57521,31,31
57525,21,19
57528,1,0
24761,28,28
57529,10,10
57531,12,12
24767,1,1
24772,11,11
57543,1,1
57546,12,12
90316,1,1
24782,5,5
24784,11,11
57553,10,10
90320,1,1
57557,14,14
24796,36,36
57564,13,13
90334,2,2
90335,2,2
123103,7,7
24803,28,28
90360,2,2
24829,20,23
57602,20,20
57605,15,9
57609,32,32
57613,24,25
24845,1,1
57616,0,1
57617,7,9
90385,3,3
24851,37,37
57623,30,32
90392,2,2
57633,30,32
57636,22,22
57637,3,3
24872,52,52
24877,11,11
57648,20,20
90419,51,47
123187,1,1
57659,2,2
24896,3,3
57667,6,9
57679,29,29
90454,2,2
57692,12,12
123228,7,7
57693,2,2
24927,10,10
57695,2,2
57699,24,24
24932,52,52
57701,7,7
90473,3,3
57708,30,30
24943,10,10
57719,2,2
24952,1,1
57721,16,16
24963,28,28
57733,3,0
90511,10,8
57743,2,2
24977,6,5
24982,1,1
24987,50,37
57758,25,25
57765,5,5
57767,20,20
25004,25,25
57773,1,1
57772,5,5
25008,40,40
57790,1,1
57792,25,25
57793,10,10
57795,1,1
25032,1,1
25033,28,28
57806,2,2
57807,1,1
57811,2,2
90580,5,5
57823,11,11
90593,3,3
123362,1,1
57835,30,30
25067,3,3
57841,2,2
90610,1,1
57844,1,1
25080,1,1
123389,1,1
123392,4,4
90625,11,11
57862,2,2
57866,1,1
90636,4,4
57869,3,2
57870,2,2
25116,1,0
57887,17,16
25129,3,3
57897,2,2
57899,2,2
57904,1,1
25138,3,3
57910,19,18
123446,7,7
57919,21,21
90690,7,7
123465,1,1
57931,16,16
57935,5,5
57936,5,5
90707,11,11
25173,3,3
57942,1,1
90713,1,1
25178,5,5
57950,5,5
57955,11,11
57960,10,10
25197,12,12
90738,11,11
57977,21,21
25211,1,1
57984,1,1
57988,1,2
25222,23,23
123526,2,2
58001,1,1
58004,17,17
58010,11,11
123551,1,1
90786,1,1
25255,21,21
123561,3,3
58029,12,11
25272,5,5
58041,16,16
25278,1,1
58052,1,1
58057,20,20
90825,4,4
90826,4,4
58068,2,2
58069,7,7
123606,7,7
25303,13,13
58078,1,1
58090,0,2
58092,1,1
25328,1,1
25331,28,28
123636,4,4
58112,18,18
25358,57,70
123668,1,1
58136,23,28
58140,1,1
58144,5,5
58151,2,2
90921,9,9
25394,7,7
58168,1,1
25401,3,3
123711,1,1
123730,2,2
90964,4,4
25437,3,3
58214,27,27
58216,6,6
25450,1,1
58222,27,27
25457,23,23
25462,3,3
58233,7,7
91004,1,1
58244,18,18
58253,10,10
58257,11,11
58260,15,17
58263,43,43
25504,28,26
25508,2,2
123812,2,2
58280,1,1
25518,23,23
25520,1,1
58299,0,1
25535,28,28
91077,37,37
58310,2,2
91082,12,12
58316,0,12
58317,11,11
123860,1,1
25561,13,13
25563,8,8
58332,10,10
25567,2,2
91106,2,3
25571,9,9
91107,2,2
91112,5,5
25580,0,1
58349,10,8
25583,13,13
25589,37,37
58357,2,2
91129,1,1
25597,3,3
123903,1,1
58370,16,9
25607,3,3
58376,38,38
58378,20,20
25620,13,13
58391,4,4
25624,20,20
58393,7,7
58395,11,11
91168,1,1
58410,17,17
25645,3,3
58414,10,10
58416,10,12
91189,0,1
58422,10,10
58424,6,6
25657,23,23
58429,10,10
58436,10,10
25672,25,28
58442,1,1
91211,2,2
25677,9,9
25683,29,29
25685,25,22
58453,1,0
58457,8,8
25690,9,10
25691,8,8
58460,10,10
58463,0,1
25698,10,10
58469,1,1
58486,1,1
25724,1,1
58494,17,17
124030,7,7
25728,16,16
58503,11,11
124050,1,1
58524,7,7
58527,7,7
91300,3,5
58533,2,2
25772,13,13
25775,0,1
25780,1,1
58551,0,1
91320,4,4
25796,1,1
58569,6,6
124106,0,1
91348,12,12
58582,18,18
25817,25,25
25821,1,1
25824,70,70
58593,8,8
25825,42,42
58598,2,2
58602,1,1
25842,1,1
58611,0,2
25847,23,23
25848,12,12
91387,4,4
25855,3,3
25857,33,33
25860,7,7
25864,13,13
91409,10,10
25877,1,0
25881,28,28
25885,10,10
58654,18,16
124197,9,9
25894,1,0
91434,12,12
124207,1,1
25909,1,0
91446,4,4
25913,10,10
25916,8,14
25929,21,21
25930,8,8
58698,1,2
25939,5,5
58715,40,36
25948,14,14
25951,8,8
58722,2,2
25958,1,1
58729,21,21
25965,20,16
91501,4,4
91506,4,4
25971,7,7
58741,4,4
91515,1,1
58752,1,1
58753,2,2
25984,1,1
25988,3,3
58758,1,1
58759,8,8
25991,3,5
25995,8,8
58770,12,12
26003,11,11
58773,1,1
26008,10,10
26013,68,69
58782,6,6
26029,11,11
58804,16,16
58808,1,1
124350,3,3
26046,10,10
124352,1,1
58815,2,2
58817,4,4
26051,21,21
91597,39,39
58831,20,20
26063,8,8
58833,4,1
124370,1,1
26070,39,37
124375,0,1
26073,1,1
124377,1,1
58843,13,13
58847,2,4
58850,2,2
26083,11,11
124388,7,7
58854,31,32
26089,1,1
26093,9,8
124403,9,9
58874,8,8
124417,7,7
26114,10,10
26115,12,12
26116,12,12
58886,32,32
58889,11,11
26126,27,26
58897,6,6
91666,3,3
26131,24,24
58899,13,13
26133,16,16
124437,7,7
58906,6,6
26140,1,1
26142,32,32
26144,0,1
26148,12,12
58918,1,1
26155,1,1
124460,7,7
124461,7,7
26159,2,2
58932,17,17
91701,1,1
26167,3,3
26171,4,4
26174,25,25
26177,1,1
91714,99,99
26181,11,10
26182,13,12
91720,1,1
26186,0,1
26189,11,11
58958,19,19
124496,8,8
58961,13,13
58963,1,1
58966,2,1
26209,26,26
26222,13,13
124538,7,7
91770,2,2
26237,4,4
91776,1,1
26241,12,12
26244,4,4
59014,2,2
26249,9,9
26251,7,7
59021,6,6
59023,29,25
26256,21,22
59025,0,1
26263,23,23
91801,1,1
26268,42,42
26275,2,2
26278,12,12
26280,26,26
59050,6,6
26289,27,31
59060,18,20
59063,38,38
26297,26,26
26302,1,1
59071,19,19
26307,1,1
59077,14,14
59082,2,2
124620,5,5
26321,13,13
59089,13,13
59091,13,13
59093,13,13
26326,4,4
91864,5,5
59098,12,12
59099,10,10
26330,10,10
91866,1,1
91870,3,3
26334,12,11
26336,26,26
91874,15,15
26339,1,1
26344,4,4
26346,4,4
59116,16,17
91891,1,1
59128,7,7
59129,10,10
59132,7,7
59133,13,13
26367,6,6
91907,20,20
59142,13,13
59146,39,39
26379,2,2
26384,32,32
91921,36,36
26385,26,26
59152,2,2
124688,0,1
26389,25,25
59169,7,7
59178,19,19
26413,12,9
26416,13,13
124724,5,5
59189,2,2
91958,13,42
91959,50,50
26421,2,2
26425,26,26
26427,56,56
26428,42,42
26432,9,9
59201,19,20
26433,2,2
59205,3,3
26438,9,9
26442,1,1
59222,5,5
26455,37,37
91998,3,3
26466,25,25
59237,41,41
26471,8,5
59244,25,26
92022,3,3
59258,6,6
92027,9,9
59259,8,8
26495,4,4
59267,10,10
59269,7,7
26505,3,3
59273,41,41
26508,12,12
124817,1,1
26522,69,68
59291,41,41
26527,2,2
26535,2,2
59305,10,10
26540,2,2
59310,19,21
59311,26,26
26549,1,1
92090,99,99
92096,5,5
26561,1,1
92107,41,41
26572,1,1
59346,41,43
92114,2,2
26578,4,4
26583,2,2
59352,23,23
92121,3,3
92120,5,5
124904,5,5
26602,1,1
59371,13,15
26608,12,12
59390,34,33
26622,0,2
26625,5,5
59395,28,28
26629,31,26
92168,4,4
59404,22,22
26636,25,25
26641,13,13
26644,1,1
59416,2,2
26652,1,1
59427,11,11
26662,1,1
26665,16,16
92223,1,2
26689,4,4
59458,13,13
92229,1,1
59462,22,22
26695,25,25
125003,7,7
26706,108,108
59476,1,1
59477,20,22
26709,1,1
26710,1,1
26714,16,4
125024,11,11
59489,28,28
26728,25,25
26733,5,5
59510,32,32
26744,1,1
92281,21,21
26752,25,25
26754,3,3
26755,2,2
59526,10,10
59529,1,1
26764,9,9
59535,53,53
26768,14,14
26769,8,8
26781,21,23
59560,25,25
26794,4,4
59576,6,6
59584,28,28
59587,13,13
59595,6,6
26832,25,25
92373,0,2
59606,13,13
92376,2,2
92381,2,2
59616,19,19
92392,2,2
92393,2,2
59625,0,1
59627,19,19
92395,2,2
59631,6,6
59635,20,20
59640,15,15
26873,5,6
59646,10,10
26878,10,10
26880,10,10
92414,2,2
59650,11,10
26883,4,4
92418,2,2
26888,14,12
59657,15,15
92433,2,2
59666,1,1
26898,3,3
92440,2,2
59673,23,23
92444,2,2
59679,2,2
26911,1,1
26915,5,9
26916,65,65
92454,5,5
59691,2,2
92465,1,1
26934,5,5
59704,1,0
59705,17,17
92476,7,7
59712,16,16
92480,2,2
26946,108,108
59728,12,12
26965,5,5
26973,7,1
59743,8,8
26978,30,30
59752,14,14
59755,20,24
26991,1,1
27004,22,22
125308,1,1
59774,3,3
59780,5,5
27013,0,1
59781,1,1
59784,3,3
92555,2,2
59789,23,23
59804,20,20
59805,70,69
27036,19,19
59808,1,1
59811,6,7
59813,11,11
92582,5,5
92583,1,1
59822,19,19
59824,5,5
59825,2,2
59833,2,2
59836,9,9
125377,4,4
59843,2,2
125379,1,1
27078,33,33
125388,5,5
59852,1,1
59861,20,20
27096,3,3
125401,3,3
59874,1,1
59875,3,1
92644,5,5
59888,3,3
27129,47,47
27130,47,47
59897,13,13
59898,7,7
59901,10,10
125438,7,7
59904,3,3
59912,1,1
59913,9,9
27148,7,7
59917,9,9
27151,28,28
59922,2,2
59925,1,2
59930,12,12
27165,61,61
27166,61,61
59935,11,11
125478,1,1
27176,1,1
59949,19,19
27182,7,7
92719,17,17
125488,3,3
59954,16,16
59955,2,2
27190,14,14
59962,1,1
59965,13,13
27205,21,22
59976,12,12
59978,13,13
59981,13,13
59990,17,17
59996,4,4
60002,42,43
60008,4,5
60011,17,17
27244,6,6
27247,77,77
60016,40,40
27248,47,47
27250,11,11
27255,1,1
27262,5,5
60034,12,12
125570,5,5
60044,9,9
27277,23,23
27280,3,2
60049,2,2
60051,19,19
27295,2,2
60065,2,2
27298,36,36
60068,1,1
60072,13,13
60074,41,41
27309,2,2
27313,3,3
125620,3,1
27320,38,38
60094,1,0
27333,2,2
60102,35,40
92874,5,4
60109,9,9
60120,2,2
60124,1,0
60131,2,2
27363,13,13
27369,0,1
60141,7,7
60142,19,19
60148,22,22
27382,14,4
27395,7,7
60164,17,17
60176,2,2
60180,1,1
27413,10,10
60184,25,25
27420,23,23
60188,20,0
60194,5,5
92969,7,7
27434,1,1
27439,4,4
60207,2,2
27441,6,6
27444,0,1
60213,2,1
27447,11,11
60217,12,12
60222,30,30
92990,4,4
27462,12,10
60233,1,1
60236,1,1
93007,3,3
60245,6,6
60254,1,1
60262,5,5
60265,1,1
27501,60,60
27502,35,35
27503,4,4
60277,8,9
27512,2,2
125826,8,8
27526,13,13
60296,34,22
93067,47,47
125837,1,1
60302,6,6
93071,9,9
60306,5,5
93079,3,3
27545,41,42
60315,1,1
60324,1,1
60328,2,2
93099,3,3
60335,8,8
60338,1,1
60343,41,41
93112,3,3
27581,12,12
93122,5,5
60358,20,20
27596,13,13
60365,1,1
93135,5,5
60368,4,5
27601,31,31
93136,5,5
93137,5,5
60372,5,5
93140,5,5
125914,1,1
60382,5,5
93150,5,5
60392,25,25
60393,1,1
125934,2,2
27630,2,2
93168,6,6
27635,25,25
60406,14,14
60415,5,5
60418,1,1
27654,121,121
27657,1,1
27659,4,4
125966,4,4
60436,1,1
60445,1,1
60447,0,1
27680,1,1
60449,2,2
27683,67,80
60462,5,5
93230,5,5
27704,33,33
27705,25,25
60477,1,1
27710,25,25
93251,7,7
27718,1,1
27727,81,131
60499,1,1
60504,2,2
27739,6,6
93276,1,1
93281,5,5
60518,5,5
60522,2,2
60526,35,35
126063,2,2
126068,5,5
60535,10,10
27770,42,42
60539,5,5
60544,8,8
60545,9,8
60551,2,2
60556,10,10
60559,1,1
27792,135,135
126097,2,2
93332,5,5
60565,6,6
27807,13,16
93344,4,4
60581,2,2
27814,2,2
60589,1,1
27824,101,101
60595,23,23
60598,5,5
60602,2,2
27835,0,2
60608,1,1
60609,10,10
60617,4,4
27851,0,1
60627,8,8
27860,36,36
27864,17,17
60633,17,17
126168,1,1
60639,3,3
93408,1,1
27879,17,17
60647,4,4
60650,2,2
126193,1,1
27890,22,22
60667,5,5
27904,40,40
60672,12,12
60680,11,10
60684,20,20
27917,18,18
60692,9,9
60704,12,12
27939,1,0
27943,1,1
60716,1,1
60723,3,3
60725,8,8
93500,1,1
27976,42,42
60745,3,3
60749,37,36
60753,2,2
60757,9,9
60764,2,2
126301,2,2
28002,1,1
60772,1,1
60773,3,3
60782,10,10
60786,1,1
28027,6,6
60802,25,25
126338,7,7
60806,41,42
60809,2,2
28043,34,34
60812,24,38
60815,64,64
93584,1,1
93588,2,2
126356,1,0
60829,17,17
60831,5,5
60835,9,9
28070,58,58
28072,2,2
60844,7,5
126383,2,2
28085,2,2
60854,42,43
60857,3,3
126396,2,2
28094,6,6
60862,2,2
60867,8,8
28100,1,1
28105,2,2
28114,6,6
126420,5,5
60885,12,13
93656,47,47
60889,3,3
60896,27,28
28130,58,58
28132,1,1
60903,8,8
28138,38,39
28141,53,55
93677,4,3
60916,64,64
28148,2,2
60919,52,52
28151,1,1
60923,1,1
28157,1,1
60928,6,6
93699,40,40
93701,0,7
60933,9,9
28169,3,3
60938,7,7
93710,1,1
60945,14,14
28180,1,1
93719,3,3
28184,58,58
93720,5,5
28186,2,2
60958,1,1
93729,1,1
60966,12,12
60967,3,3
60973,35,35
28205,3,3
60976,7,7
60978,58,58
60981,10,10
126519,1,0
28219,12,12
60987,9,9
28224,0,1
61002,1,1
61003,23,23
28239,1,1
61009,1,1
61017,1,1
28250,33,33
28259,15,15
61028,5,4
28261,7,7
28263,1,1
28267,25,25
93804,2,1
28275,12,12
61048,30,24
61051,9,9
61059,13,13
93827,5,5
93831,7,7
93833,7,7
61073,8,10
28307,104,104
126612,2,2
61082,33,36
28317,21,21
28323,26,26
28327,2,2
61096,1,1
28331,3,3
61102,2,2
28336,10,10
28337,37,37
61105,4,4
126643,1,1
28340,28,28
61109,26,26
126644,1,1
61108,1,1
61107,1,1
126649,1,1
28346,12,12
61115,8,8
93883,2,2
28341,1,1
126656,1,1
61120,3,3
61124,12,12
61127,5,5
93900,10,10
126675,2,2
28372,2,2
28377,31,31
61150,7,7
28384,3,3
61153,10,10
61155,9,9
28390,12,12
61160,10,10
28395,1,1
61166,3,3
126705,7,7
28401,1,1
28403,7,6
126716,3,3
93950,128,151
28414,1,1
61183,1,0
61187,2,2
93961,40,40
28436,10,10
61204,1,1
28440,50,48
28442,2,2
61211,4,4
61219,1,1
28452,44,44
61223,16,16
93992,3,3
28457,6,6
61227,23,23
28461,18,18
28465,65,65
94003,1,2
61240,13,13
61243,2,2
94016,7,7
28486,1,1
28487,31,31
28491,31,31
28496,34,34
61265,18,18
28498,39,39
61269,4,4
28506,10,10
94045,3,3
28510,0,13
61282,3,2
61285,14,14
28522,5,5
61290,2,1
61300,7,7
61301,9,9
28538,1,1
94074,4,4
61307,2,2
61306,2,2
61313,14,14
61317,17,17
28554,3,3
61325,26,24
28558,40,27
28559,71,71
28561,1,1
61333,13,12
61339,37,37
61347,1,1
28582,9,9
61352,10,10
61356,27,26
61357,11,11
126897,2,2
28594,14,13
94141,38,38
94144,7,5
61383,1,1
28618,12,12
126923,61,61
28622,5,5
94159,40,40
61391,1,1
61400,31,29
28634,12,12
94170,3,3
61410,1,0
61412,28,28
94191,7,7
94196,3,3
61429,4,4
94200,1,1
61434,10,10
126971,0,1
28668,2,1
61435,11,11
61442,8,8
94214,2,2
126983,7,7
61448,37,37
61452,14,14
94223,20,20
28700,29,29
94236,1,1
61470,1,1
61478,10,0
61479,7,7
61487,13,13
94256,5,5
127026,7,7
127029,5,5
28727,1,1
61495,1,1
61498,13,13
28732,1,1
61506,2,2
127043,1,1
94274,3,3
61511,10,10
28750,1,1
127060,78,78
61530,10,10
61532,23,17
61537,23,23
61541,8,8
28773,3,3
28778,16,16
61552,22,22
61554,9,9
61555,2,1
28792,3,3
61562,9,9
28803,15,14
61574,29,34
61575,1,2
94348,13,13
61585,1,1
94357,21,21
61590,25,19
94361,3,3
61597,5,5
94366,1,1
127136,7,7
61605,3,6
61613,5,5
28849,1,0
61632,12,12
28866,45,43
61635,37,37
61639,24,23
28875,3,3
28877,1,1
61647,3,3
61651,3,3
61655,1,1
61662,2,0
61666,1,0
28899,52,49
28903,2,2
61679,4,4
61693,11,11
94465,2,2
61702,34,34
127238,7,7
61707,1,1
28946,12,12
28951,13,13
61720,34,34
127261,1,1
61726,18,18
61743,34,34
28975,20,28
28980,1,0
94522,1,1
94523,1,1
127292,7,7
28990,2,4
61758,1,0
61763,19,19
94534,40,40
61772,42,43
29007,78,71
94543,2,0
61780,17,17
29020,40,40
29022,25,25
94559,2,2
94564,3,3
29028,1,0
61799,1,1
127337,7,7
61803,37,37
94574,1,1
94586,5,5
61822,2,2
94592,0,6
61827,23,23
61832,40,37
127370,5,5
94605,3,3
127384,2,2
61855,6,1
94633,2,2
61866,18,18
29098,3,3
61869,13,13
29104,69,69
94645,29,29
61878,10,10
61879,23,23
94650,3,4
61883,19,20
94651,2,1
127424,1,1
94665,2,2
29133,44,44
127438,7,7
61918,0,7
29152,16,16
61921,15,15
29159,3,3
29160,3,3
61934,13,13
29167,3,3
29172,37,37
29173,40,51
61943,31,32
94716,82,82
29180,0,1
29183,7,7
61955,5,5
29191,1,1
61960,14,14
61963,5,5
61965,4,4
29211,13,13
61980,15,15
61983,6,6
94755,46,46
61987,5,5
61988,5,5
29219,1,1
61991,12,12
61998,10,10
62005,1,1
29239,3,3
62008,10,10
62011,5,5
29248,1,1
62017,7,7
94786,10,10
94787,3,3
62020,2,2
29249,7,7
62022,7,7
29256,11,11
29257,9,9
62025,4,4
62034,10,10
29268,12,12
62038,10,10
62039,4,4
29270,5,5
62043,4,4
127582,4,4
62052,22,22
94827,8,8
62065,14,19
62067,23,23
62075,3,3
29310,28,28
62078,0,3
62082,2,2
29315,2,2
29321,2,2
29323,24,24
29341,30,30
62112,7,7
94880,65,65
29344,1,1
62115,19,19
94887,48,48
62119,8,8
29352,2,1
62122,17,17
62123,40,40
94888,1,1
62127,36,36
62130,2,2
62132,24,24
29367,1,1
62137,2,1
62142,36,36
29375,14,14
62144,1,1
29377,1,1
62151,23,23
62159,1,1
29392,44,44
94928,10,10
62164,15,15
29396,1,1
62168,1,0
62172,36,36
29406,21,21
62178,28,28
62187,3,3
62189,1,1
94959,20,20
62193,40,40
94969,41,41
62201,9,9
62210,3,3
29446,51,51
62215,11,11
127752,1,1
62220,7,7
62222,22,21
29454,1,1
62225,7,7
29461,18,18
62231,1,1
62235,31,32
62236,32,32
29467,19,18
62241,7,8
29479,28,28
127785,1,1
95023,51,51
29488,1,1
29495,2,2
62271,23,23
62276,25,25
62277,17,17
29511,44,44
62279,3,3
62283,5,5
62288,36,36
95056,4,4
29522,53,53
127824,5,5
95060,45,45
29529,2,2
62301,3,3
127841,7,7
29543,37,37
29544,8,8
29546,30,30
62316,1,1
29548,2,2
62319,24,22
62322,31,31
95097,6,6
29564,12,0
62338,43,43
29572,63,63
127879,2,2
62346,24,24
62349,6,6
29587,6,6
127891,1,0
127896,2,2
62361,5,5
95128,13,13
29595,104,104
29596,83,83
62369,3,3
95139,2,2
62374,2,2
62385,2,2
29618,22,22
29619,16,16
62392,7,7
62397,8,8
62402,13,3
62407,2,2
29652,1,1
29656,66,59
29662,8,8
95200,5,5
29666,25,25
29675,31,31
127983,2,2
95215,2,2
62450,39,39
29682,2,2
62453,1,1
95221,1,1
95226,3,3
29691,0,2
127997,1,1
29696,7,7
62464,47,47
29701,23,23
62471,29,29
29705,1,1
62477,5,5
62486,2,2
29728,16,16
62496,24,23
128034,8,8
62500,8,8
29735,6,6
62507,1,1
29740,25,25
62511,3,3
62514,8,8
128052,7,7
95286,29,29
29751,6,6
62520,7,7
62521,1,1
62528,24,24
95299,27,27
62531,14,14
29771,25,25
62541,23,23
29779,19,19
62550,7,7
62553,11,11
29786,21,21
29787,19,19
62560,1,1
29793,21,21
29802,19,19
62571,0,1
95340,2,1
29810,25,21
128116,5,5
128117,5,5
62580,0,1
62586,19,20
95355,6,6
29819,21,21
95357,47,47
62589,1,1
128127,2,2
29824,2,2
29830,1,1
62599,10,10
95368,2,2
62605,1,9
29844,19,19
62614,13,13
29847,30,30
29850,24,24
29861,3,3
62630,1,1
128168,4,4
62633,0,7
128170,4,4
128172,14,14
29868,2,2
29872,27,27
29876,4,4
62644,1,1
29878,20,20
62649,3,3
29886,1,1
62657,3,3
29890,28,28
62661,24,24
29896,1,1
95434,23,23
29898,12,12
62676,24,24
29910,19,19
29918,12,12
29927,25,25
62702,6,6
29934,20,20
29938,28,28
95477,1,1
29943,12,12
29944,27,27
95487,6,6
29957,2,2
29962,28,28
95500,3,3
62740,9,14
128278,2,2
29974,6,6
29976,2,2
62749,7,7
29982,13,13
95522,2,2
29990,20,20
62759,4,4
29998,1,1
62768,14,14
62776,2,2
62779,3,3
62784,9,9
62797,1,1
95570,1,1
62805,5,5
30044,13,13
62812,6,6
62819,24,24
95588,2,2
30053,7,7
30054,11,10
95591,6,4
62823,12,11
30058,16,16
62828,2,2
30061,38,37
128367,1,1
30065,14,14
30069,7,8
128373,1,1
30073,30,30
30074,28,31
62847,11,11
62851,6,6
30085,32,32
30090,7,7
62859,32,32
128407,1,1
62873,15,15
30107,7,7
30109,19,24
30111,40,41
62879,2,0
62885,4,4
62886,4,4
30122,27,27
62894,4,4
30134,1,1
30135,1,1
95672,5,5
30137,21,21
30138,21,21
62911,2,2
128448,7,7
62919,1,1
30152,44,44
30153,45,44
62927,2,2
30161,19,19
30162,19,19
30163,2,3
62930,6,6
30168,1,1
95705,1,1
62941,3,3
95715,6,6
30181,25,25
62951,13,13
30184,25,25
30188,23,23
62960,8,8
62961,8,8
62963,1,1
30198,25,25
62971,3,0
62978,20,21
62981,33,33
30213,1,5
30214,5,5
95757,7,7
95760,6,6
30225,5,5
62995,33,33
30227,5,5
62997,1,1
63003,23,23
95772,5,3
63007,7,7
63008,17,17
30255,1,1
63025,6,4
95797,6,6
128568,14,13
63033,2,2
95805,3,3
63040,21,14
63041,5,7
30276,13,13
63046,1,1
30281,11,11
30282,11,9
63058,6,6
95830,4,4
63067,34,34
30303,41,38
63081,12,12
30314,2,2
63085,1,1
95857,6,6
63089,24,24
95860,6,6
63095,21,34
95868,3,3
63100,3,3
95872,13,13
95880,6,6
30354,1,1
63123,2,2
30358,4,4
63128,17,17
63131,5,5
30366,27,24
63135,6,6
63139,14,14
63140,10,10
30372,3,3
128683,8,8
63158,5,5
95927,6,6
30391,1,1
63162,3,3
30395,37,37
95939,4,4
128709,1,1
63175,24,24
63176,1,2
63177,5,5
63182,3,3
95952,4,4
128723,1,1
63190,1,1
128730,2,2
63197,15,15
63200,9,9
95968,1,1
30434,4,4
63203,2,1
63204,23,23
128741,57,21
128742,21,61
63207,29,26
30437,4,4
63211,25,25
30449,1,0
30452,2,2
63221,1,1
63223,25,25
95995,27,27
30461,14,14
128765,38,40
63232,1,1
63235,1,1
63243,51,51
30478,17,28
96019,6,6
63258,53,55
63269,1,1
63281,0,1
96055,2,2
63291,3,3
63294,2,2
63296,0,1
30529,8,8
63307,6,6
63311,19,19
63323,0,1
96098,13,13
96099,13,13
63333,26,26
96103,3,3
63337,28,23
96105,1,1
96111,6,6
63344,1,1
30577,1,1
63351,3,3
30591,1,1
63364,5,5
63367,22,15
63374,16,16
63376,1,1
63395,15,15
63406,16,14
63411,4,4
63415,8,8
63424,13,13
63430,1,1
96199,1,1
63434,12,6
63440,2,2
63446,2,2
96223,40,40
96224,37,37
30689,1,1
63459,10,10
63464,1,1
63467,2,2
129008,5,5
129010,5,5
96246,7,8
30713,46,46
30714,37,37
129020,2,2
30720,3,3
96261,17,17
63493,15,15
30726,1,1
63500,1,1
63506,2,2
63508,30,30
63509,7,7
129047,5,5
63514,2,2
63515,4,4
96284,3,3
129053,7,7
63521,25,25
63523,5,5
63527,5,5
30764,41,41
96300,8,8
63535,2,2
96304,2,2
63544,44,44
96315,3,3
63553,44,44
96324,1,1
63557,3,3
30789,5,5
63556,1,1
96328,2,2
129099,1,1
129107,1,1
30803,18,15
30804,11,11
63575,1,1
63580,7,46
30815,23,23
63585,1,0
63594,4,4
63602,1,0
30836,52,52
129141,1,1
63613,15,14
63622,3,3
63630,28,27
96398,3,3
96404,1,1
63637,0,19
63642,18,18
63658,39,39
63668,3,3
63674,18,18
96442,3,3
96444,7,7
30908,1,1
30911,12,12
63682,17,17
30916,17,18
63690,17,18
63700,20,20
30932,25,25
63706,17,17
63718,17,16
30953,3,3
30954,2,2
63732,1,1
63734,2,2
63741,1,0
63745,17,17
63757,25,25
63759,1,1
63781,21,20
96551,5,5
31016,1,1
31021,1,1
63796,28,28
63797,9,9
96573,41,41
96590,27,27
63823,28,28
31058,1,1
63827,4,4
63832,43,43
63833,23,21
31065,5,5
31074,66,66
63848,18,19
31085,25,25
63856,22,31
63857,23,23
129395,78,78
129396,130,130
31096,1,1
31097,1,1
31105,25,25
63874,4,4
31110,13,0
63885,23,23
31121,31,31
31125,8,8
31126,8,8
31128,25,25
63900,39,39
31136,5,5
129452,35,35
96692,3,3
63927,19,19
63930,18,19
129474,2,2
31178,1,1
31181,5,5
63950,1,1
63953,18,18
31185,45,45
31186,19,19
63958,22,22
31193,21,21
31194,28,28
129497,1,1
129498,1,1
129501,7,7
63967,1,3
63969,26,26
31203,10,10
63972,1,4
63973,1,9
129516,2,2
31212,1,1
63982,38,38
31226,18,18
64013,1,1
31248,2,2
96787,1,1
64023,1,1
64027,66,29
31259,12,12
31261,1,0
64035,4,4
64037,26,26
31270,9,3
31274,12,12
31283,0,3
64052,37,37
96824,2,2
64060,6,6
64061,15,15
96839,45,45
64072,3,3
31305,2,2
64088,17,18
31320,12,12
64095,6,6
64097,9,9
64104,20,20
129641,7,7
31338,5,5
64110,3,1
64114,3,3
96882,14,14
31348,8,8
64117,20,20
96885,3,3
64122,64,64
64130,18,18
64135,44,33
31371,45,45
31378,1,1
31393,4,4
31394,44,44
129697,0,1
129698,2,0
64169,2,2
64170,22,24
96938,14,18
64172,23,22
31404,12,12
64174,16,16
96942,1,1
129717,36,36
31416,21,17
31417,18,22
31419,23,37
31424,15,15
31425,11,12
64197,1,1
96968,45,45
96981,17,17
129750,2,1
64215,8,8
31445,2,2
64219,39,39
31456,12,12
31463,1,1
31464,1,0
31465,2,2
64241,2,2
64243,9,9
31476,12,12
97011,1,1
31486,1,1
129792,2,5
31492,12,12
31495,5,2
31498,2,2
64267,25,25
31503,5,5
64272,38,38
31506,3,3
64275,29,33
64279,0,1
64284,5,5
31518,12,12
97059,7,7
64291,2,2
64299,34,34
64303,9,9
31550,1,1
31555,5,5
31564,1,1
31567,12,12
64342,1,1
31577,26,26
31578,9,9
31581,9,9
64350,39,39
31584,3,3
97137,2,2
31602,1,1
31603,1,1
31606,45,45
97143,3,3
64377,2,2
64380,9,9
64381,18,18
64383,9,9
64387,9,9
31619,0,1
64392,13,13
31625,1,1
129933,7,7
64410,19,19
31645,1,1
31649,4,4
31651,2,2
64420,35,28
64426,2,2
64427,2,2
64436,2,2
31672,23,23
64442,2,2
64443,2,2
64448,3,3
64452,2,0
64453,6,6
64454,6,6
129992,2,2
64458,1,1
31692,5,5
64461,6,6
64462,1,1
64463,0,2
31698,13,12
64469,53,53
64472,19,19
31706,4,4
31713,5,5
64488,15,15
31727,1,1
64504,8,8
64508,5,5
31740,1,1
31745,7,7
31746,6,6
64519,6,6
130056,5,5
31761,22,22
31769,46,46
31773,6,6
64542,39,39
31776,7,7
31777,12,12
130086,9,9
64554,5,6
97322,1,1
31794,14,14
31796,2,2
31798,38,38
64571,9,14
31809,5,5
97350,6,6
31816,38,38
31817,49,53
31818,101,101
64587,50,50
31819,48,48
64589,3,3
64591,9,9
31824,6,6
64596,50,50
64601,7,7
64605,55,55
31840,2,2
64610,17,17
31844,22,22
130149,35,35
31847,5,5
130153,7,7
64622,16,16
31859,53,54
64630,48,48
97400,15,15
64635,9,9
31875,1,1
64645,54,54
64648,6,6
64650,60,60
64653,48,48
130190,4,4
64655,3,3
97423,1,1
64660,9,8
31893,4,4
31894,4,4
31892,1,1
64663,1,1
64665,13,13
97435,3,3
64670,51,49
31909,6,6
31913,5,5
31916,1,1
64687,2,2
64692,10,10
31936,18,18
31938,22,22
64707,0,1
64709,3,3
64710,3,3
64717,4,4
64720,5,5
64723,12,12
31956,22,23
64728,17,17
31966,7,7
130273,7,7
64739,15,15
64740,15,15
31973,1,1
64751,56,55
97522,1,1
64757,64,64
64758,25,25
64759,3,3
130298,2,2
31997,1,1
130302,6,6
64768,2,0
64771,38,38
64773,10,10
64778,6,6
32010,24,24
64779,7,7
64782,10,10
97550,2,2
64786,5,5
130327,1,1
64797,4,4
64801,22,22
32040,13,16
64811,1,1
32044,1,1
64812,1,1
64819,2,2
64827,33,33
32063,3,3
64832,1,1
97602,3,3
32068,2,2
32069,2,2
64841,15,15
32074,23,23
97611,17,17
32075,2,2
32077,2,2
32073,1,1
64851,8,8
32086,14,14
64856,7,7
64861,5,5
97630,4,4
32094,2,0
130406,1,1
32108,1,1
97646,1,1
64886,1,1
130426,9,9
32123,2,2
64894,3,3
32129,7,7
64902,3,5
64904,5,5
32137,2,2
97675,1,1
32141,22,22
64910,1,1
64915,5,0
32149,3,3
32153,16,18
97698,68,72
64937,5,5
32175,3,3
64945,2,2
32180,10,10
64949,5,5
97719,8,8
64954,3,3
64958,2,2
130500,2,2
64965,1,1
32200,6,6
97738,22,22
32207,3,3
32210,55,55
97746,16,16
64985,18,18
64986,18,18
32221,1,1
130529,56,56
64995,3,3
130532,4,4
32227,1,1
32231,11,11
65001,3,3
32236,1,1
32240,18,18
65008,3,3
32241,1,1
65015,10,10
130553,1,1
65019,2,2
32254,1,1
65028,7,7
32262,6,6
32263,1,1
65033,1,1
32266,23,23
32277,1,1
32281,7,7
65049,8,8
65053,2,2
32286,1,1
65059,7,7
32297,0,1
97837,3,3
32302,6,6
97841,2,2
65075,2,2
32308,18,2
130616,7,7
65084,10,7
32318,10,10
32319,1,1
65087,1,1
65090,1,1
32324,61,61
32328,2,2
130635,4,4
130636,4,4
32331,10,10
32334,9,9
65104,8,8
65115,2,2
32350,2,1
32358,3,3
32362,3,3
32366,10,11
32368,19,19
32371,1,1
65140,5,5
97913,51,51
32378,1,1
65147,4,4
32386,4,4
97925,16,16
32396,45,45
65168,1,1
130706,2,2
65170,18,18
32404,21,21
65173,6,6
65174,6,6
65171,7,7
65172,7,7
32406,1,1
32412,2,2
97952,3,1
65188,1,1
32428,4,4
97968,3,3
65202,40,40
32438,17,17
65211,19,43
32446,10,10
65219,16,16
65228,15,15
32463,1,1
65234,7,7
32467,7,7
32470,2,2
65248,14,14
32480,2,2
32481,2,2
65252,9,9
32489,7,7
98030,15,15
65263,3,6
32494,24,23
32497,8,8
65268,18,18
32502,1,1
65271,14,17
65274,28,29
98045,5,5
65281,71,58
32517,5,5
65286,21,21
32525,3,3
65294,4,4
32529,1,0
65301,15,15
32534,101,101
32535,5,5
32537,27,26
65307,43,43
32540,23,23
98077,8,7
65310,13,13
32543,2,2
65314,26,26
65316,41,41
65319,28,28
32556,14,14
32557,14,14
32560,1,1
32561,7,7
32565,18,18
32566,16,16
65337,0,1
65338,4,4
32571,2,2
65348,1,1
130886,0,1
65352,28,28
130888,1,1
32587,167,167
65356,13,13
98129,52,53
65364,13,13
130903,1,1
65376,19,19
98146,27,27
32610,1,1
65382,9,11
32618,82,82
65387,11,11
32620,21,21
32625,23,23
65394,29,29
32628,5,5
65397,11,11
65399,3,3
65407,6,6
65410,10,10
32644,21,21
65415,6,6
32652,0,2
65423,15,15
32656,2,2
65431,13,13
32664,21,21
130971,73,73
65435,1,1
65443,77,78
65446,45,45
65450,45,45
65453,12,12
65457,33,33
65461,22,19
65462,7,7
131000,9,9
65470,53,53
65473,4,5
65479,42,42
65498,19,19
32733,3,3
65501,28,28
65502,28,28
32740,29,29
65509,10,10
65517,14,14
65519,43,43
32751,2,2
65522,27,27
32754,1,2
32756,2,2
65529,60,60
32762,5,4
131069,56,56
65534,19,19
