dataset_record_id,tweet_id,system,model,model_version_or_revision,generated_translation,generation_status,generation_timestamp,run_id,input_sha256,record_input_sha256,output_sha256,attempted,runtime_seconds,error_code,metadata_json
record:003712eeeaf4e0ac0acb572a2f47c98f64d4977230e6b2fef776e20a964e53d4,850191645064560640,indictrans2,ai4bharat/indictrans2-indic-en-1B,ai4bharat/indictrans2-indic-en-1B,"Traffic Alert In the carriageway from Nizamuddin to Mayur Vihar, work is underway on the elevated road at Barapullah which is 1 / 2 from Sarai Kale Khan.",SUCCESS,2026-09-12T15:35:29.548093+00:00,20260912_blind_v5,8d8f5fcab9e03c6a1dfc90d5a2bfc7a3f92959df7f202b8e9bd65a169f2d9337,ed2d35a24398bc6a04242f91498d197fb9cbccbb96d91808b30898d165b94907,2dd057b28dbd85dbfc8a56b7bdf4f3e4b915568ecfd04af6aa0defb1b3fc2bad,True,27.342194,,"{""actual_model"":""ai4bharat/indictrans2-indic-en-1B"",""decoding"":""beam search, no sampling; reproducibility limited to pinned environment/hardware"",""device"":""cpu"",""revision"":""ac3daf0ecd37be3b6957764a9179ab2b07fa9d6a"",""seed"":20260912,""torch_version"":""2.14.0+cpu""}"
record:0037cfef513b8b1d6236a619600f9491b4844e66c31ce53e7806d0db8ea2b6e6,974924644963663873,indictrans2,ai4bharat/indictrans2-indic-en-1B,ai4bharat/indictrans2-indic-en-1B,"Traffic Alert Due to Bar Council of Delhi elections, Sher Shah Suri Marg has been closed, please avoid using Bhairon Marg, Mathura Road and Subramania Bharati Marg.",SUCCESS,2026-09-12T15:35:56.898991+00:00,20260912_blind_v5,8d8f5fcab9e03c6a1dfc90d5a2bfc7a3f92959df7f202b8e9bd65a169f2d9337,40e4a7c780469389f458e9b3bcd7b071df01d13814979a62da25d6bdc2c369da,e0ba7f7220fd403d987770faa98118337eb5b693f9b78d60f84a939afcb33214,True,10.278417,,"{""actual_model"":""ai4bharat/indictrans2-indic-en-1B"",""decoding"":""beam search, no sampling; reproducibility limited to pinned environment/hardware"",""device"":""cpu"",""revision"":""ac3daf0ecd37be3b6957764a9179ab2b07fa9d6a"",""seed"":20260912,""torch_version"":""2.14.0+cpu""}"
record:008cce2313de31d6f12c13ea168dbb8c8d19eaf42cc591bead300050bd840d4b,856808492279234562,indictrans2,ai4bharat/indictrans2-indic-en-1B,ai4bharat/indictrans2-indic-en-1B,"Traffic Alert A DTC bus has broken down on the Dharampura Flyover towards Seelampur, disrupting traffic.",SUCCESS,2026-09-12T15:36:07.176418+00:00,20260912_blind_v5,8d8f5fcab9e03c6a1dfc90d5a2bfc7a3f92959df7f202b8e9bd65a169f2d9337,1e396b241da029143f221cd74bfde4f8ca82d8d37327f8e1b6eff7951df3bf08,aa54fe906317412d1c7ade2ea808c3a34c19a3f92fd55db837141baa8ac07c9e,True,7.334234,,"{""actual_model"":""ai4bharat/indictrans2-indic-en-1B"",""decoding"":""beam search, no sampling; reproducibility limited to pinned environment/hardware"",""device"":""cpu"",""revision"":""ac3daf0ecd37be3b6957764a9179ab2b07fa9d6a"",""seed"":20260912,""torch_version"":""2.14.0+cpu""}"
record:009f3c4b06cb02a6cbbcccf665c464d3019f5d86ae82b22ba6ae6dbd197fad43,603213557346492417,indictrans2,ai4bharat/indictrans2-indic-en-1B,ai4bharat/indictrans2-indic-en-1B,Traffic Alert A DTC bus no. DL1PC 0422 Kh\ u093C has been stuck at Loha Mandi red light which will be removed soon. Sorry for the inconvenience.,SUCCESS,2026-09-12T15:36:14.511817+00:00,20260912_blind_v5,8d8f5fcab9e03c6a1dfc90d5a2bfc7a3f92959df7f202b8e9bd65a169f2d9337,bdb4513743d94b6895a516cf3bc3d102e2dfbc6c611091cfdc6ae1383adf1a7d,b7933cb6892b5460ece23bc3b4db02a98a1d5bfb8c0d7340ea1c5f0ff9b8ff41,True,43.835935,,"{""actual_model"":""ai4bharat/indictrans2-indic-en-1B"",""decoding"":""beam search, no sampling; reproducibility limited to pinned environment/hardware"",""device"":""cpu"",""revision"":""ac3daf0ecd37be3b6957764a9179ab2b07fa9d6a"",""seed"":20260912,""torch_version"":""2.14.0+cpu""}"
record:00a14b5a4b645d36f40752e6fd06487a1f6cf5da789b8733b3caa204a0f41d30,1034288796135710722,indictrans2,ai4bharat/indictrans2-indic-en-1B,ai4bharat/indictrans2-indic-en-1B,Traffic Alert Traffic is affected due to waterlogging near Satyabhama Hospital on Nangloi Najafgarh Road!,SUCCESS,2026-09-12T15:36:58.344836+00:00,20260912_blind_v5,8d8f5fcab9e03c6a1dfc90d5a2bfc7a3f92959df7f202b8e9bd65a169f2d9337,3517ce0bb5b6ee15d2d2a26c63f1f0ae5cc5873616a16756cff8fdd8c6f86ab5,9f4586aa8a09c01d1ca6d70d82016b9b33921c88a8e6da700e54ad94df68f515,True,36.869886,,"{""actual_model"":""ai4bharat/indictrans2-indic-en-1B"",""decoding"":""beam search, no sampling; reproducibility limited to pinned environment/hardware"",""device"":""cpu"",""revision"":""ac3daf0ecd37be3b6957764a9179ab2b07fa9d6a"",""seed"":20260912,""torch_version"":""2.14.0+cpu""}"
record:01171e96f8b011732b64baffa12845aeba3410e2f9262e4412893bbf601759f2,912642447083134977,indictrans2,ai4bharat/indictrans2-indic-en-1B,ai4bharat/indictrans2-indic-en-1B,Traffic Alert The route from CR Park to GK-2 is high traffic due to Durga Puja. Please avoid using this route.,SUCCESS,2026-09-12T15:37:35.218575+00:00,20260912_blind_v5,8d8f5fcab9e03c6a1dfc90d5a2bfc7a3f92959df7f202b8e9bd65a169f2d9337,d5e6c613d9f637d179c514213832a52154d22745aa24858a5bf9a223d56fffcf,0c3c32ad2653c701eb9fe987b7e7550edba6eadd38d5d4589979191c9afe2890,True,32.518537,,"{""actual_model"":""ai4bharat/indictrans2-indic-en-1B"",""decoding"":""beam search, no sampling; reproducibility limited to pinned environment/hardware"",""device"":""cpu"",""revision"":""ac3daf0ecd37be3b6957764a9179ab2b07fa9d6a"",""seed"":20260912,""torch_version"":""2.14.0+cpu""}"
record:014e210f271c9832417fd9d7b9e1459940c2280559cd9c10c2b490f78175df5b,1098445625295663104,indictrans2,ai4bharat/indictrans2-indic-en-1B,ai4bharat/indictrans2-indic-en-1B,Traffic Alert Rajpura Boulevard Road has been made one way from Asaf Ali Hospital to Tis Hazari (09:00 to 12:00 hrs).,SUCCESS,2026-09-12T15:38:07.735507+00:00,20260912_blind_v5,8d8f5fcab9e03c6a1dfc90d5a2bfc7a3f92959df7f202b8e9bd65a169f2d9337,d79a3a0aadcfa232d9272ba9a2960974ef1644392b2632e425825ba2e5870e25,9ec1486dc08307b98adc9ac9add5421c3475259626fc2298581156cd0627cdf1,True,10.715156,,"{""actual_model"":""ai4bharat/indictrans2-indic-en-1B"",""decoding"":""beam search, no sampling; reproducibility limited to pinned environment/hardware"",""device"":""cpu"",""revision"":""ac3daf0ecd37be3b6957764a9179ab2b07fa9d6a"",""seed"":20260912,""torch_version"":""2.14.0+cpu""}"
record:016c7be173e295ea00e1f29572d51ed4f98282b3be8fa4f436f7cf531647a6d3,933193259106516997,indictrans2,ai4bharat/indictrans2-indic-en-1B,ai4bharat/indictrans2-indic-en-1B,"Traffic Alert Traffic is moving in one carriageway at Azad Market Chowk due to Rani Jhansi Bridge construction work! Traffic will be disrupted at Azad Market, Sadar Bazar, Barf Khana, Pul Bangash, Roshanara Road, Tis Hazari and ISBT.",SUCCESS,2026-09-12T15:38:18.451556+00:00,20260912_blind_v5,8d8f5fcab9e03c6a1dfc90d5a2bfc7a3f92959df7f202b8e9bd65a169f2d9337,8fd7d560bd36d2903255b400629ba7876076a92e72b9b0c2b6b025d62323078b,c2aacf0e8eb4242122675677ef1fd8eb34347602d28dcfccaa49262d5269131e,True,33.33483,,"{""actual_model"":""ai4bharat/indictrans2-indic-en-1B"",""decoding"":""beam search, no sampling; reproducibility limited to pinned environment/hardware"",""device"":""cpu"",""revision"":""ac3daf0ecd37be3b6957764a9179ab2b07fa9d6a"",""seed"":20260912,""torch_version"":""2.14.0+cpu""}"
record:01ba32715b986a5e8d20e1a6feb1516297f8f3095485a2d6eca68dd43a81988e,1078866338800693249,indictrans2,ai4bharat/indictrans2-indic-en-1B,ai4bharat/indictrans2-indic-en-1B,"Traffic Alert A truck going from Ashram to Badarpur has broken the CRRI red light and climbed over the divider, due to which traffic is disrupted.",SUCCESS,2026-09-12T15:38:51.786099+00:00,20260912_blind_v5,8d8f5fcab9e03c6a1dfc90d5a2bfc7a3f92959df7f202b8e9bd65a169f2d9337,cd7f6f22c5233f00d4e8df537ff9a3bbbcada800617f6fde27863c0c5d2e61fe,d45f2fc1b6c249611a04bfe8c907d1aa59d0ee43f0656e59799b3d6e8a38bcf2,True,24.768957,,"{""actual_model"":""ai4bharat/indictrans2-indic-en-1B"",""decoding"":""beam search, no sampling; reproducibility limited to pinned environment/hardware"",""device"":""cpu"",""revision"":""ac3daf0ecd37be3b6957764a9179ab2b07fa9d6a"",""seed"":20260912,""torch_version"":""2.14.0+cpu""}"
record:01d0d7212414c72d029ce2c8635690eb00c2dd7e9783eee76efc2515c4e31adb,1038744495427223552,indictrans2,ai4bharat/indictrans2-indic-en-1B,ai4bharat/indictrans2-indic-en-1B,Traffic Alert R / A Pusa Road towards Moti Nagar Traffic is affected due to a deep gorge on the road pic.twitter.com/mem7dStIFy,SUCCESS,2026-09-12T15:39:16.543929+00:00,20260912_blind_v5,8d8f5fcab9e03c6a1dfc90d5a2bfc7a3f92959df7f202b8e9bd65a169f2d9337,9721d217b0845b2ec4fd61bc6f1f4b37a1f33449c2e79a4e37e4d3feab6b9558,d32b309a47430953f8e0b6084b161776188611a8904a9f93ad4614a4eed35f6b,True,19.929134,,"{""actual_model"":""ai4bharat/indictrans2-indic-en-1B"",""decoding"":""beam search, no sampling; reproducibility limited to pinned environment/hardware"",""device"":""cpu"",""revision"":""ac3daf0ecd37be3b6957764a9179ab2b07fa9d6a"",""seed"":20260912,""torch_version"":""2.14.0+cpu""}"
record:0234568c6ce1663dda23ac25b090bae893cb884083f6dbd149c7e01034073c99,621241334414864384,indictrans2,ai4bharat/indictrans2-indic-en-1B,ai4bharat/indictrans2-indic-en-1B,"Traffic Alert PWD is reducing drain on Wazirabad to Timarpur Road\ u093C, please avoid using this route. Sorry for the inconvenience.",SUCCESS,2026-09-12T15:39:36.481561+00:00,20260912_blind_v5,8d8f5fcab9e03c6a1dfc90d5a2bfc7a3f92959df7f202b8e9bd65a169f2d9337,0519d8144e311aa9c0dae3ec918fd21418b7eaedd2a7a7bdfec8e139327fb040,8d46b172b08f027b63a71d0b4fd972283eab8628896f8a87cc333a32516a39a0,True,24.380106,,"{""actual_model"":""ai4bharat/indictrans2-indic-en-1B"",""decoding"":""beam search, no sampling; reproducibility limited to pinned environment/hardware"",""device"":""cpu"",""revision"":""ac3daf0ecd37be3b6957764a9179ab2b07fa9d6a"",""seed"":20260912,""torch_version"":""2.14.0+cpu""}"
record:02f6a69f3714c2ec41b69b760691e1d937446bd26a14077a00b2fb97daa5bce7,634055024218349568,indictrans2,ai4bharat/indictrans2-indic-en-1B,ai4bharat/indictrans2-indic-en-1B,Traffic Alert Traffic on Rani Jhansi Road is normal now.,SUCCESS,2026-09-12T15:40:00.865075+00:00,20260912_blind_v5,8d8f5fcab9e03c6a1dfc90d5a2bfc7a3f92959df7f202b8e9bd65a169f2d9337,d5dfece38517f41633a7708125f5f7d53038c61a79ec8958a48a9b2719cd7414,a5b4136bd0351a5835343c1063a9e710b51590b2d3066daf0c8cd9747f186b04,True,12.27268,,"{""actual_model"":""ai4bharat/indictrans2-indic-en-1B"",""decoding"":""beam search, no sampling; reproducibility limited to pinned environment/hardware"",""device"":""cpu"",""revision"":""ac3daf0ecd37be3b6957764a9179ab2b07fa9d6a"",""seed"":20260912,""torch_version"":""2.14.0+cpu""}"
record:036d26903d2857c224ed35eb270587542cf316c2f829c743c5486c7966669d71,995890159148187648,indictrans2,ai4bharat/indictrans2-indic-en-1B,ai4bharat/indictrans2-indic-en-1B,"Traffic Alert A tree is about to fall on the road leading to India Gate from Copernicus Marg, due to which traffic movement on the road has been closed.",SUCCESS,2026-09-12T15:40:13.139203+00:00,20260912_blind_v5,8d8f5fcab9e03c6a1dfc90d5a2bfc7a3f92959df7f202b8e9bd65a169f2d9337,e06646908cd23cc4ebcb7e09d1c14e4a49a2fcc417e2f88a137b616292e397cf,d401019cb623e7f636135ee8dcbb1c32e7cc4ef7fc384750b92b1fa873749453,True,12.498695,,"{""actual_model"":""ai4bharat/indictrans2-indic-en-1B"",""decoding"":""beam search, no sampling; reproducibility limited to pinned environment/hardware"",""device"":""cpu"",""revision"":""ac3daf0ecd37be3b6957764a9179ab2b07fa9d6a"",""seed"":20260912,""torch_version"":""2.14.0+cpu""}"
record:03c4544c9af1bb2ac907e3428853af688f6ca353ee23e410bec18ff1eb425591,1048051847926181889,indictrans2,ai4bharat/indictrans2-indic-en-1B,ai4bharat/indictrans2-indic-en-1B,Traffic Alert Bhagwan Das Road to W-Point Mathura Road Pragati Maidan Gate No. 8 in front of DJB's pipeline has burst.,SUCCESS,2026-09-12T15:40:25.638635+00:00,20260912_blind_v5,8d8f5fcab9e03c6a1dfc90d5a2bfc7a3f92959df7f202b8e9bd65a169f2d9337,d380c40383e8def2a61ba5d797f7214c2fc369cb838c38ddfbae1432e720e092,29a86f5b66a78bf31f459b96b948f86b1842a1d3c9e762e31a3a3c4fde374fc2,True,10.994476,,"{""actual_model"":""ai4bharat/indictrans2-indic-en-1B"",""decoding"":""beam search, no sampling; reproducibility limited to pinned environment/hardware"",""device"":""cpu"",""revision"":""ac3daf0ecd37be3b6957764a9179ab2b07fa9d6a"",""seed"":20260912,""torch_version"":""2.14.0+cpu""}"
record:03cdcabe605526e9940472d4294e269cc22ed288cd88eda176113752db0fb010,536128531601051648,indictrans2,ai4bharat/indictrans2-indic-en-1B,ai4bharat/indictrans2-indic-en-1B,"Traffic Alert Due to celebrations at SD Public School, traffic on Rama Road will be heavy from 6 am to 11 am, sorry for the inconvenience.",SUCCESS,2026-09-12T15:40:36.632141+00:00,20260912_blind_v5,8d8f5fcab9e03c6a1dfc90d5a2bfc7a3f92959df7f202b8e9bd65a169f2d9337,a526240de58e6eea7ba719618adfcca72e6bc8f992f2fde00e42527f44f7624a,e3aaa9a071d7426a38224bd5f94d44965926962b4c8794ee536d78bd5e3e913c,True,105.100872,,"{""actual_model"":""ai4bharat/indictrans2-indic-en-1B"",""decoding"":""beam search, no sampling; reproducibility limited to pinned environment/hardware"",""device"":""cpu"",""revision"":""ac3daf0ecd37be3b6957764a9179ab2b07fa9d6a"",""seed"":20260912,""torch_version"":""2.14.0+cpu""}"
record:040d055c5573b4252b30b8ea60de43d31f81e79213c16228b27fa29fda9e4af9,1100647791880110080,indictrans2,ai4bharat/indictrans2-indic-en-1B,ai4bharat/indictrans2-indic-en-1B,Traffic Alert All India Youth Federation's procession which started from Mandi House has reached Jantar Mantar. Traffic is normal now.,SUCCESS,2026-09-12T15:42:21.734281+00:00,20260912_blind_v5,8d8f5fcab9e03c6a1dfc90d5a2bfc7a3f92959df7f202b8e9bd65a169f2d9337,ae7b4323692f4c2d52d16669deadb887ccf796f02374b2392078b064dc43d77f,ceb8b3feed96b83f83727241f6b2943fb9a710699dc1b68067708b240fc9ddc3,True,8.967138,,"{""actual_model"":""ai4bharat/indictrans2-indic-en-1B"",""decoding"":""beam search, no sampling; reproducibility limited to pinned environment/hardware"",""device"":""cpu"",""revision"":""ac3daf0ecd37be3b6957764a9179ab2b07fa9d6a"",""seed"":20260912,""torch_version"":""2.14.0+cpu""}"
record:0413e9a4c0cf7592e18ee298db28dc47b2bc04c77c44f6ca14dbf272ca30a9dc,548787346703802369,indictrans2,ai4bharat/indictrans2-indic-en-1B,ai4bharat/indictrans2-indic-en-1B,"Traffic Alert Due to Metro work, there will be more traffic from Shyamlal College to Bihari Colony (Road No. 57), sorry for the inconvenience.",SUCCESS,2026-09-12T15:42:30.701299+00:00,20260912_blind_v5,8d8f5fcab9e03c6a1dfc90d5a2bfc7a3f92959df7f202b8e9bd65a169f2d9337,e64421d0db90f7abb2334838d9d41ccb9802a49f68365111ff1dd2e932f75576,3b0762fcc70b522f9720b88d97a8f100eaa5bd88045b46f8c65e8691cfb25ba0,True,7.459422,,"{""actual_model"":""ai4bharat/indictrans2-indic-en-1B"",""decoding"":""beam search, no sampling; reproducibility limited to pinned environment/hardware"",""device"":""cpu"",""revision"":""ac3daf0ecd37be3b6957764a9179ab2b07fa9d6a"",""seed"":20260912,""torch_version"":""2.14.0+cpu""}"
record:0470f9069ba574a17cf80e575330eef53a21478b82f6460e231c59e3d60341fe,1034284847991152640,indictrans2,ai4bharat/indictrans2-indic-en-1B,ai4bharat/indictrans2-indic-en-1B,Traffic Alert R / A Traffic is affected due to waterlogging on the route from Dr Rajendra Prasad Road towards Windsor Place!,SUCCESS,2026-09-12T15:42:38.161182+00:00,20260912_blind_v5,8d8f5fcab9e03c6a1dfc90d5a2bfc7a3f92959df7f202b8e9bd65a169f2d9337,4f49c9c3ae016e7f21e3e8f6f2250b40dad8789d85ab809d903faa2b3d7d6379,5de79f8552a1088e1c07f813da57addd27108b19a0994f7e29fe78a79d8bb4b3,True,9.097154,,"{""actual_model"":""ai4bharat/indictrans2-indic-en-1B"",""decoding"":""beam search, no sampling; reproducibility limited to pinned environment/hardware"",""device"":""cpu"",""revision"":""ac3daf0ecd37be3b6957764a9179ab2b07fa9d6a"",""seed"":20260912,""torch_version"":""2.14.0+cpu""}"
record:04dcc41c5b5504bcbf6a1c20d842ffd4b549e983b6c87c87825ce153d432a9d5,953887088369283072,indictrans2,ai4bharat/indictrans2-indic-en-1B,ai4bharat/indictrans2-indic-en-1B,"Traffic Alert BSF Contingent is coming out on Gurugram Road from Dhaula Kuan, due to which there is more traffic.",SUCCESS,2026-09-12T15:42:47.250560+00:00,20260912_blind_v5,8d8f5fcab9e03c6a1dfc90d5a2bfc7a3f92959df7f202b8e9bd65a169f2d9337,094f8c22be327f7e2fe4d012cd9cd234eb62a9cdab09ed642d98eb1d5c9b6651,54f6bb98087b1122f8b042a1cca073e61a4e64e85dc647de3e10057760742058,True,39.252119,,"{""actual_model"":""ai4bharat/indictrans2-indic-en-1B"",""decoding"":""beam search, no sampling; reproducibility limited to pinned environment/hardware"",""device"":""cpu"",""revision"":""ac3daf0ecd37be3b6957764a9179ab2b07fa9d6a"",""seed"":20260912,""torch_version"":""2.14.0+cpu""}"
record:04ef9c5af384ee8aa19280fd79dcf7bcdc6ac95f3fe1aeb1015dc7d0518f202a,878463358973820929,indictrans2,ai4bharat/indictrans2-indic-en-1B,ai4bharat/indictrans2-indic-en-1B,"Traffic Alert is working to lay a pipeline with PWD at the Loni roundabout, due to which traffic is heavy here.",SUCCESS,2026-09-12T15:43:26.505947+00:00,20260912_blind_v5,8d8f5fcab9e03c6a1dfc90d5a2bfc7a3f92959df7f202b8e9bd65a169f2d9337,8b7a1a2df88f707e2dd202631bce2f8d66690e879c4c7a712875edc994df78ac,a039737be907cb4a58931b82ea920682508b317a19e7ce714ac60b03c4ff20b9,True,20.405589,,"{""actual_model"":""ai4bharat/indictrans2-indic-en-1B"",""decoding"":""beam search, no sampling; reproducibility limited to pinned environment/hardware"",""device"":""cpu"",""revision"":""ac3daf0ecd37be3b6957764a9179ab2b07fa9d6a"",""seed"":20260912,""torch_version"":""2.14.0+cpu""}"
record:0522079a7a0a87ee535420a6479574043688d2a4f7fa18ea6071bebdcb9a9803,591901089814814720,indictrans2,ai4bharat/indictrans2-indic-en-1B,ai4bharat/indictrans2-indic-en-1B,"Traffic Alert J.J. Colony residents have blocked traffic on Narela to Bawana road, sorry for the inconvenience.",SUCCESS,2026-09-12T15:43:46.913983+00:00,20260912_blind_v5,8d8f5fcab9e03c6a1dfc90d5a2bfc7a3f92959df7f202b8e9bd65a169f2d9337,e0e8ca02288eee1fbc52733323739e893cad42f9db38df5c87eae984eca7bd6b,e5ba056d269246bf72a0ab412989835687b3fc67fa03ecd380c767aedb46a4e3,True,18.033111,,"{""actual_model"":""ai4bharat/indictrans2-indic-en-1B"",""decoding"":""beam search, no sampling; reproducibility limited to pinned environment/hardware"",""device"":""cpu"",""revision"":""ac3daf0ecd37be3b6957764a9179ab2b07fa9d6a"",""seed"":20260912,""torch_version"":""2.14.0+cpu""}"
record:05296071fa67983f5590d8c7c8da50cd67d25ba2ed17646b710545f64cc39b0f,1022703284400807936,indictrans2,ai4bharat/indictrans2-indic-en-1B,ai4bharat/indictrans2-indic-en-1B,Traffic Alert Traffic is affected due to waterlogging near Okhla Mandi please avoid using this route.,SUCCESS,2026-09-12T15:44:04.950047+00:00,20260912_blind_v5,8d8f5fcab9e03c6a1dfc90d5a2bfc7a3f92959df7f202b8e9bd65a169f2d9337,8b474d0a0933d1fff94d09374a2be43cccc02f0c911f3bbb3b9e878168375175,28eb97b0c5195325378956dd979a9b4dff7bc9909ca1aa880d0dfa6fee9f9891,True,15.007982,,"{""actual_model"":""ai4bharat/indictrans2-indic-en-1B"",""decoding"":""beam search, no sampling; reproducibility limited to pinned environment/hardware"",""device"":""cpu"",""revision"":""ac3daf0ecd37be3b6957764a9179ab2b07fa9d6a"",""seed"":20260912,""torch_version"":""2.14.0+cpu""}"
record:05343dfa1bbaebffbead5f45e82f2dc0fd9a0c303f4d8fe4dc3e496f7a28a6fb,1056105892255547392,indictrans2,ai4bharat/indictrans2-indic-en-1B,ai4bharat/indictrans2-indic-en-1B,"Traffic Alert A truck has broken down on the Sarai Kale Khan flyover en route from Maharani Bagh to ITO and a container has broken down near Sarai Kale Khan. Traffic is heavy |नॉएडा, use DND to go to Ghaziabad or use Mathura Road.",SUCCESS,2026-09-12T15:44:19.946386+00:00,20260912_blind_v5,8d8f5fcab9e03c6a1dfc90d5a2bfc7a3f92959df7f202b8e9bd65a169f2d9337,fe9a3e0f4f62def428a919d0b891de4419ab2a0c9090a7425d5a522657a504ac,580a555711c4330dddd426fa6e677859c49868d078bcf728dc8619886319cce0,True,26.722373,,"{""actual_model"":""ai4bharat/indictrans2-indic-en-1B"",""decoding"":""beam search, no sampling; reproducibility limited to pinned environment/hardware"",""device"":""cpu"",""revision"":""ac3daf0ecd37be3b6957764a9179ab2b07fa9d6a"",""seed"":20260912,""torch_version"":""2.14.0+cpu""}"
record:05885681e260b47b9d185ced9624fc8fb9540177544e35fd99ac0e41f798bd8f,619836374477336576,indictrans2,ai4bharat/indictrans2-indic-en-1B,ai4bharat/indictrans2-indic-en-1B,Traffic Alert Traffic on MB Road (Air Force Road) is affected due to waterlogging. Sorry for the inconvenience.,SUCCESS,2026-09-12T15:44:46.679012+00:00,20260912_blind_v5,8d8f5fcab9e03c6a1dfc90d5a2bfc7a3f92959df7f202b8e9bd65a169f2d9337,dee17dfe6fd7f84a201b93da93beaaef515e921265813e38eaf20af9fdfe566b,a5275802955a29e4b34ce68fa4f41829282c71c77b76f637199baf979e7fb680,True,6.0482,,"{""actual_model"":""ai4bharat/indictrans2-indic-en-1B"",""decoding"":""beam search, no sampling; reproducibility limited to pinned environment/hardware"",""device"":""cpu"",""revision"":""ac3daf0ecd37be3b6957764a9179ab2b07fa9d6a"",""seed"":20260912,""torch_version"":""2.14.0+cpu""}"
record:05c53039655fbf68bb1d52d853f7ddb1e872024368daa32d47c9c4ec1f803219,629690451868692480,indictrans2,ai4bharat/indictrans2-indic-en-1B,ai4bharat/indictrans2-indic-en-1B,Traffic Alert Traffic has been diverted from Adchini towards Vasant Vihar due to waterlogging at Adchini red light. Sorry for the inconvenience.,SUCCESS,2026-09-12T15:44:52.721630+00:00,20260912_blind_v5,8d8f5fcab9e03c6a1dfc90d5a2bfc7a3f92959df7f202b8e9bd65a169f2d9337,b8fd9e11ebd893be23f3946672a1f0ff620e61ececea4c381302bc085b6d195f,c07a23307f1911cfee641a6bb413a745ff9ffede4c46af1b12a504d12628f3d9,True,8.381363,,"{""actual_model"":""ai4bharat/indictrans2-indic-en-1B"",""decoding"":""beam search, no sampling; reproducibility limited to pinned environment/hardware"",""device"":""cpu"",""revision"":""ac3daf0ecd37be3b6957764a9179ab2b07fa9d6a"",""seed"":20260912,""torch_version"":""2.14.0+cpu""}"
record:05df792c5e1a982e5b436ce7ad13536a8a7a89efd35be2517ee980ae10fecd9f,821709779492081664,indictrans2,ai4bharat/indictrans2-indic-en-1B,ai4bharat/indictrans2-indic-en-1B,Traffic Alert Traffic is heavy on Moti Bagh to Rao Tularam road.,SUCCESS,2026-09-12T15:45:01.110140+00:00,20260912_blind_v5,8d8f5fcab9e03c6a1dfc90d5a2bfc7a3f92959df7f202b8e9bd65a169f2d9337,524c620907d9801b1330cfea4bf35d6a193aeac34aff882c93f63af8797b45f6,99bc6f0beded503b27f1c91b8a9c6ec164065239603b457e746d3d3189eb7577,True,7.612272,,"{""actual_model"":""ai4bharat/indictrans2-indic-en-1B"",""decoding"":""beam search, no sampling; reproducibility limited to pinned environment/hardware"",""device"":""cpu"",""revision"":""ac3daf0ecd37be3b6957764a9179ab2b07fa9d6a"",""seed"":20260912,""torch_version"":""2.14.0+cpu""}"
record:071b9cf8d3e09e11b8db9f1727d23334d97fe17e2dc24bb442b471d4d5525c71,616131716223225856,indictrans2,ai4bharat/indictrans2-indic-en-1B,ai4bharat/indictrans2-indic-en-1B,Traffic Alert Container Kh093C near Dhaula Kuan Flyover has been removed. Traffic is normal now.,SUCCESS,2026-09-12T15:45:08.723319+00:00,20260912_blind_v5,8d8f5fcab9e03c6a1dfc90d5a2bfc7a3f92959df7f202b8e9bd65a169f2d9337,fcdf6e6d6de2368c77ac960abf026d9743d6305ee85a4bbee165307f190afeb1,ac3a7231a396648764b2d98d8c7fe9ae6c4cc5a5b32297ed0e51d6a1c044cb6f,True,19.870481,,"{""actual_model"":""ai4bharat/indictrans2-indic-en-1B"",""decoding"":""beam search, no sampling; reproducibility limited to pinned environment/hardware"",""device"":""cpu"",""revision"":""ac3daf0ecd37be3b6957764a9179ab2b07fa9d6a"",""seed"":20260912,""torch_version"":""2.14.0+cpu""}"
record:0738a85d890c87c92e3471154f9bb18cd4c8a4c1915e71c639ef8f3ae2fe224c,1031393915981766656,indictrans2,ai4bharat/indictrans2-indic-en-1B,ai4bharat/indictrans2-indic-en-1B,"Traffic Alert: The cut leading to Dwarka Sector-21, Samalkha and NH-8 from Dwarka Link Road has been closed.",SUCCESS,2026-09-12T15:45:28.585652+00:00,20260912_blind_v5,8d8f5fcab9e03c6a1dfc90d5a2bfc7a3f92959df7f202b8e9bd65a169f2d9337,1da16269c1104a37d3232a33ecf044a71be5aceaf6c20988364c0d167113b6d8,5a02364cee81c50a34be3974176c9ba5dda8ef4b60efd43b0fc81d1c95d167c1,True,19.692646,,"{""actual_model"":""ai4bharat/indictrans2-indic-en-1B"",""decoding"":""beam search, no sampling; reproducibility limited to pinned environment/hardware"",""device"":""cpu"",""revision"":""ac3daf0ecd37be3b6957764a9179ab2b07fa9d6a"",""seed"":20260912,""torch_version"":""2.14.0+cpu""}"
record:0790a3ef456b26ae7b5ab3af09d40c4586a52cb6b75b8f381c14f86a640b547a,582879562201112576,indictrans2,ai4bharat/indictrans2-indic-en-1B,ai4bharat/indictrans2-indic-en-1B,Traffic Alert A fire has broken out at a kerosene warehouse in Gandhi Nagar Main Market.,SUCCESS,2026-09-12T15:45:48.284997+00:00,20260912_blind_v5,8d8f5fcab9e03c6a1dfc90d5a2bfc7a3f92959df7f202b8e9bd65a169f2d9337,d7c7be050199381b59edb647c0537ac193d953fa606a9ae4013778ab5bede7b0,f472145ccbef0410b41bec40f9e9c27142a84a381555852727f5b29960bd8d13,True,14.598351,,"{""actual_model"":""ai4bharat/indictrans2-indic-en-1B"",""decoding"":""beam search, no sampling; reproducibility limited to pinned environment/hardware"",""device"":""cpu"",""revision"":""ac3daf0ecd37be3b6957764a9179ab2b07fa9d6a"",""seed"":20260912,""torch_version"":""2.14.0+cpu""}"
record:0805c4df93687026c0d2d0cc3b7cb728e1179b9a1256429e743edf1e9a647204,604166199300214785,indictrans2,ai4bharat/indictrans2-indic-en-1B,ai4bharat/indictrans2-indic-en-1B,Traffic Alert Breakdown Container removed from Shanti Van Chowk.,SUCCESS,2026-09-12T15:46:02.873727+00:00,20260912_blind_v5,8d8f5fcab9e03c6a1dfc90d5a2bfc7a3f92959df7f202b8e9bd65a169f2d9337,972e8851302b878472956a51125f9c713060c6f327b5de202f421d738b1af5e4,54714ba0dbab4d750c08e7691ba3bee2c179e05f66920fdd3ea817c6389c1aa1,True,19.090882,,"{""actual_model"":""ai4bharat/indictrans2-indic-en-1B"",""decoding"":""beam search, no sampling; reproducibility limited to pinned environment/hardware"",""device"":""cpu"",""revision"":""ac3daf0ecd37be3b6957764a9179ab2b07fa9d6a"",""seed"":20260912,""torch_version"":""2.14.0+cpu""}"
record:0834fdea512fafcdf55d156e3cf3b53edfed37faa59253a63a133a203b475ac8,870502396211863555,indictrans2,ai4bharat/indictrans2-indic-en-1B,ai4bharat/indictrans2-indic-en-1B,Traffic Alert BSES officials are carrying out digging work on the Mother Dairy to Narwana Road side which is affecting traffic. Please avoid using this route.,SUCCESS,2026-09-12T15:46:21.973322+00:00,20260912_blind_v5,8d8f5fcab9e03c6a1dfc90d5a2bfc7a3f92959df7f202b8e9bd65a169f2d9337,07cce3eb9c91d1052d1ec0a2c76a8736f281e0bdd482a8fd2d039dcc5eb0301a,eb32c3a797b49bd9144b967ea6483a93098fdfc017b9b5e58bd0b67e3185e630,True,7.669102,,"{""actual_model"":""ai4bharat/indictrans2-indic-en-1B"",""decoding"":""beam search, no sampling; reproducibility limited to pinned environment/hardware"",""device"":""cpu"",""revision"":""ac3daf0ecd37be3b6957764a9179ab2b07fa9d6a"",""seed"":20260912,""torch_version"":""2.14.0+cpu""}"
record:08df4a1082f11a05799823f05178d3520a210610ff6bbf191791117c71d74adb,1078879051035463680,indictrans2,ai4bharat/indictrans2-indic-en-1B,ai4bharat/indictrans2-indic-en-1B,Traffic Alert The truck that had climbed the divider at the CRRI red light on its way from Ashram to Badarpur has been removed.,SUCCESS,2026-09-12T15:46:29.633418+00:00,20260912_blind_v5,8d8f5fcab9e03c6a1dfc90d5a2bfc7a3f92959df7f202b8e9bd65a169f2d9337,58d634842a18a125064767afa2b6c551b159132646a1238562a275ed959c20cc,d79038f1198a89a77a44b26cd395569cfd0813136921f8bdb9a70bd8e421f9e7,True,7.035374,,"{""actual_model"":""ai4bharat/indictrans2-indic-en-1B"",""decoding"":""beam search, no sampling; reproducibility limited to pinned environment/hardware"",""device"":""cpu"",""revision"":""ac3daf0ecd37be3b6957764a9179ab2b07fa9d6a"",""seed"":20260912,""torch_version"":""2.14.0+cpu""}"
record:09039291546e0ff0a2d6b522849525d1afab80f195046c5bb09a6af40f6a2dcf,597688272341626881,indictrans2,ai4bharat/indictrans2-indic-en-1B,ai4bharat/indictrans2-indic-en-1B,Traffic Alert SILP ROAD DWARKA SECTOR 6 NEAR TELEFF\ u093CONE NEAR EXCHANGE The Jal Board officials have dug a pit on the road.,SUCCESS,2026-09-12T15:46:36.683109+00:00,20260912_blind_v5,8d8f5fcab9e03c6a1dfc90d5a2bfc7a3f92959df7f202b8e9bd65a169f2d9337,8c00725f3800e285eb1141070a4bbb699f78ebf002ffc808125ff341c667b151,96782bba3b26edb5a18d862aad1e457d091448c78ac6b4352468bde3e83fc1d1,True,18.333097,,"{""actual_model"":""ai4bharat/indictrans2-indic-en-1B"",""decoding"":""beam search, no sampling; reproducibility limited to pinned environment/hardware"",""device"":""cpu"",""revision"":""ac3daf0ecd37be3b6957764a9179ab2b07fa9d6a"",""seed"":20260912,""torch_version"":""2.14.0+cpu""}"
record:0967f02b2f7677c6375c16c6faf08af168c51c227786c26383e3efbb2ab74a05,918329103152955392,indictrans2,ai4bharat/indictrans2-indic-en-1B,ai4bharat/indictrans2-indic-en-1B,"Traffic Alert Due to NHAI work, the Mayur Vihar Phase 2 underpass has been closed, due to which traffic will be high on Narwana Road.",SUCCESS,2026-09-12T15:46:55.011691+00:00,20260912_blind_v5,8d8f5fcab9e03c6a1dfc90d5a2bfc7a3f92959df7f202b8e9bd65a169f2d9337,349c1ea112d478bbe0a3af22f10f9f237f5d27222ac9c909acedf976c246f893,82629b8e9a8c1ad5bee6c2c646b06e602cf613f7ea04ea2509197099041e12e0,True,23.955284,,"{""actual_model"":""ai4bharat/indictrans2-indic-en-1B"",""decoding"":""beam search, no sampling; reproducibility limited to pinned environment/hardware"",""device"":""cpu"",""revision"":""ac3daf0ecd37be3b6957764a9179ab2b07fa9d6a"",""seed"":20260912,""torch_version"":""2.14.0+cpu""}"
record:099833ed67f590e7ff451ff977fc29d13b0a195a6891d9b7e121942a0b24b7c4,591963713801859072,indictrans2,ai4bharat/indictrans2-indic-en-1B,ai4bharat/indictrans2-indic-en-1B,Traffic Alert Traffic on Narela to Bawana road is normal now.,SUCCESS,2026-09-12T15:47:18.966765+00:00,20260912_blind_v5,8d8f5fcab9e03c6a1dfc90d5a2bfc7a3f92959df7f202b8e9bd65a169f2d9337,f99bc8f58c60fa5aaf3a0b3422662b1d6ef8d01bf279f8f8b020591cac7e8606,57daff0d6c788fe5445cd299a16e4676d7eb71a673f888c4e66ac14ce5798c7c,True,10.885697,,"{""actual_model"":""ai4bharat/indictrans2-indic-en-1B"",""decoding"":""beam search, no sampling; reproducibility limited to pinned environment/hardware"",""device"":""cpu"",""revision"":""ac3daf0ecd37be3b6957764a9179ab2b07fa9d6a"",""seed"":20260912,""torch_version"":""2.14.0+cpu""}"
record:0a50c6e802bd86144666643b18440cbb7cc5ba7e4bc4d4da542c52cd45cf87a8,866469775924281344,indictrans2,ai4bharat/indictrans2-indic-en-1B,ai4bharat/indictrans2-indic-en-1B,Traffic Alert A tree has fallen on the road leading to Badarpur border from Ali village red light causing heavy traffic.,SUCCESS,2026-09-12T15:47:29.855752+00:00,20260912_blind_v5,8d8f5fcab9e03c6a1dfc90d5a2bfc7a3f92959df7f202b8e9bd65a169f2d9337,5b1a28058cda5c9e95731df9b467b270af08914b9267b1b7c7a9994f88992362,539947730b404113b4b7627419c227bd79d5a1393f712e003e9634977fa25de6,True,16.821735,,"{""actual_model"":""ai4bharat/indictrans2-indic-en-1B"",""decoding"":""beam search, no sampling; reproducibility limited to pinned environment/hardware"",""device"":""cpu"",""revision"":""ac3daf0ecd37be3b6957764a9179ab2b07fa9d6a"",""seed"":20260912,""torch_version"":""2.14.0+cpu""}"
record:0ab209585b1358b60720ba9de6d216032538e4cbcbb7fc2277dd19d0958f8fff,900231841785020416,indictrans2,ai4bharat/indictrans2-indic-en-1B,ai4bharat/indictrans2-indic-en-1B,"Traffic Alert Mangalam to Mayur Vihar, construction of road towards Mangalam underpass is going on less, traffic is more.",SUCCESS,2026-09-12T15:47:46.670854+00:00,20260912_blind_v5,8d8f5fcab9e03c6a1dfc90d5a2bfc7a3f92959df7f202b8e9bd65a169f2d9337,dafbfe22865b955bec473faca62e53677b2fbb60e95897672993aef0116c08c2,d715b8017d85af93dbac853c2ca70d66d73a54cffa9d476112c8fce67fbfbec4,True,12.713411,,"{""actual_model"":""ai4bharat/indictrans2-indic-en-1B"",""decoding"":""beam search, no sampling; reproducibility limited to pinned environment/hardware"",""device"":""cpu"",""revision"":""ac3daf0ecd37be3b6957764a9179ab2b07fa9d6a"",""seed"":20260912,""torch_version"":""2.14.0+cpu""}"
record:0b7953a077204ec02695fd090989915c1dbadcd0178d887a0b1ce374e60d7207,911452250869948416,indictrans2,ai4bharat/indictrans2-indic-en-1B,ai4bharat/indictrans2-indic-en-1B,PART 1 / 2.. Traffic Alert Traffic on Ring Road to Jhandu Singh Marg is affected due to road caving in Motorists are advised.,SUCCESS,2026-09-12T15:47:59.392449+00:00,20260912_blind_v5,8d8f5fcab9e03c6a1dfc90d5a2bfc7a3f92959df7f202b8e9bd65a169f2d9337,0544080e5b633895068631ffcae5da48d18a9ac12275e6f5e57e22f59466a090,35d77785d862c2966bf7942e58ef390aff1f86edb31a0ef7a09309272ba461a6,True,8.290101,,"{""actual_model"":""ai4bharat/indictrans2-indic-en-1B"",""decoding"":""beam search, no sampling; reproducibility limited to pinned environment/hardware"",""device"":""cpu"",""revision"":""ac3daf0ecd37be3b6957764a9179ab2b07fa9d6a"",""seed"":20260912,""torch_version"":""2.14.0+cpu""}"
record:0bf3a7736a780481db66a03f35e3a65e98eedab97acc2ad3513b59ba146ef1af,613315135952842752,indictrans2,ai4bharat/indictrans2-indic-en-1B,ai4bharat/indictrans2-indic-en-1B,"Traffic Alert DTC bus number DL 1PC 1114 B\ u093C is on the way from Maharani Bagh to Ashram, traffic is heavy. Sorry for the inconvenience.",SUCCESS,2026-09-12T15:48:07.682806+00:00,20260912_blind_v5,8d8f5fcab9e03c6a1dfc90d5a2bfc7a3f92959df7f202b8e9bd65a169f2d9337,95cdee7cc87994832eaa5a3c9b7d8979e0275599b07241e0b2d6d1599ad6f75d,3699e0fa47ae220823aebb7001dd096ee69a18f67f3df773ba66f472a48e393e,True,9.986791,,"{""actual_model"":""ai4bharat/indictrans2-indic-en-1B"",""decoding"":""beam search, no sampling; reproducibility limited to pinned environment/hardware"",""device"":""cpu"",""revision"":""ac3daf0ecd37be3b6957764a9179ab2b07fa9d6a"",""seed"":20260912,""torch_version"":""2.14.0+cpu""}"
record:0d4d9d3b03adf5739e6c5776abccc110db836255074843645f9c6a05a69e66a3,879915782288809984,indictrans2,ai4bharat/indictrans2-indic-en-1B,ai4bharat/indictrans2-indic-en-1B,Traffic Alert: Traffic is heavy at India Gate C-Hexagon. Please avoid this route.,SUCCESS,2026-09-12T15:48:17.667855+00:00,20260912_blind_v5,8d8f5fcab9e03c6a1dfc90d5a2bfc7a3f92959df7f202b8e9bd65a169f2d9337,76adc3817ebcfaab85d5af3f2512e77e728f4bd1bba32f778c004960a4aeee66,29bd3aa8b831c3dd2ff047c3d500c524acb2d0acf2073309c23454603a4bbb90,True,8.475465,,"{""actual_model"":""ai4bharat/indictrans2-indic-en-1B"",""decoding"":""beam search, no sampling; reproducibility limited to pinned environment/hardware"",""device"":""cpu"",""revision"":""ac3daf0ecd37be3b6957764a9179ab2b07fa9d6a"",""seed"":20260912,""torch_version"":""2.14.0+cpu""}"
record:0d61472bbb98c0e7da0bb7c2330be93d4ee76dbc4a65bcc011fed147f4b3e9a6,621873574270398464,indictrans2,ai4bharat/indictrans2-indic-en-1B,ai4bharat/indictrans2-indic-en-1B,"Traffic Alert At Dilshad Garden, Pocket J & K, PWD Road\ u093C is under repair. Traffic will be affected here. Sorry for the inconvenience.",SUCCESS,2026-09-12T15:48:26.145870+00:00,20260912_blind_v5,8d8f5fcab9e03c6a1dfc90d5a2bfc7a3f92959df7f202b8e9bd65a169f2d9337,c5abcaf1d3988562d892db1ce53f695ba0735123d83e71e9c1cc246ed101719d,687fa1d1dd3971c87b6c1c1594f645aaae91ed5279679220ff3e5faebe0ce26e,True,27.740328,,"{""actual_model"":""ai4bharat/indictrans2-indic-en-1B"",""decoding"":""beam search, no sampling; reproducibility limited to pinned environment/hardware"",""device"":""cpu"",""revision"":""ac3daf0ecd37be3b6957764a9179ab2b07fa9d6a"",""seed"":20260912,""torch_version"":""2.14.0+cpu""}"
record:0d73847b17b3e611c460953500a02e6e69d6676cec042bd35e350e9a8238938a,1082613947742728193,indictrans2,ai4bharat/indictrans2-indic-en-1B,ai4bharat/indictrans2-indic-en-1B,"Traffic Alert Delhi Jal Board officials are working on the route (Rani Jhansi Flyover) from Eidgah to Tis Hazari, due to which the Flyover will be closed for traffic till tonight.",SUCCESS,2026-09-12T15:48:53.885892+00:00,20260912_blind_v5,8d8f5fcab9e03c6a1dfc90d5a2bfc7a3f92959df7f202b8e9bd65a169f2d9337,bef93554876c01e720df096bff0525f856befafa29a499f8bc913e2a29168ed6,74bbb46cad627487c8153a6f605ce735c3bba912e8d9c1eed707b6c92492a269,True,34.000998,,"{""actual_model"":""ai4bharat/indictrans2-indic-en-1B"",""decoding"":""beam search, no sampling; reproducibility limited to pinned environment/hardware"",""device"":""cpu"",""revision"":""ac3daf0ecd37be3b6957764a9179ab2b07fa9d6a"",""seed"":20260912,""torch_version"":""2.14.0+cpu""}"
record:0d861ff5cb921080fc74354e17558cf6ed9905508ff0758342439836dfcd5211,1013039835500535808,indictrans2,ai4bharat/indictrans2-indic-en-1B,ai4bharat/indictrans2-indic-en-1B,"Traffic Alert: Road has caved in at Ram Dev Chowk in Narela, due to which traffic is disrupted.",SUCCESS,2026-09-12T15:49:27.887473+00:00,20260912_blind_v5,8d8f5fcab9e03c6a1dfc90d5a2bfc7a3f92959df7f202b8e9bd65a169f2d9337,00df4cb96c8d94e9ed7b86476c779c481827760b7628874d7999f186e8b121f6,6d71fa5c186e48eecc8d8084cb1fb2cc943afb28c527fbabdd800bc8642b3e93,True,7.190368,,"{""actual_model"":""ai4bharat/indictrans2-indic-en-1B"",""decoding"":""beam search, no sampling; reproducibility limited to pinned environment/hardware"",""device"":""cpu"",""revision"":""ac3daf0ecd37be3b6957764a9179ab2b07fa9d6a"",""seed"":20260912,""torch_version"":""2.14.0+cpu""}"
record:0d939a44689b6af1523b7709e14b49dcd330f6b480a6c4fa9754a3c324e01515,590811969600495617,indictrans2,ai4bharat/indictrans2-indic-en-1B,ai4bharat/indictrans2-indic-en-1B,Traffic Alert Traffic is now normal on both carriageways of Jasola Road to Sain Bagh Road No. 13.,SUCCESS,2026-09-12T15:49:35.068100+00:00,20260912_blind_v5,8d8f5fcab9e03c6a1dfc90d5a2bfc7a3f92959df7f202b8e9bd65a169f2d9337,c56f4ab13cee1657e5c8abdf3f12bbb58bb169315b1da56f1221497dd88fdc71,d1c030566cd714ee131440771ce9beee0ebe2932c14593703a1b746c495c0d1e,True,9.163506,,"{""actual_model"":""ai4bharat/indictrans2-indic-en-1B"",""decoding"":""beam search, no sampling; reproducibility limited to pinned environment/hardware"",""device"":""cpu"",""revision"":""ac3daf0ecd37be3b6957764a9179ab2b07fa9d6a"",""seed"":20260912,""torch_version"":""2.14.0+cpu""}"
record:0d9e770d5ef57f1870de84f5750f0a8bf2af9aca21f0f4662c64bd7b5dd9fc64,836779724437393408,indictrans2,ai4bharat/indictrans2-indic-en-1B,ai4bharat/indictrans2-indic-en-1B,"Traffic Alert At Azad Market Chowk, Delhi Jal Board has dug a pit so that there is more traffic. Please avoid using this route.",SUCCESS,2026-09-12T15:49:44.229812+00:00,20260912_blind_v5,8d8f5fcab9e03c6a1dfc90d5a2bfc7a3f92959df7f202b8e9bd65a169f2d9337,6a966d3c9e6bdccd4ab93df21716967a0e9710f9e840f6c21521b6449a320e5d,922d209329f93361a108ecd5a5f93aabf27589a1abad83f49cd9f1215345416e,True,34.754216,,"{""actual_model"":""ai4bharat/indictrans2-indic-en-1B"",""decoding"":""beam search, no sampling; reproducibility limited to pinned environment/hardware"",""device"":""cpu"",""revision"":""ac3daf0ecd37be3b6957764a9179ab2b07fa9d6a"",""seed"":20260912,""torch_version"":""2.14.0+cpu""}"
record:0dd0837b3d29e619d2a84a116930cec25624c624e1722309b9336fae22a6447e,1043778186230738944,indictrans2,ai4bharat/indictrans2-indic-en-1B,ai4bharat/indictrans2-indic-en-1B,Traffic Alert: Traffic is heavy from Agra Canal Road towards Kalindi Kunj due to idol immersion.,SUCCESS,2026-09-12T15:50:18.994970+00:00,20260912_blind_v5,8d8f5fcab9e03c6a1dfc90d5a2bfc7a3f92959df7f202b8e9bd65a169f2d9337,65ecdfbfe7a85daffe8cb960200ef4961a887325a43f95eac18d93f53a16c69c,bcd3fd3da491fdf96b45a6c759a1a9926cc476ec92a1a540deceb46402a4d062,True,20.825496,,"{""actual_model"":""ai4bharat/indictrans2-indic-en-1B"",""decoding"":""beam search, no sampling; reproducibility limited to pinned environment/hardware"",""device"":""cpu"",""revision"":""ac3daf0ecd37be3b6957764a9179ab2b07fa9d6a"",""seed"":20260912,""torch_version"":""2.14.0+cpu""}"
record:0e267547edeedbd0e657f955bee1fa95639857441deecdb26d73c5bc9f4de7af,586499809307156480,indictrans2,ai4bharat/indictrans2-indic-en-1B,ai4bharat/indictrans2-indic-en-1B,Traffic Alert The truck which was parked on the road leading to Vasant Vihar before the IIT flyover has been removed.,SUCCESS,2026-09-12T15:50:39.822010+00:00,20260912_blind_v5,8d8f5fcab9e03c6a1dfc90d5a2bfc7a3f92959df7f202b8e9bd65a169f2d9337,ddf853a71e420d5cb05b42de215cf7d7a29912e51fcb72ee953f92fff249e618,d50db87cfd94f086e2fc7bf7d2a54f2f8f13743a717294b60f48a9d29caf82ad,True,18.606313,,"{""actual_model"":""ai4bharat/indictrans2-indic-en-1B"",""decoding"":""beam search, no sampling; reproducibility limited to pinned environment/hardware"",""device"":""cpu"",""revision"":""ac3daf0ecd37be3b6957764a9179ab2b07fa9d6a"",""seed"":20260912,""torch_version"":""2.14.0+cpu""}"
record:0e6aa1c99ff3fef74a51606a68fbd47bb30a133617c500b5add728f2b3f4e81e,919470663508705280,indictrans2,ai4bharat/indictrans2-indic-en-1B,ai4bharat/indictrans2-indic-en-1B,"Traffic Alert The road that leads to Maurya Enclave from Netaji Subhash Place has a fair on it, due to which there will be more traffic on this road.",SUCCESS,2026-09-12T15:50:58.426365+00:00,20260912_blind_v5,8d8f5fcab9e03c6a1dfc90d5a2bfc7a3f92959df7f202b8e9bd65a169f2d9337,23194983e6815790e4c6ade8aed9748510b5b275b3a2f7e528b5dfa2616f3b79,a120184bd181aca912eff26a9a20e7bc87101aa822065e06ecec5919d90dede6,True,15.826041,,"{""actual_model"":""ai4bharat/indictrans2-indic-en-1B"",""decoding"":""beam search, no sampling; reproducibility limited to pinned environment/hardware"",""device"":""cpu"",""revision"":""ac3daf0ecd37be3b6957764a9179ab2b07fa9d6a"",""seed"":20260912,""torch_version"":""2.14.0+cpu""}"
record:0eca44d4b0e59c2fa5e386afcbfe1b0fcee7441237349fc956cf4f85018a7ea4,809585050429702144,indictrans2,ai4bharat/indictrans2-indic-en-1B,ai4bharat/indictrans2-indic-en-1B,"Traffic Alert 1 / 2 A tree has fallen near Dyal Singh College, Bhishma Pitamah Marg, blocking the Ring Road from Bhishma Pitamah Marg.",SUCCESS,2026-09-12T15:51:14.256309+00:00,20260912_blind_v5,8d8f5fcab9e03c6a1dfc90d5a2bfc7a3f92959df7f202b8e9bd65a169f2d9337,c445895d661756957f9ad7e65a7db75097b13f808aa94b9cf253dea55f47bd2c,ddc17e71a411fe79e138188d31b851a457bafec2deb098e1cea28e8702e5c766,True,10.384816,,"{""actual_model"":""ai4bharat/indictrans2-indic-en-1B"",""decoding"":""beam search, no sampling; reproducibility limited to pinned environment/hardware"",""device"":""cpu"",""revision"":""ac3daf0ecd37be3b6957764a9179ab2b07fa9d6a"",""seed"":20260912,""torch_version"":""2.14.0+cpu""}"
record:0ed3962f2933a8107a35d0ad02004395d7d0cec920ac54bb70cb8ad832fc7eb3,805993905674067968,indictrans2,ai4bharat/indictrans2-indic-en-1B,ai4bharat/indictrans2-indic-en-1B,"Traffic Alert Due to the tribute program of Babasaheb Ambedkar, the Rail Bhawan to Parliament road has been closed for traffic.",SUCCESS,2026-09-12T15:51:24.640747+00:00,20260912_blind_v5,8d8f5fcab9e03c6a1dfc90d5a2bfc7a3f92959df7f202b8e9bd65a169f2d9337,da40bc2603fd6371ee8ada6ddb606252bab2dc457ec539251d2ae55468e2349c,577191e5c6d23e44495a560fbaf580031e02421a7a90e327da3f280b3118bf4e,True,12.885584,,"{""actual_model"":""ai4bharat/indictrans2-indic-en-1B"",""decoding"":""beam search, no sampling; reproducibility limited to pinned environment/hardware"",""device"":""cpu"",""revision"":""ac3daf0ecd37be3b6957764a9179ab2b07fa9d6a"",""seed"":20260912,""torch_version"":""2.14.0+cpu""}"
record:0f0a57dc4d166a8945420d2d7c0ee0fb72441efe93a853a1417f20fc4ae68320,1125378676655157250,indictrans2,ai4bharat/indictrans2-indic-en-1B,ai4bharat/indictrans2-indic-en-1B,Traffic Alert Nishadraj Marg will be closed from 7 PM to 11:30 PM today due to religious program at Sunheri Masjid (Red Fort).,SUCCESS,2026-09-12T15:51:37.524347+00:00,20260912_blind_v5,8d8f5fcab9e03c6a1dfc90d5a2bfc7a3f92959df7f202b8e9bd65a169f2d9337,333bdf4a21b85e5dde7bcbc814bcb87fd96f1036a98e425b5e12551b0bd69545,3bd2317c2c027c99077401bf95c9f810f379b0a6a76a2348fbe55636220e0191,True,53.704552,,"{""actual_model"":""ai4bharat/indictrans2-indic-en-1B"",""decoding"":""beam search, no sampling; reproducibility limited to pinned environment/hardware"",""device"":""cpu"",""revision"":""ac3daf0ecd37be3b6957764a9179ab2b07fa9d6a"",""seed"":20260912,""torch_version"":""2.14.0+cpu""}"
record:0f2bcd206151826403a64e5f0c1dda5e9b3ba22f03858ad6d825aeed93cea15c,1070766780895772673,indictrans2,ai4bharat/indictrans2-indic-en-1B,ai4bharat/indictrans2-indic-en-1B,Traffic Alert A bus en route from Mahipalpur to Basant Kunj has broken down near Mahipalpur Chowk causing heavy traffic all around.,SUCCESS,2026-09-12T15:52:31.232496+00:00,20260912_blind_v5,8d8f5fcab9e03c6a1dfc90d5a2bfc7a3f92959df7f202b8e9bd65a169f2d9337,8c3e5d767d2a51af2d2bf9a5c5a0c09bd5a7cbb2eee4dd54dbc2e37edd15f1ac,5753e505ee6857c44b33025f22e80d76833649d99ba20eb65fc67ab3d5270adc,True,13.09864,,"{""actual_model"":""ai4bharat/indictrans2-indic-en-1B"",""decoding"":""beam search, no sampling; reproducibility limited to pinned environment/hardware"",""device"":""cpu"",""revision"":""ac3daf0ecd37be3b6957764a9179ab2b07fa9d6a"",""seed"":20260912,""torch_version"":""2.14.0+cpu""}"
record:0f4c3e429103c2ff5301ff04605ed24436b11ce01b57f053f3b74c548582385e,611024126656974849,indictrans2,ai4bharat/indictrans2-indic-en-1B,ai4bharat/indictrans2-indic-en-1B,"Traffic Alert House\ u093C At Khas Metro Station, there will be heavy traffic due to road subsidence.",SUCCESS,2026-09-12T15:52:44.331790+00:00,20260912_blind_v5,8d8f5fcab9e03c6a1dfc90d5a2bfc7a3f92959df7f202b8e9bd65a169f2d9337,2617d993d799775e61fa761ceb2810b3f00588423807c95056e5dc63ca335495,ecbccd835654224b4103e83bea8449e65c6627e38d7f9781113569fd2afd57dd,True,22.180611,,"{""actual_model"":""ai4bharat/indictrans2-indic-en-1B"",""decoding"":""beam search, no sampling; reproducibility limited to pinned environment/hardware"",""device"":""cpu"",""revision"":""ac3daf0ecd37be3b6957764a9179ab2b07fa9d6a"",""seed"":20260912,""torch_version"":""2.14.0+cpu""}"
record:0fab20db3ad845b768158a8cf936a1db434d8b0f4a20119f4e1338c33d5dcca1,937892487485579270,indictrans2,ai4bharat/indictrans2-indic-en-1B,ai4bharat/indictrans2-indic-en-1B,"Traffic Alert: Vehicles intending to go to DCM Chowk, Sadar Bazar and Pul Mithai will go via Y-POINT Kishanganj.",SUCCESS,2026-09-12T15:53:06.505574+00:00,20260912_blind_v5,8d8f5fcab9e03c6a1dfc90d5a2bfc7a3f92959df7f202b8e9bd65a169f2d9337,a664afd8866173bfb237d63fab51df1899115e372cebc5ca8472faf6602897b1,761b71c7f510d9ac6df7910a082c424f0def0bc727c5af1611cc118ce13510f6,True,24.492907,,"{""actual_model"":""ai4bharat/indictrans2-indic-en-1B"",""decoding"":""beam search, no sampling; reproducibility limited to pinned environment/hardware"",""device"":""cpu"",""revision"":""ac3daf0ecd37be3b6957764a9179ab2b07fa9d6a"",""seed"":20260912,""torch_version"":""2.14.0+cpu""}"
record:101fd3acc5a049ec1de684fb3371e5028522174b67eef287043ae5d7b9f848c7,1089838078028644352,indictrans2,ai4bharat/indictrans2-indic-en-1B,ai4bharat/indictrans2-indic-en-1B,Traffic Alert Free parking inside Apollo Hospital is full which is causing traffic to be diverted from Mathura Road towards Badarpur. Please avoid using this route.,SUCCESS,2026-09-12T15:53:30.998052+00:00,20260912_blind_v5,8d8f5fcab9e03c6a1dfc90d5a2bfc7a3f92959df7f202b8e9bd65a169f2d9337,7e09fe78162a47acd6b58782d6346b65f0e6213c108e3d2403b851c274bf6d42,156174c6c63aa687b162f60b558975252f9e12965eaed8deb45ccf2588d89fc9,True,15.541025,,"{""actual_model"":""ai4bharat/indictrans2-indic-en-1B"",""decoding"":""beam search, no sampling; reproducibility limited to pinned environment/hardware"",""device"":""cpu"",""revision"":""ac3daf0ecd37be3b6957764a9179ab2b07fa9d6a"",""seed"":20260912,""torch_version"":""2.14.0+cpu""}"
record:1058579f3c50bb74e7610b14b680d4d2a67dd8fec3c57b7401beea81f6e87d96,786163714034589696,indictrans2,ai4bharat/indictrans2-indic-en-1B,ai4bharat/indictrans2-indic-en-1B,Traffic Alert Traffic from Madarsa T point towards INA has been diverted towards Lodhi Road due to Tajiya.,SUCCESS,2026-09-12T15:53:46.544193+00:00,20260912_blind_v5,8d8f5fcab9e03c6a1dfc90d5a2bfc7a3f92959df7f202b8e9bd65a169f2d9337,8a7c6af28b6d57503901a62c3b81762563e4c89b30718d1ee2c586aae9fb12cd,bd5277ddeed5d530bd5d00c8651320825f8678f7963ac949df3f941aed72a671,True,6.35977,,"{""actual_model"":""ai4bharat/indictrans2-indic-en-1B"",""decoding"":""beam search, no sampling; reproducibility limited to pinned environment/hardware"",""device"":""cpu"",""revision"":""ac3daf0ecd37be3b6957764a9179ab2b07fa9d6a"",""seed"":20260912,""torch_version"":""2.14.0+cpu""}"
record:105c1d64df24e625c8ea5937916df7beb8bf5748330b1e19ddaf519e68d95268,1054362503675830272,indictrans2,ai4bharat/indictrans2-indic-en-1B,ai4bharat/indictrans2-indic-en-1B,Traffic Alert Traffic is affected due to a vehicle on fire on the way from Ashram Flyover to DND.,SUCCESS,2026-09-12T15:53:52.906766+00:00,20260912_blind_v5,8d8f5fcab9e03c6a1dfc90d5a2bfc7a3f92959df7f202b8e9bd65a169f2d9337,fd240692142d63fc6223b33d49b53b8f886e92c9e554b0b48d43d6948e2b5f67,9867b397de6c745930bb33aa5d5192a49ca283621f468fa26a75146948c8fe05,True,6.055198,,"{""actual_model"":""ai4bharat/indictrans2-indic-en-1B"",""decoding"":""beam search, no sampling; reproducibility limited to pinned environment/hardware"",""device"":""cpu"",""revision"":""ac3daf0ecd37be3b6957764a9179ab2b07fa9d6a"",""seed"":20260912,""torch_version"":""2.14.0+cpu""}"
record:10ba835cb7f9aa136f8131bc362de44870f21ae296c4fe5c8d7ee48fc62a5e08,1065889532111962112,indictrans2,ai4bharat/indictrans2-indic-en-1B,ai4bharat/indictrans2-indic-en-1B,Traffic Alert Traffic is heavy near Gurudwara Bangla Sahib and Gurudwara Rakabganj. Avoid using the road around it.,SUCCESS,2026-09-12T15:53:58.959836+00:00,20260912_blind_v5,8d8f5fcab9e03c6a1dfc90d5a2bfc7a3f92959df7f202b8e9bd65a169f2d9337,6f80773dcd6b4982b6e4e3654081fdcaa1297fbc3f87115e29ca8ce8f7dcbfc7,ec47ea6183b65815d12be0939eb03a679a7aa750e998276604979ad39af1dfbd,True,7.140452,,"{""actual_model"":""ai4bharat/indictrans2-indic-en-1B"",""decoding"":""beam search, no sampling; reproducibility limited to pinned environment/hardware"",""device"":""cpu"",""revision"":""ac3daf0ecd37be3b6957764a9179ab2b07fa9d6a"",""seed"":20260912,""torch_version"":""2.14.0+cpu""}"
record:12078f51b9e8e0ca67a1939e138bcc61aa6a7288a015208cc4bba4434df2a264,932439417125351424,indictrans2,ai4bharat/indictrans2-indic-en-1B,ai4bharat/indictrans2-indic-en-1B,"Traffic Alert A DTC bus has broken down on top of a flyover en route from Chirag Delhi to Modi Mile, affecting traffic on this route.",SUCCESS,2026-09-12T15:54:06.094041+00:00,20260912_blind_v5,8d8f5fcab9e03c6a1dfc90d5a2bfc7a3f92959df7f202b8e9bd65a169f2d9337,27d5f2482487020feb2aa587a50e4526a25bd0e46f44332324a9e761949540b9,84da93f65a4b0d372382e68af2e427ef91d6e2da018880b99cd5c618edc7140c,True,22.056832,,"{""actual_model"":""ai4bharat/indictrans2-indic-en-1B"",""decoding"":""beam search, no sampling; reproducibility limited to pinned environment/hardware"",""device"":""cpu"",""revision"":""ac3daf0ecd37be3b6957764a9179ab2b07fa9d6a"",""seed"":20260912,""torch_version"":""2.14.0+cpu""}"
record:13486bc3816a500eb3754a710cbd2107f4ff666a2162b256d2970e13ab0c8c4d,898761955086749697,indictrans2,ai4bharat/indictrans2-indic-en-1B,ai4bharat/indictrans2-indic-en-1B,Traffic Alert Hamdard to Badarpur (both carriageways) Traffic affected due to accident and breakdown of a DTC bus and falling of a tree.,SUCCESS,2026-09-12T15:54:28.150098+00:00,20260912_blind_v5,8d8f5fcab9e03c6a1dfc90d5a2bfc7a3f92959df7f202b8e9bd65a169f2d9337,2b457930ddc89ffb46696ba7b7abfe2cc8ac12302ce41a8b6d06dd07ab852a6b,e1a387edb6e524e3a1c60cba7539af321c028cb4224916f05e50d4986e9a9562,True,27.069301,,"{""actual_model"":""ai4bharat/indictrans2-indic-en-1B"",""decoding"":""beam search, no sampling; reproducibility limited to pinned environment/hardware"",""device"":""cpu"",""revision"":""ac3daf0ecd37be3b6957764a9179ab2b07fa9d6a"",""seed"":20260912,""torch_version"":""2.14.0+cpu""}"
record:13537cd33b31b547433d42ad4f5379dd614b11447df721b5ec9a0af50fab8da5,824895340323106817,indictrans2,ai4bharat/indictrans2-indic-en-1B,ai4bharat/indictrans2-indic-en-1B,Traffic Alert Traffic is now normal from Windsor Place and Jaswant Singh Road towards Ashoka Road!,SUCCESS,2026-09-12T15:54:55.226173+00:00,20260912_blind_v5,8d8f5fcab9e03c6a1dfc90d5a2bfc7a3f92959df7f202b8e9bd65a169f2d9337,e1f40aa3e4777548123855bee2d118f9be51c389dbe6f6c3732d706deda7b5a8,8aa792ddcc55e6d6782aedf969faa358da1e4ebc84594c0cf1292bb32ebf6147,True,15.065566,,"{""actual_model"":""ai4bharat/indictrans2-indic-en-1B"",""decoding"":""beam search, no sampling; reproducibility limited to pinned environment/hardware"",""device"":""cpu"",""revision"":""ac3daf0ecd37be3b6957764a9179ab2b07fa9d6a"",""seed"":20260912,""torch_version"":""2.14.0+cpu""}"
record:1370c9e2932c7aa9f12535eea1a39ef49ca59eb65d37a15177f6cc1ebf8b3103,1070782110879739905,indictrans2,ai4bharat/indictrans2-indic-en-1B,ai4bharat/indictrans2-indic-en-1B,Traffic Alert: The ill-fated bus near Mahipalpur Chowk has been removed.,SUCCESS,2026-09-12T15:55:10.296503+00:00,20260912_blind_v5,8d8f5fcab9e03c6a1dfc90d5a2bfc7a3f92959df7f202b8e9bd65a169f2d9337,698031c3d0cb12a3546137f5428ed040ae60ef60cf69eab60970dd4949203655,0c78a4f070df5fb690493dd01d8e50fa787b11ae9a0128afdeb4c824bb0ef3f1,True,7.885525,,"{""actual_model"":""ai4bharat/indictrans2-indic-en-1B"",""decoding"":""beam search, no sampling; reproducibility limited to pinned environment/hardware"",""device"":""cpu"",""revision"":""ac3daf0ecd37be3b6957764a9179ab2b07fa9d6a"",""seed"":20260912,""torch_version"":""2.14.0+cpu""}"
record:1391d84fc5442b3da10dae4625a7171d638d22b232693554676f2e46b0fd66b5,851630432496037889,indictrans2,ai4bharat/indictrans2-indic-en-1B,ai4bharat/indictrans2-indic-en-1B,Traffic Alert: An electric pole (POLE) has broken down on the road leading to Dwarka from Dabri turn! Due to which traffic is disrupted!,SUCCESS,2026-09-12T15:55:18.169659+00:00,20260912_blind_v5,8d8f5fcab9e03c6a1dfc90d5a2bfc7a3f92959df7f202b8e9bd65a169f2d9337,9b00d9a9fd878395ed8927d909b303dfa968d9fe266fb21e6c1314ff996b0284,9a12e4ce895be01a99d09073b6e6bd962356d3320722a79e8e98659836214efe,True,8.055232,,"{""actual_model"":""ai4bharat/indictrans2-indic-en-1B"",""decoding"":""beam search, no sampling; reproducibility limited to pinned environment/hardware"",""device"":""cpu"",""revision"":""ac3daf0ecd37be3b6957764a9179ab2b07fa9d6a"",""seed"":20260912,""torch_version"":""2.14.0+cpu""}"
record:139d219de34131d806968f77dfae72c32538340104edc0508b2ad8e3bfb1366c,1005440255925747712,indictrans2,ai4bharat/indictrans2-indic-en-1B,ai4bharat/indictrans2-indic-en-1B,"Traffic Alert आई.आई.टी. A tree has fallen on the road to Adchini, affecting traffic!",SUCCESS,2026-09-12T15:55:26.235888+00:00,20260912_blind_v5,8d8f5fcab9e03c6a1dfc90d5a2bfc7a3f92959df7f202b8e9bd65a169f2d9337,523a377ca53acd75908cb4c97aa4c462c7641ab67ad704fa55310c457d9cd253,e1b91e31d79407fa9a9f6047af30ce41e8767d3d6b7be9696fb0c4795724e373,True,5.543728,,"{""actual_model"":""ai4bharat/indictrans2-indic-en-1B"",""decoding"":""beam search, no sampling; reproducibility limited to pinned environment/hardware"",""device"":""cpu"",""revision"":""ac3daf0ecd37be3b6957764a9179ab2b07fa9d6a"",""seed"":20260912,""torch_version"":""2.14.0+cpu""}"
record:1450b3573290c0e2aac6e6efb7cf1f69e3823097e67e5b191e5c32d75ac1fc80,794513313342181377,indictrans2,ai4bharat/indictrans2-indic-en-1B,ai4bharat/indictrans2-indic-en-1B,"Traffic Alert A fire has broken out in the bushes under the Mangolpuri Railway Flyover on the route from Madhuban Chowk towards Vikaspuri, 1 / 2...",SUCCESS,2026-09-12T15:55:31.774804+00:00,20260912_blind_v5,8d8f5fcab9e03c6a1dfc90d5a2bfc7a3f92959df7f202b8e9bd65a169f2d9337,f1dc3ba659e3b9ee8612464095cccff2ec50f088e0ecd8eb36ae7325c935f617,56f5b661b18f586f5163653c705dd6ed926b7d5aed89d4656886c8ea58864aca,True,10.339076,,"{""actual_model"":""ai4bharat/indictrans2-indic-en-1B"",""decoding"":""beam search, no sampling; reproducibility limited to pinned environment/hardware"",""device"":""cpu"",""revision"":""ac3daf0ecd37be3b6957764a9179ab2b07fa9d6a"",""seed"":20260912,""torch_version"":""2.14.0+cpu""}"
record:14baa78ac3f1c1b74c9115dd863432f03395e9691b60e0520a80caaf83f7eba0,864089977109401601,indictrans2,ai4bharat/indictrans2-indic-en-1B,ai4bharat/indictrans2-indic-en-1B,"Traffic Alert A tree has fallen in front of the BJP office on the road leading to Windsor Place from Jaswant Singh roundabout, disrupting traffic.",SUCCESS,2026-09-12T15:55:42.111892+00:00,20260912_blind_v5,8d8f5fcab9e03c6a1dfc90d5a2bfc7a3f92959df7f202b8e9bd65a169f2d9337,a22ab834991b10cbc7ec47a506ea71ff7cfe671fd7f16badeb151ac9c7aaba29,b1ad02968af2097ad89a098024268917538bcb4b5f532970b6bd819b70f2034f,True,24.479708,,"{""actual_model"":""ai4bharat/indictrans2-indic-en-1B"",""decoding"":""beam search, no sampling; reproducibility limited to pinned environment/hardware"",""device"":""cpu"",""revision"":""ac3daf0ecd37be3b6957764a9179ab2b07fa9d6a"",""seed"":20260912,""torch_version"":""2.14.0+cpu""}"
record:14ec43a9a8e7f2147361cbf389d5cdec9361606f66ea315f8816308bc99f9706,1068383323423092736,indictrans2,ai4bharat/indictrans2-indic-en-1B,ai4bharat/indictrans2-indic-en-1B,Traffic Alert All India Kisan Sangharsh Coordination Committee march is on Kasturba Gandhi Marg. Traffic is affected here.,SUCCESS,2026-09-12T15:56:06.590264+00:00,20260912_blind_v5,8d8f5fcab9e03c6a1dfc90d5a2bfc7a3f92959df7f202b8e9bd65a169f2d9337,5fea2e65622e1def2418ba76d55fb05db202d78cbd25873b3744b14162701f6e,bae0b2f39c11275d8ab687745728b52d0ea367bf46d279ef3e1e468e4073cf6e,True,17.11393,,"{""actual_model"":""ai4bharat/indictrans2-indic-en-1B"",""decoding"":""beam search, no sampling; reproducibility limited to pinned environment/hardware"",""device"":""cpu"",""revision"":""ac3daf0ecd37be3b6957764a9179ab2b07fa9d6a"",""seed"":20260912,""torch_version"":""2.14.0+cpu""}"
record:14f0f0dd9822c1997fdb5c71088a542cefd1dc847c818c4c844422055de1d93d,804675923479961600,indictrans2,ai4bharat/indictrans2-indic-en-1B,ai4bharat/indictrans2-indic-en-1B,Traffic Alert: Brigadier Hoshiar Singh Marg has been given a diversion from Africa Avenue on the way to Aurobindo Marg.,SUCCESS,2026-09-12T15:56:23.707746+00:00,20260912_blind_v5,8d8f5fcab9e03c6a1dfc90d5a2bfc7a3f92959df7f202b8e9bd65a169f2d9337,d71c2cce839f3203082a7a76dd4018f224dfd23a97ee6338a56dc7467f10793b,93c3e39a65d126c992bdf3624481b6c2f29b5c3cc8b94e53d175ac6c5225f516,True,11.151381,,"{""actual_model"":""ai4bharat/indictrans2-indic-en-1B"",""decoding"":""beam search, no sampling; reproducibility limited to pinned environment/hardware"",""device"":""cpu"",""revision"":""ac3daf0ecd37be3b6957764a9179ab2b07fa9d6a"",""seed"":20260912,""torch_version"":""2.14.0+cpu""}"
record:1540931bec8da7ac7cdfc95a741653a2a5ffa5896eae895b62c93bf110b0303f,847425607931539457,indictrans2,ai4bharat/indictrans2-indic-en-1B,ai4bharat/indictrans2-indic-en-1B,"Traffic Alert In the carriage way from Nizamuddin to Mayur Vihar, elevated road work is going on at Barapullah which is 2 / 1 from Sarai Kale Khan.",SUCCESS,2026-09-12T15:56:34.865866+00:00,20260912_blind_v5,8d8f5fcab9e03c6a1dfc90d5a2bfc7a3f92959df7f202b8e9bd65a169f2d9337,76cbedf55ee5cdac33719fe3c93257811caff09bdc4eac3e00e9fa934e5d58fa,087d33cb3186dda6ff096aa9499fb18d6de7362ea530150e616a4a8c63042aeb,True,9.371905,,"{""actual_model"":""ai4bharat/indictrans2-indic-en-1B"",""decoding"":""beam search, no sampling; reproducibility limited to pinned environment/hardware"",""device"":""cpu"",""revision"":""ac3daf0ecd37be3b6957764a9179ab2b07fa9d6a"",""seed"":20260912,""torch_version"":""2.14.0+cpu""}"
record:1585a81e7c43de3f7e94f66c8f287fc0fa12d20903e71519ed517f945636b283,1040818907584647168,indictrans2,ai4bharat/indictrans2-indic-en-1B,ai4bharat/indictrans2-indic-en-1B,"Traffic Alert: There is a shortage of PWD on the RTR Flyover, due to which the route from Munirka to the airport has been closed.",SUCCESS,2026-09-12T15:56:44.236650+00:00,20260912_blind_v5,8d8f5fcab9e03c6a1dfc90d5a2bfc7a3f92959df7f202b8e9bd65a169f2d9337,e5995d759f5bf09dd56207b4c2078058b45a52fac1f54c8620c861b1cbfdefac,0e3cd9ec999c0a6a688ce6ff3d7c39311ffe45afc9ca5f03033f52f584b93c50,True,7.838911,,"{""actual_model"":""ai4bharat/indictrans2-indic-en-1B"",""decoding"":""beam search, no sampling; reproducibility limited to pinned environment/hardware"",""device"":""cpu"",""revision"":""ac3daf0ecd37be3b6957764a9179ab2b07fa9d6a"",""seed"":20260912,""torch_version"":""2.14.0+cpu""}"
record:158a89ef4b0cadfcd83c02a4811fdd6db836fd58dd7622a5b808d72866d50925,574173814558449664,indictrans2,ai4bharat/indictrans2-indic-en-1B,ai4bharat/indictrans2-indic-en-1B,Traffic Alert The route from Moolchand Underpass to Slip Road Chirag Delhi is flooded with rainwater.,SUCCESS,2026-09-12T15:56:52.075455+00:00,20260912_blind_v5,8d8f5fcab9e03c6a1dfc90d5a2bfc7a3f92959df7f202b8e9bd65a169f2d9337,9ed947ca9d688e641c2a0ba44faa33433bf4450dd71c5e10b871408fca2c6df8,41739d2fa36d2c217b31840e05f695a7de5479b5437267c23d4cc135f08e96a1,True,13.612786,,"{""actual_model"":""ai4bharat/indictrans2-indic-en-1B"",""decoding"":""beam search, no sampling; reproducibility limited to pinned environment/hardware"",""device"":""cpu"",""revision"":""ac3daf0ecd37be3b6957764a9179ab2b07fa9d6a"",""seed"":20260912,""torch_version"":""2.14.0+cpu""}"
record:15c4fd50f565a64f3824f89b2a694d692744a895196f49c723ba2e5a14237761,1063630642372579329,indictrans2,ai4bharat/indictrans2-indic-en-1B,ai4bharat/indictrans2-indic-en-1B,"Traffic Alert A tractor trolley has overturned near Mir Singh Market on the road leading to Narela Police Station from Narela Lampur Mor, due to which traffic is disrupted.",SUCCESS,2026-09-12T15:57:05.685180+00:00,20260912_blind_v5,8d8f5fcab9e03c6a1dfc90d5a2bfc7a3f92959df7f202b8e9bd65a169f2d9337,501d8d963395474d4c86f93aa2032efa83ba854175ca1c84ae5010a0a09ffbdd,2d599f3600b6b7086b105051620e602947ab6450eded40d14e65c1ba9f1d2526,True,25.242785,,"{""actual_model"":""ai4bharat/indictrans2-indic-en-1B"",""decoding"":""beam search, no sampling; reproducibility limited to pinned environment/hardware"",""device"":""cpu"",""revision"":""ac3daf0ecd37be3b6957764a9179ab2b07fa9d6a"",""seed"":20260912,""torch_version"":""2.14.0+cpu""}"
record:161c0455e17e2b67a749efca794a1c9924a11a075cc44672fa084b9773392263,1022677612416651264,indictrans2,ai4bharat/indictrans2-indic-en-1B,ai4bharat/indictrans2-indic-en-1B,Traffic Alert Traffic is affected due to waterlogging in Ghazipur Murga Mandi and Mayur Vihar Phase 2 Please avoid using this route!,SUCCESS,2026-09-12T15:57:30.930378+00:00,20260912_blind_v5,8d8f5fcab9e03c6a1dfc90d5a2bfc7a3f92959df7f202b8e9bd65a169f2d9337,ac65f79f77dba463661e9864f515d8427ae151fe0812f5132a4ff4010139a26a,f5b54eb476ae66b81ccf1c05be68a116ae061f92402cf90de1c5d9ed697bd7fa,True,19.188371,,"{""actual_model"":""ai4bharat/indictrans2-indic-en-1B"",""decoding"":""beam search, no sampling; reproducibility limited to pinned environment/hardware"",""device"":""cpu"",""revision"":""ac3daf0ecd37be3b6957764a9179ab2b07fa9d6a"",""seed"":20260912,""torch_version"":""2.14.0+cpu""}"
record:16573389191f24ce8b972db56aefd4d5f36d26d001732692350a9a5fb73e081c,1107861582254477312,indictrans2,ai4bharat/indictrans2-indic-en-1B,ai4bharat/indictrans2-indic-en-1B,Traffic Alert A truck has overturned near Moti Bagh flyover on the way from Dhaula Kuan to AIIMS due to which traffic is disrupted.,SUCCESS,2026-09-12T15:57:50.117325+00:00,20260912_blind_v5,8d8f5fcab9e03c6a1dfc90d5a2bfc7a3f92959df7f202b8e9bd65a169f2d9337,107272fec9a8dd4b73798ca6b7e272c27305b8bb31557551c761d4f428d652c8,33d7ac3b869a471029d651805e04b417a4d21c60d83ba58a08c2a8b9b8813ae2,True,12.848541,,"{""actual_model"":""ai4bharat/indictrans2-indic-en-1B"",""decoding"":""beam search, no sampling; reproducibility limited to pinned environment/hardware"",""device"":""cpu"",""revision"":""ac3daf0ecd37be3b6957764a9179ab2b07fa9d6a"",""seed"":20260912,""torch_version"":""2.14.0+cpu""}"
record:169bf5f472118a532be61cbf39bb0dc4496585e8bfedad98f5d5eedb64023aaf,1096962432210165765,indictrans2,ai4bharat/indictrans2-indic-en-1B,ai4bharat/indictrans2-indic-en-1B,"Traffic Alert: Road has caved in at Bhogal Flyover from Ashram Chowk to Nizamuddin. Repair work will be carried out from 12: 00 pm to 12: 00 pm, due to which this road will be closed. Please avoid using this road.",SUCCESS,2026-09-12T15:58:02.966317+00:00,20260912_blind_v5,8d8f5fcab9e03c6a1dfc90d5a2bfc7a3f92959df7f202b8e9bd65a169f2d9337,d089a5f35d68628d135b362df7fa67cbafb5587cd8e4ea5a92b0e17fbf626059,59b19f275b85f3227fa4b7a1d524db7058c3ad2cdb955c67664789b8f509d4a8,True,13.676066,,"{""actual_model"":""ai4bharat/indictrans2-indic-en-1B"",""decoding"":""beam search, no sampling; reproducibility limited to pinned environment/hardware"",""device"":""cpu"",""revision"":""ac3daf0ecd37be3b6957764a9179ab2b07fa9d6a"",""seed"":20260912,""torch_version"":""2.14.0+cpu""}"
record:16c1b023d2004619788e9f7936148b056b92b9c26ec38d5c86698968f0c559cf,1017791513265410048,indictrans2,ai4bharat/indictrans2-indic-en-1B,ai4bharat/indictrans2-indic-en-1B,Traffic Alert: The road from Chhatarpur towards Andheria Mod has become a deep gorge and traffic has been diverted.,SUCCESS,2026-09-12T15:58:16.643144+00:00,20260912_blind_v5,8d8f5fcab9e03c6a1dfc90d5a2bfc7a3f92959df7f202b8e9bd65a169f2d9337,f32e1a31a7f807e957db628d196cac70a1b75ccfd7c091c203dad6b64e0c0a6e,93b580d60805e69e6f64cfd5b61e62a8c1c67be184b329da44e9d063eca0001b,True,6.084426,,"{""actual_model"":""ai4bharat/indictrans2-indic-en-1B"",""decoding"":""beam search, no sampling; reproducibility limited to pinned environment/hardware"",""device"":""cpu"",""revision"":""ac3daf0ecd37be3b6957764a9179ab2b07fa9d6a"",""seed"":20260912,""torch_version"":""2.14.0+cpu""}"
record:1769f4d39816e0c765f0e483baa8e4fd9f6a06bd503acbf85caec6c800306b53,1119640406734467073,indictrans2,ai4bharat/indictrans2-indic-en-1B,ai4bharat/indictrans2-indic-en-1B,"Traffic Alert There is waterlogging due to bursting of water pipeline in front of Bhavishya Nidhi Bhawan on K. C. Goyal Marg going towards Ring Road from Wazirpur Market, due to which traffic is disrupted.",SUCCESS,2026-09-12T15:58:22.732213+00:00,20260912_blind_v5,8d8f5fcab9e03c6a1dfc90d5a2bfc7a3f92959df7f202b8e9bd65a169f2d9337,89d21f13f01634a9b052203e432d1a7eb9db06986e78628ed9e489e5e0e4770b,fc80098c506ab29d4ebb6be8d8a17c85331d6fdc967790fcbf9cd96f6bf2bdd6,True,33.21167,,"{""actual_model"":""ai4bharat/indictrans2-indic-en-1B"",""decoding"":""beam search, no sampling; reproducibility limited to pinned environment/hardware"",""device"":""cpu"",""revision"":""ac3daf0ecd37be3b6957764a9179ab2b07fa9d6a"",""seed"":20260912,""torch_version"":""2.14.0+cpu""}"
record:17e9316f891f0841b2f5471c947b3a1e05c1fd34733854850ca9fe1f448a5454,910529773985607680,indictrans2,ai4bharat/indictrans2-indic-en-1B,ai4bharat/indictrans2-indic-en-1B,Traffic Alert Traffic is blocked near Ghazipur due to a car on fire near Murga Mandi. Please avoid using this route.,SUCCESS,2026-09-12T15:58:55.937608+00:00,20260912_blind_v5,8d8f5fcab9e03c6a1dfc90d5a2bfc7a3f92959df7f202b8e9bd65a169f2d9337,563a36e1b996a75481bf07075ca74f3f6444fa0e11ec9c2906fbda2091e262d7,e4ac102a180f92bd3fc55aa3662b87154516d2a581b9854fb5ca2137a565443d,True,17.907144,,"{""actual_model"":""ai4bharat/indictrans2-indic-en-1B"",""decoding"":""beam search, no sampling; reproducibility limited to pinned environment/hardware"",""device"":""cpu"",""revision"":""ac3daf0ecd37be3b6957764a9179ab2b07fa9d6a"",""seed"":20260912,""torch_version"":""2.14.0+cpu""}"
record:180463b87b781e27ebe99ddde6a175fcbbd75bc4c927892371b6749b58f6ea3d,561515306070585344,indictrans2,ai4bharat/indictrans2-indic-en-1B,ai4bharat/indictrans2-indic-en-1B,"Traffic Alert There is heavy traffic on Sarai Kale Khan Marg from Ashram on Ring Road, sorry for the inconvenience.",SUCCESS,2026-09-12T15:59:13.851092+00:00,20260912_blind_v5,8d8f5fcab9e03c6a1dfc90d5a2bfc7a3f92959df7f202b8e9bd65a169f2d9337,c812b63474bf7c7b286584249016e2015fa8d115063fffbe3e70363afd323dc2,8460764908a0cd1f41b38640c0cd5a6b7c857cffbf0b46243ca07a5c535d73e1,True,9.804031,,"{""actual_model"":""ai4bharat/indictrans2-indic-en-1B"",""decoding"":""beam search, no sampling; reproducibility limited to pinned environment/hardware"",""device"":""cpu"",""revision"":""ac3daf0ecd37be3b6957764a9179ab2b07fa9d6a"",""seed"":20260912,""torch_version"":""2.14.0+cpu""}"
record:1804d74e49d7c25c0bdbc2c654fea928661d0de599bb744ce2000c29788b7fc5,1046326539703316481,indictrans2,ai4bharat/indictrans2-indic-en-1B,ai4bharat/indictrans2-indic-en-1B,Traffic Alert A procession of Hindu Yuva Chetna Sangathan which will start from Hanuman Setu and pass through Chhatrail-Rajghat-Daryaganj-Delhi Gate-ITO-Pragati Maidan-Ashram-Nizamuddin-Lajpat Nagar-South Extension-Kotla-Zoo-Khan Market to India Gate.,SUCCESS,2026-09-12T15:59:23.646965+00:00,20260912_blind_v5,8d8f5fcab9e03c6a1dfc90d5a2bfc7a3f92959df7f202b8e9bd65a169f2d9337,703fdabeb5470f879cb2241c453a691317964dd018998de19208d32a927aec7f,dd11960af83e0cb732cd661f1169b3f2e6f300705b58dc680e50570ed749a195,True,20.424406,,"{""actual_model"":""ai4bharat/indictrans2-indic-en-1B"",""decoding"":""beam search, no sampling; reproducibility limited to pinned environment/hardware"",""device"":""cpu"",""revision"":""ac3daf0ecd37be3b6957764a9179ab2b07fa9d6a"",""seed"":20260912,""torch_version"":""2.14.0+cpu""}"
record:18da3dc0ce3d14a78e39ecfcb6389ff136a48d30d2c148fbd3b1d5cbb17bc531,788402021934075905,indictrans2,ai4bharat/indictrans2-indic-en-1B,ai4bharat/indictrans2-indic-en-1B,Traffic Alert Traffic is affected at Azad Market Chowk due to falling of two electric poles.,SUCCESS,2026-09-12T15:59:44.069419+00:00,20260912_blind_v5,8d8f5fcab9e03c6a1dfc90d5a2bfc7a3f92959df7f202b8e9bd65a169f2d9337,964481719bec7ca8ddb003cb40c52199478e45d505a7003f8b423877b5717a0a,4a2b52f43470b873361ca0986b132e9f3b3d9892906d1fdea57fadb3f3584e34,True,19.660147,,"{""actual_model"":""ai4bharat/indictrans2-indic-en-1B"",""decoding"":""beam search, no sampling; reproducibility limited to pinned environment/hardware"",""device"":""cpu"",""revision"":""ac3daf0ecd37be3b6957764a9179ab2b07fa9d6a"",""seed"":20260912,""torch_version"":""2.14.0+cpu""}"
record:1978b1fce2f864904b56b457337061278b1b2b7af1477b8d0547d73cb581b73c,778426576387969024,indictrans2,ai4bharat/indictrans2-indic-en-1B,ai4bharat/indictrans2-indic-en-1B,Traffic Alert Traffic on Wazirabad Bridge from Khajuri to Civil Line has been made one way today from 08.00 AM to 10.00 AM.,SUCCESS,2026-09-12T16:00:03.741398+00:00,20260912_blind_v5,8d8f5fcab9e03c6a1dfc90d5a2bfc7a3f92959df7f202b8e9bd65a169f2d9337,d8a9df890f67865929ada853483dd673e0ecdd510a8536550780893418750dc1,728ed0c1a9bde0a46ee5fcbb891722ff2de2e11c09ace735528594c9c98bd6a7,True,25.703785,,"{""actual_model"":""ai4bharat/indictrans2-indic-en-1B"",""decoding"":""beam search, no sampling; reproducibility limited to pinned environment/hardware"",""device"":""cpu"",""revision"":""ac3daf0ecd37be3b6957764a9179ab2b07fa9d6a"",""seed"":20260912,""torch_version"":""2.14.0+cpu""}"
record:198deb37640f3b7519805ce64fed8a891adfb25acd654cba4b840550a72d07bd,1031107231373131776,indictrans2,ai4bharat/indictrans2-indic-en-1B,ai4bharat/indictrans2-indic-en-1B,Traffic Alert Followed Route Traffic is affected due to waterlogging in front of Qutub Minar Metro Station!,SUCCESS,2026-09-12T16:00:29.435153+00:00,20260912_blind_v5,8d8f5fcab9e03c6a1dfc90d5a2bfc7a3f92959df7f202b8e9bd65a169f2d9337,bc10a8c479056763236f1efc7bc47d689ef49cb653d0755b3833fdf43ccdb27c,d45973daaa388695e6b1c74d01b76bc4e0003ae7c097f343cc1fcb75d990ac48,True,5.725454,,"{""actual_model"":""ai4bharat/indictrans2-indic-en-1B"",""decoding"":""beam search, no sampling; reproducibility limited to pinned environment/hardware"",""device"":""cpu"",""revision"":""ac3daf0ecd37be3b6957764a9179ab2b07fa9d6a"",""seed"":20260912,""torch_version"":""2.14.0+cpu""}"
record:19ac5d28a543a8c600519bc78e2e22d81b901d29527387d8a636ed0e71aacb39,1010430944547876864,indictrans2,ai4bharat/indictrans2-indic-en-1B,ai4bharat/indictrans2-indic-en-1B,Traffic Alert Traffic coming from Durgapuri Flyover to GTB Hospital is disrupted due to a crack on the Durgapuri Flyover. Please avoid using this route.,SUCCESS,2026-09-12T16:00:35.165827+00:00,20260912_blind_v5,8d8f5fcab9e03c6a1dfc90d5a2bfc7a3f92959df7f202b8e9bd65a169f2d9337,c11b0ec03ba7f9abc2bcee5b8d8ce4c950f8fe1690174f3a8f9fe3c2a960ad06,adf03825c25b0e150dec6375633d47ca5102279251b28b209b5df9df69bfd8ac,True,8.870281,,"{""actual_model"":""ai4bharat/indictrans2-indic-en-1B"",""decoding"":""beam search, no sampling; reproducibility limited to pinned environment/hardware"",""device"":""cpu"",""revision"":""ac3daf0ecd37be3b6957764a9179ab2b07fa9d6a"",""seed"":20260912,""torch_version"":""2.14.0+cpu""}"
record:19ea4c5af8a53cc88879b200607bfa39a83f2a1eafab3c20ed231057545f34cc,774539770177257473,indictrans2,ai4bharat/indictrans2-indic-en-1B,ai4bharat/indictrans2-indic-en-1B,"Traffic Alert A road roller at the red light of Bharat Nagar dirty drain is defective, due to which traffic is high.",SUCCESS,2026-09-12T16:00:44.039737+00:00,20260912_blind_v5,8d8f5fcab9e03c6a1dfc90d5a2bfc7a3f92959df7f202b8e9bd65a169f2d9337,a44c291c71bc98aa998973ed4b3496087de4f4e6f20dd145638338600f96d006,fcab6db52509887de65c1e5df5f8a5138c8a439e430f338998a5d5e15ede73b6,True,6.620599,,"{""actual_model"":""ai4bharat/indictrans2-indic-en-1B"",""decoding"":""beam search, no sampling; reproducibility limited to pinned environment/hardware"",""device"":""cpu"",""revision"":""ac3daf0ecd37be3b6957764a9179ab2b07fa9d6a"",""seed"":20260912,""torch_version"":""2.14.0+cpu""}"
record:19fed3cf77bf221d4bc278d94f23300e54e9b0ef248b0a6370c30f2544156940,1003062433949204480,indictrans2,ai4bharat/indictrans2-indic-en-1B,ai4bharat/indictrans2-indic-en-1B,"Traffic Alert Date 03-06-2018 Bicycle race will be organized from 07:00 am, the route of which will be as follows: - Connaught Place - GPO - RML - Mother Teresa Crescent Road - President's House (Gate No.26) to U-turn RML - GPO - Baba Kharak Singh Marg - Shivaji Stadium.",SUCCESS,2026-09-12T16:00:50.659799+00:00,20260912_blind_v5,8d8f5fcab9e03c6a1dfc90d5a2bfc7a3f92959df7f202b8e9bd65a169f2d9337,86f9bcf4bded8b00efe7b23b3a05b86eb9146f849ec014483dca91662a269be4,8ec600eb90ea8a41c8cbed76dfbb59dd76cb9a5da317ae75e19b44f2edf13ecc,True,55.445045,,"{""actual_model"":""ai4bharat/indictrans2-indic-en-1B"",""decoding"":""beam search, no sampling; reproducibility limited to pinned environment/hardware"",""device"":""cpu"",""revision"":""ac3daf0ecd37be3b6957764a9179ab2b07fa9d6a"",""seed"":20260912,""torch_version"":""2.14.0+cpu""}"
record:1a185cea2b94f0ca5396a5e0bf758e802ffd78fca6b587f0176de879629b9175,619786649325670400,indictrans2,ai4bharat/indictrans2-indic-en-1B,ai4bharat/indictrans2-indic-en-1B,Traffic Alert Traffic on Zakir Hussain Marg is affected due to a fallen tree. Sorry for the inconvenience.,SUCCESS,2026-09-12T16:01:46.094461+00:00,20260912_blind_v5,8d8f5fcab9e03c6a1dfc90d5a2bfc7a3f92959df7f202b8e9bd65a169f2d9337,6e4f373ff3a39c820ae7939c6a9a1dc4ea74294722e536ca272e02aa6f0baaa7,af0f94e00f7e1588e9239616e9ba74210a1bd60e688412151866e42068ebed93,True,5.452431,,"{""actual_model"":""ai4bharat/indictrans2-indic-en-1B"",""decoding"":""beam search, no sampling; reproducibility limited to pinned environment/hardware"",""device"":""cpu"",""revision"":""ac3daf0ecd37be3b6957764a9179ab2b07fa9d6a"",""seed"":20260912,""torch_version"":""2.14.0+cpu""}"
record:1a2d2fa7032bf8fbb9123130970942b381c049228495b201bded4522b745ec12,907458397187932160,indictrans2,ai4bharat/indictrans2-indic-en-1B,ai4bharat/indictrans2-indic-en-1B,Traffic Alert A tree has fallen on the R.K. Puram Sector 12 red light from Moti Bagh towards Vasant Kunj. Traffic is heavy.,SUCCESS,2026-09-12T16:01:51.556533+00:00,20260912_blind_v5,8d8f5fcab9e03c6a1dfc90d5a2bfc7a3f92959df7f202b8e9bd65a169f2d9337,ce707befcfcb4d0eaa7f59571f723744c527fbb91114b2633b45fe55d8488a9a,81a0c7846fb91f149f16a1c1a82a031479ee1b8a1660670b351fc9c2347a77f0,True,13.790403,,"{""actual_model"":""ai4bharat/indictrans2-indic-en-1B"",""decoding"":""beam search, no sampling; reproducibility limited to pinned environment/hardware"",""device"":""cpu"",""revision"":""ac3daf0ecd37be3b6957764a9179ab2b07fa9d6a"",""seed"":20260912,""torch_version"":""2.14.0+cpu""}"
record:1a6412ca0808c787fe06a957abdea55f0922ed28745a75e09a4dfe40abb2b929,612819892660740096,indictrans2,ai4bharat/indictrans2-indic-en-1B,ai4bharat/indictrans2-indic-en-1B,"Traffic Alert Traffic will be affected due to water logging on Rani Jhansi Road and Kh093Crab Road, sorry for the inconvenience.",SUCCESS,2026-09-12T16:02:05.344702+00:00,20260912_blind_v5,8d8f5fcab9e03c6a1dfc90d5a2bfc7a3f92959df7f202b8e9bd65a169f2d9337,d3a4a26aea2681356240e0e1afcf35fb898fd6d94c69cc383fbf2e08cb7fce09,47d62e14f71c876e5831434639eb7e3d6d806a96448ae054bf46fcbf84d3747f,True,20.81302,,"{""actual_model"":""ai4bharat/indictrans2-indic-en-1B"",""decoding"":""beam search, no sampling; reproducibility limited to pinned environment/hardware"",""device"":""cpu"",""revision"":""ac3daf0ecd37be3b6957764a9179ab2b07fa9d6a"",""seed"":20260912,""torch_version"":""2.14.0+cpu""}"
record:1ac37beef1333e065645d6d9934c904b71f229d8b0663ac16ce75cbc7102dfd2,1033289558874640390,indictrans2,ai4bharat/indictrans2-indic-en-1B,ai4bharat/indictrans2-indic-en-1B,"Traffic Alert From Jwalaheri Market via Ramdev Chowk, Club Road, North Avenue Road, Punjabi Bagh Central Market, the procession will go up to Punjabi Bagh Ring Road.",SUCCESS,2026-09-12T16:02:26.162882+00:00,20260912_blind_v5,8d8f5fcab9e03c6a1dfc90d5a2bfc7a3f92959df7f202b8e9bd65a169f2d9337,4073cc1d4682bf4dcc4437bf342a0822cf17cc021810cdda02560922644e3368,13ac4d9857f403d29780ed44c03f9510095e36c1df8ec0c789be4deba3fad75f,True,21.178465,,"{""actual_model"":""ai4bharat/indictrans2-indic-en-1B"",""decoding"":""beam search, no sampling; reproducibility limited to pinned environment/hardware"",""device"":""cpu"",""revision"":""ac3daf0ecd37be3b6957764a9179ab2b07fa9d6a"",""seed"":20260912,""torch_version"":""2.14.0+cpu""}"
record:1ac46b4b33a0100d987220d80f38e95694c6165e6b229094e335a0385831922b,565832116580392960,indictrans2,ai4bharat/indictrans2-indic-en-1B,ai4bharat/indictrans2-indic-en-1B,"Traffic Alert Peeragarh\ u093Chi Chowk to Madhuban Chowk Traffic is normal, all diversions have been removed.",SUCCESS,2026-09-12T16:02:47.333789+00:00,20260912_blind_v5,8d8f5fcab9e03c6a1dfc90d5a2bfc7a3f92959df7f202b8e9bd65a169f2d9337,50a26d0164eb6435b255d7656549be894e15c96b8df3f85b5d14867d446fb00f,d3757353627ca6877750103e605743ce3cbdbd7f1faa5b7b4d2f099ca2d5b905,True,7.400453,,"{""actual_model"":""ai4bharat/indictrans2-indic-en-1B"",""decoding"":""beam search, no sampling; reproducibility limited to pinned environment/hardware"",""device"":""cpu"",""revision"":""ac3daf0ecd37be3b6957764a9179ab2b07fa9d6a"",""seed"":20260912,""torch_version"":""2.14.0+cpu""}"
record:1b69e82131be49ac8e98161588a1459a7b95a92e403b836f80507b34c406b2f5,1014826036926693376,indictrans2,ai4bharat/indictrans2-indic-en-1B,ai4bharat/indictrans2-indic-en-1B,Traffic Alert Traffic on Kapashera to Dwarka route is disrupted due to a fallen tree. Please avoid this route.,SUCCESS,2026-09-12T16:02:54.734033+00:00,20260912_blind_v5,8d8f5fcab9e03c6a1dfc90d5a2bfc7a3f92959df7f202b8e9bd65a169f2d9337,a60141b8a4ccb18b404ff2702d63662479aa362df4a04eb595b420ac4a6eb5cf,0a7bdc08b38066f749fedc72bf2c2130a89d6b6f699c0c47b27089aa49db1329,True,6.370057,,"{""actual_model"":""ai4bharat/indictrans2-indic-en-1B"",""decoding"":""beam search, no sampling; reproducibility limited to pinned environment/hardware"",""device"":""cpu"",""revision"":""ac3daf0ecd37be3b6957764a9179ab2b07fa9d6a"",""seed"":20260912,""torch_version"":""2.14.0+cpu""}"
record:1c433b5e6356c0e2cae27f4136c2127d058d465cbccb2c22688609c179a5df87,876650752206295040,indictrans2,ai4bharat/indictrans2-indic-en-1B,ai4bharat/indictrans2-indic-en-1B,Traffic Alert Outer Ring Road from Nehru Place to Chirag Delhi due to tree fall in front of Pamposh Bus Stand,SUCCESS,2026-09-12T16:03:01.112003+00:00,20260912_blind_v5,8d8f5fcab9e03c6a1dfc90d5a2bfc7a3f92959df7f202b8e9bd65a169f2d9337,a4cc84a6f4ea4a5b75f42ff80f145cbe0c3140fbeda02511f2d5cf1b050c3e61,18e4386c3cb6a815b6d08bd1fe0e5c7b7b00315ba2cf2563117bd2d9fc31c3c4,True,6.523113,,"{""actual_model"":""ai4bharat/indictrans2-indic-en-1B"",""decoding"":""beam search, no sampling; reproducibility limited to pinned environment/hardware"",""device"":""cpu"",""revision"":""ac3daf0ecd37be3b6957764a9179ab2b07fa9d6a"",""seed"":20260912,""torch_version"":""2.14.0+cpu""}"
record:1d32da55d8f97b143eac31ba29056b588eb8097a544b1ec7a8f632193804ec2a,1068088517476048896,indictrans2,ai4bharat/indictrans2-indic-en-1B,ai4bharat/indictrans2-indic-en-1B,Traffic Alert All India Kisan Sangharsh Coordination Committee march which is currently at Telco Chowk consisting of 700 to 800 people will reach Ramlila Maidan via Kadkadi Mod-Geeta Colony-Yamuna Bridge-Rajghat-Jawaharlal Nehru Marg.,SUCCESS,2026-09-12T16:03:07.628725+00:00,20260912_blind_v5,8d8f5fcab9e03c6a1dfc90d5a2bfc7a3f92959df7f202b8e9bd65a169f2d9337,71da2df077b673471868d02f64bb970b060cbab11e80ef0a94b19a2b26ae5f44,f36112070f41fea689ff7d3fa0ead7d374f7c6546b4a3df22f77c34cbc05adc2,True,47.783001,,"{""actual_model"":""ai4bharat/indictrans2-indic-en-1B"",""decoding"":""beam search, no sampling; reproducibility limited to pinned environment/hardware"",""device"":""cpu"",""revision"":""ac3daf0ecd37be3b6957764a9179ab2b07fa9d6a"",""seed"":20260912,""torch_version"":""2.14.0+cpu""}"
record:1d9ce28aad2f76ac73de34ef6d3cb3950bbd64fd944fb7ee06116d22e999d92d,1113028204967616512,indictrans2,ai4bharat/indictrans2-indic-en-1B,ai4bharat/indictrans2-indic-en-1B,Traffic Alert Corporation A DTC bus that caught fire near Hanuman Mandir Flyover on the route from Bodh Ghat to Rajghat has been removed.,SUCCESS,2026-09-12T16:03:55.412722+00:00,20260912_blind_v5,8d8f5fcab9e03c6a1dfc90d5a2bfc7a3f92959df7f202b8e9bd65a169f2d9337,8908d8b1411a449fd3cf1c1e759a00398c05742615552c46af72b78b175196db,4f1bee86c9a65fe53fe16f0927926b0450e75648fc94ecbb9121fd46dde4c4a0,True,7.48048,,"{""actual_model"":""ai4bharat/indictrans2-indic-en-1B"",""decoding"":""beam search, no sampling; reproducibility limited to pinned environment/hardware"",""device"":""cpu"",""revision"":""ac3daf0ecd37be3b6957764a9179ab2b07fa9d6a"",""seed"":20260912,""torch_version"":""2.14.0+cpu""}"
record:1e76edc29d0275831b5f9339ab483fda25497b23c21886456120f1ed5b8d646a,602084095590604800,indictrans2,ai4bharat/indictrans2-indic-en-1B,ai4bharat/indictrans2-indic-en-1B,Traffic Alert Candle marchers are on Kasturba Gandhi Marg due to which these routes are also affected and traffic has been diverted.,SUCCESS,2026-09-12T16:04:02.887981+00:00,20260912_blind_v5,8d8f5fcab9e03c6a1dfc90d5a2bfc7a3f92959df7f202b8e9bd65a169f2d9337,b3fefa03bf9cf3e9de6a69b206bef73d6eb267cfc0676d99a01af108fb37627b,74d1d8f1eae26edc8cf3c8901ed5a9cab595acfd1bac9e5d5cc55482442a25ef,True,7.184949,,"{""actual_model"":""ai4bharat/indictrans2-indic-en-1B"",""decoding"":""beam search, no sampling; reproducibility limited to pinned environment/hardware"",""device"":""cpu"",""revision"":""ac3daf0ecd37be3b6957764a9179ab2b07fa9d6a"",""seed"":20260912,""torch_version"":""2.14.0+cpu""}"
record:1e8c84ad718a905f9bf43018f55fc13513c2c7618fb9735aae9b4fb6300fd887,1089159257625251840,indictrans2,ai4bharat/indictrans2-indic-en-1B,ai4bharat/indictrans2-indic-en-1B,"Traffic Alert Select City Mall Saket's both parking lots are full, cars are parked on the road, due to which traffic is affected.",SUCCESS,2026-09-12T16:04:10.085194+00:00,20260912_blind_v5,8d8f5fcab9e03c6a1dfc90d5a2bfc7a3f92959df7f202b8e9bd65a169f2d9337,b3877dd3e4925bf69c63539107011dbd7181986e6afd76c1cb2a7db0fd2df414,8f7a083469cfbf4587a9f44be9a62b028bd309c6bd1a36c1086093fedff98913,True,6.882293,,"{""actual_model"":""ai4bharat/indictrans2-indic-en-1B"",""decoding"":""beam search, no sampling; reproducibility limited to pinned environment/hardware"",""device"":""cpu"",""revision"":""ac3daf0ecd37be3b6957764a9179ab2b07fa9d6a"",""seed"":20260912,""torch_version"":""2.14.0+cpu""}"
record:1eaa2a93ab5870488dd50f6541184d17d78a99c3bb4e330478727a45163c4fd9,915174866537529344,indictrans2,ai4bharat/indictrans2-indic-en-1B,ai4bharat/indictrans2-indic-en-1B,"Traffic Alert Bridge work is going on at Azad Market and Commercial Market is open today after 3 days holiday Sadar Bazar, Chandni Chowk 1 / 2",SUCCESS,2026-09-12T16:04:16.960674+00:00,20260912_blind_v5,8d8f5fcab9e03c6a1dfc90d5a2bfc7a3f92959df7f202b8e9bd65a169f2d9337,0b6632cc7b8c52c6266fb0e4496e21182298d9b1eb2705e642b5bc0168513c1d,c63f1b06367dbc0b6500c5f026b475445c1e46d9b620f6154f27b6c58687471e,True,19.502623,,"{""actual_model"":""ai4bharat/indictrans2-indic-en-1B"",""decoding"":""beam search, no sampling; reproducibility limited to pinned environment/hardware"",""device"":""cpu"",""revision"":""ac3daf0ecd37be3b6957764a9179ab2b07fa9d6a"",""seed"":20260912,""torch_version"":""2.14.0+cpu""}"
record:1eaea1bdf3c9c6adb0eba3395988ba16221a76b4b0a24c9894978f2d1663f571,1072336992942415872,indictrans2,ai4bharat/indictrans2-indic-en-1B,ai4bharat/indictrans2-indic-en-1B,"Traffic Alert A truck has broken down at the New Friends Colony red light on the way from Ashram to Badarpur, due to which traffic is disrupted.",SUCCESS,2026-09-12T16:04:36.462948+00:00,20260912_blind_v5,8d8f5fcab9e03c6a1dfc90d5a2bfc7a3f92959df7f202b8e9bd65a169f2d9337,82c1e3e65ce8cf81b5a670303ea8113ea0074a3428cb1629800001f032cd5209,67de9bd9f806dddebb756364dff9dac39e49d0cc048c64d2960ea7ceeda26bb5,True,21.026589,,"{""actual_model"":""ai4bharat/indictrans2-indic-en-1B"",""decoding"":""beam search, no sampling; reproducibility limited to pinned environment/hardware"",""device"":""cpu"",""revision"":""ac3daf0ecd37be3b6957764a9179ab2b07fa9d6a"",""seed"":20260912,""torch_version"":""2.14.0+cpu""}"
record:1f38661aa7cad46e1857dd1968e8f5c0976c6b4635ed1884830cf1c526e76d75,779887344505815040,indictrans2,ai4bharat/indictrans2-indic-en-1B,ai4bharat/indictrans2-indic-en-1B,"Traffic Alert A Delhi Jal Board pipeline has burst near Sevadham Primary School, Seemapuri affecting traffic here.",SUCCESS,2026-09-12T16:04:57.494503+00:00,20260912_blind_v5,8d8f5fcab9e03c6a1dfc90d5a2bfc7a3f92959df7f202b8e9bd65a169f2d9337,d55a6582f5c8d98167af92a8ea2d1cf4b135a39c3c9ddf506a0f9d9e9b580228,508f35f619a74242ea268d76715599a19f48b2c6dd5bd53a56a677d4f798f5e1,True,14.207597,,"{""actual_model"":""ai4bharat/indictrans2-indic-en-1B"",""decoding"":""beam search, no sampling; reproducibility limited to pinned environment/hardware"",""device"":""cpu"",""revision"":""ac3daf0ecd37be3b6957764a9179ab2b07fa9d6a"",""seed"":20260912,""torch_version"":""2.14.0+cpu""}"
record:1fdc7f506e5edecfa529d2ec5ff0f8c6c7d5dd4b61afd33a86000289dc161b74,1075950667221622784,indictrans2,ai4bharat/indictrans2-indic-en-1B,ai4bharat/indictrans2-indic-en-1B,"Traffic Alert On the way from Peeragarhi Chowk to Madhuban Chowk, there is oil spread over the flyover due to which there may be an accident, please avoid using this route.",SUCCESS,2026-09-12T16:05:11.689553+00:00,20260912_blind_v5,8d8f5fcab9e03c6a1dfc90d5a2bfc7a3f92959df7f202b8e9bd65a169f2d9337,2c5c75f06e97fd305ce765bef4b89b7017263612a4e03f8a6e2f53a2d701569a,e65324d6d0a5a33bdc323707e0711ddc401285c14ccda5c32ab2f7b04e143478,True,10.22481,,"{""actual_model"":""ai4bharat/indictrans2-indic-en-1B"",""decoding"":""beam search, no sampling; reproducibility limited to pinned environment/hardware"",""device"":""cpu"",""revision"":""ac3daf0ecd37be3b6957764a9179ab2b07fa9d6a"",""seed"":20260912,""torch_version"":""2.14.0+cpu""}"
record:1fe19da70e890b07fd75005ca5fd641c0000fa550cfdefcd51d09130d70db61f,1097771097628372992,indictrans2,ai4bharat/indictrans2-indic-en-1B,ai4bharat/indictrans2-indic-en-1B,Traffic Alert Ravidas Jayanti procession which started from Lahori Gate has reached Hamdard Chowk Asaf Ali Road.,SUCCESS,2026-09-12T16:05:21.927279+00:00,20260912_blind_v5,8d8f5fcab9e03c6a1dfc90d5a2bfc7a3f92959df7f202b8e9bd65a169f2d9337,dd5ebed7ac9379f83fd68d40992c04da58d9c51f6ff0fe6d69855c94c1e7278f,cbbb2458ccb819cbe60d5a5557e7333ed30a7b461b56495139a558ed091f79ff,True,6.460496,,"{""actual_model"":""ai4bharat/indictrans2-indic-en-1B"",""decoding"":""beam search, no sampling; reproducibility limited to pinned environment/hardware"",""device"":""cpu"",""revision"":""ac3daf0ecd37be3b6957764a9179ab2b07fa9d6a"",""seed"":20260912,""torch_version"":""2.14.0+cpu""}"
record:1fe30d84a8a87aae78ef703dd39e53e654efb669e77c9ad5a3f30b1c67751349,885716959131713536,indictrans2,ai4bharat/indictrans2-indic-en-1B,ai4bharat/indictrans2-indic-en-1B,"Traffic Alert Due to police bandobust, the route of buses has been diverted from R.K. Puram Sector 12 towards Vasant Vihar.",SUCCESS,2026-09-12T16:05:28.378487+00:00,20260912_blind_v5,8d8f5fcab9e03c6a1dfc90d5a2bfc7a3f92959df7f202b8e9bd65a169f2d9337,cbc05ab0396935bb20203eedc1687e3868b82b699ef24d32039f7f9ac10a6d0a,d80b4affbad79d73fcea9764a37ac2dd8b58df64f5f81f4a6ab9ef04ded05692,True,18.142919,,"{""actual_model"":""ai4bharat/indictrans2-indic-en-1B"",""decoding"":""beam search, no sampling; reproducibility limited to pinned environment/hardware"",""device"":""cpu"",""revision"":""ac3daf0ecd37be3b6957764a9179ab2b07fa9d6a"",""seed"":20260912,""torch_version"":""2.14.0+cpu""}"
record:207f50ba5aafc2962c5a4c69ed42cc9ea6da4364a74824462fd936e3d0a3bdbe,911515605500489728,indictrans2,ai4bharat/indictrans2-indic-en-1B,ai4bharat/indictrans2-indic-en-1B,Traffic Alert A-3 Block From Meera Bagh roundabout to Jwalaheri Market and Multan Nagar due to a tree falling near CGHS Dispensary,SUCCESS,2026-09-12T16:05:46.524667+00:00,20260912_blind_v5,8d8f5fcab9e03c6a1dfc90d5a2bfc7a3f92959df7f202b8e9bd65a169f2d9337,2f5050bcffc8711eb6dcb48e78b7d7220864565fc44ca0996ca1bfd7d824229c,1ba68d80f9a53ef53e9ca9d4905f10e2a965b283705779960dacadbf894504f0,True,26.216863,,"{""actual_model"":""ai4bharat/indictrans2-indic-en-1B"",""decoding"":""beam search, no sampling; reproducibility limited to pinned environment/hardware"",""device"":""cpu"",""revision"":""ac3daf0ecd37be3b6957764a9179ab2b07fa9d6a"",""seed"":20260912,""torch_version"":""2.14.0+cpu""}"
record:2099e094ad6f88dd803d759b80e66e0ac5a6048fa161ab87dd8a0a8464340250,1075958018976768000,indictrans2,ai4bharat/indictrans2-indic-en-1B,ai4bharat/indictrans2-indic-en-1B,"Traffic Alert On the way from Madhuban Chowk to Mukarba Chowk, there is oil spread over the flyover due to which there is a possibility of an accident, please avoid using this route.",SUCCESS,2026-09-12T16:06:12.745229+00:00,20260912_blind_v5,8d8f5fcab9e03c6a1dfc90d5a2bfc7a3f92959df7f202b8e9bd65a169f2d9337,7d2ab1ab114ddc75ccd65de686919a9b1ebb41024d84e5d9fc0fd442a8484658,04e08cc6c8bf8a2ec482aeec14f46eae70e038f7c70f080fae7d7a733ce3d598,True,16.617833,,"{""actual_model"":""ai4bharat/indictrans2-indic-en-1B"",""decoding"":""beam search, no sampling; reproducibility limited to pinned environment/hardware"",""device"":""cpu"",""revision"":""ac3daf0ecd37be3b6957764a9179ab2b07fa9d6a"",""seed"":20260912,""torch_version"":""2.14.0+cpu""}"
record:2133726f824db096ff82196002cab3f6247602d95d707b4d5ed7bd10848ac4ec,565142986968035328,indictrans2,ai4bharat/indictrans2-indic-en-1B,ai4bharat/indictrans2-indic-en-1B,"Traffic Alert Ring Road to Ashram, Mathura Road Traffic is heavy.",SUCCESS,2026-09-12T16:06:29.358894+00:00,20260912_blind_v5,8d8f5fcab9e03c6a1dfc90d5a2bfc7a3f92959df7f202b8e9bd65a169f2d9337,fd15761c1d60a30c6d7007357c86348eb67f0fd3121211fb755b9c072f73f9e6,988c69f3b49af204e24815c4974bf60b8428f590886469a8b676e583c09e27e9,True,3.815553,,"{""actual_model"":""ai4bharat/indictrans2-indic-en-1B"",""decoding"":""beam search, no sampling; reproducibility limited to pinned environment/hardware"",""device"":""cpu"",""revision"":""ac3daf0ecd37be3b6957764a9179ab2b07fa9d6a"",""seed"":20260912,""torch_version"":""2.14.0+cpu""}"
record:21420511a450f36ce3f470f2682dcc43a2b74fabf64a60c2a4989153774359f3,547730864256589826,indictrans2,ai4bharat/indictrans2-indic-en-1B,ai4bharat/indictrans2-indic-en-1B,Traffic Alert The route from Patel Chowk towards GPO (Ashok Road\ u093C) is normal for traffic.,SUCCESS,2026-09-12T16:06:33.176698+00:00,20260912_blind_v5,8d8f5fcab9e03c6a1dfc90d5a2bfc7a3f92959df7f202b8e9bd65a169f2d9337,991a74abc890754bb0b8d2532b65c657f108efd4b9b2d9f6ac0e5c915cc1553e,693a17156753753caaf40eb308291bfd62102d40defac4605e7167584ace172c,True,6.829307,,"{""actual_model"":""ai4bharat/indictrans2-indic-en-1B"",""decoding"":""beam search, no sampling; reproducibility limited to pinned environment/hardware"",""device"":""cpu"",""revision"":""ac3daf0ecd37be3b6957764a9179ab2b07fa9d6a"",""seed"":20260912,""torch_version"":""2.14.0+cpu""}"
record:214bd96347a28e5aae6c8649e99d72b7b8855ca82d840d24618107f63e19b862,1088076799584522240,indictrans2,ai4bharat/indictrans2-indic-en-1B,ai4bharat/indictrans2-indic-en-1B,"Traffic Alert Two cars have caught fire on Road No. 66 on the way from Anand Vihar to Apsara Border, due to which traffic is disrupted.",SUCCESS,2026-09-12T16:06:40.010930+00:00,20260912_blind_v5,8d8f5fcab9e03c6a1dfc90d5a2bfc7a3f92959df7f202b8e9bd65a169f2d9337,2fe6d14e2894eff7d2c304f33549d83a705a8655ccb9432d5cdf7b8ac95c003d,d48fb010819fb5e010b32878d2dda5d8b40747bcf04a7b8a4c083fb158cb9ccc,True,11.222919,,"{""actual_model"":""ai4bharat/indictrans2-indic-en-1B"",""decoding"":""beam search, no sampling; reproducibility limited to pinned environment/hardware"",""device"":""cpu"",""revision"":""ac3daf0ecd37be3b6957764a9179ab2b07fa9d6a"",""seed"":20260912,""torch_version"":""2.14.0+cpu""}"
record:216d79ac08393b630efd1adff6e0823556542f0d1bd58c60982bddfebe8f1af3,1067225904378597377,indictrans2,ai4bharat/indictrans2-indic-en-1B,ai4bharat/indictrans2-indic-en-1B,Traffic Alert A metro crane has broken down on National Highway 48 near Dhaula Kuan flyover affecting traffic.,SUCCESS,2026-09-12T16:06:51.235015+00:00,20260912_blind_v5,8d8f5fcab9e03c6a1dfc90d5a2bfc7a3f92959df7f202b8e9bd65a169f2d9337,6edb83fe5f1d85bc9d4769b7fee323f23f408a459f9a86b60f73fe02f2680cf3,4bbec34038519101f23662cd5624eda3c6a07b08475f9ff2dd8ccb24a141cf97,True,20.163457,,"{""actual_model"":""ai4bharat/indictrans2-indic-en-1B"",""decoding"":""beam search, no sampling; reproducibility limited to pinned environment/hardware"",""device"":""cpu"",""revision"":""ac3daf0ecd37be3b6957764a9179ab2b07fa9d6a"",""seed"":20260912,""torch_version"":""2.14.0+cpu""}"
record:21758d03430a6ce6f09d29b872f6be7eb7c81a3f2f2e1f63470a2d1b3634b1f7,1063751418748776454,indictrans2,ai4bharat/indictrans2-indic-en-1B,ai4bharat/indictrans2-indic-en-1B,"Traffic Alert The tractor trolley that overturned near Mirsingh Market Narela has been removed, traffic is normal now.",SUCCESS,2026-09-12T16:07:11.401371+00:00,20260912_blind_v5,8d8f5fcab9e03c6a1dfc90d5a2bfc7a3f92959df7f202b8e9bd65a169f2d9337,5fd919e6784121d1ad4b143583cb140d42171469cf15a47c16d4616bd8aac734,4fbb04d8c93415fcf2d8266b03e2ebc9b6c39d7f795d0cc2423271b7cd0207ff,True,19.290906,,"{""actual_model"":""ai4bharat/indictrans2-indic-en-1B"",""decoding"":""beam search, no sampling; reproducibility limited to pinned environment/hardware"",""device"":""cpu"",""revision"":""ac3daf0ecd37be3b6957764a9179ab2b07fa9d6a"",""seed"":20260912,""torch_version"":""2.14.0+cpu""}"
record:228887e2b70dbf58a2de28996967d417fe98a0734e2c2811670c224e563e1db5,920655518414249989,indictrans2,ai4bharat/indictrans2-indic-en-1B,ai4bharat/indictrans2-indic-en-1B,Traffic Alert Traffic going from Delhi Cantt towards Dwarka Flyover there is a bad bus!,SUCCESS,2026-09-12T16:07:30.692039+00:00,20260912_blind_v5,8d8f5fcab9e03c6a1dfc90d5a2bfc7a3f92959df7f202b8e9bd65a169f2d9337,220413ad636b04a8c7efa2a10513e3537a1cf569b4887fded88c55eec594f8dc,65151a63ab44f5db1642f7ef97bc98b0d8ec9fbdbe398987d899cb25b00c1fae,True,14.210778,,"{""actual_model"":""ai4bharat/indictrans2-indic-en-1B"",""decoding"":""beam search, no sampling; reproducibility limited to pinned environment/hardware"",""device"":""cpu"",""revision"":""ac3daf0ecd37be3b6957764a9179ab2b07fa9d6a"",""seed"":20260912,""torch_version"":""2.14.0+cpu""}"
record:22ff48bd68f5d3a87694f1c5eddeea8d381638ae8d52c283e6c7a7808b97da42,916916177850343424,indictrans2,ai4bharat/indictrans2-indic-en-1B,ai4bharat/indictrans2-indic-en-1B,Traffic Alert Delhi Jal Board work is going on near Mahavir Enclave due to which traffic is high on Palam Dabri road.,SUCCESS,2026-09-12T16:07:44.896597+00:00,20260912_blind_v5,8d8f5fcab9e03c6a1dfc90d5a2bfc7a3f92959df7f202b8e9bd65a169f2d9337,c26af401bb4dac2dffabcb59eb91e8f3f12a8151d1f52468dec5bfe6b848294a,6fd0647ab2fc766330326e0ae67e0b43b0b289421e36e296a962388651af0a7b,True,6.928486,,"{""actual_model"":""ai4bharat/indictrans2-indic-en-1B"",""decoding"":""beam search, no sampling; reproducibility limited to pinned environment/hardware"",""device"":""cpu"",""revision"":""ac3daf0ecd37be3b6957764a9179ab2b07fa9d6a"",""seed"":20260912,""torch_version"":""2.14.0+cpu""}"
record:2318f4ebf3eb4aef7a59c4ee287814a96c5094fd1485b7eb11c86abc4668cbc0,1051132093235978241,indictrans2,ai4bharat/indictrans2-indic-en-1B,ai4bharat/indictrans2-indic-en-1B,Traffic Alert Delhi Jal Board will be operational near Moti Bagh Chowk en route Moti Bagh Chowk to Rao Tularam from 2200 HRS tonight to 0500 HRS tomorrow morning.,SUCCESS,2026-09-12T16:07:51.830875+00:00,20260912_blind_v5,8d8f5fcab9e03c6a1dfc90d5a2bfc7a3f92959df7f202b8e9bd65a169f2d9337,6999a177110868d9eea694b2c919dac2befd9c4b09e1048a912dd85d8be29820,4eaf3545c4ea927c45b9f4a6dbadb10f4dd418ddec4dfccef80917113b25b496,True,9.936327,,"{""actual_model"":""ai4bharat/indictrans2-indic-en-1B"",""decoding"":""beam search, no sampling; reproducibility limited to pinned environment/hardware"",""device"":""cpu"",""revision"":""ac3daf0ecd37be3b6957764a9179ab2b07fa9d6a"",""seed"":20260912,""torch_version"":""2.14.0+cpu""}"
record:234e5f621a73ad7ba9884b4ff0af3730cdab29fb34105bc5a3203a85a7750659,623865786541719552,indictrans2,ai4bharat/indictrans2-indic-en-1B,ai4bharat/indictrans2-indic-en-1B,Traffic Alert Some people may stage a sit-in on MB Road (Khanpur to Lado Sarai Sainik Farm House Gate No. 1).,SUCCESS,2026-09-12T16:08:01.762459+00:00,20260912_blind_v5,8d8f5fcab9e03c6a1dfc90d5a2bfc7a3f92959df7f202b8e9bd65a169f2d9337,56ab69533dc94aa9333690c1725fc1e564156fe0cba9808d15a07a54fdaeba7b,e97be32e625a5f9a9bb68fd38679ec01d3e66ff0db574bb1d8e3fbcd503ffc3d,True,7.303413,,"{""actual_model"":""ai4bharat/indictrans2-indic-en-1B"",""decoding"":""beam search, no sampling; reproducibility limited to pinned environment/hardware"",""device"":""cpu"",""revision"":""ac3daf0ecd37be3b6957764a9179ab2b07fa9d6a"",""seed"":20260912,""torch_version"":""2.14.0+cpu""}"
record:238b6217771f8c867f1bebbe1b2eaae4476ac935e2cefab54ce99829b036c4ad,1021042965828067330,indictrans2,ai4bharat/indictrans2-indic-en-1B,ai4bharat/indictrans2-indic-en-1B,Traffic Alert The road from Dwarka Mod to Delhi Gate has caved in which has been closed for repair by DMRC. Traffic has been diverted.,SUCCESS,2026-09-12T16:08:09.071537+00:00,20260912_blind_v5,8d8f5fcab9e03c6a1dfc90d5a2bfc7a3f92959df7f202b8e9bd65a169f2d9337,822e7cbcde3c0210b9342146a1c05b51797a05af7726e3a1605b580f4689ce0a,030fb2b6952713d8ce01d60f94e4a7bef58d35777078edc5fbeb24495d8f8b1f,True,23.610832,,"{""actual_model"":""ai4bharat/indictrans2-indic-en-1B"",""decoding"":""beam search, no sampling; reproducibility limited to pinned environment/hardware"",""device"":""cpu"",""revision"":""ac3daf0ecd37be3b6957764a9179ab2b07fa9d6a"",""seed"":20260912,""torch_version"":""2.14.0+cpu""}"
record:240f5e09d8923ca5ff21d1e30f8906fc44a339c5cd9407df36b15982635fc199,868689079373750272,indictrans2,ai4bharat/indictrans2-indic-en-1B,ai4bharat/indictrans2-indic-en-1B,Traffic Alert Traffic is disrupted at Azad Market Chowk due to bursting of water pipeline. Please avoid using this route.,SUCCESS,2026-09-12T16:08:32.681856+00:00,20260912_blind_v5,8d8f5fcab9e03c6a1dfc90d5a2bfc7a3f92959df7f202b8e9bd65a169f2d9337,f938936102a72cd3b2defd6eeaac0a364cf826499360afe1e9597a4658820884,d47c113a83e4dc73f368a5294e85abf5c183d357c84ce43f57313f9cc27914f3,True,16.166206,,"{""actual_model"":""ai4bharat/indictrans2-indic-en-1B"",""decoding"":""beam search, no sampling; reproducibility limited to pinned environment/hardware"",""device"":""cpu"",""revision"":""ac3daf0ecd37be3b6957764a9179ab2b07fa9d6a"",""seed"":20260912,""torch_version"":""2.14.0+cpu""}"
record:241074e778c604f2098475101c5e8e580d1652b53157a1b6f7e4d6df70556ff5,877088616106741761,indictrans2,ai4bharat/indictrans2-indic-en-1B,ai4bharat/indictrans2-indic-en-1B,"Traffic on Outer Circle Connaught Place, JLN Marg, Ajmeri Gate will be affected for the next two hours due to Traffic Alert Yoga event.",SUCCESS,2026-09-12T16:08:48.845638+00:00,20260912_blind_v5,8d8f5fcab9e03c6a1dfc90d5a2bfc7a3f92959df7f202b8e9bd65a169f2d9337,4215e72731ccbd172576d50ed0fed28b8fe87fd739758568a4b6876d5d237c30,797e3bfeb41e9a5531f9aaf30662623db109a4f63a287e4564eab9f9905bd4a0,True,21.839372,,"{""actual_model"":""ai4bharat/indictrans2-indic-en-1B"",""decoding"":""beam search, no sampling; reproducibility limited to pinned environment/hardware"",""device"":""cpu"",""revision"":""ac3daf0ecd37be3b6957764a9179ab2b07fa9d6a"",""seed"":20260912,""torch_version"":""2.14.0+cpu""}"
record:245941331d0b2ee59e0c18e372232a536545e54b1516c5bce9b15af629171f97,784231107742969857,indictrans2,ai4bharat/indictrans2-indic-en-1B,ai4bharat/indictrans2-indic-en-1B,"Traffic Alert 1 / 2 On the route from Khajuri to Wazirabad today, traffic is being one way from 08.00 AM to 10.00 AM and across the Yamuna.",SUCCESS,2026-09-12T16:09:10.676010+00:00,20260912_blind_v5,8d8f5fcab9e03c6a1dfc90d5a2bfc7a3f92959df7f202b8e9bd65a169f2d9337,a7ea94e213968341b0a71c7e98001c34d522100dbc1bc3a14a3b0bd8053c4bc9,a6403a229a2b883fc358995ff059be5a16c9c38396057d61e14b776d95df1cb8,True,9.905372,,"{""actual_model"":""ai4bharat/indictrans2-indic-en-1B"",""decoding"":""beam search, no sampling; reproducibility limited to pinned environment/hardware"",""device"":""cpu"",""revision"":""ac3daf0ecd37be3b6957764a9179ab2b07fa9d6a"",""seed"":20260912,""torch_version"":""2.14.0+cpu""}"
record:249181b62a8b707852663815b69fcbe5cb51dc7eaaeb71ec0afd90e6bde709de,1037904556997242882,indictrans2,ai4bharat/indictrans2-indic-en-1B,ai4bharat/indictrans2-indic-en-1B,Traffic Alert Traffic is blocked on Vishnu Digambar Marg due to a fallen tree. Please avoid using this route.,SUCCESS,2026-09-12T16:09:20.588235+00:00,20260912_blind_v5,8d8f5fcab9e03c6a1dfc90d5a2bfc7a3f92959df7f202b8e9bd65a169f2d9337,a4eb2212e4590d2e8f18d719de9be4b0f622398ad77011fd76ae2c99420e6ecc,9430dec5a130d44a53d9e9f741b62daa792b6faa1ec4c61f312a42367bc58315,True,6.146721,,"{""actual_model"":""ai4bharat/indictrans2-indic-en-1B"",""decoding"":""beam search, no sampling; reproducibility limited to pinned environment/hardware"",""device"":""cpu"",""revision"":""ac3daf0ecd37be3b6957764a9179ab2b07fa9d6a"",""seed"":20260912,""torch_version"":""2.14.0+cpu""}"
record:24d9ebddfe83db5b19eeb8dffa006bff6890edda053a1df5192ca4972661370b,629581188433342464,indictrans2,ai4bharat/indictrans2-indic-en-1B,ai4bharat/indictrans2-indic-en-1B,Traffic Alert Traffic is now normal from Nehru Place towards Panchsheel.,SUCCESS,2026-09-12T16:09:26.740511+00:00,20260912_blind_v5,8d8f5fcab9e03c6a1dfc90d5a2bfc7a3f92959df7f202b8e9bd65a169f2d9337,7a5a68e3c5d65d65f14e8c215d0a8e5c7eb81a4233099b6ffacfc66229507574,012a3c7d0ac7fe25e493a304a24235e440d413bdaedcafdbff8b2df1ebe250ba,True,3.66612,,"{""actual_model"":""ai4bharat/indictrans2-indic-en-1B"",""decoding"":""beam search, no sampling; reproducibility limited to pinned environment/hardware"",""device"":""cpu"",""revision"":""ac3daf0ecd37be3b6957764a9179ab2b07fa9d6a"",""seed"":20260912,""torch_version"":""2.14.0+cpu""}"
record:2524dbca9b38410194bf38caeeac2f64ae9e7b4df657db38b0047d68854b18b3,1123916760082722817,indictrans2,ai4bharat/indictrans2-indic-en-1B,ai4bharat/indictrans2-indic-en-1B,"Traffic Alert 2 trees have fallen on the road going from Andheria Mor to Vasant Kunj, due to which traffic is disrupted.",SUCCESS,2026-09-12T16:09:30.402666+00:00,20260912_blind_v5,8d8f5fcab9e03c6a1dfc90d5a2bfc7a3f92959df7f202b8e9bd65a169f2d9337,1e4a9b9f09a520fa9ca72ffb06dfb93d706f4f14424513cfa1a41326ef08aac9,bf240132eae12ce6fb59ab1804e5eccfc8341f99bf017bacf6c09a6822afec5a,True,15.951775,,"{""actual_model"":""ai4bharat/indictrans2-indic-en-1B"",""decoding"":""beam search, no sampling; reproducibility limited to pinned environment/hardware"",""device"":""cpu"",""revision"":""ac3daf0ecd37be3b6957764a9179ab2b07fa9d6a"",""seed"":20260912,""torch_version"":""2.14.0+cpu""}"
record:2551327d2996c57a1a360b1f954315e31e3c11d0c47c29c77577c20af2dcae28,903455364120698884,indictrans2,ai4bharat/indictrans2-indic-en-1B,ai4bharat/indictrans2-indic-en-1B,Traffic Alert Agarwal Chowk Munirka सी.एन.जी Traffic is affected due to a big pothole on the road near the pump.,SUCCESS,2026-09-12T16:09:46.360636+00:00,20260912_blind_v5,8d8f5fcab9e03c6a1dfc90d5a2bfc7a3f92959df7f202b8e9bd65a169f2d9337,592c7d51a2b12d837ea0d00e911d57a10ca48fe0f37123954c74558ba8d927dd,a98f0d52b6c5e1ab2bffd198038cebe37c2950b431a6e1700c5043c7501301a3,True,37.854029,,"{""actual_model"":""ai4bharat/indictrans2-indic-en-1B"",""decoding"":""beam search, no sampling; reproducibility limited to pinned environment/hardware"",""device"":""cpu"",""revision"":""ac3daf0ecd37be3b6957764a9179ab2b07fa9d6a"",""seed"":20260912,""torch_version"":""2.14.0+cpu""}"
record:26119785699255f41b89e26b0c365b2da18f40fa8ae0834e856694c73d865550,569719704299937793,indictrans2,ai4bharat/indictrans2-indic-en-1B,ai4bharat/indictrans2-indic-en-1B,Traffic Alert Traffic is now normal near Mayapuri Flyover which was obstructed due to work being done by Delhi Jal Board.,SUCCESS,2026-09-12T16:10:24.213789+00:00,20260912_blind_v5,8d8f5fcab9e03c6a1dfc90d5a2bfc7a3f92959df7f202b8e9bd65a169f2d9337,ff59d5fd34b480eba68eb21b32381930c23253ce77173a9cf6c4a08aaa49be92,bd90a69eb1f1fb25c5695f43aa5c1545761b7a8f3769da85afe3e38294107f71,True,9.555572,,"{""actual_model"":""ai4bharat/indictrans2-indic-en-1B"",""decoding"":""beam search, no sampling; reproducibility limited to pinned environment/hardware"",""device"":""cpu"",""revision"":""ac3daf0ecd37be3b6957764a9179ab2b07fa9d6a"",""seed"":20260912,""torch_version"":""2.14.0+cpu""}"
record:2699f63954be2c88dd84d73adfc2dd3a6a76af8c26395557fc28e6da833271f6,1022722355821330433,indictrans2,ai4bharat/indictrans2-indic-en-1B,ai4bharat/indictrans2-indic-en-1B,Traffic Alert: Phirni Road Najafgarh to Nangloi stretch is affected due to potholes.,SUCCESS,2026-09-12T16:10:33.759734+00:00,20260912_blind_v5,8d8f5fcab9e03c6a1dfc90d5a2bfc7a3f92959df7f202b8e9bd65a169f2d9337,9ec7b6a433e78a819581a1933d0a967ed11e088962b8c7d01bc2dab891f9279d,30905062c7067ad0d7a3108ef285f0aa27dab2cc84afd0040748b3464f078190,True,6.46281,,"{""actual_model"":""ai4bharat/indictrans2-indic-en-1B"",""decoding"":""beam search, no sampling; reproducibility limited to pinned environment/hardware"",""device"":""cpu"",""revision"":""ac3daf0ecd37be3b6957764a9179ab2b07fa9d6a"",""seed"":20260912,""torch_version"":""2.14.0+cpu""}"
record:26de91cd74203822911fe274075efdc5677186a29e9fb7fd4e7c8b55e9091cc9,786068001841881089,indictrans2,ai4bharat/indictrans2-indic-en-1B,ai4bharat/indictrans2-indic-en-1B,"PART 1 / 2. Traffic Alert 1430HRS 6 / 7Tajiye Mehrauli to Karbala via Qutub Road, Aurobindo Marg, IIT, INA to Karbala.",SUCCESS,2026-09-12T16:10:40.233644+00:00,20260912_blind_v5,8d8f5fcab9e03c6a1dfc90d5a2bfc7a3f92959df7f202b8e9bd65a169f2d9337,753346b1ff6158a87b5c2c225c785320b86c9483a7ca8c66b4fd27c4ceef7e57,5d24b62a16d44b522827a10a4b6bf5ada79fccaddd01373883d8cbd48d87c8af,True,39.992141,,"{""actual_model"":""ai4bharat/indictrans2-indic-en-1B"",""decoding"":""beam search, no sampling; reproducibility limited to pinned environment/hardware"",""device"":""cpu"",""revision"":""ac3daf0ecd37be3b6957764a9179ab2b07fa9d6a"",""seed"":20260912,""torch_version"":""2.14.0+cpu""}"
record:2718978cf8a4134d2c58ebaf3876db13385c86addd5d3d0a6d4fcb43ad54da33,874652116605743104,indictrans2,ai4bharat/indictrans2-indic-en-1B,ai4bharat/indictrans2-indic-en-1B,"Traffic Alert Due to Metro failure at Akshardham Metro Station, there is overcrowding and traffic is affected. Please avoid using this route.",SUCCESS,2026-09-12T16:11:20.212801+00:00,20260912_blind_v5,8d8f5fcab9e03c6a1dfc90d5a2bfc7a3f92959df7f202b8e9bd65a169f2d9337,5e4d51491dfc32394c0fa482c8f18a7b5cd5c4e71db6ccecb5b0a6298b53a012,9833f018d6ccc2e8ed2afe5b551bed50d6f38ab205afcad7d76cc8f1789d6fec,True,9.018678,,"{""actual_model"":""ai4bharat/indictrans2-indic-en-1B"",""decoding"":""beam search, no sampling; reproducibility limited to pinned environment/hardware"",""device"":""cpu"",""revision"":""ac3daf0ecd37be3b6957764a9179ab2b07fa9d6a"",""seed"":20260912,""torch_version"":""2.14.0+cpu""}"
record:2750c39216515d8f2c56953d3090688d7f27a2d2dab08ef932bb16dbc5fc665a,557956093884628992,indictrans2,ai4bharat/indictrans2-indic-en-1B,ai4bharat/indictrans2-indic-en-1B,Traffic Alert S P Mukherjee Marg Traffic is normal near Hanuman Mandir.,SUCCESS,2026-09-12T16:11:29.243503+00:00,20260912_blind_v5,8d8f5fcab9e03c6a1dfc90d5a2bfc7a3f92959df7f202b8e9bd65a169f2d9337,7f0e24ea44e4d47e44b79338d03a73064ac8a3f8d82c43e1d5bd42a661a3624e,08574ec0a8bb2ee2456a66800d741fe13e159af5b12d6a264642e999594e097d,True,3.913799,,"{""actual_model"":""ai4bharat/indictrans2-indic-en-1B"",""decoding"":""beam search, no sampling; reproducibility limited to pinned environment/hardware"",""device"":""cpu"",""revision"":""ac3daf0ecd37be3b6957764a9179ab2b07fa9d6a"",""seed"":20260912,""torch_version"":""2.14.0+cpu""}"
record:2783800cec0fb1851ddd4c8f1cf3f47e37935af4f5d40cd9fd6e67ab6490b53e,1104749740783255552,indictrans2,ai4bharat/indictrans2-indic-en-1B,ai4bharat/indictrans2-indic-en-1B,Traffic Alert Traffic is blocked on Vikas Marg as a car catches fire on landing at Akshardham Railway Flyover. Avoid using Pusta Road. Use alternate route to go to Mother Dairy.,SUCCESS,2026-09-12T16:11:33.158844+00:00,20260912_blind_v5,8d8f5fcab9e03c6a1dfc90d5a2bfc7a3f92959df7f202b8e9bd65a169f2d9337,6436963fea3561d8b317377d87edb31cb0262741ad54fa3fa29323973697ed60,212d3a87451891a17fc8bd5c0aea99cf4d8299d0603b4b4ee34d1b31aacdc4b8,True,10.502621,,"{""actual_model"":""ai4bharat/indictrans2-indic-en-1B"",""decoding"":""beam search, no sampling; reproducibility limited to pinned environment/hardware"",""device"":""cpu"",""revision"":""ac3daf0ecd37be3b6957764a9179ab2b07fa9d6a"",""seed"":20260912,""torch_version"":""2.14.0+cpu""}"
record:28403a409e56a19b7c664b1e247f4a8b93ec039f5585f95ca1e7ecf95cf9a302,1097747383364988928,indictrans2,ai4bharat/indictrans2-indic-en-1B,ai4bharat/indictrans2-indic-en-1B,"Traffic Alert There will be a procession of teachers from Mandi House which will go to Jantar Mantar via Barakhamba-Tolstoy Marg-Barakhamba Road-Janpath, due to which traffic will be affected on these routes.",SUCCESS,2026-09-12T16:11:43.657249+00:00,20260912_blind_v5,8d8f5fcab9e03c6a1dfc90d5a2bfc7a3f92959df7f202b8e9bd65a169f2d9337,70da6155fda2407844660134a640d4d42da03c848bff7abff21f570003fcf274,69d444bf3bf91ffe8d321a454217fecc47173ba278fec538e11a8f3836b886f9,True,41.043364,,"{""actual_model"":""ai4bharat/indictrans2-indic-en-1B"",""decoding"":""beam search, no sampling; reproducibility limited to pinned environment/hardware"",""device"":""cpu"",""revision"":""ac3daf0ecd37be3b6957764a9179ab2b07fa9d6a"",""seed"":20260912,""torch_version"":""2.14.0+cpu""}"
record:2874263367aeb5c1ba189071042b6c9b274cd49b7c11443f6ddffbed730f04f3,1108415082474672128,indictrans2,ai4bharat/indictrans2-indic-en-1B,ai4bharat/indictrans2-indic-en-1B,"Traffic Alert The road leading to Montfort Senior Secondary School from Ashok Vihar Water Tank has caved in, affecting traffic. pic.twitter.com/5uKGaokxDX",SUCCESS,2026-09-12T16:12:24.700823+00:00,20260912_blind_v5,8d8f5fcab9e03c6a1dfc90d5a2bfc7a3f92959df7f202b8e9bd65a169f2d9337,e46683432cef21195f88545e88e526f1db43a9997f374d2d9c877e2f8f1bcfc6,133bc649ef5ee31acb4b5c2a1d6fcaed826722d2a0993366143f299d146c3f62,True,18.908136,,"{""actual_model"":""ai4bharat/indictrans2-indic-en-1B"",""decoding"":""beam search, no sampling; reproducibility limited to pinned environment/hardware"",""device"":""cpu"",""revision"":""ac3daf0ecd37be3b6957764a9179ab2b07fa9d6a"",""seed"":20260912,""torch_version"":""2.14.0+cpu""}"
record:28f6a5bdc365043c7a9d3acfeddd67429ac4ff667f0a65484d59ee0550044bb4,1068161610496110592,indictrans2,ai4bharat/indictrans2-indic-en-1B,ai4bharat/indictrans2-indic-en-1B,"Traffic Alert All India Kisan Sangharsh Coordination Committee March has now reached Ramlila Maidan Traffic is now normal on Vande Mataram Marg, Shankar Road, Kadkadi Mor, Geeta Colony Flyover, Yamuna Bridge, Rajghat, Jawaharlal Nehru Marg, Delhi Gate, Majnu Ka Tila, Hanuman Setu, Chandi Ram Akhara.",SUCCESS,2026-09-12T16:12:43.613488+00:00,20260912_blind_v5,8d8f5fcab9e03c6a1dfc90d5a2bfc7a3f92959df7f202b8e9bd65a169f2d9337,e0c0524d3236e12e9515d8298a34587cb2861bf0699de1ab51f08cc48a39ca4f,b846a79cf382f1661e5ba5db0280cc2b5463e5070b02c5493bbe2fbecd7ff200,True,45.678221,,"{""actual_model"":""ai4bharat/indictrans2-indic-en-1B"",""decoding"":""beam search, no sampling; reproducibility limited to pinned environment/hardware"",""device"":""cpu"",""revision"":""ac3daf0ecd37be3b6957764a9179ab2b07fa9d6a"",""seed"":20260912,""torch_version"":""2.14.0+cpu""}"
record:297da3b5a6eeb8d4c36e5db0c9567017f1851608be803a0e5d760e3512c468d9,579298282813435904,indictrans2,ai4bharat/indictrans2-indic-en-1B,ai4bharat/indictrans2-indic-en-1B,"Traffic Alert Traffic on the route from Lado Sarai to IIT will be heavy due to the congestion of Ajmer Sharif, sorry for the inconvenience.",SUCCESS,2026-09-12T16:13:29.284998+00:00,20260912_blind_v5,8d8f5fcab9e03c6a1dfc90d5a2bfc7a3f92959df7f202b8e9bd65a169f2d9337,25b23353a2a894d4dd52a55569fd9fbbab35f762c38c2382ff674bd7d9b6e172,2d33ee8d1fc095d2e11f94363a8c783bcd91fb9c9706bb15c3a894a2e9a666d3,True,29.832012,,"{""actual_model"":""ai4bharat/indictrans2-indic-en-1B"",""decoding"":""beam search, no sampling; reproducibility limited to pinned environment/hardware"",""device"":""cpu"",""revision"":""ac3daf0ecd37be3b6957764a9179ab2b07fa9d6a"",""seed"":20260912,""torch_version"":""2.14.0+cpu""}"
record:29ec66a4d7b2242aa0fa2831fe619bf4bd9cf206368c1d20a95023ea120d312b,548888778723442689,indictrans2,ai4bharat/indictrans2-indic-en-1B,ai4bharat/indictrans2-indic-en-1B,Traffic Alert Traffic is now normal from Patel Chowk towards GPO.,SUCCESS,2026-09-12T16:13:59.123038+00:00,20260912_blind_v5,8d8f5fcab9e03c6a1dfc90d5a2bfc7a3f92959df7f202b8e9bd65a169f2d9337,0f04211bb9a1deda8edd1db87ee647ee54862e6f8767fad8441bfb564a05643d,8e3f503a2d2a421f6a0221d1a6030bd74e63c4f7b036e6a9a941edbdf59d03a7,True,3.850693,,"{""actual_model"":""ai4bharat/indictrans2-indic-en-1B"",""decoding"":""beam search, no sampling; reproducibility limited to pinned environment/hardware"",""device"":""cpu"",""revision"":""ac3daf0ecd37be3b6957764a9179ab2b07fa9d6a"",""seed"":20260912,""torch_version"":""2.14.0+cpu""}"
record:2a365aa6661060b3785edb256598e90abcd047922983cf041d1481ac6d7c29f2,1067414947712376832,indictrans2,ai4bharat/indictrans2-indic-en-1B,ai4bharat/indictrans2-indic-en-1B,"Traffic Alert As it is the last day of the Trade Fair, foot traffic is heavy on Bhairon Marg. Avoid using the route that leads to Ring Road from Bhairon Marg.",SUCCESS,2026-09-12T16:14:02.962047+00:00,20260912_blind_v5,8d8f5fcab9e03c6a1dfc90d5a2bfc7a3f92959df7f202b8e9bd65a169f2d9337,0da17d69802ba0c5baaf3565586ca84fc42b0ae6014d7ce6f8a847cadafa2271,a6c024ab53aad5f62e76ef983144adf40d8f8b1359e2f1be5cc91c6c63de92c8,True,9.901058,,"{""actual_model"":""ai4bharat/indictrans2-indic-en-1B"",""decoding"":""beam search, no sampling; reproducibility limited to pinned environment/hardware"",""device"":""cpu"",""revision"":""ac3daf0ecd37be3b6957764a9179ab2b07fa9d6a"",""seed"":20260912,""torch_version"":""2.14.0+cpu""}"
record:2b2ccb6e4bb8809e6264a680535d5cd2683ee00894bb421dc9dbaf6bbb2dd551,1028538848823762946,indictrans2,ai4bharat/indictrans2-indic-en-1B,ai4bharat/indictrans2-indic-en-1B,Traffic Alert Traffic obstructed near GTB Hospital Gate No.-7 due to road caving in. Please avoid using this route.,SUCCESS,2026-09-12T16:14:12.873413+00:00,20260912_blind_v5,8d8f5fcab9e03c6a1dfc90d5a2bfc7a3f92959df7f202b8e9bd65a169f2d9337,52a01a5a000e25cd1b23049be173f469257173aaa5e1da3852884bae6b0baa8d,e1dbea9e144107ac06f4cf163dc6e9e992f950592746663a969ae32e69aa155c,True,6.728488,,"{""actual_model"":""ai4bharat/indictrans2-indic-en-1B"",""decoding"":""beam search, no sampling; reproducibility limited to pinned environment/hardware"",""device"":""cpu"",""revision"":""ac3daf0ecd37be3b6957764a9179ab2b07fa9d6a"",""seed"":20260912,""torch_version"":""2.14.0+cpu""}"
record:2bbd2dae192264c51ca9f718dd3f9ccc29e0ddf6fff2b537a878d3fcb1a8d913,1070599220141256714,indictrans2,ai4bharat/indictrans2-indic-en-1B,ai4bharat/indictrans2-indic-en-1B,Traffic Alert: Repair work is being carried out by PWD over Raja Garden Flyover en route from Mayapuri to Punjabi Bagh due to which traffic is affected.,SUCCESS,2026-09-12T16:14:19.591335+00:00,20260912_blind_v5,8d8f5fcab9e03c6a1dfc90d5a2bfc7a3f92959df7f202b8e9bd65a169f2d9337,863705b97c08bd25e381b0e7d312953c5ed5c447165276d467c2ef0e0dd38c44,894397575c10a5b95a6dfe76807c3688c23629fff5044d363c8ff697641524eb,True,25.05298,,"{""actual_model"":""ai4bharat/indictrans2-indic-en-1B"",""decoding"":""beam search, no sampling; reproducibility limited to pinned environment/hardware"",""device"":""cpu"",""revision"":""ac3daf0ecd37be3b6957764a9179ab2b07fa9d6a"",""seed"":20260912,""torch_version"":""2.14.0+cpu""}"
record:2be8791e18c4d64d9cad976cb68c87ee3ac7a9cac7004a39920a34ae0462fd77,808572546857607168,indictrans2,ai4bharat/indictrans2-indic-en-1B,ai4bharat/indictrans2-indic-en-1B,"Traffic Alert Due to heavy traffic, traffic from Hindurao hill towards Barf Khana has been diverted.",SUCCESS,2026-09-12T16:14:44.646378+00:00,20260912_blind_v5,8d8f5fcab9e03c6a1dfc90d5a2bfc7a3f92959df7f202b8e9bd65a169f2d9337,05917351478826e53c6fdc01f06a0b92896a432ac5a273dd52c583748d2355a7,e7b1bb375f91611c297ebaffe24953f2e6035e984e2e206fb4871ceb6ed2b170,True,25.140707,,"{""actual_model"":""ai4bharat/indictrans2-indic-en-1B"",""decoding"":""beam search, no sampling; reproducibility limited to pinned environment/hardware"",""device"":""cpu"",""revision"":""ac3daf0ecd37be3b6957764a9179ab2b07fa9d6a"",""seed"":20260912,""torch_version"":""2.14.0+cpu""}"
record:2cb55243067f4e71b8bca163fed899b94e8bc6a6b8544f21f2e287fbcb3db922,1018029846893477888,indictrans2,ai4bharat/indictrans2-indic-en-1B,ai4bharat/indictrans2-indic-en-1B,Traffic Alert Traffic is affected near Shakarpur Red Light due to road caving in. Please avoid using this route.,SUCCESS,2026-09-12T16:15:09.797753+00:00,20260912_blind_v5,8d8f5fcab9e03c6a1dfc90d5a2bfc7a3f92959df7f202b8e9bd65a169f2d9337,6f3f64c824425c9799be44a99400352431ccba122a9f3be307485100253292fe,45b0e76d12a1103b020fc0e44fc03f90ee7896838c04e705331978cb31f0c9fe,True,8.07905,,"{""actual_model"":""ai4bharat/indictrans2-indic-en-1B"",""decoding"":""beam search, no sampling; reproducibility limited to pinned environment/hardware"",""device"":""cpu"",""revision"":""ac3daf0ecd37be3b6957764a9179ab2b07fa9d6a"",""seed"":20260912,""torch_version"":""2.14.0+cpu""}"
record:2cbfa7311617a9d695c0b49cb2a85a99956cf74134c0645dd5d111a65597d4f5,633927353337425921,indictrans2,ai4bharat/indictrans2-indic-en-1B,ai4bharat/indictrans2-indic-en-1B,Traffic Alert Lala Lajpat Rai Marg has been opened for general public.,SUCCESS,2026-09-12T16:15:17.876764+00:00,20260912_blind_v5,8d8f5fcab9e03c6a1dfc90d5a2bfc7a3f92959df7f202b8e9bd65a169f2d9337,f4ed2a956ac4a3a665a797e4780973e318a49486ccc46613a82783d0d6dac912,b8bc9e58d5ba95e1348deb33edf5b52137209d0cd06359d0a78ae5616b040011,True,5.513269,,"{""actual_model"":""ai4bharat/indictrans2-indic-en-1B"",""decoding"":""beam search, no sampling; reproducibility limited to pinned environment/hardware"",""device"":""cpu"",""revision"":""ac3daf0ecd37be3b6957764a9179ab2b07fa9d6a"",""seed"":20260912,""torch_version"":""2.14.0+cpu""}"
record:2e975d612278fb755ba125a93c7771776dd7c73c0a5a211b464ab3e2ec908acd,997332421493243907,indictrans2,ai4bharat/indictrans2-indic-en-1B,ai4bharat/indictrans2-indic-en-1B,Traffic Alert Traffic on Akbar Road from Gol Methi roundabout to Moti Lal Nehru Place roundabout is blocked due to a fallen tree. Please avoid using this route.,SUCCESS,2026-09-12T16:15:23.385491+00:00,20260912_blind_v5,8d8f5fcab9e03c6a1dfc90d5a2bfc7a3f92959df7f202b8e9bd65a169f2d9337,716f591ca554681130797ad40fd5717c39621cd28a4657b88328461ad957e0c9,97d50fa33a364a1dc4f5de66abe179848c3c46690ed5951b2f8ac5080a019999,True,32.321394,,"{""actual_model"":""ai4bharat/indictrans2-indic-en-1B"",""decoding"":""beam search, no sampling; reproducibility limited to pinned environment/hardware"",""device"":""cpu"",""revision"":""ac3daf0ecd37be3b6957764a9179ab2b07fa9d6a"",""seed"":20260912,""torch_version"":""2.14.0+cpu""}"
record:2f021de510dbb78a625d048b3f8675228ad806e5801045d3108310ecd9de383a,907073316371828736,indictrans2,ai4bharat/indictrans2-indic-en-1B,ai4bharat/indictrans2-indic-en-1B,"Traffic Alert Due to heavy traffic in Azadpur Mandi, traffic is disrupted on both routes from Azadpur to GTK Depot and GTK Depot to Azadpur.",SUCCESS,2026-09-12T16:15:55.709486+00:00,20260912_blind_v5,8d8f5fcab9e03c6a1dfc90d5a2bfc7a3f92959df7f202b8e9bd65a169f2d9337,5906055d8a8bb5d0be438ac48c2ccb87fa76ada505c989a052579150ebe828b0,0158e59ea71d5398683860cad0d9e7c0d22eac255c7ecba76c839c0c57dbcd3a,True,20.278085,,"{""actual_model"":""ai4bharat/indictrans2-indic-en-1B"",""decoding"":""beam search, no sampling; reproducibility limited to pinned environment/hardware"",""device"":""cpu"",""revision"":""ac3daf0ecd37be3b6957764a9179ab2b07fa9d6a"",""seed"":20260912,""torch_version"":""2.14.0+cpu""}"
record:2f35e2c0aece84baf0f180fc66009fff48f6479f784ae3c9d44f8b869d67c55f,619834739940327424,indictrans2,ai4bharat/indictrans2-indic-en-1B,ai4bharat/indictrans2-indic-en-1B,Traffic Alert Traffic is affected at Shanti Van Chowk due to waterlogging. Sorry for the inconvenience.,SUCCESS,2026-09-12T16:16:15.986963+00:00,20260912_blind_v5,8d8f5fcab9e03c6a1dfc90d5a2bfc7a3f92959df7f202b8e9bd65a169f2d9337,de80da24fdc856a21592ad36c2b92c0aed1aa55528353ea885339fa1181b3de8,452b87b75b90a87fa520baf458b32da5e3ffb4009d2b05fdbe4122b42406c433,True,5.397771,,"{""actual_model"":""ai4bharat/indictrans2-indic-en-1B"",""decoding"":""beam search, no sampling; reproducibility limited to pinned environment/hardware"",""device"":""cpu"",""revision"":""ac3daf0ecd37be3b6957764a9179ab2b07fa9d6a"",""seed"":20260912,""torch_version"":""2.14.0+cpu""}"
record:2f4ed9e0f4a3aa0894048e7dc2339ac5f30a8f9902a45c2fad0c6e70c147f021,776314493768839169,indictrans2,ai4bharat/indictrans2-indic-en-1B,ai4bharat/indictrans2-indic-en-1B,"Traffic Alert Traffic is not moving from NH-24 towards Ghaziabad due to which traffic is heavy on NH-24, Ghazipur, DND.",SUCCESS,2026-09-12T16:16:21.386458+00:00,20260912_blind_v5,8d8f5fcab9e03c6a1dfc90d5a2bfc7a3f92959df7f202b8e9bd65a169f2d9337,01915f1b53782263242807d2b5110f7b342d262afb8ec8228675d69a74c7941d,c4260c7cf36dad079a3b5632fd0f6608ab5d2cfbead9f3f0c711b8a55206a572,True,28.344413,,"{""actual_model"":""ai4bharat/indictrans2-indic-en-1B"",""decoding"":""beam search, no sampling; reproducibility limited to pinned environment/hardware"",""device"":""cpu"",""revision"":""ac3daf0ecd37be3b6957764a9179ab2b07fa9d6a"",""seed"":20260912,""torch_version"":""2.14.0+cpu""}"
record:2fa1e20f9dfa3e60a5e154d1773f2112a16ac4b4eab5053060437d761821c591,1063627998564360194,indictrans2,ai4bharat/indictrans2-indic-en-1B,ai4bharat/indictrans2-indic-en-1B,Traffic Alert: Road construction work is underway by PWD near Adhchini on the route from Lado Sarai to IIT due to which traffic is disrupted.,SUCCESS,2026-09-12T16:16:49.734653+00:00,20260912_blind_v5,8d8f5fcab9e03c6a1dfc90d5a2bfc7a3f92959df7f202b8e9bd65a169f2d9337,7a60b8d536b11f4c8b82aa230c4cc2bacb52d1eec3eb5e39227e4e91b228d3bc,0c5d5158be9631a23fb0ec643f776831e5aa08d98dd2a1ef632f103267dc6b00,True,13.4777,,"{""actual_model"":""ai4bharat/indictrans2-indic-en-1B"",""decoding"":""beam search, no sampling; reproducibility limited to pinned environment/hardware"",""device"":""cpu"",""revision"":""ac3daf0ecd37be3b6957764a9179ab2b07fa9d6a"",""seed"":20260912,""torch_version"":""2.14.0+cpu""}"
record:3009efb4bac5508c235a12e449fd31b8dae90bb66ade175bdfa04027ce9b47e8,880711791457828864,indictrans2,ai4bharat/indictrans2-indic-en-1B,ai4bharat/indictrans2-indic-en-1B,"Traffic Alert Heavy vehicles (HTV, BUS) from Dhaula Kuan to RTR have been diverted towards Hyatt Hotel!",SUCCESS,2026-09-12T16:17:03.210123+00:00,20260912_blind_v5,8d8f5fcab9e03c6a1dfc90d5a2bfc7a3f92959df7f202b8e9bd65a169f2d9337,ea513395b323baedac682c7951ec7f755663a142855ea203e03605fe834812ca,6811c1f2a9ab9aefb18b00252e9dbf45a1bb476fb2bc102331179f38e994221b,True,11.839268,,"{""actual_model"":""ai4bharat/indictrans2-indic-en-1B"",""decoding"":""beam search, no sampling; reproducibility limited to pinned environment/hardware"",""device"":""cpu"",""revision"":""ac3daf0ecd37be3b6957764a9179ab2b07fa9d6a"",""seed"":20260912,""torch_version"":""2.14.0+cpu""}"
record:30f211501c1bf909698a34448e863c622290fa90d69a1e49e0d9bc5f4e9aaf40,563993168635756544,indictrans2,ai4bharat/indictrans2-indic-en-1B,ai4bharat/indictrans2-indic-en-1B,Traffic Alert: Traffic is heavy on Surajkund Road due to Surajkund Mela and all parking spaces are full.,SUCCESS,2026-09-12T16:17:15.049565+00:00,20260912_blind_v5,8d8f5fcab9e03c6a1dfc90d5a2bfc7a3f92959df7f202b8e9bd65a169f2d9337,44e7b7ff443513885d321f4a3843cc604f0121f3a2ee07e78c906576736b2c24,8aa06f293941099c10c426ae55793e543fe6265e8627cdd9044e084091bab232,True,23.078504,,"{""actual_model"":""ai4bharat/indictrans2-indic-en-1B"",""decoding"":""beam search, no sampling; reproducibility limited to pinned environment/hardware"",""device"":""cpu"",""revision"":""ac3daf0ecd37be3b6957764a9179ab2b07fa9d6a"",""seed"":20260912,""torch_version"":""2.14.0+cpu""}"
record:3113c7f3f3ac1ec8519070ebed52ae45b0f84bba2bc8f15b195a9170d3b9f45a,880712401984860160,indictrans2,ai4bharat/indictrans2-indic-en-1B,ai4bharat/indictrans2-indic-en-1B,Traffic Alert Outer Ring Road to D-Block Mangolpuri has been closed!,SUCCESS,2026-09-12T16:17:38.133021+00:00,20260912_blind_v5,8d8f5fcab9e03c6a1dfc90d5a2bfc7a3f92959df7f202b8e9bd65a169f2d9337,e4dba9cc362ccb3f182ad11b764ea3a8d6bca261376ad52f951bd06613a04dab,d09c9689391858875bfd6ff090fb8702b9f65a71038f256adba5e19fba24bb43,True,14.747198,,"{""actual_model"":""ai4bharat/indictrans2-indic-en-1B"",""decoding"":""beam search, no sampling; reproducibility limited to pinned environment/hardware"",""device"":""cpu"",""revision"":""ac3daf0ecd37be3b6957764a9179ab2b07fa9d6a"",""seed"":20260912,""torch_version"":""2.14.0+cpu""}"
record:312afb611d61a091650de4dba41fda31601720766864d491a2a561438605009c,592269954336083968,indictrans2,ai4bharat/indictrans2-indic-en-1B,ai4bharat/indictrans2-indic-en-1B,Traffic Alert A DTC bus DL 1PD 0070 plying from Delhi Cantt to DWARKA on Palam Flyover bearing route number 093C has now been removed.,SUCCESS,2026-09-12T16:17:52.879022+00:00,20260912_blind_v5,8d8f5fcab9e03c6a1dfc90d5a2bfc7a3f92959df7f202b8e9bd65a169f2d9337,ce29cb07da145c2695cbf609626e8805d84e0021ce0a038f0323d051a6b923af,3972cc946d5b4f86ec6ba737293feb3939de7c9ca2221af28dc8043775063116,True,11.031007,,"{""actual_model"":""ai4bharat/indictrans2-indic-en-1B"",""decoding"":""beam search, no sampling; reproducibility limited to pinned environment/hardware"",""device"":""cpu"",""revision"":""ac3daf0ecd37be3b6957764a9179ab2b07fa9d6a"",""seed"":20260912,""torch_version"":""2.14.0+cpu""}"
record:31848676bb697a995ff1d23842b2af7c79a863b59d9fe2f4fa10950d5e100e84,1097099501813125120,indictrans2,ai4bharat/indictrans2-indic-en-1B,ai4bharat/indictrans2-indic-en-1B,"Traffic Alert Due to heavy foot traffic in Connaught Place Inner Circle, traffic is restricted. Please avoid using this route.",SUCCESS,2026-09-12T16:18:03.904396+00:00,20260912_blind_v5,8d8f5fcab9e03c6a1dfc90d5a2bfc7a3f92959df7f202b8e9bd65a169f2d9337,3e87fc6c648f8f881cdc55f1d485034db5d0e1da8ee7326f0242971b5dda8f5a,9f59a40bb967997d521bd09298be2d58d0c6de8c9b2589cc92d250211ce14854,True,18.605411,,"{""actual_model"":""ai4bharat/indictrans2-indic-en-1B"",""decoding"":""beam search, no sampling; reproducibility limited to pinned environment/hardware"",""device"":""cpu"",""revision"":""ac3daf0ecd37be3b6957764a9179ab2b07fa9d6a"",""seed"":20260912,""torch_version"":""2.14.0+cpu""}"
record:31cfa141fdf035f26b590a32c24da149f86fb971b2e91a61f788f24ceb2a909a,886181947290009600,indictrans2,ai4bharat/indictrans2-indic-en-1B,ai4bharat/indictrans2-indic-en-1B,"Traffic Alert: PWD work is going on on RTR route, so from 5 pm to 8 pm, big vehicles and buses will be diverted to Sector-8 and 1 / 2.",SUCCESS,2026-09-12T16:18:22.502352+00:00,20260912_blind_v5,8d8f5fcab9e03c6a1dfc90d5a2bfc7a3f92959df7f202b8e9bd65a169f2d9337,5d4770489810f968213da2989afcab267de8ae2c4a68c0b9bdde528bf0e8d27f,1f34dbbf1f11eb520135311acca58510e47f235aceaced4a658a0bfef2684bb9,True,20.371052,,"{""actual_model"":""ai4bharat/indictrans2-indic-en-1B"",""decoding"":""beam search, no sampling; reproducibility limited to pinned environment/hardware"",""device"":""cpu"",""revision"":""ac3daf0ecd37be3b6957764a9179ab2b07fa9d6a"",""seed"":20260912,""torch_version"":""2.14.0+cpu""}"
record:32511bca5665567050e853d9a994d6e2fcc0509275abbb65db456e480c54e851,1017766906177183745,indictrans2,ai4bharat/indictrans2-indic-en-1B,ai4bharat/indictrans2-indic-en-1B,Traffic Alert Moments Mall Moti Nagar Sewer has been opened leading to water logging and slippery road. Traffic has been diverted from Todapur.,SUCCESS,2026-09-12T16:18:42.883260+00:00,20260912_blind_v5,8d8f5fcab9e03c6a1dfc90d5a2bfc7a3f92959df7f202b8e9bd65a169f2d9337,94858d3b30e4ea0f58eab43513bec0ecd8a988a43d60db1c1a757a1a3870b221,66620c3b74bd89363d25c08a9d01a785e68b7aed0fd7f2a110efcba02e6fa3f2,True,23.907226,,"{""actual_model"":""ai4bharat/indictrans2-indic-en-1B"",""decoding"":""beam search, no sampling; reproducibility limited to pinned environment/hardware"",""device"":""cpu"",""revision"":""ac3daf0ecd37be3b6957764a9179ab2b07fa9d6a"",""seed"":20260912,""torch_version"":""2.14.0+cpu""}"
record:326968ded1205feb1b7ecfe5b209bbb18222c579fa66b01a79dec2caf1bdeb79,1005457446880493568,indictrans2,ai4bharat/indictrans2-indic-en-1B,ai4bharat/indictrans2-indic-en-1B,"Traffic Alert An iron pole has broken down at Okhla Barrage on the way from Kalindi Kunj to Noida, due to which traffic is affected!",SUCCESS,2026-09-12T16:19:06.780631+00:00,20260912_blind_v5,8d8f5fcab9e03c6a1dfc90d5a2bfc7a3f92959df7f202b8e9bd65a169f2d9337,e0f0afad586bb9079fb5b387af88df5bcaba9aa1bcb63b3a3fc1ef1b81f13f82,06c486e5f35e01975f4f4b1a86632f1b94d2c317514d6159eec134b07227b45d,True,21.11701,,"{""actual_model"":""ai4bharat/indictrans2-indic-en-1B"",""decoding"":""beam search, no sampling; reproducibility limited to pinned environment/hardware"",""device"":""cpu"",""revision"":""ac3daf0ecd37be3b6957764a9179ab2b07fa9d6a"",""seed"":20260912,""torch_version"":""2.14.0+cpu""}"
record:32e69c58bc0dcf65a727f1339c76a63cf5b810f8890070855d8d271b2f028a1b,1072331080039129088,indictrans2,ai4bharat/indictrans2-indic-en-1B,ai4bharat/indictrans2-indic-en-1B,"Traffic Alert A truck bearing number RJ10GB0887 has broken down on the Mangolpuri Flyover en route from Madhuban Chowk to Peeragarhi, disrupting traffic.",SUCCESS,2026-09-12T16:19:27.909518+00:00,20260912_blind_v5,8d8f5fcab9e03c6a1dfc90d5a2bfc7a3f92959df7f202b8e9bd65a169f2d9337,e171076998937c7ab98bd63c3fccaccedf75d93a5d002ddaceb486a8b15a8f9a,2370099cc301b49022a90fbf9056916c44a4aa3258962f5d246a723815b5012d,True,10.339759,,"{""actual_model"":""ai4bharat/indictrans2-indic-en-1B"",""decoding"":""beam search, no sampling; reproducibility limited to pinned environment/hardware"",""device"":""cpu"",""revision"":""ac3daf0ecd37be3b6957764a9179ab2b07fa9d6a"",""seed"":20260912,""torch_version"":""2.14.0+cpu""}"
record:337f67bc529fe2aa02704bb2e747cee97af33db92323032ed495e958e05170e5,1085185815829897217,indictrans2,ai4bharat/indictrans2-indic-en-1B,ai4bharat/indictrans2-indic-en-1B,"Traffic Alert Traffic going from Shanti Van towards ISBT has been diverted from Mahatma Gandhi Marg towards Raja Ram Kohli Marg Bypass, please use this route.",SUCCESS,2026-09-12T16:19:38.244493+00:00,20260912_blind_v5,8d8f5fcab9e03c6a1dfc90d5a2bfc7a3f92959df7f202b8e9bd65a169f2d9337,84e7ecbb4a3d544366d3db7c80d05efbcaf2cedfb1e1f6fa7dff4471c7d33650,e81c3af9b7a4232f368a08a5db85ece5948570cf0a3d4e3d47430e3590851db7,True,8.396733,,"{""actual_model"":""ai4bharat/indictrans2-indic-en-1B"",""decoding"":""beam search, no sampling; reproducibility limited to pinned environment/hardware"",""device"":""cpu"",""revision"":""ac3daf0ecd37be3b6957764a9179ab2b07fa9d6a"",""seed"":20260912,""torch_version"":""2.14.0+cpu""}"
record:33874e1f5cd721b03c2ecedd782130d21701713f8da646421b46c0d70b2e6a2d,622620356331880448,indictrans2,ai4bharat/indictrans2-indic-en-1B,ai4bharat/indictrans2-indic-en-1B,Traffic Alert C-1 Red Light The footpath near Mata Chandan Devi Hospital has been removed. Traffic is normal.,SUCCESS,2026-09-12T16:19:46.648882+00:00,20260912_blind_v5,8d8f5fcab9e03c6a1dfc90d5a2bfc7a3f92959df7f202b8e9bd65a169f2d9337,8d587800068dc4a0afdc201ecb84670f097f72c2be7da015c9be82aacffaf7c0,ccf9c543d9631ab8506a4e93ce387ba51685ce380f8603d0c48346e7c37d10a5,True,19.958173,,"{""actual_model"":""ai4bharat/indictrans2-indic-en-1B"",""decoding"":""beam search, no sampling; reproducibility limited to pinned environment/hardware"",""device"":""cpu"",""revision"":""ac3daf0ecd37be3b6957764a9179ab2b07fa9d6a"",""seed"":20260912,""torch_version"":""2.14.0+cpu""}"
record:33ae00ba8e08af1625688294cd88effbc4075ebd2655220f1d6f810b18fc7737,627099040191221760,indictrans2,ai4bharat/indictrans2-indic-en-1B,ai4bharat/indictrans2-indic-en-1B,Traffic Alert will be held from 6 PM to 10 PM today at Talkatora Stadium due to which there will be heavy traffic on Shankar Road and Park Street.,SUCCESS,2026-09-12T16:20:06.608414+00:00,20260912_blind_v5,8d8f5fcab9e03c6a1dfc90d5a2bfc7a3f92959df7f202b8e9bd65a169f2d9337,b0893934d893cba77e47a7964890edd412b2ad28ab06631e38e723da95de7657,61f175a293f1e576db52f7f560fb764446eb78fdf2939c7adbca7183b02ab328,True,28.246967,,"{""actual_model"":""ai4bharat/indictrans2-indic-en-1B"",""decoding"":""beam search, no sampling; reproducibility limited to pinned environment/hardware"",""device"":""cpu"",""revision"":""ac3daf0ecd37be3b6957764a9179ab2b07fa9d6a"",""seed"":20260912,""torch_version"":""2.14.0+cpu""}"
record:33dd644d19909f327e82a3995db734c805846033ebe1b8f6306a98ef5e5954d0,897006099026632704,indictrans2,ai4bharat/indictrans2-indic-en-1B,ai4bharat/indictrans2-indic-en-1B,"Traffic Alert On the occasion of Janmashtami festival, the carriageway from Radhakrishna Temple to Sant Nagar on Rajadhir Sen Marg has been closed.",SUCCESS,2026-09-12T16:20:34.849016+00:00,20260912_blind_v5,8d8f5fcab9e03c6a1dfc90d5a2bfc7a3f92959df7f202b8e9bd65a169f2d9337,81a94855c7cd84622b381854f0e9289735ac0ad0fd3f148f0a03587b245cd4f5,ce7293c8fee5b9c5006c60759dbb853ac9b6ac384edbc48b79ea2424033129f9,True,8.250775,,"{""actual_model"":""ai4bharat/indictrans2-indic-en-1B"",""decoding"":""beam search, no sampling; reproducibility limited to pinned environment/hardware"",""device"":""cpu"",""revision"":""ac3daf0ecd37be3b6957764a9179ab2b07fa9d6a"",""seed"":20260912,""torch_version"":""2.14.0+cpu""}"
record:33e5d33f299c2c12125b9914e1dbb39ec66c2a7e29a3aaa711ce1efd1d58bdfe,989204239342751744,indictrans2,ai4bharat/indictrans2-indic-en-1B,ai4bharat/indictrans2-indic-en-1B,Traffic Alert Foot Over Bridge work is going on near Qutub Minar due to which the 100 foot road from Lado Sarai will be closed from 12 o'clock tonight to 5 o'clock in the morning.,SUCCESS,2026-09-12T16:20:43.104621+00:00,20260912_blind_v5,8d8f5fcab9e03c6a1dfc90d5a2bfc7a3f92959df7f202b8e9bd65a169f2d9337,9c354d7fd5987d94edfe5ad6112f015503e65f77871ca7e3145d7c7532f70b44,ec62421d9c102ac7746a91cea4ec71058b30d66172f912aa45bbffa1904b6e0f,True,36.784175,,"{""actual_model"":""ai4bharat/indictrans2-indic-en-1B"",""decoding"":""beam search, no sampling; reproducibility limited to pinned environment/hardware"",""device"":""cpu"",""revision"":""ac3daf0ecd37be3b6957764a9179ab2b07fa9d6a"",""seed"":20260912,""torch_version"":""2.14.0+cpu""}"
record:34374bd474ece22f80758272a235df39a8e2d2ed9f429c33546ef94ab239e1b9,1068397302824517632,indictrans2,ai4bharat/indictrans2-indic-en-1B,ai4bharat/indictrans2-indic-en-1B,"Traffic Alert All India Kisan Sangharsh Coordination Committee March has now reached Parliament Street Traffic is now normal at Ramlila Maidan, Jawaharlal Nehru Marg, Ranjit Singh Flyover, Barakhamba Chowk Tolstoy Marg, Kasturba Gandhi Marg, Tolstoy Marg-Janpath Crossing, Jantar Mantar T-Point.",SUCCESS,2026-09-12T16:21:19.891848+00:00,20260912_blind_v5,8d8f5fcab9e03c6a1dfc90d5a2bfc7a3f92959df7f202b8e9bd65a169f2d9337,3d6ed9d4b496f755378216b295c92b6a488a6901462ec37bde81b95822afcda0,42306ec3fca253a53809a839701796e7ba5dfdc3a97e6d8ad31a24e7a9ec5740,True,30.985106,,"{""actual_model"":""ai4bharat/indictrans2-indic-en-1B"",""decoding"":""beam search, no sampling; reproducibility limited to pinned environment/hardware"",""device"":""cpu"",""revision"":""ac3daf0ecd37be3b6957764a9179ab2b07fa9d6a"",""seed"":20260912,""torch_version"":""2.14.0+cpu""}"
record:3442f1ecce97b93f392ce65d0b34340ed034f92b995fb017a6b81ccb21a177df,771565151036190720,indictrans2,ai4bharat/indictrans2-indic-en-1B,ai4bharat/indictrans2-indic-en-1B,"Traffic Alert 1 / 2 - On the way from Naraina Flyover to Dhaula Kuan on Ring Road, the road has caved in as soon as you get off the Naraina Flyover.",SUCCESS,2026-09-12T16:21:50.876624+00:00,20260912_blind_v5,8d8f5fcab9e03c6a1dfc90d5a2bfc7a3f92959df7f202b8e9bd65a169f2d9337,fb7e39400e2e18084c035410bbf2ac91b637db0458fc4c7888839e3706db594a,711de7807c36d52e00630f107e249d242ce79a9498efc69bb5197241c336d394,True,26.365345,,"{""actual_model"":""ai4bharat/indictrans2-indic-en-1B"",""decoding"":""beam search, no sampling; reproducibility limited to pinned environment/hardware"",""device"":""cpu"",""revision"":""ac3daf0ecd37be3b6957764a9179ab2b07fa9d6a"",""seed"":20260912,""torch_version"":""2.14.0+cpu""}"
record:344fc89fccef86c8f35db1e7083f267ae4d54d5b848b1be623574712ee76e1f1,903573483463917569,indictrans2,ai4bharat/indictrans2-indic-en-1B,ai4bharat/indictrans2-indic-en-1B,Traffic Alert 1 / 2 Several vehicles on the way from DND to Kondli and Ghazipur Khatta have been reduced to a pile of garbage.,SUCCESS,2026-09-12T16:22:17.240032+00:00,20260912_blind_v5,8d8f5fcab9e03c6a1dfc90d5a2bfc7a3f92959df7f202b8e9bd65a169f2d9337,def12fd7789164512149e7c380531905b5168dddd18389a104ef0e40d7ef52b5,7fa00026cdcfb56f86f08a6e95681962aa51927892d336fffbf9886b781e215a,True,24.39311,,"{""actual_model"":""ai4bharat/indictrans2-indic-en-1B"",""decoding"":""beam search, no sampling; reproducibility limited to pinned environment/hardware"",""device"":""cpu"",""revision"":""ac3daf0ecd37be3b6957764a9179ab2b07fa9d6a"",""seed"":20260912,""torch_version"":""2.14.0+cpu""}"
record:3477ed9729c507c4064b1134afd1257aafcda3f76708fd7fb449ded903eaea3d,1034354010478858243,indictrans2,ai4bharat/indictrans2-indic-en-1B,ai4bharat/indictrans2-indic-en-1B,Traffic Alert Traffic is affected due to waterlogging and leakage from sewer pipeline between gate number 1 and 2 of Okhla Mandi on Captain Gaur Marg!,SUCCESS,2026-09-12T16:22:41.633753+00:00,20260912_blind_v5,8d8f5fcab9e03c6a1dfc90d5a2bfc7a3f92959df7f202b8e9bd65a169f2d9337,0b53d1bb131be77e8abeab0c3015e945da59e735838f0ec5eba11733aba3317d,30cafade074a613dbe8b281641940a20c567437872f3f0d30d781a6574ce5b15,True,8.257459,,"{""actual_model"":""ai4bharat/indictrans2-indic-en-1B"",""decoding"":""beam search, no sampling; reproducibility limited to pinned environment/hardware"",""device"":""cpu"",""revision"":""ac3daf0ecd37be3b6957764a9179ab2b07fa9d6a"",""seed"":20260912,""torch_version"":""2.14.0+cpu""}"
record:347af658e8b22ab0f9f9421b3aad7b6eb451e2edfb5f4e89f408c034b7f26aef,1071338201812365312,indictrans2,ai4bharat/indictrans2-indic-en-1B,ai4bharat/indictrans2-indic-en-1B,Traffic Alert There are Christmas markets in Bikaner House due to which traffic is blocked on Pandara Road. Please avoid using this route.,SUCCESS,2026-09-12T16:22:49.893194+00:00,20260912_blind_v5,8d8f5fcab9e03c6a1dfc90d5a2bfc7a3f92959df7f202b8e9bd65a169f2d9337,f22d7fc953a9d4f324dc962882b349bc529464d1b2220b21767a7b7e1b6a18e6,004fe7aff2f6b0a93ece2fc0f4198c4b259749b6b86b8738919018b8d195e467,True,15.630251,,"{""actual_model"":""ai4bharat/indictrans2-indic-en-1B"",""decoding"":""beam search, no sampling; reproducibility limited to pinned environment/hardware"",""device"":""cpu"",""revision"":""ac3daf0ecd37be3b6957764a9179ab2b07fa9d6a"",""seed"":20260912,""torch_version"":""2.14.0+cpu""}"
record:347ec6a7afa5ce71b79f28566bdb3fd4bec8d8e154bea56cda36e23cf02ac96a,610809736695418880,indictrans2,ai4bharat/indictrans2-indic-en-1B,ai4bharat/indictrans2-indic-en-1B,"Traffic Alert Traffic will be affected due to 6 / 7 feet deep road caving in near Hauz Khas Metro Station, inconvenience is regretted.",SUCCESS,2026-09-12T16:23:05.521844+00:00,20260912_blind_v5,8d8f5fcab9e03c6a1dfc90d5a2bfc7a3f92959df7f202b8e9bd65a169f2d9337,946b61de1fbec7e6371fdfd53d06809c836ecc20775ae200f45ad66e3e9d7d96,2cba3ae884a51a341243546bffd8bc76fd5d3e264037e979c2b1d5516ca2365f,True,23.068589,,"{""actual_model"":""ai4bharat/indictrans2-indic-en-1B"",""decoding"":""beam search, no sampling; reproducibility limited to pinned environment/hardware"",""device"":""cpu"",""revision"":""ac3daf0ecd37be3b6957764a9179ab2b07fa9d6a"",""seed"":20260912,""torch_version"":""2.14.0+cpu""}"
record:349115ef1b3d9afa15db552548a9432eff6a6ddb722a4ac703bee7257590e89c,1124176885951242240,indictrans2,ai4bharat/indictrans2-indic-en-1B,ai4bharat/indictrans2-indic-en-1B,"Traffic Alert: PWD work is going on at Shastri Park and Seelampur Flyover, due to which traffic is affected.",SUCCESS,2026-09-12T16:23:28.592567+00:00,20260912_blind_v5,8d8f5fcab9e03c6a1dfc90d5a2bfc7a3f92959df7f202b8e9bd65a169f2d9337,be5f25d92d5418c4b2ce5264c3f18746d6bc4c49798fc6a97c57142a87e529b8,54d4bbb1a7614470a670109bc6fdddb3cd989fa7402f977fd6de1f2e01ec5add,True,6.511046,,"{""actual_model"":""ai4bharat/indictrans2-indic-en-1B"",""decoding"":""beam search, no sampling; reproducibility limited to pinned environment/hardware"",""device"":""cpu"",""revision"":""ac3daf0ecd37be3b6957764a9179ab2b07fa9d6a"",""seed"":20260912,""torch_version"":""2.14.0+cpu""}"
record:3496c0dddadb02aba3e6323d959d1f687cc23f79fea0e650ca61e7844bf4cda3,877744620045615104,indictrans2,ai4bharat/indictrans2-indic-en-1B,ai4bharat/indictrans2-indic-en-1B,"Traffic Alert: PWD has dug up potholes on the stretch from MB Road to Zebra Cut on IGNOU Road, affecting traffic.",SUCCESS,2026-09-12T16:23:35.103080+00:00,20260912_blind_v5,8d8f5fcab9e03c6a1dfc90d5a2bfc7a3f92959df7f202b8e9bd65a169f2d9337,d3a7b5f054f3fb5b56bd590c984e5bde18070cc89ca3f3d9dfe170ba707c577b,ce44b783d3114c1ec2316eafbcf500bcd64c127fad54eb5bfab293f7309bf254,True,9.906757,,"{""actual_model"":""ai4bharat/indictrans2-indic-en-1B"",""decoding"":""beam search, no sampling; reproducibility limited to pinned environment/hardware"",""device"":""cpu"",""revision"":""ac3daf0ecd37be3b6957764a9179ab2b07fa9d6a"",""seed"":20260912,""torch_version"":""2.14.0+cpu""}"
record:34b6ef8d9c3f2990e2f25c77007fe531ae10bc30ef15453c47d71217edebe2f3,1113006786825478144,indictrans2,ai4bharat/indictrans2-indic-en-1B,ai4bharat/indictrans2-indic-en-1B,Traffic Alert Corporation Traffic is disrupted due to fire in DTC bus near Hanuman Mandir Flyover on the route from Bodh Ghat to Rajghat. Use alternate route.,SUCCESS,2026-09-12T16:23:45.004402+00:00,20260912_blind_v5,8d8f5fcab9e03c6a1dfc90d5a2bfc7a3f92959df7f202b8e9bd65a169f2d9337,2fe8c368ebf39212e64c103564a08a01ce51ad4836fd3df45e592996b8c4ac1b,077d3de1ac9614a4b4b4e72ce2092c815679866c4b9044a4961cef64b8107f3e,True,18.330612,,"{""actual_model"":""ai4bharat/indictrans2-indic-en-1B"",""decoding"":""beam search, no sampling; reproducibility limited to pinned environment/hardware"",""device"":""cpu"",""revision"":""ac3daf0ecd37be3b6957764a9179ab2b07fa9d6a"",""seed"":20260912,""torch_version"":""2.14.0+cpu""}"
record:34f4a42acab34d8a09b29b6db4dcb73dc36ff1e036ea90189e153d3175549dc3,547019854730231809,indictrans2,ai4bharat/indictrans2-indic-en-1B,ai4bharat/indictrans2-indic-en-1B,"Traffic Alert Traffic is heavy on Ashoka Road, Ferozeshah Road and Connaught Place.",SUCCESS,2026-09-12T16:24:03.341979+00:00,20260912_blind_v5,8d8f5fcab9e03c6a1dfc90d5a2bfc7a3f92959df7f202b8e9bd65a169f2d9337,9536f2d3b22e88bfc30b3152b1f4d9efd8bdc6396e32ce8cb9520129b41871d2,e430a1a67fcd40de46e9af9cd3887dd80a50110fe1afc8b8d228c5ac17292aa9,True,18.565747,,"{""actual_model"":""ai4bharat/indictrans2-indic-en-1B"",""decoding"":""beam search, no sampling; reproducibility limited to pinned environment/hardware"",""device"":""cpu"",""revision"":""ac3daf0ecd37be3b6957764a9179ab2b07fa9d6a"",""seed"":20260912,""torch_version"":""2.14.0+cpu""}"
record:35224e4497a51b88e36014ca481678ed54c329ab36ecd68190160877e6a6e01a,1073881294013108224,indictrans2,ai4bharat/indictrans2-indic-en-1B,ai4bharat/indictrans2-indic-en-1B,"Traffic Alert DJB work is going on under the RTR flyover on the route from RTR to the airport, traffic is affected.",SUCCESS,2026-09-12T16:24:21.902983+00:00,20260912_blind_v5,8d8f5fcab9e03c6a1dfc90d5a2bfc7a3f92959df7f202b8e9bd65a169f2d9337,f6126213b80ff4602d109d102d99a5c31f38d8d7590a6db72157c86bd549115b,95dd968acd1ce801f1a604b4091b7b182ff719f6d3f4bf64093779627b71bcb3,True,21.121409,,"{""actual_model"":""ai4bharat/indictrans2-indic-en-1B"",""decoding"":""beam search, no sampling; reproducibility limited to pinned environment/hardware"",""device"":""cpu"",""revision"":""ac3daf0ecd37be3b6957764a9179ab2b07fa9d6a"",""seed"":20260912,""torch_version"":""2.14.0+cpu""}"
record:35340d511f907da62b706b455c132e199888e77b39b7b615f02123b45e013d87,855627492828340225,indictrans2,ai4bharat/indictrans2-indic-en-1B,ai4bharat/indictrans2-indic-en-1B,Traffic Alert Road repair work of MCD is going on at Barf Khana Chowk due to which Sarai Phoos Road going from Khanna Market to Barf Khana is next 1 / 2,SUCCESS,2026-09-12T16:24:43.026534+00:00,20260912_blind_v5,8d8f5fcab9e03c6a1dfc90d5a2bfc7a3f92959df7f202b8e9bd65a169f2d9337,836a081ba6ea906b93fd793328b1cc9360e8bb30c407f091b6be93d6eba56483,82b0199d0a8dd63ffbbb7ad918ac725eb99b7ed7bca35acfe58262544e506f7b,True,12.247527,,"{""actual_model"":""ai4bharat/indictrans2-indic-en-1B"",""decoding"":""beam search, no sampling; reproducibility limited to pinned environment/hardware"",""device"":""cpu"",""revision"":""ac3daf0ecd37be3b6957764a9179ab2b07fa9d6a"",""seed"":20260912,""torch_version"":""2.14.0+cpu""}"
record:35f0c395f27507dac3853608ffd572bde952c5d5c41de41801e3468d2f7ff566,867596142774595584,indictrans2,ai4bharat/indictrans2-indic-en-1B,ai4bharat/indictrans2-indic-en-1B,Traffic Alert Traffic is affected due to a fallen tree near Saket Court Traffic is diverted towards J Block Saket.,SUCCESS,2026-09-12T16:24:55.269454+00:00,20260912_blind_v5,8d8f5fcab9e03c6a1dfc90d5a2bfc7a3f92959df7f202b8e9bd65a169f2d9337,4f06045191109310ca426feae9e49a478acc0f064cba481e9565dbf457ec8c00,82b0721fba83ae4086b0d0591b4ffcfc712d4597aee077a8ebb97726882be6bf,True,6.413807,,"{""actual_model"":""ai4bharat/indictrans2-indic-en-1B"",""decoding"":""beam search, no sampling; reproducibility limited to pinned environment/hardware"",""device"":""cpu"",""revision"":""ac3daf0ecd37be3b6957764a9179ab2b07fa9d6a"",""seed"":20260912,""torch_version"":""2.14.0+cpu""}"
record:367e599c415bdaf5bf5567efb68a98886d3bd284c41b72cbdbdeaa11a5fa6222,977393816419422208,indictrans2,ai4bharat/indictrans2-indic-en-1B,ai4bharat/indictrans2-indic-en-1B,Traffic Alert Traffic will be heavy on the route from Faridabad to Kalindi Kunj due to the failure of 2 trucks on the Agra Canal.,SUCCESS,2026-09-12T16:25:01.682381+00:00,20260912_blind_v5,8d8f5fcab9e03c6a1dfc90d5a2bfc7a3f92959df7f202b8e9bd65a169f2d9337,b94319efaa558f611da2cc53dc0664f30d68944eacafdbf36391bf43aaed64c5,a969b1c4eda1002a7df2a9537f1ebdfe8c63770f24556d9505406a34d9f9f144,True,7.10928,,"{""actual_model"":""ai4bharat/indictrans2-indic-en-1B"",""decoding"":""beam search, no sampling; reproducibility limited to pinned environment/hardware"",""device"":""cpu"",""revision"":""ac3daf0ecd37be3b6957764a9179ab2b07fa9d6a"",""seed"":20260912,""torch_version"":""2.14.0+cpu""}"
record:3696bcecdf7f0c94b968a4eb99a70c2b8ebad948f01cd5fcc247044bdb14703b,894444117777727488,indictrans2,ai4bharat/indictrans2-indic-en-1B,ai4bharat/indictrans2-indic-en-1B,"Traffic Alert A camel has been found dead near the Delhi Secretariat bus stop on the route from आई.टी.ओ to Laxmi Nagar, disrupting traffic.",SUCCESS,2026-09-12T16:25:08.791645+00:00,20260912_blind_v5,8d8f5fcab9e03c6a1dfc90d5a2bfc7a3f92959df7f202b8e9bd65a169f2d9337,9256ddf8e507e28285c91965a25a5d70cee32cbcbe095abed9fb298961382d60,c3f72b6ec5c1b9ac75ce0b0ae78368263ccdb3e359e24a93fec45ac2c0413335,True,28.2493,,"{""actual_model"":""ai4bharat/indictrans2-indic-en-1B"",""decoding"":""beam search, no sampling; reproducibility limited to pinned environment/hardware"",""device"":""cpu"",""revision"":""ac3daf0ecd37be3b6957764a9179ab2b07fa9d6a"",""seed"":20260912,""torch_version"":""2.14.0+cpu""}"
record:36c536ca5661d63455668dbf9e662f836624614795009388e4914687db6ff40a,955267638711726080,indictrans2,ai4bharat/indictrans2-indic-en-1B,ai4bharat/indictrans2-indic-en-1B,"Traffic Alert The road from Lajpat Nagar to Moolchand has been dug by IGL gas company people, due to which there will be more traffic.",SUCCESS,2026-09-12T16:25:37.037387+00:00,20260912_blind_v5,8d8f5fcab9e03c6a1dfc90d5a2bfc7a3f92959df7f202b8e9bd65a169f2d9337,a6296b64f4c5c6ccb389c437e409c79c6140894f99dd959922524461a8fe249f,ca3ee5c38ab11cdf0cec823777a4146e01adcc844aab3f94ca64188ab50666a6,True,24.966238,,"{""actual_model"":""ai4bharat/indictrans2-indic-en-1B"",""decoding"":""beam search, no sampling; reproducibility limited to pinned environment/hardware"",""device"":""cpu"",""revision"":""ac3daf0ecd37be3b6957764a9179ab2b07fa9d6a"",""seed"":20260912,""torch_version"":""2.14.0+cpu""}"
record:36cb70fbe2af2d2f0692d6566f9fcf222f347bf91dd4b261a56b25a84149b534,931488159531012096,indictrans2,ai4bharat/indictrans2-indic-en-1B,ai4bharat/indictrans2-indic-en-1B,"Traffic Alert A tourist bus has broken down near IIT to Nehru Place, Chirag Delhi, traffic is heavy please avoid this route!",SUCCESS,2026-09-12T16:26:02.006318+00:00,20260912_blind_v5,8d8f5fcab9e03c6a1dfc90d5a2bfc7a3f92959df7f202b8e9bd65a169f2d9337,73c139ac733af0dd37a6277ec6d9d34eb4e89996aaca9086bfc476d02787ade4,ccbc8ab163ca5442cc6c9f93b55c9170354960c35aa8557b3f221338bebc9d66,True,7.806126,,"{""actual_model"":""ai4bharat/indictrans2-indic-en-1B"",""decoding"":""beam search, no sampling; reproducibility limited to pinned environment/hardware"",""device"":""cpu"",""revision"":""ac3daf0ecd37be3b6957764a9179ab2b07fa9d6a"",""seed"":20260912,""torch_version"":""2.14.0+cpu""}"
record:36fd81a4218f2cb7a7759fd15a5a3adfc40c181334a7e04d6c1a5385a50aa714,1048517753013825537,indictrans2,ai4bharat/indictrans2-indic-en-1B,ai4bharat/indictrans2-indic-en-1B,"Traffic Alert Traffic has been diverted on the following routes from 1 pm to 7 pm due to sit-in protest at Taimoor Nagar 1. Maharani Bagh to go via Mathura Road instead of CV Raman Marg Temple T-Point, CV Raman Marg to go via Maharani Bagh Traffic will be closed.",SUCCESS,2026-09-12T16:26:09.821976+00:00,20260912_blind_v5,8d8f5fcab9e03c6a1dfc90d5a2bfc7a3f92959df7f202b8e9bd65a169f2d9337,9790c301dccdb6cf26fc39dfafe9eb5427fd760fc7eed68c2b35870ad8d6d2d6,0033322d97517cf61bb85dee065b0d01719f4d8ceb8dd989da4b363e4ac69cc1,True,37.315603,,"{""actual_model"":""ai4bharat/indictrans2-indic-en-1B"",""decoding"":""beam search, no sampling; reproducibility limited to pinned environment/hardware"",""device"":""cpu"",""revision"":""ac3daf0ecd37be3b6957764a9179ab2b07fa9d6a"",""seed"":20260912,""torch_version"":""2.14.0+cpu""}"
record:371d349499416091aa9689d0ff87f8a9c9b55655d23f8df2e4feef89d6971e5d,1023089127078735872,indictrans2,ai4bharat/indictrans2-indic-en-1B,ai4bharat/indictrans2-indic-en-1B,"Traffic Alert People are protesting near Batra Hospital on Mehrauli Badarpur Road due to water problem, traffic is blocked on both the routes. Please avoid using this route.",SUCCESS,2026-09-12T16:26:47.136825+00:00,20260912_blind_v5,8d8f5fcab9e03c6a1dfc90d5a2bfc7a3f92959df7f202b8e9bd65a169f2d9337,9aa9e1d13ff70b53d6ace6a00df86b8556ae719ddf0d21eee6ac3e05d855c98c,841c936bdb12b64f37d3ad7457451ecbfdc06e3cfb9c77275420b7bc383fc709,True,24.515136,,"{""actual_model"":""ai4bharat/indictrans2-indic-en-1B"",""decoding"":""beam search, no sampling; reproducibility limited to pinned environment/hardware"",""device"":""cpu"",""revision"":""ac3daf0ecd37be3b6957764a9179ab2b07fa9d6a"",""seed"":20260912,""torch_version"":""2.14.0+cpu""}"
record:37586ee4c1d159510093618bab492abf0a8bb627e5c27195ac22a80e2523ab2a,572222658206699521,indictrans2,ai4bharat/indictrans2-indic-en-1B,ai4bharat/indictrans2-indic-en-1B,"TRAFFIC ALERT Press Enclave Road Saket Near PSRI Hospital A tree has fallen, affecting traffic, sorry for the inconvenience.",SUCCESS,2026-09-12T16:27:11.653993+00:00,20260912_blind_v5,8d8f5fcab9e03c6a1dfc90d5a2bfc7a3f92959df7f202b8e9bd65a169f2d9337,866f5492ca04a0816194688b9ff5373c2ed3480a7ef1d8bfacc14710a027a932,3d0cfb6ae7af64515daef7f136f01cff3a0b304508682ef5baa1d382bee5417e,True,8.029466,,"{""actual_model"":""ai4bharat/indictrans2-indic-en-1B"",""decoding"":""beam search, no sampling; reproducibility limited to pinned environment/hardware"",""device"":""cpu"",""revision"":""ac3daf0ecd37be3b6957764a9179ab2b07fa9d6a"",""seed"":20260912,""torch_version"":""2.14.0+cpu""}"
record:376fed02537f83d538bbd800a5c3cf6a77f9b6418166cae341e15402eacb718f,852386303480020992,indictrans2,ai4bharat/indictrans2-indic-en-1B,ai4bharat/indictrans2-indic-en-1B,"Traffic Alert Due to Vaisakhi schedule, traffic from RML to Round Post Office is heavy. Motorists going towards Connaught Place 1 / 2",SUCCESS,2026-09-12T16:27:19.683870+00:00,20260912_blind_v5,8d8f5fcab9e03c6a1dfc90d5a2bfc7a3f92959df7f202b8e9bd65a169f2d9337,0d0724c8c9d22fece50157e4b534b635602bf9db0b89cb4cf491c69c16af715e,35e75b060bb0f850f823f8527a325c743e0422ad0381fa9116b8e0e7e632c630,True,24.03488,,"{""actual_model"":""ai4bharat/indictrans2-indic-en-1B"",""decoding"":""beam search, no sampling; reproducibility limited to pinned environment/hardware"",""device"":""cpu"",""revision"":""ac3daf0ecd37be3b6957764a9179ab2b07fa9d6a"",""seed"":20260912,""torch_version"":""2.14.0+cpu""}"
record:37c7dfbd3390b38e5e16abb135ec70569ce7e31a24209be5390083d9d405f33a,573056364974456834,indictrans2,ai4bharat/indictrans2-indic-en-1B,ai4bharat/indictrans2-indic-en-1B,"Traffic Alert On Main M.B. Road, where the PWD had worked, the sewer is overflowing, due to which traffic is disrupted.",SUCCESS,2026-09-12T16:27:43.704755+00:00,20260912_blind_v5,8d8f5fcab9e03c6a1dfc90d5a2bfc7a3f92959df7f202b8e9bd65a169f2d9337,1f7c60772198520c063e98329ed3893f04bc3a5fb80b42ad7fbe4875d65237b5,fc8b1ca0259b7ce3c4250ae34abbbb16f85533293fbca6344d83db69048d4b3a,True,16.783962,,"{""actual_model"":""ai4bharat/indictrans2-indic-en-1B"",""decoding"":""beam search, no sampling; reproducibility limited to pinned environment/hardware"",""device"":""cpu"",""revision"":""ac3daf0ecd37be3b6957764a9179ab2b07fa9d6a"",""seed"":20260912,""torch_version"":""2.14.0+cpu""}"
record:3851c00420ea32cc9e0bf27ee89911748f1d34ddb5e96d3d734dce6ee205e915,829192216807477248,indictrans2,ai4bharat/indictrans2-indic-en-1B,ai4bharat/indictrans2-indic-en-1B,Traffic Alert Traffic is blocked on the road from Azadpur to Filmistan due to a water pipeline burst. Please avoid using this route.,SUCCESS,2026-09-12T16:28:00.501454+00:00,20260912_blind_v5,8d8f5fcab9e03c6a1dfc90d5a2bfc7a3f92959df7f202b8e9bd65a169f2d9337,f2d93ce54381028b7ac7b5e57828cac5843b1d9a30e7844cf720d13f8e198c44,e0e4348e212c3fe6c8d154732c928a8d5e8c114a88ebc3b5c0548f2c47fbbd1f,True,7.934228,,"{""actual_model"":""ai4bharat/indictrans2-indic-en-1B"",""decoding"":""beam search, no sampling; reproducibility limited to pinned environment/hardware"",""device"":""cpu"",""revision"":""ac3daf0ecd37be3b6957764a9179ab2b07fa9d6a"",""seed"":20260912,""torch_version"":""2.14.0+cpu""}"
record:3884e1fb790d338755f81fdf44d40ec9aab9de2953fad611d22e16a5de80cf41,586410652865957888,indictrans2,ai4bharat/indictrans2-indic-en-1B,ai4bharat/indictrans2-indic-en-1B,"On Traffic Alert Devli mode\ u093C, DJB fixed the water pipe and filled the pothole which was filled yesterday, the water came out again today... http://fb.me/3KYIKBWqQ",SUCCESS,2026-09-12T16:28:08.435238+00:00,20260912_blind_v5,8d8f5fcab9e03c6a1dfc90d5a2bfc7a3f92959df7f202b8e9bd65a169f2d9337,e89d2ede12e6c25bf394c3f494dd118b468027804f66be78cae7d157486deef1,0e88f4d7c5c10e7f5cf493ff3599dbb9a723da76990a3f36bc9b2926190204ff,True,11.115689,,"{""actual_model"":""ai4bharat/indictrans2-indic-en-1B"",""decoding"":""beam search, no sampling; reproducibility limited to pinned environment/hardware"",""device"":""cpu"",""revision"":""ac3daf0ecd37be3b6957764a9179ab2b07fa9d6a"",""seed"":20260912,""torch_version"":""2.14.0+cpu""}"
record:39d589183358299cccd8693e6dc1561d09f7c037e8ce5f7471b6574b65251777,1076801744007385090,indictrans2,ai4bharat/indictrans2-indic-en-1B,ai4bharat/indictrans2-indic-en-1B,"Traffic Alert Due to heavy tourist inflow at Qutub Minar, the parking is full, due to which traffic is disrupted on Aurobindo Marg from Hauz Khas towards Qutub Minar.",SUCCESS,2026-09-12T16:28:19.548842+00:00,20260912_blind_v5,8d8f5fcab9e03c6a1dfc90d5a2bfc7a3f92959df7f202b8e9bd65a169f2d9337,f4e99a8c1746faef5c87a073d702550cd07beb2069bee5079621691b16c69221,dc9066a079091efe162cdeca0fe071da014982d8f5ae92031c3e77eb8f92d51f,True,40.925478,,"{""actual_model"":""ai4bharat/indictrans2-indic-en-1B"",""decoding"":""beam search, no sampling; reproducibility limited to pinned environment/hardware"",""device"":""cpu"",""revision"":""ac3daf0ecd37be3b6957764a9179ab2b07fa9d6a"",""seed"":20260912,""torch_version"":""2.14.0+cpu""}"
record:3ad2b13fa47cef23bc3577208b728dfa56375f2a4b4b93b95437ae2642cafd69,619654423585931265,indictrans2,ai4bharat/indictrans2-indic-en-1B,ai4bharat/indictrans2-indic-en-1B,Traffic Alert Traffic is now normal on the route from Naraina to Dhaula Kuan.,SUCCESS,2026-09-12T16:29:00.478607+00:00,20260912_blind_v5,8d8f5fcab9e03c6a1dfc90d5a2bfc7a3f92959df7f202b8e9bd65a169f2d9337,51c4f28b7d666f82d8f67b388c146a48ebecfc7eeaf750ff7214b2967e031390,b3a8ae37d73cc090d0601280e3a5f623c86c6bc69d2a35ec093a1e678bfdfdc3,True,17.091874,,"{""actual_model"":""ai4bharat/indictrans2-indic-en-1B"",""decoding"":""beam search, no sampling; reproducibility limited to pinned environment/hardware"",""device"":""cpu"",""revision"":""ac3daf0ecd37be3b6957764a9179ab2b07fa9d6a"",""seed"":20260912,""torch_version"":""2.14.0+cpu""}"
record:3b400cea0bd5b731536938aac5946fedc3dc6d154cec143f1d7f91acd43b729e,1110779132772843520,indictrans2,ai4bharat/indictrans2-indic-en-1B,ai4bharat/indictrans2-indic-en-1B,"Traffic Alert Delhi Jal Board officials are working on the route from Khanpur to Lado Sarai, due to which traffic is disrupted.",SUCCESS,2026-09-12T16:29:17.562128+00:00,20260912_blind_v5,8d8f5fcab9e03c6a1dfc90d5a2bfc7a3f92959df7f202b8e9bd65a169f2d9337,4e0422a49f9fdad8a913e0c3a76f66d701996ac3e5219c0218f0dd9ff44c9018,2bd2cebbf87fb6a989f5eb7f2fd353ed2cd3e6a2ffb9145caa59c4b378967f77,True,6.346087,,"{""actual_model"":""ai4bharat/indictrans2-indic-en-1B"",""decoding"":""beam search, no sampling; reproducibility limited to pinned environment/hardware"",""device"":""cpu"",""revision"":""ac3daf0ecd37be3b6957764a9179ab2b07fa9d6a"",""seed"":20260912,""torch_version"":""2.14.0+cpu""}"
record:3b52582053a93ce8240deef56de474da7900a84d11cfc8699fd6c6b76787c4df,1008196396946677761,indictrans2,ai4bharat/indictrans2-indic-en-1B,ai4bharat/indictrans2-indic-en-1B,"Traffic Alert Gurupurab program is going on at Bangla Sahib Gurudwara and Rakabganj Gurudwara, due to which traffic is disrupted on Baba Kharag Singh Marg and Ashoka Road.",SUCCESS,2026-09-12T16:29:23.908903+00:00,20260912_blind_v5,8d8f5fcab9e03c6a1dfc90d5a2bfc7a3f92959df7f202b8e9bd65a169f2d9337,4bc45b1e32714fa368a8f9a1d9e3078cf4bc6dc6e4b7b9f57051b3a66c56da2c,5786d2bbd4d32616f5bc211006fce7fe41eb000d0fca9943bc393589620c2fd7,True,10.230648,,"{""actual_model"":""ai4bharat/indictrans2-indic-en-1B"",""decoding"":""beam search, no sampling; reproducibility limited to pinned environment/hardware"",""device"":""cpu"",""revision"":""ac3daf0ecd37be3b6957764a9179ab2b07fa9d6a"",""seed"":20260912,""torch_version"":""2.14.0+cpu""}"
record:3c4163cec4d8d49d379f3db98bf4a712e04af18785ebd49bf4c89b21a6ee96ef,1073889707220656133,indictrans2,ai4bharat/indictrans2-indic-en-1B,ai4bharat/indictrans2-indic-en-1B,"Traffic Alert Delhi Jal Board work is going on in the route from Red Fort to Fountain Chowk, due to which traffic is blocked at ISBT Kashmere Gate (both carriageways) from Shyama Prasad Mukherjee Marg and Netaji Subhas Marg.",SUCCESS,2026-09-12T16:29:34.144934+00:00,20260912_blind_v5,8d8f5fcab9e03c6a1dfc90d5a2bfc7a3f92959df7f202b8e9bd65a169f2d9337,03fd24df100a51bb8bfbf0cc736768ffbbe95bdbfe602afd083cd80ea9b3e045,7fb64cebcb58b678f2f39733e03df020ba685fb26944f24d3977b0c7af649dbd,True,26.265134,,"{""actual_model"":""ai4bharat/indictrans2-indic-en-1B"",""decoding"":""beam search, no sampling; reproducibility limited to pinned environment/hardware"",""device"":""cpu"",""revision"":""ac3daf0ecd37be3b6957764a9179ab2b07fa9d6a"",""seed"":20260912,""torch_version"":""2.14.0+cpu""}"
record:3c41a4753f5b289dc4b9879e10697dc55181aaebfa0678db162788755bb295df,1035464570998087680,indictrans2,ai4bharat/indictrans2-indic-en-1B,ai4bharat/indictrans2-indic-en-1B,Traffic Alert: Road from Gol Methi R / A to Moti Lal Nehru Place is closed for traffic due to sit-in protest!,SUCCESS,2026-09-12T16:30:00.411946+00:00,20260912_blind_v5,8d8f5fcab9e03c6a1dfc90d5a2bfc7a3f92959df7f202b8e9bd65a169f2d9337,18cc69e1c8002018f32e03d77709a1d737419dd66dd97f80830ce23be96fa8de,d482593d14b4e6a237a5261778d0a8322bdedc51926352ccffa25937d05b6d57,True,20.125353,,"{""actual_model"":""ai4bharat/indictrans2-indic-en-1B"",""decoding"":""beam search, no sampling; reproducibility limited to pinned environment/hardware"",""device"":""cpu"",""revision"":""ac3daf0ecd37be3b6957764a9179ab2b07fa9d6a"",""seed"":20260912,""torch_version"":""2.14.0+cpu""}"
record:3cb80f7794d82b30ff132bd91fa1579090a361ab1537e05270b22a3066fd87b7,541086424775540736,indictrans2,ai4bharat/indictrans2-indic-en-1B,ai4bharat/indictrans2-indic-en-1B,Traffic Alert A sewer has caved in on Outer Ring Road on the way to Savitri Cinema (Greater Kailash ).Sorry for the inconvenience.,SUCCESS,2026-09-12T16:30:20.540032+00:00,20260912_blind_v5,8d8f5fcab9e03c6a1dfc90d5a2bfc7a3f92959df7f202b8e9bd65a169f2d9337,2e34f6c37ecac48427290a585aaff3052eb143f8e38b993624c13ff59f2e2f78,f8b6020f0bb725989a97a8e32e33e298c4cbc058e766b063300cd7b030327a8a,True,18.048867,,"{""actual_model"":""ai4bharat/indictrans2-indic-en-1B"",""decoding"":""beam search, no sampling; reproducibility limited to pinned environment/hardware"",""device"":""cpu"",""revision"":""ac3daf0ecd37be3b6957764a9179ab2b07fa9d6a"",""seed"":20260912,""torch_version"":""2.14.0+cpu""}"
record:3d6493be497be004e5e24e17b10fe58efbf83b2e4685d28b6c81342580e96420,825314107796512769,indictrans2,ai4bharat/indictrans2-indic-en-1B,ai4bharat/indictrans2-indic-en-1B,Traffic Alert 1 / 2: Bharat Parv is being celebrated at Red Fort due to which buses going from Delhi Gate to Old Delhi will not be able to reach Ring Road.,SUCCESS,2026-09-12T16:30:38.580605+00:00,20260912_blind_v5,8d8f5fcab9e03c6a1dfc90d5a2bfc7a3f92959df7f202b8e9bd65a169f2d9337,ded0fba36cbfc5ea7d78d52d66e3d15846d0e0cb14fdc2f712bedb5300af1e5b,2716b38d7b69853d6f5ee87f3ec9b74e1178e081e2dcd760370b2c0d8e442a07,True,10.192451,,"{""actual_model"":""ai4bharat/indictrans2-indic-en-1B"",""decoding"":""beam search, no sampling; reproducibility limited to pinned environment/hardware"",""device"":""cpu"",""revision"":""ac3daf0ecd37be3b6957764a9179ab2b07fa9d6a"",""seed"":20260912,""torch_version"":""2.14.0+cpu""}"
record:3dbc9bb6c08016a9da9b7451e9294045856d58eb2969ce55d12d40a0ca82b75f,1024156961955184640,indictrans2,ai4bharat/indictrans2-indic-en-1B,ai4bharat/indictrans2-indic-en-1B,"Traffic Alert आर.के. On Panchkuinya Road near Ashram Marg Metro Station, going towards Connaught Place, there is a 15-20 pothole in the road due to which traffic is affected.",SUCCESS,2026-09-12T16:30:48.780617+00:00,20260912_blind_v5,8d8f5fcab9e03c6a1dfc90d5a2bfc7a3f92959df7f202b8e9bd65a169f2d9337,ed80d67ddfdcc606591adef33cc8811ff22486d1027cb7c0e7ea191be981f660,8324603939454581a949b905a811439e0a4b9adf4a6ce0daf175c66f62835ce5,True,18.879871,,"{""actual_model"":""ai4bharat/indictrans2-indic-en-1B"",""decoding"":""beam search, no sampling; reproducibility limited to pinned environment/hardware"",""device"":""cpu"",""revision"":""ac3daf0ecd37be3b6957764a9179ab2b07fa9d6a"",""seed"":20260912,""torch_version"":""2.14.0+cpu""}"
record:3dcf43b1a20d059750f594b23f5988f852bde663f3c580cd75b625c91b6daf8c,1077110709245394944,indictrans2,ai4bharat/indictrans2-indic-en-1B,ai4bharat/indictrans2-indic-en-1B,"Traffic Alert A religious procession has started from Digambar Jain Temple, Red Fort which will pass through Fawara Chowk-Khari Baoli-Chandni Chowk to Pahari Dheeraj |इसलिए Avoid using these routes.",SUCCESS,2026-09-12T16:31:07.659564+00:00,20260912_blind_v5,8d8f5fcab9e03c6a1dfc90d5a2bfc7a3f92959df7f202b8e9bd65a169f2d9337,92183cad494fb7f76b6aff98d23c291f5e59effd1f3b85b2bfa7b0bb2eb43cd4,404130af85284692e61cd20782cc9eb438edb40ddf1b94b4179cf8572b36dad7,True,39.586568,,"{""actual_model"":""ai4bharat/indictrans2-indic-en-1B"",""decoding"":""beam search, no sampling; reproducibility limited to pinned environment/hardware"",""device"":""cpu"",""revision"":""ac3daf0ecd37be3b6957764a9179ab2b07fa9d6a"",""seed"":20260912,""torch_version"":""2.14.0+cpu""}"
record:3e4ebdbf842687113a13ce7617dbee1e586bf6bb06db2fb6dfc57894cf86d0c4,580368752409112579,indictrans2,ai4bharat/indictrans2-indic-en-1B,ai4bharat/indictrans2-indic-en-1B,"Traffic Alert Delhi Jal Board and Delhi Metro work on Panchsheel Marg is over now, traffic is normal.",SUCCESS,2026-09-12T16:31:47.245135+00:00,20260912_blind_v5,8d8f5fcab9e03c6a1dfc90d5a2bfc7a3f92959df7f202b8e9bd65a169f2d9337,c150dd9f3ab19836c51a4a5984baa24401e2bd2c91e135d4c39190a2681c0a55,c17404bd45e43bf8d1590f554b84395b39517872403e1f94e3ffe4794d79c4ff,True,9.285495,,"{""actual_model"":""ai4bharat/indictrans2-indic-en-1B"",""decoding"":""beam search, no sampling; reproducibility limited to pinned environment/hardware"",""device"":""cpu"",""revision"":""ac3daf0ecd37be3b6957764a9179ab2b07fa9d6a"",""seed"":20260912,""torch_version"":""2.14.0+cpu""}"
record:3f19660301c47e4052db0ac667e1e2ec111d9b5c6facbef4ff2cefeb7381fcfa,1097367667336335362,indictrans2,ai4bharat/indictrans2-indic-en-1B,ai4bharat/indictrans2-indic-en-1B,Traffic Alert The road that caved in near CDR Chowk en route from Gurugram to Mehrauli has been repaired. Traffic is normal now. pic.twitter.com/057SFajHk2,SUCCESS,2026-09-12T16:31:56.532732+00:00,20260912_blind_v5,8d8f5fcab9e03c6a1dfc90d5a2bfc7a3f92959df7f202b8e9bd65a169f2d9337,8dc6eb94aa0db1978a4aeca81796a20aadc5cbb9883731ca2ab46c883210541e,4aa4b88ca2ffa2da9290098371dc19edb2ee925208ec418bdb93a6c039354b80,True,8.472943,,"{""actual_model"":""ai4bharat/indictrans2-indic-en-1B"",""decoding"":""beam search, no sampling; reproducibility limited to pinned environment/hardware"",""device"":""cpu"",""revision"":""ac3daf0ecd37be3b6957764a9179ab2b07fa9d6a"",""seed"":20260912,""torch_version"":""2.14.0+cpu""}"
record:3f8f963a8c0b38aa0c5e62b58ac334b08ff4c61a1651ff807172e54d76e1b10d,557129654545678336,indictrans2,ai4bharat/indictrans2-indic-en-1B,ai4bharat/indictrans2-indic-en-1B,Traffic Alert Local Councillor's mother has passed away which will cause more traffic on MB Road Khanpur. Sorry for the inconvenience.,SUCCESS,2026-09-12T16:32:05.001549+00:00,20260912_blind_v5,8d8f5fcab9e03c6a1dfc90d5a2bfc7a3f92959df7f202b8e9bd65a169f2d9337,8063e509f2c3e504b69aa83727d0387cc59238c33902d5fb4935e10997f7691e,48fe6fbd3a8e2ef5830094e43df1f2c8d4ccfb2c837d39d58908da049f66fb5f,True,8.810242,,"{""actual_model"":""ai4bharat/indictrans2-indic-en-1B"",""decoding"":""beam search, no sampling; reproducibility limited to pinned environment/hardware"",""device"":""cpu"",""revision"":""ac3daf0ecd37be3b6957764a9179ab2b07fa9d6a"",""seed"":20260912,""torch_version"":""2.14.0+cpu""}"
record:3fc8d189b69eca06ff39eff51612c26e1f3a2e61daef4faa0d0df6b980ec2ad8,1114563446329237507,indictrans2,ai4bharat/indictrans2-indic-en-1B,ai4bharat/indictrans2-indic-en-1B,"Traffic Alert: The route from Pratap Nagar Metro Station to Azad Market will be taken over by the PWD from 11 pm today, due to which traffic will be disrupted.",SUCCESS,2026-09-12T16:32:13.810196+00:00,20260912_blind_v5,8d8f5fcab9e03c6a1dfc90d5a2bfc7a3f92959df7f202b8e9bd65a169f2d9337,5935e85e285a7eed9b1b21b007688b0425477df9d522f5f826461bfd2f2ef319,f3221e0fcd078da7ca158e260cd7a64581f463bc9c5838fba7aa7db4dd5277d2,True,19.668073,,"{""actual_model"":""ai4bharat/indictrans2-indic-en-1B"",""decoding"":""beam search, no sampling; reproducibility limited to pinned environment/hardware"",""device"":""cpu"",""revision"":""ac3daf0ecd37be3b6957764a9179ab2b07fa9d6a"",""seed"":20260912,""torch_version"":""2.14.0+cpu""}"
record:3fd044582626ed82fc7ff6cf04e4e081d58b8b3bb4cc7cac45160fc75516c898,1052942739027968007,indictrans2,ai4bharat/indictrans2-indic-en-1B,ai4bharat/indictrans2-indic-en-1B,Traffic Alert Traffic on Vipin Chandra Pal Marg and Savitri Cinema Road is affected due to Durga Puja at CR Park.,SUCCESS,2026-09-12T16:32:33.477472+00:00,20260912_blind_v5,8d8f5fcab9e03c6a1dfc90d5a2bfc7a3f92959df7f202b8e9bd65a169f2d9337,2120da10940df6f5d6a05c655d633aa64d172b135ebbedca415dc6a1c491e49f,244111cef45cef5a157a45392862e60426fe3b29935e21ba005ccfe0ed5f3def,True,36.748411,,"{""actual_model"":""ai4bharat/indictrans2-indic-en-1B"",""decoding"":""beam search, no sampling; reproducibility limited to pinned environment/hardware"",""device"":""cpu"",""revision"":""ac3daf0ecd37be3b6957764a9179ab2b07fa9d6a"",""seed"":20260912,""torch_version"":""2.14.0+cpu""}"
record:406fd55350c47c4f072aa87de7917a455394ac4f02c45aabd885be5ba3e30c31,1034290277207298048,indictrans2,ai4bharat/indictrans2-indic-en-1B,ai4bharat/indictrans2-indic-en-1B,Traffic Alert Traffic is affected due to waterlogging on both sides under Moti Bagh Flyover!,SUCCESS,2026-09-12T16:33:10.234838+00:00,20260912_blind_v5,8d8f5fcab9e03c6a1dfc90d5a2bfc7a3f92959df7f202b8e9bd65a169f2d9337,b98cae5c46bc21ce596b3fd0fcaaba2d6867c60799c6e66b628cc36cad05809a,7f997a601fc91c50d3b8244577e4c6614456ec2325aee435f3bf0f350286c2d1,True,6.331024,,"{""actual_model"":""ai4bharat/indictrans2-indic-en-1B"",""decoding"":""beam search, no sampling; reproducibility limited to pinned environment/hardware"",""device"":""cpu"",""revision"":""ac3daf0ecd37be3b6957764a9179ab2b07fa9d6a"",""seed"":20260912,""torch_version"":""2.14.0+cpu""}"
record:40b55dc41dad1a3dc494c7c4479955fdda66ca40cd93349a5719c9a717357043,771895411858608128,indictrans2,ai4bharat/indictrans2-indic-en-1B,ai4bharat/indictrans2-indic-en-1B,Traffic Alert - 1 / 2 of the road that caved in while descending from Naraina Flyover on Ring Road on the way from Naraina Flyover to Dhaula Kuan.,SUCCESS,2026-09-12T16:33:16.566498+00:00,20260912_blind_v5,8d8f5fcab9e03c6a1dfc90d5a2bfc7a3f92959df7f202b8e9bd65a169f2d9337,8bb70981724ffa4b10005193953c824fcd167e855ab77af993725474c2bdfbee,4d6ff5d1330b10f29cfc61045994e672263d704e61a282eeb282432c517480bb,True,10.569706,,"{""actual_model"":""ai4bharat/indictrans2-indic-en-1B"",""decoding"":""beam search, no sampling; reproducibility limited to pinned environment/hardware"",""device"":""cpu"",""revision"":""ac3daf0ecd37be3b6957764a9179ab2b07fa9d6a"",""seed"":20260912,""torch_version"":""2.14.0+cpu""}"
record:40ed001df574cfbc5f075bdf22005531133fa70c68ffd7fbe0889afa6b4c4fe1,881446647766564864,indictrans2,ai4bharat/indictrans2-indic-en-1B,ai4bharat/indictrans2-indic-en-1B,Traffic Alert A tree has fallen on the road from Mathura Road to CXC Gun at Mathura Road / Sher Shah Road crossing causing heavy traffic.,SUCCESS,2026-09-12T16:33:27.136065+00:00,20260912_blind_v5,8d8f5fcab9e03c6a1dfc90d5a2bfc7a3f92959df7f202b8e9bd65a169f2d9337,56d1a5bb8d32a0deee24985bd1a20c4f2feb8dc4f97ad0a7cff21d0f1ed550b5,0639f0103c26c3c675e4736fb64d412ce7be945f053aa4c1910b5b5c3a2fff2e,True,10.420994,,"{""actual_model"":""ai4bharat/indictrans2-indic-en-1B"",""decoding"":""beam search, no sampling; reproducibility limited to pinned environment/hardware"",""device"":""cpu"",""revision"":""ac3daf0ecd37be3b6957764a9179ab2b07fa9d6a"",""seed"":20260912,""torch_version"":""2.14.0+cpu""}"
record:40f285b449a09595e5e7ed24033323746bc2ff87e22b44c57526241b5565a87b,1068369975948259328,indictrans2,ai4bharat/indictrans2-indic-en-1B,ai4bharat/indictrans2-indic-en-1B,Traffic Alert All India Kisan Sangharsh Coordination Committee march from Ramlila Maidan to Jawaharlal Nehru Marg involving 7000 to 8000 people. Traffic affected.,SUCCESS,2026-09-12T16:33:37.553524+00:00,20260912_blind_v5,8d8f5fcab9e03c6a1dfc90d5a2bfc7a3f92959df7f202b8e9bd65a169f2d9337,5e8b6ad6c3de518fd5738db9656ed17dc7d8c8a2cd47345834bd1e97a1df58e0,f0da2dbaf08b10a11eec09bce327bf698337325d6538ec02483f69135e1a6c55,True,34.580128,,"{""actual_model"":""ai4bharat/indictrans2-indic-en-1B"",""decoding"":""beam search, no sampling; reproducibility limited to pinned environment/hardware"",""device"":""cpu"",""revision"":""ac3daf0ecd37be3b6957764a9179ab2b07fa9d6a"",""seed"":20260912,""torch_version"":""2.14.0+cpu""}"
record:41eaa7ac25b2b28e6d54e1d92219e10f9a82a1e5989238a1f0b7a9357bb0c078,836879150640156673,indictrans2,ai4bharat/indictrans2-indic-en-1B,ai4bharat/indictrans2-indic-en-1B,Traffic Alert: Buses from ITO Chowk to Laxmi Nagar have been diverted towards Delhi Gate.,SUCCESS,2026-09-12T16:34:12.137687+00:00,20260912_blind_v5,8d8f5fcab9e03c6a1dfc90d5a2bfc7a3f92959df7f202b8e9bd65a169f2d9337,304ef84684c2fcb2d74650c44ef87e83a44281662f282cf764d96c21e0d3e3b4,33fbc3f387208a5ecd8f3ee30f0d6b93ee90ed5eb91be9be85e196481591c93c,True,8.397742,,"{""actual_model"":""ai4bharat/indictrans2-indic-en-1B"",""decoding"":""beam search, no sampling; reproducibility limited to pinned environment/hardware"",""device"":""cpu"",""revision"":""ac3daf0ecd37be3b6957764a9179ab2b07fa9d6a"",""seed"":20260912,""torch_version"":""2.14.0+cpu""}"
record:4273d8c28afcd068edec8ab2430717171e23ed215a244aabad69859d7f978131,1097739094359138304,indictrans2,ai4bharat/indictrans2-indic-en-1B,ai4bharat/indictrans2-indic-en-1B,"Traffic Alert: There will be a procession of Chhatrapati Shivaji Maharaj from Maharashtra Bhawan Delhi which will pass through Madhavrao Scindia Marg-Jaswant Singh Marg to Rajender Prasad Road, due to which traffic will be affected on these routes.",SUCCESS,2026-09-12T16:34:20.536251+00:00,20260912_blind_v5,8d8f5fcab9e03c6a1dfc90d5a2bfc7a3f92959df7f202b8e9bd65a169f2d9337,8cabf90199ea0db68c7c2c00d5656967e745c7878a43fa62e35edef22b92ff87,6cd08e735a218863d95afdc1ec5bff333ba45e229d07fc99f77edf544eac1ac5,True,10.655371,,"{""actual_model"":""ai4bharat/indictrans2-indic-en-1B"",""decoding"":""beam search, no sampling; reproducibility limited to pinned environment/hardware"",""device"":""cpu"",""revision"":""ac3daf0ecd37be3b6957764a9179ab2b07fa9d6a"",""seed"":20260912,""torch_version"":""2.14.0+cpu""}"
record:42792c78ddb7df8902838124b6c589e3838d1b767047c667aa4ffa5a468641e1,1050652884121997313,indictrans2,ai4bharat/indictrans2-indic-en-1B,ai4bharat/indictrans2-indic-en-1B,Traffic Alert: The service lane from CDR Chowk to Mehrauli Metro Station is under repair.,SUCCESS,2026-09-12T16:34:31.192092+00:00,20260912_blind_v5,8d8f5fcab9e03c6a1dfc90d5a2bfc7a3f92959df7f202b8e9bd65a169f2d9337,758539f561704218a7df8d4e4bff20b38bce25191b9a70b5f800fc31c98ebd64,867be4912ec85fe9a4f2bd8ab35e0934dd998ffd43bb0df93f4591f28f1e2d00,True,5.992256,,"{""actual_model"":""ai4bharat/indictrans2-indic-en-1B"",""decoding"":""beam search, no sampling; reproducibility limited to pinned environment/hardware"",""device"":""cpu"",""revision"":""ac3daf0ecd37be3b6957764a9179ab2b07fa9d6a"",""seed"":20260912,""torch_version"":""2.14.0+cpu""}"
record:4280eb3b0b03f33742931d75ad082789f68f58a181ec6b1f7b0f7505c13f4a51,1123918692474028033,indictrans2,ai4bharat/indictrans2-indic-en-1B,ai4bharat/indictrans2-indic-en-1B,"Traffic Alert 1 tree has fallen near Khanpur on the route from M.B Road to Mehrauli, due to which traffic is disrupted.",SUCCESS,2026-09-12T16:34:37.184186+00:00,20260912_blind_v5,8d8f5fcab9e03c6a1dfc90d5a2bfc7a3f92959df7f202b8e9bd65a169f2d9337,b48f49d62a011bfe8e5bb6d145fa2cc13e3c3b7951e04c5a9da1cb51e178bd8c,0ae8a557ebf5cac2592825a315be8ec12576021c6b44edee109c9b28c978131e,True,20.692971,,"{""actual_model"":""ai4bharat/indictrans2-indic-en-1B"",""decoding"":""beam search, no sampling; reproducibility limited to pinned environment/hardware"",""device"":""cpu"",""revision"":""ac3daf0ecd37be3b6957764a9179ab2b07fa9d6a"",""seed"":20260912,""torch_version"":""2.14.0+cpu""}"
record:42b2318749302976ebbd0defc3af34949b60673fd2ce374cd7c0422d091b63b8,1073817516584116224,indictrans2,ai4bharat/indictrans2-indic-en-1B,ai4bharat/indictrans2-indic-en-1B,"Traffic Alert 10 Ashoka Road (12 PM) Bike rally which will move from 10 Ashoka Road to Janpath, CP Place and back to 10 Ashoka Road.",SUCCESS,2026-09-12T16:34:57.876652+00:00,20260912_blind_v5,8d8f5fcab9e03c6a1dfc90d5a2bfc7a3f92959df7f202b8e9bd65a169f2d9337,8d39275198295e2249ba127d2441bf3700c0c1e8ddf138b33a281350def35ea0,ef410b92979acb4a11ec6db976280c76f8bb85cd672ed4c7012d00beddb90566,True,34.143698,,"{""actual_model"":""ai4bharat/indictrans2-indic-en-1B"",""decoding"":""beam search, no sampling; reproducibility limited to pinned environment/hardware"",""device"":""cpu"",""revision"":""ac3daf0ecd37be3b6957764a9179ab2b07fa9d6a"",""seed"":20260912,""torch_version"":""2.14.0+cpu""}"
record:42c2b332ed61cbcfd3d80041ad066662e55275cf28a4a3f316fc2676d1e203e5,846690403130716160,indictrans2,ai4bharat/indictrans2-indic-en-1B,ai4bharat/indictrans2-indic-en-1B,"PART 1 / 3 Traffic Alert The MCD's road repair work at Barf Khana Chowk will last for 15 days, due to which the bars going to Khanna Market to Barf Khana will be closed.",SUCCESS,2026-09-12T16:35:32.020567+00:00,20260912_blind_v5,8d8f5fcab9e03c6a1dfc90d5a2bfc7a3f92959df7f202b8e9bd65a169f2d9337,cd22496b9d3910b38e4289ee98afe48a66b5125282376a3e13f1b8a5f91e5fef,fbc8e9eb398d9e2ed51afb7d78240ee3aee8860e4f8e33f4f762bd2fefa64981,True,15.960739,,"{""actual_model"":""ai4bharat/indictrans2-indic-en-1B"",""decoding"":""beam search, no sampling; reproducibility limited to pinned environment/hardware"",""device"":""cpu"",""revision"":""ac3daf0ecd37be3b6957764a9179ab2b07fa9d6a"",""seed"":20260912,""torch_version"":""2.14.0+cpu""}"
record:42e74c3e25ec66a8190fc1f27b310a968447d3f0bac14c0acac2b62df3e106c1,1077478571134853120,indictrans2,ai4bharat/indictrans2-indic-en-1B,ai4bharat/indictrans2-indic-en-1B,"Traffic Alert Press Enclave Road Select City Mall's parking lot is full, which is blocking traffic. Avoid using this route.",SUCCESS,2026-09-12T16:35:47.982643+00:00,20260912_blind_v5,8d8f5fcab9e03c6a1dfc90d5a2bfc7a3f92959df7f202b8e9bd65a169f2d9337,77931373382fe7bc2cdfa2d0ab72d875c60c413d509445be7b8b73ba7b5247c3,18cc68207a6cdc2785dce32ba8e0338d6bc1f08112a2f97bd8e37bcaeeff671f,True,6.449609,,"{""actual_model"":""ai4bharat/indictrans2-indic-en-1B"",""decoding"":""beam search, no sampling; reproducibility limited to pinned environment/hardware"",""device"":""cpu"",""revision"":""ac3daf0ecd37be3b6957764a9179ab2b07fa9d6a"",""seed"":20260912,""torch_version"":""2.14.0+cpu""}"
record:42e8437f7c5e14ab1431e9fa46122acd7ac3bea5d254ae4995ded4daf6957355,1070623402757517312,indictrans2,ai4bharat/indictrans2-indic-en-1B,ai4bharat/indictrans2-indic-en-1B,Traffic Alert Traffic is affected due to the leakage of a sewer pipeline in the route from Akbar Road roundabout towards India Gate.,SUCCESS,2026-09-12T16:35:54.431454+00:00,20260912_blind_v5,8d8f5fcab9e03c6a1dfc90d5a2bfc7a3f92959df7f202b8e9bd65a169f2d9337,89cc2757565d9d8286d1e2393e795e6b2d8b59de70319c57d7aec13d93507ece,353ac83dba7eaf0932b28378f5daaa6b9c7dcf3355a4cb3f52ec9484cb27d947,True,5.089653,,"{""actual_model"":""ai4bharat/indictrans2-indic-en-1B"",""decoding"":""beam search, no sampling; reproducibility limited to pinned environment/hardware"",""device"":""cpu"",""revision"":""ac3daf0ecd37be3b6957764a9179ab2b07fa9d6a"",""seed"":20260912,""torch_version"":""2.14.0+cpu""}"
record:4387446d33c84603d238c67adeab7124ad909ad5efda1e51edf168597c0b8889,996553495820910592,indictrans2,ai4bharat/indictrans2-indic-en-1B,ai4bharat/indictrans2-indic-en-1B,Traffic Alert A big tree has fallen in front of Shakurbasti on the way from Britannia Chowk to Haryana Maitri Bhawan.,SUCCESS,2026-09-12T16:35:59.522234+00:00,20260912_blind_v5,8d8f5fcab9e03c6a1dfc90d5a2bfc7a3f92959df7f202b8e9bd65a169f2d9337,10d7a88f1c2095499cf09b8d04fa02bd1647955648880ac3a7de0c78c3cc0c20,b70d729f6e3ab2bd163abb5034a8c389225349521618a49d67e579ccd20564ff,True,11.948996,,"{""actual_model"":""ai4bharat/indictrans2-indic-en-1B"",""decoding"":""beam search, no sampling; reproducibility limited to pinned environment/hardware"",""device"":""cpu"",""revision"":""ac3daf0ecd37be3b6957764a9179ab2b07fa9d6a"",""seed"":20260912,""torch_version"":""2.14.0+cpu""}"
record:43a3646d1632e04402c6348945c795ad1675f6b76fcfa74d4ab4d52a1e21107e,1022706503201898496,indictrans2,ai4bharat/indictrans2-indic-en-1B,ai4bharat/indictrans2-indic-en-1B,"Traffic is affected due to waterlogging at Badarpur Railway Underpass, Aali Gaon Red Light, under I P Flyover, under Modi Mill Flyover, near Guru Nanak Chowk on Jawaharlal Nehru Marg, near Ramlila Maidan MCD HQ.",SUCCESS,2026-09-12T16:36:11.464342+00:00,20260912_blind_v5,8d8f5fcab9e03c6a1dfc90d5a2bfc7a3f92959df7f202b8e9bd65a169f2d9337,3fb74eba9c7aa9ce4a3ec52e6a3e891bcd61158efd18b9d0ab1ab58348248fd1,6f61b56b257cb3f219d3f8e8389e7285a10257cb62762f792f885e36aa840d3d,True,54.1674,,"{""actual_model"":""ai4bharat/indictrans2-indic-en-1B"",""decoding"":""beam search, no sampling; reproducibility limited to pinned environment/hardware"",""device"":""cpu"",""revision"":""ac3daf0ecd37be3b6957764a9179ab2b07fa9d6a"",""seed"":20260912,""torch_version"":""2.14.0+cpu""}"
record:43f51b641022e1926ef9582d3f11310c5695163a45f3d16cd18d176b53a1288b,1068008730929889280,indictrans2,ai4bharat/indictrans2-indic-en-1B,ai4bharat/indictrans2-indic-en-1B,Traffic Alert Traffic on Shahi Road from Bijwasan Village towards Dwarka Link Road is affected due to Kisan Rally please avoid using this route.,SUCCESS,2026-09-12T16:37:05.639025+00:00,20260912_blind_v5,8d8f5fcab9e03c6a1dfc90d5a2bfc7a3f92959df7f202b8e9bd65a169f2d9337,0cd1d1a6a76875d19bb280e32a5762b2057b3d8c10915a6ac16875e125b9d3d6,9010cd63b7a8dc4f3aec35ac713d16d0dabd2a4b4a911c5c8f3d7c1f9eebf6b5,True,9.225986,,"{""actual_model"":""ai4bharat/indictrans2-indic-en-1B"",""decoding"":""beam search, no sampling; reproducibility limited to pinned environment/hardware"",""device"":""cpu"",""revision"":""ac3daf0ecd37be3b6957764a9179ab2b07fa9d6a"",""seed"":20260912,""torch_version"":""2.14.0+cpu""}"
record:446404355513e5de27daa2512a5d26bf4f30a675a39e462759c79a0e85271d79,938253727147819009,indictrans2,ai4bharat/indictrans2-indic-en-1B,ai4bharat/indictrans2-indic-en-1B,"Traffic Alert Due to the protest at Jantar Mantar, the route from Patel Chowk to Jantar Mantar has been closed.",SUCCESS,2026-09-12T16:37:14.864740+00:00,20260912_blind_v5,8d8f5fcab9e03c6a1dfc90d5a2bfc7a3f92959df7f202b8e9bd65a169f2d9337,3026f4031f56b6a086b100c7483ea37fc69d27e74a0928bf2d9d06de5dcb2e0e,c2fd5b0ef963477f511fc4b889e0b64b20743c0bc05af5f88ed6c7c4d20edbf5,True,7.354941,,"{""actual_model"":""ai4bharat/indictrans2-indic-en-1B"",""decoding"":""beam search, no sampling; reproducibility limited to pinned environment/hardware"",""device"":""cpu"",""revision"":""ac3daf0ecd37be3b6957764a9179ab2b07fa9d6a"",""seed"":20260912,""torch_version"":""2.14.0+cpu""}"
record:446daf785135f4ed18cfa6454f47def8bfaaa3d5474041aa5c52dcf5d89407b4,799498136188256256,indictrans2,ai4bharat/indictrans2-indic-en-1B,ai4bharat/indictrans2-indic-en-1B,"Traffic Alert Due to Nirankari Sammelan, traffic will be affected in both the routes from Kingsway Camp Chowk to Burari.",SUCCESS,2026-09-12T16:37:22.219901+00:00,20260912_blind_v5,8d8f5fcab9e03c6a1dfc90d5a2bfc7a3f92959df7f202b8e9bd65a169f2d9337,4796d529b43549aab129299707c6314c18d0638009c5a14fbcf0e169bfff5621,0c129953e26234d31a1f7e2acb2904e0dc36975f15d5c24896405c76653fc764,True,7.907651,,"{""actual_model"":""ai4bharat/indictrans2-indic-en-1B"",""decoding"":""beam search, no sampling; reproducibility limited to pinned environment/hardware"",""device"":""cpu"",""revision"":""ac3daf0ecd37be3b6957764a9179ab2b07fa9d6a"",""seed"":20260912,""torch_version"":""2.14.0+cpu""}"
record:44a7efdb4f48d02a8e78941da318e709fc3f78eb556258a9cc42acdd3f40290d,1093729403257978880,indictrans2,ai4bharat/indictrans2-indic-en-1B,ai4bharat/indictrans2-indic-en-1B,"Traffic Alert Traffic on Janak Setu to Dhaulakuan route is blocked near Station Road, Dhaulakuan due to road caving in. Please avoid using this route.",SUCCESS,2026-09-12T16:37:30.126687+00:00,20260912_blind_v5,8d8f5fcab9e03c6a1dfc90d5a2bfc7a3f92959df7f202b8e9bd65a169f2d9337,f41c52132e8136b0b4a1f7229bbfb8dafd40ae74810ad3aa8a4ca944679b0139,8fd8ec6e4c81c1a854251f1221d836fbd0afc4d08e9f0de4fd5c01e8d2e61c80,True,39.735057,,"{""actual_model"":""ai4bharat/indictrans2-indic-en-1B"",""decoding"":""beam search, no sampling; reproducibility limited to pinned environment/hardware"",""device"":""cpu"",""revision"":""ac3daf0ecd37be3b6957764a9179ab2b07fa9d6a"",""seed"":20260912,""torch_version"":""2.14.0+cpu""}"
record:44b0a78315fdc5a316d4337efe34f8e8b7068ef46d8549966397f0da8a1920c8,619835855885176832,indictrans2,ai4bharat/indictrans2-indic-en-1B,ai4bharat/indictrans2-indic-en-1B,Traffic Alert East of 093C Traffic is affected near Kailash Sapna Cinema due to a tree falling on a car. Sorry for the inconvenience.,SUCCESS,2026-09-12T16:38:09.860118+00:00,20260912_blind_v5,8d8f5fcab9e03c6a1dfc90d5a2bfc7a3f92959df7f202b8e9bd65a169f2d9337,2946c3e9d1a8b2bb0d8fb40efca7ed948ee54be3cb7c2d7a576d0abec699057f,85776d0003081fc9cc85cc452ad7aec63d5018830674737cb1cef66660f7cf4f,True,24.418597,,"{""actual_model"":""ai4bharat/indictrans2-indic-en-1B"",""decoding"":""beam search, no sampling; reproducibility limited to pinned environment/hardware"",""device"":""cpu"",""revision"":""ac3daf0ecd37be3b6957764a9179ab2b07fa9d6a"",""seed"":20260912,""torch_version"":""2.14.0+cpu""}"
record:44f1645694aa34a0a5ed679dac0c9c5ebf9ef067de5185aeb2c688f9115efc8b,906343424055328769,indictrans2,ai4bharat/indictrans2-indic-en-1B,ai4bharat/indictrans2-indic-en-1B,"Traffic Alert A tree has fallen near Rajpur Road Transport Authority, due to which traffic is affected.",SUCCESS,2026-09-12T16:38:34.281382+00:00,20260912_blind_v5,8d8f5fcab9e03c6a1dfc90d5a2bfc7a3f92959df7f202b8e9bd65a169f2d9337,7a25cf780d910a7e14959eb0e63aa643e0bb60241f54f670c8e996d46b1c3b58,4b9acbd494194b8c48e33f7496f21e61c8da5185e6eb3d54fcbfce1618ba6a8a,True,5.630788,,"{""actual_model"":""ai4bharat/indictrans2-indic-en-1B"",""decoding"":""beam search, no sampling; reproducibility limited to pinned environment/hardware"",""device"":""cpu"",""revision"":""ac3daf0ecd37be3b6957764a9179ab2b07fa9d6a"",""seed"":20260912,""torch_version"":""2.14.0+cpu""}"
record:451722bdb7288796054b24b2b4be4712881211bdbf7993953ed957bdeb16532d,1093698032149774336,indictrans2,ai4bharat/indictrans2-indic-en-1B,ai4bharat/indictrans2-indic-en-1B,"Traffic Alert The repair work of the Naraina flyover is underway, due to which traffic is disrupted here.",SUCCESS,2026-09-12T16:38:39.912800+00:00,20260912_blind_v5,8d8f5fcab9e03c6a1dfc90d5a2bfc7a3f92959df7f202b8e9bd65a169f2d9337,91035bb1f4bc9796980e602f23f841559760ad1d4f1fa5b7eef6a8b61dbbff9c,ccadd80f69b4deb3cd7e7f16eab233c6c5cb3d7fec19e2afdaf46cfceeb437fc,True,6.479727,,"{""actual_model"":""ai4bharat/indictrans2-indic-en-1B"",""decoding"":""beam search, no sampling; reproducibility limited to pinned environment/hardware"",""device"":""cpu"",""revision"":""ac3daf0ecd37be3b6957764a9179ab2b07fa9d6a"",""seed"":20260912,""torch_version"":""2.14.0+cpu""}"
record:4522d989608851336e9efc54e9502220ee32050bf4e83b0041d926e022ec4b6c,996554165714210816,indictrans2,ai4bharat/indictrans2-indic-en-1B,ai4bharat/indictrans2-indic-en-1B,Traffic Alert A large tree has fallen in front of the Nehru Place bus stand on the way from Nehru Place to Sant Nagar.,SUCCESS,2026-09-12T16:38:46.393180+00:00,20260912_blind_v5,8d8f5fcab9e03c6a1dfc90d5a2bfc7a3f92959df7f202b8e9bd65a169f2d9337,1933162b6d17aa6b35ab99f1ac385da808c22f9b2b15a43271fb6ac2bb66a809,bbb0c9c0121edac4ea6fb992800c4dc9ccd56d6d66f1ec22617e35033d0b2367,True,7.294186,,"{""actual_model"":""ai4bharat/indictrans2-indic-en-1B"",""decoding"":""beam search, no sampling; reproducibility limited to pinned environment/hardware"",""device"":""cpu"",""revision"":""ac3daf0ecd37be3b6957764a9179ab2b07fa9d6a"",""seed"":20260912,""torch_version"":""2.14.0+cpu""}"
record:45a471d451e08d7cdc21fb922e3cba93cbfc33df7a87439dc34e2fc827a783e9,1059283806891454464,indictrans2,ai4bharat/indictrans2-indic-en-1B,ai4bharat/indictrans2-indic-en-1B,Traffic Alert A truck that overturned en route from Sarita Vihar to Kalindi Kunj has been removed.,SUCCESS,2026-09-12T16:38:53.686283+00:00,20260912_blind_v5,8d8f5fcab9e03c6a1dfc90d5a2bfc7a3f92959df7f202b8e9bd65a169f2d9337,8addd02bf4d78ba1a9de05d48a10766442b53797bf33013edbd4b52a3ccf69da,16aa28cafa59b547ca1645aa2fe0a926f5e210ecdf023289242271b1a0ce2f1d,True,19.330336,,"{""actual_model"":""ai4bharat/indictrans2-indic-en-1B"",""decoding"":""beam search, no sampling; reproducibility limited to pinned environment/hardware"",""device"":""cpu"",""revision"":""ac3daf0ecd37be3b6957764a9179ab2b07fa9d6a"",""seed"":20260912,""torch_version"":""2.14.0+cpu""}"
record:460b9158a2277cded312a6c2dac2854dc1935b62404b8e4e85a9c34c02f749c5,632241412990496769,indictrans2,ai4bharat/indictrans2-indic-en-1B,ai4bharat/indictrans2-indic-en-1B,Traffic Alert Traffic is now normal at Azad Market Chowk.,SUCCESS,2026-09-12T16:39:13.016076+00:00,20260912_blind_v5,8d8f5fcab9e03c6a1dfc90d5a2bfc7a3f92959df7f202b8e9bd65a169f2d9337,1d99325ba18397355fd61305f699703a154b477960bc7d9dfc58a448090ae289,0326b8f87db1ab5e660da5f675e445bce54b35f0c203343b5058b92a3d411d9c,True,12.700989,,"{""actual_model"":""ai4bharat/indictrans2-indic-en-1B"",""decoding"":""beam search, no sampling; reproducibility limited to pinned environment/hardware"",""device"":""cpu"",""revision"":""ac3daf0ecd37be3b6957764a9179ab2b07fa9d6a"",""seed"":20260912,""torch_version"":""2.14.0+cpu""}"
record:4700ebb49739e6fbdd82c686160306a0af8383c4335fd245d7fc1587dbb3841e,571907738890080258,indictrans2,ai4bharat/indictrans2-indic-en-1B,ai4bharat/indictrans2-indic-en-1B,"Traffic Alert: Zakir Hussain College and Guru Nanak Chowk are flooded with rainwater, leading to heavy traffic.",SUCCESS,2026-09-12T16:39:25.718225+00:00,20260912_blind_v5,8d8f5fcab9e03c6a1dfc90d5a2bfc7a3f92959df7f202b8e9bd65a169f2d9337,201009e85d5c5cd0125e215d8ac9d8054a96ebf16b6df36a29aee1bdb664c68c,b37e1404e9fb2fc9ffc0e3136f3a32ae441d92d0a4c24abaf0764ea6568bd9b3,True,22.234103,,"{""actual_model"":""ai4bharat/indictrans2-indic-en-1B"",""decoding"":""beam search, no sampling; reproducibility limited to pinned environment/hardware"",""device"":""cpu"",""revision"":""ac3daf0ecd37be3b6957764a9179ab2b07fa9d6a"",""seed"":20260912,""torch_version"":""2.14.0+cpu""}"
record:4710a991f6a6f69cd8dc1e2446619fa9c895a0669c27a01aefabdccd1a1a7fd5,848706400859586563,indictrans2,ai4bharat/indictrans2-indic-en-1B,ai4bharat/indictrans2-indic-en-1B,"Traffic Alert The MCD's road repair work at Barf Khana Chowk will last for 15 days, due to which Sarai Phoos Road 2 / 1 going from Khanna Market to Barf Khana will be closed.",SUCCESS,2026-09-12T16:39:47.943582+00:00,20260912_blind_v5,8d8f5fcab9e03c6a1dfc90d5a2bfc7a3f92959df7f202b8e9bd65a169f2d9337,f316ebbe8d8443ed5a62129c5f459351ad09ab30555a244a4d5183c8a820a444,54ab21f87ec640c1065f632ef32fd60514e78e04ccecde2e8ad577810142f628,True,19.448121,,"{""actual_model"":""ai4bharat/indictrans2-indic-en-1B"",""decoding"":""beam search, no sampling; reproducibility limited to pinned environment/hardware"",""device"":""cpu"",""revision"":""ac3daf0ecd37be3b6957764a9179ab2b07fa9d6a"",""seed"":20260912,""torch_version"":""2.14.0+cpu""}"
record:483bc1faf3c1103023c69a65cc614f65b0576506286d9e24453b7edabe04e9c2,602695597796302849,indictrans2,ai4bharat/indictrans2-indic-en-1B,ai4bharat/indictrans2-indic-en-1B,Traffic Alert: Traffic is now normal at Mal Atah Turk Marg and Emperor Hotel roundabout.,SUCCESS,2026-09-12T16:40:07.401187+00:00,20260912_blind_v5,8d8f5fcab9e03c6a1dfc90d5a2bfc7a3f92959df7f202b8e9bd65a169f2d9337,43855f1594c304fc10288c9dc50f22be6f82fa4b74b664c478dc57205ab28553,3c80a4face6f10f63667035110e5aab4c40d36af6fcabe45ae02e07fc4811a5a,True,5.942702,,"{""actual_model"":""ai4bharat/indictrans2-indic-en-1B"",""decoding"":""beam search, no sampling; reproducibility limited to pinned environment/hardware"",""device"":""cpu"",""revision"":""ac3daf0ecd37be3b6957764a9179ab2b07fa9d6a"",""seed"":20260912,""torch_version"":""2.14.0+cpu""}"
record:485e6150cc6aceb4d27e0e78b8bafebda66bf2c7ac40b0246825b37d4e67840f,621953488625516544,indictrans2,ai4bharat/indictrans2-indic-en-1B,ai4bharat/indictrans2-indic-en-1B,Traffic Alert Today Traffic going towards Lajpat Nagar from Modimill has been made one-way due to Friday Namaz\ u093C. Sorry for the inconvenience.,SUCCESS,2026-09-12T16:40:13.344882+00:00,20260912_blind_v5,8d8f5fcab9e03c6a1dfc90d5a2bfc7a3f92959df7f202b8e9bd65a169f2d9337,e4f2c3f3589eca6fde6a97df35f4bef0f55db5f41f4acacc83465d3b03dd9c92,55395dadb50a782cd2fc4eca4d19820750239dca63c6c0f9805be863d44266aa,True,11.114641,,"{""actual_model"":""ai4bharat/indictrans2-indic-en-1B"",""decoding"":""beam search, no sampling; reproducibility limited to pinned environment/hardware"",""device"":""cpu"",""revision"":""ac3daf0ecd37be3b6957764a9179ab2b07fa9d6a"",""seed"":20260912,""torch_version"":""2.14.0+cpu""}"
record:486ee35e64c768483d1e23531c7c970d5fee04247c9feda4db1f56c624846e16,544875651925164033,indictrans2,ai4bharat/indictrans2-indic-en-1B,ai4bharat/indictrans2-indic-en-1B,"Traffic Alert Delhi Metro work is going on at Ashram Chowk, due to which there will be heavy traffic at Ashram Chowk for 2 hours.",SUCCESS,2026-09-12T16:40:24.457451+00:00,20260912_blind_v5,8d8f5fcab9e03c6a1dfc90d5a2bfc7a3f92959df7f202b8e9bd65a169f2d9337,5f2967c5105152ecac97c92d4309cb6c5b2db87ad9ade7a543d79bdc6c6bba38,c27f9657dc0306d0a816391dfb764eacac2f6159e1f807d76778e6af4da1fba2,True,54.443422,,"{""actual_model"":""ai4bharat/indictrans2-indic-en-1B"",""decoding"":""beam search, no sampling; reproducibility limited to pinned environment/hardware"",""device"":""cpu"",""revision"":""ac3daf0ecd37be3b6957764a9179ab2b07fa9d6a"",""seed"":20260912,""torch_version"":""2.14.0+cpu""}"
record:488080177b0a8d9a7d0d07fe523f7d1975e42ab337db8a7eb5612b3980717112,1093368446891356160,indictrans2,ai4bharat/indictrans2-indic-en-1B,ai4bharat/indictrans2-indic-en-1B,Traffic Alert Traffic is affected from Dwarka to Gurugram (both carriageway) due to sit-in protest at Samalkha T-point.,SUCCESS,2026-09-12T16:41:18.899697+00:00,20260912_blind_v5,8d8f5fcab9e03c6a1dfc90d5a2bfc7a3f92959df7f202b8e9bd65a169f2d9337,0ea1048abb7f85041462cc175dbff7dca0e499c5bd234edbee9fc430c6ca0269,5f6cd3876a7319a23ea9dbfc4d56e46c80ec155dfc16cda9590a1db7435cc794,True,21.89903,,"{""actual_model"":""ai4bharat/indictrans2-indic-en-1B"",""decoding"":""beam search, no sampling; reproducibility limited to pinned environment/hardware"",""device"":""cpu"",""revision"":""ac3daf0ecd37be3b6957764a9179ab2b07fa9d6a"",""seed"":20260912,""torch_version"":""2.14.0+cpu""}"
record:4888e48a9b79993d5595cfb9cfad4a067a0ca080aebafbdad027dfa58fb99a80,544876520309678080,indictrans2,ai4bharat/indictrans2-indic-en-1B,ai4bharat/indictrans2-indic-en-1B,"Traffic Alert DTC Bus DL1PC 7605 Minto Road Outer Circle is at 093C, causing heavy traffic on Minto Road Outer Circle.",SUCCESS,2026-09-12T16:41:40.801219+00:00,20260912_blind_v5,8d8f5fcab9e03c6a1dfc90d5a2bfc7a3f92959df7f202b8e9bd65a169f2d9337,a44ed29d762bfcd58dd31013421b920a0abf200f0bc4f515ddab0e8404e8aaa2,d04fad33fac1921877d2497a908255465fbe5d9cc7257265185c572fdc4d81dc,True,10.186166,,"{""actual_model"":""ai4bharat/indictrans2-indic-en-1B"",""decoding"":""beam search, no sampling; reproducibility limited to pinned environment/hardware"",""device"":""cpu"",""revision"":""ac3daf0ecd37be3b6957764a9179ab2b07fa9d6a"",""seed"":20260912,""torch_version"":""2.14.0+cpu""}"
record:499c3ac9d1900e9b234452cec10d777a12458f5b6de114b93b006e01b7bf6934,1052201601794863104,indictrans2,ai4bharat/indictrans2-indic-en-1B,ai4bharat/indictrans2-indic-en-1B,"Traffic Alert A car has caught fire near Power House (Dhaula Kuan) en route from Moti Bagh to Dhaula Kuan, disrupting traffic.",SUCCESS,2026-09-12T16:41:50.988546+00:00,20260912_blind_v5,8d8f5fcab9e03c6a1dfc90d5a2bfc7a3f92959df7f202b8e9bd65a169f2d9337,5503c042273dba173a4475a841053447248596f98f79cbc52b9ba84b453a9486,403892c18e9933f5ecda21927faf54613cb215ec4dd65f13f9f4b8a836f2777a,True,7.473614,,"{""actual_model"":""ai4bharat/indictrans2-indic-en-1B"",""decoding"":""beam search, no sampling; reproducibility limited to pinned environment/hardware"",""device"":""cpu"",""revision"":""ac3daf0ecd37be3b6957764a9179ab2b07fa9d6a"",""seed"":20260912,""torch_version"":""2.14.0+cpu""}"
record:49b25bb4e1b9a5cfce5c3c430eb6d56137efa7c555dc887d0449ba5b2fe065a7,1083831424539475968,indictrans2,ai4bharat/indictrans2-indic-en-1B,ai4bharat/indictrans2-indic-en-1B,"Traffic Alert On the way from Gurugram to Dhaula Kuan, near Mahipalpur, where the underpass is being built, the road has collapsed, which is being repaired, due to which traffic is disrupted here.",SUCCESS,2026-09-12T16:41:58.459795+00:00,20260912_blind_v5,8d8f5fcab9e03c6a1dfc90d5a2bfc7a3f92959df7f202b8e9bd65a169f2d9337,c31b26ada53a54cf9ef00a6eef5336b8cec5ab69d42068e45c0d89307cacd7ad,c3afd323e3b8f47987e23acf8f2daeb49507b204edcadf7214d7d5816fe8a854,True,44.110868,,"{""actual_model"":""ai4bharat/indictrans2-indic-en-1B"",""decoding"":""beam search, no sampling; reproducibility limited to pinned environment/hardware"",""device"":""cpu"",""revision"":""ac3daf0ecd37be3b6957764a9179ab2b07fa9d6a"",""seed"":20260912,""torch_version"":""2.14.0+cpu""}"
record:49d2bd5d6f48c608fd9fcd6a1b87c3e17b8b0d074b4e268455a594f9c33ef18b,939063039613050880,indictrans2,ai4bharat/indictrans2-indic-en-1B,ai4bharat/indictrans2-indic-en-1B,"Traffic Alert Due to truck failure at Wazirabad Bridge, traffic is diverted which is leading to heavy traffic on ISBT to Shastri Park route.",SUCCESS,2026-09-12T16:42:42.572105+00:00,20260912_blind_v5,8d8f5fcab9e03c6a1dfc90d5a2bfc7a3f92959df7f202b8e9bd65a169f2d9337,73d5bec67167195c983cca0df538c93de5b3e4282352c55a3ae2e7f220921b42,f0998e3c4ef11a2e667ec4eb86bf62cea9a17d5228e3890c0d062574c8764b08,True,29.691725,,"{""actual_model"":""ai4bharat/indictrans2-indic-en-1B"",""decoding"":""beam search, no sampling; reproducibility limited to pinned environment/hardware"",""device"":""cpu"",""revision"":""ac3daf0ecd37be3b6957764a9179ab2b07fa9d6a"",""seed"":20260912,""torch_version"":""2.14.0+cpu""}"
record:4a16c096a8433fb725bb67c3e2c11576dd1ed2450165ec80a7dbdd1796bce365,939449042710380549,indictrans2,ai4bharat/indictrans2-indic-en-1B,ai4bharat/indictrans2-indic-en-1B,"Traffic Alert: The road at Buta Singh roundabout has caved in, disrupting traffic from Buta Singh roundabout towards Rafi Marg.",SUCCESS,2026-09-12T16:43:12.259786+00:00,20260912_blind_v5,8d8f5fcab9e03c6a1dfc90d5a2bfc7a3f92959df7f202b8e9bd65a169f2d9337,65be51f4110a107d0c0f2678420be944618ec1e107d2b1f8ee2c0787887e4c78,1c9f16d8d2e1a45b3089393b6dd0b0458bfd81b22bc27780f55b36d67629cca4,True,8.784577,,"{""actual_model"":""ai4bharat/indictrans2-indic-en-1B"",""decoding"":""beam search, no sampling; reproducibility limited to pinned environment/hardware"",""device"":""cpu"",""revision"":""ac3daf0ecd37be3b6957764a9179ab2b07fa9d6a"",""seed"":20260912,""torch_version"":""2.14.0+cpu""}"
record:4a51441c42d7d549a651c33a9e59d6fa5d8a8b35cf8c3604ad52bd21e74f4967,1093776397036711938,indictrans2,ai4bharat/indictrans2-indic-en-1B,ai4bharat/indictrans2-indic-en-1B,"Traffic Alert: Sewerage water is coming on the road in front of Gali No. 10 in Anand Parbat, due to which traffic is disrupted.",SUCCESS,2026-09-12T16:43:21.049137+00:00,20260912_blind_v5,8d8f5fcab9e03c6a1dfc90d5a2bfc7a3f92959df7f202b8e9bd65a169f2d9337,605452d3fbf70d149611a4a375a86683dea0ed55d5ef43f839b906ed8f7f668e,ac76ed41e44d4df72d91d88822688653ed72b1702b27ad1f207c4d4d2fc90d2c,True,6.513453,,"{""actual_model"":""ai4bharat/indictrans2-indic-en-1B"",""decoding"":""beam search, no sampling; reproducibility limited to pinned environment/hardware"",""device"":""cpu"",""revision"":""ac3daf0ecd37be3b6957764a9179ab2b07fa9d6a"",""seed"":20260912,""torch_version"":""2.14.0+cpu""}"
record:4a61d98d86f08b5e5b90261f7dffc7e679d21867df666911d39fc30033a4251a,903283937778077697,indictrans2,ai4bharat/indictrans2-indic-en-1B,ai4bharat/indictrans2-indic-en-1B,"Traffic Alert The road near Venkateswara College has caved in, due to which the road leading to Ring Road from Benito Juarez Marg has been closed.",SUCCESS,2026-09-12T16:43:27.564038+00:00,20260912_blind_v5,8d8f5fcab9e03c6a1dfc90d5a2bfc7a3f92959df7f202b8e9bd65a169f2d9337,21f1c9f56b0e326e8600755b32e1ee14651c908bf0a8b8d1201ca21a2f82db54,f93c30685a4d07fd4d2de066819a46d4362bda0f6563161e15a60bafee85001b,True,6.758543,,"{""actual_model"":""ai4bharat/indictrans2-indic-en-1B"",""decoding"":""beam search, no sampling; reproducibility limited to pinned environment/hardware"",""device"":""cpu"",""revision"":""ac3daf0ecd37be3b6957764a9179ab2b07fa9d6a"",""seed"":20260912,""torch_version"":""2.14.0+cpu""}"
record:4a6c69c682a74ae72102f58ca8f82f8543cc7605338f4b82b8cb0f681e70e283,850945733842747394,indictrans2,ai4bharat/indictrans2-indic-en-1B,ai4bharat/indictrans2-indic-en-1B,"Traffic Alert Jain Samaj procession starting from Model Basti Filmistan to Filmistan, Bara Tooti, Sadar Bazar, Qutub Road, Lahori Gate,...",SUCCESS,2026-09-12T16:43:34.322401+00:00,20260912_blind_v5,8d8f5fcab9e03c6a1dfc90d5a2bfc7a3f92959df7f202b8e9bd65a169f2d9337,de438cfea5e07e62b16e95a6add062f0d3cec46463977584a5927f65855b49f9,bef6583191ae31be90a245c9d0b5fa792184554cee6b7a858b478212d829be0e,True,35.884535,,"{""actual_model"":""ai4bharat/indictrans2-indic-en-1B"",""decoding"":""beam search, no sampling; reproducibility limited to pinned environment/hardware"",""device"":""cpu"",""revision"":""ac3daf0ecd37be3b6957764a9179ab2b07fa9d6a"",""seed"":20260912,""torch_version"":""2.14.0+cpu""}"
record:4a7159f500db15800f3067256dc70eaef0a212abb67bb4e08b55b71106174cb2,561010745157365761,indictrans2,ai4bharat/indictrans2-indic-en-1B,ai4bharat/indictrans2-indic-en-1B,Traffic Alert Metro work is underway on the route from Delhi Gate (Najafgarh\ u093C) towards Nangloi due to which Delhi...,SUCCESS,2026-09-12T16:44:10.204915+00:00,20260912_blind_v5,8d8f5fcab9e03c6a1dfc90d5a2bfc7a3f92959df7f202b8e9bd65a169f2d9337,db72897317910320319ea6f0cc57dcd7c5fa99a12eb0454f6dac0ec111342fa2,a4eaae6ed7c5878bb3d227de4b37f30f21947f5396e968f720feb31399f7eb66,True,36.134841,,"{""actual_model"":""ai4bharat/indictrans2-indic-en-1B"",""decoding"":""beam search, no sampling; reproducibility limited to pinned environment/hardware"",""device"":""cpu"",""revision"":""ac3daf0ecd37be3b6957764a9179ab2b07fa9d6a"",""seed"":20260912,""torch_version"":""2.14.0+cpu""}"
record:4a83c1cebbd9d0f616b2eab8c26efbf9b5d1ab0112eb6e574540865876af788c,1068372481038118913,indictrans2,ai4bharat/indictrans2-indic-en-1B,ai4bharat/indictrans2-indic-en-1B,Traffic Alert All India Kisan Sangharsh Coordination Committee march is currently at Ranjit Singh Flyover. 7000 to 8000 people are involved. Traffic is affected here.,SUCCESS,2026-09-12T16:44:46.338065+00:00,20260912_blind_v5,8d8f5fcab9e03c6a1dfc90d5a2bfc7a3f92959df7f202b8e9bd65a169f2d9337,d88093d62695a2d7bb67c443965444b4f5d0ead102650a9d9cb1c78c461274be,42ddffcee1320bc84513cdd4b216bc68d4db39c6d0bbfd0ec9001df22fb1a40a,True,15.869389,,"{""actual_model"":""ai4bharat/indictrans2-indic-en-1B"",""decoding"":""beam search, no sampling; reproducibility limited to pinned environment/hardware"",""device"":""cpu"",""revision"":""ac3daf0ecd37be3b6957764a9179ab2b07fa9d6a"",""seed"":20260912,""torch_version"":""2.14.0+cpu""}"
record:4afe819d5e21abe5aff72ff33c6ec926e5770d0c1b469fb9ff64a36182c5f372,560435841475280896,indictrans2,ai4bharat/indictrans2-indic-en-1B,ai4bharat/indictrans2-indic-en-1B,"Traffic Alert Ram Manohar Lohia Hospital, Park Street Traffic is heavy.",SUCCESS,2026-09-12T16:45:02.211793+00:00,20260912_blind_v5,8d8f5fcab9e03c6a1dfc90d5a2bfc7a3f92959df7f202b8e9bd65a169f2d9337,b7a8404fcd31694187929aa9396e65cd29e916b2d2b3e7c0337dbade83b25311,72114188c0f41954b2c36211e25fdcec92bb4cca391c20dcf13ba1de4af83241,True,4.012174,,"{""actual_model"":""ai4bharat/indictrans2-indic-en-1B"",""decoding"":""beam search, no sampling; reproducibility limited to pinned environment/hardware"",""device"":""cpu"",""revision"":""ac3daf0ecd37be3b6957764a9179ab2b07fa9d6a"",""seed"":20260912,""torch_version"":""2.14.0+cpu""}"
record:4b05ad65563bbceccdfc1332328a3a70460c6432d73ed58fe5e5afcab5d76605,1071670010576338944,indictrans2,ai4bharat/indictrans2-indic-en-1B,ai4bharat/indictrans2-indic-en-1B,"Due to the traffic alert rally, the road leading to New Delhi, Connaught Place Outer Circle, DDU Marg, Ramlila Maidan is closed for traffic.",SUCCESS,2026-09-12T16:45:06.224295+00:00,20260912_blind_v5,8d8f5fcab9e03c6a1dfc90d5a2bfc7a3f92959df7f202b8e9bd65a169f2d9337,84de731e54dc847a15d7401b51bda6fbcec26b85d0a1765e5bc720dbe3595013,e3879f08b8322b2ef63843705a51c8a181c500d14cacb85178a309f5d6c09c55,True,8.595169,,"{""actual_model"":""ai4bharat/indictrans2-indic-en-1B"",""decoding"":""beam search, no sampling; reproducibility limited to pinned environment/hardware"",""device"":""cpu"",""revision"":""ac3daf0ecd37be3b6957764a9179ab2b07fa9d6a"",""seed"":20260912,""torch_version"":""2.14.0+cpu""}"
record:4b4588054cc5607b5c5b5b8b34d4d6c4983fbdb7716413f4c75fa586a8830986,539046643128348672,indictrans2,ai4bharat/indictrans2-indic-en-1B,ai4bharat/indictrans2-indic-en-1B,Traffic Alert There are traffic jams due to processions going from Yamuna Vihar to Khajuri Chowk on Wazirabad Road. Sorry for the inconvenience.,SUCCESS,2026-09-12T16:45:14.819411+00:00,20260912_blind_v5,8d8f5fcab9e03c6a1dfc90d5a2bfc7a3f92959df7f202b8e9bd65a169f2d9337,4160a93b65520d769be00b1dbabd1a0631c4d30d44fb167f4cbb92c6e3151dc0,64c9fad50672128d65c9e1a6cbe7fe7e22ece4b013077d9ea38d5a1dd6239dc1,True,17.151634,,"{""actual_model"":""ai4bharat/indictrans2-indic-en-1B"",""decoding"":""beam search, no sampling; reproducibility limited to pinned environment/hardware"",""device"":""cpu"",""revision"":""ac3daf0ecd37be3b6957764a9179ab2b07fa9d6a"",""seed"":20260912,""torch_version"":""2.14.0+cpu""}"
record:4bab48b83e6c4c0488591548f515743af120e313dd0fa5cd8afda676349b928c,949838789605654533,indictrans2,ai4bharat/indictrans2-indic-en-1B,ai4bharat/indictrans2-indic-en-1B,"Traffic Alert A tree has fallen near Kukreja Hospital on the road leading to Tagore Garden from Ghodewala Temple, disrupting traffic.",SUCCESS,2026-09-12T16:45:31.971142+00:00,20260912_blind_v5,8d8f5fcab9e03c6a1dfc90d5a2bfc7a3f92959df7f202b8e9bd65a169f2d9337,8133cc8f0dae117063511bebed08cdf20549aadc7fda97d1dc517ebbe6c17bac,f3bc209e50b5c812c3cc248c24f23373fe0db9ff30e5990471921845679ffe97,True,31.133313,,"{""actual_model"":""ai4bharat/indictrans2-indic-en-1B"",""decoding"":""beam search, no sampling; reproducibility limited to pinned environment/hardware"",""device"":""cpu"",""revision"":""ac3daf0ecd37be3b6957764a9179ab2b07fa9d6a"",""seed"":20260912,""torch_version"":""2.14.0+cpu""}"
record:4bc4a0a810fe8f192157bd972fb39febf8bbffa6754aae6b7499b4d4cf666d8a,1097673977785274369,indictrans2,ai4bharat/indictrans2-indic-en-1B,ai4bharat/indictrans2-indic-en-1B,"Traffic Alert Wazirabad Bridge has been closed for repair work Motorists going towards Wazirabad, ISBT Kashmere Gate, Civil Lines are requested to take Signature Bridge or Shastri Park.",SUCCESS,2026-09-12T16:46:03.103925+00:00,20260912_blind_v5,8d8f5fcab9e03c6a1dfc90d5a2bfc7a3f92959df7f202b8e9bd65a169f2d9337,f894bca0f104c543037bbdb1727cd58638cad331f54bda25ef9cbf372712a217,47e9da3f8b74a883680c5dee4bf9b35a604aa1423ceafc57cf6aef8594f3e8f6,True,39.027401,,"{""actual_model"":""ai4bharat/indictrans2-indic-en-1B"",""decoding"":""beam search, no sampling; reproducibility limited to pinned environment/hardware"",""device"":""cpu"",""revision"":""ac3daf0ecd37be3b6957764a9179ab2b07fa9d6a"",""seed"":20260912,""torch_version"":""2.14.0+cpu""}"
record:4bd1d15a2e8df5acf870e960dc730c951947fc60e162a228612347a698572847,923473093296660480,indictrans2,ai4bharat/indictrans2-indic-en-1B,ai4bharat/indictrans2-indic-en-1B,Traffic Alert People of Malikpur village have staged a sit-in at Rawat Mor on the road from Najafgar to Dhansa 1 / 2,SUCCESS,2026-09-12T16:46:42.132139+00:00,20260912_blind_v5,8d8f5fcab9e03c6a1dfc90d5a2bfc7a3f92959df7f202b8e9bd65a169f2d9337,6d0d03927935ebc26caa6a6c8857f439cdf4050e17c42dba1ba0170f48d3ff02,bb9209fe319bac34a0c1eb24db3e6ecea56438db405b322fe07f59dd1a94489f,True,8.394424,,"{""actual_model"":""ai4bharat/indictrans2-indic-en-1B"",""decoding"":""beam search, no sampling; reproducibility limited to pinned environment/hardware"",""device"":""cpu"",""revision"":""ac3daf0ecd37be3b6957764a9179ab2b07fa9d6a"",""seed"":20260912,""torch_version"":""2.14.0+cpu""}"
record:4c0f6cd394c5d93672febf785e825c9914bd60879bf8dc817e7c6110be66510a,1022687466984222720,indictrans2,ai4bharat/indictrans2-indic-en-1B,ai4bharat/indictrans2-indic-en-1B,"Traffic Alert Traffic near Guru Nanak Chowk on Jawaharlal Nehru Marg is affected due to waterlogging, please avoid using this route.",SUCCESS,2026-09-12T16:46:50.526307+00:00,20260912_blind_v5,8d8f5fcab9e03c6a1dfc90d5a2bfc7a3f92959df7f202b8e9bd65a169f2d9337,4c4898033bc572b25666789958e980cf62ec2cd2b38525bbf76cff48868996c4,172e5773fa46c886324d7936a7f98002999090597018d1207e42a4caa0d3d684,True,7.064262,,"{""actual_model"":""ai4bharat/indictrans2-indic-en-1B"",""decoding"":""beam search, no sampling; reproducibility limited to pinned environment/hardware"",""device"":""cpu"",""revision"":""ac3daf0ecd37be3b6957764a9179ab2b07fa9d6a"",""seed"":20260912,""torch_version"":""2.14.0+cpu""}"
record:4ca4b4b30b6fe64be0d4049532c4a6383e6f2e94d90962d60a7585a0edd64e00,811400009577009152,indictrans2,ai4bharat/indictrans2-indic-en-1B,ai4bharat/indictrans2-indic-en-1B,"Traffic Alert A truck has overturned on the way from Mahipalpur to Gurgaon, affecting traffic.",SUCCESS,2026-09-12T16:46:57.592456+00:00,20260912_blind_v5,8d8f5fcab9e03c6a1dfc90d5a2bfc7a3f92959df7f202b8e9bd65a169f2d9337,fef9207c88d9a1dfcf243edf81076cac94015059e946dcb85609ac07d1a19f79,02b2ae8b37136b2827dceab2add2c2526a1aaba3ae218e17c81f9cc870f5654f,True,5.28654,,"{""actual_model"":""ai4bharat/indictrans2-indic-en-1B"",""decoding"":""beam search, no sampling; reproducibility limited to pinned environment/hardware"",""device"":""cpu"",""revision"":""ac3daf0ecd37be3b6957764a9179ab2b07fa9d6a"",""seed"":20260912,""torch_version"":""2.14.0+cpu""}"
record:4ca521b25942749878330404fbd061bae37f4b7a2e441b23ac7251b9c10890f2,558811604566179840,indictrans2,ai4bharat/indictrans2-indic-en-1B,ai4bharat/indictrans2-indic-en-1B,"Traffic Alert Sardar Patel Marg will be closed due to rehearsals from 9AM onwards for approximately 1: 30 am to 1: 00 pm, inconvenience is regretted.",SUCCESS,2026-09-12T16:47:02.878462+00:00,20260912_blind_v5,8d8f5fcab9e03c6a1dfc90d5a2bfc7a3f92959df7f202b8e9bd65a169f2d9337,148a4a2cf732745036fae30c44123cf767eb8ba031e64ad7bef7b635db06f02c,89b555f4e76d62aa841fc8f60e435b552e683033cf10dd1c9b1b48ec774ca442,True,25.186607,,"{""actual_model"":""ai4bharat/indictrans2-indic-en-1B"",""decoding"":""beam search, no sampling; reproducibility limited to pinned environment/hardware"",""device"":""cpu"",""revision"":""ac3daf0ecd37be3b6957764a9179ab2b07fa9d6a"",""seed"":20260912,""torch_version"":""2.14.0+cpu""}"
record:4cc2a408c4205eec278dd9bf12dcf76daa09d6b6d92565de28fab98694461eed,793748665638674433,indictrans2,ai4bharat/indictrans2-indic-en-1B,ai4bharat/indictrans2-indic-en-1B,Traffic Alert: Buses and large vehicles have been diverted from Talkatora Road. These vehicles are not allowed on Baba Kharak Singh Marg.,SUCCESS,2026-09-12T16:47:28.065003+00:00,20260912_blind_v5,8d8f5fcab9e03c6a1dfc90d5a2bfc7a3f92959df7f202b8e9bd65a169f2d9337,56968ba11f3aef465770bd5a9d03b167d86578cbd16f2f1ccdf8179fcc88fc9d,2ab03a94a6a54681162254096d54432abcd0ff9b4a1e642bf7f3e4a28cb33048,True,29.835703,,"{""actual_model"":""ai4bharat/indictrans2-indic-en-1B"",""decoding"":""beam search, no sampling; reproducibility limited to pinned environment/hardware"",""device"":""cpu"",""revision"":""ac3daf0ecd37be3b6957764a9179ab2b07fa9d6a"",""seed"":20260912,""torch_version"":""2.14.0+cpu""}"
record:4cdc9694a869f948ea6bae8fdbfeda33a8000f04cb9a6965aaea01a17d4a5e46,1068380663026524160,indictrans2,ai4bharat/indictrans2-indic-en-1B,ai4bharat/indictrans2-indic-en-1B,Traffic Alert All India Kisan Sangharsh Coordination Committee march is at Barakhamba Chowk. Traffic is affected here.,SUCCESS,2026-09-12T16:47:57.891348+00:00,20260912_blind_v5,8d8f5fcab9e03c6a1dfc90d5a2bfc7a3f92959df7f202b8e9bd65a169f2d9337,7773f2e924c4fac10f7fa498986eb0a19836543bc0ed4933029eb67d98db6c13,c20660b73dd137897ced35cc6ffd0fdf00177382117d9c20776ed03983fef021,True,24.068534,,"{""actual_model"":""ai4bharat/indictrans2-indic-en-1B"",""decoding"":""beam search, no sampling; reproducibility limited to pinned environment/hardware"",""device"":""cpu"",""revision"":""ac3daf0ecd37be3b6957764a9179ab2b07fa9d6a"",""seed"":20260912,""torch_version"":""2.14.0+cpu""}"
record:4d285ed5ed00a75dad17744da21e50f97c9f8541655da9c6658810dd0ddafb17,1046227325908668417,indictrans2,ai4bharat/indictrans2-indic-en-1B,ai4bharat/indictrans2-indic-en-1B,"Traffic Alert: Walking from Fortis Hospital, which is Kalkaji via Modi Flyover and U-turn from Kalkaji, back to Fortis Hospital via Modi Flyover.",SUCCESS,2026-09-12T16:48:21.970140+00:00,20260912_blind_v5,8d8f5fcab9e03c6a1dfc90d5a2bfc7a3f92959df7f202b8e9bd65a169f2d9337,06825e2e78cfd6656a590d0db9c79f38a1ce70501dfb680b34ae0ff86ae6e0eb,147ce292c70de6470dbd5026189df13774670f141343c8aaec7a0404577fb6de,True,11.435714,,"{""actual_model"":""ai4bharat/indictrans2-indic-en-1B"",""decoding"":""beam search, no sampling; reproducibility limited to pinned environment/hardware"",""device"":""cpu"",""revision"":""ac3daf0ecd37be3b6957764a9179ab2b07fa9d6a"",""seed"":20260912,""torch_version"":""2.14.0+cpu""}"
record:4dfdd23dafac655c3e69feeef0b979a1f4affdac485c292f4aebad1a3bf799dc,1116661198173298688,indictrans2,ai4bharat/indictrans2-indic-en-1B,ai4bharat/indictrans2-indic-en-1B,"Traffic Alert The route of the Ram Navami Shobha Yatra is as follows: Ram Lila Ground, Asaf Ali Road, Delhi Gate, Red Fort, Khari Baoli, Sadar Bazar, Pahari Dheeraj, Bara Hindu Rao, Filmistan, Prithvi Nath Marg, Ram Vatika (Ajmal Khan Marg) and Gangeshwar Dham.",SUCCESS,2026-09-12T16:48:33.406370+00:00,20260912_blind_v5,8d8f5fcab9e03c6a1dfc90d5a2bfc7a3f92959df7f202b8e9bd65a169f2d9337,ab7c55d5aa41b48763dc2649ad292b07919e6066bca4a884a7a3773bb406677c,28539c3044c41ac70693b280e897c7b75c8b1b07925bb50ef660fa1149fd2ac0,True,45.501878,,"{""actual_model"":""ai4bharat/indictrans2-indic-en-1B"",""decoding"":""beam search, no sampling; reproducibility limited to pinned environment/hardware"",""device"":""cpu"",""revision"":""ac3daf0ecd37be3b6957764a9179ab2b07fa9d6a"",""seed"":20260912,""torch_version"":""2.14.0+cpu""}"
record:4e8377d586629767af1f069e6cfbc93bc0d998476d9f9dc57c30446c4ff5a93b,1043743834990161920,indictrans2,ai4bharat/indictrans2-indic-en-1B,ai4bharat/indictrans2-indic-en-1B,"Traffic Alert Due to waterlogging in the field of Jagatpur village, there is less space for parking on Shyam Ghat, so do it on some other ghat for idol immersion and avoid inconvenience.",SUCCESS,2026-09-12T16:49:18.900491+00:00,20260912_blind_v5,8d8f5fcab9e03c6a1dfc90d5a2bfc7a3f92959df7f202b8e9bd65a169f2d9337,a2cd8b77488dd0c569d9db72bd10f87db36f03193ae0d82ab90a3e8f440fbad3,fda67a9613b1019e20f0262e7049d0459818eb5d69935b6e60845712a4df5f30,True,47.381185,,"{""actual_model"":""ai4bharat/indictrans2-indic-en-1B"",""decoding"":""beam search, no sampling; reproducibility limited to pinned environment/hardware"",""device"":""cpu"",""revision"":""ac3daf0ecd37be3b6957764a9179ab2b07fa9d6a"",""seed"":20260912,""torch_version"":""2.14.0+cpu""}"
record:4ed899f23f69a3172d3993a4eb290885ff6370b3383dddd90068a4cc34c311c7,1087931703270821890,indictrans2,ai4bharat/indictrans2-indic-en-1B,ai4bharat/indictrans2-indic-en-1B,"Traffic Alert On the way from Dhaula Kuan to Gurugram, near Mahipalpur where the underpass is being built, the road has caved in, due to which traffic is disrupted here. Motorists going to Gurugram are requested to use Mehrauli-Gurugram Road. pic.twitter.com/5XuCAxqy12",SUCCESS,2026-09-12T16:50:06.289743+00:00,20260912_blind_v5,8d8f5fcab9e03c6a1dfc90d5a2bfc7a3f92959df7f202b8e9bd65a169f2d9337,f01a077ad33d902cb229687808374e4a016c1d531a64598a643579886b3bb49b,0d09baad0548cc9c200d36fe2bcf0bb3f79799f68b66199b988683f9c8c64990,True,17.777644,,"{""actual_model"":""ai4bharat/indictrans2-indic-en-1B"",""decoding"":""beam search, no sampling; reproducibility limited to pinned environment/hardware"",""device"":""cpu"",""revision"":""ac3daf0ecd37be3b6957764a9179ab2b07fa9d6a"",""seed"":20260912,""torch_version"":""2.14.0+cpu""}"
record:4f11827848eb67a5fa9655df58e0bde309061f2c3f01c029302c24a61f49e8c2,1093409998493777920,indictrans2,ai4bharat/indictrans2-indic-en-1B,ai4bharat/indictrans2-indic-en-1B,"Traffic Alert The rally which started from Red Fort to Jantar Mantar has now reached Tolstoy Marg in New Delhi area due to which traffic is blocked on Barakhamba Road, Tolstoy Marg, Kasturba Gandhi Marg, Janpath, Jantar Mantar.",SUCCESS,2026-09-12T16:50:24.067982+00:00,20260912_blind_v5,8d8f5fcab9e03c6a1dfc90d5a2bfc7a3f92959df7f202b8e9bd65a169f2d9337,de398d3bbb6b59b1b98fe677942ff5944f285edb44eceecf5ec27135a34d625f,f85508e183ca6141c0cb04bd53cf51f855ec52cc64e82a482f5d17da1e2c0b4c,True,76.994496,,"{""actual_model"":""ai4bharat/indictrans2-indic-en-1B"",""decoding"":""beam search, no sampling; reproducibility limited to pinned environment/hardware"",""device"":""cpu"",""revision"":""ac3daf0ecd37be3b6957764a9179ab2b07fa9d6a"",""seed"":20260912,""torch_version"":""2.14.0+cpu""}"
record:4f17e94f099fbf214d453bfebd75a1c5979c141dfee8f78dcd256dcbfd8ff0f4,1072369605442715649,indictrans2,ai4bharat/indictrans2-indic-en-1B,ai4bharat/indictrans2-indic-en-1B,Traffic Alert IGL (Indraprastha Gas Ltd) work is going on in the route from Liberty Cinema towards Kamal T Point due to which traffic is affected.,SUCCESS,2026-09-12T16:51:41.059911+00:00,20260912_blind_v5,8d8f5fcab9e03c6a1dfc90d5a2bfc7a3f92959df7f202b8e9bd65a169f2d9337,9c64a9f45d5bcfc690df7fbe10dfd384fd98968a6b14e1b476f5cc8958c3b5ee,c339d0bb1fde8ab64eec9f6b7ca850d47ed70a61f51160105c5c78db1f11b7af,True,12.4342,,"{""actual_model"":""ai4bharat/indictrans2-indic-en-1B"",""decoding"":""beam search, no sampling; reproducibility limited to pinned environment/hardware"",""device"":""cpu"",""revision"":""ac3daf0ecd37be3b6957764a9179ab2b07fa9d6a"",""seed"":20260912,""torch_version"":""2.14.0+cpu""}"
record:4f842a2f2ccd806ae30af41fb59d1fc0e1395a71f5d8a643ce49aa584486d3b2,1031101629473464320,indictrans2,ai4bharat/indictrans2-indic-en-1B,ai4bharat/indictrans2-indic-en-1B,"Traffic Alert Traffic on Mehrauli-Badarpur Road is affected due to waterlogging at Deoli, Khanpur, Batra Hospital!",SUCCESS,2026-09-12T16:51:53.497277+00:00,20260912_blind_v5,8d8f5fcab9e03c6a1dfc90d5a2bfc7a3f92959df7f202b8e9bd65a169f2d9337,596cd3b47a3e6732742b69f1e29fefd690a93eb300fa0a03303173e0e7bf7e54,bdea04746a45e6cd836498fc6d63dccb7bf1940d01811b4f1582a3cdf3501a51,True,7.421981,,"{""actual_model"":""ai4bharat/indictrans2-indic-en-1B"",""decoding"":""beam search, no sampling; reproducibility limited to pinned environment/hardware"",""device"":""cpu"",""revision"":""ac3daf0ecd37be3b6957764a9179ab2b07fa9d6a"",""seed"":20260912,""torch_version"":""2.14.0+cpu""}"
record:4f847b13b25de772b9bce745f4ae186bea6baef93136e71f57f40161b3afe040,1043346420428926977,indictrans2,ai4bharat/indictrans2-indic-en-1B,ai4bharat/indictrans2-indic-en-1B,"Traffic Alert There is a big pothole in the road near the red light of Ganesh Nagar on the way from Uttam Nagar to Tilak Nagar, due to which traffic is affected.",SUCCESS,2026-09-12T16:52:00.920020+00:00,20260912_blind_v5,8d8f5fcab9e03c6a1dfc90d5a2bfc7a3f92959df7f202b8e9bd65a169f2d9337,71f41b17acb9b7014161af66e0ca671ffd7a7aa86b890c7e30fba91dea0f02ce,5c19258cec7b1fe141ca444fae6dc43f2f4e8de185f24915dd8503987f0023e3,True,27.867165,,"{""actual_model"":""ai4bharat/indictrans2-indic-en-1B"",""decoding"":""beam search, no sampling; reproducibility limited to pinned environment/hardware"",""device"":""cpu"",""revision"":""ac3daf0ecd37be3b6957764a9179ab2b07fa9d6a"",""seed"":20260912,""torch_version"":""2.14.0+cpu""}"
record:4fc15c6ee5fa73063cf83dd244d1f22a0859c140ea9fcf0b5f68837a50ec6820,885078367648849922,indictrans2,ai4bharat/indictrans2-indic-en-1B,ai4bharat/indictrans2-indic-en-1B,"Traffic Alert: PWD work is going on RTR route, so from 5 pm to 8 pm, big vehicles and buses will be diverted to Sector-8 1 / 2.",SUCCESS,2026-09-12T16:52:28.786117+00:00,20260912_blind_v5,8d8f5fcab9e03c6a1dfc90d5a2bfc7a3f92959df7f202b8e9bd65a169f2d9337,cdd21c5bbf4564e71696267020ea0b277339762689d11543fff79c58c1b83c0b,0da4f96bde1e5d02b6d3b7009d03c4cc17f73ee570006a25bae1286347a20d11,True,37.924245,,"{""actual_model"":""ai4bharat/indictrans2-indic-en-1B"",""decoding"":""beam search, no sampling; reproducibility limited to pinned environment/hardware"",""device"":""cpu"",""revision"":""ac3daf0ecd37be3b6957764a9179ab2b07fa9d6a"",""seed"":20260912,""torch_version"":""2.14.0+cpu""}"
record:4ffc4df720d2eba975c01e2c9e356ff544879ff48f96eca71aef2e6820e67213,1024545772639899648,indictrans2,ai4bharat/indictrans2-indic-en-1B,ai4bharat/indictrans2-indic-en-1B,"Traffic Alert: The road from Panchsheel towards Malviya Nagar has caved in under Panchsheel Flyover, please avoid using this route.",SUCCESS,2026-09-12T16:53:06.710010+00:00,20260912_blind_v5,8d8f5fcab9e03c6a1dfc90d5a2bfc7a3f92959df7f202b8e9bd65a169f2d9337,31f9284de665689330d5226b304ca5cd73d88ea23546bb8252b84859359075c7,ce42df5f47539a11703d487ff97948c735624349b682f43f5b6782557ee242ba,True,16.096974,,"{""actual_model"":""ai4bharat/indictrans2-indic-en-1B"",""decoding"":""beam search, no sampling; reproducibility limited to pinned environment/hardware"",""device"":""cpu"",""revision"":""ac3daf0ecd37be3b6957764a9179ab2b07fa9d6a"",""seed"":20260912,""torch_version"":""2.14.0+cpu""}"
record:5002ee7ba776fed5662441064955763c57ed5e6f4547c1be88c0ad3be726f861,587582074980327424,indictrans2,ai4bharat/indictrans2-indic-en-1B,ai4bharat/indictrans2-indic-en-1B,"Traffic Alert 200 to 300 people have blocked traffic at Kanjhawala Chowk over the death of a\ u093CK, sorry for the inconvenience.",SUCCESS,2026-09-12T16:53:22.808417+00:00,20260912_blind_v5,8d8f5fcab9e03c6a1dfc90d5a2bfc7a3f92959df7f202b8e9bd65a169f2d9337,f602260e095215f5d3067367ff03bc201e76deb0a7cb94738f6d0b21407467dc,d08f6d96206c1ec39810a31b8661739454979c51adadb8b7cdea3483c79f5e4d,True,9.078266,,"{""actual_model"":""ai4bharat/indictrans2-indic-en-1B"",""decoding"":""beam search, no sampling; reproducibility limited to pinned environment/hardware"",""device"":""cpu"",""revision"":""ac3daf0ecd37be3b6957764a9179ab2b07fa9d6a"",""seed"":20260912,""torch_version"":""2.14.0+cpu""}"
record:5018c4b12ba2d7dce0436918493854fa89690bb4e97b5a8dee688d8ff25dfa85,616069649990582272,indictrans2,ai4bharat/indictrans2-indic-en-1B,ai4bharat/indictrans2-indic-en-1B,"Traffic Alert A container on the Moti Bagh to Dhaula Kuan flyover is faulty, causing traffic disruption. Sorry for the inconvenience.",SUCCESS,2026-09-12T16:53:31.886953+00:00,20260912_blind_v5,8d8f5fcab9e03c6a1dfc90d5a2bfc7a3f92959df7f202b8e9bd65a169f2d9337,cc1d59c30daabbe2750b42986ced3d46341f7db2ce809004cce8f32bb493ad9c,e5a63259f8de6b457f57473c56ad3c2116c187946c4e7292a479f118b6f4fcea,True,7.305791,,"{""actual_model"":""ai4bharat/indictrans2-indic-en-1B"",""decoding"":""beam search, no sampling; reproducibility limited to pinned environment/hardware"",""device"":""cpu"",""revision"":""ac3daf0ecd37be3b6957764a9179ab2b07fa9d6a"",""seed"":20260912,""torch_version"":""2.14.0+cpu""}"
record:501ad45dd3f17aae6f80287a846fe1455900b54628895b216af5d8b4fb54e0b0,951707840367935488,indictrans2,ai4bharat/indictrans2-indic-en-1B,ai4bharat/indictrans2-indic-en-1B,"Traffic Alert On the way from Shahdara to Karkardooma, the culvert with Swarna Cinema is broken, which is under repair, due to which traffic will be more on 60 Feet Road.",SUCCESS,2026-09-12T16:53:39.193060+00:00,20260912_blind_v5,8d8f5fcab9e03c6a1dfc90d5a2bfc7a3f92959df7f202b8e9bd65a169f2d9337,144d5b25f3dbf250475445951c4c087a8ebd5bc04ba47aa158cd5c16984d69d9,95c1639a3becd5c8788111bd0a47462a968bfde4fbf0dc6727ae333cf08c27c5,True,46.469363,,"{""actual_model"":""ai4bharat/indictrans2-indic-en-1B"",""decoding"":""beam search, no sampling; reproducibility limited to pinned environment/hardware"",""device"":""cpu"",""revision"":""ac3daf0ecd37be3b6957764a9179ab2b07fa9d6a"",""seed"":20260912,""torch_version"":""2.14.0+cpu""}"
record:5061a97dc3a3cbfa703e6feb9541c63497cd748ae95e8d547dfcd8f065a5757d,1026805620727529472,indictrans2,ai4bharat/indictrans2-indic-en-1B,ai4bharat/indictrans2-indic-en-1B,Traffic on Outer Ring Road en route from Chirag Delhi to Nehru Place is disrupted due to a road caving in near GK-2 Metro Station.,SUCCESS,2026-09-12T16:54:25.660361+00:00,20260912_blind_v5,8d8f5fcab9e03c6a1dfc90d5a2bfc7a3f92959df7f202b8e9bd65a169f2d9337,1d851bc296b1b660ff205790c3247a9aafa7ab1d98a058c5e0326a6e694574ff,eb8ac986e9f5bdb750dc1b656ae56457721dab9a98a1c0a5c1f7658829941f11,True,29.652065,,"{""actual_model"":""ai4bharat/indictrans2-indic-en-1B"",""decoding"":""beam search, no sampling; reproducibility limited to pinned environment/hardware"",""device"":""cpu"",""revision"":""ac3daf0ecd37be3b6957764a9179ab2b07fa9d6a"",""seed"":20260912,""torch_version"":""2.14.0+cpu""}"
record:50ca3485c94bf690bf49ec46ccd82a90c76b3da68bcce749afe324077f670197,907411210504511490,indictrans2,ai4bharat/indictrans2-indic-en-1B,ai4bharat/indictrans2-indic-en-1B,Traffic Alert Traffic is disrupted at Azadpur Mandi due to heavy vehicular movement |कृप्या Use Road No-51.,SUCCESS,2026-09-12T16:54:55.313938+00:00,20260912_blind_v5,8d8f5fcab9e03c6a1dfc90d5a2bfc7a3f92959df7f202b8e9bd65a169f2d9337,16f32286c4435c2bb26116bc553b08c56a9f9b2fd02b3c7623f85ca9ee86b981,9441e2eedcc09289faa3d25190865debfab24993f9a425cbf63583b03cb6a7f6,True,14.597178,,"{""actual_model"":""ai4bharat/indictrans2-indic-en-1B"",""decoding"":""beam search, no sampling; reproducibility limited to pinned environment/hardware"",""device"":""cpu"",""revision"":""ac3daf0ecd37be3b6957764a9179ab2b07fa9d6a"",""seed"":20260912,""torch_version"":""2.14.0+cpu""}"
record:529fbcca1d7d66ecf7db40dec764dc364204a20607bd7605230da5d863cefb55,565098436220162048,indictrans2,ai4bharat/indictrans2-indic-en-1B,ai4bharat/indictrans2-indic-en-1B,"Traffic Alert August Kranti Marg, Kamala Nehru College to Siri Fort Auditorium is open for traffic.",SUCCESS,2026-09-12T16:55:09.911878+00:00,20260912_blind_v5,8d8f5fcab9e03c6a1dfc90d5a2bfc7a3f92959df7f202b8e9bd65a169f2d9337,6c8e06c136ef320a166d8f7cb88f913cb226a17cebbbf15484d26f030429d114,cc0f561f1b5f888877ff61d83bc01fb9503c3bf9d8208be4470812a90929c86f,True,5.74547,,"{""actual_model"":""ai4bharat/indictrans2-indic-en-1B"",""decoding"":""beam search, no sampling; reproducibility limited to pinned environment/hardware"",""device"":""cpu"",""revision"":""ac3daf0ecd37be3b6957764a9179ab2b07fa9d6a"",""seed"":20260912,""torch_version"":""2.14.0+cpu""}"
record:530e31e1b3f431b620377fe889404ee8c009e40ebe40686ee06da9c384c4c5d5,879176229546369025,indictrans2,ai4bharat/indictrans2-indic-en-1B,ai4bharat/indictrans2-indic-en-1B,"Traffic Alert Traffic has been diverted from Modi Mile towards Captain Gaur Marg, traffic is heavy!",SUCCESS,2026-09-12T16:55:15.659091+00:00,20260912_blind_v5,8d8f5fcab9e03c6a1dfc90d5a2bfc7a3f92959df7f202b8e9bd65a169f2d9337,ca0937b1315988f1ce8b42445f36a2a50e14e0bbb3599bf41d17bf9851fa204f,f9712c0ad18571e7488696e67c177109f1d53f04508c8ed3467a5a4989d529dd,True,4.851017,,"{""actual_model"":""ai4bharat/indictrans2-indic-en-1B"",""decoding"":""beam search, no sampling; reproducibility limited to pinned environment/hardware"",""device"":""cpu"",""revision"":""ac3daf0ecd37be3b6957764a9179ab2b07fa9d6a"",""seed"":20260912,""torch_version"":""2.14.0+cpu""}"
record:5338ff9561f3b9407e10fb17abcf5de1e0054b7be0cfeb03e6eb9102f1ee1f6d,1039698620881231873,indictrans2,ai4bharat/indictrans2-indic-en-1B,ai4bharat/indictrans2-indic-en-1B,Traffic Alert Parking is not available on South Campus; use public transportation to get to South Campus.,SUCCESS,2026-09-12T16:55:20.510433+00:00,20260912_blind_v5,8d8f5fcab9e03c6a1dfc90d5a2bfc7a3f92959df7f202b8e9bd65a169f2d9337,ada7a5adff7ed7ca86674869ebc3011eb677dde4ac16d2ca8c22d160b909f7bb,b8c25b57c82798bd9a15d22f4ce12be7d009eb70674a2583bca0d89922f73dc9,True,5.382071,,"{""actual_model"":""ai4bharat/indictrans2-indic-en-1B"",""decoding"":""beam search, no sampling; reproducibility limited to pinned environment/hardware"",""device"":""cpu"",""revision"":""ac3daf0ecd37be3b6957764a9179ab2b07fa9d6a"",""seed"":20260912,""torch_version"":""2.14.0+cpu""}"
record:5364d618ed75ef57f5660f9118b6b438654bdd76c94d7640c7fe3088c95e6e7e,1084370452791812096,indictrans2,ai4bharat/indictrans2-indic-en-1B,ai4bharat/indictrans2-indic-en-1B,"Traffic Alert 1. Traffic is blocked on Phirni Road, Najafgarh due to a fallen tree. Please avoid using this route. Traffic is affected due to Delhi Metro work near Khaira Mod.",SUCCESS,2026-09-12T16:55:25.890793+00:00,20260912_blind_v5,8d8f5fcab9e03c6a1dfc90d5a2bfc7a3f92959df7f202b8e9bd65a169f2d9337,ceea96cb1aa4cb001cc50c3f72a72347448d80cd7df74371d8e8f061742feee4,a8abc762a716a8e74606aaebfe187bcbd3eb8a10637efeac933454c627596df4,True,33.181084,,"{""actual_model"":""ai4bharat/indictrans2-indic-en-1B"",""decoding"":""beam search, no sampling; reproducibility limited to pinned environment/hardware"",""device"":""cpu"",""revision"":""ac3daf0ecd37be3b6957764a9179ab2b07fa9d6a"",""seed"":20260912,""torch_version"":""2.14.0+cpu""}"
record:53678687985cdab7c2fd1786fb2a6d6066032145e84c57b004880f7466a8b615,879181687170547712,indictrans2,ai4bharat/indictrans2-indic-en-1B,ai4bharat/indictrans2-indic-en-1B,Traffic Alert Traffic from Modi Mile towards Captain Gaur Marg is normal now!,SUCCESS,2026-09-12T16:55:59.073005+00:00,20260912_blind_v5,8d8f5fcab9e03c6a1dfc90d5a2bfc7a3f92959df7f202b8e9bd65a169f2d9337,21fdc001bc74f72e7617dc9c439df9abd5367894609f3f781854359833d58eb2,f4ed792300e2b18339eda0eadf5bfb64cd60b7f89706f991f09beb13d4694b64,True,16.330169,,"{""actual_model"":""ai4bharat/indictrans2-indic-en-1B"",""decoding"":""beam search, no sampling; reproducibility limited to pinned environment/hardware"",""device"":""cpu"",""revision"":""ac3daf0ecd37be3b6957764a9179ab2b07fa9d6a"",""seed"":20260912,""torch_version"":""2.14.0+cpu""}"
record:538d5e4cb4939821b48398744fca3be7eebf14e52246a66b53b1afeec00a536c,856742651378376706,indictrans2,ai4bharat/indictrans2-indic-en-1B,ai4bharat/indictrans2-indic-en-1B,Traffic Alert Traffic from DCM Chowk to Azad Market is disrupted due to bursting of water pipeline near Chetna Mandir.,SUCCESS,2026-09-12T16:56:15.393786+00:00,20260912_blind_v5,8d8f5fcab9e03c6a1dfc90d5a2bfc7a3f92959df7f202b8e9bd65a169f2d9337,8b54c44f0e80c5e91c31d2f2a9ff56f2bec231865cf3822be2de89469627a363,0978513ac211a8bb7903d3da9651b6de1e362d2bd38fe400516c536a035177e7,True,24.644741,,"{""actual_model"":""ai4bharat/indictrans2-indic-en-1B"",""decoding"":""beam search, no sampling; reproducibility limited to pinned environment/hardware"",""device"":""cpu"",""revision"":""ac3daf0ecd37be3b6957764a9179ab2b07fa9d6a"",""seed"":20260912,""torch_version"":""2.14.0+cpu""}"
record:53906657b4369daf2e788e517361dd177bdd7fda2f725fbbbe3d2dc19a0f274b,993672478433169408,indictrans2,ai4bharat/indictrans2-indic-en-1B,ai4bharat/indictrans2-indic-en-1B,TRAFFIC ALERT Red lighting of Madhuban Chowk and Kohat Enclave is poor.,SUCCESS,2026-09-12T16:56:40.045453+00:00,20260912_blind_v5,8d8f5fcab9e03c6a1dfc90d5a2bfc7a3f92959df7f202b8e9bd65a169f2d9337,aaf5c4319f618d0078219aeba48319aeaa0789371222325ee6b9b73fcb10dfcd,2cc87c00a2327de2358dbc206d5c8a735f2fffd7e08a63b06f5203dbedc57070,True,17.521298,,"{""actual_model"":""ai4bharat/indictrans2-indic-en-1B"",""decoding"":""beam search, no sampling; reproducibility limited to pinned environment/hardware"",""device"":""cpu"",""revision"":""ac3daf0ecd37be3b6957764a9179ab2b07fa9d6a"",""seed"":20260912,""torch_version"":""2.14.0+cpu""}"
record:53d24e89e76da5b894ae126f0ec799c4d0d2d078d93043c44f87efd04889d1be,1019470998272266241,indictrans2,ai4bharat/indictrans2-indic-en-1B,ai4bharat/indictrans2-indic-en-1B,"Traffic Alert Due to Parliament session, only labelled vehicles will move from Rail Bhawan towards North Fountain and from Vijay Chowk towards North Fountain.",SUCCESS,2026-09-12T16:56:57.570931+00:00,20260912_blind_v5,8d8f5fcab9e03c6a1dfc90d5a2bfc7a3f92959df7f202b8e9bd65a169f2d9337,faf57abb208f4507f2441fa93cfdf8cbfce8170b9befd3e20f56efeb1e43e5bc,689e1e5765d731a092716013ffa17c7e259501d07b4a9d70b9fbeecd8bc49aeb,True,7.854237,,"{""actual_model"":""ai4bharat/indictrans2-indic-en-1B"",""decoding"":""beam search, no sampling; reproducibility limited to pinned environment/hardware"",""device"":""cpu"",""revision"":""ac3daf0ecd37be3b6957764a9179ab2b07fa9d6a"",""seed"":20260912,""torch_version"":""2.14.0+cpu""}"
record:5442ccb899ce9685c5aa1ee026332d00654ec8db14fc0dec14d4810d7ee4227a,867918781258977280,indictrans2,ai4bharat/indictrans2-indic-en-1B,ai4bharat/indictrans2-indic-en-1B,Traffic Alert Traffic movement around Azad Market is disrupted due to bursting of water pipeline near Azad Market Chowk.,SUCCESS,2026-09-12T16:57:05.425732+00:00,20260912_blind_v5,8d8f5fcab9e03c6a1dfc90d5a2bfc7a3f92959df7f202b8e9bd65a169f2d9337,d9686b217db44835440f6016cfc05fad8a8291d8a5ca53ed82c82f111e4d116f,accae145f5178511249a6cee19a5973ad0f4e68d17f78503b9c7fdfb05bd5f2d,True,5.582502,,"{""actual_model"":""ai4bharat/indictrans2-indic-en-1B"",""decoding"":""beam search, no sampling; reproducibility limited to pinned environment/hardware"",""device"":""cpu"",""revision"":""ac3daf0ecd37be3b6957764a9179ab2b07fa9d6a"",""seed"":20260912,""torch_version"":""2.14.0+cpu""}"
record:5466b161f60fe1eaafebe7e9ceb74e35eb16c8cc8fc4962d197db83a367a0d88,1065900064688619521,indictrans2,ai4bharat/indictrans2-indic-en-1B,ai4bharat/indictrans2-indic-en-1B,"Traffic Alert Pedestrians are more near Gurdwara Nanak Piau, due to which traffic will be more on the routes from Shakti Nagar to Azadpur till 1: 00 pm.",SUCCESS,2026-09-12T16:57:11.008543+00:00,20260912_blind_v5,8d8f5fcab9e03c6a1dfc90d5a2bfc7a3f92959df7f202b8e9bd65a169f2d9337,4e1967cd70dd6a3af43177a6d6990eacc4581b560804bb1816461f6a9df4f818,5d2f1f5f00dc9ba38f2ffeacc89f9a79163022b6bd25290a45e29592a019f7a8,True,8.20383,,"{""actual_model"":""ai4bharat/indictrans2-indic-en-1B"",""decoding"":""beam search, no sampling; reproducibility limited to pinned environment/hardware"",""device"":""cpu"",""revision"":""ac3daf0ecd37be3b6957764a9179ab2b07fa9d6a"",""seed"":20260912,""torch_version"":""2.14.0+cpu""}"
record:546bb5a97212a8b9a6aeb559acbc9dfb0b959faf1a5af25f25d2dd3e29745307,1043785350747959298,indictrans2,ai4bharat/indictrans2-indic-en-1B,ai4bharat/indictrans2-indic-en-1B,Traffic Alert Traffic is heavy at Kalindi Kunj due to idol immersion Use DND Flyover from Delhi to Noida and Noida to Delhi.,SUCCESS,2026-09-12T16:57:19.211792+00:00,20260912_blind_v5,8d8f5fcab9e03c6a1dfc90d5a2bfc7a3f92959df7f202b8e9bd65a169f2d9337,65913ee80b53b4972807b7e6035b91b97b505082457271841173ae355e7240b9,d2e0ee5484946ab23d0422ea93628621905bd78401cadcb9d89c52a89a912139,True,32.274943,,"{""actual_model"":""ai4bharat/indictrans2-indic-en-1B"",""decoding"":""beam search, no sampling; reproducibility limited to pinned environment/hardware"",""device"":""cpu"",""revision"":""ac3daf0ecd37be3b6957764a9179ab2b07fa9d6a"",""seed"":20260912,""torch_version"":""2.14.0+cpu""}"
record:54b736d07300a9cf2aeebe4b0be22e54011081a67ee7b34533eb907ad17fc05b,1092275186798379008,indictrans2,ai4bharat/indictrans2-indic-en-1B,ai4bharat/indictrans2-indic-en-1B,Traffic Alert Traffic on Rani Jhansi Road and Rohtak Road is disrupted due to the movement of people due to the conclusion of the annual IJTEMA program at Eidgah.,SUCCESS,2026-09-12T16:57:51.476685+00:00,20260912_blind_v5,8d8f5fcab9e03c6a1dfc90d5a2bfc7a3f92959df7f202b8e9bd65a169f2d9337,968551a681d0b91214f533e30a828437ff2d559bd4d0faa27a905bfcb2a63a11,0ba3c1b1c4e8745fdf1c7ed29c7513d4b46cf6f59388469a1fdf91fa2e5f19fe,True,35.354761,,"{""actual_model"":""ai4bharat/indictrans2-indic-en-1B"",""decoding"":""beam search, no sampling; reproducibility limited to pinned environment/hardware"",""device"":""cpu"",""revision"":""ac3daf0ecd37be3b6957764a9179ab2b07fa9d6a"",""seed"":20260912,""torch_version"":""2.14.0+cpu""}"
record:55022f9edc22ec8b8a8610bce11898dc6d5abbbe4f9b49503fcaca75966425be,982145857871949824,indictrans2,ai4bharat/indictrans2-indic-en-1B,ai4bharat/indictrans2-indic-en-1B,"Traffic Alert The road from GTB Chowk to GTB Hospital near Gate No. 7 has caved in, disrupting traffic.",SUCCESS,2026-09-12T16:58:26.842797+00:00,20260912_blind_v5,8d8f5fcab9e03c6a1dfc90d5a2bfc7a3f92959df7f202b8e9bd65a169f2d9337,3ddbcc04fac9c568e2bf71b04cdf3ea93abe4e9efe05d93c4f8eed87aaabed09,2e91a1fc8328d0db7bf679c90fdcafb47ba4ef0a445f497a8caa0a68bbbfd1a9,True,20.648946,,"{""actual_model"":""ai4bharat/indictrans2-indic-en-1B"",""decoding"":""beam search, no sampling; reproducibility limited to pinned environment/hardware"",""device"":""cpu"",""revision"":""ac3daf0ecd37be3b6957764a9179ab2b07fa9d6a"",""seed"":20260912,""torch_version"":""2.14.0+cpu""}"
record:5584fb9449f343318a90ae1716b7e737bb04cc5f224ff60e1ad9836296d1468c,1046230447959814144,indictrans2,ai4bharat/indictrans2-indic-en-1B,ai4bharat/indictrans2-indic-en-1B,Traffic Alert Traffic is normal on Africa Avenue Road.,SUCCESS,2026-09-12T16:58:47.491822+00:00,20260912_blind_v5,8d8f5fcab9e03c6a1dfc90d5a2bfc7a3f92959df7f202b8e9bd65a169f2d9337,dd99a7f6989bf3a24299956b306e21bbecc17b41bee182e85fb5b0bafb9b7c2f,d3557ed588c9fe5419e9b270632e85fe1dd6faf4e8a28366261f8feb7c9a4b37,True,2.767166,,"{""actual_model"":""ai4bharat/indictrans2-indic-en-1B"",""decoding"":""beam search, no sampling; reproducibility limited to pinned environment/hardware"",""device"":""cpu"",""revision"":""ac3daf0ecd37be3b6957764a9179ab2b07fa9d6a"",""seed"":20260912,""torch_version"":""2.14.0+cpu""}"
record:55907fb25af319ff43c4084b74b4b7ed925abbdb2d1a5a8dbbd22f7c912b23a6,570216529809289216,indictrans2,ai4bharat/indictrans2-indic-en-1B,ai4bharat/indictrans2-indic-en-1B,"Traffic Alert A car has broken down on the way from Palam flyover to Dwarka, causing heavy traffic.",SUCCESS,2026-09-12T16:58:50.255651+00:00,20260912_blind_v5,8d8f5fcab9e03c6a1dfc90d5a2bfc7a3f92959df7f202b8e9bd65a169f2d9337,8d60acea1dc0155930c8b9b9f7b831f80aefc5c86e0655ab58614ec36190416b,2e64d59290cf1024f6cbf483be38e1bfdb0e5ebde67f8077c5e56bc9b4335046,True,4.906428,,"{""actual_model"":""ai4bharat/indictrans2-indic-en-1B"",""decoding"":""beam search, no sampling; reproducibility limited to pinned environment/hardware"",""device"":""cpu"",""revision"":""ac3daf0ecd37be3b6957764a9179ab2b07fa9d6a"",""seed"":20260912,""torch_version"":""2.14.0+cpu""}"
record:55bf92ba1de53933b2ed103c37dc8740fdf7ec0eae46c27ff9a4e9e1b7451346,786527887608340482,indictrans2,ai4bharat/indictrans2-indic-en-1B,ai4bharat/indictrans2-indic-en-1B,Traffic Alert Dwarka Sector 21 Railway Under Pass is in progress which will run from 08.10.2016 to 14.10.2016 due to which 1 / 2,SUCCESS,2026-09-12T16:58:55.163947+00:00,20260912_blind_v5,8d8f5fcab9e03c6a1dfc90d5a2bfc7a3f92959df7f202b8e9bd65a169f2d9337,f5992af55b42a193185adf95dc8b4041f86523a6ce9054a7359398568f2ea603,dd40494eafb361e993bf17c46f00bd4f3680bc9fc5bd52e1cf53ea6619627f33,True,6.455327,,"{""actual_model"":""ai4bharat/indictrans2-indic-en-1B"",""decoding"":""beam search, no sampling; reproducibility limited to pinned environment/hardware"",""device"":""cpu"",""revision"":""ac3daf0ecd37be3b6957764a9179ab2b07fa9d6a"",""seed"":20260912,""torch_version"":""2.14.0+cpu""}"
record:561a6c43b45ca4ee16df70cd9cb2c3d2f20f49c86b2fdd8618a0f12d0f08f7da,597416825094336512,indictrans2,ai4bharat/indictrans2-indic-en-1B,ai4bharat/indictrans2-indic-en-1B,"Traffic Alert The repair work of the pipeline near Timarpur Police Station has been completed, all diversions have been removed.",SUCCESS,2026-09-12T16:59:01.621090+00:00,20260912_blind_v5,8d8f5fcab9e03c6a1dfc90d5a2bfc7a3f92959df7f202b8e9bd65a169f2d9337,4218f660d906d7d5aa4dca018b09e19a693839a15a91d3e2076e980d887e967f,d18073a017b7f533395237fa3ed4165bb6ad90044899f3e0e567744879497297,True,5.820735,,"{""actual_model"":""ai4bharat/indictrans2-indic-en-1B"",""decoding"":""beam search, no sampling; reproducibility limited to pinned environment/hardware"",""device"":""cpu"",""revision"":""ac3daf0ecd37be3b6957764a9179ab2b07fa9d6a"",""seed"":20260912,""torch_version"":""2.14.0+cpu""}"
record:56c806aad2499502f3232ad1d8e612f9c6825f89588eb76d363390c238ef6047,576241627729113088,indictrans2,ai4bharat/indictrans2-indic-en-1B,ai4bharat/indictrans2-indic-en-1B,Traffic Alert Devli mode\ u093C is being excavated by PWD due to which there is heavy traffic. Sorry for the inconvenience.,SUCCESS,2026-09-12T16:59:07.441596+00:00,20260912_blind_v5,8d8f5fcab9e03c6a1dfc90d5a2bfc7a3f92959df7f202b8e9bd65a169f2d9337,0477878bcea6841831f2b24a3414bf153fe9ef7eb8631eeffd3e92dec0b30bb3,e191f2344b5fe3046ebf7c7cc36ac8f6e791c0a3b4437fbf08796251514c6f09,True,35.718201,,"{""actual_model"":""ai4bharat/indictrans2-indic-en-1B"",""decoding"":""beam search, no sampling; reproducibility limited to pinned environment/hardware"",""device"":""cpu"",""revision"":""ac3daf0ecd37be3b6957764a9179ab2b07fa9d6a"",""seed"":20260912,""torch_version"":""2.14.0+cpu""}"
record:56f26bbb091fe0e105a782791825282ce05d0a55401da3f5693441ee1b35f5ca,1005683544146862080,indictrans2,ai4bharat/indictrans2-indic-en-1B,ai4bharat/indictrans2-indic-en-1B,Traffic Alert People have blocked the road near Masoodpur village on the way from Mehrauli to Mahipalpur due to water problem.,SUCCESS,2026-09-12T16:59:43.159931+00:00,20260912_blind_v5,8d8f5fcab9e03c6a1dfc90d5a2bfc7a3f92959df7f202b8e9bd65a169f2d9337,f8b2769f7d9adc0f4b6cca513f29dbb8b3789330121d5c6e6293a0749f9307d9,fad6e441f4f388e3ea2c012672abd839b748cdcda485cf8f560fc4b0d5985c81,True,29.726976,,"{""actual_model"":""ai4bharat/indictrans2-indic-en-1B"",""decoding"":""beam search, no sampling; reproducibility limited to pinned environment/hardware"",""device"":""cpu"",""revision"":""ac3daf0ecd37be3b6957764a9179ab2b07fa9d6a"",""seed"":20260912,""torch_version"":""2.14.0+cpu""}"
record:577930a41248106eec753173fe665ee8239a8f9b176fe29adffae584b8bc75fc,1080020814177562625,indictrans2,ai4bharat/indictrans2-indic-en-1B,ai4bharat/indictrans2-indic-en-1B,Traffic Alert Traffic will be disrupted from Chirag Delhi towards Kalkaji due to heavy rush of devotees at Kalkaji Temple today.,SUCCESS,2026-09-12T17:00:12.881348+00:00,20260912_blind_v5,8d8f5fcab9e03c6a1dfc90d5a2bfc7a3f92959df7f202b8e9bd65a169f2d9337,46d1658afa6b8e2134d9be412abffcc32a2f08b29382a643b367e8331649f4ee,2c0582d8f5c890ef6c5f379860f75f5b22531ac86535ae58ba6c67d4ecdeaf20,True,19.867822,,"{""actual_model"":""ai4bharat/indictrans2-indic-en-1B"",""decoding"":""beam search, no sampling; reproducibility limited to pinned environment/hardware"",""device"":""cpu"",""revision"":""ac3daf0ecd37be3b6957764a9179ab2b07fa9d6a"",""seed"":20260912,""torch_version"":""2.14.0+cpu""}"
record:57b369b0e2083cc01c90de554240f7ad0af6223d343196d2556304f83cd8dd5c,935819217277927424,indictrans2,ai4bharat/indictrans2-indic-en-1B,ai4bharat/indictrans2-indic-en-1B,Traffic Alert The route from Chirag Delhi to Sheikh Sarai has been closed for traffic. Sadiq Nagar to Siri Fort and Chirag Delhi to Outer Ring Road have been diverted.,SUCCESS,2026-09-12T17:00:32.753934+00:00,20260912_blind_v5,8d8f5fcab9e03c6a1dfc90d5a2bfc7a3f92959df7f202b8e9bd65a169f2d9337,4a512a78bac98022c481a6e0131b55906877fc3062f5ea75300a5aae1465e6fe,f532f0933bf07e7ec27c5cf1b8b92c3ff3fd8ea81443214fa7e057397d2a9055,True,10.811882,,"{""actual_model"":""ai4bharat/indictrans2-indic-en-1B"",""decoding"":""beam search, no sampling; reproducibility limited to pinned environment/hardware"",""device"":""cpu"",""revision"":""ac3daf0ecd37be3b6957764a9179ab2b07fa9d6a"",""seed"":20260912,""torch_version"":""2.14.0+cpu""}"
record:57bf22523c173597a2ccaa95400d3529a64ab94b092a9a1fe0d4213496479130,875529797060804609,indictrans2,ai4bharat/indictrans2-indic-en-1B,ai4bharat/indictrans2-indic-en-1B,Traffic Alert A truck is damaged as it descends Naraina Flyover on the route from Mayapuri to Dhaula Kuan.,SUCCESS,2026-09-12T17:00:43.567875+00:00,20260912_blind_v5,8d8f5fcab9e03c6a1dfc90d5a2bfc7a3f92959df7f202b8e9bd65a169f2d9337,2fc27f90904a84bd9eac3962486f683d9941f2af238c68979ba8437077cc29ce,c6815fbfde2cd128dabee8df65f0d1e61370d6c8390d7e2d5618152ea79eadc4,True,7.750289,,"{""actual_model"":""ai4bharat/indictrans2-indic-en-1B"",""decoding"":""beam search, no sampling; reproducibility limited to pinned environment/hardware"",""device"":""cpu"",""revision"":""ac3daf0ecd37be3b6957764a9179ab2b07fa9d6a"",""seed"":20260912,""torch_version"":""2.14.0+cpu""}"
record:583792226dc4dfd21c8cf21b6fdbc0348a53dcf9549bce8f3c0999992823c829,1046259774080212996,indictrans2,ai4bharat/indictrans2-indic-en-1B,ai4bharat/indictrans2-indic-en-1B,"Traffic Alert On Shahdara to Durgapuri route, near Tikona Park on Loni Road, the road is flooded with drain water, due to which traffic is moving at a slow pace.",SUCCESS,2026-09-12T17:00:51.319499+00:00,20260912_blind_v5,8d8f5fcab9e03c6a1dfc90d5a2bfc7a3f92959df7f202b8e9bd65a169f2d9337,c5a7bc887dd70372151faa0cf992c35776f9a69272c24942570198baded12ead,d876e3d1e90f7895ec8a68a4007608f4f83c4f4ef51f32250416ee7798896fcb,True,55.183003,,"{""actual_model"":""ai4bharat/indictrans2-indic-en-1B"",""decoding"":""beam search, no sampling; reproducibility limited to pinned environment/hardware"",""device"":""cpu"",""revision"":""ac3daf0ecd37be3b6957764a9179ab2b07fa9d6a"",""seed"":20260912,""torch_version"":""2.14.0+cpu""}"
record:58cb57892fce318c637095fc62512357299169e179f692a922407f9cecab8c31,1095869776092553217,indictrans2,ai4bharat/indictrans2-indic-en-1B,ai4bharat/indictrans2-indic-en-1B,"Traffic Alert Wazirabad Bridge has been closed for repair work which will last for three months, motorists going towards Wazirabad, ISBT Kashmere Gate, Civil Lines are requested to take Signature Bridge or Shastri Park.",SUCCESS,2026-09-12T17:01:46.502679+00:00,20260912_blind_v5,8d8f5fcab9e03c6a1dfc90d5a2bfc7a3f92959df7f202b8e9bd65a169f2d9337,bd172f1d62d118b475ea423b99b9811f189c90f3a8edde6f77c9078d9b6a806c,71797975ecf5c792529259c4431ceaf4399821cb39850ea20533f1aa3c4ca77c,True,42.564947,,"{""actual_model"":""ai4bharat/indictrans2-indic-en-1B"",""decoding"":""beam search, no sampling; reproducibility limited to pinned environment/hardware"",""device"":""cpu"",""revision"":""ac3daf0ecd37be3b6957764a9179ab2b07fa9d6a"",""seed"":20260912,""torch_version"":""2.14.0+cpu""}"
record:5a0a68acca6b174747efebad33b17d9b1bc4fa8fd037e4591ab216cc7278f764,1070682863006171136,indictrans2,ai4bharat/indictrans2-indic-en-1B,ai4bharat/indictrans2-indic-en-1B,Traffic Alert Kotilya Marg Chanakyapuri Traffic is disrupted due to a bus breakdown.,SUCCESS,2026-09-12T17:02:29.066315+00:00,20260912_blind_v5,8d8f5fcab9e03c6a1dfc90d5a2bfc7a3f92959df7f202b8e9bd65a169f2d9337,1da96a8a6761b4aa146db2d64dccf4c0e961027a751a52478303989360e6beae,d9b206d0f5500e938198b71caf5d98d9d9876e6259fad01ac32c068a4dbbcdc6,True,6.835067,,"{""actual_model"":""ai4bharat/indictrans2-indic-en-1B"",""decoding"":""beam search, no sampling; reproducibility limited to pinned environment/hardware"",""device"":""cpu"",""revision"":""ac3daf0ecd37be3b6957764a9179ab2b07fa9d6a"",""seed"":20260912,""torch_version"":""2.14.0+cpu""}"
record:5a8084acb17202f6ed0fd169cb00f359d91ddc3fe05e4f2939af80c68cb890f1,894555301432631296,indictrans2,ai4bharat/indictrans2-indic-en-1B,ai4bharat/indictrans2-indic-en-1B,"A camel was found dead near the Delhi Secretariat bus stop on the route from Traffic Alert आई.टी.ओ to Laxmi Nagar, which has been removed.",SUCCESS,2026-09-12T17:02:35.902931+00:00,20260912_blind_v5,8d8f5fcab9e03c6a1dfc90d5a2bfc7a3f92959df7f202b8e9bd65a169f2d9337,365f1f2b4734966ddc16d6e0a96da5388ae696d2812555ece168f6568f54e855,ee07519338e13b3d817f9c9b1f9d53cebe6c9d886c68dbc33067a508db3e09fb,True,8.512917,,"{""actual_model"":""ai4bharat/indictrans2-indic-en-1B"",""decoding"":""beam search, no sampling; reproducibility limited to pinned environment/hardware"",""device"":""cpu"",""revision"":""ac3daf0ecd37be3b6957764a9179ab2b07fa9d6a"",""seed"":20260912,""torch_version"":""2.14.0+cpu""}"
record:5b5d05c6f8d81688938d0f4e32e2fb0172ac397dd71543ab935f9e4c44462cbe,931468941334949889,indictrans2,ai4bharat/indictrans2-indic-en-1B,ai4bharat/indictrans2-indic-en-1B,"Traffic Alert A MCD truck bearing number DL1GB 6784 which has broken down between Bagga Link and Faiz Road is traffic heavy, please avoid this route!",SUCCESS,2026-09-12T17:02:44.414229+00:00,20260912_blind_v5,8d8f5fcab9e03c6a1dfc90d5a2bfc7a3f92959df7f202b8e9bd65a169f2d9337,d3de1bc4ac4b5b700ca60601b319702853e5ffa59500719f29da74e69ff246b9,d0f52b72e75829178d8243d6f2cf0833b14718282501e9fb315e3e6a8f997d7c,True,20.71495,,"{""actual_model"":""ai4bharat/indictrans2-indic-en-1B"",""decoding"":""beam search, no sampling; reproducibility limited to pinned environment/hardware"",""device"":""cpu"",""revision"":""ac3daf0ecd37be3b6957764a9179ab2b07fa9d6a"",""seed"":20260912,""torch_version"":""2.14.0+cpu""}"
record:5b6d998f4df0ae3f91255bf3b7d00efcc92dd2182159c99257fd450bf09acd67,1031094253688999936,indictrans2,ai4bharat/indictrans2-indic-en-1B,ai4bharat/indictrans2-indic-en-1B,Traffic Alert Traffic is affected due to waterlogging on Mehrauli 100 Futa Road (Sant Shri Nagpal Marg)!,SUCCESS,2026-09-12T17:03:05.130975+00:00,20260912_blind_v5,8d8f5fcab9e03c6a1dfc90d5a2bfc7a3f92959df7f202b8e9bd65a169f2d9337,d23d301e97075dd66994d68166076e5d330f725d7b12026b2229a2a7ee962350,37257659c90801436cf43f78a367b14270dd03e84b806d14f0bdc0a0014d77c7,True,26.677943,,"{""actual_model"":""ai4bharat/indictrans2-indic-en-1B"",""decoding"":""beam search, no sampling; reproducibility limited to pinned environment/hardware"",""device"":""cpu"",""revision"":""ac3daf0ecd37be3b6957764a9179ab2b07fa9d6a"",""seed"":20260912,""torch_version"":""2.14.0+cpu""}"
record:5b702e1ec3d7777db8ca4a8a8d099939655b19f31f758e5791bc54627ac8496f,632897621393338368,indictrans2,ai4bharat/indictrans2-indic-en-1B,ai4bharat/indictrans2-indic-en-1B,"Traffic Alert DTC Bus No. DL 1PC 7049 Chirag Delhi to Sadiq Nagar BRT is Kh093CRB, causing heavy traffic. Sorry for the inconvenience.",SUCCESS,2026-09-12T17:03:31.809900+00:00,20260912_blind_v5,8d8f5fcab9e03c6a1dfc90d5a2bfc7a3f92959df7f202b8e9bd65a169f2d9337,0387a17fc75f6c9970993d6b5427a32c56080c2961fb2692c03fc637a38990ae,06594d245293d4b0a454e8802cb01f1d9b0745bf21f688bc074d38b94c5719b5,True,41.058912,,"{""actual_model"":""ai4bharat/indictrans2-indic-en-1B"",""decoding"":""beam search, no sampling; reproducibility limited to pinned environment/hardware"",""device"":""cpu"",""revision"":""ac3daf0ecd37be3b6957764a9179ab2b07fa9d6a"",""seed"":20260912,""torch_version"":""2.14.0+cpu""}"
record:5b7dc889a84229ee61e2fcb09679f362ac439b02f7e92a190cb4615f5a5f4425,1034323864954621952,indictrans2,ai4bharat/indictrans2-indic-en-1B,ai4bharat/indictrans2-indic-en-1B,Traffic Alert Traffic is affected due to waterlogging on the route from Rajouri Garden to Punjabi Bagh!,SUCCESS,2026-09-12T17:04:12.867275+00:00,20260912_blind_v5,8d8f5fcab9e03c6a1dfc90d5a2bfc7a3f92959df7f202b8e9bd65a169f2d9337,e88e8ff806191cea214b65cdbb7ff7d19b384d06d7c3da43896da0ec9ec9774c,aafd798f3c410b974362d2695074556a868f936ed8a9aa218269f6aad88acb72,True,5.674867,,"{""actual_model"":""ai4bharat/indictrans2-indic-en-1B"",""decoding"":""beam search, no sampling; reproducibility limited to pinned environment/hardware"",""device"":""cpu"",""revision"":""ac3daf0ecd37be3b6957764a9179ab2b07fa9d6a"",""seed"":20260912,""torch_version"":""2.14.0+cpu""}"
record:5c049952fcb2dc9d10471ad7c4352a30411f9c1240bfff835e79acbb956203a2,983264639235444737,indictrans2,ai4bharat/indictrans2-indic-en-1B,ai4bharat/indictrans2-indic-en-1B,Traffic Alert Traffic is affected at Chandni Chowk due to fire at Kucha Mahajani building. Please avoid using this route.,SUCCESS,2026-09-12T17:04:18.544042+00:00,20260912_blind_v5,8d8f5fcab9e03c6a1dfc90d5a2bfc7a3f92959df7f202b8e9bd65a169f2d9337,2276479b294730f4c5c5da17f7653ff5836e76d626917831f74bec4e2358875c,6336435049bcd8a91558445d50612d8b9bba6330464449cde77168795de6b722,True,5.233396,,"{""actual_model"":""ai4bharat/indictrans2-indic-en-1B"",""decoding"":""beam search, no sampling; reproducibility limited to pinned environment/hardware"",""device"":""cpu"",""revision"":""ac3daf0ecd37be3b6957764a9179ab2b07fa9d6a"",""seed"":20260912,""torch_version"":""2.14.0+cpu""}"
record:5c2499e739f046577a8986eef21d3d7e627807e448b629520504b4218868ae8a,783179858436325376,indictrans2,ai4bharat/indictrans2-indic-en-1B,ai4bharat/indictrans2-indic-en-1B,Traffic Alert Traffic coming from Hindurao Hill to Barfkhana Chowk is being diverted back.,SUCCESS,2026-09-12T17:04:23.776587+00:00,20260912_blind_v5,8d8f5fcab9e03c6a1dfc90d5a2bfc7a3f92959df7f202b8e9bd65a169f2d9337,872e31959df8ef44a40d43cb0299d843a45138813e247511f82d3f708eac9281,c29150ee7a6da6f1e354d9d37eb71a4a271786a7003d78ce313a07a3a43786ca,True,4.498433,,"{""actual_model"":""ai4bharat/indictrans2-indic-en-1B"",""decoding"":""beam search, no sampling; reproducibility limited to pinned environment/hardware"",""device"":""cpu"",""revision"":""ac3daf0ecd37be3b6957764a9179ab2b07fa9d6a"",""seed"":20260912,""torch_version"":""2.14.0+cpu""}"
record:5cb1db6439c1a759d4c391753f46da03d07aeb0e943f7701b167a2dd665a73d0,553928475317256193,indictrans2,ai4bharat/indictrans2-indic-en-1B,ai4bharat/indictrans2-indic-en-1B,Traffic Alert A truck which had gone\ u093C between Rajouri Garden to Mayapuri has now been removed.,SUCCESS,2026-09-12T17:04:28.276432+00:00,20260912_blind_v5,8d8f5fcab9e03c6a1dfc90d5a2bfc7a3f92959df7f202b8e9bd65a169f2d9337,20b0d623f33dfd4d2aa6b668712916091871b4dd54d832482bff10f27cb9351c,8dbae3ab54f6d77d36fb0eebbd7d116c78cee5eb3192c9cc391a7f2810bda69c,True,6.724167,,"{""actual_model"":""ai4bharat/indictrans2-indic-en-1B"",""decoding"":""beam search, no sampling; reproducibility limited to pinned environment/hardware"",""device"":""cpu"",""revision"":""ac3daf0ecd37be3b6957764a9179ab2b07fa9d6a"",""seed"":20260912,""torch_version"":""2.14.0+cpu""}"
record:5cbae87af81d7752867f346f2bc73e7a0848427719d88c9892461067ccaf1bef,894166963131342848,indictrans2,ai4bharat/indictrans2-indic-en-1B,ai4bharat/indictrans2-indic-en-1B,Traffic Alert Rath Yatra is passing near Jwala Hedi Market due to which there is a lot of traffic. Please use Rohtak Road.,SUCCESS,2026-09-12T17:04:34.999658+00:00,20260912_blind_v5,8d8f5fcab9e03c6a1dfc90d5a2bfc7a3f92959df7f202b8e9bd65a169f2d9337,bc703deb78ff8d5ae6ba8d6b054f0ab67503622cbb3430f41269a166dc9ea161,dcc8efefc02fbbb2f76e5169ae09afe59b8d134abdc080a2948f1fb57bf15342,True,30.665232,,"{""actual_model"":""ai4bharat/indictrans2-indic-en-1B"",""decoding"":""beam search, no sampling; reproducibility limited to pinned environment/hardware"",""device"":""cpu"",""revision"":""ac3daf0ecd37be3b6957764a9179ab2b07fa9d6a"",""seed"":20260912,""torch_version"":""2.14.0+cpu""}"
record:5cd70434513c1de586dd83af6463d48e4ab003ba750b3bf1027b00331b3b0344,981845305212657665,indictrans2,ai4bharat/indictrans2-indic-en-1B,ai4bharat/indictrans2-indic-en-1B,"Traffic Alert There will be a procession from Cycle Market which will go to Chandni Chowk, Fatehpuri, Naya Bazar, Khari Baoli, Shraddhanand Marg, Ajmeri Gate, Asif Ali Marg to Ramlila Maidan.",SUCCESS,2026-09-12T17:05:05.663849+00:00,20260912_blind_v5,8d8f5fcab9e03c6a1dfc90d5a2bfc7a3f92959df7f202b8e9bd65a169f2d9337,3003f16ed6687de40e630b5edf1b8e4e01822842097578e1ad0122915f6163e5,318861c1c07bccb91696689c087f350aaa5f98a689f9778803981b89b1bbd8e0,True,54.502738,,"{""actual_model"":""ai4bharat/indictrans2-indic-en-1B"",""decoding"":""beam search, no sampling; reproducibility limited to pinned environment/hardware"",""device"":""cpu"",""revision"":""ac3daf0ecd37be3b6957764a9179ab2b07fa9d6a"",""seed"":20260912,""torch_version"":""2.14.0+cpu""}"
record:5d8cb8b3c67deeff71fe3339921bb0aae3fb8779fd43f4ff1bf006ecb469419b,1068109520797192193,indictrans2,ai4bharat/indictrans2-indic-en-1B,ai4bharat/indictrans2-indic-en-1B,Traffic Alert All India Kisan Sangharsh Coordination Committee march from NH 8 to Ramlila Maidan via Dhaula Kuan has reached Vande Mataram Marg due to which traffic on this route is affected.,SUCCESS,2026-09-12T17:06:00.167991+00:00,20260912_blind_v5,8d8f5fcab9e03c6a1dfc90d5a2bfc7a3f92959df7f202b8e9bd65a169f2d9337,307138c92b56e1477afd39de286eba964b271a4622df6dd152e661e9bda0e3c8,4713f0e5dfab33b4362ae6dcf12a93abbbb011f2a13f5ec31393c0be7059e376,True,19.351766,,"{""actual_model"":""ai4bharat/indictrans2-indic-en-1B"",""decoding"":""beam search, no sampling; reproducibility limited to pinned environment/hardware"",""device"":""cpu"",""revision"":""ac3daf0ecd37be3b6957764a9179ab2b07fa9d6a"",""seed"":20260912,""torch_version"":""2.14.0+cpu""}"
record:5d99d507b872756b8ccd5418fb19bf3bad5c654773d64049ca0683576c60f7fc,780655910058397696,indictrans2,ai4bharat/indictrans2-indic-en-1B,ai4bharat/indictrans2-indic-en-1B,Traffic Alert Traffic on the road from Peeragarhi to Nagloi is disrupted due to a sit-in protest near Surajmal Stadium.,SUCCESS,2026-09-12T17:06:19.519395+00:00,20260912_blind_v5,8d8f5fcab9e03c6a1dfc90d5a2bfc7a3f92959df7f202b8e9bd65a169f2d9337,f4561dc512655ae7ff13ec70bf4bcd295003132f9e91336eb02a4a208317211b,b862e7d1931b6261fcb8add1dba9c0cf4e5859e638d210e0d9d808bc1e4b1d8c,True,7.163708,,"{""actual_model"":""ai4bharat/indictrans2-indic-en-1B"",""decoding"":""beam search, no sampling; reproducibility limited to pinned environment/hardware"",""device"":""cpu"",""revision"":""ac3daf0ecd37be3b6957764a9179ab2b07fa9d6a"",""seed"":20260912,""torch_version"":""2.14.0+cpu""}"
record:5e3cd3a950ccf140088f692e5752d202e08d7093e6c0135676c2e715a07f083f,786193756202475521,indictrans2,ai4bharat/indictrans2-indic-en-1B,ai4bharat/indictrans2-indic-en-1B,Traffic Alert: The route from Moti Nagar to Indra Lok has been opened for traffic.,SUCCESS,2026-09-12T17:06:26.684975+00:00,20260912_blind_v5,8d8f5fcab9e03c6a1dfc90d5a2bfc7a3f92959df7f202b8e9bd65a169f2d9337,917b778f5e0b2a56dae834d2fc1379b24bb375725ee09c9b3e6adb08f68d8ab2,da7a263ac65474309426b18cf40d10e6413e4299cb2913b73325646ec8b9b336,True,3.629788,,"{""actual_model"":""ai4bharat/indictrans2-indic-en-1B"",""decoding"":""beam search, no sampling; reproducibility limited to pinned environment/hardware"",""device"":""cpu"",""revision"":""ac3daf0ecd37be3b6957764a9179ab2b07fa9d6a"",""seed"":20260912,""torch_version"":""2.14.0+cpu""}"
record:5e5f90c368272ab0a8507568fccc641c4ad1a600cd9748d37182a2c46fca19ea,790418583507656705,indictrans2,ai4bharat/indictrans2-indic-en-1B,ai4bharat/indictrans2-indic-en-1B,"Traffic Alert: Road repair work is underway at Golak Dham, due to which traffic is high from Kapashera towards Bijwasan.",SUCCESS,2026-09-12T17:06:30.313990+00:00,20260912_blind_v5,8d8f5fcab9e03c6a1dfc90d5a2bfc7a3f92959df7f202b8e9bd65a169f2d9337,dcbd0532b6e19af37b3829e5f37da6fd285a7feed5ce9a90daf80b873ad55d8f,0b81623e47f2c0ef7531df8977eb041a17df2baa79cda29079437e306f9aa1ad,True,16.974131,,"{""actual_model"":""ai4bharat/indictrans2-indic-en-1B"",""decoding"":""beam search, no sampling; reproducibility limited to pinned environment/hardware"",""device"":""cpu"",""revision"":""ac3daf0ecd37be3b6957764a9179ab2b07fa9d6a"",""seed"":20260912,""torch_version"":""2.14.0+cpu""}"
record:5e60d16d237c880d446bb744f5ef16ae6286eb50a119075287751c91806e2aeb,904245659640803328,indictrans2,ai4bharat/indictrans2-indic-en-1B,ai4bharat/indictrans2-indic-en-1B,"Traffic Alert Due to the sit-in protest, traffic is disrupted in both carriageway from Mundka to Rani Kheda and Karala to Rani Kheda.",SUCCESS,2026-09-12T17:06:47.279698+00:00,20260912_blind_v5,8d8f5fcab9e03c6a1dfc90d5a2bfc7a3f92959df7f202b8e9bd65a169f2d9337,3fb78ffd599ba0b10d2f2fda96aad120f9f9a21f4ff2f990cb6e2a6a4bf6fd9c,88ae112caa5525a9e8c5a4fd7985cd5b304be01373d03d92b46527dd5e077b70,True,36.696871,,"{""actual_model"":""ai4bharat/indictrans2-indic-en-1B"",""decoding"":""beam search, no sampling; reproducibility limited to pinned environment/hardware"",""device"":""cpu"",""revision"":""ac3daf0ecd37be3b6957764a9179ab2b07fa9d6a"",""seed"":20260912,""torch_version"":""2.14.0+cpu""}"
record:5ec2ac7d0b8886a266be0c42b52770370f4711bfd64cb06a2e5266182cbc4b1a,548784755244683265,indictrans2,ai4bharat/indictrans2-indic-en-1B,ai4bharat/indictrans2-indic-en-1B,"Traffic Alert MTNL people have dug a pit in front of Lajpat Nagar police station, obstructing traffic.",SUCCESS,2026-09-12T17:07:23.981763+00:00,20260912_blind_v5,8d8f5fcab9e03c6a1dfc90d5a2bfc7a3f92959df7f202b8e9bd65a169f2d9337,75a536cc6344a880e003f2b0a3704abc541c7017a8375f2b4a46ac24d11a34bd,0a8fbf8bd6bf6d69402026049639f9cfddafbe1aab209c4734bcf00f6e503a4a,True,24.207926,,"{""actual_model"":""ai4bharat/indictrans2-indic-en-1B"",""decoding"":""beam search, no sampling; reproducibility limited to pinned environment/hardware"",""device"":""cpu"",""revision"":""ac3daf0ecd37be3b6957764a9179ab2b07fa9d6a"",""seed"":20260912,""torch_version"":""2.14.0+cpu""}"
record:5ee75688ff08d3aa6f0596b42d4df77ecd87d5e50fbbfcdb9a6db0c20982f64a,1073842073298554882,indictrans2,ai4bharat/indictrans2-indic-en-1B,ai4bharat/indictrans2-indic-en-1B,"Traffic Alert Delhi Jal Board is working on the route from Red Fort to Fountain Chowk, due to which traffic is disrupted. Those who want to go to Old Delhi Railway Station should go through Shyama Prasad Mukherjee Marg.",SUCCESS,2026-09-12T17:07:48.193546+00:00,20260912_blind_v5,8d8f5fcab9e03c6a1dfc90d5a2bfc7a3f92959df7f202b8e9bd65a169f2d9337,153fe993c19c06e60b074299a410a13fcbb7fe02435ab60719ac7c795314529a,81c1005c22d7ab19441255f4eb95d40c080eff7909a0b01e2b0084615a2ff102,True,16.498149,,"{""actual_model"":""ai4bharat/indictrans2-indic-en-1B"",""decoding"":""beam search, no sampling; reproducibility limited to pinned environment/hardware"",""device"":""cpu"",""revision"":""ac3daf0ecd37be3b6957764a9179ab2b07fa9d6a"",""seed"":20260912,""torch_version"":""2.14.0+cpu""}"
record:5ef65cf69c01e74999299ed05c947128ab1739911066f518cd061ab894940014,797279268678041601,indictrans2,ai4bharat/indictrans2-indic-en-1B,ai4bharat/indictrans2-indic-en-1B,"Traffic Alert A procession to commemorate Guru Nanak Jayanti will be taken out from 10 am today, starting from Gurdwara Sheeshganj.",SUCCESS,2026-09-12T17:08:04.690964+00:00,20260912_blind_v5,8d8f5fcab9e03c6a1dfc90d5a2bfc7a3f92959df7f202b8e9bd65a169f2d9337,dcb5bed494b58c8b29ec26242884f462f99c2343bc76df7cade34a9ac9982d76,6226481f27615572efb2bbe04e28b34e2015e69f971032eaa9f357cde02cb339,True,6.418361,,"{""actual_model"":""ai4bharat/indictrans2-indic-en-1B"",""decoding"":""beam search, no sampling; reproducibility limited to pinned environment/hardware"",""device"":""cpu"",""revision"":""ac3daf0ecd37be3b6957764a9179ab2b07fa9d6a"",""seed"":20260912,""torch_version"":""2.14.0+cpu""}"
record:5f041c71636115bbc9b2acc45138995e0608c72623a634dc683bcdde6aa81247,1036474068709470208,indictrans2,ai4bharat/indictrans2-indic-en-1B,ai4bharat/indictrans2-indic-en-1B,Traffic Alert Traffic on Ring Road towards GPO is affected due to waterlogging at Kela Ghat!,SUCCESS,2026-09-12T17:08:11.109732+00:00,20260912_blind_v5,8d8f5fcab9e03c6a1dfc90d5a2bfc7a3f92959df7f202b8e9bd65a169f2d9337,178b7ef590c0e56cb7165cfa86f82dd5cfa19442840cf6e8210195b693fe39b0,37c807c217431143feae398322d4d82a1f522c7c535015691f6e30e3542d76ef,True,4.727445,,"{""actual_model"":""ai4bharat/indictrans2-indic-en-1B"",""decoding"":""beam search, no sampling; reproducibility limited to pinned environment/hardware"",""device"":""cpu"",""revision"":""ac3daf0ecd37be3b6957764a9179ab2b07fa9d6a"",""seed"":20260912,""torch_version"":""2.14.0+cpu""}"
record:5fb2dedfdd8df072c72389b0523c2a2b7a9026097a639cf7fd0e549cedad5d71,1068090335530758144,indictrans2,ai4bharat/indictrans2-indic-en-1B,ai4bharat/indictrans2-indic-en-1B,Traffic Alert All India Kisan Sangharsh Coordination Committee march from Sanjay T point on NH 8 towards Dhaula Kuan passing under GGR Flyover due to which traffic on this route is affected.,SUCCESS,2026-09-12T17:08:15.837633+00:00,20260912_blind_v5,8d8f5fcab9e03c6a1dfc90d5a2bfc7a3f92959df7f202b8e9bd65a169f2d9337,a81b38384b8399fad31a6431d0e3912a682cd88e2be891cfe5efefd21c51ba7e,f3ba406b8ddd5208cdaf0971f7ac4d20a2d2ea1b4830c534c527c7148cf3a818,True,27.16937,,"{""actual_model"":""ai4bharat/indictrans2-indic-en-1B"",""decoding"":""beam search, no sampling; reproducibility limited to pinned environment/hardware"",""device"":""cpu"",""revision"":""ac3daf0ecd37be3b6957764a9179ab2b07fa9d6a"",""seed"":20260912,""torch_version"":""2.14.0+cpu""}"
record:60370129b3a2124ecd65a4859930987a4a67017075ab23295a9af510e8393e48,805399998879830016,indictrans2,ai4bharat/indictrans2-indic-en-1B,ai4bharat/indictrans2-indic-en-1B,Traffic Alert Traffic coming from 1.आउटर Circle Connaught Place on Shaheed Bhagat Singh Marg has been diverted 1 / 2 due to religious program.,SUCCESS,2026-09-12T17:08:43.003256+00:00,20260912_blind_v5,8d8f5fcab9e03c6a1dfc90d5a2bfc7a3f92959df7f202b8e9bd65a169f2d9337,bc7bd08354e4dbca911a6d33bf1f402efae301a124d60637d4ac39519ebea28f,ec70c9c0d86ea9ffefdb12e7b877346a0c687258ec9264e44f0a50cd68d42f15,True,33.014035,,"{""actual_model"":""ai4bharat/indictrans2-indic-en-1B"",""decoding"":""beam search, no sampling; reproducibility limited to pinned environment/hardware"",""device"":""cpu"",""revision"":""ac3daf0ecd37be3b6957764a9179ab2b07fa9d6a"",""seed"":20260912,""torch_version"":""2.14.0+cpu""}"
record:60444bb9dd6cb46f6482a531d553a30d11f5bc4942a9d87bece9bc2902ae4b32,611051687726444544,indictrans2,ai4bharat/indictrans2-indic-en-1B,ai4bharat/indictrans2-indic-en-1B,Traffic Alert Traffic is now normal on Ashoka Road.,SUCCESS,2026-09-12T17:09:16.023824+00:00,20260912_blind_v5,8d8f5fcab9e03c6a1dfc90d5a2bfc7a3f92959df7f202b8e9bd65a169f2d9337,52c190bdf4529a81339d0000808f2a45168286efd1a9d9f801394675fb986644,36ca8cdc1500e2bbf939c6dc3e4e9366709861bbecdf15723e81d4968c2ba30b,True,12.32376,,"{""actual_model"":""ai4bharat/indictrans2-indic-en-1B"",""decoding"":""beam search, no sampling; reproducibility limited to pinned environment/hardware"",""device"":""cpu"",""revision"":""ac3daf0ecd37be3b6957764a9179ab2b07fa9d6a"",""seed"":20260912,""torch_version"":""2.14.0+cpu""}"
record:6074a2416fb654a1944eb982ed89824aaba109bf758e65ecda6e5aa4b8ea9aa6,833991564171046912,indictrans2,ai4bharat/indictrans2-indic-en-1B,ai4bharat/indictrans2-indic-en-1B,Traffic Alert Windsor Place to Ashoka Road and roundabout Jaswant Singh to Ashoka Road traffic is normal.,SUCCESS,2026-09-12T17:09:28.344873+00:00,20260912_blind_v5,8d8f5fcab9e03c6a1dfc90d5a2bfc7a3f92959df7f202b8e9bd65a169f2d9337,000a38f1efb558e9e32fee3c0129ab7d118efa7b1c80688c1689a72d00221dff,bdbd7623263a08298d768466f0e8f5045722339de77733142316d6093e15be99,True,18.546799,,"{""actual_model"":""ai4bharat/indictrans2-indic-en-1B"",""decoding"":""beam search, no sampling; reproducibility limited to pinned environment/hardware"",""device"":""cpu"",""revision"":""ac3daf0ecd37be3b6957764a9179ab2b07fa9d6a"",""seed"":20260912,""torch_version"":""2.14.0+cpu""}"
record:60eeb0fa984d0c3987d15ece64fc991a2a066e4bdd6bf081f3bd925eabb1d120,1105727847178661888,indictrans2,ai4bharat/indictrans2-indic-en-1B,ai4bharat/indictrans2-indic-en-1B,Traffic Alert Traffic is affected due to a car overturning near Metro Pillar No. 50 on the route from Brar Square to Dhaula Kuan.,SUCCESS,2026-09-12T17:09:46.895204+00:00,20260912_blind_v5,8d8f5fcab9e03c6a1dfc90d5a2bfc7a3f92959df7f202b8e9bd65a169f2d9337,2f4957e094f5123e94a1312804191fae91074a503fa3388b310bb0c3b351278d,1cf95e9ee2e75ddfc4300b78bc9cc39f14b69db203e8794790150befb84bf65f,True,8.228231,,"{""actual_model"":""ai4bharat/indictrans2-indic-en-1B"",""decoding"":""beam search, no sampling; reproducibility limited to pinned environment/hardware"",""device"":""cpu"",""revision"":""ac3daf0ecd37be3b6957764a9179ab2b07fa9d6a"",""seed"":20260912,""torch_version"":""2.14.0+cpu""}"
record:611d00414f8d82bfab18492a5283a87af98802348e38f7c30758ac3e0783dcff,1059410320916004864,indictrans2,ai4bharat/indictrans2-indic-en-1B,ai4bharat/indictrans2-indic-en-1B,Traffic Alert DTC Bus No. DL1PC4101 at Nangloi Chowk is faulty due to which traffic is disrupted at Nangloi Chowk.,SUCCESS,2026-09-12T17:09:55.123793+00:00,20260912_blind_v5,8d8f5fcab9e03c6a1dfc90d5a2bfc7a3f92959df7f202b8e9bd65a169f2d9337,2059b07f80fc53c7f22e15a7846c3d245c221f23bb514eb82e08435d8ec1e918,b3120a2a86651c65b94caec4e2bbd4e1c56c0bc2b78778818982004ac5d28719,True,7.879395,,"{""actual_model"":""ai4bharat/indictrans2-indic-en-1B"",""decoding"":""beam search, no sampling; reproducibility limited to pinned environment/hardware"",""device"":""cpu"",""revision"":""ac3daf0ecd37be3b6957764a9179ab2b07fa9d6a"",""seed"":20260912,""torch_version"":""2.14.0+cpu""}"
record:61502af3bd8b2cadb1eb1118c428320536522e2594a75ff35e44839c20f08d29,542006894512984066,indictrans2,ai4bharat/indictrans2-indic-en-1B,ai4bharat/indictrans2-indic-en-1B,TRAFFIC ALERT Traffic is normal from Patel Chowk towards GPO.,SUCCESS,2026-09-12T17:10:03.002322+00:00,20260912_blind_v5,8d8f5fcab9e03c6a1dfc90d5a2bfc7a3f92959df7f202b8e9bd65a169f2d9337,f8d60d50dfb26851a69740f1dc4b6798f614cbcbe1a95c0c35c17a6b6e102c76,7f06d0c7a9187d2d69457a3633fc790352d03474ddf92d4d8b5fe75ff6297222,True,4.218384,,"{""actual_model"":""ai4bharat/indictrans2-indic-en-1B"",""decoding"":""beam search, no sampling; reproducibility limited to pinned environment/hardware"",""device"":""cpu"",""revision"":""ac3daf0ecd37be3b6957764a9179ab2b07fa9d6a"",""seed"":20260912,""torch_version"":""2.14.0+cpu""}"
record:61bc2284ca747d161ad8ec1ecdf3195c343ca6245ac2705624d654077072a19d,619788138668523520,indictrans2,ai4bharat/indictrans2-indic-en-1B,ai4bharat/indictrans2-indic-en-1B,Traffic Alert Traffic is affected due to water logging at Mahipalpur Chowk and Ashram Chowk. Sorry for the inconvenience.,SUCCESS,2026-09-12T17:10:07.221619+00:00,20260912_blind_v5,8d8f5fcab9e03c6a1dfc90d5a2bfc7a3f92959df7f202b8e9bd65a169f2d9337,f3263720d31f08498d95d7f41eda60d015dd0da1bf1cb6d64425d372aa781f9b,f950b860b13615409474af5f3ca266e9f912887fbcb0e1963e7da75f8cabe4cd,True,20.645895,,"{""actual_model"":""ai4bharat/indictrans2-indic-en-1B"",""decoding"":""beam search, no sampling; reproducibility limited to pinned environment/hardware"",""device"":""cpu"",""revision"":""ac3daf0ecd37be3b6957764a9179ab2b07fa9d6a"",""seed"":20260912,""torch_version"":""2.14.0+cpu""}"
record:6231a03733cab66b98f52ecef04398761b09957ced8e3e161d877de6e3024dc9,1072424726289616896,indictrans2,ai4bharat/indictrans2-indic-en-1B,ai4bharat/indictrans2-indic-en-1B,Traffic Alert: Road repair work is underway near Lodhi Road crematorium on Moolchand to Defence Colony road due to which traffic is affected.,SUCCESS,2026-09-12T17:10:27.868279+00:00,20260912_blind_v5,8d8f5fcab9e03c6a1dfc90d5a2bfc7a3f92959df7f202b8e9bd65a169f2d9337,bfd6005e3d9627ca7857d2899e3a82108788b1b3ae456ff6dd457eb82909354e,e458b5a31470a25797f640c8ebe43ba0ac01ba2c68120737295aa218b6471996,True,32.603861,,"{""actual_model"":""ai4bharat/indictrans2-indic-en-1B"",""decoding"":""beam search, no sampling; reproducibility limited to pinned environment/hardware"",""device"":""cpu"",""revision"":""ac3daf0ecd37be3b6957764a9179ab2b07fa9d6a"",""seed"":20260912,""torch_version"":""2.14.0+cpu""}"
record:62326cb5ab47f6609e8d5205a0bbc6a77665fb8ad11e70d6575b3752f4be3b54,1096967471091802112,indictrans2,ai4bharat/indictrans2-indic-en-1B,ai4bharat/indictrans2-indic-en-1B,"Traffic Alert Wazirabad Bridge has been closed for repair work which will last for three months, motorists going towards Wazirabad, ISBT Kashmere Gate, Civil Lines are requested to take Signature Bridge or Shastri Park.",SUCCESS,2026-09-12T17:11:00.470024+00:00,20260912_blind_v5,8d8f5fcab9e03c6a1dfc90d5a2bfc7a3f92959df7f202b8e9bd65a169f2d9337,6af19fb18308320a0683b349bc20f726c9b1341a9a6a64c742edebe8c795d02c,71797975ecf5c792529259c4431ceaf4399821cb39850ea20533f1aa3c4ca77c,True,46.426619,,"{""actual_model"":""ai4bharat/indictrans2-indic-en-1B"",""decoding"":""beam search, no sampling; reproducibility limited to pinned environment/hardware"",""device"":""cpu"",""revision"":""ac3daf0ecd37be3b6957764a9179ab2b07fa9d6a"",""seed"":20260912,""torch_version"":""2.14.0+cpu""}"
record:626ace28570f0d70dfd7237afd01ffcee2ac4d7eea0211a609af4eba5d0500c5,536149320106774528,indictrans2,ai4bharat/indictrans2-indic-en-1B,ai4bharat/indictrans2-indic-en-1B,"Traffic Alert Green Field School Alaknanda Road Near Tara Apartments Traffic will be heavy on account of the function, sorry for the inconvenience.",SUCCESS,2026-09-12T17:11:46.899430+00:00,20260912_blind_v5,8d8f5fcab9e03c6a1dfc90d5a2bfc7a3f92959df7f202b8e9bd65a169f2d9337,f56e12e77dda35fefc3a49ba47124de48a83e6b4166021aaa93021c901624c28,d67d893336642fcdbde3a256a84758d53e2c339ab671bd888fa552082bd66a84,True,7.556243,,"{""actual_model"":""ai4bharat/indictrans2-indic-en-1B"",""decoding"":""beam search, no sampling; reproducibility limited to pinned environment/hardware"",""device"":""cpu"",""revision"":""ac3daf0ecd37be3b6957764a9179ab2b07fa9d6a"",""seed"":20260912,""torch_version"":""2.14.0+cpu""}"
record:62bac9398017202a65b5507f9ef35233c7f37c87585c91a8d0156ca6a357a457,1034290036219568130,indictrans2,ai4bharat/indictrans2-indic-en-1B,ai4bharat/indictrans2-indic-en-1B,Traffic Alert Traffic is affected due to waterlogging under Punjabi Bagh Flyover on Ring Road!,SUCCESS,2026-09-12T17:11:54.455413+00:00,20260912_blind_v5,8d8f5fcab9e03c6a1dfc90d5a2bfc7a3f92959df7f202b8e9bd65a169f2d9337,6c57058913f5aee345e8b093c1b91c6dcd5268245594376eea84ac99ada0e87d,dd44a65bc46624e7b294eaf0ade949f46f982cfea87cae18296bc6af93ef40c3,True,4.594617,,"{""actual_model"":""ai4bharat/indictrans2-indic-en-1B"",""decoding"":""beam search, no sampling; reproducibility limited to pinned environment/hardware"",""device"":""cpu"",""revision"":""ac3daf0ecd37be3b6957764a9179ab2b07fa9d6a"",""seed"":20260912,""torch_version"":""2.14.0+cpu""}"
record:62deeb8cb40f93b47016dde78cb87ef46fa9f5390303798307c8e3bc7e1a81d5,570217717753630720,indictrans2,ai4bharat/indictrans2-indic-en-1B,ai4bharat/indictrans2-indic-en-1B,"Traffic Alert As we cross the Rajouri Garden Flyover towards Punjabi Bagh, a large army crane has crashed, leading to heavy traffic.",SUCCESS,2026-09-12T17:11:59.049324+00:00,20260912_blind_v5,8d8f5fcab9e03c6a1dfc90d5a2bfc7a3f92959df7f202b8e9bd65a169f2d9337,5999656500ab0e8098edfd0b26f26784dbad2dc8fb1f8149575640f9aa4c1013,50190a937dce32235a8af001fc0de466ea3fb5ce2c28327bb833830ed9e8938b,True,6.365811,,"{""actual_model"":""ai4bharat/indictrans2-indic-en-1B"",""decoding"":""beam search, no sampling; reproducibility limited to pinned environment/hardware"",""device"":""cpu"",""revision"":""ac3daf0ecd37be3b6957764a9179ab2b07fa9d6a"",""seed"":20260912,""torch_version"":""2.14.0+cpu""}"
record:630551a30b96a159fc3b222eda1e15619f5eb135245124e28d7c685ec7a531f5,878930813320024064,indictrans2,ai4bharat/indictrans2-indic-en-1B,ai4bharat/indictrans2-indic-en-1B,"Traffic Alert Due to the Pacific Mall parking lot being full, traffic is heavy on the road from Tagore Garden to Tilak Nagar.",SUCCESS,2026-09-12T17:12:05.415668+00:00,20260912_blind_v5,8d8f5fcab9e03c6a1dfc90d5a2bfc7a3f92959df7f202b8e9bd65a169f2d9337,276858e462ae3bd33ebf5fe4b26dfcb7adbf537f58bf5cc8b08453a53fa4c066,3dc1d1643fd4848de8f9e0f1b7e14464911c6e2a952ae644c206a794ab74592e,True,36.053233,,"{""actual_model"":""ai4bharat/indictrans2-indic-en-1B"",""decoding"":""beam search, no sampling; reproducibility limited to pinned environment/hardware"",""device"":""cpu"",""revision"":""ac3daf0ecd37be3b6957764a9179ab2b07fa9d6a"",""seed"":20260912,""torch_version"":""2.14.0+cpu""}"
record:63595ec2a7f31057483ae963e82bcd548494aad5fd25794afe59987ab7feca50,931359159022264320,indictrans2,ai4bharat/indictrans2-indic-en-1B,ai4bharat/indictrans2-indic-en-1B,"Traffic Alert Rajouri Garden to Dhaula Kuan, Maya Puri A truck has broken down over the flyover, traffic will be disrupted please avoid this route!",SUCCESS,2026-09-12T17:12:41.464220+00:00,20260912_blind_v5,8d8f5fcab9e03c6a1dfc90d5a2bfc7a3f92959df7f202b8e9bd65a169f2d9337,742aacc7b36d7f077d364d913ceba6aca328bc5da0f89b68a18e4f1ba7475bae,dee1366490a14d379949e1e9940f9acf24d4629d91ddeb61a3f34ac8d5c0f27f,True,38.337508,,"{""actual_model"":""ai4bharat/indictrans2-indic-en-1B"",""decoding"":""beam search, no sampling; reproducibility limited to pinned environment/hardware"",""device"":""cpu"",""revision"":""ac3daf0ecd37be3b6957764a9179ab2b07fa9d6a"",""seed"":20260912,""torch_version"":""2.14.0+cpu""}"
record:639670a6258ddfc78ca2e0a01a03710427c2d8237bf726a6d03bbe040f5b3a5c,1091287319422926848,indictrans2,ai4bharat/indictrans2-indic-en-1B,ai4bharat/indictrans2-indic-en-1B,"Traffic Alert Traffic will be affected on NH 24, Kalindi Kunj, Sarita Vihar, Mathura Road and DND towards Ashram due to farmers'procession / sit-in protest.",SUCCESS,2026-09-12T17:13:19.796304+00:00,20260912_blind_v5,8d8f5fcab9e03c6a1dfc90d5a2bfc7a3f92959df7f202b8e9bd65a169f2d9337,d2374df76d181e5ca59d98ce14696cd53053f4716af22f58ad25619c2442e75e,6516415152536d50fcc793cee4c1774a5d0cf99613c8a06b95755b7aefc29c14,True,19.395146,,"{""actual_model"":""ai4bharat/indictrans2-indic-en-1B"",""decoding"":""beam search, no sampling; reproducibility limited to pinned environment/hardware"",""device"":""cpu"",""revision"":""ac3daf0ecd37be3b6957764a9179ab2b07fa9d6a"",""seed"":20260912,""torch_version"":""2.14.0+cpu""}"
record:6396b11b6468e00850ed739fe129789cd08528571200c5b6e8a4496dad3e4a3c,594167561484378112,indictrans2,ai4bharat/indictrans2-indic-en-1B,ai4bharat/indictrans2-indic-en-1B,"Traffic Alert A DTC bus is parked in front of Sagarpur Mata Mandir, sorry for the inconvenience.",SUCCESS,2026-09-12T17:13:39.202282+00:00,20260912_blind_v5,8d8f5fcab9e03c6a1dfc90d5a2bfc7a3f92959df7f202b8e9bd65a169f2d9337,6cdf2241936acd05eecc65dbed675e495cb727b624fa17579fe080ff3abbe3b3,bd2941f17f47f385fe74c524359c727f56752f736ef6c4bc9644a0d035ac201d,True,5.520573,,"{""actual_model"":""ai4bharat/indictrans2-indic-en-1B"",""decoding"":""beam search, no sampling; reproducibility limited to pinned environment/hardware"",""device"":""cpu"",""revision"":""ac3daf0ecd37be3b6957764a9179ab2b07fa9d6a"",""seed"":20260912,""torch_version"":""2.14.0+cpu""}"
record:63c3a30f9195f11f84516099dc0418ef51284b4c22c51ed7a5e0cc357c8b98d4,916142925666324480,indictrans2,ai4bharat/indictrans2-indic-en-1B,ai4bharat/indictrans2-indic-en-1B,"Traffic Alert 6, 7 & 8 Three days Radha Soami Satsang from Mahipalpur to Andheria Mor, SSN Marg to Bhati Mines, MG Road & 1 / 2",SUCCESS,2026-09-12T17:13:44.722892+00:00,20260912_blind_v5,8d8f5fcab9e03c6a1dfc90d5a2bfc7a3f92959df7f202b8e9bd65a169f2d9337,36e09ceb2e24795c3100d0e520302b05de5a1db7a969abbc6862efa55375a217,6e4927497251773b254e10f359924bd57628fbb8a833541346505a72ce0fa127,True,10.798258,,"{""actual_model"":""ai4bharat/indictrans2-indic-en-1B"",""decoding"":""beam search, no sampling; reproducibility limited to pinned environment/hardware"",""device"":""cpu"",""revision"":""ac3daf0ecd37be3b6957764a9179ab2b07fa9d6a"",""seed"":20260912,""torch_version"":""2.14.0+cpu""}"
record:63ff45942b707feb242252edc78f16bf17886103af8e937812e21ad33db1474a,1022688317417168896,indictrans2,ai4bharat/indictrans2-indic-en-1B,ai4bharat/indictrans2-indic-en-1B,Traffic Alert A tree has fallen at Qutubgarh Chowk affecting traffic. Please avoid using this route.,SUCCESS,2026-09-12T17:13:55.520863+00:00,20260912_blind_v5,8d8f5fcab9e03c6a1dfc90d5a2bfc7a3f92959df7f202b8e9bd65a169f2d9337,0194fc856ff79426389ada542042c6ef6ca397501c4c5ff238bb85f23cacde13,9b8c19b40fce3cc84d2d0dc46f952ebb355d6572755af4d9277a4bdd5e600548,True,20.867046,,"{""actual_model"":""ai4bharat/indictrans2-indic-en-1B"",""decoding"":""beam search, no sampling; reproducibility limited to pinned environment/hardware"",""device"":""cpu"",""revision"":""ac3daf0ecd37be3b6957764a9179ab2b07fa9d6a"",""seed"":20260912,""torch_version"":""2.14.0+cpu""}"
record:640d20d0d61979ad65de958d07403395179e2ffe6aeed67ee81191ad4b43a8b5,919871036027322368,indictrans2,ai4bharat/indictrans2-indic-en-1B,ai4bharat/indictrans2-indic-en-1B,Traffic Alert Major Suresh Marg Traffic will be affected from Mayapuri to Rajouri Garden (both carriageways) due to fire at Marble Market.,SUCCESS,2026-09-12T17:14:16.375543+00:00,20260912_blind_v5,8d8f5fcab9e03c6a1dfc90d5a2bfc7a3f92959df7f202b8e9bd65a169f2d9337,b05db3f42093b16ca66034f726b58ab52c028ee48cb534bad619c0503eb87ef4,16e46f44ec4d993daba44d685b02f3d4557d15fa33ea598699dcc2d730ddcece,True,34.210887,,"{""actual_model"":""ai4bharat/indictrans2-indic-en-1B"",""decoding"":""beam search, no sampling; reproducibility limited to pinned environment/hardware"",""device"":""cpu"",""revision"":""ac3daf0ecd37be3b6957764a9179ab2b07fa9d6a"",""seed"":20260912,""torch_version"":""2.14.0+cpu""}"
record:64ec63a554c08a303c531371390acf6ee4e8a8b6116111a6881074412dbfdc5a,1072703669207007232,indictrans2,ai4bharat/indictrans2-indic-en-1B,ai4bharat/indictrans2-indic-en-1B,"Traffic Alert: Sewer work is going on in the route from RTR Red Light to the airport, traffic will be affected.",SUCCESS,2026-09-12T17:14:50.597681+00:00,20260912_blind_v5,8d8f5fcab9e03c6a1dfc90d5a2bfc7a3f92959df7f202b8e9bd65a169f2d9337,01b48211b346a21fdcaae9e826d9c43e00c02237cf344f271c8e6564100add51,9eed378569f369bd65f8177bff8d9dc31bc75f68219cd61e3b51d311e6bb3da0,True,24.176926,,"{""actual_model"":""ai4bharat/indictrans2-indic-en-1B"",""decoding"":""beam search, no sampling; reproducibility limited to pinned environment/hardware"",""device"":""cpu"",""revision"":""ac3daf0ecd37be3b6957764a9179ab2b07fa9d6a"",""seed"":20260912,""torch_version"":""2.14.0+cpu""}"
record:6506e041968a6214acf502f15b8c63902c462c161dae83426940d683e355fec9,887192837619564544,indictrans2,ai4bharat/indictrans2-indic-en-1B,ai4bharat/indictrans2-indic-en-1B,"Traffic Alert: Demonstration underway at Ramlila Ground, Ranjit Singh Flyover, Tolstoy Marg, Delhi Gate, 1 / 2",SUCCESS,2026-09-12T17:15:14.776480+00:00,20260912_blind_v5,8d8f5fcab9e03c6a1dfc90d5a2bfc7a3f92959df7f202b8e9bd65a169f2d9337,43765ff3ce7485f86b7b96ca05f12be611ae4e75e69e693d2cb0516293f378df,98247d74cbf0f1293ff1ae711d5cee6c8db51ce11ce5463ca8442cf047632e6d,True,9.879995,,"{""actual_model"":""ai4bharat/indictrans2-indic-en-1B"",""decoding"":""beam search, no sampling; reproducibility limited to pinned environment/hardware"",""device"":""cpu"",""revision"":""ac3daf0ecd37be3b6957764a9179ab2b07fa9d6a"",""seed"":20260912,""torch_version"":""2.14.0+cpu""}"
record:654777e3e153716080ee162cf27f817c2a8f1cdeff41a487ee1eed8f8a1decbe,1068392751803195394,indictrans2,ai4bharat/indictrans2-indic-en-1B,ai4bharat/indictrans2-indic-en-1B,"Traffic Alert All India Kisan Sangharsh Coordination Committee march has now reached Parliament Street (near Police Station) Traffic is now normal at Ramlila Maidan, Jawaharlal Nehru Marg, Guru Nanak Chowk, Ranjit Singh Flyover, Barakhamba Chowk.",SUCCESS,2026-09-12T17:15:24.656495+00:00,20260912_blind_v5,8d8f5fcab9e03c6a1dfc90d5a2bfc7a3f92959df7f202b8e9bd65a169f2d9337,dcbfdff73c4aee04b8ff2fd2a6b00a7a3c4a5ccc842fa7c68218392b7c971c61,62ec3a2b4cfdffce2a1f70e9e8a76d733f5f3e7b4f77c62cc4ca47c45099d3d2,True,11.458993,,"{""actual_model"":""ai4bharat/indictrans2-indic-en-1B"",""decoding"":""beam search, no sampling; reproducibility limited to pinned environment/hardware"",""device"":""cpu"",""revision"":""ac3daf0ecd37be3b6957764a9179ab2b07fa9d6a"",""seed"":20260912,""torch_version"":""2.14.0+cpu""}"
record:657ba968cc5ff2a31a7f8f4b2d63db845d110e12fbf2bdb426d176d24e8a0bef,1050017683113152512,indictrans2,ai4bharat/indictrans2-indic-en-1B,ai4bharat/indictrans2-indic-en-1B,Traffic Alert Ram Barat Shobha Yatra which will start from Chandni Chowk and go to Ramlila Ground and come back from Ramlila Ground to Chandni Chowk. The route is as follows - 2 / 1,SUCCESS,2026-09-12T17:15:36.115869+00:00,20260912_blind_v5,8d8f5fcab9e03c6a1dfc90d5a2bfc7a3f92959df7f202b8e9bd65a169f2d9337,37acb83c7f6eadefaa5c7e345a696ded65ba7acd1bc0c742a4d865d20612fb43,593162142dfd5de8cac2aaab6ef46a55befd84508a3958e430f2069fc73925ca,True,19.796514,,"{""actual_model"":""ai4bharat/indictrans2-indic-en-1B"",""decoding"":""beam search, no sampling; reproducibility limited to pinned environment/hardware"",""device"":""cpu"",""revision"":""ac3daf0ecd37be3b6957764a9179ab2b07fa9d6a"",""seed"":20260912,""torch_version"":""2.14.0+cpu""}"
record:657f2a278d5d3fd3128588a03689d90f522f00e850b55e2df1c3905dd852d626,1123217990789373952,indictrans2,ai4bharat/indictrans2-indic-en-1B,ai4bharat/indictrans2-indic-en-1B,"Traffic Alert A tree has fallen near Narela Bazar on Narela-Alipur Road, traffic is disrupted.",SUCCESS,2026-09-12T17:15:55.910241+00:00,20260912_blind_v5,8d8f5fcab9e03c6a1dfc90d5a2bfc7a3f92959df7f202b8e9bd65a169f2d9337,2560087624f15beab1992d76bb450d0083a22f825ede40abb0ef845240a4bb4d,e46b06c88f05f7eb1e7e1f8bd1141e74d2522053a8795487654bb083aa1a43f6,True,23.358662,,"{""actual_model"":""ai4bharat/indictrans2-indic-en-1B"",""decoding"":""beam search, no sampling; reproducibility limited to pinned environment/hardware"",""device"":""cpu"",""revision"":""ac3daf0ecd37be3b6957764a9179ab2b07fa9d6a"",""seed"":20260912,""torch_version"":""2.14.0+cpu""}"
record:6598c8efeba7b3c26cf0d1c62f6403e0a2ef2fc4b7641ac5a0513f65a835ee33,619786969623695360,indictrans2,ai4bharat/indictrans2-indic-en-1B,ai4bharat/indictrans2-indic-en-1B,Traffic Alert Traffic is affected due to waterlogging on Rajapuri Road No. 21. Sorry for the inconvenience.,SUCCESS,2026-09-12T17:16:19.269646+00:00,20260912_blind_v5,8d8f5fcab9e03c6a1dfc90d5a2bfc7a3f92959df7f202b8e9bd65a169f2d9337,e6b24657ac3fab9bdde010a76ee315ee2d46971cd91ad89c5e12ca2edcff7e1c,ca77866c6f32e18dd21085c57fa308c1f473849432e4ed5d500df5a66da8a651,True,24.618241,,"{""actual_model"":""ai4bharat/indictrans2-indic-en-1B"",""decoding"":""beam search, no sampling; reproducibility limited to pinned environment/hardware"",""device"":""cpu"",""revision"":""ac3daf0ecd37be3b6957764a9179ab2b07fa9d6a"",""seed"":20260912,""torch_version"":""2.14.0+cpu""}"
record:6611daf7a7e623fa18bc64bbae12ff89546b5042e645c9bf103437bfaec487eb,584254463549939712,indictrans2,ai4bharat/indictrans2-indic-en-1B,ai4bharat/indictrans2-indic-en-1B,Traffic Alert Traffic is disrupted due to waterlogging on the road in front of MCD office which goes from Pahad\ u093C to Bad\ u093C Hindu Rao.,SUCCESS,2026-09-12T17:16:43.886514+00:00,20260912_blind_v5,8d8f5fcab9e03c6a1dfc90d5a2bfc7a3f92959df7f202b8e9bd65a169f2d9337,2b1c1cf693aadecc76e98493ace6edf0c6b5291b94f8198fa6468b8652f02669,13fea3ba61ed8cd293e47950cba4c0e5198e38ed665de71cebb94d74b76ab6bf,True,69.112514,,"{""actual_model"":""ai4bharat/indictrans2-indic-en-1B"",""decoding"":""beam search, no sampling; reproducibility limited to pinned environment/hardware"",""device"":""cpu"",""revision"":""ac3daf0ecd37be3b6957764a9179ab2b07fa9d6a"",""seed"":20260912,""torch_version"":""2.14.0+cpu""}"
record:66b414368e2cd84e0407dc2ce37587a9f8305957ad469a20c5743233094215fa,816309525128978433,indictrans2,ai4bharat/indictrans2-indic-en-1B,ai4bharat/indictrans2-indic-en-1B,Traffic Alert Delhi Jal Board work will be done under Patel Nagar Metro Station tonight (11 PM to 5 AM) due to which Patel Road will be closed.,SUCCESS,2026-09-12T17:17:53.003960+00:00,20260912_blind_v5,8d8f5fcab9e03c6a1dfc90d5a2bfc7a3f92959df7f202b8e9bd65a169f2d9337,93a7ecb81e474ad8911c7af7f4c7681908cf05e0fe0c9435636dd3ca7e0829bb,e0df3bdb49cf0dc5f023180c21c643368a057baf4ecc271ac361b9c2ce90cf10,True,31.982885,,"{""actual_model"":""ai4bharat/indictrans2-indic-en-1B"",""decoding"":""beam search, no sampling; reproducibility limited to pinned environment/hardware"",""device"":""cpu"",""revision"":""ac3daf0ecd37be3b6957764a9179ab2b07fa9d6a"",""seed"":20260912,""torch_version"":""2.14.0+cpu""}"
record:66b6bc072a63f8cacfc36b9d96e744d2a7276c3c38108f402b6043fe614dcee4,1031143492565655552,indictrans2,ai4bharat/indictrans2-indic-en-1B,ai4bharat/indictrans2-indic-en-1B,Traffic Alert Traffic is affected due to waterlogging near Tivoli Garden on Chhatarpur Road!,SUCCESS,2026-09-12T17:18:24.983415+00:00,20260912_blind_v5,8d8f5fcab9e03c6a1dfc90d5a2bfc7a3f92959df7f202b8e9bd65a169f2d9337,175af6ef9a5c6646d718f42e4b2fe225c316e4046b049508139ffbabadd1989e,90d649b86cbfdf4a7f44038909364f2888426a635d5f716f42ec6c881a8b9292,True,15.885476,,"{""actual_model"":""ai4bharat/indictrans2-indic-en-1B"",""decoding"":""beam search, no sampling; reproducibility limited to pinned environment/hardware"",""device"":""cpu"",""revision"":""ac3daf0ecd37be3b6957764a9179ab2b07fa9d6a"",""seed"":20260912,""torch_version"":""2.14.0+cpu""}"
record:66f57e52c753c42d66afa4925ea48c2cedbc04393414209d9bc21fe2f3299dd5,803906475173154816,indictrans2,ai4bharat/indictrans2-indic-en-1B,ai4bharat/indictrans2-indic-en-1B,"Traffic Alert Due to heavy traffic at Barf Khana Chowk, 1 / 2 going to Hindu Rao Hospital and Barf Khana from Rajpura Road",SUCCESS,2026-09-12T17:18:40.869613+00:00,20260912_blind_v5,8d8f5fcab9e03c6a1dfc90d5a2bfc7a3f92959df7f202b8e9bd65a169f2d9337,61bc51a187962cc9765479ac4fb3d7547d2acfd2d3555251c1df58093d5e1b9c,6e287f83ae44288e912db7604ac62aca39bc6e142df594eeaedc8c59b2eb8027,True,27.200793,,"{""actual_model"":""ai4bharat/indictrans2-indic-en-1B"",""decoding"":""beam search, no sampling; reproducibility limited to pinned environment/hardware"",""device"":""cpu"",""revision"":""ac3daf0ecd37be3b6957764a9179ab2b07fa9d6a"",""seed"":20260912,""torch_version"":""2.14.0+cpu""}"
record:672b4f7eea07218ffaae3a68498ccf3c2f9d8e11a1055c391821c1880123efff,850535883778531328,indictrans2,ai4bharat/indictrans2-indic-en-1B,ai4bharat/indictrans2-indic-en-1B,"Traffic Alert The MCD's road repair work at Barf Khana Chowk will last for 15 days, due to which Sarai Phoos Road 1 / 2, which goes from Khanna Market to Barf Khana, will be closed.",SUCCESS,2026-09-12T17:19:08.072458+00:00,20260912_blind_v5,8d8f5fcab9e03c6a1dfc90d5a2bfc7a3f92959df7f202b8e9bd65a169f2d9337,0dd470720249055c1e1cfc4eeba2426bd385fd218be5bf74748a9f53e771482f,9a1dc592f19bca8dc70fc7832fc3fbcaf195d3c74fa0561519fdce331891105f,True,37.365179,,"{""actual_model"":""ai4bharat/indictrans2-indic-en-1B"",""decoding"":""beam search, no sampling; reproducibility limited to pinned environment/hardware"",""device"":""cpu"",""revision"":""ac3daf0ecd37be3b6957764a9179ab2b07fa9d6a"",""seed"":20260912,""torch_version"":""2.14.0+cpu""}"
record:673176211d9cefe170bd5f56a47cc41ff4becdbc398fb6223896b51f3dd20fb6,987600089228001280,indictrans2,ai4bharat/indictrans2-indic-en-1B,ai4bharat/indictrans2-indic-en-1B,"Traffic Alert: Traffic has been diverted at Begum Pur village turn (Near Hauz Khas) due to sewer line work, due to which traffic is disrupted.",SUCCESS,2026-09-12T17:19:45.437720+00:00,20260912_blind_v5,8d8f5fcab9e03c6a1dfc90d5a2bfc7a3f92959df7f202b8e9bd65a169f2d9337,e240c5af07accbf2c7f18594e5df46cbf3816f325db30fbd4f1ebda994ad0177,724ec2ebd043905e80ebef9906b4a4a956994aa15537c209624161e270496bd1,True,29.456369,,"{""actual_model"":""ai4bharat/indictrans2-indic-en-1B"",""decoding"":""beam search, no sampling; reproducibility limited to pinned environment/hardware"",""device"":""cpu"",""revision"":""ac3daf0ecd37be3b6957764a9179ab2b07fa9d6a"",""seed"":20260912,""torch_version"":""2.14.0+cpu""}"
record:6735f16ee5e137964d44c22bf51e8baa570a69858c63f4e8770b4b3422e2fa20,619788353970548736,indictrans2,ai4bharat/indictrans2-indic-en-1B,ai4bharat/indictrans2-indic-en-1B,Traffic Alert Traffic is disrupted due to waterlogging at Pul Prahladpur red light. Sorry for the inconvenience.,SUCCESS,2026-09-12T17:20:14.894862+00:00,20260912_blind_v5,8d8f5fcab9e03c6a1dfc90d5a2bfc7a3f92959df7f202b8e9bd65a169f2d9337,5342c1b51a3a4a018be3ddac895adcb55d9fab1ec2b2eab081dceed71ca44cfa,0591940f044263cec44d67a6750d8f9be57ceea371ec91e72b425391483ba64e,True,20.495452,,"{""actual_model"":""ai4bharat/indictrans2-indic-en-1B"",""decoding"":""beam search, no sampling; reproducibility limited to pinned environment/hardware"",""device"":""cpu"",""revision"":""ac3daf0ecd37be3b6957764a9179ab2b07fa9d6a"",""seed"":20260912,""torch_version"":""2.14.0+cpu""}"
record:67759cd2bcc0ed91f182cb44cfbd6793955b7c75e4bb1234518da32d9c65b612,928839054090690560,indictrans2,ai4bharat/indictrans2-indic-en-1B,ai4bharat/indictrans2-indic-en-1B,"Traffic Alert: Diesel is scattered between Ashram to Lajpat Nagar flyover, vehicles are slipping, please avoid this route.",SUCCESS,2026-09-12T17:20:35.388338+00:00,20260912_blind_v5,8d8f5fcab9e03c6a1dfc90d5a2bfc7a3f92959df7f202b8e9bd65a169f2d9337,47a03a5542e22848ab5986f6de520e7ee7c0eec0be55d44d0cf0ee45aa9086a5,6b62a78b5b7dd223e5e0070bb4ced416ea3c4f31912bf348d545950c3b21dc78,True,24.214612,,"{""actual_model"":""ai4bharat/indictrans2-indic-en-1B"",""decoding"":""beam search, no sampling; reproducibility limited to pinned environment/hardware"",""device"":""cpu"",""revision"":""ac3daf0ecd37be3b6957764a9179ab2b07fa9d6a"",""seed"":20260912,""torch_version"":""2.14.0+cpu""}"
record:679173c161f040d17e431a29377b5497585dfdbb239ed80dfee78a80dbf04891,1009278604650471424,indictrans2,ai4bharat/indictrans2-indic-en-1B,ai4bharat/indictrans2-indic-en-1B,"Traffic Alert Due to a crack on the Durgapuri Flyover, traffic is disrupted on the route from Durgapuri to GTB Hospital.",SUCCESS,2026-09-12T17:20:59.606111+00:00,20260912_blind_v5,8d8f5fcab9e03c6a1dfc90d5a2bfc7a3f92959df7f202b8e9bd65a169f2d9337,dd0963da722b2f98cc51fa196d0a74e3e3814ea97c6fd5423b2741426b909218,39e2317018e25048f0dd18e285037736517d4b04a14d2434823f3ba2f495c195,True,23.828799,,"{""actual_model"":""ai4bharat/indictrans2-indic-en-1B"",""decoding"":""beam search, no sampling; reproducibility limited to pinned environment/hardware"",""device"":""cpu"",""revision"":""ac3daf0ecd37be3b6957764a9179ab2b07fa9d6a"",""seed"":20260912,""torch_version"":""2.14.0+cpu""}"
record:67a24cde596615b95d58bc0087194430e61be434be4215867dccc209ccb8f76c,789667261506211844,indictrans2,ai4bharat/indictrans2-indic-en-1B,ai4bharat/indictrans2-indic-en-1B,Traffic Alert Traffic from Khajuri to Wazirabad is being one way today from 08.00 AM to 10.00 AM and across Yamuna 1 / 2,SUCCESS,2026-09-12T17:21:23.434068+00:00,20260912_blind_v5,8d8f5fcab9e03c6a1dfc90d5a2bfc7a3f92959df7f202b8e9bd65a169f2d9337,960e988c0e681b66d46ae003d3cbbfa321480d465f4d4f0273abdff69c5e3c98,8a882812b6d40c6daf391accb53f60604686896bbd91b70e1c7447bb1c60f5d4,True,33.775914,,"{""actual_model"":""ai4bharat/indictrans2-indic-en-1B"",""decoding"":""beam search, no sampling; reproducibility limited to pinned environment/hardware"",""device"":""cpu"",""revision"":""ac3daf0ecd37be3b6957764a9179ab2b07fa9d6a"",""seed"":20260912,""torch_version"":""2.14.0+cpu""}"
record:67d6271e6d2344cd5def5075e62c8f542b08345fe48e3e3b2b269f137c653241,1040963717490520064,indictrans2,ai4bharat/indictrans2-indic-en-1B,ai4bharat/indictrans2-indic-en-1B,"Traffic Alert A car has caught fire near Telco T-point on the road from Ghazipur to Anand Vihar, due to which traffic is blocked.",SUCCESS,2026-09-12T17:21:57.209775+00:00,20260912_blind_v5,8d8f5fcab9e03c6a1dfc90d5a2bfc7a3f92959df7f202b8e9bd65a169f2d9337,dd43e599f6383cb33f16145fa5de68616e73f9ec14dec44003071dcdbc250325,3910c5f15f9b9ce728436bf083c3ccf5ed81726fcd6301806a9f9b8ae80c7ac7,True,28.068338,,"{""actual_model"":""ai4bharat/indictrans2-indic-en-1B"",""decoding"":""beam search, no sampling; reproducibility limited to pinned environment/hardware"",""device"":""cpu"",""revision"":""ac3daf0ecd37be3b6957764a9179ab2b07fa9d6a"",""seed"":20260912,""torch_version"":""2.14.0+cpu""}"
record:67fa2fbf8500bc5f0e421f8013410650cefbe38d29594f19c4a434f732ffe911,1093386879162957824,indictrans2,ai4bharat/indictrans2-indic-en-1B,ai4bharat/indictrans2-indic-en-1B,"Traffic Alert Due to the sit-in protest, traffic on Red Fort and Nishad Raj Marg has been disrupted.Nishad Raj Marg traffic has been closed from Chhatra Rail and traffic has been diverted from Nishad Raj Marg towards Ring Road, Hanuman Mandir.",SUCCESS,2026-09-12T17:22:25.278685+00:00,20260912_blind_v5,8d8f5fcab9e03c6a1dfc90d5a2bfc7a3f92959df7f202b8e9bd65a169f2d9337,51ff3eb5073ca155b120ce582b79af1b861e4ea8b1ce67c51cf483acc7a4bb04,602b23aef664b312fe0f81df2515a1d4eb2d0af9b3f42c93c320d55a3c51b56a,True,35.874335,,"{""actual_model"":""ai4bharat/indictrans2-indic-en-1B"",""decoding"":""beam search, no sampling; reproducibility limited to pinned environment/hardware"",""device"":""cpu"",""revision"":""ac3daf0ecd37be3b6957764a9179ab2b07fa9d6a"",""seed"":20260912,""torch_version"":""2.14.0+cpu""}"
record:68244a3f3e46608b52dcf3174b36ffdd34305c17bab8430f6604011b99f8f9ff,1118194758675910662,indictrans2,ai4bharat/indictrans2-indic-en-1B,ai4bharat/indictrans2-indic-en-1B,"Traffic Alert From 12.00 tonight to 04.00 in the morning, the work of foot over bridge in front of Dhaula Kuan metro station on the way from New Delhi to Gurugram will be done, due to which traffic has been diverted.",SUCCESS,2026-09-12T17:23:01.152104+00:00,20260912_blind_v5,8d8f5fcab9e03c6a1dfc90d5a2bfc7a3f92959df7f202b8e9bd65a169f2d9337,9f0cc99e4c3ce507ef980b71b137d61b8fb5c927c41fadf82ba27fa4b491885f,180b5d20c337f9735e24c7cec08af8bfc698b821a19bebc846954266bd6cf76c,True,35.471979,,"{""actual_model"":""ai4bharat/indictrans2-indic-en-1B"",""decoding"":""beam search, no sampling; reproducibility limited to pinned environment/hardware"",""device"":""cpu"",""revision"":""ac3daf0ecd37be3b6957764a9179ab2b07fa9d6a"",""seed"":20260912,""torch_version"":""2.14.0+cpu""}"
record:687d4d98f94f3e5ebd0fa7c7aff01bc84925f7abfadfccc5c5e47050052415b8,1063975255956434944,indictrans2,ai4bharat/indictrans2-indic-en-1B,ai4bharat/indictrans2-indic-en-1B,"Traffic Alert: The road from Moti Bagh towards RTR has been dug up by Delhi Jal Board, due to which traffic is affected.",SUCCESS,2026-09-12T17:23:36.617155+00:00,20260912_blind_v5,8d8f5fcab9e03c6a1dfc90d5a2bfc7a3f92959df7f202b8e9bd65a169f2d9337,fe2bcc98547067d4324a23ff426d464e84fb2ed4bb50d6271b77d8ea4c941d48,6c3b26da8e7bacc388986de49e53647720675171d26f12c46d9ed06e34320f8a,True,22.731738,,"{""actual_model"":""ai4bharat/indictrans2-indic-en-1B"",""decoding"":""beam search, no sampling; reproducibility limited to pinned environment/hardware"",""device"":""cpu"",""revision"":""ac3daf0ecd37be3b6957764a9179ab2b07fa9d6a"",""seed"":20260912,""torch_version"":""2.14.0+cpu""}"
record:6923336339633ffd5f2b40882cad704e30166a62eec1509a31fe15f0d08057b5,847312330018897920,indictrans2,ai4bharat/indictrans2-indic-en-1B,ai4bharat/indictrans2-indic-en-1B,"Traffic Alert The road from Mithapur to Faridabad is cemented, so use Mathura Road. Sorry for the inconvenience.",SUCCESS,2026-09-12T17:23:59.359112+00:00,20260912_blind_v5,8d8f5fcab9e03c6a1dfc90d5a2bfc7a3f92959df7f202b8e9bd65a169f2d9337,982b8115747df166ab819d4a4b875075da531cf0464950806584a9fd290a01db,6f512620828d52450c16e56dcad048e9dd33b5e95a4afa4d180b1533ef5f11d4,True,19.823409,,"{""actual_model"":""ai4bharat/indictrans2-indic-en-1B"",""decoding"":""beam search, no sampling; reproducibility limited to pinned environment/hardware"",""device"":""cpu"",""revision"":""ac3daf0ecd37be3b6957764a9179ab2b07fa9d6a"",""seed"":20260912,""torch_version"":""2.14.0+cpu""}"
record:693a6d1a2e8d019b4682004f2c869cb393151ca7a6ec2badb8b6093400cad64b,1048212815713095681,indictrans2,ai4bharat/indictrans2-indic-en-1B,ai4bharat/indictrans2-indic-en-1B,"Traffic Alert Bridge work is going on at DSIDC road, due to which one side road from New Anaj Mandi Gate to Raja Harishchandra Hospital has been closed.",SUCCESS,2026-09-12T17:24:19.181654+00:00,20260912_blind_v5,8d8f5fcab9e03c6a1dfc90d5a2bfc7a3f92959df7f202b8e9bd65a169f2d9337,3262d5cacc3cbd7257a665ec6291016441a33cdce36f464ae4e32a55a4b30a57,d1d55d4e82ac41cd033f972fe0bdff9605ae5aa856f0bc8f565d94dcf94ec8c1,True,29.295756,,"{""actual_model"":""ai4bharat/indictrans2-indic-en-1B"",""decoding"":""beam search, no sampling; reproducibility limited to pinned environment/hardware"",""device"":""cpu"",""revision"":""ac3daf0ecd37be3b6957764a9179ab2b07fa9d6a"",""seed"":20260912,""torch_version"":""2.14.0+cpu""}"
record:69435319597519956092b6c58ffb113569d29346de7d79251954222048eb7128,923508883045302272,indictrans2,ai4bharat/indictrans2-indic-en-1B,ai4bharat/indictrans2-indic-en-1B,Traffic Alert Traffic coming from Tronica City has been diverted from Samaspur due to Chhath Puja!,SUCCESS,2026-09-12T17:24:48.465588+00:00,20260912_blind_v5,8d8f5fcab9e03c6a1dfc90d5a2bfc7a3f92959df7f202b8e9bd65a169f2d9337,936b2698faf0b39365e730878613666fc8d1206e7be6fb671c12c1d3844fbfe6,96fc2002ca342753856962f6df1d3acca1165838b6c9fcbf972cf6a72ab57ed1,True,17.98502,,"{""actual_model"":""ai4bharat/indictrans2-indic-en-1B"",""decoding"":""beam search, no sampling; reproducibility limited to pinned environment/hardware"",""device"":""cpu"",""revision"":""ac3daf0ecd37be3b6957764a9179ab2b07fa9d6a"",""seed"":20260912,""torch_version"":""2.14.0+cpu""}"
record:6944ee75faf2f3e83b861c3a5e01feee850c3ae8808eb72e99decdc5b77b892d,630316752589746176,indictrans2,ai4bharat/indictrans2-indic-en-1B,ai4bharat/indictrans2-indic-en-1B,Traffic Alert Rao Tula Ram Marg Ped\ u093C has been removed Traffic is normal now.,SUCCESS,2026-09-12T17:25:06.464253+00:00,20260912_blind_v5,8d8f5fcab9e03c6a1dfc90d5a2bfc7a3f92959df7f202b8e9bd65a169f2d9337,47b5a2efb1afb215bcea719172d0e6918d8739057f2d6ec8c52bd80251920a73,83ed04dc7ba53d26f4ef85421ee48fc8d6f1448da7dd80b3188c20c8eba1c41b,True,16.712976,,"{""actual_model"":""ai4bharat/indictrans2-indic-en-1B"",""decoding"":""beam search, no sampling; reproducibility limited to pinned environment/hardware"",""device"":""cpu"",""revision"":""ac3daf0ecd37be3b6957764a9179ab2b07fa9d6a"",""seed"":20260912,""torch_version"":""2.14.0+cpu""}"
record:6990c223fd43c839beb25f991bca5dd3e4f7c3476d7ae82542568938e04e9eca,1095634424224407552,indictrans2,ai4bharat/indictrans2-indic-en-1B,ai4bharat/indictrans2-indic-en-1B,"Traffic Alert: There is an exhibition at NSIC Ground on the way from Kalkaji Mandir to Kalkaji Depot, due to which traffic is affected here.",SUCCESS,2026-09-12T17:25:23.165537+00:00,20260912_blind_v5,8d8f5fcab9e03c6a1dfc90d5a2bfc7a3f92959df7f202b8e9bd65a169f2d9337,20cc0d924b894a6968b1a7d45138d3bb33880e3a631d46568b5472e379716a2b,e96b769b5793dd101456c9b6a6cbb60c384e1f96350414a9401a50c6e4a5dd87,True,28.442812,,"{""actual_model"":""ai4bharat/indictrans2-indic-en-1B"",""decoding"":""beam search, no sampling; reproducibility limited to pinned environment/hardware"",""device"":""cpu"",""revision"":""ac3daf0ecd37be3b6957764a9179ab2b07fa9d6a"",""seed"":20260912,""torch_version"":""2.14.0+cpu""}"
record:699efef31dbd79dbe70f100d67714ff6e39b2d5d956ab0ca5252a852e78dc8f2,837156765179527168,indictrans2,ai4bharat/indictrans2-indic-en-1B,ai4bharat/indictrans2-indic-en-1B,Traffic will be heavy on all roads adjacent to Ashoka Road due to the Traffic Alert display.,SUCCESS,2026-09-12T17:25:51.616423+00:00,20260912_blind_v5,8d8f5fcab9e03c6a1dfc90d5a2bfc7a3f92959df7f202b8e9bd65a169f2d9337,f3f83b0efeb36b0020d31cbf671c9cf6d3cf81ca78de819c87eebb943d47d0f4,801267b49dd1ac85dfbecb13ec602b538d63d61e2411ce67ab376aeb5f256ccd,True,15.346547,,"{""actual_model"":""ai4bharat/indictrans2-indic-en-1B"",""decoding"":""beam search, no sampling; reproducibility limited to pinned environment/hardware"",""device"":""cpu"",""revision"":""ac3daf0ecd37be3b6957764a9179ab2b07fa9d6a"",""seed"":20260912,""torch_version"":""2.14.0+cpu""}"
record:69ae9d41850fcc4d90d4c7386b5600398815d6716dd772dc8eaefa3fb6eb3473,570441986328678400,indictrans2,ai4bharat/indictrans2-indic-en-1B,ai4bharat/indictrans2-indic-en-1B,Parliament Street will be closed due to the Traffic Alert demonstration and traffic will be heavy on Ashoka Road\ u093C. Sorry for the inconvenience.,SUCCESS,2026-09-12T17:26:06.967176+00:00,20260912_blind_v5,8d8f5fcab9e03c6a1dfc90d5a2bfc7a3f92959df7f202b8e9bd65a169f2d9337,29d365bf22736de019632f2394fba3d715e84bc54a5a02209319481df020e931,964c7a3f94892bc991b94b9c3d21ae922354290781302c37bd5df1a691740061,True,28.961357,,"{""actual_model"":""ai4bharat/indictrans2-indic-en-1B"",""decoding"":""beam search, no sampling; reproducibility limited to pinned environment/hardware"",""device"":""cpu"",""revision"":""ac3daf0ecd37be3b6957764a9179ab2b07fa9d6a"",""seed"":20260912,""torch_version"":""2.14.0+cpu""}"
record:6a47e5b2dad0e8e36b4ca08e0762fe5606c93511b2e910df82795d3441ab5240,786209310451703808,indictrans2,ai4bharat/indictrans2-indic-en-1B,ai4bharat/indictrans2-indic-en-1B,"PART 1 / 2.. Traffic Alert 1.सिन्धु Large vehicles (HTVs) coming from border to Mukarba Chowk going to Jahangirpuri on Outer Ring Road will be diverted at Mukundpur, ISBT.",SUCCESS,2026-09-12T17:26:35.930535+00:00,20260912_blind_v5,8d8f5fcab9e03c6a1dfc90d5a2bfc7a3f92959df7f202b8e9bd65a169f2d9337,8c02bbabcb2eff9054171caef17bcb3d71e18780098ad310ea904c7c08d60f2e,fa02fe8604c1cd35cb61ae62038777089b0c917f3686c5b82795efb8ea55e797,True,72.399858,,"{""actual_model"":""ai4bharat/indictrans2-indic-en-1B"",""decoding"":""beam search, no sampling; reproducibility limited to pinned environment/hardware"",""device"":""cpu"",""revision"":""ac3daf0ecd37be3b6957764a9179ab2b07fa9d6a"",""seed"":20260912,""torch_version"":""2.14.0+cpu""}"
record:6a5adcff2ba7cc75b6682f61bd294a378fe08f8ad8b2a7b0da94a09bde5f8b33,1022675850574082048,indictrans2,ai4bharat/indictrans2-indic-en-1B,ai4bharat/indictrans2-indic-en-1B,Traffic Alert Badarpur to Ashram Traffic is affected due to waterlogging please avoid using this route!,SUCCESS,2026-09-12T17:27:48.331203+00:00,20260912_blind_v5,8d8f5fcab9e03c6a1dfc90d5a2bfc7a3f92959df7f202b8e9bd65a169f2d9337,39bc3b57c81c83bc6c7c87afaf916544cfda64a9b1921753e5947b03ce6ee5be,737d0fbb76143dbc68c5a2e4bd1c9342a5015a9307cd5656c24e3b644951fe5a,True,33.707907,,"{""actual_model"":""ai4bharat/indictrans2-indic-en-1B"",""decoding"":""beam search, no sampling; reproducibility limited to pinned environment/hardware"",""device"":""cpu"",""revision"":""ac3daf0ecd37be3b6957764a9179ab2b07fa9d6a"",""seed"":20260912,""torch_version"":""2.14.0+cpu""}"
record:6aa7eb83dddd44a57ab4bb5636d258d847768f32d6f5d9e73f5755fd5f3e851e,1106187994099146752,indictrans2,ai4bharat/indictrans2-indic-en-1B,ai4bharat/indictrans2-indic-en-1B,"Traffic Alert Due to a program at Hindu College, traffic is blocked from Chobarja Chowk towards University Road.",SUCCESS,2026-09-12T17:28:22.039440+00:00,20260912_blind_v5,8d8f5fcab9e03c6a1dfc90d5a2bfc7a3f92959df7f202b8e9bd65a169f2d9337,16783db6ce30ccad3ace671ed1fee59d7b23cc4ee758fe2b7e3fd35d005314f1,b86ffa4c91486624f6ff4cf52562c8e1d8d44aa076337b46d00d522ca7174e73,True,19.277656,,"{""actual_model"":""ai4bharat/indictrans2-indic-en-1B"",""decoding"":""beam search, no sampling; reproducibility limited to pinned environment/hardware"",""device"":""cpu"",""revision"":""ac3daf0ecd37be3b6957764a9179ab2b07fa9d6a"",""seed"":20260912,""torch_version"":""2.14.0+cpu""}"
record:6bc2c8d3a0ff977337379d72c735b0b8425a8f10010bcda0808316c449ad7e03,898058358178983936,indictrans2,ai4bharat/indictrans2-indic-en-1B,ai4bharat/indictrans2-indic-en-1B,Traffic Alert Work is underway to remove MCD encroachments on the road from Azad Market to Beri Wala Bagh. 2 / 1,SUCCESS,2026-09-12T17:28:41.318352+00:00,20260912_blind_v5,8d8f5fcab9e03c6a1dfc90d5a2bfc7a3f92959df7f202b8e9bd65a169f2d9337,74fe9b53d287c2f68ba322b1267ea0cefef32c84458fdda402b2bc9da195b257,7766ffb452ea550241c210103ca54137c942280c823616201c0271af5128feca,True,36.809451,,"{""actual_model"":""ai4bharat/indictrans2-indic-en-1B"",""decoding"":""beam search, no sampling; reproducibility limited to pinned environment/hardware"",""device"":""cpu"",""revision"":""ac3daf0ecd37be3b6957764a9179ab2b07fa9d6a"",""seed"":20260912,""torch_version"":""2.14.0+cpu""}"
record:6c474cb6ce5faf05094763b4f6510019bf1c3b660714fafb1388c9a36ecc1206,1064747363628023808,indictrans2,ai4bharat/indictrans2-indic-en-1B,ai4bharat/indictrans2-indic-en-1B,"Traffic Alert A car was damaged on Loop Road en route from DND to Ashram Flyover, it has been removed.",SUCCESS,2026-09-12T17:29:18.128366+00:00,20260912_blind_v5,8d8f5fcab9e03c6a1dfc90d5a2bfc7a3f92959df7f202b8e9bd65a169f2d9337,f6386cc8f1c9491ed630caa64f04fb00914ed01a393a2f106da5fa09a39b2b08,09088fd0ed918b3a9432a00946b2c6d68454914c2f9e1eef1958ca5ba496c350,True,33.54154,,"{""actual_model"":""ai4bharat/indictrans2-indic-en-1B"",""decoding"":""beam search, no sampling; reproducibility limited to pinned environment/hardware"",""device"":""cpu"",""revision"":""ac3daf0ecd37be3b6957764a9179ab2b07fa9d6a"",""seed"":20260912,""torch_version"":""2.14.0+cpu""}"
record:6c47c102c8df248e1b64b99e15fd435d56fedd1f24cf302cf6701cfc76d0c5b2,1044411267723587585,indictrans2,ai4bharat/indictrans2-indic-en-1B,ai4bharat/indictrans2-indic-en-1B,"Traffic Alert At Maujpur Chowk, pipeline work is being done by PWD and there is also mud on the road due to rain, due to which traffic will be affected.",SUCCESS,2026-09-12T17:29:51.666469+00:00,20260912_blind_v5,8d8f5fcab9e03c6a1dfc90d5a2bfc7a3f92959df7f202b8e9bd65a169f2d9337,19db7529aeb07b3faf552da5853c5802df9b2b4b6a2d2728381d1f370f77f9a1,d5a4401f9432486f55c40dfbfa6e173b6f6bb8b28b0e937c08eae67975c40ce9,True,40.048072,,"{""actual_model"":""ai4bharat/indictrans2-indic-en-1B"",""decoding"":""beam search, no sampling; reproducibility limited to pinned environment/hardware"",""device"":""cpu"",""revision"":""ac3daf0ecd37be3b6957764a9179ab2b07fa9d6a"",""seed"":20260912,""torch_version"":""2.14.0+cpu""}"
record:6c544ffc4d8f8a2cdb3110e5dd5e729b0fe59010c5ecbe2b3257cd7c30466d92,1096450638546792448,indictrans2,ai4bharat/indictrans2-indic-en-1B,ai4bharat/indictrans2-indic-en-1B,"Traffic Alert: Road has caved in at Bhogal Flyover from Ashram Chowk to Nizamuddin, repair work of which will be carried out from 12: 00 pm to 12: 00 pm today, due to which this road will be closed. Please avoid using this road.",SUCCESS,2026-09-12T17:30:31.718158+00:00,20260912_blind_v5,8d8f5fcab9e03c6a1dfc90d5a2bfc7a3f92959df7f202b8e9bd65a169f2d9337,81a79bc0d08a207012218e81c1e6dc16b7c049985b409826162b95a82605e59e,6d86dc7666ac203cd083f1a122e8fe3088d81a0bb23cf6e1048e0ee0ff3dca81,True,73.462915,,"{""actual_model"":""ai4bharat/indictrans2-indic-en-1B"",""decoding"":""beam search, no sampling; reproducibility limited to pinned environment/hardware"",""device"":""cpu"",""revision"":""ac3daf0ecd37be3b6957764a9179ab2b07fa9d6a"",""seed"":20260912,""torch_version"":""2.14.0+cpu""}"
record:6c599739f76def6a59eb324ddeaf83f299db5c58c64c913d8c23612a2529fea3,875569483204616194,indictrans2,ai4bharat/indictrans2-indic-en-1B,ai4bharat/indictrans2-indic-en-1B,Traffic Alert A truck was damaged on the Noida Canal en route from Kalindi Kunj to Noida which has now been removed.,SUCCESS,2026-09-12T17:31:45.177667+00:00,20260912_blind_v5,8d8f5fcab9e03c6a1dfc90d5a2bfc7a3f92959df7f202b8e9bd65a169f2d9337,60e8f554aec301141c965570b34b5c2ab843588b7898b68a6e9aacf0585c7dd2,0e0e39d3d65d4b32ff6f6c3c4250a2c377400875697fea8dec207ae07d517189,True,20.551095,,"{""actual_model"":""ai4bharat/indictrans2-indic-en-1B"",""decoding"":""beam search, no sampling; reproducibility limited to pinned environment/hardware"",""device"":""cpu"",""revision"":""ac3daf0ecd37be3b6957764a9179ab2b07fa9d6a"",""seed"":20260912,""torch_version"":""2.14.0+cpu""}"
record:6c80adcca14a1046828b2814496ca6c07eb18de09355153accbb6b6d5ea35fa7,619835246763208704,indictrans2,ai4bharat/indictrans2-indic-en-1B,ai4bharat/indictrans2-indic-en-1B,Traffic Alert Traffic is affected from Raja Garden Chowk to Najafgarh\ u093C due to waterlogging. Sorry for the inconvenience.,SUCCESS,2026-09-12T17:32:05.732133+00:00,20260912_blind_v5,8d8f5fcab9e03c6a1dfc90d5a2bfc7a3f92959df7f202b8e9bd65a169f2d9337,ef19bd818f3eb9a33706fe8c1bb1e1ea54aff0dc263256d89e230b699bde1a3c,229e95542489be27b4f67f1897b2e017e92a5cc0c7e85a8158cdb20c16a01acc,True,28.235618,,"{""actual_model"":""ai4bharat/indictrans2-indic-en-1B"",""decoding"":""beam search, no sampling; reproducibility limited to pinned environment/hardware"",""device"":""cpu"",""revision"":""ac3daf0ecd37be3b6957764a9179ab2b07fa9d6a"",""seed"":20260912,""torch_version"":""2.14.0+cpu""}"
record:6cd8765f4fb1d446fec58e85d9f28e7ca11e5fc6a9a82fa7087b30523c5d9fea,595957165510230016,indictrans2,ai4bharat/indictrans2-indic-en-1B,ai4bharat/indictrans2-indic-en-1B,"Traffic Alert Faiz\ u093C Road, Desh Bandhu Gupta Road DTC bus has broken down due to which there is a lot of traffic.",SUCCESS,2026-09-12T17:32:33.965680+00:00,20260912_blind_v5,8d8f5fcab9e03c6a1dfc90d5a2bfc7a3f92959df7f202b8e9bd65a169f2d9337,b6ee3a97653987e0fd2cd18f939d8a840320cfd6cc17150ad6cb9bfda12ce7d6,7e0bdbac0c28ef7f04b1bf3ede974bf3d0ba2e89b91852ac67ec9a78de35a817,True,28.678153,,"{""actual_model"":""ai4bharat/indictrans2-indic-en-1B"",""decoding"":""beam search, no sampling; reproducibility limited to pinned environment/hardware"",""device"":""cpu"",""revision"":""ac3daf0ecd37be3b6957764a9179ab2b07fa9d6a"",""seed"":20260912,""torch_version"":""2.14.0+cpu""}"
record:6ce8d3e344e064788d0ad112dc6d7db3c14be7678984f9aea2406d891b6c8fea,863981063386705920,indictrans2,ai4bharat/indictrans2-indic-en-1B,ai4bharat/indictrans2-indic-en-1B,"Traffic Alert Disuse Canal Road, Gagan Vihar to M.B.Pusta Road for cleaning of PWD canal leading to SDM office to Khureji Chowk 1 / 2",SUCCESS,2026-09-12T17:33:02.645815+00:00,20260912_blind_v5,8d8f5fcab9e03c6a1dfc90d5a2bfc7a3f92959df7f202b8e9bd65a169f2d9337,830760be24617537baf9a9fc4d662a05b1424ee457e03177f3fc2cfaf65ff01f,aae910fbbb1d589bff25e1367eef6680426662f86ee36601a3974e9cc34676dd,True,27.338935,,"{""actual_model"":""ai4bharat/indictrans2-indic-en-1B"",""decoding"":""beam search, no sampling; reproducibility limited to pinned environment/hardware"",""device"":""cpu"",""revision"":""ac3daf0ecd37be3b6957764a9179ab2b07fa9d6a"",""seed"":20260912,""torch_version"":""2.14.0+cpu""}"
record:6d384a4676a975c129b6a1dfffeec41c7a35b98eebbbb939252f874081adeb77,883495424585105408,indictrans2,ai4bharat/indictrans2-indic-en-1B,ai4bharat/indictrans2-indic-en-1B,"Traffic Alert Four buffaloes have been found dead near Bhairon Enclave underpass on the way from Peeragarhi to Janakpuri, due to which traffic is disrupted.",SUCCESS,2026-09-12T17:33:29.982682+00:00,20260912_blind_v5,8d8f5fcab9e03c6a1dfc90d5a2bfc7a3f92959df7f202b8e9bd65a169f2d9337,6dbffbb7b5ff855c7b004063002d58e6ce3e71c6468889591f48834b222cdfce,d12611bb785013fc358ad4dd9546237a0ab57109d641f9248ac301df6ab49e49,True,31.39912,,"{""actual_model"":""ai4bharat/indictrans2-indic-en-1B"",""decoding"":""beam search, no sampling; reproducibility limited to pinned environment/hardware"",""device"":""cpu"",""revision"":""ac3daf0ecd37be3b6957764a9179ab2b07fa9d6a"",""seed"":20260912,""torch_version"":""2.14.0+cpu""}"
record:6d650b45f6d9508e22fc1b073395f03c78c2d3fba9a630c20906ece2c499d268,581743230364086272,indictrans2,ai4bharat/indictrans2-indic-en-1B,ai4bharat/indictrans2-indic-en-1B,"Traffic Alert Stores are plying on the route from Yusuf Sarai Market to AIIMS. Traffic is heavy, sorry for the inconvenience.",SUCCESS,2026-09-12T17:34:01.385499+00:00,20260912_blind_v5,8d8f5fcab9e03c6a1dfc90d5a2bfc7a3f92959df7f202b8e9bd65a169f2d9337,9aa25c766da27d24a583cd9920ee4625d5e799f5484370d0ff53411765ad43d4,dc1cce45d1c1dd1222d655f55049b9c810e9e97ddf2aebdad430579b370cbdec,True,22.279011,,"{""actual_model"":""ai4bharat/indictrans2-indic-en-1B"",""decoding"":""beam search, no sampling; reproducibility limited to pinned environment/hardware"",""device"":""cpu"",""revision"":""ac3daf0ecd37be3b6957764a9179ab2b07fa9d6a"",""seed"":20260912,""torch_version"":""2.14.0+cpu""}"
record:6d9272248805ff364f1f7fb6812db5baf4641f0e60de5853bf790eb1a9ae1503,882875442474004480,indictrans2,ai4bharat/indictrans2-indic-en-1B,ai4bharat/indictrans2-indic-en-1B,"Traffic Alert A DTC bus and HTV en route from Punjabi Bagh to Karampura met with an accident near Punjabi Bagh Flyover, 2 / 1",SUCCESS,2026-09-12T17:34:23.662327+00:00,20260912_blind_v5,8d8f5fcab9e03c6a1dfc90d5a2bfc7a3f92959df7f202b8e9bd65a169f2d9337,70e925caec07ac6cb44427d593ef3e27ef00dde6829f8041d08ceb52cbc79a1b,9967d5de1e2836083552efd04e37df243be0f09dc7f6bb1d293e7b1e7b24bb32,True,28.420703,,"{""actual_model"":""ai4bharat/indictrans2-indic-en-1B"",""decoding"":""beam search, no sampling; reproducibility limited to pinned environment/hardware"",""device"":""cpu"",""revision"":""ac3daf0ecd37be3b6957764a9179ab2b07fa9d6a"",""seed"":20260912,""torch_version"":""2.14.0+cpu""}"
record:6e3ab54dd5ec80334514e0caa08fbdb1d14d5406f7109eb37213ba7b6601b4ef,1036511295745355778,indictrans2,ai4bharat/indictrans2-indic-en-1B,ai4bharat/indictrans2-indic-en-1B,Traffic Alert Traffic on Old Patparganj Road from Mother Dairy towards Nirman Vihar is disrupted due to waterlogging on the underpass!,SUCCESS,2026-09-12T17:34:52.085920+00:00,20260912_blind_v5,8d8f5fcab9e03c6a1dfc90d5a2bfc7a3f92959df7f202b8e9bd65a169f2d9337,0f502cb3ff8ce8d31e50e1f242582debda33dc96696ecae1516b90ee6316116d,8127d44fe13b1e3e2f1cc3170212f5ec596dc7b161b2ada90e4edfa0a98d3e24,True,34.232234,,"{""actual_model"":""ai4bharat/indictrans2-indic-en-1B"",""decoding"":""beam search, no sampling; reproducibility limited to pinned environment/hardware"",""device"":""cpu"",""revision"":""ac3daf0ecd37be3b6957764a9179ab2b07fa9d6a"",""seed"":20260912,""torch_version"":""2.14.0+cpu""}"
record:6e40bf891f1df71306b4e987fd9a5529a3e77961015cb5117ca1f82fe9d98700,993853734546432000,indictrans2,ai4bharat/indictrans2-indic-en-1B,ai4bharat/indictrans2-indic-en-1B,"Traffic Alert: Bridge construction work is going on at Azad Market Chowk, due to which the road from Azad Market Chowk to Pul Bangash has been closed.",SUCCESS,2026-09-12T17:35:26.317735+00:00,20260912_blind_v5,8d8f5fcab9e03c6a1dfc90d5a2bfc7a3f92959df7f202b8e9bd65a169f2d9337,95603a98d15fad10c8ddf9481b6bc309d4344d8932ee5aa15a2228a854cf5ceb,537ab02bc9301166d81070ebcf6dc657e2589825d2672af796291c8fc4cd643b,True,32.628069,,"{""actual_model"":""ai4bharat/indictrans2-indic-en-1B"",""decoding"":""beam search, no sampling; reproducibility limited to pinned environment/hardware"",""device"":""cpu"",""revision"":""ac3daf0ecd37be3b6957764a9179ab2b07fa9d6a"",""seed"":20260912,""torch_version"":""2.14.0+cpu""}"
record:6ee4a49241ab1e9444111b6e1acff735d55ba89649f09d0da73458886cdebd99,923735809861099520,indictrans2,ai4bharat/indictrans2-indic-en-1B,ai4bharat/indictrans2-indic-en-1B,"Traffic Alert Due to Chhath Puja, traffic is heavy on the route from Kalindi to NOIDA, please avoid using this route!",SUCCESS,2026-09-12T17:35:58.946782+00:00,20260912_blind_v5,8d8f5fcab9e03c6a1dfc90d5a2bfc7a3f92959df7f202b8e9bd65a169f2d9337,d8c374b6bd8a61b52cf744bd1535050e31541b1ab31091595268e4635aeccfd2,1b3ab273528034b647881651496b78e6ee1d87e86df06e533028a3266bf53d62,True,22.748557,,"{""actual_model"":""ai4bharat/indictrans2-indic-en-1B"",""decoding"":""beam search, no sampling; reproducibility limited to pinned environment/hardware"",""device"":""cpu"",""revision"":""ac3daf0ecd37be3b6957764a9179ab2b07fa9d6a"",""seed"":20260912,""torch_version"":""2.14.0+cpu""}"
record:6fad3caa020e63c1cef9ee8cfae7ef3d09548f61156a4f19e0bc7cafbefa3b29,1106967987548938240,indictrans2,ai4bharat/indictrans2-indic-en-1B,ai4bharat/indictrans2-indic-en-1B,Traffic Alert PWD will work on the route (Mall Road) from Kashmere Gate to Azadpur from tonight till 07: 00 am.,SUCCESS,2026-09-12T17:36:21.695533+00:00,20260912_blind_v5,8d8f5fcab9e03c6a1dfc90d5a2bfc7a3f92959df7f202b8e9bd65a169f2d9337,ce7a33e4710b16ead5bf3af6ca524a766d30496d4f2c4eac02f51d078a10c903,1d4e3f38f3a57da76ab34e4c2df4f7705ee078b490e98eb67073c2745fc0be8c,True,31.04557,,"{""actual_model"":""ai4bharat/indictrans2-indic-en-1B"",""decoding"":""beam search, no sampling; reproducibility limited to pinned environment/hardware"",""device"":""cpu"",""revision"":""ac3daf0ecd37be3b6957764a9179ab2b07fa9d6a"",""seed"":20260912,""torch_version"":""2.14.0+cpu""}"
record:7000b15d2e28460388dc650f60b3b6d890bac0c766fdf67d3baa9922d4cdabe5,903106731567222784,indictrans2,ai4bharat/indictrans2-indic-en-1B,ai4bharat/indictrans2-indic-en-1B,"Traffic Alert A tree has fallen near Masoodpur Petrol Pump on the road leading from Masoodpur to Kishanganj, causing heavy traffic.",SUCCESS,2026-09-12T17:36:52.739582+00:00,20260912_blind_v5,8d8f5fcab9e03c6a1dfc90d5a2bfc7a3f92959df7f202b8e9bd65a169f2d9337,444ac367bb1f601d3c4cb233d00f1be48db693183b56302addf69d2c9a94fb81,c769ab06945cfca6402929bcb189cf84e4503be21505e1b5861f2ee251ab93fe,True,40.033931,,"{""actual_model"":""ai4bharat/indictrans2-indic-en-1B"",""decoding"":""beam search, no sampling; reproducibility limited to pinned environment/hardware"",""device"":""cpu"",""revision"":""ac3daf0ecd37be3b6957764a9179ab2b07fa9d6a"",""seed"":20260912,""torch_version"":""2.14.0+cpu""}"
record:704e95563bd1b411937d01eb3af48f7a6934473f6cffa85585ddd74f3625d44a,1087600307536748545,indictrans2,ai4bharat/indictrans2-indic-en-1B,ai4bharat/indictrans2-indic-en-1B,Traffic Alert Mathura Road to Purana Qila Road near NSCI Club and AIIMS to Dhaulakuan road near Moti Bagh Flyover has caved in affecting traffic.,SUCCESS,2026-09-12T17:37:32.772260+00:00,20260912_blind_v5,8d8f5fcab9e03c6a1dfc90d5a2bfc7a3f92959df7f202b8e9bd65a169f2d9337,8c272037948734e6a84ba5afff473404288cf1a3665fccc3cc0ad66d5d4f8f1e,de80417d75844130f8c1a8fb04758e5b944684c5cc66dd9dda08533a0d9906c1,True,52.98999,,"{""actual_model"":""ai4bharat/indictrans2-indic-en-1B"",""decoding"":""beam search, no sampling; reproducibility limited to pinned environment/hardware"",""device"":""cpu"",""revision"":""ac3daf0ecd37be3b6957764a9179ab2b07fa9d6a"",""seed"":20260912,""torch_version"":""2.14.0+cpu""}"
record:706c62aeb3fff27909939849296d1e08aa62ab795e5ef9fb3b98f314865da841,593377641010503681,indictrans2,ai4bharat/indictrans2-indic-en-1B,ai4bharat/indictrans2-indic-en-1B,"Traffic Alert A train from Chirag Delhi to Nehru Place has stopped, traffic is disrupted, sorry for the inconvenience.",SUCCESS,2026-09-12T17:38:25.765370+00:00,20260912_blind_v5,8d8f5fcab9e03c6a1dfc90d5a2bfc7a3f92959df7f202b8e9bd65a169f2d9337,a7610287630988f74415b027351590326c91599b34d1ce3ca7aa42d58cfcf1a6,f68c5218b11ca89451bc4e76f0f4b938d2d85a8ce25562d7eacaf5f77c4f3073,True,56.06073,,"{""actual_model"":""ai4bharat/indictrans2-indic-en-1B"",""decoding"":""beam search, no sampling; reproducibility limited to pinned environment/hardware"",""device"":""cpu"",""revision"":""ac3daf0ecd37be3b6957764a9179ab2b07fa9d6a"",""seed"":20260912,""torch_version"":""2.14.0+cpu""}"
record:706d2896fd2f6038c831aad27e295885368764cecc9bb5f15a09a28800f4efaf,875573729144610825,indictrans2,ai4bharat/indictrans2-indic-en-1B,ai4bharat/indictrans2-indic-en-1B,Part 1 / 2.. Traffic Alert DESU has carried out excavation work on the road from Ranjit Singh Flyover to Barakhamba Road.,SUCCESS,2026-09-12T17:39:21.823703+00:00,20260912_blind_v5,8d8f5fcab9e03c6a1dfc90d5a2bfc7a3f92959df7f202b8e9bd65a169f2d9337,8b2529dc895f7022db39d128152050fe53f897146a92e79d7502c2cd465922eb,253f10b7aacd70a67b7fbdc72222f6c3adf434dcdfe0095b617507be25f9ad63,True,45.256503,,"{""actual_model"":""ai4bharat/indictrans2-indic-en-1B"",""decoding"":""beam search, no sampling; reproducibility limited to pinned environment/hardware"",""device"":""cpu"",""revision"":""ac3daf0ecd37be3b6957764a9179ab2b07fa9d6a"",""seed"":20260912,""torch_version"":""2.14.0+cpu""}"
record:71275a515b22c780c8b7998318a24c7ef69defe2947254e8c10acb00102063f3,1097768354360758272,indictrans2,ai4bharat/indictrans2-indic-en-1B,ai4bharat/indictrans2-indic-en-1B,"Traffic Alert The procession of teachers that started from Mandi House has reached Jantar Mantar Traffic is now normal on Tolstoy Marg, Barakhamba Road, Janpath.",SUCCESS,2026-09-12T17:40:07.082105+00:00,20260912_blind_v5,8d8f5fcab9e03c6a1dfc90d5a2bfc7a3f92959df7f202b8e9bd65a169f2d9337,77652e619c18faa2221b5aeb124fa2021bcfe16f37b4481e46166c09a92eb292,165d14f4331760bcded66f248b07f1c9b30c8729a97c5eb6f7523bca650b2813,True,58.944896,,"{""actual_model"":""ai4bharat/indictrans2-indic-en-1B"",""decoding"":""beam search, no sampling; reproducibility limited to pinned environment/hardware"",""device"":""cpu"",""revision"":""ac3daf0ecd37be3b6957764a9179ab2b07fa9d6a"",""seed"":20260912,""torch_version"":""2.14.0+cpu""}"
record:7188eaea9bb118f4484d39ea927b615d34b70b2f63e738dd35d66ac500421c3f,1051825294561165313,indictrans2,ai4bharat/indictrans2-indic-en-1B,ai4bharat/indictrans2-indic-en-1B,"Traffic Alert Due to Durga Puja at CR Park, traffic will be affected on Vipin Chandra Pal Marg and Savitri Cinema Road till date. Savitri Cinema to Gurudwara Road will be closed from 2 pm to 12 pm.",SUCCESS,2026-09-12T17:41:06.027060+00:00,20260912_blind_v5,8d8f5fcab9e03c6a1dfc90d5a2bfc7a3f92959df7f202b8e9bd65a169f2d9337,b4fbb301f0e53ecc8bc323c4e895dac8c5be61068d6f179c5a9b6a93cd760dc4,ce690ad9679623f4a9eee831728d8cf8cc26cbac10f3c6578be38a93798234f6,True,80.327612,,"{""actual_model"":""ai4bharat/indictrans2-indic-en-1B"",""decoding"":""beam search, no sampling; reproducibility limited to pinned environment/hardware"",""device"":""cpu"",""revision"":""ac3daf0ecd37be3b6957764a9179ab2b07fa9d6a"",""seed"":20260912,""torch_version"":""2.14.0+cpu""}"
record:71fe9e8ee2c343988ff4f46aff1d4e9ac20e9c1d31a5142ebe81c99042b20c36,1068034868750180353,indictrans2,ai4bharat/indictrans2-indic-en-1B,ai4bharat/indictrans2-indic-en-1B,"Traffic Alert Traffic will be affected around Chandgi Ram Akhara, ISBT Kashmere Gate, Hanuman Setu from Majnu Ka Tila due to All India Kisan Sangharsh Coordination Committee rally.",SUCCESS,2026-09-12T17:42:26.353730+00:00,20260912_blind_v5,8d8f5fcab9e03c6a1dfc90d5a2bfc7a3f92959df7f202b8e9bd65a169f2d9337,f294faf6325fba2a681b9ceb82ac0f2522bf1afca05b74d99ea4a0f61a706b0a,bbe1feadd0c1e572e817a58a290964e6d64ebae556ed15053ec0ceaaa067a8d9,True,65.374543,,"{""actual_model"":""ai4bharat/indictrans2-indic-en-1B"",""decoding"":""beam search, no sampling; reproducibility limited to pinned environment/hardware"",""device"":""cpu"",""revision"":""ac3daf0ecd37be3b6957764a9179ab2b07fa9d6a"",""seed"":20260912,""torch_version"":""2.14.0+cpu""}"
record:72b5771afdde0755867bfe18d9b72dfb9b1f2134ed90b7dfd6d4ed53d756cd99,1017738146715447296,indictrans2,ai4bharat/indictrans2-indic-en-1B,ai4bharat/indictrans2-indic-en-1B,Traffic Alert आई.एल.बी.एस. A tree has fallen on the road near Hospital Lalbati Vasant Vihar. Traffic is affected.,SUCCESS,2026-09-12T17:43:31.732216+00:00,20260912_blind_v5,8d8f5fcab9e03c6a1dfc90d5a2bfc7a3f92959df7f202b8e9bd65a169f2d9337,822735be2e291eab93525830a57de0f77df73e84ba0f3a8fb21efad35748b6e4,8475112eb761b7d62dfb3aae1087f03ea63d9bf62ad69afd4956eb19e770a8d9,True,25.783675,,"{""actual_model"":""ai4bharat/indictrans2-indic-en-1B"",""decoding"":""beam search, no sampling; reproducibility limited to pinned environment/hardware"",""device"":""cpu"",""revision"":""ac3daf0ecd37be3b6957764a9179ab2b07fa9d6a"",""seed"":20260912,""torch_version"":""2.14.0+cpu""}"
record:72dd7681f277a88d2488402df979909157067030968c278963e5a71ce2f838fb,1077526862459396096,indictrans2,ai4bharat/indictrans2-indic-en-1B,ai4bharat/indictrans2-indic-en-1B,"Traffic Alert The parking of Ambience Mall in Vasant Kunj is full, due to which traffic is heavy on Nelson Mandela Marg. Those going from Vasant Vihar Police Station to Munirka should avoid using Nelson Mandela Marg.",SUCCESS,2026-09-12T17:43:57.513503+00:00,20260912_blind_v5,8d8f5fcab9e03c6a1dfc90d5a2bfc7a3f92959df7f202b8e9bd65a169f2d9337,3eef8463bdd41d446e58387a10396aed3f89422dcb60be4d7935877284d5e59d,1e39287fcf4ba0db2375f685c841a020ee800f661641c3519b0c964506eadc4b,True,36.494002,,"{""actual_model"":""ai4bharat/indictrans2-indic-en-1B"",""decoding"":""beam search, no sampling; reproducibility limited to pinned environment/hardware"",""device"":""cpu"",""revision"":""ac3daf0ecd37be3b6957764a9179ab2b07fa9d6a"",""seed"":20260912,""torch_version"":""2.14.0+cpu""}"
record:731aed9c37f976fc8595b29c441cd4e01ce4a2f0e70684591501b3c0100e2740,574455578841477120,indictrans2,ai4bharat/indictrans2-indic-en-1B,ai4bharat/indictrans2-indic-en-1B,Traffic Alert Central Verge at Shanti Van Chowk is broken due to an accident.,SUCCESS,2026-09-12T17:44:34.010425+00:00,20260912_blind_v5,8d8f5fcab9e03c6a1dfc90d5a2bfc7a3f92959df7f202b8e9bd65a169f2d9337,af48fd1d8a8fa6096c3e75970c0fe23d1f6356e22f313d2c7e5ecde1c717bae8,9cf36dd88aa75a9dc920433e1c5753d3fc76571dc6e9d04dc9c4fe8295235dd2,True,14.194148,,"{""actual_model"":""ai4bharat/indictrans2-indic-en-1B"",""decoding"":""beam search, no sampling; reproducibility limited to pinned environment/hardware"",""device"":""cpu"",""revision"":""ac3daf0ecd37be3b6957764a9179ab2b07fa9d6a"",""seed"":20260912,""torch_version"":""2.14.0+cpu""}"
record:7352781c490e5d1bbabf4a3bc4f07e2ea02a06ed857d80769262bcc26e03ef94,576297828135370753,indictrans2,ai4bharat/indictrans2-indic-en-1B,ai4bharat/indictrans2-indic-en-1B,Traffic Alert Traffic is now normal at Khanpur Red Light.,SUCCESS,2026-09-12T17:44:48.201958+00:00,20260912_blind_v5,8d8f5fcab9e03c6a1dfc90d5a2bfc7a3f92959df7f202b8e9bd65a169f2d9337,f874c59948bef71f2eab6458a9dcfc95a360006c5445c785d09677b422eea046,c30dd6c7a7f64e3c1bdbc7994a0c3085674f167b2ed10e0f856d335c009f2b39,True,9.035467,,"{""actual_model"":""ai4bharat/indictrans2-indic-en-1B"",""decoding"":""beam search, no sampling; reproducibility limited to pinned environment/hardware"",""device"":""cpu"",""revision"":""ac3daf0ecd37be3b6957764a9179ab2b07fa9d6a"",""seed"":20260912,""torch_version"":""2.14.0+cpu""}"
record:742b2a9baa7098ea4f7f9a5e58e3a9258d6cff76b72a953af12a3645bfaf5e73,1093374393676312576,indictrans2,ai4bharat/indictrans2-indic-en-1B,ai4bharat/indictrans2-indic-en-1B,Traffic Alert Traffic from Dwarka to Gurugram (both carriageway) is affected due to sit-in protest at Samalkha T-point. Traffic is diverted from Dwarka towards NH-8.,SUCCESS,2026-09-12T17:44:57.236691+00:00,20260912_blind_v5,8d8f5fcab9e03c6a1dfc90d5a2bfc7a3f92959df7f202b8e9bd65a169f2d9337,ec7e80e7833acc6a9a43b2ef6f80d602b3b0d6d4c14cbabb2379dfdc02ef6d3b,e46d70ec90148d22fd5129ca6fd3d38dd0da8d50987d74319cb07d94e98133f2,True,29.410267,,"{""actual_model"":""ai4bharat/indictrans2-indic-en-1B"",""decoding"":""beam search, no sampling; reproducibility limited to pinned environment/hardware"",""device"":""cpu"",""revision"":""ac3daf0ecd37be3b6957764a9179ab2b07fa9d6a"",""seed"":20260912,""torch_version"":""2.14.0+cpu""}"
record:7487fde21d6609f9f617b71de06a5670302de280f37999c3ff24177ba723b013,1081889601126420480,indictrans2,ai4bharat/indictrans2-indic-en-1B,ai4bharat/indictrans2-indic-en-1B,"Traffic Alert Delhi Jal Board officials are working on the route (Rani Jhansi Flyover) from Eidgah to Tis Hazari, due to which the Flyover will be closed for traffic till tonight.",SUCCESS,2026-09-12T17:45:26.649925+00:00,20260912_blind_v5,8d8f5fcab9e03c6a1dfc90d5a2bfc7a3f92959df7f202b8e9bd65a169f2d9337,08c3fb7477f7bff8cbf737e42cd33c3108437ba3ec84c0c417791780f0a8b2e8,74bbb46cad627487c8153a6f605ce735c3bba912e8d9c1eed707b6c92492a269,True,34.153105,,"{""actual_model"":""ai4bharat/indictrans2-indic-en-1B"",""decoding"":""beam search, no sampling; reproducibility limited to pinned environment/hardware"",""device"":""cpu"",""revision"":""ac3daf0ecd37be3b6957764a9179ab2b07fa9d6a"",""seed"":20260912,""torch_version"":""2.14.0+cpu""}"
record:749a5e62c5fb45a3f3e2697172b204563dc3b659f7bc93268186fce5aaf942d0,619802267370319873,indictrans2,ai4bharat/indictrans2-indic-en-1B,ai4bharat/indictrans2-indic-en-1B,Traffic Alert Traffic is affected in West Patel Nagar due to a fallen tree. Sorry for the inconvenience.,SUCCESS,2026-09-12T17:46:00.802118+00:00,20260912_blind_v5,8d8f5fcab9e03c6a1dfc90d5a2bfc7a3f92959df7f202b8e9bd65a169f2d9337,7c87d52988bb6f3f8b02e58ec19413cd6c05602175490f5f5e562fb2234eba4b,83d6cd69fdec254ebceb955d81fffeaab57a28f831754aab6cfb2954f8630ade,True,21.319353,,"{""actual_model"":""ai4bharat/indictrans2-indic-en-1B"",""decoding"":""beam search, no sampling; reproducibility limited to pinned environment/hardware"",""device"":""cpu"",""revision"":""ac3daf0ecd37be3b6957764a9179ab2b07fa9d6a"",""seed"":20260912,""torch_version"":""2.14.0+cpu""}"
record:74cbe5bd2e567279a44c6bff7091147e3383ea37c8f96cbf962f039ec123c0a9,560399756586135552,indictrans2,ai4bharat/indictrans2-indic-en-1B,ai4bharat/indictrans2-indic-en-1B,"Traffic Alert Traffic is heavy on Rani Jhansi Road, Azad Market, Barf Khana Chowk, please avoid this route.",SUCCESS,2026-09-12T17:46:22.123590+00:00,20260912_blind_v5,8d8f5fcab9e03c6a1dfc90d5a2bfc7a3f92959df7f202b8e9bd65a169f2d9337,c19ddf5071d24b77f392a392fd3538e2d5b91c36ef9188dade62d8961894941b,855f076e54e7ad641cd27ba7e1c681cb06d7d5fbf6b2efbe067d30d586f78583,True,18.60972,,"{""actual_model"":""ai4bharat/indictrans2-indic-en-1B"",""decoding"":""beam search, no sampling; reproducibility limited to pinned environment/hardware"",""device"":""cpu"",""revision"":""ac3daf0ecd37be3b6957764a9179ab2b07fa9d6a"",""seed"":20260912,""torch_version"":""2.14.0+cpu""}"
record:7575a11f3ea8774473784537e06a692483e88953325246954bd9734f1edb918b,1027079728610521094,indictrans2,ai4bharat/indictrans2-indic-en-1B,ai4bharat/indictrans2-indic-en-1B,Traffic Alert Qutub Road Traffic is heavy due to a road breakdown near Azad Market Chowk.,SUCCESS,2026-09-12T17:46:40.733799+00:00,20260912_blind_v5,8d8f5fcab9e03c6a1dfc90d5a2bfc7a3f92959df7f202b8e9bd65a169f2d9337,71314ccd0d9825173c57c980e37a2f4ef9774c83bd2c292a8c8cb7a18b278747,d6ee36452af1e8e9a411c087130cc1196246945a71f77ed998b3d7ab72856213,True,20.116568,,"{""actual_model"":""ai4bharat/indictrans2-indic-en-1B"",""decoding"":""beam search, no sampling; reproducibility limited to pinned environment/hardware"",""device"":""cpu"",""revision"":""ac3daf0ecd37be3b6957764a9179ab2b07fa9d6a"",""seed"":20260912,""torch_version"":""2.14.0+cpu""}"
record:757c4b9b60d303b41864a8e94ada0c83a36a9c60593faa22362ff0fed9c8ff2b,570196759642832897,indictrans2,ai4bharat/indictrans2-indic-en-1B,ai4bharat/indictrans2-indic-en-1B,"Traffic Alert: Water pipeline work is going on in the route from Kodiya bridge to Chatta rail, due to which traffic is high.",SUCCESS,2026-09-12T17:47:00.847283+00:00,20260912_blind_v5,8d8f5fcab9e03c6a1dfc90d5a2bfc7a3f92959df7f202b8e9bd65a169f2d9337,879a9c60475d87a9f490b671fafe08d2c4fb961f3fa273c49f1a8634fd655d97,45f5c60e7656c5a3b59461085019e6e904bd9db18b463cc8fb7f2d63facc927a,True,29.803151,,"{""actual_model"":""ai4bharat/indictrans2-indic-en-1B"",""decoding"":""beam search, no sampling; reproducibility limited to pinned environment/hardware"",""device"":""cpu"",""revision"":""ac3daf0ecd37be3b6957764a9179ab2b07fa9d6a"",""seed"":20260912,""torch_version"":""2.14.0+cpu""}"
record:757eff7aef9176bb1fceea08ca4314252112c877d7df88eec1403d4d34427e5d,983630222674161664,indictrans2,ai4bharat/indictrans2-indic-en-1B,ai4bharat/indictrans2-indic-en-1B,Traffic Alert: Road from Moti Lal Nehru R / A to Mansingh Road T-Point is closed for traffic due to sit-in protest at 24 Akbar Road!,SUCCESS,2026-09-12T17:47:30.652056+00:00,20260912_blind_v5,8d8f5fcab9e03c6a1dfc90d5a2bfc7a3f92959df7f202b8e9bd65a169f2d9337,85705e1d86390a19dc8635494fb8fe9bb540758fa33ab4dce02104e6d78c890b,12b8a570bf3d8e2ab727fbfe9f932377708073ff17cfcd0a13cc2c04a0394c75,True,41.957265,,"{""actual_model"":""ai4bharat/indictrans2-indic-en-1B"",""decoding"":""beam search, no sampling; reproducibility limited to pinned environment/hardware"",""device"":""cpu"",""revision"":""ac3daf0ecd37be3b6957764a9179ab2b07fa9d6a"",""seed"":20260912,""torch_version"":""2.14.0+cpu""}"
record:759150ce57cf298a0bdf09adecb87add4333168a2d3642a47b8dbefec46599ca,1034346647231320064,indictrans2,ai4bharat/indictrans2-indic-en-1B,ai4bharat/indictrans2-indic-en-1B,Traffic Alert Traffic on Pandit Pant Marg towards Bishambhar Das Marg is blocked due to a fallen tree Please avoid using this route!,SUCCESS,2026-09-12T17:48:12.609200+00:00,20260912_blind_v5,8d8f5fcab9e03c6a1dfc90d5a2bfc7a3f92959df7f202b8e9bd65a169f2d9337,9de60b289cd9de20b0385614962aabbb0fece8d7dd1b6a7f7f941a4597ed6abb,15a4decda74f3173aeda0e4ecca63f502d352efd94cc96d8ee853d654b4feb30,True,43.744565,,"{""actual_model"":""ai4bharat/indictrans2-indic-en-1B"",""decoding"":""beam search, no sampling; reproducibility limited to pinned environment/hardware"",""device"":""cpu"",""revision"":""ac3daf0ecd37be3b6957764a9179ab2b07fa9d6a"",""seed"":20260912,""torch_version"":""2.14.0+cpu""}"
record:759750f47b31687e3fb246595e4a0954cb64abebd25629a40cdbb4d12ef1df29,594015510100090880,indictrans2,ai4bharat/indictrans2-indic-en-1B,ai4bharat/indictrans2-indic-en-1B,Traffic Alert Punjab farmers are protesting at Patel Chowk due to which traffic has been diverted. Sorry for the inconvenience.,SUCCESS,2026-09-12T17:48:56.355234+00:00,20260912_blind_v5,8d8f5fcab9e03c6a1dfc90d5a2bfc7a3f92959df7f202b8e9bd65a169f2d9337,ecb1519239d129c354952241cd8de23a2ca01a58fff980016dcb5547c05d21b9,c85652f3ef17208ae4d2f519a12336861a5fc48d37a3a7fad303cbd9be22c7c8,True,29.168045,,"{""actual_model"":""ai4bharat/indictrans2-indic-en-1B"",""decoding"":""beam search, no sampling; reproducibility limited to pinned environment/hardware"",""device"":""cpu"",""revision"":""ac3daf0ecd37be3b6957764a9179ab2b07fa9d6a"",""seed"":20260912,""torch_version"":""2.14.0+cpu""}"
record:7625c4b2064b20680a0dd7ed208c26aa7f960111ab25356161edea7885a3dd6e,1044078336786468864,indictrans2,ai4bharat/indictrans2-indic-en-1B,ai4bharat/indictrans2-indic-en-1B,"Traffic Alert The tree that fell near Pramod Mahajan Marg, PVR Saket has been removed and traffic is normal now!",SUCCESS,2026-09-12T17:49:25.522724+00:00,20260912_blind_v5,8d8f5fcab9e03c6a1dfc90d5a2bfc7a3f92959df7f202b8e9bd65a169f2d9337,52f5bfd2f8e8706514dc77b5216469a072a70c0d7c6d36164aca3ac35c5977b5,10cbbabc14291c3ebfc1c2a022b5a0ba94b43f16177c48983ea17bcc7fe9a41a,True,67.256609,,"{""actual_model"":""ai4bharat/indictrans2-indic-en-1B"",""decoding"":""beam search, no sampling; reproducibility limited to pinned environment/hardware"",""device"":""cpu"",""revision"":""ac3daf0ecd37be3b6957764a9179ab2b07fa9d6a"",""seed"":20260912,""torch_version"":""2.14.0+cpu""}"
record:76a72161acb622f6f3f7053338f8d5010ace3e3d91ff06c2815778b0fc88642b,1101804412819791872,indictrans2,ai4bharat/indictrans2-indic-en-1B,ai4bharat/indictrans2-indic-en-1B,"Traffic Alert The procession of Shiv Barat which has started from Vankhandi Temple Old Delhi Railway Station will pass through Syama Prasad Mookerjee Marg, Novelty Cinema, Peeli Kothi, Naya Bazar, Khari Baoli, Fatehpuri, Chandni Chowk to Red Fort |जिसके due to which traffic will be affected on these routes.",SUCCESS,2026-09-12T17:50:32.781963+00:00,20260912_blind_v5,8d8f5fcab9e03c6a1dfc90d5a2bfc7a3f92959df7f202b8e9bd65a169f2d9337,1e4027cdb1249aad2bb1578a5009bd271c624d85e3c2dbb6d55ae817f6a52154,cecccd301fd4b86bfa9f249d0561e29b510bd932d0edcc98c0a2ead4bf9c2baf,True,126.528481,,"{""actual_model"":""ai4bharat/indictrans2-indic-en-1B"",""decoding"":""beam search, no sampling; reproducibility limited to pinned environment/hardware"",""device"":""cpu"",""revision"":""ac3daf0ecd37be3b6957764a9179ab2b07fa9d6a"",""seed"":20260912,""torch_version"":""2.14.0+cpu""}"
record:7758868d7b1d6af2985e8f390ff9c485cea43a63a7ca7c0bdf32b221cf4ad8fe,866282304338931712,indictrans2,ai4bharat/indictrans2-indic-en-1B,ai4bharat/indictrans2-indic-en-1B,"Traffic Alert A tree has fallen on CV Raman Marg, Ring Road causing heavy traffic.",SUCCESS,2026-09-12T17:52:39.310973+00:00,20260912_blind_v5,8d8f5fcab9e03c6a1dfc90d5a2bfc7a3f92959df7f202b8e9bd65a169f2d9337,3c6febe1398a12b991adcd1a0cddd329236c65c6c5041f5ea96effbcf600d60f,ba12ae53a06d71510d30e3cde4777b60dcd2294b3c1829b76738ddb8d5352c7c,True,19.834993,,"{""actual_model"":""ai4bharat/indictrans2-indic-en-1B"",""decoding"":""beam search, no sampling; reproducibility limited to pinned environment/hardware"",""device"":""cpu"",""revision"":""ac3daf0ecd37be3b6957764a9179ab2b07fa9d6a"",""seed"":20260912,""torch_version"":""2.14.0+cpu""}"
record:7777eae119060004b734e7e3907f6e4d74ab72222f68e9c1772dce82b00d5991,825647742437380096,indictrans2,ai4bharat/indictrans2-indic-en-1B,ai4bharat/indictrans2-indic-en-1B,Traffic Alert The road from Old Fort towards C-Hexagon and Ashoka Road will be closed for traffic from 5 PM to 1: 15 PM and 6 PM to 1: 15 PM.,SUCCESS,2026-09-12T17:52:59.142266+00:00,20260912_blind_v5,8d8f5fcab9e03c6a1dfc90d5a2bfc7a3f92959df7f202b8e9bd65a169f2d9337,901eab8e3f510834c8c306459ee04900d0d2bab34d092750ee3bc325d1b9a3bb,03dbed492d736aaa1274623b45d5b3f354dd4f1d4467b68cdc1f214f06dccc99,True,42.281447,,"{""actual_model"":""ai4bharat/indictrans2-indic-en-1B"",""decoding"":""beam search, no sampling; reproducibility limited to pinned environment/hardware"",""device"":""cpu"",""revision"":""ac3daf0ecd37be3b6957764a9179ab2b07fa9d6a"",""seed"":20260912,""torch_version"":""2.14.0+cpu""}"
record:77897778940ea31b7a3033a2d47fd01ada7cff9537999e4cb5de1f656fbd9a06,1022704201447743488,indictrans2,ai4bharat/indictrans2-indic-en-1B,ai4bharat/indictrans2-indic-en-1B,Traffic Alert A large tree has fallen near Raja Dhir Sen Marg Okhla affecting traffic. Please avoid using this route.,SUCCESS,2026-09-12T17:53:41.426477+00:00,20260912_blind_v5,8d8f5fcab9e03c6a1dfc90d5a2bfc7a3f92959df7f202b8e9bd65a169f2d9337,07326868b2349c6bb5b006a6440b2f90ac674ba85b4d226bc5ac5fee1610f57b,7e7146cc53b05b55bad7278f9365e952c0966d961a68c35479a9f051641472a5,True,44.490899,,"{""actual_model"":""ai4bharat/indictrans2-indic-en-1B"",""decoding"":""beam search, no sampling; reproducibility limited to pinned environment/hardware"",""device"":""cpu"",""revision"":""ac3daf0ecd37be3b6957764a9179ab2b07fa9d6a"",""seed"":20260912,""torch_version"":""2.14.0+cpu""}"
record:77fee9f163db25185860cdcd096dd1bcbd4859c30a3518d2936f9cdd89ecd5f9,1070543130942943232,indictrans2,ai4bharat/indictrans2-indic-en-1B,ai4bharat/indictrans2-indic-en-1B,Traffic Alert: Work is being done by PWD on Bhairon Marg due to which traffic going towards Mathura Road is affected.,SUCCESS,2026-09-12T17:54:25.917062+00:00,20260912_blind_v5,8d8f5fcab9e03c6a1dfc90d5a2bfc7a3f92959df7f202b8e9bd65a169f2d9337,42cbae6e985cddaf2e59e10111850db9ae8a1463b62218ef3770fd7cf8672315,41f3ed76444eb286dfa43da4afe3ebad60bfb401a634809ca426fa74be87cc45,True,51.829809,,"{""actual_model"":""ai4bharat/indictrans2-indic-en-1B"",""decoding"":""beam search, no sampling; reproducibility limited to pinned environment/hardware"",""device"":""cpu"",""revision"":""ac3daf0ecd37be3b6957764a9179ab2b07fa9d6a"",""seed"":20260912,""torch_version"":""2.14.0+cpu""}"
record:7875c1f17a949c90ca432ea1771263fcd182cd5db66de06d90ecf49ebecd882a,884439550268907520,indictrans2,ai4bharat/indictrans2-indic-en-1B,ai4bharat/indictrans2-indic-en-1B,"Traffic Alert Traffic is heavy towards Vasant Vihar Traffic has been diverted from Puram, Sector 12 R towards Vasant Vihar.",SUCCESS,2026-09-12T17:55:17.748214+00:00,20260912_blind_v5,8d8f5fcab9e03c6a1dfc90d5a2bfc7a3f92959df7f202b8e9bd65a169f2d9337,598924ac7020e558511c9d99111b343144caf46fee27d3261c45d2aaa87e00cf,0b8113b02b52da8c419837e60f586d3858204349d3c5f326153ea3b702314e76,True,34.938802,,"{""actual_model"":""ai4bharat/indictrans2-indic-en-1B"",""decoding"":""beam search, no sampling; reproducibility limited to pinned environment/hardware"",""device"":""cpu"",""revision"":""ac3daf0ecd37be3b6957764a9179ab2b07fa9d6a"",""seed"":20260912,""torch_version"":""2.14.0+cpu""}"
record:787d4c128eb5304abdde28adfcaee8892f190c0c4447299e7479e0e634523417,886568186547535873,indictrans2,ai4bharat/indictrans2-indic-en-1B,ai4bharat/indictrans2-indic-en-1B,Traffic Alert Public demonstrating on road in front of Uttam Nagar East Metro Station है.जिस due to Dwarka diversion of traffic coming from Dwarka 1 / 2,SUCCESS,2026-09-12T17:55:52.686985+00:00,20260912_blind_v5,8d8f5fcab9e03c6a1dfc90d5a2bfc7a3f92959df7f202b8e9bd65a169f2d9337,ef6374efbaa42e0e60620bcb717254aad9b4a5483f9bfb054af9d45e4098586e,a5700f6d6c8b1a4216db1787b77aaf5310b0833f52ef901c2e17ef2e3cf02a07,True,41.998293,,"{""actual_model"":""ai4bharat/indictrans2-indic-en-1B"",""decoding"":""beam search, no sampling; reproducibility limited to pinned environment/hardware"",""device"":""cpu"",""revision"":""ac3daf0ecd37be3b6957764a9179ab2b07fa9d6a"",""seed"":20260912,""torch_version"":""2.14.0+cpu""}"
record:78cc4ef798039269bef14e7ca53533d17881930e20acdc5e919a1c8a650e0c1c,985055231896514560,indictrans2,ai4bharat/indictrans2-indic-en-1B,ai4bharat/indictrans2-indic-en-1B,"Traffic Alert Due to Baisakhi event at Majnu Ka Tila, commercial vehicles on the route from Rohini to ISBT have been diverted from Mukundpur Chowk towards Road No. 51 and commercial vehicles coming from NH-1 side have been diverted towards Azadpur.",SUCCESS,2026-09-12T17:56:34.686285+00:00,20260912_blind_v5,8d8f5fcab9e03c6a1dfc90d5a2bfc7a3f92959df7f202b8e9bd65a169f2d9337,b46172c58a64e604a406b23cc6d737b4e9fab4303387a97784c82f61e4a6bd79,730716008ae0aef66b267296e98d4c70e4dbd97457debcd544cfeb6d17c6571b,True,64.600831,,"{""actual_model"":""ai4bharat/indictrans2-indic-en-1B"",""decoding"":""beam search, no sampling; reproducibility limited to pinned environment/hardware"",""device"":""cpu"",""revision"":""ac3daf0ecd37be3b6957764a9179ab2b07fa9d6a"",""seed"":20260912,""torch_version"":""2.14.0+cpu""}"
record:78fcd4370a5c4712eeb1c513e2c2eef3ae6a3e2c2ba797bdf6bd416e98c4c7ec,592320732882989056,indictrans2,ai4bharat/indictrans2-indic-en-1B,ai4bharat/indictrans2-indic-en-1B,Traffic Alert Traffic has been diverted at Rampura Chowk due to a fatal accident.,SUCCESS,2026-09-12T17:57:39.287725+00:00,20260912_blind_v5,8d8f5fcab9e03c6a1dfc90d5a2bfc7a3f92959df7f202b8e9bd65a169f2d9337,6967da5ad688c1f51220d643fbed2fb0a744cb7ff759b9d661b8fcd44ce21ed1,634e780c1fa07698c1a732eb2eba6a8750a32c7d64123ed90444d41c46aa738c,True,5.490536,,"{""actual_model"":""ai4bharat/indictrans2-indic-en-1B"",""decoding"":""beam search, no sampling; reproducibility limited to pinned environment/hardware"",""device"":""cpu"",""revision"":""ac3daf0ecd37be3b6957764a9179ab2b07fa9d6a"",""seed"":20260912,""torch_version"":""2.14.0+cpu""}"
record:791e7371be1a28b95ce187a44d84db4a333bc820b19ed912a88e6f1e762d60b5,875560829256581120,indictrans2,ai4bharat/indictrans2-indic-en-1B,ai4bharat/indictrans2-indic-en-1B,"PART 1 / 2. Traffic Alert Due to road construction work on RTR route, Outer Ring Road to Gurgaon",SUCCESS,2026-09-12T17:57:44.778767+00:00,20260912_blind_v5,8d8f5fcab9e03c6a1dfc90d5a2bfc7a3f92959df7f202b8e9bd65a169f2d9337,9b06b2b9122adf6583d7e78a5c2c00ee5e5dd8172c2a89133f84245d7f94a5ed,ba2fdb780c3160d4e0100cf9ffabede4fd69e202c152edca527bd2305f52035a,True,6.969927,,"{""actual_model"":""ai4bharat/indictrans2-indic-en-1B"",""decoding"":""beam search, no sampling; reproducibility limited to pinned environment/hardware"",""device"":""cpu"",""revision"":""ac3daf0ecd37be3b6957764a9179ab2b07fa9d6a"",""seed"":20260912,""torch_version"":""2.14.0+cpu""}"
record:792dd7df5aff1c58950aaa0f2a19f6be5fb0978dae3db6cfc1f045e6eb4d0ccc,1064011016802000897,indictrans2,ai4bharat/indictrans2-indic-en-1B,ai4bharat/indictrans2-indic-en-1B,Traffic Alert The road in front of the Parliament Street police station has been closed to traffic due to the sit-in protest.,SUCCESS,2026-09-12T17:57:51.749723+00:00,20260912_blind_v5,8d8f5fcab9e03c6a1dfc90d5a2bfc7a3f92959df7f202b8e9bd65a169f2d9337,3ae67c92914dec5054b0381ec7a346aea3162e083a0afdb9acbf86d53a85483e,bd6b3e3cc2a4de6ca7986ad9199192d93d7e779c1fdc5f3e69c5b7dfcec8a318,True,5.868936,,"{""actual_model"":""ai4bharat/indictrans2-indic-en-1B"",""decoding"":""beam search, no sampling; reproducibility limited to pinned environment/hardware"",""device"":""cpu"",""revision"":""ac3daf0ecd37be3b6957764a9179ab2b07fa9d6a"",""seed"":20260912,""torch_version"":""2.14.0+cpu""}"
record:7959aadc2c6b0d8199d99fdfcefe6553fd57598d70c57488d18c1e5924f2f8e9,1068042620385914880,indictrans2,ai4bharat/indictrans2-indic-en-1B,ai4bharat/indictrans2-indic-en-1B,Traffic Alert All India Kisan Sangharsh Coordination Committee March is moving towards Dhaula Kuan ahead of Mahipalpur Lalbati on NH-8 due to which traffic is affected in and around NH-8.,SUCCESS,2026-09-12T17:57:57.617465+00:00,20260912_blind_v5,8d8f5fcab9e03c6a1dfc90d5a2bfc7a3f92959df7f202b8e9bd65a169f2d9337,df0401b80d3e57aff76e9ba441d1b64313c908578a4a4a81676c479c182eb771,cff2cd21b906adc07c34121da24ae057a84615127fa3a92d686860ef3cdf2c57,True,32.703411,,"{""actual_model"":""ai4bharat/indictrans2-indic-en-1B"",""decoding"":""beam search, no sampling; reproducibility limited to pinned environment/hardware"",""device"":""cpu"",""revision"":""ac3daf0ecd37be3b6957764a9179ab2b07fa9d6a"",""seed"":20260912,""torch_version"":""2.14.0+cpu""}"
record:7982ca8310417afa35a0718ad9f074fee9b5eba2c30c6d19486631af3273ec2b,875534354251866114,indictrans2,ai4bharat/indictrans2-indic-en-1B,ai4bharat/indictrans2-indic-en-1B,Traffic Alert A truck is damaged on the Noida Canal en route from Kalindi Kunj to Noida.,SUCCESS,2026-09-12T17:58:30.321743+00:00,20260912_blind_v5,8d8f5fcab9e03c6a1dfc90d5a2bfc7a3f92959df7f202b8e9bd65a169f2d9337,c2e457e46ce38562183e23e3f4d778f669bd557839f6a7e1ec10e5cbc85ab325,083d8b2a3d809e6b90289e02eacfd2b6fb1616fe853be38b768bf101282a0d1f,True,27.79154,,"{""actual_model"":""ai4bharat/indictrans2-indic-en-1B"",""decoding"":""beam search, no sampling; reproducibility limited to pinned environment/hardware"",""device"":""cpu"",""revision"":""ac3daf0ecd37be3b6957764a9179ab2b07fa9d6a"",""seed"":20260912,""torch_version"":""2.14.0+cpu""}"
record:7a2a45d260e1ce9b5c38bdab5c2fff35f88b2cadc26a805d825ec8445d513a0f,931368475443916802,indictrans2,ai4bharat/indictrans2-indic-en-1B,ai4bharat/indictrans2-indic-en-1B,Traffic Alert A truck en route from Kalindi Kunj to Noida is defective due to which traffic is disrupted!,SUCCESS,2026-09-12T17:58:58.111657+00:00,20260912_blind_v5,8d8f5fcab9e03c6a1dfc90d5a2bfc7a3f92959df7f202b8e9bd65a169f2d9337,356d21aa47dd6d1af621464eab4d768b109425f5acd9e49b17c3070dc1ebe19b,0058a41283b1696963587704acb120326f5c2048a63fa4fd9baeabb0b14c519c,True,30.814706,,"{""actual_model"":""ai4bharat/indictrans2-indic-en-1B"",""decoding"":""beam search, no sampling; reproducibility limited to pinned environment/hardware"",""device"":""cpu"",""revision"":""ac3daf0ecd37be3b6957764a9179ab2b07fa9d6a"",""seed"":20260912,""torch_version"":""2.14.0+cpu""}"
record:7a62ad79598b9fedc7092a31f6ba61dbdfbe78b5758077c1d4245681ce3acd4e,820983232346918912,indictrans2,ai4bharat/indictrans2-indic-en-1B,ai4bharat/indictrans2-indic-en-1B,Part 1 / 2.. Traffic Alert The road from Kapashera to Rajokri will be closed from\ 1: 30PM to\ 1: 00PM.,SUCCESS,2026-09-12T17:59:28.926550+00:00,20260912_blind_v5,8d8f5fcab9e03c6a1dfc90d5a2bfc7a3f92959df7f202b8e9bd65a169f2d9337,8067fcac07456fadff45a9639dfe456140e762ddb6f03e20824e5130a59615d7,a7e2ff9905094594406632f4b8fba16fb056e69bf661f7d60772927cf344b0b8,True,54.823139,,"{""actual_model"":""ai4bharat/indictrans2-indic-en-1B"",""decoding"":""beam search, no sampling; reproducibility limited to pinned environment/hardware"",""device"":""cpu"",""revision"":""ac3daf0ecd37be3b6957764a9179ab2b07fa9d6a"",""seed"":20260912,""torch_version"":""2.14.0+cpu""}"
record:7b4faf2ce067b0e3e5a450e2c0573b9148b07e1b13906a0d97f8cd022017b1d8,563697719945207809,indictrans2,ai4bharat/indictrans2-indic-en-1B,ai4bharat/indictrans2-indic-en-1B,Traffic Alert A cluster bus DL1PC 5944 B\ u093CRB under Shadipur metro station I am sorry for the inconvenience.,SUCCESS,2026-09-12T18:00:23.752028+00:00,20260912_blind_v5,8d8f5fcab9e03c6a1dfc90d5a2bfc7a3f92959df7f202b8e9bd65a169f2d9337,3b9c1e2afc99110f08f6f170fdad02ba64ea0dc4fc6bb62e8223398eb4acdde1,ce5fa16916f11413c5c1c087eb6b71ef0012bbf61866b6a7e7a93b432d110167,True,16.863476,,"{""actual_model"":""ai4bharat/indictrans2-indic-en-1B"",""decoding"":""beam search, no sampling; reproducibility limited to pinned environment/hardware"",""device"":""cpu"",""revision"":""ac3daf0ecd37be3b6957764a9179ab2b07fa9d6a"",""seed"":20260912,""torch_version"":""2.14.0+cpu""}"
record:7b695b0e5b33d5071f6f9bc5fc637a910c422f8951d5435cfe7d8f03c622a49e,790382413012692994,indictrans2,ai4bharat/indictrans2-indic-en-1B,ai4bharat/indictrans2-indic-en-1B,Traffic Alert Traffic on the route from Khajuri to Wazirabad is being one way today from 08.00 AM to 10.00 AM and across the Yamuna.,SUCCESS,2026-09-12T18:00:40.615990+00:00,20260912_blind_v5,8d8f5fcab9e03c6a1dfc90d5a2bfc7a3f92959df7f202b8e9bd65a169f2d9337,d1208d94aff8e62b3c0e172b7cba19ecdd244b4a6cfd879630bfa2056797a5ee,feaf199f80de2728889a7d23f6ee76fcac2e0b34148188748d5f26b337c51d20,True,8.923114,,"{""actual_model"":""ai4bharat/indictrans2-indic-en-1B"",""decoding"":""beam search, no sampling; reproducibility limited to pinned environment/hardware"",""device"":""cpu"",""revision"":""ac3daf0ecd37be3b6957764a9179ab2b07fa9d6a"",""seed"":20260912,""torch_version"":""2.14.0+cpu""}"
record:7baa034c78b71d638d2e619529d6955c1b75eeb18de5ad59df008ecbcc3c35eb,996550725629919232,indictrans2,ai4bharat/indictrans2-indic-en-1B,ai4bharat/indictrans2-indic-en-1B,Traffic Alert A tree has fallen near AIIMS main gate in IIT-bound carriageway on Aurobindo Marg.,SUCCESS,2026-09-12T18:00:49.539587+00:00,20260912_blind_v5,8d8f5fcab9e03c6a1dfc90d5a2bfc7a3f92959df7f202b8e9bd65a169f2d9337,5f08a769a22b06bccd8976be384237a37f1c1e154861343d98236e56c9864f6c,12cafd67c8af6abfed28fb698ae58bb28db3116f2781bc08769cddc340cf7170,True,5.878274,,"{""actual_model"":""ai4bharat/indictrans2-indic-en-1B"",""decoding"":""beam search, no sampling; reproducibility limited to pinned environment/hardware"",""device"":""cpu"",""revision"":""ac3daf0ecd37be3b6957764a9179ab2b07fa9d6a"",""seed"":20260912,""torch_version"":""2.14.0+cpu""}"
record:7bb59d3128817a135ea2656722d5e4dd13ed371d443f05658b9dc18186dfd564,538343621289062400,indictrans2,ai4bharat/indictrans2-indic-en-1B,ai4bharat/indictrans2-indic-en-1B,"Traffic Alert A DTC bus number DL1PC5431 Outer CC at Connaught Place is out of order, sorry for the inconvenience.",SUCCESS,2026-09-12T18:00:55.418400+00:00,20260912_blind_v5,8d8f5fcab9e03c6a1dfc90d5a2bfc7a3f92959df7f202b8e9bd65a169f2d9337,98cb074e0959997bf5720651d82b5d9e172bef95353461255999d8b832367dd5,f7965d3a9252ca6763ec2e26626e72b9d98a1854e1fb3e8ffdda011cbc4266be,True,38.294545,,"{""actual_model"":""ai4bharat/indictrans2-indic-en-1B"",""decoding"":""beam search, no sampling; reproducibility limited to pinned environment/hardware"",""device"":""cpu"",""revision"":""ac3daf0ecd37be3b6957764a9179ab2b07fa9d6a"",""seed"":20260912,""torch_version"":""2.14.0+cpu""}"
record:7be445a69b3d10e15b02c5d740b678e9ce7f6aca9c6976ae1a544ed15e37bede,613951248434397184,indictrans2,ai4bharat/indictrans2-indic-en-1B,ai4bharat/indictrans2-indic-en-1B,Traffic Alert Traffic is now normal between Aurobindo Chowk and R / A Tughlaq Road.,SUCCESS,2026-09-12T18:01:33.712388+00:00,20260912_blind_v5,8d8f5fcab9e03c6a1dfc90d5a2bfc7a3f92959df7f202b8e9bd65a169f2d9337,079b822313c4e372e70c11cb5d6a6bd8ab3905bd72822cf94e8f439fd1649128,acd5e5ed66489bb2906e7de78be8c15f73d12673d0765845333b9b8e19dabc29,True,30.668878,,"{""actual_model"":""ai4bharat/indictrans2-indic-en-1B"",""decoding"":""beam search, no sampling; reproducibility limited to pinned environment/hardware"",""device"":""cpu"",""revision"":""ac3daf0ecd37be3b6957764a9179ab2b07fa9d6a"",""seed"":20260912,""torch_version"":""2.14.0+cpu""}"
record:7caff7ad74636dfccdf23740fa62efbeac7ba44808c2411227b113f81e11e48c,1069543915559272448,indictrans2,ai4bharat/indictrans2-indic-en-1B,ai4bharat/indictrans2-indic-en-1B,Traffic Alert Traffic movement from Nangloi to Mundka is disrupted due to an accident on Nangloi Flyover. Pass under Nangloi Flyover to go to Bahadurgarh.,SUCCESS,2026-09-12T18:02:04.381644+00:00,20260912_blind_v5,8d8f5fcab9e03c6a1dfc90d5a2bfc7a3f92959df7f202b8e9bd65a169f2d9337,f2cef321f959f900f6249801359d0326f8dea1a387ff44837da745905e4513a4,f888c125f62b7ddb14d6eff499bf116d6ce8673f9882bcb105c4d1cf24359782,True,49.69762,,"{""actual_model"":""ai4bharat/indictrans2-indic-en-1B"",""decoding"":""beam search, no sampling; reproducibility limited to pinned environment/hardware"",""device"":""cpu"",""revision"":""ac3daf0ecd37be3b6957764a9179ab2b07fa9d6a"",""seed"":20260912,""torch_version"":""2.14.0+cpu""}"
record:7cbe730d5cbbe37c4243abc202c76d17394e4f9d35beeeb06daed872a5d3fcf7,903125520308568064,indictrans2,ai4bharat/indictrans2-indic-en-1B,ai4bharat/indictrans2-indic-en-1B,Traffic Alert The tree that fell on the road leading from Kirby Place to Dhaula Kuan has now been removed.,SUCCESS,2026-09-12T18:02:54.076485+00:00,20260912_blind_v5,8d8f5fcab9e03c6a1dfc90d5a2bfc7a3f92959df7f202b8e9bd65a169f2d9337,c6ba1affca6784c875307f7a90b0acb6e5e19a770b6ee8b7265e189fa1761694,ee0b6ecbee8187ced5ab83465ccbc37b87a2c5ea128e8b0076b1942e422253bd,True,12.809676,,"{""actual_model"":""ai4bharat/indictrans2-indic-en-1B"",""decoding"":""beam search, no sampling; reproducibility limited to pinned environment/hardware"",""device"":""cpu"",""revision"":""ac3daf0ecd37be3b6957764a9179ab2b07fa9d6a"",""seed"":20260912,""torch_version"":""2.14.0+cpu""}"
record:7cf9d24f2923385e444ec3162f053a74612eceefb67685672a01c7d22f7c582f,773425830840111108,indictrans2,ai4bharat/indictrans2-indic-en-1B,ai4bharat/indictrans2-indic-en-1B,"Traffic Alert Due to heavy traffic at Barfkhana, traffic has been diverted from Bara Hindu Rao (Pahadi Dhiraj) towards Malkaganj.",SUCCESS,2026-09-12T18:03:06.888982+00:00,20260912_blind_v5,8d8f5fcab9e03c6a1dfc90d5a2bfc7a3f92959df7f202b8e9bd65a169f2d9337,a6f1d08d783090dc4db36d476a72e5b69fac5be945b059738f9ad664ee95d845,10217f932ca140a22666bb8504494a6236b516b9bc0e6a0dd0d95afe6a2aa39a,True,7.432381,,"{""actual_model"":""ai4bharat/indictrans2-indic-en-1B"",""decoding"":""beam search, no sampling; reproducibility limited to pinned environment/hardware"",""device"":""cpu"",""revision"":""ac3daf0ecd37be3b6957764a9179ab2b07fa9d6a"",""seed"":20260912,""torch_version"":""2.14.0+cpu""}"
record:7d19a66a9da00e558d2e74f0ab5dc3a42e59106a7a109d819c64db80def9d94d,1026359777822167040,indictrans2,ai4bharat/indictrans2-indic-en-1B,ai4bharat/indictrans2-indic-en-1B,"Traffic Alert Rakabganj Gurudwara and Bangla Sahib Gurudwara, Traffic will be disrupted on R / A Gurudwara Rakabganj and Baba Kharak Singh Marg due to Guru Purab.",SUCCESS,2026-09-12T18:03:14.321370+00:00,20260912_blind_v5,8d8f5fcab9e03c6a1dfc90d5a2bfc7a3f92959df7f202b8e9bd65a169f2d9337,842cba64cd0f1ba601ae16afba6827ceedc83bd4d73f7d04f083662235c6a144,13548344fa82cf984a8ef60055d561cf6060adcdfccd26a89c1caf69909a12d2,True,11.436158,,"{""actual_model"":""ai4bharat/indictrans2-indic-en-1B"",""decoding"":""beam search, no sampling; reproducibility limited to pinned environment/hardware"",""device"":""cpu"",""revision"":""ac3daf0ecd37be3b6957764a9179ab2b07fa9d6a"",""seed"":20260912,""torch_version"":""2.14.0+cpu""}"
record:7db77070effcce34e601e904f6517b06c4815074367612383ca02425aaaaab60,1101137693948428289,indictrans2,ai4bharat/indictrans2-indic-en-1B,ai4bharat/indictrans2-indic-en-1B,Traffic Alert Traffic is affected on Bhairon Marg in front of Pragati Maidan Gate No. 2 due to road caving in. Please avoid using this route.,SUCCESS,2026-09-12T18:03:25.758124+00:00,20260912_blind_v5,8d8f5fcab9e03c6a1dfc90d5a2bfc7a3f92959df7f202b8e9bd65a169f2d9337,2e081e4a9eeecd720c393bf9a116ba4a21e44c3497fb710d000bc78dd2d8cd71,0ece5f161bff0b66b01c8b4bbd4104800729c15b57da99913deb7a12fe8bd300,True,62.305974,,"{""actual_model"":""ai4bharat/indictrans2-indic-en-1B"",""decoding"":""beam search, no sampling; reproducibility limited to pinned environment/hardware"",""device"":""cpu"",""revision"":""ac3daf0ecd37be3b6957764a9179ab2b07fa9d6a"",""seed"":20260912,""torch_version"":""2.14.0+cpu""}"
record:7de20d5a65a652fab68bd846018792d81947d65b3be83e3fb0f8c554cc5e4fa8,1091332665909731328,indictrans2,ai4bharat/indictrans2-indic-en-1B,ai4bharat/indictrans2-indic-en-1B,Traffic Alert The road from School Block Shakarpur and Ganesh Nagar towards Mother Dairy is under repair work by the Railways above the flyover due to which traffic is affected in this route.,SUCCESS,2026-09-12T18:04:28.062404+00:00,20260912_blind_v5,8d8f5fcab9e03c6a1dfc90d5a2bfc7a3f92959df7f202b8e9bd65a169f2d9337,de958b0b079ffaddf02628b25037a9651b22ca7fcc013f827264e91c84b8b0d6,8a75ebb5c8931f04c1ace0661f7360a76710af48d8fb3e03974336b6676add5f,True,58.341859,,"{""actual_model"":""ai4bharat/indictrans2-indic-en-1B"",""decoding"":""beam search, no sampling; reproducibility limited to pinned environment/hardware"",""device"":""cpu"",""revision"":""ac3daf0ecd37be3b6957764a9179ab2b07fa9d6a"",""seed"":20260912,""torch_version"":""2.14.0+cpu""}"
record:7e0c5efdf764ca7c4fd10e5e99aa14177c9cb5278bd501dda2a724667aeb9724,1020608798287806467,indictrans2,ai4bharat/indictrans2-indic-en-1B,ai4bharat/indictrans2-indic-en-1B,"Traffic Alert: A large tree has fallen on the road from Roop Nagar to Maurice Nagar before Maurice Nagar red light, disrupting traffic.",SUCCESS,2026-09-12T18:05:26.406690+00:00,20260912_blind_v5,8d8f5fcab9e03c6a1dfc90d5a2bfc7a3f92959df7f202b8e9bd65a169f2d9337,fa247e01cbd89aea1538b646b3ec4fbc16b881c61e4458c973de0052e1d20dc1,fa9ef9d7a9e9d999a2ba6d6af7af5c9b539b8acccc9797db9b9aca243e90c6b1,True,10.026026,,"{""actual_model"":""ai4bharat/indictrans2-indic-en-1B"",""decoding"":""beam search, no sampling; reproducibility limited to pinned environment/hardware"",""device"":""cpu"",""revision"":""ac3daf0ecd37be3b6957764a9179ab2b07fa9d6a"",""seed"":20260912,""torch_version"":""2.14.0+cpu""}"
record:7e30cd0db4f98844e737dd21a38f8fd5ca5ec541e625f50d365f39ae0c03e5fb,1087692086747561985,indictrans2,ai4bharat/indictrans2-indic-en-1B,ai4bharat/indictrans2-indic-en-1B,"Traffic Alert जे.एल.एन. On the route from Kamla Market to Ajmeri Gate, roads have caved in at Gurudwara Chowk affecting traffic. Traffic has been diverted from Kamla Market roundabout to Vivekanand Marg.",SUCCESS,2026-09-12T18:05:36.433457+00:00,20260912_blind_v5,8d8f5fcab9e03c6a1dfc90d5a2bfc7a3f92959df7f202b8e9bd65a169f2d9337,363a692fd3344cc1ef4468b4bb5cb98f3712b201180f8db3eab82a7cb443d4a7,241552a8d23cabc54d6a555dc503fdc7e1227416ff4156eb07a1d2acc3991822,True,11.219253,,"{""actual_model"":""ai4bharat/indictrans2-indic-en-1B"",""decoding"":""beam search, no sampling; reproducibility limited to pinned environment/hardware"",""device"":""cpu"",""revision"":""ac3daf0ecd37be3b6957764a9179ab2b07fa9d6a"",""seed"":20260912,""torch_version"":""2.14.0+cpu""}"
record:7e31a0f0a9c57379b669976458138e0e59111ef48c675724630fd4d9fa24095a,869062458270302208,indictrans2,ai4bharat/indictrans2-indic-en-1B,ai4bharat/indictrans2-indic-en-1B,"Traffic Alert 1 / 2 Near the red light of Tara Apartment on the road from Hamdard to डी.डी.ए.कालकाजी, high tension wire fell on the tree.",SUCCESS,2026-09-12T18:05:47.653604+00:00,20260912_blind_v5,8d8f5fcab9e03c6a1dfc90d5a2bfc7a3f92959df7f202b8e9bd65a169f2d9337,6e09ab93380358f6b16b740034b5f0304a66f19f967f6154976d698ab03ed51a,5fd3b18d7e0fd110d45c704f313f7ddb113d6b1d5e19ea1795fc33af3263c03c,True,20.727257,,"{""actual_model"":""ai4bharat/indictrans2-indic-en-1B"",""decoding"":""beam search, no sampling; reproducibility limited to pinned environment/hardware"",""device"":""cpu"",""revision"":""ac3daf0ecd37be3b6957764a9179ab2b07fa9d6a"",""seed"":20260912,""torch_version"":""2.14.0+cpu""}"
record:7e5b2c6db0a91eb1b06b49438e7b2ad870aa9e9953178b25074d738c020b2996,1088794558945742848,indictrans2,ai4bharat/indictrans2-indic-en-1B,ai4bharat/indictrans2-indic-en-1B,"Traffic Alert The new bridge at Kalindi Kunj has been inaugurated, with traffic moving from Delhi to Noida on the old Kalindi Kunj bridge and from Noida to Delhi on the new bridge, but traffic is affected due to confusion among motorists.",SUCCESS,2026-09-12T18:06:08.376886+00:00,20260912_blind_v5,8d8f5fcab9e03c6a1dfc90d5a2bfc7a3f92959df7f202b8e9bd65a169f2d9337,9d18369b87dd68dcc123fcbed0f090fe1f1648021cf1c86b1b65dd8dd5dc5b95,69bb82c4744c47a6341a97b7896d34030d9e3f0ddabb9927e0414f55a775b855,True,113.442349,,"{""actual_model"":""ai4bharat/indictrans2-indic-en-1B"",""decoding"":""beam search, no sampling; reproducibility limited to pinned environment/hardware"",""device"":""cpu"",""revision"":""ac3daf0ecd37be3b6957764a9179ab2b07fa9d6a"",""seed"":20260912,""torch_version"":""2.14.0+cpu""}"
record:7e5c2bb4e926a8369707e46930397f764e07baaeba5f64d5dc125a66c157470c,1017740594343317504,indictrans2,ai4bharat/indictrans2-indic-en-1B,ai4bharat/indictrans2-indic-en-1B,Traffic Alert A tree has fallen on the road near Water Tank Ashok Vihar Traffic is affected.,SUCCESS,2026-09-12T18:08:01.823984+00:00,20260912_blind_v5,8d8f5fcab9e03c6a1dfc90d5a2bfc7a3f92959df7f202b8e9bd65a169f2d9337,d5b902f42fb85e40f0db76eb6e83c2819d36e05efce3ad2acff37e7e4e26e237,add5f64861fc9b1d2727d42f75517cab573654fe10cb4d31624b5b2a5532ec65,True,22.031163,,"{""actual_model"":""ai4bharat/indictrans2-indic-en-1B"",""decoding"":""beam search, no sampling; reproducibility limited to pinned environment/hardware"",""device"":""cpu"",""revision"":""ac3daf0ecd37be3b6957764a9179ab2b07fa9d6a"",""seed"":20260912,""torch_version"":""2.14.0+cpu""}"
record:7e84c496e0d33f9af3e691ce8959c4911a98cb08929da5de691e25236f23a555,829684930619772928,indictrans2,ai4bharat/indictrans2-indic-en-1B,ai4bharat/indictrans2-indic-en-1B,Traffic Alert Road repair work is in progress at Hyatt Flyover en route from Hyatt to Dhaula Kuan. HTVs / LGVs will pass under the bridge.,SUCCESS,2026-09-12T18:08:23.854416+00:00,20260912_blind_v5,8d8f5fcab9e03c6a1dfc90d5a2bfc7a3f92959df7f202b8e9bd65a169f2d9337,3df7b2a6e035d9ab5f82d24297d282e98b9e3f4fd0bf8dd92a88aa16cec2bf5c,2c20134305df5cb9e820961741f80b40f6cadfe683fa1021108ca8a85a896f98,True,8.233934,,"{""actual_model"":""ai4bharat/indictrans2-indic-en-1B"",""decoding"":""beam search, no sampling; reproducibility limited to pinned environment/hardware"",""device"":""cpu"",""revision"":""ac3daf0ecd37be3b6957764a9179ab2b07fa9d6a"",""seed"":20260912,""torch_version"":""2.14.0+cpu""}"
record:7e8b1522a2de5b36e3a0c00be6e06edfb5dd74c91eb370d598558f9c4958b26d,1094578751244062720,indictrans2,ai4bharat/indictrans2-indic-en-1B,ai4bharat/indictrans2-indic-en-1B,Traffic Alert The road from GTB Hospital to Durgapuri is closed for traffic due to repair work of the flyover.,SUCCESS,2026-09-12T18:08:32.085532+00:00,20260912_blind_v5,8d8f5fcab9e03c6a1dfc90d5a2bfc7a3f92959df7f202b8e9bd65a169f2d9337,8e5585e7deea48827dddf0a4dc570e0dffd7ee514d9b271e851b116996fb2563,9c405532123462e19be7636da3cc836e4cc6dc74ec083f491848928f38a585bd,True,5.892673,,"{""actual_model"":""ai4bharat/indictrans2-indic-en-1B"",""decoding"":""beam search, no sampling; reproducibility limited to pinned environment/hardware"",""device"":""cpu"",""revision"":""ac3daf0ecd37be3b6957764a9179ab2b07fa9d6a"",""seed"":20260912,""torch_version"":""2.14.0+cpu""}"
record:7ec4e21d77deb8dbece7949fbd4806e8180b7ee7ba615a47bdacd65f0bc05acb,1059407770053562368,indictrans2,ai4bharat/indictrans2-indic-en-1B,ai4bharat/indictrans2-indic-en-1B,"Traffic Alert Cluster bus no. DL1PD 6447 near Phirni road Najafgarh, Chhawla stand is faulty. Traffic is disrupted.",SUCCESS,2026-09-12T18:08:37.981642+00:00,20260912_blind_v5,8d8f5fcab9e03c6a1dfc90d5a2bfc7a3f92959df7f202b8e9bd65a169f2d9337,cf1280222765752df83876096b95ad6b9fa0fcc1373af36cc7247c8572ed1d86,69c716d911e20e959aeb7086d395bb1ef0ec5fc42eb4b100a2e0a0b60acc5d2f,True,26.476022,,"{""actual_model"":""ai4bharat/indictrans2-indic-en-1B"",""decoding"":""beam search, no sampling; reproducibility limited to pinned environment/hardware"",""device"":""cpu"",""revision"":""ac3daf0ecd37be3b6957764a9179ab2b07fa9d6a"",""seed"":20260912,""torch_version"":""2.14.0+cpu""}"
record:80ba01155f69409b4a689455298cb59cf4b76a34a9e60cd57fc6221e3cb3c39a,945162367431618560,indictrans2,ai4bharat/indictrans2-indic-en-1B,ai4bharat/indictrans2-indic-en-1B,"Traffic Alert On the occasion of Swami Shraddhanand Saraswati Balidan Divas, a procession is being taken out today, the route of which will be as follows: - Naya Bazar - Lahori Gate Chowk - Khari Bawri - Fatehpuri Masjid - Chandni Chowk - 1 / 2",SUCCESS,2026-09-12T18:09:04.459898+00:00,20260912_blind_v5,8d8f5fcab9e03c6a1dfc90d5a2bfc7a3f92959df7f202b8e9bd65a169f2d9337,6821fbaa4974fbae776387cb3c32df8bb081d786c434baea13e121d426dfe6a2,8b3d8bd60b8ac46aaf2dde066b6b2f88b3c6602c7e17cb898527419abf44e9a2,True,106.104155,,"{""actual_model"":""ai4bharat/indictrans2-indic-en-1B"",""decoding"":""beam search, no sampling; reproducibility limited to pinned environment/hardware"",""device"":""cpu"",""revision"":""ac3daf0ecd37be3b6957764a9179ab2b07fa9d6a"",""seed"":20260912,""torch_version"":""2.14.0+cpu""}"
record:813c52bdd788a36b03474df8fd7f9af9b10f8a368cbe8e94c7576d696b9c4f52,847806726225121282,indictrans2,ai4bharat/indictrans2-indic-en-1B,ai4bharat/indictrans2-indic-en-1B,Traffic Alert Elevated road work underway at Barapullah in the carriage way from Nizamuddin to Mayur Vihar 1 / 2,SUCCESS,2026-09-12T18:10:50.563462+00:00,20260912_blind_v5,8d8f5fcab9e03c6a1dfc90d5a2bfc7a3f92959df7f202b8e9bd65a169f2d9337,333300254ef263b387d9735c3ff1bc8c2d1dbfaaff8147aa1d1e1b134721bf76,b442b0d72f66b3bb226de124b8e99f0b1cd2eaeb1e923ac4b02ac886068eb44b,True,6.618594,,"{""actual_model"":""ai4bharat/indictrans2-indic-en-1B"",""decoding"":""beam search, no sampling; reproducibility limited to pinned environment/hardware"",""device"":""cpu"",""revision"":""ac3daf0ecd37be3b6957764a9179ab2b07fa9d6a"",""seed"":20260912,""torch_version"":""2.14.0+cpu""}"
record:81410d37f7187382e7387f3a986cafbf14024dfdd7e0a8dfc020047aac2eea05,875732360255250433,indictrans2,ai4bharat/indictrans2-indic-en-1B,ai4bharat/indictrans2-indic-en-1B,PART 1 / 2 Traffic Alert Najafgarh Road to Joginder Singh Marg from 2200 hrs tonight to 6 am on Monday,SUCCESS,2026-09-12T18:10:57.183713+00:00,20260912_blind_v5,8d8f5fcab9e03c6a1dfc90d5a2bfc7a3f92959df7f202b8e9bd65a169f2d9337,ec3135370eb0e479449135b4e44266276b2d59e5f4ab176d7b9d6f31115c4e49,7dc73d16c310b69128527c2f0a1ba983702f5a93efbf3c1427c86371b2044146,True,6.562652,,"{""actual_model"":""ai4bharat/indictrans2-indic-en-1B"",""decoding"":""beam search, no sampling; reproducibility limited to pinned environment/hardware"",""device"":""cpu"",""revision"":""ac3daf0ecd37be3b6957764a9179ab2b07fa9d6a"",""seed"":20260912,""torch_version"":""2.14.0+cpu""}"
record:8148717e041da3a8b344c95bd36a5b2fc4400cd50220a338b16c168dd09e7a65,1068475981554438144,indictrans2,ai4bharat/indictrans2-indic-en-1B,ai4bharat/indictrans2-indic-en-1B,Traffic Alert A tree has fallen on Bawana Road on the way from Narela Sabzi Mandi to Anaj Mandi due to which traffic is affected.,SUCCESS,2026-09-12T18:11:03.746519+00:00,20260912_blind_v5,8d8f5fcab9e03c6a1dfc90d5a2bfc7a3f92959df7f202b8e9bd65a169f2d9337,fb9211622cefc1c98279acac45cf180e3b23dd2a496a2606e490d1d205060d5d,d948dee52fe5b531f081794f9db412b6b53b385191f013c3374109e3f52543fb,True,30.678536,,"{""actual_model"":""ai4bharat/indictrans2-indic-en-1B"",""decoding"":""beam search, no sampling; reproducibility limited to pinned environment/hardware"",""device"":""cpu"",""revision"":""ac3daf0ecd37be3b6957764a9179ab2b07fa9d6a"",""seed"":20260912,""torch_version"":""2.14.0+cpu""}"
record:8149076702e0c98c5dfd86b32fdd3aae932401630b35cb462f974d25cba26a6e,563672502153801729,indictrans2,ai4bharat/indictrans2-indic-en-1B,ai4bharat/indictrans2-indic-en-1B,"Traffic Alert: Surajkund fair is going on at Pul Prahladpur, due to which there is a lot of traffic.",SUCCESS,2026-09-12T18:11:34.421542+00:00,20260912_blind_v5,8d8f5fcab9e03c6a1dfc90d5a2bfc7a3f92959df7f202b8e9bd65a169f2d9337,2c7d9694931486c20cb0ae31be7102acef458c234f1173b13abbcdd38ac36c54,8fdbbabf8c1d16bf85ff0437344f4b54742d68c6d4eda9fba3eecc0ed18ad6a6,True,77.988019,,"{""actual_model"":""ai4bharat/indictrans2-indic-en-1B"",""decoding"":""beam search, no sampling; reproducibility limited to pinned environment/hardware"",""device"":""cpu"",""revision"":""ac3daf0ecd37be3b6957764a9179ab2b07fa9d6a"",""seed"":20260912,""torch_version"":""2.14.0+cpu""}"
record:8152ee49434803cdbd85ae2f29d63d57a9e1c2de78f37953e967b63e7a542919,547019677063708672,indictrans2,ai4bharat/indictrans2-indic-en-1B,ai4bharat/indictrans2-indic-en-1B,Traffic Alert Traffic on Lala Lajpat Rai Marg from New Delhi towards Moolchand has become heavy.,SUCCESS,2026-09-12T18:12:52.411915+00:00,20260912_blind_v5,8d8f5fcab9e03c6a1dfc90d5a2bfc7a3f92959df7f202b8e9bd65a169f2d9337,ab3ef7f3746bd03e3b7603785f31b2a4ec4374513ac800ce7ff1a756da65e5c0,7042a0bd31b981511ecdb2912fb2f6aba35182eca9501c2f56ad0898b3a1de6e,True,23.6627,,"{""actual_model"":""ai4bharat/indictrans2-indic-en-1B"",""decoding"":""beam search, no sampling; reproducibility limited to pinned environment/hardware"",""device"":""cpu"",""revision"":""ac3daf0ecd37be3b6957764a9179ab2b07fa9d6a"",""seed"":20260912,""torch_version"":""2.14.0+cpu""}"
record:81cf129207ab5250aaee66bb7446a97c14b2234feea94fc06bf3d2f3d35ba6cc,773031551319748608,indictrans2,ai4bharat/indictrans2-indic-en-1B,ai4bharat/indictrans2-indic-en-1B,Traffic Alert - Traffic is disrupted due to water leakage near Mall Road T-point on University Road.,SUCCESS,2026-09-12T18:13:16.076578+00:00,20260912_blind_v5,8d8f5fcab9e03c6a1dfc90d5a2bfc7a3f92959df7f202b8e9bd65a169f2d9337,b6322e218947dd9a1bf978554faa8d2db96b14391bcab1c622dbf520835f0d8b,9eb0a25e87f6aab126b6df44a96c467dc9e1e8f9ee7f44d48f31af35a7216211,True,5.125443,,"{""actual_model"":""ai4bharat/indictrans2-indic-en-1B"",""decoding"":""beam search, no sampling; reproducibility limited to pinned environment/hardware"",""device"":""cpu"",""revision"":""ac3daf0ecd37be3b6957764a9179ab2b07fa9d6a"",""seed"":20260912,""torch_version"":""2.14.0+cpu""}"
record:822ed4946515b20ed46969ddace06bf6210a91b6674e035ec869128908d2b9fb,964359646986162176,indictrans2,ai4bharat/indictrans2-indic-en-1B,ai4bharat/indictrans2-indic-en-1B,"Traffic Alert Due to bridge collapse at Military Cut, the road from Anand Parbat to Military Cut has been closed for repairs. Vehicles going towards Sarai Rohilla and Zakhira will take a U-turn from Khalsa College and go through Rohtak Road.",SUCCESS,2026-09-12T18:13:21.201695+00:00,20260912_blind_v5,8d8f5fcab9e03c6a1dfc90d5a2bfc7a3f92959df7f202b8e9bd65a169f2d9337,92864b6ba7e01c8f3f2ee399e25e0cb98a3c71dd1ba6cb54a26b300306e38064,670c40ad6ffa5c3d1a0e2974f70e34cb07b89319db7f26b87e916bce0cac4055,True,12.199977,,"{""actual_model"":""ai4bharat/indictrans2-indic-en-1B"",""decoding"":""beam search, no sampling; reproducibility limited to pinned environment/hardware"",""device"":""cpu"",""revision"":""ac3daf0ecd37be3b6957764a9179ab2b07fa9d6a"",""seed"":20260912,""torch_version"":""2.14.0+cpu""}"
record:82a093cc92ce34aedc995c664a7dd63fba35344b95f4ad36b6c7007e8f6ff875,903444412583182336,indictrans2,ai4bharat/indictrans2-indic-en-1B,ai4bharat/indictrans2-indic-en-1B,Traffic Alert: There is a big pothole on the road in front of Bharat Petrol Pump on the route from Olof Palme Marg towards RTR.,SUCCESS,2026-09-12T18:13:33.403171+00:00,20260912_blind_v5,8d8f5fcab9e03c6a1dfc90d5a2bfc7a3f92959df7f202b8e9bd65a169f2d9337,63fadc5c2dfa8e280e0b3133e8bc1284413505a72cdd38cf64a58f6cfe488bf3,a7957be7e7424a87db864d17bcf4c3f5fa340ef187bf6f28e848d42cd232f4c5,True,43.466261,,"{""actual_model"":""ai4bharat/indictrans2-indic-en-1B"",""decoding"":""beam search, no sampling; reproducibility limited to pinned environment/hardware"",""device"":""cpu"",""revision"":""ac3daf0ecd37be3b6957764a9179ab2b07fa9d6a"",""seed"":20260912,""torch_version"":""2.14.0+cpu""}"
record:82ff50f6067e80c65e9727cc8653c18e36405f62153c4399d2f2f39ebf8be251,1011424281404870656,indictrans2,ai4bharat/indictrans2-indic-en-1B,ai4bharat/indictrans2-indic-en-1B,"Traffic Alert After reaching Dhaula Kuan from Moti Bagh, the road towards Gurgaon near ARSD College has been closed.",SUCCESS,2026-09-12T18:14:16.863116+00:00,20260912_blind_v5,8d8f5fcab9e03c6a1dfc90d5a2bfc7a3f92959df7f202b8e9bd65a169f2d9337,25acddbb3a24181041dcfce413a299c20246fdf10f20fae1ca98de63b5644298,7ed05614054530dd0929e250d5c958518d10140c42acb5cf5ab1f0ee6488303a,True,36.785366,,"{""actual_model"":""ai4bharat/indictrans2-indic-en-1B"",""decoding"":""beam search, no sampling; reproducibility limited to pinned environment/hardware"",""device"":""cpu"",""revision"":""ac3daf0ecd37be3b6957764a9179ab2b07fa9d6a"",""seed"":20260912,""torch_version"":""2.14.0+cpu""}"
record:83c57880876ed3c6ca7df784b5bc78a49a9bd398781a0ee4333d919b4bbed911,773684127509913600,indictrans2,ai4bharat/indictrans2-indic-en-1B,ai4bharat/indictrans2-indic-en-1B,"Traffic Alert Due to the high number of trucks in the Azadpur vegetable market, there is more traffic from Azadpur towards Mukarba Chowk.",SUCCESS,2026-09-12T18:14:53.651618+00:00,20260912_blind_v5,8d8f5fcab9e03c6a1dfc90d5a2bfc7a3f92959df7f202b8e9bd65a169f2d9337,7cfc13fe66ea62b3ed1089e27e6e9530d06cd036c5e8ee8043a70e3591b545bf,2b35ae356545394b3aaa6e606e4114b56c6d5d7032961ad6c439f2afc861858b,True,31.758807,,"{""actual_model"":""ai4bharat/indictrans2-indic-en-1B"",""decoding"":""beam search, no sampling; reproducibility limited to pinned environment/hardware"",""device"":""cpu"",""revision"":""ac3daf0ecd37be3b6957764a9179ab2b07fa9d6a"",""seed"":20260912,""torch_version"":""2.14.0+cpu""}"
record:84733b70ae8ad43a557969301019af9c93485c92e8e5c6c07c99e73861f6df40,1106536442505900034,indictrans2,ai4bharat/indictrans2-indic-en-1B,ai4bharat/indictrans2-indic-en-1B,"Traffic Alert Due to the program at Hindu College, traffic is blocked from Chobarja Chowk towards University Road.",SUCCESS,2026-09-12T18:15:25.411438+00:00,20260912_blind_v5,8d8f5fcab9e03c6a1dfc90d5a2bfc7a3f92959df7f202b8e9bd65a169f2d9337,166ce2dcd849f9bc79b5a9fa4c98d55dcdb4bcfde8ce66d4bd1ef22dc4aecae9,ac211e9dec9e4a9f9c3ad3a00e8092a725b9af57a9c7f4781bea390788000dbe,True,25.427761,,"{""actual_model"":""ai4bharat/indictrans2-indic-en-1B"",""decoding"":""beam search, no sampling; reproducibility limited to pinned environment/hardware"",""device"":""cpu"",""revision"":""ac3daf0ecd37be3b6957764a9179ab2b07fa9d6a"",""seed"":20260912,""torch_version"":""2.14.0+cpu""}"
record:84bc9210f381bf4b4b4eeb1bb61633b2772596c4146ba834a4f5c35afb9510d5,1044080421888303104,indictrans2,ai4bharat/indictrans2-indic-en-1B,ai4bharat/indictrans2-indic-en-1B,Traffic Alert Traffic is affected due to waterlogging on the route from Mehrauli Badarpur Road T-point towards Hamdard!,SUCCESS,2026-09-12T18:15:50.843508+00:00,20260912_blind_v5,8d8f5fcab9e03c6a1dfc90d5a2bfc7a3f92959df7f202b8e9bd65a169f2d9337,f6cc94ff1a7bebf96e61189fd4cfdcb50e0cce6983a05a8243cd272a1410149d,0c63e665bb3d9fa8cd7ffe37bc2c3dbdc685827ec81a2b2d60fcf0b5316e09f0,True,8.953347,,"{""actual_model"":""ai4bharat/indictrans2-indic-en-1B"",""decoding"":""beam search, no sampling; reproducibility limited to pinned environment/hardware"",""device"":""cpu"",""revision"":""ac3daf0ecd37be3b6957764a9179ab2b07fa9d6a"",""seed"":20260912,""torch_version"":""2.14.0+cpu""}"
record:84d198e9bbd4b0f4ca83efd047e1c58024095c11ae9c7bc0148188abc7795e1c,1068390533184204800,indictrans2,ai4bharat/indictrans2-indic-en-1B,ai4bharat/indictrans2-indic-en-1B,Traffic Alert All India Kisan Sangharsh Coordination Committee march has reached Parliament Street (near Police Station). Traffic is affected here.,SUCCESS,2026-09-12T18:15:59.797487+00:00,20260912_blind_v5,8d8f5fcab9e03c6a1dfc90d5a2bfc7a3f92959df7f202b8e9bd65a169f2d9337,f068d30ddda49f3b5907c4650835ddcc4cf037ed0870ab429d9348a4a22ded98,4d1b1454c31c9ead31e1205e8700751ea7caac9c7f3974263c3de3901b8f9cc1,True,7.273044,,"{""actual_model"":""ai4bharat/indictrans2-indic-en-1B"",""decoding"":""beam search, no sampling; reproducibility limited to pinned environment/hardware"",""device"":""cpu"",""revision"":""ac3daf0ecd37be3b6957764a9179ab2b07fa9d6a"",""seed"":20260912,""torch_version"":""2.14.0+cpu""}"
record:8575654e9572bbdea4f460c5d9cdbfc3a15c2ccf742ddbc964f1874998bb7bee,1077068042964688896,indictrans2,ai4bharat/indictrans2-indic-en-1B,ai4bharat/indictrans2-indic-en-1B,Traffic Alert MCD Toll work is going on at Tikri Border and Nangloi road construction work is being done by PWD due to which 2 lines of the route from Tikri Border to Nangloi will be closed for traffic |जिसकी due to which there will be more traffic for the next 15 days.,SUCCESS,2026-09-12T18:16:07.069394+00:00,20260912_blind_v5,8d8f5fcab9e03c6a1dfc90d5a2bfc7a3f92959df7f202b8e9bd65a169f2d9337,01c4e36e2ab16986ce1eb9ae5d86a33bbd6a0aa9d9950755aff0a2cb5e1f5091,b171fddf0057a937340d24d78c752b9092f91851e3272b0c82be8e11ecbab610,True,42.497575,,"{""actual_model"":""ai4bharat/indictrans2-indic-en-1B"",""decoding"":""beam search, no sampling; reproducibility limited to pinned environment/hardware"",""device"":""cpu"",""revision"":""ac3daf0ecd37be3b6957764a9179ab2b07fa9d6a"",""seed"":20260912,""torch_version"":""2.14.0+cpu""}"
record:859de0f3fcbb6577d279e49f98f445b6b80568fd04d10eea4a3030c2334a9cab,1082491836617408512,indictrans2,ai4bharat/indictrans2-indic-en-1B,ai4bharat/indictrans2-indic-en-1B,Traffic Alert The road near Talkatora intersection on Bishambar Das Marg has caved in. Avoid using this route.,SUCCESS,2026-09-12T18:16:49.566556+00:00,20260912_blind_v5,8d8f5fcab9e03c6a1dfc90d5a2bfc7a3f92959df7f202b8e9bd65a169f2d9337,3aef20d7fec9555205270a5c5a3224d492024e0f265a7612604bae1ded58c40b,bebbd9b14d2aa059fc38347cb05d2fddacd125924f920f7d3fd20f7b800943cf,True,32.801912,,"{""actual_model"":""ai4bharat/indictrans2-indic-en-1B"",""decoding"":""beam search, no sampling; reproducibility limited to pinned environment/hardware"",""device"":""cpu"",""revision"":""ac3daf0ecd37be3b6957764a9179ab2b07fa9d6a"",""seed"":20260912,""torch_version"":""2.14.0+cpu""}"
record:863da408d7916dbc24d4f8db269c8d039334ec0fc08b97246d6337748df5689a,1084094604050259968,indictrans2,ai4bharat/indictrans2-indic-en-1B,ai4bharat/indictrans2-indic-en-1B,"Traffic Alert Chintamani Red Light T-Point to Vivek Vihar Road near underpass gas pipeline is cut off, traffic is blocked, please avoid using this route.",SUCCESS,2026-09-12T18:17:22.371571+00:00,20260912_blind_v5,8d8f5fcab9e03c6a1dfc90d5a2bfc7a3f92959df7f202b8e9bd65a169f2d9337,68f6c0c736c8490833e21656490f4aaa0401fc4203da4e908c1a3093b2549e17,594265d845f92fa6b31ffebf3a7e208e3456810ceb01e8a74b9f6bdb0ee86397,True,40.124102,,"{""actual_model"":""ai4bharat/indictrans2-indic-en-1B"",""decoding"":""beam search, no sampling; reproducibility limited to pinned environment/hardware"",""device"":""cpu"",""revision"":""ac3daf0ecd37be3b6957764a9179ab2b07fa9d6a"",""seed"":20260912,""torch_version"":""2.14.0+cpu""}"
record:865bd68c288bbed00925e733b0afa1b8bcd1c8ce7b540505364eabb0b0355984,880771856072036352,indictrans2,ai4bharat/indictrans2-indic-en-1B,ai4bharat/indictrans2-indic-en-1B,"Traffic Alert Anganwadi workers are staging a sit-in protest at Rajghat, due to which traffic is heavy at ITO, W-Point and Mandi House.",SUCCESS,2026-09-12T18:18:02.493609+00:00,20260912_blind_v5,8d8f5fcab9e03c6a1dfc90d5a2bfc7a3f92959df7f202b8e9bd65a169f2d9337,1c0f84bcdd6e5dd5fc351f108d1810b61ee11d91172810eb08a1130bc38a4d6f,ace05d7993c3be087d644737a1ebf39ea4c61fa915cc67a0c8bd19f5f8ada4f4,True,14.239752,,"{""actual_model"":""ai4bharat/indictrans2-indic-en-1B"",""decoding"":""beam search, no sampling; reproducibility limited to pinned environment/hardware"",""device"":""cpu"",""revision"":""ac3daf0ecd37be3b6957764a9179ab2b07fa9d6a"",""seed"":20260912,""torch_version"":""2.14.0+cpu""}"
record:866745dae00e9dd247d6d7aa4375ef51a6b0fff2424cd7a9e89dbc11cc651952,1104550569518149632,indictrans2,ai4bharat/indictrans2-indic-en-1B,ai4bharat/indictrans2-indic-en-1B,"Traffic Alert Due to Radha Soami Satsang, traffic will be disrupted on M.G Road, Aurobindo Marg, 100 Foota Road, Anuvrat Marg, CDR Chowk from 08th to 10th March from 4 am to 2 pm.",SUCCESS,2026-09-12T18:18:16.736242+00:00,20260912_blind_v5,8d8f5fcab9e03c6a1dfc90d5a2bfc7a3f92959df7f202b8e9bd65a169f2d9337,634b62c2aa8a584bd329f37a04ecc9c0e6f8395624ebd4b47ea015ee3ed28c1e,d62ac0e6a78512d427520534f55d41b947ff2238ab96cbb0375f64bd1b677ae5,True,13.322502,,"{""actual_model"":""ai4bharat/indictrans2-indic-en-1B"",""decoding"":""beam search, no sampling; reproducibility limited to pinned environment/hardware"",""device"":""cpu"",""revision"":""ac3daf0ecd37be3b6957764a9179ab2b07fa9d6a"",""seed"":20260912,""torch_version"":""2.14.0+cpu""}"
record:86847349bdb254352ade4fcaa13bfc53ae53cc9d2a283dc3a2a9cd17f8c61bc0,1025995436711075841,indictrans2,ai4bharat/indictrans2-indic-en-1B,ai4bharat/indictrans2-indic-en-1B,Traffic Alert Parliament Street (Patel Chowk to Jantar Mantar) has been closed due to sit-in protest.,SUCCESS,2026-09-12T18:18:30.058093+00:00,20260912_blind_v5,8d8f5fcab9e03c6a1dfc90d5a2bfc7a3f92959df7f202b8e9bd65a169f2d9337,60310e78fe8f8812c9e6ea7c54c462606a9914c628fbfb49136200b4568709c9,a101c56c824f7d9b89f3277ac7375e56b7ecdbee9a96870ea402049b544fa160,True,33.565299,,"{""actual_model"":""ai4bharat/indictrans2-indic-en-1B"",""decoding"":""beam search, no sampling; reproducibility limited to pinned environment/hardware"",""device"":""cpu"",""revision"":""ac3daf0ecd37be3b6957764a9179ab2b07fa9d6a"",""seed"":20260912,""torch_version"":""2.14.0+cpu""}"
record:8782102761acfd941db8f74b1cf59986bf507240730865e9f1aa275af8fbd4e6,868057446333284352,indictrans2,ai4bharat/indictrans2-indic-en-1B,ai4bharat/indictrans2-indic-en-1B,Traffic Alert The road leading to Raisina Road from Windsor Place has been closed due to a sit-in protest by Youth Congress workers!,SUCCESS,2026-09-12T18:19:03.621563+00:00,20260912_blind_v5,8d8f5fcab9e03c6a1dfc90d5a2bfc7a3f92959df7f202b8e9bd65a169f2d9337,0a14e53074bc7841c52e74305bcf71dba09eb7cd4c7322aedcbb388b484bf8ee,1dd143340657944dcaa721ced42958b39b88c24fe8d42b66d5ccababf08ce98b,True,39.021202,,"{""actual_model"":""ai4bharat/indictrans2-indic-en-1B"",""decoding"":""beam search, no sampling; reproducibility limited to pinned environment/hardware"",""device"":""cpu"",""revision"":""ac3daf0ecd37be3b6957764a9179ab2b07fa9d6a"",""seed"":20260912,""torch_version"":""2.14.0+cpu""}"
record:87aae242b6ea469c71f79a6932977a47522cbf08b865636b8fe1d7abb25b4248,903097005337067521,indictrans2,ai4bharat/indictrans2-indic-en-1B,ai4bharat/indictrans2-indic-en-1B,"Traffic Alert A tree has fallen near Kirby Place on the route from Kirby Place to Dhaula Kuan, causing heavy traffic.",SUCCESS,2026-09-12T18:19:42.643673+00:00,20260912_blind_v5,8d8f5fcab9e03c6a1dfc90d5a2bfc7a3f92959df7f202b8e9bd65a169f2d9337,7839261d27c6166a9e34d30e47e38e74dc89189cabea1294ea9b6fdf6bcfe3a7,78d7363f658fae4951fc6a0176d926c00537a7561b94d8c94cca6d71e57cff1a,True,36.115469,,"{""actual_model"":""ai4bharat/indictrans2-indic-en-1B"",""decoding"":""beam search, no sampling; reproducibility limited to pinned environment/hardware"",""device"":""cpu"",""revision"":""ac3daf0ecd37be3b6957764a9179ab2b07fa9d6a"",""seed"":20260912,""torch_version"":""2.14.0+cpu""}"
record:87f7f6bdd05e3ecba3246ca3914b30780340b15331b3dd11d1a92976870f46ff,817549217145065472,indictrans2,ai4bharat/indictrans2-indic-en-1B,ai4bharat/indictrans2-indic-en-1B,Traffic Alert Delhi Jal Board is laying pipelines at Eidgah roundabout en route from Azad Market Chowk to Filmistan.,SUCCESS,2026-09-12T18:20:18.761310+00:00,20260912_blind_v5,8d8f5fcab9e03c6a1dfc90d5a2bfc7a3f92959df7f202b8e9bd65a169f2d9337,2040ae9ffb2252b660031d2e19e78184c1e8d83064e51919cd490579e54dfaa7,14de31185a37b5e871bbe86cd22d6821d41437f80059a5022fb6b2dec9d6b3f4,True,7.075573,,"{""actual_model"":""ai4bharat/indictrans2-indic-en-1B"",""decoding"":""beam search, no sampling; reproducibility limited to pinned environment/hardware"",""device"":""cpu"",""revision"":""ac3daf0ecd37be3b6957764a9179ab2b07fa9d6a"",""seed"":20260912,""torch_version"":""2.14.0+cpu""}"
record:883a9879ec4b5c91eb35ee85fee9b088dfcebc4d549f15a64267689e2426f536,1047011304102420480,indictrans2,ai4bharat/indictrans2-indic-en-1B,ai4bharat/indictrans2-indic-en-1B,Traffic Alert 1. NH-28 and NH-29 are closed for traffic. Please use DND F / O going to NH-24. Use Vikas Marg to go from Delhi to Ghaziabad.,SUCCESS,2026-09-12T18:20:25.836838+00:00,20260912_blind_v5,8d8f5fcab9e03c6a1dfc90d5a2bfc7a3f92959df7f202b8e9bd65a169f2d9337,e009e36f9de5397e346ab5b19f228f03576855af7479a74645b58c1ef7a82d4c,213efb784c21432609518c7d253ddbedb9b82155bfddda9aaba780b9e8c960e0,True,10.889362,,"{""actual_model"":""ai4bharat/indictrans2-indic-en-1B"",""decoding"":""beam search, no sampling; reproducibility limited to pinned environment/hardware"",""device"":""cpu"",""revision"":""ac3daf0ecd37be3b6957764a9179ab2b07fa9d6a"",""seed"":20260912,""torch_version"":""2.14.0+cpu""}"
record:8899ecccc32f36c578f04a63bee014761b4aae5c799485cc529710eb6b40b957,1034323999323373568,indictrans2,ai4bharat/indictrans2-indic-en-1B,ai4bharat/indictrans2-indic-en-1B,Traffic Alert Traffic is affected due to waterlogging on the route from Mundka to Rajdhani Park!,SUCCESS,2026-09-12T18:20:36.726723+00:00,20260912_blind_v5,8d8f5fcab9e03c6a1dfc90d5a2bfc7a3f92959df7f202b8e9bd65a169f2d9337,de4a4aaa72f518c4394c8549f92c0391a2570931f8187f9811521fe357108adb,ae89df5c3daa12b75cdf7cd080c445501f853549db2e9f86631ad4b754931e8e,True,11.522193,,"{""actual_model"":""ai4bharat/indictrans2-indic-en-1B"",""decoding"":""beam search, no sampling; reproducibility limited to pinned environment/hardware"",""device"":""cpu"",""revision"":""ac3daf0ecd37be3b6957764a9179ab2b07fa9d6a"",""seed"":20260912,""torch_version"":""2.14.0+cpu""}"
record:894f97e45953e40c0f8b2caf119624269ea00f9ec13ac66cbce7266b23516635,1091352590133198850,indictrans2,ai4bharat/indictrans2-indic-en-1B,ai4bharat/indictrans2-indic-en-1B,Traffic Alert Delhi Jal Board is laying a new pipeline near Ranhola village on Najafgarh road due to which traffic is affected.,SUCCESS,2026-09-12T18:20:48.245909+00:00,20260912_blind_v5,8d8f5fcab9e03c6a1dfc90d5a2bfc7a3f92959df7f202b8e9bd65a169f2d9337,05331b3f1208bf28c3bfd4896be8d6ce4cf95189b86394b8338c87c89a5f4f67,5ebe8d0738c49995734ac1122bd01d653d30917c301c7985e92bdee5bae96835,True,38.802486,,"{""actual_model"":""ai4bharat/indictrans2-indic-en-1B"",""decoding"":""beam search, no sampling; reproducibility limited to pinned environment/hardware"",""device"":""cpu"",""revision"":""ac3daf0ecd37be3b6957764a9179ab2b07fa9d6a"",""seed"":20260912,""torch_version"":""2.14.0+cpu""}"
record:89b64649a0c6654f9bf4191b81822cab0300bf2c30cff832664adc818950d4f2,1117617399652503553,indictrans2,ai4bharat/indictrans2-indic-en-1B,ai4bharat/indictrans2-indic-en-1B,Traffic Alert Avoid using this route as there will be heavy traffic on both sides due to the arrival of more trucks at Azadpur Sabzi Mandi.,SUCCESS,2026-09-12T18:21:27.051405+00:00,20260912_blind_v5,8d8f5fcab9e03c6a1dfc90d5a2bfc7a3f92959df7f202b8e9bd65a169f2d9337,7dab28289704dae995e86cc96cd5aaf1b3cffe2f610a8dd31e47f385c5deac4e,2134a686e99be16993c1bb8eb196aa0b84bef6e28bd54983b0dd88fde08beac9,True,41.502037,,"{""actual_model"":""ai4bharat/indictrans2-indic-en-1B"",""decoding"":""beam search, no sampling; reproducibility limited to pinned environment/hardware"",""device"":""cpu"",""revision"":""ac3daf0ecd37be3b6957764a9179ab2b07fa9d6a"",""seed"":20260912,""torch_version"":""2.14.0+cpu""}"
record:8a0a2660b4645ccabbb7831e1c1f9d1c9838933cd02097f3c615070f679ae486,887265875820032001,indictrans2,ai4bharat/indictrans2-indic-en-1B,ai4bharat/indictrans2-indic-en-1B,Traffic Alert There is heavy traffic on Bangla Sahib Marg and Baba Kharak Singh Marg due to Guru Harkrishan's birth festival.,SUCCESS,2026-09-12T18:22:08.551316+00:00,20260912_blind_v5,8d8f5fcab9e03c6a1dfc90d5a2bfc7a3f92959df7f202b8e9bd65a169f2d9337,1c0ca4dc3ad7bf2bc337f5604ca3a4ce3459d4a23d05b6ffe537c0e7e34f4066,762085a4b104137c06dfa906ba8c2303fa25a93bf497bdc3b59941e3545e58c4,True,22.96593,,"{""actual_model"":""ai4bharat/indictrans2-indic-en-1B"",""decoding"":""beam search, no sampling; reproducibility limited to pinned environment/hardware"",""device"":""cpu"",""revision"":""ac3daf0ecd37be3b6957764a9179ab2b07fa9d6a"",""seed"":20260912,""torch_version"":""2.14.0+cpu""}"
record:8addd6040297578b05c1e83c66975bc5256371f7e5ff141861d33737d5a719b3,1121620211377950721,indictrans2,ai4bharat/indictrans2-indic-en-1B,ai4bharat/indictrans2-indic-en-1B,"Traffic Alert A water pipeline has broken near the railway underpass going from Pratap Nagar to Azad Market, due to which traffic is disrupted.",SUCCESS,2026-09-12T18:22:31.519937+00:00,20260912_blind_v5,8d8f5fcab9e03c6a1dfc90d5a2bfc7a3f92959df7f202b8e9bd65a169f2d9337,4c0a48e1ebb9edea7f290fd8461432c0ab6b35d1e5c5b040e63f2469deaad869,3f62398f08187a338d37a16b4fa5e322ae976087dc95fbcfaf4e4ac09b17a4ca,True,6.029569,,"{""actual_model"":""ai4bharat/indictrans2-indic-en-1B"",""decoding"":""beam search, no sampling; reproducibility limited to pinned environment/hardware"",""device"":""cpu"",""revision"":""ac3daf0ecd37be3b6957764a9179ab2b07fa9d6a"",""seed"":20260912,""torch_version"":""2.14.0+cpu""}"
record:8b4acf865048c85422a232ff86a2530bd7b56be2fe34faf0cf4619fd1beeb0af,892016002120077314,indictrans2,ai4bharat/indictrans2-indic-en-1B,ai4bharat/indictrans2-indic-en-1B,"Traffic Alert Traffic is heavy on Mathura Road, C-Hexagon, Bhairon Marg and Rajpath due to rain.",SUCCESS,2026-09-12T18:22:37.547757+00:00,20260912_blind_v5,8d8f5fcab9e03c6a1dfc90d5a2bfc7a3f92959df7f202b8e9bd65a169f2d9337,07a25c198c91cc124df78b159c5cce24dd74739dd259c1dfd3b7510d86fa75e8,884d6586dcf1756e402d694a0bfbf4008b64fb656861b0c66a3b7011eed6b5ff,True,6.823216,,"{""actual_model"":""ai4bharat/indictrans2-indic-en-1B"",""decoding"":""beam search, no sampling; reproducibility limited to pinned environment/hardware"",""device"":""cpu"",""revision"":""ac3daf0ecd37be3b6957764a9179ab2b07fa9d6a"",""seed"":20260912,""torch_version"":""2.14.0+cpu""}"
record:8bcfdaf1609ef837c4eaecf9e947a483f4d0af158f3065008b5669daeae6f60d,907058053815472129,indictrans2,ai4bharat/indictrans2-indic-en-1B,ai4bharat/indictrans2-indic-en-1B,"Traffic Alert A tree has fallen in front of Chhattisgarh Bhawan on the route from Dhaula Kuan to 11 Murti, disrupting traffic.",SUCCESS,2026-09-12T18:22:44.374921+00:00,20260912_blind_v5,8d8f5fcab9e03c6a1dfc90d5a2bfc7a3f92959df7f202b8e9bd65a169f2d9337,592ba035db7be34ff444dd357e436a759a40e5330fc4e6ab5a4b4f04a519c1fd,cd502d95ceb52663d40a94a7f73b34b0c0458f95c01bb1bb26fd7456351d449f,True,6.814475,,"{""actual_model"":""ai4bharat/indictrans2-indic-en-1B"",""decoding"":""beam search, no sampling; reproducibility limited to pinned environment/hardware"",""device"":""cpu"",""revision"":""ac3daf0ecd37be3b6957764a9179ab2b07fa9d6a"",""seed"":20260912,""torch_version"":""2.14.0+cpu""}"
record:8bf988ac4ae6ac8c9aa6216e1d4f4d399e09da48e437630b7cab500864bc5b90,1089499637428428800,indictrans2,ai4bharat/indictrans2-indic-en-1B,ai4bharat/indictrans2-indic-en-1B,Traffic Alert: Traffic is disrupted near Subhash Nagar Chowk due to heavy vehicular movement at Pacific Mall.,SUCCESS,2026-09-12T18:22:51.189542+00:00,20260912_blind_v5,8d8f5fcab9e03c6a1dfc90d5a2bfc7a3f92959df7f202b8e9bd65a169f2d9337,cec54c970b94db98d5e9131559ce351d704b7d9719019b56e3e08992b168e62c,954564d1cd1fb747fca27a88d51f2a1ff313a15b768d6c1c9fb4297d43ede82e,True,23.868406,,"{""actual_model"":""ai4bharat/indictrans2-indic-en-1B"",""decoding"":""beam search, no sampling; reproducibility limited to pinned environment/hardware"",""device"":""cpu"",""revision"":""ac3daf0ecd37be3b6957764a9179ab2b07fa9d6a"",""seed"":20260912,""torch_version"":""2.14.0+cpu""}"
record:8c3c65e2b2c19510b0525f838f0ac68fec15f4d3ee64137fe321d985729b5500,895945934026153984,indictrans2,ai4bharat/indictrans2-indic-en-1B,ai4bharat/indictrans2-indic-en-1B,"Traffic Alert I.P. Demonstrating on Anganwadi Road from College to Assembly, 2 / 1",SUCCESS,2026-09-12T18:23:15.059327+00:00,20260912_blind_v5,8d8f5fcab9e03c6a1dfc90d5a2bfc7a3f92959df7f202b8e9bd65a169f2d9337,d762a2f43031a71992f92c166be34712bd7105882b7bdd1d73af2baf07f60f26,94c8030b2b29652ed7e6ef275e92805c1d5980a5cbac886c9a7b4a29d269c97b,True,28.644633,,"{""actual_model"":""ai4bharat/indictrans2-indic-en-1B"",""decoding"":""beam search, no sampling; reproducibility limited to pinned environment/hardware"",""device"":""cpu"",""revision"":""ac3daf0ecd37be3b6957764a9179ab2b07fa9d6a"",""seed"":20260912,""torch_version"":""2.14.0+cpu""}"
record:8c3dbc3b96ee8a8923f8e60a3b0d8bf5fbf42d9c72493f33553843b2b788a659,980638565943005184,indictrans2,ai4bharat/indictrans2-indic-en-1B,ai4bharat/indictrans2-indic-en-1B,"Traffic Alert The red light of Maa Anandmayi Marg has been broken by a falling tree, which will affect traffic.",SUCCESS,2026-09-12T18:23:43.702531+00:00,20260912_blind_v5,8d8f5fcab9e03c6a1dfc90d5a2bfc7a3f92959df7f202b8e9bd65a169f2d9337,129ef1c260e58a202460f845e0cd7e4e6b257a6a740af7f1c60d84bbb71a59b8,49129807f7a996cb18b43edf8917d1faa75ea283673b9c2d02f5ff6dc5d18c3f,True,32.476021,,"{""actual_model"":""ai4bharat/indictrans2-indic-en-1B"",""decoding"":""beam search, no sampling; reproducibility limited to pinned environment/hardware"",""device"":""cpu"",""revision"":""ac3daf0ecd37be3b6957764a9179ab2b07fa9d6a"",""seed"":20260912,""torch_version"":""2.14.0+cpu""}"
record:8c63db653345752ccf3c66b074f101697a22d5fc4950d786708b3115c986c34b,892033173479014402,indictrans2,ai4bharat/indictrans2-indic-en-1B,ai4bharat/indictrans2-indic-en-1B,"Traffic Alert Traffic is normal on Mathura Road, C-Hexagon, Bhairon Marg and Rajpath.",SUCCESS,2026-09-12T18:24:16.180794+00:00,20260912_blind_v5,8d8f5fcab9e03c6a1dfc90d5a2bfc7a3f92959df7f202b8e9bd65a169f2d9337,bc2515f1f165882b202c3c2dd663cf61d4c6b24ee2689bcac80ca540f68bc0a5,791d04507ae5e0b2578747c19f179cdc48ce6f8305af6caa9f7facb83d6d43d4,True,22.504431,,"{""actual_model"":""ai4bharat/indictrans2-indic-en-1B"",""decoding"":""beam search, no sampling; reproducibility limited to pinned environment/hardware"",""device"":""cpu"",""revision"":""ac3daf0ecd37be3b6957764a9179ab2b07fa9d6a"",""seed"":20260912,""torch_version"":""2.14.0+cpu""}"
record:8c99b9bb5c6e6cf42b85ad39c602b10658feb7687f0dbdea75972ed1221ee7a5,1095030100167483394,indictrans2,ai4bharat/indictrans2-indic-en-1B,ai4bharat/indictrans2-indic-en-1B,Traffic Alert A high mast lighting pole that had collapsed on the route from Mayapuri Metro Station to Dhaula Kuan has been removed.,SUCCESS,2026-09-12T18:24:38.684263+00:00,20260912_blind_v5,8d8f5fcab9e03c6a1dfc90d5a2bfc7a3f92959df7f202b8e9bd65a169f2d9337,ba56a6afbbe6aeca3ea9ecdda5ea03dab655a8345a0cce609d2696ce90cdbe36,43fd32d31f6c9f1c92c5855a13b84ab23889840b2d63aae88aba6bf1476459d4,True,6.536106,,"{""actual_model"":""ai4bharat/indictrans2-indic-en-1B"",""decoding"":""beam search, no sampling; reproducibility limited to pinned environment/hardware"",""device"":""cpu"",""revision"":""ac3daf0ecd37be3b6957764a9179ab2b07fa9d6a"",""seed"":20260912,""torch_version"":""2.14.0+cpu""}"
record:8cd5ad1f686250b20fb3cb44590cfd56abbe8fa300e253cf5139d63396968c2e,1034372822204731392,indictrans2,ai4bharat/indictrans2-indic-en-1B,ai4bharat/indictrans2-indic-en-1B,"Traffic Alert Traffic is affected due to a fallen tree on Naraina to Naraina Vihar, O P Bharti Marg!",SUCCESS,2026-09-12T18:24:45.221264+00:00,20260912_blind_v5,8d8f5fcab9e03c6a1dfc90d5a2bfc7a3f92959df7f202b8e9bd65a169f2d9337,4f611b85977a9f97c0edce6d9a105f5e5016ae6c9a0b43abe41b69387650b225,b356491dea2ec068cc24d61cb24408ce1324d9a0616523a5f26118af4c97e2c2,True,5.254833,,"{""actual_model"":""ai4bharat/indictrans2-indic-en-1B"",""decoding"":""beam search, no sampling; reproducibility limited to pinned environment/hardware"",""device"":""cpu"",""revision"":""ac3daf0ecd37be3b6957764a9179ab2b07fa9d6a"",""seed"":20260912,""torch_version"":""2.14.0+cpu""}"
record:8d6cac32eaa85dd13e7f24600a39314ab637f51cccbaf1e2afaec15e9d344906,591567918887870464,indictrans2,ai4bharat/indictrans2-indic-en-1B,ai4bharat/indictrans2-indic-en-1B,Traffic Alert A bus has gone over the divider near Sanyasi Ashram. Traffic is not disrupted.,SUCCESS,2026-09-12T18:24:50.476521+00:00,20260912_blind_v5,8d8f5fcab9e03c6a1dfc90d5a2bfc7a3f92959df7f202b8e9bd65a169f2d9337,3456cb8cd6bec6393d2ff28e3d2499cc443ba2e16d490ebd77c5cecdb29bcbd6,674d7ca97e7df8ea1db1309cfee92c14b541b02e3dee735aae64a49c0f42e41d,True,4.569543,,"{""actual_model"":""ai4bharat/indictrans2-indic-en-1B"",""decoding"":""beam search, no sampling; reproducibility limited to pinned environment/hardware"",""device"":""cpu"",""revision"":""ac3daf0ecd37be3b6957764a9179ab2b07fa9d6a"",""seed"":20260912,""torch_version"":""2.14.0+cpu""}"
record:8e251ec003d71501537e998499da2368f311f686668d4077c955d4552f7081f6,774423039245115393,indictrans2,ai4bharat/indictrans2-indic-en-1B,ai4bharat/indictrans2-indic-en-1B,PART 1 / 2 Traffic Alert - Traffic is moving slow on the road from Azadpur to Mukarba due to the arrival of too many trucks at Azadpur Mandi.,SUCCESS,2026-09-12T18:24:55.045180+00:00,20260912_blind_v5,8d8f5fcab9e03c6a1dfc90d5a2bfc7a3f92959df7f202b8e9bd65a169f2d9337,22f41ac871aac3d8e24f89b3d8ba6f4089fbe2217bcde9395d70e5dfc9e53c89,f54e1c034a7a609e73e3714dc8bd537a75c31e0677bc7386b916c567df408afc,True,14.701615,,"{""actual_model"":""ai4bharat/indictrans2-indic-en-1B"",""decoding"":""beam search, no sampling; reproducibility limited to pinned environment/hardware"",""device"":""cpu"",""revision"":""ac3daf0ecd37be3b6957764a9179ab2b07fa9d6a"",""seed"":20260912,""torch_version"":""2.14.0+cpu""}"
record:8e42a9466bd59531bf48c453bcec309613e028465fcc24b2b02666bbb437fd1f,964532310136700928,indictrans2,ai4bharat/indictrans2-indic-en-1B,ai4bharat/indictrans2-indic-en-1B,Traffic Alert Traffic will be closed from Nelson Mandela Intersection to Eastern Road Intersection from 10 pm to 6 am. Vehicles intending to take Rama Koti Road from Nelson Mandela and Munirka should take Vivekananda Road.,SUCCESS,2026-09-12T18:25:09.749477+00:00,20260912_blind_v5,8d8f5fcab9e03c6a1dfc90d5a2bfc7a3f92959df7f202b8e9bd65a169f2d9337,9c8402a818f5b9ac04b350ce7cecbd952a1dd43c1b9f2fe57b05b3d0006e76f3,f11463da3fc4922074b4798acaeb0e6600db8ba138b8babbe1bafde9227257de,True,56.967596,,"{""actual_model"":""ai4bharat/indictrans2-indic-en-1B"",""decoding"":""beam search, no sampling; reproducibility limited to pinned environment/hardware"",""device"":""cpu"",""revision"":""ac3daf0ecd37be3b6957764a9179ab2b07fa9d6a"",""seed"":20260912,""torch_version"":""2.14.0+cpu""}"
record:8ecd97a7f0d017562003763a0e989fcfce18bad6be9165303d113d6cda31ad2b,997139544863457283,indictrans2,ai4bharat/indictrans2-indic-en-1B,ai4bharat/indictrans2-indic-en-1B,Traffic Alert Both carriageways of Nishad Raj Marg have been closed due to Namaz.,SUCCESS,2026-09-12T18:26:06.716152+00:00,20260912_blind_v5,8d8f5fcab9e03c6a1dfc90d5a2bfc7a3f92959df7f202b8e9bd65a169f2d9337,71cc7bcb551f2c48aa1ac9360c9faa0b99ebdee7ba8ed14c9a9782a488a104f7,7ed977b24f32549c3347c18e4eb74de0abfb9592dee6a1963ddeee63cea07b15,True,24.885845,,"{""actual_model"":""ai4bharat/indictrans2-indic-en-1B"",""decoding"":""beam search, no sampling; reproducibility limited to pinned environment/hardware"",""device"":""cpu"",""revision"":""ac3daf0ecd37be3b6957764a9179ab2b07fa9d6a"",""seed"":20260912,""torch_version"":""2.14.0+cpu""}"
record:8f3ec0a91d9afd66d9be13911da126400528c03fc0a5136d77da14efa36be158,1022028054053507072,indictrans2,ai4bharat/indictrans2-indic-en-1B,ai4bharat/indictrans2-indic-en-1B,Traffic Alert Road near Mata Chowk en route Mahipalpur to Vasant Kunj has caved in. Traffic is affected.,SUCCESS,2026-09-12T18:26:31.601302+00:00,20260912_blind_v5,8d8f5fcab9e03c6a1dfc90d5a2bfc7a3f92959df7f202b8e9bd65a169f2d9337,0fcb54a4fba0d33053cf519a4e12d20f7caf0f99b1fe06f11b174aec814a3857,f56c474cf8bcf91cd1f21799d2f7e8a972d39396df3ded30f31029af3a0dde83,True,22.938473,,"{""actual_model"":""ai4bharat/indictrans2-indic-en-1B"",""decoding"":""beam search, no sampling; reproducibility limited to pinned environment/hardware"",""device"":""cpu"",""revision"":""ac3daf0ecd37be3b6957764a9179ab2b07fa9d6a"",""seed"":20260912,""torch_version"":""2.14.0+cpu""}"
record:8f8378166ce188460187e1b24db6a5c85d92bb77ac99dfc2c786639bf6acc914,1036508161048338438,indictrans2,ai4bharat/indictrans2-indic-en-1B,ai4bharat/indictrans2-indic-en-1B,Traffic Alert Traffic on Patparganj Road from Ganesh Nagar Chowk towards Mother Dairy is disrupted due to waterlogging!,SUCCESS,2026-09-12T18:26:54.543305+00:00,20260912_blind_v5,8d8f5fcab9e03c6a1dfc90d5a2bfc7a3f92959df7f202b8e9bd65a169f2d9337,baa164f2da61085df384b0bb9b185376f0d2ece26d5a25ae659ce8ae65b344f2,c6b3314768f139768c0a50388b640eb592a8ad3355602fc92f4380623b635bf6,True,5.800133,,"{""actual_model"":""ai4bharat/indictrans2-indic-en-1B"",""decoding"":""beam search, no sampling; reproducibility limited to pinned environment/hardware"",""device"":""cpu"",""revision"":""ac3daf0ecd37be3b6957764a9179ab2b07fa9d6a"",""seed"":20260912,""torch_version"":""2.14.0+cpu""}"
record:8fa8369389bfaab6049e8a9344f59f39ae2387300d271f026f837d6da45b50bc,996552465137917953,indictrans2,ai4bharat/indictrans2-indic-en-1B,ai4bharat/indictrans2-indic-en-1B,"Traffic Alert A large hoarding has fallen in front of Gaffar Market on Arya Samaj Road, causing heavy traffic in both carriageways.",SUCCESS,2026-09-12T18:27:00.343303+00:00,20260912_blind_v5,8d8f5fcab9e03c6a1dfc90d5a2bfc7a3f92959df7f202b8e9bd65a169f2d9337,c3d57cd41d31cd36c0e43f1799266f1fb666d65cdae041a897beb12fdc18f51b,f3bd895e9f29e6b186f78514cd9fbea48e14d72c650571f23285449dd3a3d52c,True,7.409505,,"{""actual_model"":""ai4bharat/indictrans2-indic-en-1B"",""decoding"":""beam search, no sampling; reproducibility limited to pinned environment/hardware"",""device"":""cpu"",""revision"":""ac3daf0ecd37be3b6957764a9179ab2b07fa9d6a"",""seed"":20260912,""torch_version"":""2.14.0+cpu""}"
record:8fd1631b0d51ba932ca7961d1b746e86749dd75826ca0e326bb03160ffe0cdb7,937885600027258880,indictrans2,ai4bharat/indictrans2-indic-en-1B,ai4bharat/indictrans2-indic-en-1B,Traffic Alert Under IP Flyover to A Point (ITO Chowk) route there is a water pipeline leakage due to which from 0900 AM to 11 AM DTC and commercial vehicles going from Laxmi Nagar to A Point (ITO Chowk) will pass through Ring Road Bhairon Road.,SUCCESS,2026-09-12T18:27:07.751647+00:00,20260912_blind_v5,8d8f5fcab9e03c6a1dfc90d5a2bfc7a3f92959df7f202b8e9bd65a169f2d9337,a5bf04ed42ebe088d94d42600a421984678b35157d8a92834cfb5404645619c7,e6ead0d0ecd749b3cf5c5d87e2af96a59a7f5ea0edc45e5e08d307c3a370f552,True,30.494281,,"{""actual_model"":""ai4bharat/indictrans2-indic-en-1B"",""decoding"":""beam search, no sampling; reproducibility limited to pinned environment/hardware"",""device"":""cpu"",""revision"":""ac3daf0ecd37be3b6957764a9179ab2b07fa9d6a"",""seed"":20260912,""torch_version"":""2.14.0+cpu""}"
record:9061c38fea4f904bd5406ad486380e07e21a912c8c3c39e6145add741f68d40f,1095017915047243776,indictrans2,ai4bharat/indictrans2-indic-en-1B,ai4bharat/indictrans2-indic-en-1B,Traffic Alert Traffic has been diverted from Mayapuri Chowk towards Kirti Nagar due to collapse of High Mast Lighting Pole en route from Mayapuri Metro Station to Dhaula Kuan. pic.twitter.com/Qk6a7v2Eah,SUCCESS,2026-09-12T18:27:38.243698+00:00,20260912_blind_v5,8d8f5fcab9e03c6a1dfc90d5a2bfc7a3f92959df7f202b8e9bd65a169f2d9337,71a1e8bebab0970d862d40c33f6a20fc5b4aef6bd945539c14dd75146adb0eff,7730580829f63aa056ae6ffe1f731237b9686ad729f79f80c324cf42f75fadaf,True,53.875361,,"{""actual_model"":""ai4bharat/indictrans2-indic-en-1B"",""decoding"":""beam search, no sampling; reproducibility limited to pinned environment/hardware"",""device"":""cpu"",""revision"":""ac3daf0ecd37be3b6957764a9179ab2b07fa9d6a"",""seed"":20260912,""torch_version"":""2.14.0+cpu""}"
record:90b5e9d04763a7182a2accb3a74f5eea42675dd70ae427daf92ae5886cff0099,832914049415380992,indictrans2,ai4bharat/indictrans2-indic-en-1B,ai4bharat/indictrans2-indic-en-1B,Traffic Alert Traffic is disrupted on Copernicus Marg towards C-Hexagon due to a fallen tree.,SUCCESS,2026-09-12T18:28:32.124462+00:00,20260912_blind_v5,8d8f5fcab9e03c6a1dfc90d5a2bfc7a3f92959df7f202b8e9bd65a169f2d9337,dfd2926e8ccd778b39eab8081c3d88b0826d340f43d057a177f32bc2bf9eb6e8,15f155a2b7c02f3903f3c077adaa2034c8bb7b0fa9a9e35fa9034260f1e81a58,True,25.370109,,"{""actual_model"":""ai4bharat/indictrans2-indic-en-1B"",""decoding"":""beam search, no sampling; reproducibility limited to pinned environment/hardware"",""device"":""cpu"",""revision"":""ac3daf0ecd37be3b6957764a9179ab2b07fa9d6a"",""seed"":20260912,""torch_version"":""2.14.0+cpu""}"
record:90f675c01a0560f288aee0c75cba695508a0be8318f1b311a153ea57068efd8e,895639854016479232,indictrans2,ai4bharat/indictrans2-indic-en-1B,ai4bharat/indictrans2-indic-en-1B,Traffic Alert There is heavy traffic on Shyamnath Marg due to a fire at a petrol pump near Oberoi Apartments. Please avoid using this route.,SUCCESS,2026-09-12T18:28:57.495216+00:00,20260912_blind_v5,8d8f5fcab9e03c6a1dfc90d5a2bfc7a3f92959df7f202b8e9bd65a169f2d9337,6dd6e26b9950a0bb8812fa9dbc041efbdec363e1fe9dcf6075a34e04b2e2b7f4,b996454b2a070cca3f4d1073583b3c8544b68282bcc8c8455a258b62e5276608,True,7.072456,,"{""actual_model"":""ai4bharat/indictrans2-indic-en-1B"",""decoding"":""beam search, no sampling; reproducibility limited to pinned environment/hardware"",""device"":""cpu"",""revision"":""ac3daf0ecd37be3b6957764a9179ab2b07fa9d6a"",""seed"":20260912,""torch_version"":""2.14.0+cpu""}"
record:918334c486a00497e7107743832112b862ee481537558312d9feec029d94b414,1097768996697300992,indictrans2,ai4bharat/indictrans2-indic-en-1B,ai4bharat/indictrans2-indic-en-1B,Traffic Alert Chhatrapati Shivaji Maharaj's procession which started from Maharashtra Bhawan Delhi has reached Rajendra Prasad Road. Traffic on Madhavrao Scindia Marg-Jaswant Singh Marg is normal now.,SUCCESS,2026-09-12T18:29:04.567351+00:00,20260912_blind_v5,8d8f5fcab9e03c6a1dfc90d5a2bfc7a3f92959df7f202b8e9bd65a169f2d9337,cb8a4f6e3b45e2044a3a27209e3572c6639d95027c3b30e288f09ecf264fb6cc,95a56fd1ae476f37d57a4483796a0136e6c320c0d63f364a11ab34c6f2ad03a6,True,8.297877,,"{""actual_model"":""ai4bharat/indictrans2-indic-en-1B"",""decoding"":""beam search, no sampling; reproducibility limited to pinned environment/hardware"",""device"":""cpu"",""revision"":""ac3daf0ecd37be3b6957764a9179ab2b07fa9d6a"",""seed"":20260912,""torch_version"":""2.14.0+cpu""}"
record:91ead1bffbcad3375b9bd98f534de2ff346e1bee054eeea187119e61af70a997,1036178228845715457,indictrans2,ai4bharat/indictrans2-indic-en-1B,ai4bharat/indictrans2-indic-en-1B,Traffic Alert The road from Burari to Nathupura Kaushik Enclave near City Child Hospital has caved in affecting traffic. Please use caution on the route.,SUCCESS,2026-09-12T18:29:12.865321+00:00,20260912_blind_v5,8d8f5fcab9e03c6a1dfc90d5a2bfc7a3f92959df7f202b8e9bd65a169f2d9337,58abb0c9baa3cec464103220b5552dff9463f4749862811149fe761ce15530d1,6232ffc6790d16b2027724fc98a1b0550651083c97820635cb2a37630254afbd,True,7.220996,,"{""actual_model"":""ai4bharat/indictrans2-indic-en-1B"",""decoding"":""beam search, no sampling; reproducibility limited to pinned environment/hardware"",""device"":""cpu"",""revision"":""ac3daf0ecd37be3b6957764a9179ab2b07fa9d6a"",""seed"":20260912,""torch_version"":""2.14.0+cpu""}"
record:91efb1849da2b15ac9621667bbf56473c5fa1da2cdec3ac782cc21d34dd52faa,1051690576196853762,indictrans2,ai4bharat/indictrans2-indic-en-1B,ai4bharat/indictrans2-indic-en-1B,Traffic Alert Sewer line work is going on near Mother Dairy due to which traffic is affected |कृप्या Avoid using this route. Traffic coming from Narwana should take Mangalam Road via Sarai Kale Khan.,SUCCESS,2026-09-12T18:29:20.087396+00:00,20260912_blind_v5,8d8f5fcab9e03c6a1dfc90d5a2bfc7a3f92959df7f202b8e9bd65a169f2d9337,e0c481c2a880a401bf116a5c1e22988be02935051815b90e70907d25d5822b05,976fcdc9736adddb7c45cf64ac6fbec2f55cdc186a83ab81876045ac465663b6,True,70.284477,,"{""actual_model"":""ai4bharat/indictrans2-indic-en-1B"",""decoding"":""beam search, no sampling; reproducibility limited to pinned environment/hardware"",""device"":""cpu"",""revision"":""ac3daf0ecd37be3b6957764a9179ab2b07fa9d6a"",""seed"":20260912,""torch_version"":""2.14.0+cpu""}"
record:9388df9e2cc2b7fa6e1766682261b0b887863d0c09aad66d7dfc8284915c73b9,592162477787348992,indictrans2,ai4bharat/indictrans2-indic-en-1B,ai4bharat/indictrans2-indic-en-1B,"Traffic Alert A DTC bus DL 1PD 0070 going from Delhi Cantt to DWARKA on Palam Flyover is 093C, sorry for the inconvenience.",SUCCESS,2026-09-12T18:30:30.371193+00:00,20260912_blind_v5,8d8f5fcab9e03c6a1dfc90d5a2bfc7a3f92959df7f202b8e9bd65a169f2d9337,4988073a569c2f5fc5c15dfd31900ced6ca4914af077988a46d62eb64303377d,ca0190b540c57385f87d5d00c4e454f8774fa8077460ec88755fc919da3edfe9,True,29.323079,,"{""actual_model"":""ai4bharat/indictrans2-indic-en-1B"",""decoding"":""beam search, no sampling; reproducibility limited to pinned environment/hardware"",""device"":""cpu"",""revision"":""ac3daf0ecd37be3b6957764a9179ab2b07fa9d6a"",""seed"":20260912,""torch_version"":""2.14.0+cpu""}"
record:93d5843c1720e0f0dd6ff713135592da45715c263297a2e87710b3e86d8224c1,595933462697226240,indictrans2,ai4bharat/indictrans2-indic-en-1B,ai4bharat/indictrans2-indic-en-1B,"Traffic Alert Uttam Nagar Chowk has been dug up by Delhi Jal Board, which has led to heavy traffic.",SUCCESS,2026-09-12T18:30:59.694994+00:00,20260912_blind_v5,8d8f5fcab9e03c6a1dfc90d5a2bfc7a3f92959df7f202b8e9bd65a169f2d9337,3b40209662718a9ec38954a8a04bfbfb106c6f5001ecc8646e10f038b8147fa8,598948bc9028b8fbc48c85133e38fb142ec5237d646604e931ddc3898ca3b8f7,True,5.088365,,"{""actual_model"":""ai4bharat/indictrans2-indic-en-1B"",""decoding"":""beam search, no sampling; reproducibility limited to pinned environment/hardware"",""device"":""cpu"",""revision"":""ac3daf0ecd37be3b6957764a9179ab2b07fa9d6a"",""seed"":20260912,""torch_version"":""2.14.0+cpu""}"
record:9430f6731003ba1a4f9a59f688d2ae92d5208790cf568e8e4f5d682fcc30ea7d,623023191204720640,indictrans2,ai4bharat/indictrans2-indic-en-1B,ai4bharat/indictrans2-indic-en-1B,Traffic Alert Rajouri Under Flyover towards Kapashead\ u093C has caved in causing heavy traffic. Sorry for the inconvenience.,SUCCESS,2026-09-12T18:31:04.784293+00:00,20260912_blind_v5,8d8f5fcab9e03c6a1dfc90d5a2bfc7a3f92959df7f202b8e9bd65a169f2d9337,656cff99d14245cf662d880e321d36a3f9d327d6086fd09b05a22e3de749863c,4616ba1acfe3c0f00931a40cf8646b8a349640502d38ab15509bdf475c975fd0,True,7.312443,,"{""actual_model"":""ai4bharat/indictrans2-indic-en-1B"",""decoding"":""beam search, no sampling; reproducibility limited to pinned environment/hardware"",""device"":""cpu"",""revision"":""ac3daf0ecd37be3b6957764a9179ab2b07fa9d6a"",""seed"":20260912,""torch_version"":""2.14.0+cpu""}"
record:943291e1d9cbf65063f87ea8d95e188243a1813c368e2faedd4b979761c1c86a,1070883718519123973,indictrans2,ai4bharat/indictrans2-indic-en-1B,ai4bharat/indictrans2-indic-en-1B,"Traffic Alert: Munirka to RTR route, PWD work is going on near pillar number 40 & 41 near Munirka Flyover due to which traffic is affected.",SUCCESS,2026-09-12T18:31:12.095316+00:00,20260912_blind_v5,8d8f5fcab9e03c6a1dfc90d5a2bfc7a3f92959df7f202b8e9bd65a169f2d9337,a297bc17a41fd51616dbaeb012ea582c8b19e8d336ddd79291e4407c5c85ecd3,ae9e84624979291862037dcb0ee7c7174e6c28c9646835d1f8cd704d5b63b9c5,True,8.479179,,"{""actual_model"":""ai4bharat/indictrans2-indic-en-1B"",""decoding"":""beam search, no sampling; reproducibility limited to pinned environment/hardware"",""device"":""cpu"",""revision"":""ac3daf0ecd37be3b6957764a9179ab2b07fa9d6a"",""seed"":20260912,""torch_version"":""2.14.0+cpu""}"
record:9463851a11210459677114af132ce47c0eff33bb9e369b44706516689055b2b1,581699642330628096,indictrans2,ai4bharat/indictrans2-indic-en-1B,ai4bharat/indictrans2-indic-en-1B,Traffic Alert Traffic is moving at normal speed near Wazirpur Depot.,SUCCESS,2026-09-12T18:31:20.575238+00:00,20260912_blind_v5,8d8f5fcab9e03c6a1dfc90d5a2bfc7a3f92959df7f202b8e9bd65a169f2d9337,b9d5394c629e6c6d17b9b4c6f2db062084bf2eafcd18f786c8239482adc45568,29b6692999c917ca7d00f0b5f8fdbe10b342428df8ce888b25217b0a7d576c24,True,29.747426,,"{""actual_model"":""ai4bharat/indictrans2-indic-en-1B"",""decoding"":""beam search, no sampling; reproducibility limited to pinned environment/hardware"",""device"":""cpu"",""revision"":""ac3daf0ecd37be3b6957764a9179ab2b07fa9d6a"",""seed"":20260912,""torch_version"":""2.14.0+cpu""}"
record:94de5bdc1318d567088043953c8c20795dc740f870ac0727cd36b5eb5fd76122,1090608305989476357,indictrans2,ai4bharat/indictrans2-indic-en-1B,ai4bharat/indictrans2-indic-en-1B,Traffic Alert Traffic on route from Mundka to Rani Kheda (both carriageways) is disrupted due to fallen electric poles.,SUCCESS,2026-09-12T18:31:50.325584+00:00,20260912_blind_v5,8d8f5fcab9e03c6a1dfc90d5a2bfc7a3f92959df7f202b8e9bd65a169f2d9337,9ef09b520c58fdc48b63c803b01d23ee13e60e60bc9b731b2f13e7e006e06b37,db89170aaefff34292c3f2aac18ec9aaf44e5b1c6178f5a62ece09a32c32bacb,True,41.600249,,"{""actual_model"":""ai4bharat/indictrans2-indic-en-1B"",""decoding"":""beam search, no sampling; reproducibility limited to pinned environment/hardware"",""device"":""cpu"",""revision"":""ac3daf0ecd37be3b6957764a9179ab2b07fa9d6a"",""seed"":20260912,""torch_version"":""2.14.0+cpu""}"
record:95340c14e49c90fc30b56cfc167431d52e8a394de40e9bc9b55ba0e634733131,1067051072152252416,indictrans2,ai4bharat/indictrans2-indic-en-1B,ai4bharat/indictrans2-indic-en-1B,Traffic Alert A car has caught fire near Bhartiya Sadhu Samaj roundabout on Sardar Patel Marg disrupting traffic.,SUCCESS,2026-09-12T18:32:31.926539+00:00,20260912_blind_v5,8d8f5fcab9e03c6a1dfc90d5a2bfc7a3f92959df7f202b8e9bd65a169f2d9337,28b5efb4c4471cffac39e8ffc9f2c10901586913b081b9e37241b2f66848564f,7aef435e97206f4e82ce51574bf6209806762851ee796a9be545f338cc0844ce,True,23.106357,,"{""actual_model"":""ai4bharat/indictrans2-indic-en-1B"",""decoding"":""beam search, no sampling; reproducibility limited to pinned environment/hardware"",""device"":""cpu"",""revision"":""ac3daf0ecd37be3b6957764a9179ab2b07fa9d6a"",""seed"":20260912,""torch_version"":""2.14.0+cpu""}"
record:9582f8ec0882bb27e9ff46fa77127777c61994bd014c64a4606a7075af7bdafd,987173464799723521,indictrans2,ai4bharat/indictrans2-indic-en-1B,ai4bharat/indictrans2-indic-en-1B,Traffic Alert 1. The road from Maharani Bagh to Sarai Kale Khan has been closed due to a water pipeline burst. 2. Motorists going from Barapullah to Sarai Kale Khan should use the DND route.,SUCCESS,2026-09-12T18:32:55.033400+00:00,20260912_blind_v5,8d8f5fcab9e03c6a1dfc90d5a2bfc7a3f92959df7f202b8e9bd65a169f2d9337,0ba5dfefb5dda902df8b0935ab605226b92e901b7d18faad5278fe5e570dd207,0dadf88e1ef2dac8752ed98432bcd52b87498900043d5d3a45f80e90cecc6ce1,True,12.445018,,"{""actual_model"":""ai4bharat/indictrans2-indic-en-1B"",""decoding"":""beam search, no sampling; reproducibility limited to pinned environment/hardware"",""device"":""cpu"",""revision"":""ac3daf0ecd37be3b6957764a9179ab2b07fa9d6a"",""seed"":20260912,""torch_version"":""2.14.0+cpu""}"
record:9599de2bd9f212c46827d99eb80c23cf25f157f3bedc922540820cd08978aede,901456489486860288,indictrans2,ai4bharat/indictrans2-indic-en-1B,ai4bharat/indictrans2-indic-en-1B,"Traffic Alert RTR to Motibagh Sector 8 Red Light R.K. Puram, A tree has fallen due to which traffic will be disrupted.",SUCCESS,2026-09-12T18:33:07.477250+00:00,20260912_blind_v5,8d8f5fcab9e03c6a1dfc90d5a2bfc7a3f92959df7f202b8e9bd65a169f2d9337,0cb94e729a280043bb5064a83beff221ef2cce5c5d12d34b9f5c4517fcddf637,9f6182cf3360fb3ed0eb35d3466d5913f3f60aca6cdbcf6960e4e544ca2885a1,True,7.325043,,"{""actual_model"":""ai4bharat/indictrans2-indic-en-1B"",""decoding"":""beam search, no sampling; reproducibility limited to pinned environment/hardware"",""device"":""cpu"",""revision"":""ac3daf0ecd37be3b6957764a9179ab2b07fa9d6a"",""seed"":20260912,""torch_version"":""2.14.0+cpu""}"
record:963f47e13c9a7889d4d7331b6fa5a3f7145f23a5144cc8c4da160a61b5ab8e0b,1026654265647886336,indictrans2,ai4bharat/indictrans2-indic-en-1B,ai4bharat/indictrans2-indic-en-1B,Traffic Alert Traffic on the road from Lal Kuan towards Mehrauli is blocked due to a truck overturning please avoid using this route!,SUCCESS,2026-09-12T18:33:14.803028+00:00,20260912_blind_v5,8d8f5fcab9e03c6a1dfc90d5a2bfc7a3f92959df7f202b8e9bd65a169f2d9337,4f2dd262f6a66ebadc8f7ad864f511a7c5948cd480cff0e3a01a87762ff38864,e137502041e0ff01d3191fa9983fd2023c6cd2f01623d1ba90731b813fd68417,True,35.881054,,"{""actual_model"":""ai4bharat/indictrans2-indic-en-1B"",""decoding"":""beam search, no sampling; reproducibility limited to pinned environment/hardware"",""device"":""cpu"",""revision"":""ac3daf0ecd37be3b6957764a9179ab2b07fa9d6a"",""seed"":20260912,""torch_version"":""2.14.0+cpu""}"
record:964bce71efdf7d9f206da4f7d0f43f0badeb88fd63a539e9dfb970f35b61f472,548886990297391104,indictrans2,ai4bharat/indictrans2-indic-en-1B,ai4bharat/indictrans2-indic-en-1B,Traffic Alert Traffic is now normal from Dhaula Kuan towards AIIMS near Palika Place.,SUCCESS,2026-09-12T18:33:50.681308+00:00,20260912_blind_v5,8d8f5fcab9e03c6a1dfc90d5a2bfc7a3f92959df7f202b8e9bd65a169f2d9337,5697cda09c6f3049936fbb7c92805e019d9d1cb604490663690e3232ed13ffa3,230cb97611e92199bf7ac20b9e496a961a7ab447ec09c0364363e6e0c0077d61,True,24.805855,,"{""actual_model"":""ai4bharat/indictrans2-indic-en-1B"",""decoding"":""beam search, no sampling; reproducibility limited to pinned environment/hardware"",""device"":""cpu"",""revision"":""ac3daf0ecd37be3b6957764a9179ab2b07fa9d6a"",""seed"":20260912,""torch_version"":""2.14.0+cpu""}"
record:96894c990771d4f41b9ed0c8a523d3244553ab31667f6a6198ae82828c6899d4,1044074814971895808,indictrans2,ai4bharat/indictrans2-indic-en-1B,ai4bharat/indictrans2-indic-en-1B,"Traffic Alert A big tree has fallen near Pramod Mahajan Marg, PVR Saket due to which traffic is disrupted!",SUCCESS,2026-09-12T18:34:15.491118+00:00,20260912_blind_v5,8d8f5fcab9e03c6a1dfc90d5a2bfc7a3f92959df7f202b8e9bd65a169f2d9337,5a567c0b7bb32bf426d27efd3177f7994d6c98be511c1a6caa86808139326301,bb07c0bf3c3d6bd9e9da0c0c37f66ceb5ad0802989d7234259bfc2c98c9a46f0,True,29.108998,,"{""actual_model"":""ai4bharat/indictrans2-indic-en-1B"",""decoding"":""beam search, no sampling; reproducibility limited to pinned environment/hardware"",""device"":""cpu"",""revision"":""ac3daf0ecd37be3b6957764a9179ab2b07fa9d6a"",""seed"":20260912,""torch_version"":""2.14.0+cpu""}"
record:970a8c132c1d361b484e369c6bc83c26b542309834c915e3bdb998f7568f49ae,1084373745769299968,indictrans2,ai4bharat/indictrans2-indic-en-1B,ai4bharat/indictrans2-indic-en-1B,Traffic Alert Najafgarh Road which leads to Uttam Nagar from Delhi Gate which was closed for traffic has now been opened for vehicles.,SUCCESS,2026-09-12T18:34:44.597138+00:00,20260912_blind_v5,8d8f5fcab9e03c6a1dfc90d5a2bfc7a3f92959df7f202b8e9bd65a169f2d9337,ffd7022ec86dd32ec0402f235271b38f026cc607d47152a37793f1b22ac06959,e976f0bffbf8271090de360cfa2eb97b7eb1f195fc237d3a3b826a12e37ce701,True,12.078451,,"{""actual_model"":""ai4bharat/indictrans2-indic-en-1B"",""decoding"":""beam search, no sampling; reproducibility limited to pinned environment/hardware"",""device"":""cpu"",""revision"":""ac3daf0ecd37be3b6957764a9179ab2b07fa9d6a"",""seed"":20260912,""torch_version"":""2.14.0+cpu""}"
record:97314e55236ad4e5eaf5e16fb965ba9dfeb3823ee24cdb47434719d4a3293fab,862597096972599296,indictrans2,ai4bharat/indictrans2-indic-en-1B,ai4bharat/indictrans2-indic-en-1B,Traffic Alert Traffic is disrupted due to a car on fire near Mahipalpur village on the way from Gurugram to Delhi!,SUCCESS,2026-09-12T18:34:56.678752+00:00,20260912_blind_v5,8d8f5fcab9e03c6a1dfc90d5a2bfc7a3f92959df7f202b8e9bd65a169f2d9337,49e25196a3b4d8a002c71d8c56b535d14d868c411ab0eabf6674b89078570c53,8d6f972b43436f6af9cca83f9015839d9a602bc1ca4cdb07e7d39ce8f2f2dd7b,True,5.77871,,"{""actual_model"":""ai4bharat/indictrans2-indic-en-1B"",""decoding"":""beam search, no sampling; reproducibility limited to pinned environment/hardware"",""device"":""cpu"",""revision"":""ac3daf0ecd37be3b6957764a9179ab2b07fa9d6a"",""seed"":20260912,""torch_version"":""2.14.0+cpu""}"
record:97386e5c497bbea8b6524557b1a7ca59f51178f5411e5e2a15ee885ba69d534c,781836286709694464,indictrans2,ai4bharat/indictrans2-indic-en-1B,ai4bharat/indictrans2-indic-en-1B,Traffic Alert Traffic is now normal from Model Basti (Filmistan) towards Pahari Dhiraj.,SUCCESS,2026-09-12T18:35:02.456718+00:00,20260912_blind_v5,8d8f5fcab9e03c6a1dfc90d5a2bfc7a3f92959df7f202b8e9bd65a169f2d9337,adb8cb8a3ec527329264be12cdb6f208b003bdde0faa5250770bf84f16090ca3,fe52b453f77fd5df0f3ea2b5500cb23b2bd59c4089920fda011826729ef54cb3,True,4.710655,,"{""actual_model"":""ai4bharat/indictrans2-indic-en-1B"",""decoding"":""beam search, no sampling; reproducibility limited to pinned environment/hardware"",""device"":""cpu"",""revision"":""ac3daf0ecd37be3b6957764a9179ab2b07fa9d6a"",""seed"":20260912,""torch_version"":""2.14.0+cpu""}"
record:974e44386d4fb32eae61dedb3dd0dd481f3554314dbbd7424cb7d416b687f436,948471758436294656,indictrans2,ai4bharat/indictrans2-indic-en-1B,ai4bharat/indictrans2-indic-en-1B,Traffic coming from Ilyas Masjid towards India Gate has been diverted towards Jaswant Singh Road and Madhav Rao Scindia Marg.,SUCCESS,2026-09-12T18:35:07.168037+00:00,20260912_blind_v5,8d8f5fcab9e03c6a1dfc90d5a2bfc7a3f92959df7f202b8e9bd65a169f2d9337,f1dcf728ae9722a9918574ab0bb10b79f435d2b8cc132b313acb1caed446ae63,b7fcb60330c8bc83608f79aba377b105d22ebdede09fb4e2002321e55b83bc9f,True,8.093084,,"{""actual_model"":""ai4bharat/indictrans2-indic-en-1B"",""decoding"":""beam search, no sampling; reproducibility limited to pinned environment/hardware"",""device"":""cpu"",""revision"":""ac3daf0ecd37be3b6957764a9179ab2b07fa9d6a"",""seed"":20260912,""torch_version"":""2.14.0+cpu""}"
record:9786c5ac3bd527d89130d346aa8e7ca7672d178aee31d57973c593cd1dd74060,615692065993850880,indictrans2,ai4bharat/indictrans2-indic-en-1B,ai4bharat/indictrans2-indic-en-1B,"Traffic Alert A container had overturned while turning from GGR to Vasant Vihar, the container has been removed traffic is normal now.",SUCCESS,2026-09-12T18:35:15.260888+00:00,20260912_blind_v5,8d8f5fcab9e03c6a1dfc90d5a2bfc7a3f92959df7f202b8e9bd65a169f2d9337,112275a2a7e9f562aa0dc5ba3156fe07e5989e51b985ce69d8f67deabe13b527,a1ce68820faae7e4d3463df8e1ecc5bcef952c3c500199072f97e0bd1d46ce6a,True,50.233635,,"{""actual_model"":""ai4bharat/indictrans2-indic-en-1B"",""decoding"":""beam search, no sampling; reproducibility limited to pinned environment/hardware"",""device"":""cpu"",""revision"":""ac3daf0ecd37be3b6957764a9179ab2b07fa9d6a"",""seed"":20260912,""torch_version"":""2.14.0+cpu""}"
record:979d1b8e0e7c448b7ba02faace718578388dd85adf8e516ae730ce4c5686cafe,1079962562664361984,indictrans2,ai4bharat/indictrans2-indic-en-1B,ai4bharat/indictrans2-indic-en-1B,"Traffic Alert Traffic will be disrupted at Kashmere Gate, Yamuna Bazar, Chhatra Rail, Kela Ghat and Hanuman Setu due to heavy rush of devotees at Hanuman Temple.",SUCCESS,2026-09-12T18:36:05.493347+00:00,20260912_blind_v5,8d8f5fcab9e03c6a1dfc90d5a2bfc7a3f92959df7f202b8e9bd65a169f2d9337,d71cd2390103f76248925a7bffe71ef8b8084e6b8a5a586b287c291f310529c9,6a22b545d98bbbe6f438511ae7a23724d6a504518e861a233ba544f1b975a765,True,50.01602,,"{""actual_model"":""ai4bharat/indictrans2-indic-en-1B"",""decoding"":""beam search, no sampling; reproducibility limited to pinned environment/hardware"",""device"":""cpu"",""revision"":""ac3daf0ecd37be3b6957764a9179ab2b07fa9d6a"",""seed"":20260912,""torch_version"":""2.14.0+cpu""}"
record:97b7f549312c09b5a83a58e0d347e6b0adb14102ab45c919211776063defa643,539771865884270592,indictrans2,ai4bharat/indictrans2-indic-en-1B,ai4bharat/indictrans2-indic-en-1B,"Traffic Alert Pusa roundabout to Moti Nagar is on Tuesday, traffic is heavy, sorry for the inconvenience.",SUCCESS,2026-09-12T18:36:55.511023+00:00,20260912_blind_v5,8d8f5fcab9e03c6a1dfc90d5a2bfc7a3f92959df7f202b8e9bd65a169f2d9337,ecc0322d145fdd3d1136e239ead860f43c0c122eda52e571d91d49b42279ebc0,c0e41b46d825d926d3e6bb12fcdd76b062d34e4ff4713897292531cfad1ea4d6,True,5.940121,,"{""actual_model"":""ai4bharat/indictrans2-indic-en-1B"",""decoding"":""beam search, no sampling; reproducibility limited to pinned environment/hardware"",""device"":""cpu"",""revision"":""ac3daf0ecd37be3b6957764a9179ab2b07fa9d6a"",""seed"":20260912,""torch_version"":""2.14.0+cpu""}"
record:97ed35c5d0ab5ddefe819654977d1c8808bffdccecf9dac050042d9d4fd16641,586353934706446336,indictrans2,ai4bharat/indictrans2-indic-en-1B,ai4bharat/indictrans2-indic-en-1B,"Traffic Alert A truck is parked before IIT flyover on the route to Vasant Vihar, it will be removed soon, sorry for the inconvenience.",SUCCESS,2026-09-12T18:37:01.450866+00:00,20260912_blind_v5,8d8f5fcab9e03c6a1dfc90d5a2bfc7a3f92959df7f202b8e9bd65a169f2d9337,f401a90a41a731809c3ee5ac47870a46e0f72b00cf8fce2d209889edae4deb90,3b9484827117774e2ab8da0d5faaca53a4cc557b7471a373e2d58bb215c2dde6,True,7.828106,,"{""actual_model"":""ai4bharat/indictrans2-indic-en-1B"",""decoding"":""beam search, no sampling; reproducibility limited to pinned environment/hardware"",""device"":""cpu"",""revision"":""ac3daf0ecd37be3b6957764a9179ab2b07fa9d6a"",""seed"":20260912,""torch_version"":""2.14.0+cpu""}"
record:9860beead691ff734d251973cb09521adc9890210d07425432be9c4d5b4ab924,1011878790597959681,indictrans2,ai4bharat/indictrans2-indic-en-1B,ai4bharat/indictrans2-indic-en-1B,"Traffic Alert: PWD work is going on at Dhaula Kuan, so take a loop from Dhaula Kuan metro station to go to Sardar Patel Marg and Dhaula Kuan to Moti Bagh.",SUCCESS,2026-09-12T18:37:09.280753+00:00,20260912_blind_v5,8d8f5fcab9e03c6a1dfc90d5a2bfc7a3f92959df7f202b8e9bd65a169f2d9337,5a132aab436789ec6c17626b9242a4a8ae8ccdf9e31afcb7ddcf356e3b73dee7,20a254dc5eef90ad3e1d6318253698d81b156cee51dc2718d00a7d22b1136bdd,True,10.122981,,"{""actual_model"":""ai4bharat/indictrans2-indic-en-1B"",""decoding"":""beam search, no sampling; reproducibility limited to pinned environment/hardware"",""device"":""cpu"",""revision"":""ac3daf0ecd37be3b6957764a9179ab2b07fa9d6a"",""seed"":20260912,""torch_version"":""2.14.0+cpu""}"
record:98a7d446383eb93e9e17f37d7043924d31640fdb636db5ab276981ec825d9fc6,536712493356564480,indictrans2,ai4bharat/indictrans2-indic-en-1B,ai4bharat/indictrans2-indic-en-1B,TRAFFIC ALERT An HTV en route from Dhaula Kuan to Gurgaon near Jhareda village is out of order. Traffic is blocked. Sorry for the inconvenience.,SUCCESS,2026-09-12T18:37:19.404572+00:00,20260912_blind_v5,8d8f5fcab9e03c6a1dfc90d5a2bfc7a3f92959df7f202b8e9bd65a169f2d9337,0c44bab14b4d9f16aa81f60d300dca157c698e0b836ea9be104411b187e12baf,225317f28fddd1b00aec1f2197bbd0eaddd8a8537c53fcef2590b12decf45713,True,54.426939,,"{""actual_model"":""ai4bharat/indictrans2-indic-en-1B"",""decoding"":""beam search, no sampling; reproducibility limited to pinned environment/hardware"",""device"":""cpu"",""revision"":""ac3daf0ecd37be3b6957764a9179ab2b07fa9d6a"",""seed"":20260912,""torch_version"":""2.14.0+cpu""}"
record:98be27b4eade262006d9765cdcf6fb6f1bd09f00a79e1c8c79b9a4f6f7dad27e,872692508114931713,indictrans2,ai4bharat/indictrans2-indic-en-1B,ai4bharat/indictrans2-indic-en-1B,"Traffic Alert Traffic on Ring Road from Chandgi Ram Akhara towards Indraprastha College has been stopped due to the sit-in protest, 1 / 2",SUCCESS,2026-09-12T18:38:13.831175+00:00,20260912_blind_v5,8d8f5fcab9e03c6a1dfc90d5a2bfc7a3f92959df7f202b8e9bd65a169f2d9337,3c0eff509c904df2688f42b5178a29f8cb7974f06f51f3d407d29662e53d42f8,f9358f534363f8b3e2aa4346f3c3b07dd36641d711ee546950355e9d9ab35cbb,True,38.40761,,"{""actual_model"":""ai4bharat/indictrans2-indic-en-1B"",""decoding"":""beam search, no sampling; reproducibility limited to pinned environment/hardware"",""device"":""cpu"",""revision"":""ac3daf0ecd37be3b6957764a9179ab2b07fa9d6a"",""seed"":20260912,""torch_version"":""2.14.0+cpu""}"
record:98ed9ea7533914bb5289f9e3345ae4be1602bcd95fb0cd0ed46af18960fe08c2,1071380897016901633,indictrans2,ai4bharat/indictrans2-indic-en-1B,ai4bharat/indictrans2-indic-en-1B,Traffic Alert Near Govindpuri Metro Station एन.आई.सी. There is a program going on in the field due to which traffic is blocked on Maa Anandmayi Marg. Please avoid using this route.,SUCCESS,2026-09-12T18:38:52.237425+00:00,20260912_blind_v5,8d8f5fcab9e03c6a1dfc90d5a2bfc7a3f92959df7f202b8e9bd65a169f2d9337,cf66bc4ca75fe9e79ed9884ce7c3d10014b7fe0e4fd029642527ca963547ce9b,f0df685b1126a5178c60c191b6e8ad50f177a3e3d65b49ef42afdc31b4b8bc79,True,15.734875,,"{""actual_model"":""ai4bharat/indictrans2-indic-en-1B"",""decoding"":""beam search, no sampling; reproducibility limited to pinned environment/hardware"",""device"":""cpu"",""revision"":""ac3daf0ecd37be3b6957764a9179ab2b07fa9d6a"",""seed"":20260912,""torch_version"":""2.14.0+cpu""}"
record:992a62b0cc3d401d4d3a5490a47b79765fb7ce8e50f37147e2d326a8f51bed3a,833976890113269760,indictrans2,ai4bharat/indictrans2-indic-en-1B,ai4bharat/indictrans2-indic-en-1B,"Traffic Alert Due to the sit-in protest, Windsor Place to Ashoka Road and roundabout Jaswant Singh to Ashoka Road are closed.",SUCCESS,2026-09-12T18:39:07.972968+00:00,20260912_blind_v5,8d8f5fcab9e03c6a1dfc90d5a2bfc7a3f92959df7f202b8e9bd65a169f2d9337,6dfd32444f7a484ff602c1c546e950ca460ec3f5d95c48b711e98ba5058b0c4f,0f36b918a6d9d9546fa125dde5fed555eca344db876799e4521c069800eeb8cc,True,6.566697,,"{""actual_model"":""ai4bharat/indictrans2-indic-en-1B"",""decoding"":""beam search, no sampling; reproducibility limited to pinned environment/hardware"",""device"":""cpu"",""revision"":""ac3daf0ecd37be3b6957764a9179ab2b07fa9d6a"",""seed"":20260912,""torch_version"":""2.14.0+cpu""}"
record:9956fb30aa009714aa475eb742bad24438dcc3f1856963372bdf8bb6e8864fe3,548887867519283200,indictrans2,ai4bharat/indictrans2-indic-en-1B,ai4bharat/indictrans2-indic-en-1B,Traffic Alert Traffic is now normal near Lajpat Nagar police station.,SUCCESS,2026-09-12T18:39:14.540724+00:00,20260912_blind_v5,8d8f5fcab9e03c6a1dfc90d5a2bfc7a3f92959df7f202b8e9bd65a169f2d9337,1f9e0188d293b4e8de33b65dce67137ae6138b9eca4d548d772f854dc5878600,b27a73f67d780ffa2f7da95ac08f2dd3047ecf35186ac61301e227b466e01fee,True,3.117733,,"{""actual_model"":""ai4bharat/indictrans2-indic-en-1B"",""decoding"":""beam search, no sampling; reproducibility limited to pinned environment/hardware"",""device"":""cpu"",""revision"":""ac3daf0ecd37be3b6957764a9179ab2b07fa9d6a"",""seed"":20260912,""torch_version"":""2.14.0+cpu""}"
record:9967c10e5d61190512c5eb4d43ef23c6bbcb1336bc1eca170cc85e86fc69b803,890905665836797952,indictrans2,ai4bharat/indictrans2-indic-en-1B,ai4bharat/indictrans2-indic-en-1B,Traffic Alert Reduced by PWD towards RTR from Moti Bagh Traffic has been diverted from Sector 12 R.K. Puram.,SUCCESS,2026-09-12T18:39:17.657818+00:00,20260912_blind_v5,8d8f5fcab9e03c6a1dfc90d5a2bfc7a3f92959df7f202b8e9bd65a169f2d9337,f0054e360eac7f4cbd91587bd078d586db172d1db10512780205150477b79142,2f890f81c28b7177b9e06187f8bca6aa1a6416fae86b55f41a848404bcdd4e63,True,5.855045,,"{""actual_model"":""ai4bharat/indictrans2-indic-en-1B"",""decoding"":""beam search, no sampling; reproducibility limited to pinned environment/hardware"",""device"":""cpu"",""revision"":""ac3daf0ecd37be3b6957764a9179ab2b07fa9d6a"",""seed"":20260912,""torch_version"":""2.14.0+cpu""}"
record:99b439b91782c6ccee8d2a288997ed8203bb38bb0906e0100630f2ebf4499a62,542518134863716353,indictrans2,ai4bharat/indictrans2-indic-en-1B,ai4bharat/indictrans2-indic-en-1B,"Traffic Alert Today Water pipeline has been broken at Khad Market Chowk, due to which traffic is disrupted on Rani Jhansi Road. Sorry for the inconvenience.",SUCCESS,2026-09-12T18:39:23.515072+00:00,20260912_blind_v5,8d8f5fcab9e03c6a1dfc90d5a2bfc7a3f92959df7f202b8e9bd65a169f2d9337,d5ea6f0a784886b11dbe67b9c19136556f70eb9e8face5c5f4ad69508f8cf065,ce7515e54d6d4c5c29284f3d2787c4fba6e37c944ddf955caddabbea89d6ea38,True,39.992245,,"{""actual_model"":""ai4bharat/indictrans2-indic-en-1B"",""decoding"":""beam search, no sampling; reproducibility limited to pinned environment/hardware"",""device"":""cpu"",""revision"":""ac3daf0ecd37be3b6957764a9179ab2b07fa9d6a"",""seed"":20260912,""torch_version"":""2.14.0+cpu""}"
record:9a167553fbeec0b8ff5a5256e66df905ca2a72ab334929082821b563335b171d,1079245192949985280,indictrans2,ai4bharat/indictrans2-indic-en-1B,ai4bharat/indictrans2-indic-en-1B,"Traffic Alert Naraina Flyover, Loha Mandi A truck has overturned on the railway line which is being removed due to which the road from Naraina to Loha Mandi and Loha Mandi to Naraina has been closed for traffic.",SUCCESS,2026-09-12T18:40:03.506215+00:00,20260912_blind_v5,8d8f5fcab9e03c6a1dfc90d5a2bfc7a3f92959df7f202b8e9bd65a169f2d9337,baf7c08cad97c9b2320f254087ab0a3b34409465ddb05fc5aece799751a63814,8c3a3dba60ab6c5ddfbcc57530c1867fbfb9dc10885fee55b352bfea277b7e97,True,56.287611,,"{""actual_model"":""ai4bharat/indictrans2-indic-en-1B"",""decoding"":""beam search, no sampling; reproducibility limited to pinned environment/hardware"",""device"":""cpu"",""revision"":""ac3daf0ecd37be3b6957764a9179ab2b07fa9d6a"",""seed"":20260912,""torch_version"":""2.14.0+cpu""}"
record:9a175fb84fd7af6e0572a0699fc0c10e5ce4bf9152171f4990974be9271ed4cc,1075569402530062336,indictrans2,ai4bharat/indictrans2-indic-en-1B,ai4bharat/indictrans2-indic-en-1B,"Traffic Alert Due to examination of students, New Police Lines, Parade Ground Road will be closed till 11th January (7 AM to 2 PM).",SUCCESS,2026-09-12T18:40:59.793395+00:00,20260912_blind_v5,8d8f5fcab9e03c6a1dfc90d5a2bfc7a3f92959df7f202b8e9bd65a169f2d9337,e3eb808e760d973d8e3b13de2b93fb4dbf0b6bf1417bdaedad66f524eaffd3d3,f772ab93d2ef55ab6bc97e968e0ff1d91ef80c66e7d8747caa2ddcbcc66345fa,True,10.229355,,"{""actual_model"":""ai4bharat/indictrans2-indic-en-1B"",""decoding"":""beam search, no sampling; reproducibility limited to pinned environment/hardware"",""device"":""cpu"",""revision"":""ac3daf0ecd37be3b6957764a9179ab2b07fa9d6a"",""seed"":20260912,""torch_version"":""2.14.0+cpu""}"
record:9a35bdd133d91ee178280bb47dfebe0fd1ee0d11ea6f75094b338349b13b28f1,1070562031030329344,indictrans2,ai4bharat/indictrans2-indic-en-1B,ai4bharat/indictrans2-indic-en-1B,Traffic Alert Traffic on the route from Azad Market Chowk towards Gulabi Bagh will be affected due to the inauguration ceremony of the underpass.,SUCCESS,2026-09-12T18:41:10.024381+00:00,20260912_blind_v5,8d8f5fcab9e03c6a1dfc90d5a2bfc7a3f92959df7f202b8e9bd65a169f2d9337,bc885d211de8b675b409830293018d7f0512af5cdb99e836ed8b010490483df7,93d1b87f50a0300fa9ecdd6ea0e1d93e5280d0c556e61faa68f04433e94e8193,True,5.973059,,"{""actual_model"":""ai4bharat/indictrans2-indic-en-1B"",""decoding"":""beam search, no sampling; reproducibility limited to pinned environment/hardware"",""device"":""cpu"",""revision"":""ac3daf0ecd37be3b6957764a9179ab2b07fa9d6a"",""seed"":20260912,""torch_version"":""2.14.0+cpu""}"
record:9abbb44bd2a21c448df495bd3242843ee18c80db747ab521fb8bcf7b609af71c,897799290789036032,indictrans2,ai4bharat/indictrans2-indic-en-1B,ai4bharat/indictrans2-indic-en-1B,Traffic Alert The Tiranga Yatra is passing through Shalimar Bagh due to which traffic is affected. Please avoid using this route.,SUCCESS,2026-09-12T18:41:15.997208+00:00,20260912_blind_v5,8d8f5fcab9e03c6a1dfc90d5a2bfc7a3f92959df7f202b8e9bd65a169f2d9337,23f7e83a97132b4d0dbe0916b7236e8171689dac924ef193d480106d3febb0c3,607799c0dd9338732023236e72808f224a3dbd8a961a3ed01777139868491ba5,True,5.692636,,"{""actual_model"":""ai4bharat/indictrans2-indic-en-1B"",""decoding"":""beam search, no sampling; reproducibility limited to pinned environment/hardware"",""device"":""cpu"",""revision"":""ac3daf0ecd37be3b6957764a9179ab2b07fa9d6a"",""seed"":20260912,""torch_version"":""2.14.0+cpu""}"
record:9affa1ecdf872cd4fe4af200b4d8109086f0670fd37d981f7ceb2293bd44eda1,1086100544387637248,indictrans2,ai4bharat/indictrans2-indic-en-1B,ai4bharat/indictrans2-indic-en-1B,"Traffic Alert: A vehicle has broken down near Shani Mandir on the route from RTR T-point to the airport, due to which traffic is affected, so motorists going from Motibagh and Munirka to the airport are requested to avoid using the RTR route.",SUCCESS,2026-09-12T18:41:21.691077+00:00,20260912_blind_v5,8d8f5fcab9e03c6a1dfc90d5a2bfc7a3f92959df7f202b8e9bd65a169f2d9337,dd8d2468c3636aa447ec509754e1350c454e0cac59699d306b2b0fd7da439a6d,6268e134f9aeed3ab5fdfc9e82eda5050a1419d9c5a13afc164d85d9cf028f4e,True,58.596874,,"{""actual_model"":""ai4bharat/indictrans2-indic-en-1B"",""decoding"":""beam search, no sampling; reproducibility limited to pinned environment/hardware"",""device"":""cpu"",""revision"":""ac3daf0ecd37be3b6957764a9179ab2b07fa9d6a"",""seed"":20260912,""torch_version"":""2.14.0+cpu""}"
record:9b651d1d172f0191302bc6e728c741978aae9960d6fbd5503526e17b7640fd5c,832442250256715776,indictrans2,ai4bharat/indictrans2-indic-en-1B,ai4bharat/indictrans2-indic-en-1B,"Traffic Alert DJB work is going on at Sangam Vihar, MB ROAD due to which traffic is disrupted!",SUCCESS,2026-09-12T18:42:20.286139+00:00,20260912_blind_v5,8d8f5fcab9e03c6a1dfc90d5a2bfc7a3f92959df7f202b8e9bd65a169f2d9337,b11f0be135e27fd04af1d7781765e8d8624ae75243ed18d96329b543d9758986,2f31eda787e39a1f61f6e40a9364bd4a55649928196a0362f1dedbc935b3e6dc,True,31.3736,,"{""actual_model"":""ai4bharat/indictrans2-indic-en-1B"",""decoding"":""beam search, no sampling; reproducibility limited to pinned environment/hardware"",""device"":""cpu"",""revision"":""ac3daf0ecd37be3b6957764a9179ab2b07fa9d6a"",""seed"":20260912,""torch_version"":""2.14.0+cpu""}"
record:9ba05a751db82a8c643cee3664b5d07123c2c5c0bfd5947dda70f002d8962a14,938698627094003712,indictrans2,ai4bharat/indictrans2-indic-en-1B,ai4bharat/indictrans2-indic-en-1B,Traffic Alert An LGV on the road from Rithala Metro Station to Rohini Sector 24/25 over the nullah is faulty. Traffic is blocked. Avoid using this route.,SUCCESS,2026-09-12T18:42:51.661237+00:00,20260912_blind_v5,8d8f5fcab9e03c6a1dfc90d5a2bfc7a3f92959df7f202b8e9bd65a169f2d9337,a6280da6645336358d7344b8579f6283aba65f9c23810ad0a8a3afc58aa7c9b3,451bc021ff92440bd0df57a5859ec7e03e1c57e76f51401f935a6ae8491e6129,True,17.557036,,"{""actual_model"":""ai4bharat/indictrans2-indic-en-1B"",""decoding"":""beam search, no sampling; reproducibility limited to pinned environment/hardware"",""device"":""cpu"",""revision"":""ac3daf0ecd37be3b6957764a9179ab2b07fa9d6a"",""seed"":20260912,""torch_version"":""2.14.0+cpu""}"
record:9bb27ccfdd4f68ad4bb8e177bf9f4925be2a190f7dd483a906d250984d6e0231,780379077802856448,indictrans2,ai4bharat/indictrans2-indic-en-1B,ai4bharat/indictrans2-indic-en-1B,Traffic Alert 1 / 2 Traffic is affected on the road from Azadpur towards Mukarba Chowk. Motorists are requested,SUCCESS,2026-09-12T18:43:09.218917+00:00,20260912_blind_v5,8d8f5fcab9e03c6a1dfc90d5a2bfc7a3f92959df7f202b8e9bd65a169f2d9337,b32a9fb97e57f5b83c0600d01c533e4ba8396bcca6cf13154e3470def50bf116,0cdfc82b0b7af00e935d30b1a76312880ef79aa1df6f9f37b14e2b0464702ca9,True,5.872771,,"{""actual_model"":""ai4bharat/indictrans2-indic-en-1B"",""decoding"":""beam search, no sampling; reproducibility limited to pinned environment/hardware"",""device"":""cpu"",""revision"":""ac3daf0ecd37be3b6957764a9179ab2b07fa9d6a"",""seed"":20260912,""torch_version"":""2.14.0+cpu""}"
record:9ce006e8dd2a08e1b59d6db8c50ffb92762fb90de6d7f2653e7125002a86888d,891132092314034177,indictrans2,ai4bharat/indictrans2-indic-en-1B,ai4bharat/indictrans2-indic-en-1B,"Traffic Alert A tree has fallen on Sher Shah Road, which is being removed, due to which traffic will be affected on C Hexagon.",SUCCESS,2026-09-12T18:43:15.090755+00:00,20260912_blind_v5,8d8f5fcab9e03c6a1dfc90d5a2bfc7a3f92959df7f202b8e9bd65a169f2d9337,d41ccaf4d463a5cd733ba99aa38e054b4ea7cb2c15cb2be7e09fbe4f12541995,3722500e2723ddf2b65e650c4db236ad50202ad0257aebc027b07369f3045351,True,6.371903,,"{""actual_model"":""ai4bharat/indictrans2-indic-en-1B"",""decoding"":""beam search, no sampling; reproducibility limited to pinned environment/hardware"",""device"":""cpu"",""revision"":""ac3daf0ecd37be3b6957764a9179ab2b07fa9d6a"",""seed"":20260912,""torch_version"":""2.14.0+cpu""}"
record:9d1b6ce73eda14ce4f16406e3ec507b84da51d36ebdd9725d76258ee845717d2,619802498728087552,indictrans2,ai4bharat/indictrans2-indic-en-1B,ai4bharat/indictrans2-indic-en-1B,Traffic Alert Traffic is affected at JNU North Gate behind Munirka due to a fallen tree. Sorry for the inconvenience.,SUCCESS,2026-09-12T18:43:21.462847+00:00,20260912_blind_v5,8d8f5fcab9e03c6a1dfc90d5a2bfc7a3f92959df7f202b8e9bd65a169f2d9337,77f186d3a4690bd2ac00c29a46d4b338b7a66a9b164d31e93822c02669a93bf9,26901d4eb0058b42a29d1d56626af9e0a0c5f2e044562674ad718877ecb922fc,True,5.910236,,"{""actual_model"":""ai4bharat/indictrans2-indic-en-1B"",""decoding"":""beam search, no sampling; reproducibility limited to pinned environment/hardware"",""device"":""cpu"",""revision"":""ac3daf0ecd37be3b6957764a9179ab2b07fa9d6a"",""seed"":20260912,""torch_version"":""2.14.0+cpu""}"
record:9d8fb08973964f6f5bd8e0f30cd9632594f3d7a4e4666156a01f66558e1b7a6a,1085186844491280384,indictrans2,ai4bharat/indictrans2-indic-en-1B,ai4bharat/indictrans2-indic-en-1B,"Traffic Alert A bus en route to Dhaula Kuan on SPM Marg has a breakdown near Bapu Dham, disrupting traffic.",SUCCESS,2026-09-12T18:43:27.373914+00:00,20260912_blind_v5,8d8f5fcab9e03c6a1dfc90d5a2bfc7a3f92959df7f202b8e9bd65a169f2d9337,afb095e10949c70d0f75243034ed5d071de17a0f4553914cbdfa7b9c270aaf61,d0cce53b46f14bb3049fa923b53f09bcec118d04fb504e5c9e0c1ae6d84a770c,True,37.683597,,"{""actual_model"":""ai4bharat/indictrans2-indic-en-1B"",""decoding"":""beam search, no sampling; reproducibility limited to pinned environment/hardware"",""device"":""cpu"",""revision"":""ac3daf0ecd37be3b6957764a9179ab2b07fa9d6a"",""seed"":20260912,""torch_version"":""2.14.0+cpu""}"
record:9dcae2bcf04f263906b47eeecf9f4f80ecd0fc5f8e69e5b261aeba4cf5dc9d76,1034337813150412802,indictrans2,ai4bharat/indictrans2-indic-en-1B,ai4bharat/indictrans2-indic-en-1B,Traffic Alert Traffic is affected due to waterlogging on the route from Mundka to Nangloi!,SUCCESS,2026-09-12T18:44:05.056388+00:00,20260912_blind_v5,8d8f5fcab9e03c6a1dfc90d5a2bfc7a3f92959df7f202b8e9bd65a169f2d9337,5aeb4dc4db5133db1bb882c9c361618e768203f4b17912d771a95e5e60b7cd8e,1bb2ebfc43bf3e612bc40f34e8eb4bd8cd62b68665b52cd6509c61529c35babc,True,58.000646,,"{""actual_model"":""ai4bharat/indictrans2-indic-en-1B"",""decoding"":""beam search, no sampling; reproducibility limited to pinned environment/hardware"",""device"":""cpu"",""revision"":""ac3daf0ecd37be3b6957764a9179ab2b07fa9d6a"",""seed"":20260912,""torch_version"":""2.14.0+cpu""}"
record:9dd6886fc7713f7df2fa50b2257534e62cfcd36a6a017ea288bdee63da574047,1078845286817153025,indictrans2,ai4bharat/indictrans2-indic-en-1B,ai4bharat/indictrans2-indic-en-1B,"Traffic Alert Bahadurgarh Bus Stand (Najafgarh) Phirni Road has been dug up by DJB people, due to which traffic is disrupted.",SUCCESS,2026-09-12T18:45:03.057208+00:00,20260912_blind_v5,8d8f5fcab9e03c6a1dfc90d5a2bfc7a3f92959df7f202b8e9bd65a169f2d9337,435804604ffc9c068d0710aab7a5b3c490e0d3f4457c974bdd6fab0fd17fa2be,d19d7116a47bc2c937ec247a93c0d4afd5a1b5c975a3dfabd49a0fe35846863d,True,10.291987,,"{""actual_model"":""ai4bharat/indictrans2-indic-en-1B"",""decoding"":""beam search, no sampling; reproducibility limited to pinned environment/hardware"",""device"":""cpu"",""revision"":""ac3daf0ecd37be3b6957764a9179ab2b07fa9d6a"",""seed"":20260912,""torch_version"":""2.14.0+cpu""}"
record:9e1c6e853c7c1fa309899c7c5ef0aaf4bfcfbaa01c4c2ad2620f4678fb23b1b4,923755985964908544,indictrans2,ai4bharat/indictrans2-indic-en-1B,ai4bharat/indictrans2-indic-en-1B,Traffic Alert Pedestrian movement from Peeragarhi to Madhuban Chowk and Madhuban Chowk to Peeragarhi Outer Ring Road due to Chhath Puja 1 / 2,SUCCESS,2026-09-12T18:45:13.349420+00:00,20260912_blind_v5,8d8f5fcab9e03c6a1dfc90d5a2bfc7a3f92959df7f202b8e9bd65a169f2d9337,43f4cf7a5f304d6078abfa601208828777fcf8b127a157edc4c5f5aac1b85d28,618cb895378abb56028830e978a6558197bbb2e82b18cca7f9a094e5c667f499,True,13.670843,,"{""actual_model"":""ai4bharat/indictrans2-indic-en-1B"",""decoding"":""beam search, no sampling; reproducibility limited to pinned environment/hardware"",""device"":""cpu"",""revision"":""ac3daf0ecd37be3b6957764a9179ab2b07fa9d6a"",""seed"":20260912,""torch_version"":""2.14.0+cpu""}"
record:9e58acb40d8d8fdb9d40dadcd079ecc6e2852fa7033f4fdb96c209d0c5b15ef6,884236954451156993,indictrans2,ai4bharat/indictrans2-indic-en-1B,ai4bharat/indictrans2-indic-en-1B,"Traffic Alert PWD is working on RTR Marg, so traffic is heavy here, Nelson Mandela Marg to go to Gurgaon from Outer Ring Road",SUCCESS,2026-09-12T18:45:27.008838+00:00,20260912_blind_v5,8d8f5fcab9e03c6a1dfc90d5a2bfc7a3f92959df7f202b8e9bd65a169f2d9337,e6771d2b13fe3ac74c4cc6fdb91fbcddbd1e16dca52103a11085069c45649760,6fe83059a876beadf16353e228e2a621a024e21b3f237e7d85fa3ac8a5dcb789,True,32.867447,,"{""actual_model"":""ai4bharat/indictrans2-indic-en-1B"",""decoding"":""beam search, no sampling; reproducibility limited to pinned environment/hardware"",""device"":""cpu"",""revision"":""ac3daf0ecd37be3b6957764a9179ab2b07fa9d6a"",""seed"":20260912,""torch_version"":""2.14.0+cpu""}"
record:9fa7dc1c7d3756b722248ca91dae2c67ce8838d17105d97c4e6b311599c4425d,628978727238635524,indictrans2,ai4bharat/indictrans2-indic-en-1B,ai4bharat/indictrans2-indic-en-1B,Traffic Alert Traffic is now normal from Shantivan towards ISBT Kashmere Gate.,SUCCESS,2026-09-12T18:45:59.883104+00:00,20260912_blind_v5,8d8f5fcab9e03c6a1dfc90d5a2bfc7a3f92959df7f202b8e9bd65a169f2d9337,40fc9ce9158590c4cb74c60dcc5cdfef3d8b05a8c80b11630b47d77e4be44ea2,a5b4ce6af7a1b006a08c01ad775a7b5b80f036e7dff6f2f3d28a3469d589c932,True,19.099173,,"{""actual_model"":""ai4bharat/indictrans2-indic-en-1B"",""decoding"":""beam search, no sampling; reproducibility limited to pinned environment/hardware"",""device"":""cpu"",""revision"":""ac3daf0ecd37be3b6957764a9179ab2b07fa9d6a"",""seed"":20260912,""torch_version"":""2.14.0+cpu""}"
record:9fceb4c98502043a4ea91bedc80696ae16a432e443314bbd170807272c577890,923734316630163457,indictrans2,ai4bharat/indictrans2-indic-en-1B,ai4bharat/indictrans2-indic-en-1B,Traffic Alert Traffic on the road from Vikas Marg towards ITO Chungi is heavy due to Chhath Puja.,SUCCESS,2026-09-12T18:46:18.987240+00:00,20260912_blind_v5,8d8f5fcab9e03c6a1dfc90d5a2bfc7a3f92959df7f202b8e9bd65a169f2d9337,c1b188a004efaacb9280ce47ea9cb3e462751b4585f8b19e5102582ef32a7588,d92fbfe3ff14c8d58ce81fb58f83d5a663e4df4d01ffb75dff2a06c4e6b59ee2,True,22.95417,,"{""actual_model"":""ai4bharat/indictrans2-indic-en-1B"",""decoding"":""beam search, no sampling; reproducibility limited to pinned environment/hardware"",""device"":""cpu"",""revision"":""ac3daf0ecd37be3b6957764a9179ab2b07fa9d6a"",""seed"":20260912,""torch_version"":""2.14.0+cpu""}"
record:9fd4d986e7cfcf2a03dc10d4575ea750e402964fad26b37898cdb49b5e5862b9,919777213574127616,indictrans2,ai4bharat/indictrans2-indic-en-1B,ai4bharat/indictrans2-indic-en-1B,Traffic Alert 1 / 2 Construction of Flyover by National Highways Authority of India on Ghaziabad to Delhi Road (in NH24 उ.प्र.अधिकार area).,SUCCESS,2026-09-12T18:46:41.943136+00:00,20260912_blind_v5,8d8f5fcab9e03c6a1dfc90d5a2bfc7a3f92959df7f202b8e9bd65a169f2d9337,3138fc7430388fe996bf1b4ecd7cadcd680bb7ed04703421e66d14c6082bbefc,16fcd7eb76052be7b62ca41a75a3bc4e00ad7bec1399c36dcae6f45aa76d51bb,True,25.251612,,"{""actual_model"":""ai4bharat/indictrans2-indic-en-1B"",""decoding"":""beam search, no sampling; reproducibility limited to pinned environment/hardware"",""device"":""cpu"",""revision"":""ac3daf0ecd37be3b6957764a9179ab2b07fa9d6a"",""seed"":20260912,""torch_version"":""2.14.0+cpu""}"
record:a03409d2cb77845fbdb5baff88e4dd56131f38423f37b9c30e5e3c8004796ef1,1026806496888115200,indictrans2,ai4bharat/indictrans2-indic-en-1B,ai4bharat/indictrans2-indic-en-1B,Traffic Alert Traffic is blocked near IIT Flyover and Abhay Marg Taj Hotel due to fallen trees. Please avoid using these routes.,SUCCESS,2026-09-12T18:47:07.194243+00:00,20260912_blind_v5,8d8f5fcab9e03c6a1dfc90d5a2bfc7a3f92959df7f202b8e9bd65a169f2d9337,34fd477569876ecc885b8bca200304a33166aa3f3837be0a080283d440711009,0f56a1e7bbe44e562418ecd7904685637f7572f38550e765cc530d2496e89ea8,True,6.24797,,"{""actual_model"":""ai4bharat/indictrans2-indic-en-1B"",""decoding"":""beam search, no sampling; reproducibility limited to pinned environment/hardware"",""device"":""cpu"",""revision"":""ac3daf0ecd37be3b6957764a9179ab2b07fa9d6a"",""seed"":20260912,""torch_version"":""2.14.0+cpu""}"
record:a07a3a84a11c9203ccd6560c21f71a51c24b6aa8e6dfe32b8cb2d0324153830f,947672206435168257,indictrans2,ai4bharat/indictrans2-indic-en-1B,ai4bharat/indictrans2-indic-en-1B,"Traffic Alert A tree has fallen on the road in front of Delhi Government Officers Flats on Rajpur Road on the way from Civil Lines to OPL, due to which traffic is disrupted.",SUCCESS,2026-09-12T18:47:13.443028+00:00,20260912_blind_v5,8d8f5fcab9e03c6a1dfc90d5a2bfc7a3f92959df7f202b8e9bd65a169f2d9337,ddffc57bbc8f4985314e42d827df835b00beafeaebd27c29de3a7b590c75eb23,ad39b9cc6bbcccd74cb83512401048fa680cce16e3157033041586c0f759df1c,True,8.873029,,"{""actual_model"":""ai4bharat/indictrans2-indic-en-1B"",""decoding"":""beam search, no sampling; reproducibility limited to pinned environment/hardware"",""device"":""cpu"",""revision"":""ac3daf0ecd37be3b6957764a9179ab2b07fa9d6a"",""seed"":20260912,""torch_version"":""2.14.0+cpu""}"
record:a0d4e54e038edb99db4a6b1e0dc2e19c5114a420a2e8559264d69cfb77f6e290,928593183021326336,indictrans2,ai4bharat/indictrans2-indic-en-1B,ai4bharat/indictrans2-indic-en-1B,"Traffic Alert Due to the construction of the bridge from Barfkhana towards Azad Market, traffic is moving in one lane due to which traffic is heavy.",SUCCESS,2026-09-12T18:47:22.315843+00:00,20260912_blind_v5,8d8f5fcab9e03c6a1dfc90d5a2bfc7a3f92959df7f202b8e9bd65a169f2d9337,d1791ea8519013b404e3f8f858d41bb09f2d7af71f34076f2a7fa12c7c61c829,69262a103ba8ffe5ec23aa84fa1f58ee9f73e21e32106573b63d80263422b5e2,True,13.318473,,"{""actual_model"":""ai4bharat/indictrans2-indic-en-1B"",""decoding"":""beam search, no sampling; reproducibility limited to pinned environment/hardware"",""device"":""cpu"",""revision"":""ac3daf0ecd37be3b6957764a9179ab2b07fa9d6a"",""seed"":20260912,""torch_version"":""2.14.0+cpu""}"
record:a1565627db54cab1d9557929b057cc2177d06edce23fb346b4c1c2dad8654543,870909818642481154,indictrans2,ai4bharat/indictrans2-indic-en-1B,ai4bharat/indictrans2-indic-en-1B,"Part 1 / 2.. Traffic Alert The route from Nehru Place to Modi Mila on the Outer Ring Road has been dug up by the DJB, due to which traffic",SUCCESS,2026-09-12T18:47:35.634224+00:00,20260912_blind_v5,8d8f5fcab9e03c6a1dfc90d5a2bfc7a3f92959df7f202b8e9bd65a169f2d9337,cdd84d70f21b114413feabeebc594ee5b63f620b2d7b08e876342c6dda679a62,eb4bb3ef7c1b9f326e28880314fcf59b91fb514cf6bfdd7f2aa054cedb488c47,True,92.931922,,"{""actual_model"":""ai4bharat/indictrans2-indic-en-1B"",""decoding"":""beam search, no sampling; reproducibility limited to pinned environment/hardware"",""device"":""cpu"",""revision"":""ac3daf0ecd37be3b6957764a9179ab2b07fa9d6a"",""seed"":20260912,""torch_version"":""2.14.0+cpu""}"
record:a19c398e28f2b822ddb94311343ef8ce66c62bb3a3515f77356dec5a9e8c3753,1046077961521299456,indictrans2,ai4bharat/indictrans2-indic-en-1B,ai4bharat/indictrans2-indic-en-1B,"Traffic Alert Rohini Sector 13 & 14 Road No. 215, near Shaheed Bhagat Singh Apartment will be under road repair work from 22:00 to 06:00 hours.",SUCCESS,2026-09-12T18:49:08.566884+00:00,20260912_blind_v5,8d8f5fcab9e03c6a1dfc90d5a2bfc7a3f92959df7f202b8e9bd65a169f2d9337,46dac418fdf84164a29b838d05b3019dc389f751e08230517d99455cb960a203,4b3441dbf8777e90980f191c8a42a76f7d6ba61a117446615dcdea398cd7fb94,True,12.289165,,"{""actual_model"":""ai4bharat/indictrans2-indic-en-1B"",""decoding"":""beam search, no sampling; reproducibility limited to pinned environment/hardware"",""device"":""cpu"",""revision"":""ac3daf0ecd37be3b6957764a9179ab2b07fa9d6a"",""seed"":20260912,""torch_version"":""2.14.0+cpu""}"
record:a19c63fd60f70369809d1ba30432c71d1e6242fa4fcd3b5712532c1a6f4f6f29,619881558078550016,indictrans2,ai4bharat/indictrans2-indic-en-1B,ai4bharat/indictrans2-indic-en-1B,Traffic Alert Traffic is affected till Dhansa Stand-Nangloi Stand Phirni Road due to waterlogging. Sorry for the inconvenience.,SUCCESS,2026-09-12T18:49:20.856815+00:00,20260912_blind_v5,8d8f5fcab9e03c6a1dfc90d5a2bfc7a3f92959df7f202b8e9bd65a169f2d9337,946f108636e8560f00981d2dc77501849ca565a501ef3d254ff45ba6590f72fa,b5762d1a9801f8cb93500175d312a8110241a8582522a57a4b37ff77347e9105,True,9.33643,,"{""actual_model"":""ai4bharat/indictrans2-indic-en-1B"",""decoding"":""beam search, no sampling; reproducibility limited to pinned environment/hardware"",""device"":""cpu"",""revision"":""ac3daf0ecd37be3b6957764a9179ab2b07fa9d6a"",""seed"":20260912,""torch_version"":""2.14.0+cpu""}"
record:a1d6780acabe2674442292f5d1a4c656609176ac0458087a1d9d6ed3189dbd30,613233334991368192,indictrans2,ai4bharat/indictrans2-indic-en-1B,ai4bharat/indictrans2-indic-en-1B,"Traffic Alert Traffic is now normal from Mahipalpur towards Andheria Mod, near Masoodpur village.",SUCCESS,2026-09-12T18:49:30.193554+00:00,20260912_blind_v5,8d8f5fcab9e03c6a1dfc90d5a2bfc7a3f92959df7f202b8e9bd65a169f2d9337,cbf3e82d3790736ab8ab412b4ff1e28d2bf15d8a5f85a41a806b2d068779e2bb,40bdc87751a685509a32465e15caebceed0f16d4f87cc24ed7c67cf6a72a89ae,True,36.118704,,"{""actual_model"":""ai4bharat/indictrans2-indic-en-1B"",""decoding"":""beam search, no sampling; reproducibility limited to pinned environment/hardware"",""device"":""cpu"",""revision"":""ac3daf0ecd37be3b6957764a9179ab2b07fa9d6a"",""seed"":20260912,""torch_version"":""2.14.0+cpu""}"
record:a22d3fb068f60c8462a6bc1d5eba5ee2a5b77d4be3eb1a6886836b71bd460c59,1075765224530034689,indictrans2,ai4bharat/indictrans2-indic-en-1B,ai4bharat/indictrans2-indic-en-1B,"Traffic Alert A bus has broken down at GTB crossing culvert on Durga Puri 100 foota road, disrupting traffic.",SUCCESS,2026-09-12T18:50:06.303469+00:00,20260912_blind_v5,8d8f5fcab9e03c6a1dfc90d5a2bfc7a3f92959df7f202b8e9bd65a169f2d9337,992eb438e6b75b2520e5952e8f98517bdd0c12abd97fd6228f21da5ac9e05639,fa6e354c99a6bdd992ff8bee8e6dc9934d2ca13545e3f6292a89e8598c4d55ae,True,19.186521,,"{""actual_model"":""ai4bharat/indictrans2-indic-en-1B"",""decoding"":""beam search, no sampling; reproducibility limited to pinned environment/hardware"",""device"":""cpu"",""revision"":""ac3daf0ecd37be3b6957764a9179ab2b07fa9d6a"",""seed"":20260912,""torch_version"":""2.14.0+cpu""}"
record:a24cb0ccdc4dab4144f5c485b81f3db2c73db4fc81892835ac6feed5f44fda6a,575944067986636800,indictrans2,ai4bharat/indictrans2-indic-en-1B,ai4bharat/indictrans2-indic-en-1B,Traffic Alert Both carriageways of Shantipath Marg have been opened for traffic.,SUCCESS,2026-09-12T18:50:25.498092+00:00,20260912_blind_v5,8d8f5fcab9e03c6a1dfc90d5a2bfc7a3f92959df7f202b8e9bd65a169f2d9337,6216192e343d90f4a395ab72888350ef819b3168063c7a37c9fdecb4828f400f,98af0336d56c8a1ca7153f65a2f722f693a0694ee8a82b33f95c93ea0c1089a7,True,32.232424,,"{""actual_model"":""ai4bharat/indictrans2-indic-en-1B"",""decoding"":""beam search, no sampling; reproducibility limited to pinned environment/hardware"",""device"":""cpu"",""revision"":""ac3daf0ecd37be3b6957764a9179ab2b07fa9d6a"",""seed"":20260912,""torch_version"":""2.14.0+cpu""}"
record:a2ec1fc12efe42999dbf0f3c44be446f157c4b6a8dc566bb9c7236d29ad9a2f0,1035474410667483136,indictrans2,ai4bharat/indictrans2-indic-en-1B,ai4bharat/indictrans2-indic-en-1B,Traffic Alert The sit-in protest is over and traffic is normal from Gol Maithi to Moti Lal Nehru Place!,SUCCESS,2026-09-12T18:50:57.731894+00:00,20260912_blind_v5,8d8f5fcab9e03c6a1dfc90d5a2bfc7a3f92959df7f202b8e9bd65a169f2d9337,f2bf1101f9a43b5805a445f33d35d0be4581701969af2927eaf987dfb3742a73,e8640e812affa42e128a1645f1af18976a0bf94bef55ef3acbb84e97bfa421d4,True,9.215899,,"{""actual_model"":""ai4bharat/indictrans2-indic-en-1B"",""decoding"":""beam search, no sampling; reproducibility limited to pinned environment/hardware"",""device"":""cpu"",""revision"":""ac3daf0ecd37be3b6957764a9179ab2b07fa9d6a"",""seed"":20260912,""torch_version"":""2.14.0+cpu""}"
record:a303805ef2f0fa3366295e110989400351fe556d44856c9dadc8a9dcbea545bb,878095462598705152,indictrans2,ai4bharat/indictrans2-indic-en-1B,ai4bharat/indictrans2-indic-en-1B,Traffic Alert Traffic on M.B. Road will be affected due to potholes on both sides in front of Air Force Station. Please avoid using this route.,SUCCESS,2026-09-12T18:51:06.948216+00:00,20260912_blind_v5,8d8f5fcab9e03c6a1dfc90d5a2bfc7a3f92959df7f202b8e9bd65a169f2d9337,d05d63cf58f3851a276476ae1e0d05a2e13e0c3ac281ca08b6022ece41862ffd,7d2ea013262a120a6871898f37723e0b083abc8afc3c6a93cc9fa48ef3cec5d7,True,31.181423,,"{""actual_model"":""ai4bharat/indictrans2-indic-en-1B"",""decoding"":""beam search, no sampling; reproducibility limited to pinned environment/hardware"",""device"":""cpu"",""revision"":""ac3daf0ecd37be3b6957764a9179ab2b07fa9d6a"",""seed"":20260912,""torch_version"":""2.14.0+cpu""}"
record:a32616a682e3d695cf30560276c54d0927e0a9ef33dca70fcf14d42de266e013,932839319756161024,indictrans2,ai4bharat/indictrans2-indic-en-1B,ai4bharat/indictrans2-indic-en-1B,Traffic Alert: Traffic movement from Gokulpuri flyover to Maujpur has been disrupted due to a pothole on the road near the cremation ground.,SUCCESS,2026-09-12T18:51:38.129481+00:00,20260912_blind_v5,8d8f5fcab9e03c6a1dfc90d5a2bfc7a3f92959df7f202b8e9bd65a169f2d9337,54e13534992dda5e2b6be856bc3b460bdf11b3cdeedd093d525893f7afe46209,bd17ef14727edac531ca7a877f4aa8b126ac0bc0a6ef2ed898eba7bcc2d3f485,True,56.19209,,"{""actual_model"":""ai4bharat/indictrans2-indic-en-1B"",""decoding"":""beam search, no sampling; reproducibility limited to pinned environment/hardware"",""device"":""cpu"",""revision"":""ac3daf0ecd37be3b6957764a9179ab2b07fa9d6a"",""seed"":20260912,""torch_version"":""2.14.0+cpu""}"
record:a3cc61119f8db0e6ec001974d9d76d6c936d7d97c30d4f43eb08b38b5a41cab0,1026806898375315456,indictrans2,ai4bharat/indictrans2-indic-en-1B,ai4bharat/indictrans2-indic-en-1B,Traffic Alert Traffic on the route from Sheikh Sarai to Sadiq Nagar is disrupted due to a road caved in.,SUCCESS,2026-09-12T18:52:34.318602+00:00,20260912_blind_v5,8d8f5fcab9e03c6a1dfc90d5a2bfc7a3f92959df7f202b8e9bd65a169f2d9337,d2d3d1a05426c5e32c30c8007fdacbc3efd36eecbd280e18c2b740c8307b3069,465dbaad7223a515e784ca3d53ff713f4cabcd92cac595ef84843ead4c60776a,True,16.02273,,"{""actual_model"":""ai4bharat/indictrans2-indic-en-1B"",""decoding"":""beam search, no sampling; reproducibility limited to pinned environment/hardware"",""device"":""cpu"",""revision"":""ac3daf0ecd37be3b6957764a9179ab2b07fa9d6a"",""seed"":20260912,""torch_version"":""2.14.0+cpu""}"
record:a46ecee95b332a85d8d5ff89b55167d17e99ebae750c4c5e9e96d1e15149a432,1100682780382392321,indictrans2,ai4bharat/indictrans2-indic-en-1B,ai4bharat/indictrans2-indic-en-1B,Traffic Alert Some checking is going on at Shastri Park Chowk for flyover construction by PWD due to which traffic is affected.,SUCCESS,2026-09-12T18:52:50.344810+00:00,20260912_blind_v5,8d8f5fcab9e03c6a1dfc90d5a2bfc7a3f92959df7f202b8e9bd65a169f2d9337,663d9a3bcd12b2ec9604088845f12070a6bde18d0aa5dd3c84c6c33f86a6ac48,c4026af2c000aee827c235c03991c882fd79904fbd3b7e3dce9e7337e163b3f3,True,6.90257,,"{""actual_model"":""ai4bharat/indictrans2-indic-en-1B"",""decoding"":""beam search, no sampling; reproducibility limited to pinned environment/hardware"",""device"":""cpu"",""revision"":""ac3daf0ecd37be3b6957764a9179ab2b07fa9d6a"",""seed"":20260912,""torch_version"":""2.14.0+cpu""}"
record:a483975cb2a4bb736417ac988dca520965408cb60662cc6b9e89dacbf43e7c56,563673536800497665,indictrans2,ai4bharat/indictrans2-indic-en-1B,ai4bharat/indictrans2-indic-en-1B,Traffic Alert: Traffic is heavy from Rohtak Road towards Liberty. Sorry for the inconvenience.,SUCCESS,2026-09-12T18:52:57.247499+00:00,20260912_blind_v5,8d8f5fcab9e03c6a1dfc90d5a2bfc7a3f92959df7f202b8e9bd65a169f2d9337,3b7dc9bf35125854a435968cdedcfe0b557b8076045d3384f78a8197e7757e4b,396ebd4038e02493fec48eb478505518d33b9e5919ea6cb799d0c7f3a66fb8a7,True,5.855462,,"{""actual_model"":""ai4bharat/indictrans2-indic-en-1B"",""decoding"":""beam search, no sampling; reproducibility limited to pinned environment/hardware"",""device"":""cpu"",""revision"":""ac3daf0ecd37be3b6957764a9179ab2b07fa9d6a"",""seed"":20260912,""torch_version"":""2.14.0+cpu""}"
record:a48de85a89a73273c656e58304b6ab21fd13122ae7d7667c4faf4cdfcd4f6da1,1091880973761794048,indictrans2,ai4bharat/indictrans2-indic-en-1B,ai4bharat/indictrans2-indic-en-1B,"Traffic Alert Due to the annual IJTEMA program from 2 to 4 February at Eidgah, the movement of people will be around 1 to 2 lakh, due to which traffic will be disrupted on Rohtak Road and Rani Jhansi Road.",SUCCESS,2026-09-12T18:53:03.101802+00:00,20260912_blind_v5,8d8f5fcab9e03c6a1dfc90d5a2bfc7a3f92959df7f202b8e9bd65a169f2d9337,82bdf3c51ac6f209faac008a3d6470cfa51bb230f8be3f116a10941242944fb0,427201d443214fd8746e3aa9c3c845b2564fbda5c607707945ba9b3fa5a207ca,True,76.711019,,"{""actual_model"":""ai4bharat/indictrans2-indic-en-1B"",""decoding"":""beam search, no sampling; reproducibility limited to pinned environment/hardware"",""device"":""cpu"",""revision"":""ac3daf0ecd37be3b6957764a9179ab2b07fa9d6a"",""seed"":20260912,""torch_version"":""2.14.0+cpu""}"
record:a48f6c5d4d2480e5dc28f176a90212f5501f21f2f00870bbf60d597f192d74bb,576282008046940160,indictrans2,ai4bharat/indictrans2-indic-en-1B,ai4bharat/indictrans2-indic-en-1B,Traffic Alert Traffic is now normal on the route from Dhaula Kuan to Brar Square.,SUCCESS,2026-09-12T18:54:19.814228+00:00,20260912_blind_v5,8d8f5fcab9e03c6a1dfc90d5a2bfc7a3f92959df7f202b8e9bd65a169f2d9337,0ed04dbf6df4c7533872b9c07205b335d35cef55ed8ca7ad8c729887cc0d8cc0,9f91f06acea402ce79c8696ca00ae153a04ad4bb79e87b1e077e556725bcb872,True,25.699928,,"{""actual_model"":""ai4bharat/indictrans2-indic-en-1B"",""decoding"":""beam search, no sampling; reproducibility limited to pinned environment/hardware"",""device"":""cpu"",""revision"":""ac3daf0ecd37be3b6957764a9179ab2b07fa9d6a"",""seed"":20260912,""torch_version"":""2.14.0+cpu""}"
record:a58e4587f80f9a086bd93ad2847fabcac7fef7289384a335a59ec3337f3b8bd0,1034323676991291392,indictrans2,ai4bharat/indictrans2-indic-en-1B,ai4bharat/indictrans2-indic-en-1B,"Traffic Alert Traffic is affected due to waterlogging in Bhairon Enclave, Punjabi Bagh!",SUCCESS,2026-09-12T18:54:45.514433+00:00,20260912_blind_v5,8d8f5fcab9e03c6a1dfc90d5a2bfc7a3f92959df7f202b8e9bd65a169f2d9337,e268b83218d8f88e619590b03dfc33c3a37caaf4c4ba9153ac70ef819ee20e19,bb4c85c8206d7c17d7d810364aa9f50acc30f04c8a7e905d5532b656bbf1856a,True,6.694926,,"{""actual_model"":""ai4bharat/indictrans2-indic-en-1B"",""decoding"":""beam search, no sampling; reproducibility limited to pinned environment/hardware"",""device"":""cpu"",""revision"":""ac3daf0ecd37be3b6957764a9179ab2b07fa9d6a"",""seed"":20260912,""torch_version"":""2.14.0+cpu""}"
record:a5d448013b81c45819232787df42d5287d141c9e2459beff620d6e6fc1c91c43,979710959705993221,indictrans2,ai4bharat/indictrans2-indic-en-1B,ai4bharat/indictrans2-indic-en-1B,"Traffic Alert Hanuman Jayanti procession from Fatehpuri Chowk to Naya Bagh, Kharibowli, Chhatrail, Nigambodh Ghat will be heavy traffic. Please avoid using this route.",SUCCESS,2026-09-12T18:54:52.211092+00:00,20260912_blind_v5,8d8f5fcab9e03c6a1dfc90d5a2bfc7a3f92959df7f202b8e9bd65a169f2d9337,822ba9042c3c50a8bfea486d4e08e99c5eccae388a230b81a5a2d3ed27b2a295,b0be438af8b307f0635dc1782f762ddbd188b7602c2b8c41f856c439c71d0fce,True,11.806563,,"{""actual_model"":""ai4bharat/indictrans2-indic-en-1B"",""decoding"":""beam search, no sampling; reproducibility limited to pinned environment/hardware"",""device"":""cpu"",""revision"":""ac3daf0ecd37be3b6957764a9179ab2b07fa9d6a"",""seed"":20260912,""torch_version"":""2.14.0+cpu""}"
record:a69c81ea859e8819680467ac131e793a77473250b21d24efd4182f715c2385d8,1093699398066937856,indictrans2,ai4bharat/indictrans2-indic-en-1B,ai4bharat/indictrans2-indic-en-1B,Traffic Alert The road under the Naraina Flyover on the way from Dhaula Kuan to Naraina is potholed due to rain.,SUCCESS,2026-09-12T18:55:04.017657+00:00,20260912_blind_v5,8d8f5fcab9e03c6a1dfc90d5a2bfc7a3f92959df7f202b8e9bd65a169f2d9337,e2348530d19fca5886817be2f4c693d64376dff79592edb86836629e23d5961d,171faf5757c2884a319a0cfb39699156fe8f4a5d1ec5bf72b84483552e1a9e37,True,16.967046,,"{""actual_model"":""ai4bharat/indictrans2-indic-en-1B"",""decoding"":""beam search, no sampling; reproducibility limited to pinned environment/hardware"",""device"":""cpu"",""revision"":""ac3daf0ecd37be3b6957764a9179ab2b07fa9d6a"",""seed"":20260912,""torch_version"":""2.14.0+cpu""}"
record:a6a9dc7afac0ce3e6beda1784acd11309187d990d67daa05ac55608010462523,1083980478376484864,indictrans2,ai4bharat/indictrans2-indic-en-1B,ai4bharat/indictrans2-indic-en-1B,Traffic Alert: Parliament Street (Patel Chowk to NDMC) has been closed for traffic due to the sit-in protest.,SUCCESS,2026-09-12T18:55:20.984587+00:00,20260912_blind_v5,8d8f5fcab9e03c6a1dfc90d5a2bfc7a3f92959df7f202b8e9bd65a169f2d9337,f3a993c231520c9fb596b9821c63dd9ef629d2e051b0ed541b5d01054e7007d3,af5789c0d1932b0f89309ae8023dd689a2f728f2a2c1a2e3b5dc1d5f291950d3,True,29.85802,,"{""actual_model"":""ai4bharat/indictrans2-indic-en-1B"",""decoding"":""beam search, no sampling; reproducibility limited to pinned environment/hardware"",""device"":""cpu"",""revision"":""ac3daf0ecd37be3b6957764a9179ab2b07fa9d6a"",""seed"":20260912,""torch_version"":""2.14.0+cpu""}"
record:a6b18fc6decf9675f16bbecc56e7a8bc421b8a37e008518bc6d9b57935236741,593398083389652992,indictrans2,ai4bharat/indictrans2-indic-en-1B,ai4bharat/indictrans2-indic-en-1B,"Traffic Alert Sarai Kale Khan towards Akshardham there is a Trolley Kh093CRB over the nullah, traffic will be heavy, sorry for the inconvenience.",SUCCESS,2026-09-12T18:55:50.841859+00:00,20260912_blind_v5,8d8f5fcab9e03c6a1dfc90d5a2bfc7a3f92959df7f202b8e9bd65a169f2d9337,8751ebfde6ece3d4b217505ae816dc747722000272b5b169a8e8db35016b364f,d80e4f761eab77e380a29e7dd88d25f4f55e2d40dabcf8bf64b146dc6ed1d92c,True,41.260875,,"{""actual_model"":""ai4bharat/indictrans2-indic-en-1B"",""decoding"":""beam search, no sampling; reproducibility limited to pinned environment/hardware"",""device"":""cpu"",""revision"":""ac3daf0ecd37be3b6957764a9179ab2b07fa9d6a"",""seed"":20260912,""torch_version"":""2.14.0+cpu""}"
record:a6e7aa68119e15173e71fd50090658dc5b9e686d0544f2f22ab8252782f7cb46,1064581448349364225,indictrans2,ai4bharat/indictrans2-indic-en-1B,ai4bharat/indictrans2-indic-en-1B,"Traffic Alert Traffic on NH-8 is affected due to weddings in Delhi, commuters coming from Mahipalpur and Rangpuri towards Delhi should use Mehrauli-Gurugram Road.",SUCCESS,2026-09-12T18:56:32.095508+00:00,20260912_blind_v5,8d8f5fcab9e03c6a1dfc90d5a2bfc7a3f92959df7f202b8e9bd65a169f2d9337,4a33fb2ac40ab72ce6684cff9eac1f65b120138e512c282afee12f2640688a68,2abeee9165cc993ce5f1b5cb082adf49cde754bc8d5b7ceb00a90919dfb68018,True,18.991636,,"{""actual_model"":""ai4bharat/indictrans2-indic-en-1B"",""decoding"":""beam search, no sampling; reproducibility limited to pinned environment/hardware"",""device"":""cpu"",""revision"":""ac3daf0ecd37be3b6957764a9179ab2b07fa9d6a"",""seed"":20260912,""torch_version"":""2.14.0+cpu""}"
record:a76fc84d1eb6f747d37dec3e1b303cf31807571c1866ebbde908db0f4b21c15c,1097828517402730496,indictrans2,ai4bharat/indictrans2-indic-en-1B,ai4bharat/indictrans2-indic-en-1B,Traffic Alert Ravidas Jayanti procession is currently going on in Karol Bagh area due to which traffic is affected.,SUCCESS,2026-09-12T18:56:51.095260+00:00,20260912_blind_v5,8d8f5fcab9e03c6a1dfc90d5a2bfc7a3f92959df7f202b8e9bd65a169f2d9337,631302c58af60f48f74c42e104dcd88feeeb0b297c590089ae173305080b9bad,b0862d2a306877872ec3a1b405e8942201229ce54b4ec82c47da54144e3d5172,True,5.910851,,"{""actual_model"":""ai4bharat/indictrans2-indic-en-1B"",""decoding"":""beam search, no sampling; reproducibility limited to pinned environment/hardware"",""device"":""cpu"",""revision"":""ac3daf0ecd37be3b6957764a9179ab2b07fa9d6a"",""seed"":20260912,""torch_version"":""2.14.0+cpu""}"
record:a848721a4719e8785f20f16034b26f098771114f188cce2f51c4811cbb9dc6d1,593026537449881601,indictrans2,ai4bharat/indictrans2-indic-en-1B,ai4bharat/indictrans2-indic-en-1B,Traffic Alert Satyam Road Kirby Place 2nd Flyover Fan has fallen on road side Ped\ u093C affecting traffic. Sorry for the inconvenience.,SUCCESS,2026-09-12T18:56:57.000654+00:00,20260912_blind_v5,8d8f5fcab9e03c6a1dfc90d5a2bfc7a3f92959df7f202b8e9bd65a169f2d9337,54cfd280cd324c9e5fd5d3340049d2b48032bbcc9f3f391d18a3d8cf3356afa5,8c069595d4f23a25c7bb1728dc482c20debc94157d510786d96e389e6cb64622,True,19.153248,,"{""actual_model"":""ai4bharat/indictrans2-indic-en-1B"",""decoding"":""beam search, no sampling; reproducibility limited to pinned environment/hardware"",""device"":""cpu"",""revision"":""ac3daf0ecd37be3b6957764a9179ab2b07fa9d6a"",""seed"":20260912,""torch_version"":""2.14.0+cpu""}"
record:a84eebb2c95802f237985a4ed9c1df09f3d6043d1d373013ba7ae7e18e6298ec,849788706324045824,indictrans2,ai4bharat/indictrans2-indic-en-1B,ai4bharat/indictrans2-indic-en-1B,Traffic Alert Work is underway on the elevated road at Barapullah in the carriage way from Nizamuddin to Mayur Vihar which is called Sarai Kale Khan 1 / 2.,SUCCESS,2026-09-12T18:57:16.160610+00:00,20260912_blind_v5,8d8f5fcab9e03c6a1dfc90d5a2bfc7a3f92959df7f202b8e9bd65a169f2d9337,a725f0015e083fa29bbfa8bd20342347e2988eed5f7dfbff202dde942c58898a,07e9108bf1024df2b64457c685d8c7710ff9b0ce7ec33027369ea479d8413c60,True,30.109335,,"{""actual_model"":""ai4bharat/indictrans2-indic-en-1B"",""decoding"":""beam search, no sampling; reproducibility limited to pinned environment/hardware"",""device"":""cpu"",""revision"":""ac3daf0ecd37be3b6957764a9179ab2b07fa9d6a"",""seed"":20260912,""torch_version"":""2.14.0+cpu""}"
record:a8bf7f580db2def95ddc3680236c2ca5f2e1f1dcfc1ffd0267667a9af1370e91,965233207250534401,indictrans2,ai4bharat/indictrans2-indic-en-1B,ai4bharat/indictrans2-indic-en-1B,Traffic Alert Traffic is heavy from all sides at Shastri Park red light. Please use alternate routes.,SUCCESS,2026-09-12T18:57:46.266915+00:00,20260912_blind_v5,8d8f5fcab9e03c6a1dfc90d5a2bfc7a3f92959df7f202b8e9bd65a169f2d9337,692f3c981fe6d49f02d4aeb71fbef000648fe60d07d6d10afa2dde88dbe29662,0a4bcf00ccfba8a062a692081c960a873e238ad0402197ad2384a49a4b6ad15c,True,14.692784,,"{""actual_model"":""ai4bharat/indictrans2-indic-en-1B"",""decoding"":""beam search, no sampling; reproducibility limited to pinned environment/hardware"",""device"":""cpu"",""revision"":""ac3daf0ecd37be3b6957764a9179ab2b07fa9d6a"",""seed"":20260912,""torch_version"":""2.14.0+cpu""}"
record:a8c5faf1d1574ff02dd8822b26cb3e5bc6eebacea7750fa8c40fdb05f33c9a15,829203116633575424,indictrans2,ai4bharat/indictrans2-indic-en-1B,ai4bharat/indictrans2-indic-en-1B,Part 1 / 2... Traffic Alert The route from Rajpura to Sabzi Mandi has been diverted from Rajpura towards Hindu Rao Hill.,SUCCESS,2026-09-12T18:58:00.963896+00:00,20260912_blind_v5,8d8f5fcab9e03c6a1dfc90d5a2bfc7a3f92959df7f202b8e9bd65a169f2d9337,88143344674d77e1b246f600d66643508acca1c70908a512934fb2cd6bae0ac5,05ad36cb8f4451c5c319daf8dc8f7e9ce2bf37c9a29b6d74d601e901dc645bd5,True,9.762598,,"{""actual_model"":""ai4bharat/indictrans2-indic-en-1B"",""decoding"":""beam search, no sampling; reproducibility limited to pinned environment/hardware"",""device"":""cpu"",""revision"":""ac3daf0ecd37be3b6957764a9179ab2b07fa9d6a"",""seed"":20260912,""torch_version"":""2.14.0+cpu""}"
record:a97ad8b053ca1d99055fd07ccd3439cfd63d58be91be873ae84717a64fc71c56,869076728370429952,indictrans2,ai4bharat/indictrans2-indic-en-1B,ai4bharat/indictrans2-indic-en-1B,"Traffic Alert Due to the demonstration of Tibetans on the Max Mueller Marg, traffic has been diverted towards Aurobindo Chowk.",SUCCESS,2026-09-12T18:58:10.724196+00:00,20260912_blind_v5,8d8f5fcab9e03c6a1dfc90d5a2bfc7a3f92959df7f202b8e9bd65a169f2d9337,3f8e17d420f86deb10de1a015667af51686cb62554f568c2c93f789781c9db91,82bab97c1e11030d7a104639baecc55a70364fbad4435a235bbf65c882db1e38,True,6.331245,,"{""actual_model"":""ai4bharat/indictrans2-indic-en-1B"",""decoding"":""beam search, no sampling; reproducibility limited to pinned environment/hardware"",""device"":""cpu"",""revision"":""ac3daf0ecd37be3b6957764a9179ab2b07fa9d6a"",""seed"":20260912,""torch_version"":""2.14.0+cpu""}"
record:a9c864d6b77ce1e831d6e1bb046ef44a8351f60646636188ac83657c9b468ea2,1058643629818863618,indictrans2,ai4bharat/indictrans2-indic-en-1B,ai4bharat/indictrans2-indic-en-1B,"Traffic Alert A car has broken down on the RTR Flyover en route from Munirka to Mahipalpur, disrupting traffic.",SUCCESS,2026-09-12T18:58:17.057473+00:00,20260912_blind_v5,8d8f5fcab9e03c6a1dfc90d5a2bfc7a3f92959df7f202b8e9bd65a169f2d9337,33deb1a1fa3075a9a09268f6f3535d34df4b163cb89ec1fd0c3e6ce7134e3667,fac7566a977d435f4f7becb0c6b00324862083461128aa9a8fdd1398fe4f2fcf,True,19.724578,,"{""actual_model"":""ai4bharat/indictrans2-indic-en-1B"",""decoding"":""beam search, no sampling; reproducibility limited to pinned environment/hardware"",""device"":""cpu"",""revision"":""ac3daf0ecd37be3b6957764a9179ab2b07fa9d6a"",""seed"":20260912,""torch_version"":""2.14.0+cpu""}"
record:aa3d6d31235bbdbc305096a55498522de16ac38e23491b7dcb9d95fb370f56cc,560058645854322689,indictrans2,ai4bharat/indictrans2-indic-en-1B,ai4bharat/indictrans2-indic-en-1B,"Traffic Alert Traffic is heavy on Rani Jhansi Road, Azad Market, sorry for the inconvenience.",SUCCESS,2026-09-12T18:58:36.780052+00:00,20260912_blind_v5,8d8f5fcab9e03c6a1dfc90d5a2bfc7a3f92959df7f202b8e9bd65a169f2d9337,d83c6ef92f279f74172a27188a16adc59f8219dfe295493da55487917116c4c7,5052bcb6b7c31341c1376a869615ea5d6ed160360e8955485021cc3c59748dd1,True,14.587645,,"{""actual_model"":""ai4bharat/indictrans2-indic-en-1B"",""decoding"":""beam search, no sampling; reproducibility limited to pinned environment/hardware"",""device"":""cpu"",""revision"":""ac3daf0ecd37be3b6957764a9179ab2b07fa9d6a"",""seed"":20260912,""torch_version"":""2.14.0+cpu""}"
record:ab1eea081f28474efe4a012f9ba1ccbfee3e73cd4f1ada233a2c8e689b928d9a,1048598821528326146,indictrans2,ai4bharat/indictrans2-indic-en-1B,ai4bharat/indictrans2-indic-en-1B,Traffic Alert Traffic is normal on Taimoor Nagar and Mathura Road.,SUCCESS,2026-09-12T18:58:51.369282+00:00,20260912_blind_v5,8d8f5fcab9e03c6a1dfc90d5a2bfc7a3f92959df7f202b8e9bd65a169f2d9337,5852925988c3819c3a12d4d1f3b32d6d3be2fc94177c5cb57ccc0e934db5b25d,180706ca316047a62066f839289b44c7a3384eecc1147d78f078bc9aa96030d2,True,14.429461,,"{""actual_model"":""ai4bharat/indictrans2-indic-en-1B"",""decoding"":""beam search, no sampling; reproducibility limited to pinned environment/hardware"",""device"":""cpu"",""revision"":""ac3daf0ecd37be3b6957764a9179ab2b07fa9d6a"",""seed"":20260912,""torch_version"":""2.14.0+cpu""}"
record:ab63de54d85f4af855727600622f599b2ca5e20ab5f037babdc73a6b58058a6a,950388309494153217,indictrans2,ai4bharat/indictrans2-indic-en-1B,ai4bharat/indictrans2-indic-en-1B,Traffic Alert Traffic will be disrupted due to PWD work on Akshardham Setu Motorists who want to go to ITO from Noida should take Link Road via Nizamuddin Flyover.,SUCCESS,2026-09-12T18:59:05.797386+00:00,20260912_blind_v5,8d8f5fcab9e03c6a1dfc90d5a2bfc7a3f92959df7f202b8e9bd65a169f2d9337,90a948d0005e80c17edb0388de4db5d8462cb8958353fba60a606a54f238a232,3446e5bca7ee24d83d948f3b8d8022fbb5f12fb3b5453e6b4f413e99bd0becc4,True,18.231718,,"{""actual_model"":""ai4bharat/indictrans2-indic-en-1B"",""decoding"":""beam search, no sampling; reproducibility limited to pinned environment/hardware"",""device"":""cpu"",""revision"":""ac3daf0ecd37be3b6957764a9179ab2b07fa9d6a"",""seed"":20260912,""torch_version"":""2.14.0+cpu""}"
record:ab6d2e8a4797caeb2c7802e604423868752b5072124e4ce588fdecb3f0fd9cc5,611948081786036224,indictrans2,ai4bharat/indictrans2-indic-en-1B,ai4bharat/indictrans2-indic-en-1B,Traffic Alert Traffic has returned to normal on the route from Gurgaon towards Dhaula Kuan.,SUCCESS,2026-09-12T18:59:24.028979+00:00,20260912_blind_v5,8d8f5fcab9e03c6a1dfc90d5a2bfc7a3f92959df7f202b8e9bd65a169f2d9337,0104ba2ff90fd9b4623094dab18be83980f47a2968f022a9e82a103fbb09e20d,b52601f86daa854529d201dbd4b970dbf7758668d50bfd6ff9b56a2504f891a0,True,5.261017,,"{""actual_model"":""ai4bharat/indictrans2-indic-en-1B"",""decoding"":""beam search, no sampling; reproducibility limited to pinned environment/hardware"",""device"":""cpu"",""revision"":""ac3daf0ecd37be3b6957764a9179ab2b07fa9d6a"",""seed"":20260912,""torch_version"":""2.14.0+cpu""}"
record:acf375f31e112117b74996b813eaa6e64c812e4248f4aeca397ad2002bb45f89,609529080908775424,indictrans2,ai4bharat/indictrans2-indic-en-1B,ai4bharat/indictrans2-indic-en-1B,"Traffic Alert A sand-laden truck has overturned on the loop from Gurgaon towards Vasant Village which will disrupt traffic, sorry for the inconvenience.",SUCCESS,2026-09-12T18:59:29.292017+00:00,20260912_blind_v5,8d8f5fcab9e03c6a1dfc90d5a2bfc7a3f92959df7f202b8e9bd65a169f2d9337,eeae9a1ad9002acf65e648078542b42127fba895a774524475a2092c6c9f6be6,b86dea23e27767a14ff1d96e4c35aa4493b51b68adda1fbeec4f3a629353b430,True,7.412534,,"{""actual_model"":""ai4bharat/indictrans2-indic-en-1B"",""decoding"":""beam search, no sampling; reproducibility limited to pinned environment/hardware"",""device"":""cpu"",""revision"":""ac3daf0ecd37be3b6957764a9179ab2b07fa9d6a"",""seed"":20260912,""torch_version"":""2.14.0+cpu""}"
record:ad0239f909f659cf782ae6c0fce0c80a90f9adbc4da58fcddfd317464afed76b,1022702704752320512,indictrans2,ai4bharat/indictrans2-indic-en-1B,ai4bharat/indictrans2-indic-en-1B,"Traffic Alert There is a big pothole near Khajuri Chowk on the way from Bhajanpura to Khajuri, due to which traffic is affected. Please avoid using this route.",SUCCESS,2026-09-12T18:59:36.705494+00:00,20260912_blind_v5,8d8f5fcab9e03c6a1dfc90d5a2bfc7a3f92959df7f202b8e9bd65a169f2d9337,f7e6e94d8bd114aaf37c25a304f44716d4185cc6a28dc116972b100200daab35,222edad946cbf78bba04578c166351a61829d5bd68f77d9e2e8c34ee5db5a26b,True,19.247391,,"{""actual_model"":""ai4bharat/indictrans2-indic-en-1B"",""decoding"":""beam search, no sampling; reproducibility limited to pinned environment/hardware"",""device"":""cpu"",""revision"":""ac3daf0ecd37be3b6957764a9179ab2b07fa9d6a"",""seed"":20260912,""torch_version"":""2.14.0+cpu""}"
record:ad5d4a881d7790b9b37ed683b9712f419a4b91bae722f443d072747727037323,983933175289151489,indictrans2,ai4bharat/indictrans2-indic-en-1B,ai4bharat/indictrans2-indic-en-1B,"Traffic Alert A tree and a pole have fallen near C. D. Hospital on Pusa Road towards Gangaram Hospital, causing heavy traffic.",SUCCESS,2026-09-12T18:59:55.939213+00:00,20260912_blind_v5,8d8f5fcab9e03c6a1dfc90d5a2bfc7a3f92959df7f202b8e9bd65a169f2d9337,9a927dbcb77de99b3bbc6970fdabe0b71498744ad288a0340d24905fefccb594,66bb16d20cb62b8f30294d594cee652061b676021d18ebbf22b45212725c05a5,True,22.68022,,"{""actual_model"":""ai4bharat/indictrans2-indic-en-1B"",""decoding"":""beam search, no sampling; reproducibility limited to pinned environment/hardware"",""device"":""cpu"",""revision"":""ac3daf0ecd37be3b6957764a9179ab2b07fa9d6a"",""seed"":20260912,""torch_version"":""2.14.0+cpu""}"
record:ad9277c68053f54a3a062b38a4aa74287b9efc5acb34a1ca2e07aa000f059123,596657073632485376,indictrans2,ai4bharat/indictrans2-indic-en-1B,ai4bharat/indictrans2-indic-en-1B,"Traffic Alert Traffic will be heavy for 2 to 3 days due to road caving under Chirag Delhi Flyover, sorry for the inconvenience.",SUCCESS,2026-09-12T19:00:18.634001+00:00,20260912_blind_v5,8d8f5fcab9e03c6a1dfc90d5a2bfc7a3f92959df7f202b8e9bd65a169f2d9337,9914e661610ea9af74cb7eeb41546a9057d362b24b06feaa120741bf5d6fff08,e5667d23d2997766b90790be39f7db05a7de5604abc0fb1f5d0cdba096e9f828,True,20.230146,,"{""actual_model"":""ai4bharat/indictrans2-indic-en-1B"",""decoding"":""beam search, no sampling; reproducibility limited to pinned environment/hardware"",""device"":""cpu"",""revision"":""ac3daf0ecd37be3b6957764a9179ab2b07fa9d6a"",""seed"":20260912,""torch_version"":""2.14.0+cpu""}"
record:ae207cbce4f2df1c6c11655bcbe58af0450bae07092f22396e73e5c5ca0fb52e,817285910492385280,indictrans2,ai4bharat/indictrans2-indic-en-1B,ai4bharat/indictrans2-indic-en-1B,"Traffic Alert: Vehicles are coming to the Burari Authority for permits, which is affecting traffic on the route from the Outer Ring Road to Burari.",SUCCESS,2026-09-12T19:00:38.852043+00:00,20260912_blind_v5,8d8f5fcab9e03c6a1dfc90d5a2bfc7a3f92959df7f202b8e9bd65a169f2d9337,a7c4b112d7a5222fc18874034caa4599b2b9b690a0ff6dd0adaf1421db70df6c,0657580fcd7bea14a13ddfd0a7c3e84caa61b0a6decaa075e6cd79b4d50cb1f9,True,23.36646,,"{""actual_model"":""ai4bharat/indictrans2-indic-en-1B"",""decoding"":""beam search, no sampling; reproducibility limited to pinned environment/hardware"",""device"":""cpu"",""revision"":""ac3daf0ecd37be3b6957764a9179ab2b07fa9d6a"",""seed"":20260912,""torch_version"":""2.14.0+cpu""}"
record:ae659d8a729cd840981543dda7c6054f250ddf3eb07818ae6170de6ee4d12a24,1106935100237733889,indictrans2,ai4bharat/indictrans2-indic-en-1B,ai4bharat/indictrans2-indic-en-1B,Traffic Alert The stretch from Satyavati College to Keshav Puram (Chaudhary Gulab Singh Road) is under work of NDPL and Delhi Jal Board due to which traffic will be disrupted.,SUCCESS,2026-09-12T19:01:02.228929+00:00,20260912_blind_v5,8d8f5fcab9e03c6a1dfc90d5a2bfc7a3f92959df7f202b8e9bd65a169f2d9337,ca15dcd953893bafee8d2f1786239874205993b3e55a2c397158bd4e2f1333cf,5912be81f747ed2b6f4ee717e3999c2cd60052c3a5aa17cc4689f67ff6d4ab85,True,14.791535,,"{""actual_model"":""ai4bharat/indictrans2-indic-en-1B"",""decoding"":""beam search, no sampling; reproducibility limited to pinned environment/hardware"",""device"":""cpu"",""revision"":""ac3daf0ecd37be3b6957764a9179ab2b07fa9d6a"",""seed"":20260912,""torch_version"":""2.14.0+cpu""}"
record:aedf9104ebf2e30aa8ade9a0a0f0bbe12f3d213fdcefb74eeb4423c39c2e64ad,568084589996085249,indictrans2,ai4bharat/indictrans2-indic-en-1B,ai4bharat/indictrans2-indic-en-1B,Traffic Alert Traffic coming from Mori Gate is blocked at Barf Khana Chowk due to bus stop 093C. Sorry for the inconvenience.,SUCCESS,2026-09-12T19:01:17.023613+00:00,20260912_blind_v5,8d8f5fcab9e03c6a1dfc90d5a2bfc7a3f92959df7f202b8e9bd65a169f2d9337,a9221983cf0b1b55bd8d62ac652d1c526525578950c9f4df4b39e446be5c1002,c6664ddb598e007c9de8c6deefe53bc86b086a2c93a5ec2610da7a3cf918980e,True,18.215747,,"{""actual_model"":""ai4bharat/indictrans2-indic-en-1B"",""decoding"":""beam search, no sampling; reproducibility limited to pinned environment/hardware"",""device"":""cpu"",""revision"":""ac3daf0ecd37be3b6957764a9179ab2b07fa9d6a"",""seed"":20260912,""torch_version"":""2.14.0+cpu""}"
record:af3326885da4855b587ad2c889bc693fc4020a1ceea35461323edf37a47ca3c2,1071632520163188737,indictrans2,ai4bharat/indictrans2-indic-en-1B,ai4bharat/indictrans2-indic-en-1B,Traffic Alert A sewer pipeline has burst on Mathura Road Purana Qila (route from Zoo to ITO) due to which traffic is disrupted.,SUCCESS,2026-09-12T19:01:35.237203+00:00,20260912_blind_v5,8d8f5fcab9e03c6a1dfc90d5a2bfc7a3f92959df7f202b8e9bd65a169f2d9337,221b9825e80bfd0364aaf3efe12f3cfe229feffbae8d88033d1ee16bf7859c93,dee75d1b116611d7ccb9b6128abe19d67e7cacc0c89b85782f72f3417f9771f2,True,27.050698,,"{""actual_model"":""ai4bharat/indictrans2-indic-en-1B"",""decoding"":""beam search, no sampling; reproducibility limited to pinned environment/hardware"",""device"":""cpu"",""revision"":""ac3daf0ecd37be3b6957764a9179ab2b07fa9d6a"",""seed"":20260912,""torch_version"":""2.14.0+cpu""}"
record:af55389c7f31e69741f4516a5ee4a9b85681120b2b1bf5a30b9e21438cf2e77c,955019363303661568,indictrans2,ai4bharat/indictrans2-indic-en-1B,ai4bharat/indictrans2-indic-en-1B,"Traffic Alert The NHAI and Delhi Metro work is going on near Nizamuddin Khatta on the route from Ashram to ITO, due to which traffic is high.",SUCCESS,2026-09-12T19:02:02.285482+00:00,20260912_blind_v5,8d8f5fcab9e03c6a1dfc90d5a2bfc7a3f92959df7f202b8e9bd65a169f2d9337,b1c00b33f91ee89eebf8acefe9ee747222e88b5b10aa49f65166f50a914a2e35,bb5e8d690d4a94c7e2e98cf59182007fd966ce039f275dbe63991dba4e3b9a53,True,24.622666,,"{""actual_model"":""ai4bharat/indictrans2-indic-en-1B"",""decoding"":""beam search, no sampling; reproducibility limited to pinned environment/hardware"",""device"":""cpu"",""revision"":""ac3daf0ecd37be3b6957764a9179ab2b07fa9d6a"",""seed"":20260912,""torch_version"":""2.14.0+cpu""}"
record:afa38a3429e3a86288c4b879555906ff75326498936e48b846bb1c8e3fbe3139,1022689664346595328,indictrans2,ai4bharat/indictrans2-indic-en-1B,ai4bharat/indictrans2-indic-en-1B,Traffic Alert The road from Noida to Jasola U-turn is broken due to which traffic is affected. Please avoid using this route.,SUCCESS,2026-09-12T19:02:26.908273+00:00,20260912_blind_v5,8d8f5fcab9e03c6a1dfc90d5a2bfc7a3f92959df7f202b8e9bd65a169f2d9337,05baaf6fc6d0e3ec42ad86da9fb0bcf3cbdbf0951a08d3a8160951bc99fd37e3,e9064a4c3a639e706463d16950a3a2431df759aff43a9ece709c2fd8dc336326,True,7.974709,,"{""actual_model"":""ai4bharat/indictrans2-indic-en-1B"",""decoding"":""beam search, no sampling; reproducibility limited to pinned environment/hardware"",""device"":""cpu"",""revision"":""ac3daf0ecd37be3b6957764a9179ab2b07fa9d6a"",""seed"":20260912,""torch_version"":""2.14.0+cpu""}"
record:b01a5a86ad708ea187ae5713f9b714e52b2d940451b18a19d976efc427730f46,1095631993365159936,indictrans2,ai4bharat/indictrans2-indic-en-1B,ai4bharat/indictrans2-indic-en-1B,"Traffic Alert Wazirabad Bridge has been closed for repair work which will last for three months, motorists going towards Wazirabad, ISBT Kashmere Gate, Civil Lines are requested to take Signature Bridge or Shastri Park.",SUCCESS,2026-09-12T19:02:34.885796+00:00,20260912_blind_v5,8d8f5fcab9e03c6a1dfc90d5a2bfc7a3f92959df7f202b8e9bd65a169f2d9337,0f46b64b7ada48050f0cf016929d3660bab010f5c71aa202b1f3a604e781bbb4,71797975ecf5c792529259c4431ceaf4399821cb39850ea20533f1aa3c4ca77c,True,16.643367,,"{""actual_model"":""ai4bharat/indictrans2-indic-en-1B"",""decoding"":""beam search, no sampling; reproducibility limited to pinned environment/hardware"",""device"":""cpu"",""revision"":""ac3daf0ecd37be3b6957764a9179ab2b07fa9d6a"",""seed"":20260912,""torch_version"":""2.14.0+cpu""}"
record:b0bf37e7d032d59805180e35ad9ea60452738e255a58b6a06761d401c6af654f,1070545622304989185,indictrans2,ai4bharat/indictrans2-indic-en-1B,ai4bharat/indictrans2-indic-en-1B,"Traffic Alert: PWD work is going on near pillar number 40 and 41 near Munirka Flyover on the way from Munirka to RTR, due to which traffic is affected.",SUCCESS,2026-09-12T19:02:51.527037+00:00,20260912_blind_v5,8d8f5fcab9e03c6a1dfc90d5a2bfc7a3f92959df7f202b8e9bd65a169f2d9337,e6604084c7dae1d5fb3215dde4adcc63ee680b6eb655e647253e3fbc5e6941dc,cf32883b92747132e6da298e1c732c5228b6b91d67cde9ab4f255fd6375aa6bf,True,35.154036,,"{""actual_model"":""ai4bharat/indictrans2-indic-en-1B"",""decoding"":""beam search, no sampling; reproducibility limited to pinned environment/hardware"",""device"":""cpu"",""revision"":""ac3daf0ecd37be3b6957764a9179ab2b07fa9d6a"",""seed"":20260912,""torch_version"":""2.14.0+cpu""}"
record:b149df92237476a594456632239427481c7e64ed969cbac07c85aaad80d4d490,870193728551440384,indictrans2,ai4bharat/indictrans2-indic-en-1B,ai4bharat/indictrans2-indic-en-1B,Traffic Alert 1 / 2: Dhaula Kuan to Hayat road near Hayat caved in. पी.डब्ल्यू.डी.वाले Repair work underway...,SUCCESS,2026-09-12T19:03:26.676012+00:00,20260912_blind_v5,8d8f5fcab9e03c6a1dfc90d5a2bfc7a3f92959df7f202b8e9bd65a169f2d9337,fb24f97561c1fa3aab779c32139e7e182203ea013adad3ee84b9c2a41ad3185e,b14d0efe860091091c1205d69a935d36f488379f3f2a10f70e134dd920e846ad,True,32.077289,,"{""actual_model"":""ai4bharat/indictrans2-indic-en-1B"",""decoding"":""beam search, no sampling; reproducibility limited to pinned environment/hardware"",""device"":""cpu"",""revision"":""ac3daf0ecd37be3b6957764a9179ab2b07fa9d6a"",""seed"":20260912,""torch_version"":""2.14.0+cpu""}"
record:b1a098eaef980c854f91ca8602d7254bb1345065431a56678859f6f6f8d6c1b2,1034289564804820992,indictrans2,ai4bharat/indictrans2-indic-en-1B,ai4bharat/indictrans2-indic-en-1B,Traffic Alert A tree has fallen on the road near Narela Mandi Fire Station due to which traffic is affected!,SUCCESS,2026-09-12T19:03:58.763478+00:00,20260912_blind_v5,8d8f5fcab9e03c6a1dfc90d5a2bfc7a3f92959df7f202b8e9bd65a169f2d9337,0e733d87a07a1d82419b940aadd4defdd7ea5e42a9c670d886748978b53a7112,202aebba003e5c2fa011beb8f8e7b648c3c4b4b2ca76010cfd4879b4396e3944,True,11.719303,,"{""actual_model"":""ai4bharat/indictrans2-indic-en-1B"",""decoding"":""beam search, no sampling; reproducibility limited to pinned environment/hardware"",""device"":""cpu"",""revision"":""ac3daf0ecd37be3b6957764a9179ab2b07fa9d6a"",""seed"":20260912,""torch_version"":""2.14.0+cpu""}"
record:b20b7ed32da881834a74f702299515ab887e007096b19184bac24284291418ec,790543670139195393,indictrans2,ai4bharat/indictrans2-indic-en-1B,ai4bharat/indictrans2-indic-en-1B,Traffic Alert An electric pole has caught fire on the divider in front of the bus stand near Sarai Rohilla Railway Station on New Rohtak Road.,SUCCESS,2026-09-12T19:04:10.470876+00:00,20260912_blind_v5,8d8f5fcab9e03c6a1dfc90d5a2bfc7a3f92959df7f202b8e9bd65a169f2d9337,7ee5561420c5b53abca0cd8f6a0929387435bdeae13b07bba1149cb66debe67a,2611a8ed4df0e0c240c47b6aae7c1a6022185f0f540466871e3b9cdfaef0290f,True,8.901563,,"{""actual_model"":""ai4bharat/indictrans2-indic-en-1B"",""decoding"":""beam search, no sampling; reproducibility limited to pinned environment/hardware"",""device"":""cpu"",""revision"":""ac3daf0ecd37be3b6957764a9179ab2b07fa9d6a"",""seed"":20260912,""torch_version"":""2.14.0+cpu""}"
record:b223fc9c1376b97aa3977c688f2a7fe5adf1c63bb2526194eda11ebc5a818cc5,786135796000534528,indictrans2,ai4bharat/indictrans2-indic-en-1B,ai4bharat/indictrans2-indic-en-1B,Traffic Alert 1. The road from Moti Nagar to Indra Lok has been closed due to Tajiya.,SUCCESS,2026-09-12T19:04:19.377950+00:00,20260912_blind_v5,8d8f5fcab9e03c6a1dfc90d5a2bfc7a3f92959df7f202b8e9bd65a169f2d9337,5005132c78551bb8dbfe59a0fcc46556b238635ca7ae0718eae0ee00be72dc5b,c76fdfe9a3f62f43457c42ec89b7cc18e12a0479e664759fe8125f6777e871ba,True,20.841143,,"{""actual_model"":""ai4bharat/indictrans2-indic-en-1B"",""decoding"":""beam search, no sampling; reproducibility limited to pinned environment/hardware"",""device"":""cpu"",""revision"":""ac3daf0ecd37be3b6957764a9179ab2b07fa9d6a"",""seed"":20260912,""torch_version"":""2.14.0+cpu""}"
record:b25c5584630707634a2cbec503c114581ca6d80f3227e0b6f5be4d03a51e6656,1093389655192584192,indictrans2,ai4bharat/indictrans2-indic-en-1B,ai4bharat/indictrans2-indic-en-1B,"Traffic Alert Due to the sit-in protest, traffic has been closed from Red Fort to Netaji Subhash Marg (both carriageway) and traffic has been diverted from Nishad Raj Marg towards Ring Road, Hanuman Mandir.",SUCCESS,2026-09-12T19:04:40.221643+00:00,20260912_blind_v5,8d8f5fcab9e03c6a1dfc90d5a2bfc7a3f92959df7f202b8e9bd65a169f2d9337,4bd13ff909c724d013637639da88d6fcd4d2f2030c2d9d759abee62cd8a0c4db,fe069b29c838c53ab9b98db3827d54b61fa5af5a7b04dd54683005cdf6226ad3,True,41.352073,,"{""actual_model"":""ai4bharat/indictrans2-indic-en-1B"",""decoding"":""beam search, no sampling; reproducibility limited to pinned environment/hardware"",""device"":""cpu"",""revision"":""ac3daf0ecd37be3b6957764a9179ab2b07fa9d6a"",""seed"":20260912,""torch_version"":""2.14.0+cpu""}"
record:b3b25b289abff7a4c520fe3a9eb84c38b0f48ff5b89541a3fbb6ae6737b32bcf,609200929234141184,indictrans2,ai4bharat/indictrans2-indic-en-1B,ai4bharat/indictrans2-indic-en-1B,Traffic Alert A dumper on the road from Kalka Das Chowk towards Kamal T-point has been removed. Traffic is normal now.,SUCCESS,2026-09-12T19:05:21.579334+00:00,20260912_blind_v5,8d8f5fcab9e03c6a1dfc90d5a2bfc7a3f92959df7f202b8e9bd65a169f2d9337,e2b3934321685b4626c72c57068e6851a667d4713193f9010958819d591380ae,ee9f3e923c277986519658bfdeb2b51dfe6d10d710600986892c25bee225dc9c,True,9.445086,,"{""actual_model"":""ai4bharat/indictrans2-indic-en-1B"",""decoding"":""beam search, no sampling; reproducibility limited to pinned environment/hardware"",""device"":""cpu"",""revision"":""ac3daf0ecd37be3b6957764a9179ab2b07fa9d6a"",""seed"":20260912,""torch_version"":""2.14.0+cpu""}"
record:b445ac885d2b96908dec547a5baba53d9f231ab50a094a78c326bb375d92b178,872284641524305920,indictrans2,ai4bharat/indictrans2-indic-en-1B,ai4bharat/indictrans2-indic-en-1B,Traffic Alert A tree has broken and fallen on Lajpat Nagar Jal Vihar Road due to which traffic is disrupted!,SUCCESS,2026-09-12T19:05:31.020946+00:00,20260912_blind_v5,8d8f5fcab9e03c6a1dfc90d5a2bfc7a3f92959df7f202b8e9bd65a169f2d9337,0bca6e31c088d0b24a7982e8a0fe0c520269c4b754992154cbd4ad6a95421928,a9ea23c3a5d2cd85370f90a0e75ffb1abcd6d478032f7b0760ab1c4cc0f75ca2,True,5.684231,,"{""actual_model"":""ai4bharat/indictrans2-indic-en-1B"",""decoding"":""beam search, no sampling; reproducibility limited to pinned environment/hardware"",""device"":""cpu"",""revision"":""ac3daf0ecd37be3b6957764a9179ab2b07fa9d6a"",""seed"":20260912,""torch_version"":""2.14.0+cpu""}"
record:b4550aada4842adba659c8a9b1ee47681958b867f2dfc235a38c1aa890a69cc1,957890111135399936,indictrans2,ai4bharat/indictrans2-indic-en-1B,ai4bharat/indictrans2-indic-en-1B,Traffic Alert The bridge near Krishna Nagar Swarna Cinema is broken. Please avoid using this route.,SUCCESS,2026-09-12T19:05:36.708116+00:00,20260912_blind_v5,8d8f5fcab9e03c6a1dfc90d5a2bfc7a3f92959df7f202b8e9bd65a169f2d9337,fcd89513a623bcbd7cb0ae103ed5d7760579bb0bef0e0f8165200608532f6f7d,bdc7999e28ff8d8825800e79085b75d6f4f7d804d46b13f3d5a1ae79fc0b6cc6,True,12.449803,,"{""actual_model"":""ai4bharat/indictrans2-indic-en-1B"",""decoding"":""beam search, no sampling; reproducibility limited to pinned environment/hardware"",""device"":""cpu"",""revision"":""ac3daf0ecd37be3b6957764a9179ab2b07fa9d6a"",""seed"":20260912,""torch_version"":""2.14.0+cpu""}"
record:b4c45901aaaa3ca6b115759cc3c1f84d3e755b92c91a167066d1e2d18ea757aa,1083323936895627264,indictrans2,ai4bharat/indictrans2-indic-en-1B,ai4bharat/indictrans2-indic-en-1B,Traffic Alert Traffic on Sarai Kale Khan Marg is affected due to fire in Ayushman Pharmacy building and traffic on NS Johar Marg has been diverted to सी.वी. Raman Marg.,SUCCESS,2026-09-12T19:05:49.158164+00:00,20260912_blind_v5,8d8f5fcab9e03c6a1dfc90d5a2bfc7a3f92959df7f202b8e9bd65a169f2d9337,8242b059e9a82373f07aa3e557554d678650b4871cca6936f92dd9fa227c7125,92f9e3264bbbe0058d2c0246b9210058704fd5846e2adc495c858f69bc175789,True,29.322124,,"{""actual_model"":""ai4bharat/indictrans2-indic-en-1B"",""decoding"":""beam search, no sampling; reproducibility limited to pinned environment/hardware"",""device"":""cpu"",""revision"":""ac3daf0ecd37be3b6957764a9179ab2b07fa9d6a"",""seed"":20260912,""torch_version"":""2.14.0+cpu""}"
record:b4daa211e0439e577336721cf422188629f7e288537820f02c9ebb1d89a4b90e,1048518211782754304,indictrans2,ai4bharat/indictrans2-indic-en-1B,ai4bharat/indictrans2-indic-en-1B,"Traffic Alert Due to traffic diversions on Mathura Road, traffic has become heavy. Please avoid using this route.",SUCCESS,2026-09-12T19:06:18.480595+00:00,20260912_blind_v5,8d8f5fcab9e03c6a1dfc90d5a2bfc7a3f92959df7f202b8e9bd65a169f2d9337,3a26de3a7974a92efed52ea4ef448b1a2102c08e4665fba7eac2902ee1acd720,4243e49b05d29bb94fa1911f8ec31c9a70b4ca790a043fa9fd37c37c08c1b079,True,13.884259,,"{""actual_model"":""ai4bharat/indictrans2-indic-en-1B"",""decoding"":""beam search, no sampling; reproducibility limited to pinned environment/hardware"",""device"":""cpu"",""revision"":""ac3daf0ecd37be3b6957764a9179ab2b07fa9d6a"",""seed"":20260912,""torch_version"":""2.14.0+cpu""}"
record:b4eca4bc3267b0cec0e399bedec2c15b824edf40cb2216b261e9c8e8e82dd268,1049313296917049346,indictrans2,ai4bharat/indictrans2-indic-en-1B,ai4bharat/indictrans2-indic-en-1B,Traffic Alert G. टी.बी. Nagar Delhi University Both the routes from Kingsway Camp to Timarpur and from Timarpur to Kingsway Camp have been diverted due to the sit-in protest.,SUCCESS,2026-09-12T19:06:32.362470+00:00,20260912_blind_v5,8d8f5fcab9e03c6a1dfc90d5a2bfc7a3f92959df7f202b8e9bd65a169f2d9337,ff2d0c6bbd29100149ea979c5b1cc8172430b26e7a641e4986ea1aecf08695c8,de1272ec04f59c712e4a2b3e2e6e00dacc531b3ef61fa347e366ab96d7995c63,True,12.695884,,"{""actual_model"":""ai4bharat/indictrans2-indic-en-1B"",""decoding"":""beam search, no sampling; reproducibility limited to pinned environment/hardware"",""device"":""cpu"",""revision"":""ac3daf0ecd37be3b6957764a9179ab2b07fa9d6a"",""seed"":20260912,""torch_version"":""2.14.0+cpu""}"
record:b4fdf4a54fd8d319e88b741c3fd80a02ece09f020abd1f6c8f042d5c69c7bc4f,1069439300989800448,indictrans2,ai4bharat/indictrans2-indic-en-1B,ai4bharat/indictrans2-indic-en-1B,"Traffic Alert A truck full of rods has overturned on the way from Lado Sarai to Saket, scattered on the road blocking traffic. pic.twitter.com/3LXElk7cLQ",SUCCESS,2026-09-12T19:06:45.061414+00:00,20260912_blind_v5,8d8f5fcab9e03c6a1dfc90d5a2bfc7a3f92959df7f202b8e9bd65a169f2d9337,74a4ccf4e1ae0693e9fcb86726791d995d7652dede8ecb165e12d82fd4cef07d,4f2371ec66a23abb4ba0184c998e51540c2b03cbf59c426292d809a7dd4c060c,True,9.985467,,"{""actual_model"":""ai4bharat/indictrans2-indic-en-1B"",""decoding"":""beam search, no sampling; reproducibility limited to pinned environment/hardware"",""device"":""cpu"",""revision"":""ac3daf0ecd37be3b6957764a9179ab2b07fa9d6a"",""seed"":20260912,""torch_version"":""2.14.0+cpu""}"
record:b5106e1e806e5ed616c4ee9f2d432b9635558e97e49cb766aaa33451f95d1fea,931438039909277696,indictrans2,ai4bharat/indictrans2-indic-en-1B,ai4bharat/indictrans2-indic-en-1B,"Traffic Alert: PWD is working on the road from Karawal Nagar to Bhajanpura, which will last for the next 10 to 15 days, due to which there will be more traffic on this road!",SUCCESS,2026-09-12T19:06:55.046452+00:00,20260912_blind_v5,8d8f5fcab9e03c6a1dfc90d5a2bfc7a3f92959df7f202b8e9bd65a169f2d9337,143dd2ac6fd590afc82bdcdd14a880dde6cb40417f8ef7b0d386f536d4b5fea2,0a83b5e273659f9f12090338686b13819fe15e2902b9ccead640002e8a8ee961,True,81.481912,,"{""actual_model"":""ai4bharat/indictrans2-indic-en-1B"",""decoding"":""beam search, no sampling; reproducibility limited to pinned environment/hardware"",""device"":""cpu"",""revision"":""ac3daf0ecd37be3b6957764a9179ab2b07fa9d6a"",""seed"":20260912,""torch_version"":""2.14.0+cpu""}"
record:b547987369e28dfef9c680ecae33c4442d7a844336fbe4a4eea2499d9718c0b3,846217767955173376,indictrans2,ai4bharat/indictrans2-indic-en-1B,ai4bharat/indictrans2-indic-en-1B,"Traffic Alert The Jal Board work is going on in Dallupura, due to which the traffic coming from Kondli will be more.",SUCCESS,2026-09-12T19:08:16.529180+00:00,20260912_blind_v5,8d8f5fcab9e03c6a1dfc90d5a2bfc7a3f92959df7f202b8e9bd65a169f2d9337,b7593da0ebbaa095076a248ead74158ac3247f8c55c99899bc9f66e1626e55aa,3c21d4d54448adf51ac1ca2a92558f0f3216c1374eb888d199290a699859082d,True,7.312935,,"{""actual_model"":""ai4bharat/indictrans2-indic-en-1B"",""decoding"":""beam search, no sampling; reproducibility limited to pinned environment/hardware"",""device"":""cpu"",""revision"":""ac3daf0ecd37be3b6957764a9179ab2b07fa9d6a"",""seed"":20260912,""torch_version"":""2.14.0+cpu""}"
record:b57375c62d99a6cfe037d03f0345c8f90a78e8052bd29f0c21bf35fa46d724fd,1123465143487168515,indictrans2,ai4bharat/indictrans2-indic-en-1B,ai4bharat/indictrans2-indic-en-1B,Traffic Alert Traffic will be affected due to a political party rally from Mahipalpur to Andheria Morh (both sides) from 5 pm to 9 pm today.,SUCCESS,2026-09-12T19:08:23.842593+00:00,20260912_blind_v5,8d8f5fcab9e03c6a1dfc90d5a2bfc7a3f92959df7f202b8e9bd65a169f2d9337,dc77edc603f1d3c61f172e5b700a42266c00bc2429b7320b127d46543ba50a37,c103cc2306c9af8a1ab7fbf44c6e4024229157579a6378a79c48850afaeeccdc,True,22.456969,,"{""actual_model"":""ai4bharat/indictrans2-indic-en-1B"",""decoding"":""beam search, no sampling; reproducibility limited to pinned environment/hardware"",""device"":""cpu"",""revision"":""ac3daf0ecd37be3b6957764a9179ab2b07fa9d6a"",""seed"":20260912,""torch_version"":""2.14.0+cpu""}"
record:b5e16fd12e17039cef72e6afc16369af60f15dbf23389fef6fb0c2d33bd9e1ca,1034302772340879360,indictrans2,ai4bharat/indictrans2-indic-en-1B,ai4bharat/indictrans2-indic-en-1B,Traffic Alert Traffic will be affected due to an immersion program on Sonia Vihar to Pusta Road!,SUCCESS,2026-09-12T19:08:46.294098+00:00,20260912_blind_v5,8d8f5fcab9e03c6a1dfc90d5a2bfc7a3f92959df7f202b8e9bd65a169f2d9337,c29c18a89c9926b63855039c97f71dfe52119d37946d0e903431c2d7c5ca27d6,83d88f27ab32abfb15a6fa7857b1d0d241bc9e81c42cdaa1b4b5a55a785f448d,True,24.212899,,"{""actual_model"":""ai4bharat/indictrans2-indic-en-1B"",""decoding"":""beam search, no sampling; reproducibility limited to pinned environment/hardware"",""device"":""cpu"",""revision"":""ac3daf0ecd37be3b6957764a9179ab2b07fa9d6a"",""seed"":20260912,""torch_version"":""2.14.0+cpu""}"
record:b5f872b9fdc1d57951bb32bddb721e5b374a0be350507746455a7c091356b367,952784103627214848,indictrans2,ai4bharat/indictrans2-indic-en-1B,ai4bharat/indictrans2-indic-en-1B,Traffic Alert There is heavy traffic from Dhaula Kuan to Moti Bagh due to paint work on the Metro Pillar.,SUCCESS,2026-09-12T19:09:10.513185+00:00,20260912_blind_v5,8d8f5fcab9e03c6a1dfc90d5a2bfc7a3f92959df7f202b8e9bd65a169f2d9337,d6358688d3092ca9c1f7c37a225c0ea3c37c0e09c3bb1923b4785467bd5d11f6,1ebf22cf52bbcead27ad02d5b0939450813bcdb4512ac6c54f41667e95f4e338,True,27.716625,,"{""actual_model"":""ai4bharat/indictrans2-indic-en-1B"",""decoding"":""beam search, no sampling; reproducibility limited to pinned environment/hardware"",""device"":""cpu"",""revision"":""ac3daf0ecd37be3b6957764a9179ab2b07fa9d6a"",""seed"":20260912,""torch_version"":""2.14.0+cpu""}"
record:b652779a50d8cbbf6575c00b04f0a691e72696316c1da8b1ac94766c8ecbccb7,771827728874139648,indictrans2,ai4bharat/indictrans2-indic-en-1B,ai4bharat/indictrans2-indic-en-1B,"Traffic Alert 1 / 3 - On the way from Naraina Flyover to Dhaula Kuan on Ring Road, the road has caved in as soon as you get off the Naraina Flyover.",SUCCESS,2026-09-12T19:09:38.230075+00:00,20260912_blind_v5,8d8f5fcab9e03c6a1dfc90d5a2bfc7a3f92959df7f202b8e9bd65a169f2d9337,a300ea509bbc6a9bb6d97cebd2d299ab4c4fb51b962a4410f877b0fc801bce62,af6849b52e6d1353966862664d3b4405737efd55c7f97515cc2e4a0c9f974a1a,True,13.555422,,"{""actual_model"":""ai4bharat/indictrans2-indic-en-1B"",""decoding"":""beam search, no sampling; reproducibility limited to pinned environment/hardware"",""device"":""cpu"",""revision"":""ac3daf0ecd37be3b6957764a9179ab2b07fa9d6a"",""seed"":20260912,""torch_version"":""2.14.0+cpu""}"
record:b677d82edd185e99921406af6cd74e1ca04bb5aab3b622b63690af7ed7c0e913,1036139686652039169,indictrans2,ai4bharat/indictrans2-indic-en-1B,ai4bharat/indictrans2-indic-en-1B,Traffic Alert A tree has fallen near Agarwal Sweets on Abhay Marg Traffic is affected.,SUCCESS,2026-09-12T19:09:51.785294+00:00,20260912_blind_v5,8d8f5fcab9e03c6a1dfc90d5a2bfc7a3f92959df7f202b8e9bd65a169f2d9337,0fd0b71da3bf4c3746c36be1bccde258d1a3c43181b83b76f24a5f482b5af569,a917ccc27779e115c87f7e73d9b02c1d238b8e1d3206be05018a4dc8020fdd99,True,8.518144,,"{""actual_model"":""ai4bharat/indictrans2-indic-en-1B"",""decoding"":""beam search, no sampling; reproducibility limited to pinned environment/hardware"",""device"":""cpu"",""revision"":""ac3daf0ecd37be3b6957764a9179ab2b07fa9d6a"",""seed"":20260912,""torch_version"":""2.14.0+cpu""}"
record:b67d7d01d4c84b0847ff19f39f149db7e071835d376df7518ef76aa9011e7888,824845262933807107,indictrans2,ai4bharat/indictrans2-indic-en-1B,ai4bharat/indictrans2-indic-en-1B,Traffic Alert Traffic has been stopped from Windsor Place towards Ashoka Road and Jaswant Singh Road towards Ashoka Road due to the sit-in protest!,SUCCESS,2026-09-12T19:10:00.303548+00:00,20260912_blind_v5,8d8f5fcab9e03c6a1dfc90d5a2bfc7a3f92959df7f202b8e9bd65a169f2d9337,f79a90a5275a21eef98845d2db9c10e9579fe5743ddedf1fc5ee63896755eb30,2b5ac946535bcc731182df5ed3a7c615dee139f0770ee2397f44e40fc05ae875,True,40.866341,,"{""actual_model"":""ai4bharat/indictrans2-indic-en-1B"",""decoding"":""beam search, no sampling; reproducibility limited to pinned environment/hardware"",""device"":""cpu"",""revision"":""ac3daf0ecd37be3b6957764a9179ab2b07fa9d6a"",""seed"":20260912,""torch_version"":""2.14.0+cpu""}"
record:b6aa68bead0342c99a86adcf0fccf6e99dcf06042b71a51e22f3990f55ec6dc5,785865284422860802,indictrans2,ai4bharat/indictrans2-indic-en-1B,ai4bharat/indictrans2-indic-en-1B,"Traffic Alert Due to Dussehra festival, traffic will be disrupted on Netaji Subhas Place Road No. 41 en route to Ring Road from Madhuban.",SUCCESS,2026-09-12T19:10:41.168751+00:00,20260912_blind_v5,8d8f5fcab9e03c6a1dfc90d5a2bfc7a3f92959df7f202b8e9bd65a169f2d9337,96086dfd87670ac7cf315f0b4962820e7e337ed597b8c1aed7d5ac83e8384b30,466bd1066ce056a0d1fc8faaf9c85d1fbb964b9dd8f3361befc9038884fd5e37,True,42.537763,,"{""actual_model"":""ai4bharat/indictrans2-indic-en-1B"",""decoding"":""beam search, no sampling; reproducibility limited to pinned environment/hardware"",""device"":""cpu"",""revision"":""ac3daf0ecd37be3b6957764a9179ab2b07fa9d6a"",""seed"":20260912,""torch_version"":""2.14.0+cpu""}"
record:b6ac1bc2933d7d6b1280ab1b27031137c45ede3f82bf3359695fe3f50785e32f,780379179779063808,indictrans2,ai4bharat/indictrans2-indic-en-1B,ai4bharat/indictrans2-indic-en-1B,Traffic Alert 2 / 2: Use Outer Ring Road (Mukundpur) to go to Mukarba Chowk.,SUCCESS,2026-09-12T19:11:23.708724+00:00,20260912_blind_v5,8d8f5fcab9e03c6a1dfc90d5a2bfc7a3f92959df7f202b8e9bd65a169f2d9337,d3179beb6c519c16541b57753738832754951728ea224797ddbb1d0e2480b453,0e9be43517862417f6b243e94966d1cdcb02fbc679093005bc24a592e28b89ef,True,9.940938,,"{""actual_model"":""ai4bharat/indictrans2-indic-en-1B"",""decoding"":""beam search, no sampling; reproducibility limited to pinned environment/hardware"",""device"":""cpu"",""revision"":""ac3daf0ecd37be3b6957764a9179ab2b07fa9d6a"",""seed"":20260912,""torch_version"":""2.14.0+cpu""}"
record:b6e83405830fdcd03c6174fd68562087c8cee84113e71fcfdde6395fcbda5d8c,1083914493946556418,indictrans2,ai4bharat/indictrans2-indic-en-1B,ai4bharat/indictrans2-indic-en-1B,"Traffic Alert On the way from Gurugram to Dhaula Kuan, near Mahipalpur, where the underpass is being built, the road was washed away, which has been repaired.",SUCCESS,2026-09-12T19:11:33.649396+00:00,20260912_blind_v5,8d8f5fcab9e03c6a1dfc90d5a2bfc7a3f92959df7f202b8e9bd65a169f2d9337,1fbffd382567dfb47ec9b3c1b191caa17a8f9980e69b304359db7c41d69e52ee,b127255d7a6ef44572501d8fa91682047e58393ce6820ac671f4d70a845e89b4,True,11.085911,,"{""actual_model"":""ai4bharat/indictrans2-indic-en-1B"",""decoding"":""beam search, no sampling; reproducibility limited to pinned environment/hardware"",""device"":""cpu"",""revision"":""ac3daf0ecd37be3b6957764a9179ab2b07fa9d6a"",""seed"":20260912,""torch_version"":""2.14.0+cpu""}"
record:b74e8e5f03096aa268c503fef2638c644453dde337b876fdaa5e6b33438c3960,628979047901569025,indictrans2,ai4bharat/indictrans2-indic-en-1B,ai4bharat/indictrans2-indic-en-1B,Traffic Alert Traffic is now normal from DCM Chowk towards Filmistan (Rani Jhansi Road).,SUCCESS,2026-09-12T19:11:44.736146+00:00,20260912_blind_v5,8d8f5fcab9e03c6a1dfc90d5a2bfc7a3f92959df7f202b8e9bd65a169f2d9337,88011e737a359f89b98942b9ebea127a44fcc3ba1d6e97cc864368afe06bb28f,aec30205a79052ae71fc05ccccb6fcef526f69aa04d93d506b52eb38b1c6da5e,True,28.586237,,"{""actual_model"":""ai4bharat/indictrans2-indic-en-1B"",""decoding"":""beam search, no sampling; reproducibility limited to pinned environment/hardware"",""device"":""cpu"",""revision"":""ac3daf0ecd37be3b6957764a9179ab2b07fa9d6a"",""seed"":20260912,""torch_version"":""2.14.0+cpu""}"
record:b760aa73de8c1beb8b26e8247fad34eddc2d55f32f60bd38c16dd90d45e242d3,952883105806741504,indictrans2,ai4bharat/indictrans2-indic-en-1B,ai4bharat/indictrans2-indic-en-1B,Traffic Alert There is heavy traffic on the road from Akshardham to Laxmi Nagar due to a pothole on the road near Laxmi Nagar.,SUCCESS,2026-09-12T19:12:13.320259+00:00,20260912_blind_v5,8d8f5fcab9e03c6a1dfc90d5a2bfc7a3f92959df7f202b8e9bd65a169f2d9337,c7f62b867fa138e2bf7bc5f94a58cd9559be678591fccb56a1c2859eadf332df,f892fa41fd5ee2db3ec7b8ea649585c464435e3a538c6e3ba379515261a816ae,True,26.467754,,"{""actual_model"":""ai4bharat/indictrans2-indic-en-1B"",""decoding"":""beam search, no sampling; reproducibility limited to pinned environment/hardware"",""device"":""cpu"",""revision"":""ac3daf0ecd37be3b6957764a9179ab2b07fa9d6a"",""seed"":20260912,""torch_version"":""2.14.0+cpu""}"
record:b7e7e45d908f6af9b89f8d8e4aac9adf47b70243412649a22ff8bffa1e6df86a,805417084670775296,indictrans2,ai4bharat/indictrans2-indic-en-1B,ai4bharat/indictrans2-indic-en-1B,Traffic Alert Traffic coming from Rafi Marg towards Red Cross has been diverted.,SUCCESS,2026-09-12T19:12:39.782869+00:00,20260912_blind_v5,8d8f5fcab9e03c6a1dfc90d5a2bfc7a3f92959df7f202b8e9bd65a169f2d9337,844f2af84cd9f232cb5b6b4b5934c70a765554ca4a16e6abbc85a83db7a585bc,7b1d54096ee264c1ac7e81c3bb20d7b5c89a97be9f473988415e8c927f5a0c20,True,14.824897,,"{""actual_model"":""ai4bharat/indictrans2-indic-en-1B"",""decoding"":""beam search, no sampling; reproducibility limited to pinned environment/hardware"",""device"":""cpu"",""revision"":""ac3daf0ecd37be3b6957764a9179ab2b07fa9d6a"",""seed"":20260912,""torch_version"":""2.14.0+cpu""}"
record:b809efb962a3b29a3ddbe06d11da5150a3a802f71fdc5b8f1512c548cc5a52ff,1083584157878382593,indictrans2,ai4bharat/indictrans2-indic-en-1B,ai4bharat/indictrans2-indic-en-1B,"Traffic Alert Due to the rally at Ramlila Maidan, buses going from Desh Bandhu Gupta Road to Ajmeri Gate have been diverted which will pass under the flyover and go towards Paharganj.",SUCCESS,2026-09-12T19:12:54.611195+00:00,20260912_blind_v5,8d8f5fcab9e03c6a1dfc90d5a2bfc7a3f92959df7f202b8e9bd65a169f2d9337,5dcf73dc1f677c0ae771872f80284f6d1487cf5f6d44d568ed3eb03572cca967,5d770aa033dc4a4f1618ce6eddb7bc24998cdef86b6148adfe40ae70f09d2e4a,True,31.824892,,"{""actual_model"":""ai4bharat/indictrans2-indic-en-1B"",""decoding"":""beam search, no sampling; reproducibility limited to pinned environment/hardware"",""device"":""cpu"",""revision"":""ac3daf0ecd37be3b6957764a9179ab2b07fa9d6a"",""seed"":20260912,""torch_version"":""2.14.0+cpu""}"
record:b8388f7c79af63e5081d8eabf8e86e703f8732601f6761b534a0086e2f02cf3a,979217533466128386,indictrans2,ai4bharat/indictrans2-indic-en-1B,ai4bharat/indictrans2-indic-en-1B,"Traffic Alert On the occasion of Mahavir Jayanti festival, the procession which will go from Filmistan to Ghanta Ghar, due to which traffic will be disrupted at Pahari Dheeraj, Khari Baoli, 12 Tooti Chowk, Qutub Road, Lahori Gate, Chandni Chowk, Town Hall and Ghanta Ghar.",SUCCESS,2026-09-12T19:13:26.437935+00:00,20260912_blind_v5,8d8f5fcab9e03c6a1dfc90d5a2bfc7a3f92959df7f202b8e9bd65a169f2d9337,60b15f9af019a5342a6cc6a0d7d3517e9832ff8c3224e67bd87d024db9a66895,4751365e5618afe1af16fe791eb4fcb51581cfc8f76e3502d62f92c3c2066ddc,True,38.304989,,"{""actual_model"":""ai4bharat/indictrans2-indic-en-1B"",""decoding"":""beam search, no sampling; reproducibility limited to pinned environment/hardware"",""device"":""cpu"",""revision"":""ac3daf0ecd37be3b6957764a9179ab2b07fa9d6a"",""seed"":20260912,""torch_version"":""2.14.0+cpu""}"
record:b860745966faf73278ac94d6e8fd73689091d4a8a5900d30f41d7b7b4eb51288,817580305452179456,indictrans2,ai4bharat/indictrans2-indic-en-1B,ai4bharat/indictrans2-indic-en-1B,"PART 1 / 2 Traffic Alert Due to an accident on the route from RTR to Moti Bagh, oil is scattered on the road.",SUCCESS,2026-09-12T19:14:04.743569+00:00,20260912_blind_v5,8d8f5fcab9e03c6a1dfc90d5a2bfc7a3f92959df7f202b8e9bd65a169f2d9337,49b02f55d56176964b6bcb680255f2a0bb168530aae451d4e59d476c96d52b1b,72266bbfa80af210a12231ef17843813d12cbfdf757d3b3d12907ad9f41e8458,True,27.152393,,"{""actual_model"":""ai4bharat/indictrans2-indic-en-1B"",""decoding"":""beam search, no sampling; reproducibility limited to pinned environment/hardware"",""device"":""cpu"",""revision"":""ac3daf0ecd37be3b6957764a9179ab2b07fa9d6a"",""seed"":20260912,""torch_version"":""2.14.0+cpu""}"
record:b8bdf9c9fd35037cc9f87e1b12524b61233295db9808d4d4c77129d396f8925d,974511403598954496,indictrans2,ai4bharat/indictrans2-indic-en-1B,ai4bharat/indictrans2-indic-en-1B,"Traffic Alert Due to Delhi Bar Association elections, Sher Shah Suri Marg has been closed, please avoid using Bhairon Marg, Mathura Road and Subramania Bharati Marg.",SUCCESS,2026-09-12T19:14:31.899637+00:00,20260912_blind_v5,8d8f5fcab9e03c6a1dfc90d5a2bfc7a3f92959df7f202b8e9bd65a169f2d9337,7234cf86471aac767b9853ae98f1550463f3d653935e3910695805ebae1c6e7f,30328981ccfa0d13c2f505e333baab4e28303794758ad510bee9c622efd09478,True,18.5055,,"{""actual_model"":""ai4bharat/indictrans2-indic-en-1B"",""decoding"":""beam search, no sampling; reproducibility limited to pinned environment/hardware"",""device"":""cpu"",""revision"":""ac3daf0ecd37be3b6957764a9179ab2b07fa9d6a"",""seed"":20260912,""torch_version"":""2.14.0+cpu""}"
record:b8d217db8bce4a90834e2880b5f54b8ea2b857b8b1c5c19300566b118c5da5a3,1066009034120024064,indictrans2,ai4bharat/indictrans2-indic-en-1B,ai4bharat/indictrans2-indic-en-1B,Traffic Alert Traffic is restricted at Nanak Piau Gurdwara due to heavy foot traffic. Please avoid using this route.,SUCCESS,2026-09-12T19:14:50.399428+00:00,20260912_blind_v5,8d8f5fcab9e03c6a1dfc90d5a2bfc7a3f92959df7f202b8e9bd65a169f2d9337,fd2ce57a51f77ec93d5391a9235a9a570fc1185f5e2f621d788563ed5cb593ca,5f06be6da2717483cd7f0e29826f2dc8a4ec785642f63292f2a8e00c53d995b6,True,6.97339,,"{""actual_model"":""ai4bharat/indictrans2-indic-en-1B"",""decoding"":""beam search, no sampling; reproducibility limited to pinned environment/hardware"",""device"":""cpu"",""revision"":""ac3daf0ecd37be3b6957764a9179ab2b07fa9d6a"",""seed"":20260912,""torch_version"":""2.14.0+cpu""}"
record:b8eaad4bee39203fc3a25c4a13d20c47635fe25a1d0cee3f2a24d9761fe949b2,632869484005588992,indictrans2,ai4bharat/indictrans2-indic-en-1B,ai4bharat/indictrans2-indic-en-1B,Traffic Alert Fight from AIIMS Sarai Road is waterlogged. Please avoid using this route. Sorry for the inconvenience.,SUCCESS,2026-09-12T19:14:57.379741+00:00,20260912_blind_v5,8d8f5fcab9e03c6a1dfc90d5a2bfc7a3f92959df7f202b8e9bd65a169f2d9337,154f72642adfe3990f022b159f6727ac5e7aae45f91bc7a880f5c2b5a2dcbc5b,d12964cae37f63a030702553049d50455aeca4bf91ead584b06a405e57a80c22,True,20.346189,,"{""actual_model"":""ai4bharat/indictrans2-indic-en-1B"",""decoding"":""beam search, no sampling; reproducibility limited to pinned environment/hardware"",""device"":""cpu"",""revision"":""ac3daf0ecd37be3b6957764a9179ab2b07fa9d6a"",""seed"":20260912,""torch_version"":""2.14.0+cpu""}"
record:b93cf273c8e92337521699098e94e70a6f3788ad9a4027e5cb71d06d52e5bed8,1101703524704968705,indictrans2,ai4bharat/indictrans2-indic-en-1B,ai4bharat/indictrans2-indic-en-1B,Traffic Alert: Outer Ring Road to Parwana Road is being worked by NDPL and traffic is affected due to children's paper in Bal Bharti School.,SUCCESS,2026-09-12T19:15:17.726615+00:00,20260912_blind_v5,8d8f5fcab9e03c6a1dfc90d5a2bfc7a3f92959df7f202b8e9bd65a169f2d9337,16090f7267a14f8ecc7a4a464d4a1e6897091c7e314248711d8926ab5aafca2c,9e2bc6c95c0fd96bf60248590dfcd54fa41d6c0da0e42a21f648b4d7f8161693,True,35.997046,,"{""actual_model"":""ai4bharat/indictrans2-indic-en-1B"",""decoding"":""beam search, no sampling; reproducibility limited to pinned environment/hardware"",""device"":""cpu"",""revision"":""ac3daf0ecd37be3b6957764a9179ab2b07fa9d6a"",""seed"":20260912,""torch_version"":""2.14.0+cpu""}"
record:b963beb18c92c3c2e3a50673b21bbff211532756f69591830cc9f5e4087cc04d,867727837649715200,indictrans2,ai4bharat/indictrans2-indic-en-1B,ai4bharat/indictrans2-indic-en-1B,Traffic Alert Outer Ring Road from Chirag Delhi to Kalkaji due to potholes on the road in front of Kalkaji Temple,SUCCESS,2026-09-12T19:15:53.719415+00:00,20260912_blind_v5,8d8f5fcab9e03c6a1dfc90d5a2bfc7a3f92959df7f202b8e9bd65a169f2d9337,46326f00aac0ebb3e0c322de952d534ada6622c86e984d7cbc7e42c614252c60,2e26498c82ff538140403a95ee2efdac4dce709fbba64d1f7a2d4420929e0fd9,True,19.657944,,"{""actual_model"":""ai4bharat/indictrans2-indic-en-1B"",""decoding"":""beam search, no sampling; reproducibility limited to pinned environment/hardware"",""device"":""cpu"",""revision"":""ac3daf0ecd37be3b6957764a9179ab2b07fa9d6a"",""seed"":20260912,""torch_version"":""2.14.0+cpu""}"
record:b967c0c8612863d6404bdbf225a7d2a2e763aca057c428f5056df64133704684,884757864719368193,indictrans2,ai4bharat/indictrans2-indic-en-1B,ai4bharat/indictrans2-indic-en-1B,"PART 1 / 2.. Traffic Alert: PWD work is going on on RTR route, so from 5 pm to 8 pm, big vehicles and buses will not be allowed to enter Sector-8.",SUCCESS,2026-09-12T19:16:13.381395+00:00,20260912_blind_v5,8d8f5fcab9e03c6a1dfc90d5a2bfc7a3f92959df7f202b8e9bd65a169f2d9337,5cbeb68637c890e22d01eaa93960b1f5dc60958d429a798dbae1a0dbe1c3254e,c45473c0bf8328df47e72c6d07d62f73706e2ebba4b35337bb0ef0eaac1207d8,True,19.646163,,"{""actual_model"":""ai4bharat/indictrans2-indic-en-1B"",""decoding"":""beam search, no sampling; reproducibility limited to pinned environment/hardware"",""device"":""cpu"",""revision"":""ac3daf0ecd37be3b6957764a9179ab2b07fa9d6a"",""seed"":20260912,""torch_version"":""2.14.0+cpu""}"
record:b97206990d37d71609c023d9baed1da54268a582e7ca6cdc675c057edf53f6cb,1072337269279911937,indictrans2,ai4bharat/indictrans2-indic-en-1B,ai4bharat/indictrans2-indic-en-1B,"Traffic Alert A truck has broken down at Mata Chowk on the way from Mehrauli to Badarpur, due to which traffic is disrupted.",SUCCESS,2026-09-12T19:16:33.014426+00:00,20260912_blind_v5,8d8f5fcab9e03c6a1dfc90d5a2bfc7a3f92959df7f202b8e9bd65a169f2d9337,c040f77b27c2ac547d2a4f1f60cc353d7a9026a73a1973663882d6047938df9c,6d4368efee0571f60cd3c8c4573258d526707b2cf5d59b7ea4040af58bc596b1,True,23.922172,,"{""actual_model"":""ai4bharat/indictrans2-indic-en-1B"",""decoding"":""beam search, no sampling; reproducibility limited to pinned environment/hardware"",""device"":""cpu"",""revision"":""ac3daf0ecd37be3b6957764a9179ab2b07fa9d6a"",""seed"":20260912,""torch_version"":""2.14.0+cpu""}"
record:b9a3bf3e1796f28da1f8afdc0f56519801c6e8d27bed255dd64928782af22bc8,904285599367970821,indictrans2,ai4bharat/indictrans2-indic-en-1B,ai4bharat/indictrans2-indic-en-1B,Traffic Alert Traffic is now normal in both carriageways from Mundka to Rani Kheda and Karala to Rani Kheda.,SUCCESS,2026-09-12T19:16:56.946097+00:00,20260912_blind_v5,8d8f5fcab9e03c6a1dfc90d5a2bfc7a3f92959df7f202b8e9bd65a169f2d9337,1e768b1e1be3170b2498310b48e517d248e878c9e724f011e043f2f6c60cc7ff,c9accd4981f9539ed5024ab0f6861dcdd6332e66c237668e636a7643282379f1,True,25.206513,,"{""actual_model"":""ai4bharat/indictrans2-indic-en-1B"",""decoding"":""beam search, no sampling; reproducibility limited to pinned environment/hardware"",""device"":""cpu"",""revision"":""ac3daf0ecd37be3b6957764a9179ab2b07fa9d6a"",""seed"":20260912,""torch_version"":""2.14.0+cpu""}"
record:b9b633c59ccead08975818e032fadbde3c5ee1037bc1b8dd7db5a7f56a327b98,1022688874496253952,indictrans2,ai4bharat/indictrans2-indic-en-1B,ai4bharat/indictrans2-indic-en-1B,Traffic Alert A tree has fallen near Hindi Bhawan Vishnu Digambar Temple affecting traffic. Please avoid this route.,SUCCESS,2026-09-12T19:17:22.144807+00:00,20260912_blind_v5,8d8f5fcab9e03c6a1dfc90d5a2bfc7a3f92959df7f202b8e9bd65a169f2d9337,d55e1aa22642985e8e38dbdf70da731372141d9d11edd12bb81e7ed7500bfe3f,166cd45d3934cf9a3d99389cd1834ffc185f603a69b4797982896597f35abbb7,True,10.141668,,"{""actual_model"":""ai4bharat/indictrans2-indic-en-1B"",""decoding"":""beam search, no sampling; reproducibility limited to pinned environment/hardware"",""device"":""cpu"",""revision"":""ac3daf0ecd37be3b6957764a9179ab2b07fa9d6a"",""seed"":20260912,""torch_version"":""2.14.0+cpu""}"
record:b9bda8b6e62cb59ea4b5d29e4e1a65a69f0e9a4741b46e4b34ea517cb535e9ae,536139016635449344,indictrans2,ai4bharat/indictrans2-indic-en-1B,ai4bharat/indictrans2-indic-en-1B,"Traffic Alert Presentation There will be heavy traffic on Subhash Marg (Chhatra Rail) due to the function at Public School, sorry for the inconvenience.",SUCCESS,2026-09-12T19:17:32.298164+00:00,20260912_blind_v5,8d8f5fcab9e03c6a1dfc90d5a2bfc7a3f92959df7f202b8e9bd65a169f2d9337,fc98d69a1dd1073da87cb4b6cf799a952d20bb2c51f2e9c69a0cb1d5e12888c6,1b8476f0fba13ce3a675796b98348e116a0dde09566471d437fe753c5214ddd3,True,10.876886,,"{""actual_model"":""ai4bharat/indictrans2-indic-en-1B"",""decoding"":""beam search, no sampling; reproducibility limited to pinned environment/hardware"",""device"":""cpu"",""revision"":""ac3daf0ecd37be3b6957764a9179ab2b07fa9d6a"",""seed"":20260912,""torch_version"":""2.14.0+cpu""}"
record:ba54fcc110bb27036e4dca2d42c4a0b013258e2b1444912839ac455a63b251df,1052020815477305345,indictrans2,ai4bharat/indictrans2-indic-en-1B,ai4bharat/indictrans2-indic-en-1B,Traffic Alert Rajmata Vijayaraje Scindia Jan Shatabdi Varsh Mahila Sashaktikaran Daud Yatra which will start from Badarpur Border and pass through Mathura Road-Ashram Chowk-Neela Gumbad-Zakir Hussain Marg-Ashoka Road-Windsor Place-Raisina Road-Red Cross Road-Gurudwara Road to Talkatora Stadium.,SUCCESS,2026-09-12T19:17:43.176408+00:00,20260912_blind_v5,8d8f5fcab9e03c6a1dfc90d5a2bfc7a3f92959df7f202b8e9bd65a169f2d9337,44bf31d4976c3822ca405ea94a33029de1f65efeeda26d91baa62c7a2bf2bd62,bb3553008d2bf8810f67b674c6426a5d2ce0a54e7738148829f1aa9eca04d92a,True,65.83819,,"{""actual_model"":""ai4bharat/indictrans2-indic-en-1B"",""decoding"":""beam search, no sampling; reproducibility limited to pinned environment/hardware"",""device"":""cpu"",""revision"":""ac3daf0ecd37be3b6957764a9179ab2b07fa9d6a"",""seed"":20260912,""torch_version"":""2.14.0+cpu""}"
record:bb0514b4071ba5d518d855849a60a51fe8fde5a3912dd2fa4502a6a04fcb0743,1087584635440238592,indictrans2,ai4bharat/indictrans2-indic-en-1B,ai4bharat/indictrans2-indic-en-1B,"Traffic Alert: Lala Lajpat Rai Marg from Barapullah Defence Colony Flyover to Lodhi Road near Shamshan Ghat has caved in, trapping a bus affecting traffic.",SUCCESS,2026-09-12T19:18:49.011792+00:00,20260912_blind_v5,8d8f5fcab9e03c6a1dfc90d5a2bfc7a3f92959df7f202b8e9bd65a169f2d9337,2b11bd3ab8f479fa0f13398e2dc1086de52cb1cb29af03ed5344aade6a2a995a,aaa035f22bf48ee06ac46196caffe33c0777ecdc0169f3f2c14a05d5b2bdd384,True,11.760473,,"{""actual_model"":""ai4bharat/indictrans2-indic-en-1B"",""decoding"":""beam search, no sampling; reproducibility limited to pinned environment/hardware"",""device"":""cpu"",""revision"":""ac3daf0ecd37be3b6957764a9179ab2b07fa9d6a"",""seed"":20260912,""torch_version"":""2.14.0+cpu""}"
record:bb5286dfd1c49e719bdc804997016124463464f3d4a4811838d1c0a355ac2be4,593398860325756928,indictrans2,ai4bharat/indictrans2-indic-en-1B,ai4bharat/indictrans2-indic-en-1B,"Traffic Alert A DTC bus bearing number DL 1PC 8746 KU093C from Ashram towards Sarai Kale Khan has been removed, traffic is normal there now.",SUCCESS,2026-09-12T19:19:00.772528+00:00,20260912_blind_v5,8d8f5fcab9e03c6a1dfc90d5a2bfc7a3f92959df7f202b8e9bd65a169f2d9337,474dac1e96341d819bac8fd76f75277f85781304632bf6da6d153f57065faab3,75cbb5c77eeb8394f31357f81c2dcae1949db63484b4ca13c6bcfcb8e570ec6d,True,24.877227,,"{""actual_model"":""ai4bharat/indictrans2-indic-en-1B"",""decoding"":""beam search, no sampling; reproducibility limited to pinned environment/hardware"",""device"":""cpu"",""revision"":""ac3daf0ecd37be3b6957764a9179ab2b07fa9d6a"",""seed"":20260912,""torch_version"":""2.14.0+cpu""}"
record:bc24289157ad1f959167f6d26d70c6fefaf13f0171c0b70057fd097c3a1ea36e,1076778532418637825,indictrans2,ai4bharat/indictrans2-indic-en-1B,ai4bharat/indictrans2-indic-en-1B,"Traffic Alert Press Enclave Road Select City Mall's underground parking is full, causing traffic disruptions.",SUCCESS,2026-09-12T19:19:25.651488+00:00,20260912_blind_v5,8d8f5fcab9e03c6a1dfc90d5a2bfc7a3f92959df7f202b8e9bd65a169f2d9337,f1d5a73dabae57a3e8aab704600ac92c058ac3b9cb40329784e90b0616a82e29,3d43398a99b6964aeccb8f98b80abc1970cfb051801637e2131514351c5c19e0,True,22.058282,,"{""actual_model"":""ai4bharat/indictrans2-indic-en-1B"",""decoding"":""beam search, no sampling; reproducibility limited to pinned environment/hardware"",""device"":""cpu"",""revision"":""ac3daf0ecd37be3b6957764a9179ab2b07fa9d6a"",""seed"":20260912,""torch_version"":""2.14.0+cpu""}"
record:bc577d7502dc5c26272302897a32b6aa27bf39f610c78f78a05569dc77de8e08,1084059347578044417,indictrans2,ai4bharat/indictrans2-indic-en-1B,ai4bharat/indictrans2-indic-en-1B,"Traffic alert Due to the repair work of Raja Garden Flyover, traffic on the route from Dhaula Kuan to Punjabi Bagh (Both carriageway) is disrupted.",SUCCESS,2026-09-12T19:19:47.709922+00:00,20260912_blind_v5,8d8f5fcab9e03c6a1dfc90d5a2bfc7a3f92959df7f202b8e9bd65a169f2d9337,e2a1610e41c829882b114897948e973c292439abed95fc9c39a883a832d0b661,493fc6e3ef3ba82affa1f8f5aeecb39cfa6e8177b0c9c90cf957e0077973bca0,True,31.70687,,"{""actual_model"":""ai4bharat/indictrans2-indic-en-1B"",""decoding"":""beam search, no sampling; reproducibility limited to pinned environment/hardware"",""device"":""cpu"",""revision"":""ac3daf0ecd37be3b6957764a9179ab2b07fa9d6a"",""seed"":20260912,""torch_version"":""2.14.0+cpu""}"
record:bd34e472aac96ec0b7939b960f6e7dd15d369ae569967040e0c763860df2b1b6,548427897758048257,indictrans2,ai4bharat/indictrans2-indic-en-1B,ai4bharat/indictrans2-indic-en-1B,Traffic Alert There is a market near Bal Bhawan Gurudwara Mata Sundri Mandore due to which traffic will be disrupted. Sorry for the inconvenience.,SUCCESS,2026-09-12T19:20:19.415651+00:00,20260912_blind_v5,8d8f5fcab9e03c6a1dfc90d5a2bfc7a3f92959df7f202b8e9bd65a169f2d9337,5c2127eef542f3f2187da597ed82959f7051348a952c85af491e073335b231eb,b99edbd62688a5519a8ca27bb1d767363bc226d226b9e495432f064f27214279,True,15.211545,,"{""actual_model"":""ai4bharat/indictrans2-indic-en-1B"",""decoding"":""beam search, no sampling; reproducibility limited to pinned environment/hardware"",""device"":""cpu"",""revision"":""ac3daf0ecd37be3b6957764a9179ab2b07fa9d6a"",""seed"":20260912,""torch_version"":""2.14.0+cpu""}"
record:bd3ca47956a4171b849f1743d2492f70d590582f6f872e47a97b89badad762e4,1091290774178799617,indictrans2,ai4bharat/indictrans2-indic-en-1B,ai4bharat/indictrans2-indic-en-1B,Traffic Alert Traffic affected due to farmers'procession / sit-in protest Motorists who have to go from Ghazipur to Mayur Vihar are requested to use NH9.,SUCCESS,2026-09-12T19:20:34.627837+00:00,20260912_blind_v5,8d8f5fcab9e03c6a1dfc90d5a2bfc7a3f92959df7f202b8e9bd65a169f2d9337,237e9d20624e32d02b9ebe3e7d240db9cc7dd62ad663f5c3841ddcce2b05b1fb,3c0f605a123fdb4c5a323fda212569c665c1f48545f53ea5599eace5fc0f460e,True,9.607867,,"{""actual_model"":""ai4bharat/indictrans2-indic-en-1B"",""decoding"":""beam search, no sampling; reproducibility limited to pinned environment/hardware"",""device"":""cpu"",""revision"":""ac3daf0ecd37be3b6957764a9179ab2b07fa9d6a"",""seed"":20260912,""torch_version"":""2.14.0+cpu""}"
record:bd6f977afca66911ecec38cfa2c20950f8de1b897467e4b3d842216bed0fb920,988999048102264832,indictrans2,ai4bharat/indictrans2-indic-en-1B,ai4bharat/indictrans2-indic-en-1B,"Traffic Alert Due to the sit-in protest at Ghazipur Chowk, motorists coming to Delhi from Noida and Ghaziabad should come via Maharajpur instead of NH-24 and Ghazipur Chowk!",SUCCESS,2026-09-12T19:20:44.231453+00:00,20260912_blind_v5,8d8f5fcab9e03c6a1dfc90d5a2bfc7a3f92959df7f202b8e9bd65a169f2d9337,97b81affe6799095e50c46f8c9738ae23b93818fda6e7fe771aee192ba30836c,d87cf6135ec60673cfa3ee01121ef57806c7d6f3251deb63c55ebb07a0374db0,True,13.510417,,"{""actual_model"":""ai4bharat/indictrans2-indic-en-1B"",""decoding"":""beam search, no sampling; reproducibility limited to pinned environment/hardware"",""device"":""cpu"",""revision"":""ac3daf0ecd37be3b6957764a9179ab2b07fa9d6a"",""seed"":20260912,""torch_version"":""2.14.0+cpu""}"
record:bd78ff89fddaf10b2bcaac53057de913d7d9ce80b37a7d97feea792c4532c525,593389778038566912,indictrans2,ai4bharat/indictrans2-indic-en-1B,ai4bharat/indictrans2-indic-en-1B,"Traffic Alert There is a DTC bus number DL 1PC 8746 KU093C from Ashram towards Sarai Kale Khan, traffic is disrupted, sorry for the inconvenience.",SUCCESS,2026-09-12T19:20:57.747822+00:00,20260912_blind_v5,8d8f5fcab9e03c6a1dfc90d5a2bfc7a3f92959df7f202b8e9bd65a169f2d9337,65b2b09a9bfef5171148c2795e1e62c057b85d65889a0c9611220d70c53b00a0,433a5c2e230e92eb058e7a671517dc8138d2bf825bf5aed40d3e0ef90aa899ba,True,37.445882,,"{""actual_model"":""ai4bharat/indictrans2-indic-en-1B"",""decoding"":""beam search, no sampling; reproducibility limited to pinned environment/hardware"",""device"":""cpu"",""revision"":""ac3daf0ecd37be3b6957764a9179ab2b07fa9d6a"",""seed"":20260912,""torch_version"":""2.14.0+cpu""}"
record:be41ec6eaa6f10f9fe41d46e81d74164b19c8ef12d927c222dc78fbb407b43e2,1091682679462993921,indictrans2,ai4bharat/indictrans2-indic-en-1B,ai4bharat/indictrans2-indic-en-1B,Traffic Alert Aali Village Red Light and Mathura Road will be closed for traffic tonight due to foot over bridge construction work. Traffic to and fro will be on one carriageway. Please avoid using this route.,SUCCESS,2026-09-12T19:21:35.193211+00:00,20260912_blind_v5,8d8f5fcab9e03c6a1dfc90d5a2bfc7a3f92959df7f202b8e9bd65a169f2d9337,f82f1adca0c450d86851f3fcfd31d75cc7ecc5d415af6d2c4bb65341e009ccca,97678be5a308cf4a558cb5ec926c7e2afaf2aa013b0429ca44ed1136529a79ed,True,41.490717,,"{""actual_model"":""ai4bharat/indictrans2-indic-en-1B"",""decoding"":""beam search, no sampling; reproducibility limited to pinned environment/hardware"",""device"":""cpu"",""revision"":""ac3daf0ecd37be3b6957764a9179ab2b07fa9d6a"",""seed"":20260912,""torch_version"":""2.14.0+cpu""}"
record:bea651b1c59882c3d573fcc70d80cfe28386735dd4e2e4d24f72211b46c2b691,1068079378104549376,indictrans2,ai4bharat/indictrans2-indic-en-1B,ai4bharat/indictrans2-indic-en-1B,Traffic Alert Traffic is affected around Jawaharlal Nehru Marg and Ramlila Maidan due to All India Kisan Sangharsh Coordination Committee march.,SUCCESS,2026-09-12T19:22:16.677928+00:00,20260912_blind_v5,8d8f5fcab9e03c6a1dfc90d5a2bfc7a3f92959df7f202b8e9bd65a169f2d9337,8a6478be8973b1fc06bbf1fc84251884712667571457a685ba9bcc7b0adf9a11,f96d85f66de11e1e648f82a5dd0bb90cbf589400fa832f2682506ead5b9670cf,True,7.730688,,"{""actual_model"":""ai4bharat/indictrans2-indic-en-1B"",""decoding"":""beam search, no sampling; reproducibility limited to pinned environment/hardware"",""device"":""cpu"",""revision"":""ac3daf0ecd37be3b6957764a9179ab2b07fa9d6a"",""seed"":20260912,""torch_version"":""2.14.0+cpu""}"
record:bed7272f1790a70c4b8ed829c3ec0cefd25e56438c3dd1657b20c280e40eadeb,1016006640363974656,indictrans2,ai4bharat/indictrans2-indic-en-1B,ai4bharat/indictrans2-indic-en-1B,"Traffic Alert Due to Foot Over Bridge construction work at Yusuf Sarai Market, the route from IIT to AIIMS will be closed tonight from 11PM to 2AM and the route from AIIMS to IIT will be closed from 2PM to 5AM.",SUCCESS,2026-09-12T19:22:24.407998+00:00,20260912_blind_v5,8d8f5fcab9e03c6a1dfc90d5a2bfc7a3f92959df7f202b8e9bd65a169f2d9337,9b9bfd477cca6a03ff9fc6c58d8d774caf96285b9c9f84e16e8a144d30cb8e42,adcc6c8ec0a1dbb4b7a994beb1d2acf8bc521263be9f144605a661a92d83707c,True,15.81894,,"{""actual_model"":""ai4bharat/indictrans2-indic-en-1B"",""decoding"":""beam search, no sampling; reproducibility limited to pinned environment/hardware"",""device"":""cpu"",""revision"":""ac3daf0ecd37be3b6957764a9179ab2b07fa9d6a"",""seed"":20260912,""torch_version"":""2.14.0+cpu""}"
record:bf103a74a2646fb2b6dc6014c63f3de1715ed6aca43d81185353a33e64b504e6,1104965408908435456,indictrans2,ai4bharat/indictrans2-indic-en-1B,ai4bharat/indictrans2-indic-en-1B,"Traffic Alert One HTV has overturned at Shastri Park Red Light due to which traffic will be disrupted on the route from Khajuri to Zero Pusta and ISBT to Shahdara, motorists are requested to take a turn from IT Park to go to Pusta Road from Dharmapura.",SUCCESS,2026-09-12T19:22:40.237290+00:00,20260912_blind_v5,8d8f5fcab9e03c6a1dfc90d5a2bfc7a3f92959df7f202b8e9bd65a169f2d9337,d49bc84b057308417d8826d1468befeef833cac4979c20456b1538331a037035,9707d2dc548a248e0b6240d64ef7721d0621efb69b616ba8e95185f609d61cd2,True,57.498889,,"{""actual_model"":""ai4bharat/indictrans2-indic-en-1B"",""decoding"":""beam search, no sampling; reproducibility limited to pinned environment/hardware"",""device"":""cpu"",""revision"":""ac3daf0ecd37be3b6957764a9179ab2b07fa9d6a"",""seed"":20260912,""torch_version"":""2.14.0+cpu""}"
record:bf3e4bc7554d2b83d15ac254d30be6fb0a9058b354d8d2b012228c503530f046,1091002768754499584,indictrans2,ai4bharat/indictrans2-indic-en-1B,ai4bharat/indictrans2-indic-en-1B,"Traffic Alert The Naraina Flyover en route from Dhaula Kuan to Mayapuri will have PWD work from 11 pm to 6 am today, due to which traffic will be disrupted.",SUCCESS,2026-09-12T19:23:37.730546+00:00,20260912_blind_v5,8d8f5fcab9e03c6a1dfc90d5a2bfc7a3f92959df7f202b8e9bd65a169f2d9337,23fc15ee8e85134923af42591ee13c24eef8b2eade8d52817f096d652aba30f1,73e103a6bb4145f73c37bf3ecd5d9578e98df53a38d47731f34889e0a774eeff,True,30.543759,,"{""actual_model"":""ai4bharat/indictrans2-indic-en-1B"",""decoding"":""beam search, no sampling; reproducibility limited to pinned environment/hardware"",""device"":""cpu"",""revision"":""ac3daf0ecd37be3b6957764a9179ab2b07fa9d6a"",""seed"":20260912,""torch_version"":""2.14.0+cpu""}"
record:bf7a146c1fe142ab717a11ec08d4403db08f67cd180f9f830a307db0539ccbf4,1121592953430892544,indictrans2,ai4bharat/indictrans2-indic-en-1B,ai4bharat/indictrans2-indic-en-1B,Traffic Alert Delhi Jal Board work is going on on the other side of Lodhi Road crematorium on the route from Defence Colony Flyover to Lodhi Hotel Flyover which will continue for the next 15 days due to which traffic will be affected in this route.,SUCCESS,2026-09-12T19:24:08.276287+00:00,20260912_blind_v5,8d8f5fcab9e03c6a1dfc90d5a2bfc7a3f92959df7f202b8e9bd65a169f2d9337,bb9e745c77239c034b24588ec0cb194dbd87b17589fb113f5e8f85862b18a1cf,cb245b4d5ba5ad23abfdf296095ffe8cd6513f3c5cd9a4c3d7c60a10bc465162,True,14.901371,,"{""actual_model"":""ai4bharat/indictrans2-indic-en-1B"",""decoding"":""beam search, no sampling; reproducibility limited to pinned environment/hardware"",""device"":""cpu"",""revision"":""ac3daf0ecd37be3b6957764a9179ab2b07fa9d6a"",""seed"":20260912,""torch_version"":""2.14.0+cpu""}"
record:bfb75ee8ce357576f0d913a32ff5e3da25282feadbd835d187fa627774836b40,541866958082560000,indictrans2,ai4bharat/indictrans2-indic-en-1B,ai4bharat/indictrans2-indic-en-1B,Traffic Alert Traffic is now normal at Outer Circle Connaught Place.,SUCCESS,2026-09-12T19:24:23.178254+00:00,20260912_blind_v5,8d8f5fcab9e03c6a1dfc90d5a2bfc7a3f92959df7f202b8e9bd65a169f2d9337,7c05b7a097a81efc0d8adb163085f720bf185040399efd3a9ebc3406107eeab0,6eacbce6d5f2a76f34678bdd78351d4fcd39a60622f0c140a8a1c9bf5700ea19,True,4.930006,,"{""actual_model"":""ai4bharat/indictrans2-indic-en-1B"",""decoding"":""beam search, no sampling; reproducibility limited to pinned environment/hardware"",""device"":""cpu"",""revision"":""ac3daf0ecd37be3b6957764a9179ab2b07fa9d6a"",""seed"":20260912,""torch_version"":""2.14.0+cpu""}"
record:c020e403288c0307feeefabb1f1a973f755f5080e0f82a9aafb263c43d74a2f7,783619316482576384,indictrans2,ai4bharat/indictrans2-indic-en-1B,ai4bharat/indictrans2-indic-en-1B,"Traffic Alert: Roads near Savitri Flyover en route from Savitri Flyover to Greater Kailash 2 have caved in, disrupting traffic.",SUCCESS,2026-09-12T19:24:28.103768+00:00,20260912_blind_v5,8d8f5fcab9e03c6a1dfc90d5a2bfc7a3f92959df7f202b8e9bd65a169f2d9337,843eda012308e06b742f3abc7d4079f75be3090dc154674d57ed1604314e2684,6fe426e9388058c7a1614754894d61821861ad0e5c3edd3e09940651e189d413,True,33.049726,,"{""actual_model"":""ai4bharat/indictrans2-indic-en-1B"",""decoding"":""beam search, no sampling; reproducibility limited to pinned environment/hardware"",""device"":""cpu"",""revision"":""ac3daf0ecd37be3b6957764a9179ab2b07fa9d6a"",""seed"":20260912,""torch_version"":""2.14.0+cpu""}"
record:c0b78ff1709f67016c1b44fff5964f9b5e19e3e8ca9703ea72cd59c1a0f38c4b,961783826954428416,indictrans2,ai4bharat/indictrans2-indic-en-1B,ai4bharat/indictrans2-indic-en-1B,Traffic Alert Badarpur (Dust) lies on C-Hexagon and Purana Quila Road from Rajpath.,SUCCESS,2026-09-12T19:25:01.147619+00:00,20260912_blind_v5,8d8f5fcab9e03c6a1dfc90d5a2bfc7a3f92959df7f202b8e9bd65a169f2d9337,c872ccd26eb44e22288ba9e4193700353fedd9a8cd953f8797b64fa39b10b89b,e7c0f7d3bdfbd4158458f422ef14efb103c1dd964126bb740db51daef0c069f1,True,26.851302,,"{""actual_model"":""ai4bharat/indictrans2-indic-en-1B"",""decoding"":""beam search, no sampling; reproducibility limited to pinned environment/hardware"",""device"":""cpu"",""revision"":""ac3daf0ecd37be3b6957764a9179ab2b07fa9d6a"",""seed"":20260912,""torch_version"":""2.14.0+cpu""}"
record:c0de307a094ff211b5a18ce3c3c8af42fc5fef5bd9a0c2d96def87753b37c815,1056087181310205952,indictrans2,ai4bharat/indictrans2-indic-en-1B,ai4bharat/indictrans2-indic-en-1B,Traffic Alert The garbage dump near Nangloi Flyover is being cleared by MCD due to which there is more traffic from Nangloi towards Mundka.,SUCCESS,2026-09-12T19:25:28.009754+00:00,20260912_blind_v5,8d8f5fcab9e03c6a1dfc90d5a2bfc7a3f92959df7f202b8e9bd65a169f2d9337,5fc489dc2f13bda758b6c5a44c43bbff8cb174c9b0f181591ccd298c480512e1,b36316a30848dc2aeb0cde9d43de85574719349549fd46eb96211f84baf7ece1,True,31.620106,,"{""actual_model"":""ai4bharat/indictrans2-indic-en-1B"",""decoding"":""beam search, no sampling; reproducibility limited to pinned environment/hardware"",""device"":""cpu"",""revision"":""ac3daf0ecd37be3b6957764a9179ab2b07fa9d6a"",""seed"":20260912,""torch_version"":""2.14.0+cpu""}"
record:c151b0eec193bb42b67c73442612146fe3724f4e7b0f70970414be964b212bd4,1125049804856291328,indictrans2,ai4bharat/indictrans2-indic-en-1B,ai4bharat/indictrans2-indic-en-1B,"Traffic Alert: PWD work is going on at Shastri Park and Seelampur Flyover, due to which traffic is affected.",SUCCESS,2026-09-12T19:25:59.630322+00:00,20260912_blind_v5,8d8f5fcab9e03c6a1dfc90d5a2bfc7a3f92959df7f202b8e9bd65a169f2d9337,0cd9f02d95ade8323800d90b0442148cabbbfcc38efba9cb7e76c90537ab9e2d,54d4bbb1a7614470a670109bc6fdddb3cd989fa7402f977fd6de1f2e01ec5add,True,6.765816,,"{""actual_model"":""ai4bharat/indictrans2-indic-en-1B"",""decoding"":""beam search, no sampling; reproducibility limited to pinned environment/hardware"",""device"":""cpu"",""revision"":""ac3daf0ecd37be3b6957764a9179ab2b07fa9d6a"",""seed"":20260912,""torch_version"":""2.14.0+cpu""}"
record:c15942998e4dd919a27460b2af3b929c882a1796784bd17c6b098423a0e25b5b,784930264300478464,indictrans2,ai4bharat/indictrans2-indic-en-1B,ai4bharat/indictrans2-indic-en-1B,Traffic Alert 1 / 2 Dwarka Sector 21 Railway Under Pass work is in progress which will run from date 08.10.2016 to 14.10.2016 due to which...,SUCCESS,2026-09-12T19:26:06.395278+00:00,20260912_blind_v5,8d8f5fcab9e03c6a1dfc90d5a2bfc7a3f92959df7f202b8e9bd65a169f2d9337,07357006d3def87d2efc8e5c03ba1a87b7938adee2b8d92ed99ee33dba57dab8,d9b2dd321fd2a86fa0415bb6b1a27e8bb23ecd334addb3e99b5084a1728a0514,True,23.031213,,"{""actual_model"":""ai4bharat/indictrans2-indic-en-1B"",""decoding"":""beam search, no sampling; reproducibility limited to pinned environment/hardware"",""device"":""cpu"",""revision"":""ac3daf0ecd37be3b6957764a9179ab2b07fa9d6a"",""seed"":20260912,""torch_version"":""2.14.0+cpu""}"
record:c1e512dfecc93cd0f2bbac7af44f5bdedadc0eff1e71c99397d5cade1783ce68,801350863101034496,indictrans2,ai4bharat/indictrans2-indic-en-1B,ai4bharat/indictrans2-indic-en-1B,"Traffic Alert 1 / 2 Due to heavy traffic movement, traffic from Hindu Rao Hospital to Azad Market has been diverted.",SUCCESS,2026-09-12T19:26:29.430814+00:00,20260912_blind_v5,8d8f5fcab9e03c6a1dfc90d5a2bfc7a3f92959df7f202b8e9bd65a169f2d9337,b2f0334cc819e26873c7fdca1d3e1cdf024dc39681deceb1921b5fa61c212daa,68d8d4bf1455c4d0f53abca927bd42f57703b013679c54a028792f30c0a445cb,True,27.80372,,"{""actual_model"":""ai4bharat/indictrans2-indic-en-1B"",""decoding"":""beam search, no sampling; reproducibility limited to pinned environment/hardware"",""device"":""cpu"",""revision"":""ac3daf0ecd37be3b6957764a9179ab2b07fa9d6a"",""seed"":20260912,""torch_version"":""2.14.0+cpu""}"
record:c2113acb989f96c4740724a1afac1c8c9c83781e902b2bf6836b668dcec2767a,596290966635552768,indictrans2,ai4bharat/indictrans2-indic-en-1B,ai4bharat/indictrans2-indic-en-1B,"Traffic Alert: Water pipeline burst at A-point (ITO Chowk) due to which traffic is affected, inconvenience is regretted.",SUCCESS,2026-09-12T19:26:57.233319+00:00,20260912_blind_v5,8d8f5fcab9e03c6a1dfc90d5a2bfc7a3f92959df7f202b8e9bd65a169f2d9337,6490b79e4c1ab21a90f835af3ce39d0099fc2e15ab5fb4fa2f1768def51f5767,762c9ff66011e046c84ff652e15b8234c9fb799655848c5beba9bb96f8410a7e,True,23.517557,,"{""actual_model"":""ai4bharat/indictrans2-indic-en-1B"",""decoding"":""beam search, no sampling; reproducibility limited to pinned environment/hardware"",""device"":""cpu"",""revision"":""ac3daf0ecd37be3b6957764a9179ab2b07fa9d6a"",""seed"":20260912,""torch_version"":""2.14.0+cpu""}"
record:c2951abdec5b31c2c4dbba085055ff2044bbc7c6055541648a9048d53f853e4d,847633569929351171,indictrans2,ai4bharat/indictrans2-indic-en-1B,ai4bharat/indictrans2-indic-en-1B,Traffic Alert Work is underway on the elevated road at Barapullah in the carriage way from Nizamuddin to Mayur Vihar which is called Sarai Kale Khan 2 / 1,SUCCESS,2026-09-12T19:27:20.754138+00:00,20260912_blind_v5,8d8f5fcab9e03c6a1dfc90d5a2bfc7a3f92959df7f202b8e9bd65a169f2d9337,acaf7210ecd24b51ecbba69ee717c7c8555b2cdd2e8729be2b5f4f93bbb9f07b,8774f018e626b6581f210a1adb5ffa79b951eb632f99d1e2d225b20915b3ade0,True,9.880247,,"{""actual_model"":""ai4bharat/indictrans2-indic-en-1B"",""decoding"":""beam search, no sampling; reproducibility limited to pinned environment/hardware"",""device"":""cpu"",""revision"":""ac3daf0ecd37be3b6957764a9179ab2b07fa9d6a"",""seed"":20260912,""torch_version"":""2.14.0+cpu""}"
record:c2ab4b51443fb76cd0d12624155430196465ae51b61793f1628100614724fd5d,563683008147095553,indictrans2,ai4bharat/indictrans2-indic-en-1B,ai4bharat/indictrans2-indic-en-1B,Traffic Alert A truck is parked at Dwarka underpass NSG red light Sorry for the inconvenience.,SUCCESS,2026-09-12T19:27:30.628762+00:00,20260912_blind_v5,8d8f5fcab9e03c6a1dfc90d5a2bfc7a3f92959df7f202b8e9bd65a169f2d9337,4eccb612f2b4c5275cbd178b0e9772e2d72b95f07e19d8550b4c7d67302a4bad,26fc727cafad39a2f7b262b2b7b5319b41be6d55d74a5d0e1c6c6128480583d9,True,6.52366,,"{""actual_model"":""ai4bharat/indictrans2-indic-en-1B"",""decoding"":""beam search, no sampling; reproducibility limited to pinned environment/hardware"",""device"":""cpu"",""revision"":""ac3daf0ecd37be3b6957764a9179ab2b07fa9d6a"",""seed"":20260912,""torch_version"":""2.14.0+cpu""}"
record:c2df31c6473db8c02aaa69aacd1256bd4a3841a2e3e87bfd2c535384790992c8,884760904176357376,indictrans2,ai4bharat/indictrans2-indic-en-1B,ai4bharat/indictrans2-indic-en-1B,Part 1 / 2 Traffic Alert Traffic on route from Modi Mill to Captain Gaur Marg due to sewer overflow near Okhla Mandi,SUCCESS,2026-09-12T19:27:37.155631+00:00,20260912_blind_v5,8d8f5fcab9e03c6a1dfc90d5a2bfc7a3f92959df7f202b8e9bd65a169f2d9337,ec95bc6fca0c3f1b3880779380127fcf1a1490446a2856d08b02b095cbebe420,c940b301c2f3af6987e0865b54b68e84298730ca00bea8632f4a9fc7730bf160,True,11.093003,,"{""actual_model"":""ai4bharat/indictrans2-indic-en-1B"",""decoding"":""beam search, no sampling; reproducibility limited to pinned environment/hardware"",""device"":""cpu"",""revision"":""ac3daf0ecd37be3b6957764a9179ab2b07fa9d6a"",""seed"":20260912,""torch_version"":""2.14.0+cpu""}"
record:c375479d29d3f9bbf4337bf82c59f5db450f29c2e63c0b03733e2073a241bcee,1022764537819230213,indictrans2,ai4bharat/indictrans2-indic-en-1B,ai4bharat/indictrans2-indic-en-1B,Traffic Alert Traffic on Nangloi to Najafgarh Road is affected due to waterlogging and potholes near Satyabhama Hospital.,SUCCESS,2026-09-12T19:27:48.249699+00:00,20260912_blind_v5,8d8f5fcab9e03c6a1dfc90d5a2bfc7a3f92959df7f202b8e9bd65a169f2d9337,e8bcaf8962542e5a1b86d2b32f681b310004accbabfe2ba731cfc1452e1d0e3a,3b1ffafd5b3daa5b76a1dcd7e0fe8327ae5a0538d05ba0b65bbc8ec2441ecfb0,True,29.69669,,"{""actual_model"":""ai4bharat/indictrans2-indic-en-1B"",""decoding"":""beam search, no sampling; reproducibility limited to pinned environment/hardware"",""device"":""cpu"",""revision"":""ac3daf0ecd37be3b6957764a9179ab2b07fa9d6a"",""seed"":20260912,""torch_version"":""2.14.0+cpu""}"
record:c3bfdf7f7ecc026ce41d286ed668726c13f199616ac7df37e383e839f4511c76,1101450385078784000,indictrans2,ai4bharat/indictrans2-indic-en-1B,ai4bharat/indictrans2-indic-en-1B,Traffic Alert Delhi Jal Board work is going on in front of Pragati Maidan Gate No.-2 on Bhairon Marg due to which traffic is affected.,SUCCESS,2026-09-12T19:28:17.949028+00:00,20260912_blind_v5,8d8f5fcab9e03c6a1dfc90d5a2bfc7a3f92959df7f202b8e9bd65a169f2d9337,a1f63a59477575414ce313deba21962f0b57d1b5cb1ee287c8411b7249818961,d1383ea9ec628cd0bd2a0a6e02aab57c0f3b4e6f50a8025d8fdd6db99077e477,True,34.241397,,"{""actual_model"":""ai4bharat/indictrans2-indic-en-1B"",""decoding"":""beam search, no sampling; reproducibility limited to pinned environment/hardware"",""device"":""cpu"",""revision"":""ac3daf0ecd37be3b6957764a9179ab2b07fa9d6a"",""seed"":20260912,""torch_version"":""2.14.0+cpu""}"
record:c3c7f753b9236cf97ce2fcc9f5da0df16612d01a30cb5967f722f9ecc3ebfe4e,1027897902314582016,indictrans2,ai4bharat/indictrans2-indic-en-1B,ai4bharat/indictrans2-indic-en-1B,Traffic Alert Traffic on Savitri Flyover en route from IIT to Nehru Place is disrupted due to a road caved in. Please avoid using this route.,SUCCESS,2026-09-12T19:28:52.176040+00:00,20260912_blind_v5,8d8f5fcab9e03c6a1dfc90d5a2bfc7a3f92959df7f202b8e9bd65a169f2d9337,dc78546f24ec3c0b9664c3fcda2551ce617f969c4fb515e9150e636172c65ff2,b8ce9f9cd219ed67ec18fd4da7abc1f1750f6cd427d40fc76d63a59eb326783f,True,15.231734,,"{""actual_model"":""ai4bharat/indictrans2-indic-en-1B"",""decoding"":""beam search, no sampling; reproducibility limited to pinned environment/hardware"",""device"":""cpu"",""revision"":""ac3daf0ecd37be3b6957764a9179ab2b07fa9d6a"",""seed"":20260912,""torch_version"":""2.14.0+cpu""}"
record:c3ca7afdbd3744759399905b80424e890402e6fa3121dc09076ab25178ee41fc,1059424885254934528,indictrans2,ai4bharat/indictrans2-indic-en-1B,ai4bharat/indictrans2-indic-en-1B,Traffic Alert The DTC bus that was defective at Nangloi Chowk has been removed.,SUCCESS,2026-09-12T19:29:07.420741+00:00,20260912_blind_v5,8d8f5fcab9e03c6a1dfc90d5a2bfc7a3f92959df7f202b8e9bd65a169f2d9337,3e74b62b2be5c4fda705f86f88350734844aee1dee03cd457cfb807ea39063bc,dfe74173f6a5184a2fd64095201dce630417a18a5f0aea7162fac7af59756b89,True,5.658518,,"{""actual_model"":""ai4bharat/indictrans2-indic-en-1B"",""decoding"":""beam search, no sampling; reproducibility limited to pinned environment/hardware"",""device"":""cpu"",""revision"":""ac3daf0ecd37be3b6957764a9179ab2b07fa9d6a"",""seed"":20260912,""torch_version"":""2.14.0+cpu""}"
record:c4cee2ff99ed71962ccda76f4d9be801f0a3dc1172e4b947d716c8ddd40a2835,611143854796996608,indictrans2,ai4bharat/indictrans2-indic-en-1B,ai4bharat/indictrans2-indic-en-1B,"Traffic Alert Mathura Road, Cluster bus number DL1PC 6784 KU093CRB near Ambassador Hotel has been removed. Traffic is normal now.",SUCCESS,2026-09-12T19:29:13.076343+00:00,20260912_blind_v5,8d8f5fcab9e03c6a1dfc90d5a2bfc7a3f92959df7f202b8e9bd65a169f2d9337,b5e2c90a1402a85258387572bfedbdbd2028b1aec9f77054320597d9c3a6a849,fb9319e6e37193d8a52a260e1771fd3442d9c8c5fd60ac921a984929e30f13af,True,9.007642,,"{""actual_model"":""ai4bharat/indictrans2-indic-en-1B"",""decoding"":""beam search, no sampling; reproducibility limited to pinned environment/hardware"",""device"":""cpu"",""revision"":""ac3daf0ecd37be3b6957764a9179ab2b07fa9d6a"",""seed"":20260912,""torch_version"":""2.14.0+cpu""}"
record:c53213bef0e1e559a37f0b525afe849d6d6eeda7bfc1a76840942d55395dddf4,1093377527744098304,indictrans2,ai4bharat/indictrans2-indic-en-1B,ai4bharat/indictrans2-indic-en-1B,Traffic Alert A new entry gate to Anand Vihar Railway Station has been opened. Please use this.,SUCCESS,2026-09-12T19:29:22.084972+00:00,20260912_blind_v5,8d8f5fcab9e03c6a1dfc90d5a2bfc7a3f92959df7f202b8e9bd65a169f2d9337,a09600f9e5f16026b496e68a5d5c8b180c0f7371ef484ea322a462b94004bc7c,1c9311ef36adc2ad220ba753f89d1d73da0a4f8229830eb648ceb2a366db6182,True,14.725498,,"{""actual_model"":""ai4bharat/indictrans2-indic-en-1B"",""decoding"":""beam search, no sampling; reproducibility limited to pinned environment/hardware"",""device"":""cpu"",""revision"":""ac3daf0ecd37be3b6957764a9179ab2b07fa9d6a"",""seed"":20260912,""torch_version"":""2.14.0+cpu""}"
record:c5b61c7b0e98b62499ced37320a87a846748dfb3cfe99ac4036381664446bf81,987307197980819460,indictrans2,ai4bharat/indictrans2-indic-en-1B,ai4bharat/indictrans2-indic-en-1B,Traffic Alert The route from Maharani Bagh to Sarai Kale Khan was closed due to a burst water pipeline has now been opened.,SUCCESS,2026-09-12T19:29:36.811466+00:00,20260912_blind_v5,8d8f5fcab9e03c6a1dfc90d5a2bfc7a3f92959df7f202b8e9bd65a169f2d9337,ea2bf7c59246f7119b66534eec5f54e125507e4838144d96b93da737d6b2dc3c,af233357639a2f309c17836b9f17385aec3f5e7c00b218a0cfa50f853b39fd49,True,28.518414,,"{""actual_model"":""ai4bharat/indictrans2-indic-en-1B"",""decoding"":""beam search, no sampling; reproducibility limited to pinned environment/hardware"",""device"":""cpu"",""revision"":""ac3daf0ecd37be3b6957764a9179ab2b07fa9d6a"",""seed"":20260912,""torch_version"":""2.14.0+cpu""}"
record:c6034471623b87ed2c054c3f73731aad2b427ee1b7ff6d3361dba6f33325c5ed,1063726816404197376,indictrans2,ai4bharat/indictrans2-indic-en-1B,ai4bharat/indictrans2-indic-en-1B,"Traffic Alert The procession of Bhagwan Jagannath Yatra will start from Red Fort, 15 August Park at 12 noon and return via Netaji Subhash Marg-Daryaganj-Asaf Ali Road-Ajmeri Gate-Sradhanand Marg-Fatehpuri-Chandni Chowk till 15 August Park Red Fort, due to which there will be heavy traffic in these places.",SUCCESS,2026-09-12T19:30:05.332009+00:00,20260912_blind_v5,8d8f5fcab9e03c6a1dfc90d5a2bfc7a3f92959df7f202b8e9bd65a169f2d9337,52faec856ca62e3e439834a770bb2541582f8094ea4327cc64c591217350079e,1be1f343e6243b541736c58fbd0c610dc42437f3b1605dc2d177b8d58c6f4505,True,51.827108,,"{""actual_model"":""ai4bharat/indictrans2-indic-en-1B"",""decoding"":""beam search, no sampling; reproducibility limited to pinned environment/hardware"",""device"":""cpu"",""revision"":""ac3daf0ecd37be3b6957764a9179ab2b07fa9d6a"",""seed"":20260912,""torch_version"":""2.14.0+cpu""}"
record:c604da2ac858d72fcacc4a3155603771f117323a9064164faa3224afdbf96d18,811018528966864896,indictrans2,ai4bharat/indictrans2-indic-en-1B,ai4bharat/indictrans2-indic-en-1B,Part 1 / 2.. Traffic Alert Traffic on Kapashera to Rajokri road has been reduced to one lane which will lead to more traffic.,SUCCESS,2026-09-12T19:30:57.159976+00:00,20260912_blind_v5,8d8f5fcab9e03c6a1dfc90d5a2bfc7a3f92959df7f202b8e9bd65a169f2d9337,09f86f5ab24ff562af20ee6a04455d7af62e7aab92e85a185747b56a03ba81b3,c99ff20ef618986c1d839dffb32dc637c823f95682105edc34def5adc1c8f713,True,15.354522,,"{""actual_model"":""ai4bharat/indictrans2-indic-en-1B"",""decoding"":""beam search, no sampling; reproducibility limited to pinned environment/hardware"",""device"":""cpu"",""revision"":""ac3daf0ecd37be3b6957764a9179ab2b07fa9d6a"",""seed"":20260912,""torch_version"":""2.14.0+cpu""}"
record:c6261ba82a0f80bb85dffdacbfd41207fcebf227c2709ee1019953e4d5962bb7,781013701008785408,indictrans2,ai4bharat/indictrans2-indic-en-1B,ai4bharat/indictrans2-indic-en-1B,"Traffic Alert Students are marching from Peshwa Road to Jantar Mantar, disrupting traffic.",SUCCESS,2026-09-12T19:31:12.512778+00:00,20260912_blind_v5,8d8f5fcab9e03c6a1dfc90d5a2bfc7a3f92959df7f202b8e9bd65a169f2d9337,0267a804d785afce951f072b363b5a2efb46ebb7d5b00af6798f9149070655a4,691f7296604be6fb8e4a3485a1de2325d41edb49050c71a1a550eae33542d46f,True,21.93403,,"{""actual_model"":""ai4bharat/indictrans2-indic-en-1B"",""decoding"":""beam search, no sampling; reproducibility limited to pinned environment/hardware"",""device"":""cpu"",""revision"":""ac3daf0ecd37be3b6957764a9179ab2b07fa9d6a"",""seed"":20260912,""torch_version"":""2.14.0+cpu""}"
record:c65358a145bc9890a8f471d746b71e455e30a9442286d8406f4e488752265aef,575275020869615616,indictrans2,ai4bharat/indictrans2-indic-en-1B,ai4bharat/indictrans2-indic-en-1B,"Traffic Alert ITO to Karkari Mor Madhuban Chowk Near V-3 Mall 5 to 6 feet road has caved in, causing heavy traffic. Sorry for the inconvenience.",SUCCESS,2026-09-12T19:31:34.447885+00:00,20260912_blind_v5,8d8f5fcab9e03c6a1dfc90d5a2bfc7a3f92959df7f202b8e9bd65a169f2d9337,2bff39d5652630a3813a42a60cc5b0bad7bd898c648c2c16f8b2fe2c1d2196e3,3dc9d848d7100b9197a0c78c1f45e6b68a1e88fb48a2d8d68caea5138501f36f,True,30.915129,,"{""actual_model"":""ai4bharat/indictrans2-indic-en-1B"",""decoding"":""beam search, no sampling; reproducibility limited to pinned environment/hardware"",""device"":""cpu"",""revision"":""ac3daf0ecd37be3b6957764a9179ab2b07fa9d6a"",""seed"":20260912,""torch_version"":""2.14.0+cpu""}"
record:c686c2e50a71429c66ac461c5bb8244bf6cc841fdb7634742461e546f3e6ff68,1035900749325062145,indictrans2,ai4bharat/indictrans2-indic-en-1B,ai4bharat/indictrans2-indic-en-1B,Traffic Alert Traffic on IIT to AIIMS route is disrupted due to a fallen tree near Dilip Singh Cut. Please avoid this route.,SUCCESS,2026-09-12T19:32:05.364596+00:00,20260912_blind_v5,8d8f5fcab9e03c6a1dfc90d5a2bfc7a3f92959df7f202b8e9bd65a169f2d9337,9dc66326403c089216835c7cfd2c571bbcd94187c49b436e03fbdd868b2a539b,f9ba2a4d6ad5ea318cdb283ecf69fefe3b4c181f7e2d464c840ebb99745f64de,True,10.715138,,"{""actual_model"":""ai4bharat/indictrans2-indic-en-1B"",""decoding"":""beam search, no sampling; reproducibility limited to pinned environment/hardware"",""device"":""cpu"",""revision"":""ac3daf0ecd37be3b6957764a9179ab2b07fa9d6a"",""seed"":20260912,""torch_version"":""2.14.0+cpu""}"
record:c6a74e6b30194045641789b7a2ae862447f62866c7f86899f8868596238cb0f8,619802103666606080,indictrans2,ai4bharat/indictrans2-indic-en-1B,ai4bharat/indictrans2-indic-en-1B,Traffic Alert Traffic affected in Dwarka Sector-20 due to a fallen tree. Sorry for the inconvenience.,SUCCESS,2026-09-12T19:32:16.076142+00:00,20260912_blind_v5,8d8f5fcab9e03c6a1dfc90d5a2bfc7a3f92959df7f202b8e9bd65a169f2d9337,f17beca75ada6b42dc58da6b6644c8b09c51fea233b7647609bfea58037da174,06c38bd6b56b71c3576618f46e262fac576a78a1a08c78a9a6baa1aa49cdfaf6,True,6.189907,,"{""actual_model"":""ai4bharat/indictrans2-indic-en-1B"",""decoding"":""beam search, no sampling; reproducibility limited to pinned environment/hardware"",""device"":""cpu"",""revision"":""ac3daf0ecd37be3b6957764a9179ab2b07fa9d6a"",""seed"":20260912,""torch_version"":""2.14.0+cpu""}"
record:c6f3ed3bee07d29f4d9897c07d5879edf9aad6d416ded29b00e4bc75b9a48bbe,784622897398681604,indictrans2,ai4bharat/indictrans2-indic-en-1B,ai4bharat/indictrans2-indic-en-1B,"Traffic Alert Delhi Jal Board work is going on at Kishanganj railway underpass, due to which traffic is disrupted on both the routes.",SUCCESS,2026-09-12T19:32:22.263897+00:00,20260912_blind_v5,8d8f5fcab9e03c6a1dfc90d5a2bfc7a3f92959df7f202b8e9bd65a169f2d9337,4e949456facb3890ede2fd72dbfb9b3b8a3098034113b1bd8f9f04a5502149f2,90431db72f5b1e94ebf063a1415f62387cb9cd47e06469827c2f5bf4c8bb0223,True,7.179779,,"{""actual_model"":""ai4bharat/indictrans2-indic-en-1B"",""decoding"":""beam search, no sampling; reproducibility limited to pinned environment/hardware"",""device"":""cpu"",""revision"":""ac3daf0ecd37be3b6957764a9179ab2b07fa9d6a"",""seed"":20260912,""torch_version"":""2.14.0+cpu""}"
record:c73238bfd867137b67c9b804bd63c30121345d2e50552433d739aac1f1cea01e,1030075372484710401,indictrans2,ai4bharat/indictrans2-indic-en-1B,ai4bharat/indictrans2-indic-en-1B,Traffic Alert Traffic movement is disrupted due to a broken road near Metro Pillar No.-243 en route from Shadipur to Pusa.,SUCCESS,2026-09-12T19:32:29.449271+00:00,20260912_blind_v5,8d8f5fcab9e03c6a1dfc90d5a2bfc7a3f92959df7f202b8e9bd65a169f2d9337,df016e953ce0b86c1d9d1980ea6f64841b17293fc3cdc16c09e5c50d72588ac2,ebffbc591022a19b5e4c1a80ebff7b36a58ba79e5e43c792c8b5d455d2674428,True,19.039005,,"{""actual_model"":""ai4bharat/indictrans2-indic-en-1B"",""decoding"":""beam search, no sampling; reproducibility limited to pinned environment/hardware"",""device"":""cpu"",""revision"":""ac3daf0ecd37be3b6957764a9179ab2b07fa9d6a"",""seed"":20260912,""torch_version"":""2.14.0+cpu""}"
record:c73e6edcb75e56b4a2e15e490a02fc4ca5b6793365cee69197ba52921bb346a6,1100641394253799424,indictrans2,ai4bharat/indictrans2-indic-en-1B,ai4bharat/indictrans2-indic-en-1B,"Traffic Alert All India Youth Federation's procession which will move from Mandi House to Jantar Mantar via Tolstoy Marg, Barakhamba Road, which is currently going on Barakhamba Road, due to which traffic is affected.",SUCCESS,2026-09-12T19:32:48.485275+00:00,20260912_blind_v5,8d8f5fcab9e03c6a1dfc90d5a2bfc7a3f92959df7f202b8e9bd65a169f2d9337,843139048bc9647dfa331f84030ddeed82d2ac713fe066931cccc9bcb0c03f3f,530d673d666aa32a05bd96bdb62bb4f0c9a7c57065b1a47300d7ecce99ebc4f6,True,48.887478,,"{""actual_model"":""ai4bharat/indictrans2-indic-en-1B"",""decoding"":""beam search, no sampling; reproducibility limited to pinned environment/hardware"",""device"":""cpu"",""revision"":""ac3daf0ecd37be3b6957764a9179ab2b07fa9d6a"",""seed"":20260912,""torch_version"":""2.14.0+cpu""}"
record:c7764267b7c48f87fed93a8a63144b73f95459b06492185abbbcb980e9778077,925284469661089792,indictrans2,ai4bharat/indictrans2-indic-en-1B,ai4bharat/indictrans2-indic-en-1B,Traffic Alert Shadipur Depot near Puppet Colony DDA demolition work is going on due to which diversion has been given I 1 / 2,SUCCESS,2026-09-12T19:33:37.362358+00:00,20260912_blind_v5,8d8f5fcab9e03c6a1dfc90d5a2bfc7a3f92959df7f202b8e9bd65a169f2d9337,fd9eacb793e6946b0f84bd41c8a2d2a9c79826034307304bf0e6e36f586ce194,96392c04b85cb12aa034e7aed30d5f526e713f8f3bc266c3bdf558c4049e3d73,True,22.931606,,"{""actual_model"":""ai4bharat/indictrans2-indic-en-1B"",""decoding"":""beam search, no sampling; reproducibility limited to pinned environment/hardware"",""device"":""cpu"",""revision"":""ac3daf0ecd37be3b6957764a9179ab2b07fa9d6a"",""seed"":20260912,""torch_version"":""2.14.0+cpu""}"
record:c7f5d670a422d53f96e713f7d6f7f0642dd2dcf9dc4981369deda4b1fc7727fe,927902309304037376,indictrans2,ai4bharat/indictrans2-indic-en-1B,ai4bharat/indictrans2-indic-en-1B,"Traffic Alert Taj Enclave, Geeta Colony Iron Bridge work is going on due to which traffic is disrupted in both the routes, please avoid this route!",SUCCESS,2026-09-12T19:34:00.296110+00:00,20260912_blind_v5,8d8f5fcab9e03c6a1dfc90d5a2bfc7a3f92959df7f202b8e9bd65a169f2d9337,0d03bc2f8603ce632dd0a0f60782e8f7844ba456e5d7b44dd2e1d67352d821cf,72dad79fcedacc75e7ca17fdc33421bf4d3cfa7f9ec9d29548cbc25ec0db152e,True,8.330278,,"{""actual_model"":""ai4bharat/indictrans2-indic-en-1B"",""decoding"":""beam search, no sampling; reproducibility limited to pinned environment/hardware"",""device"":""cpu"",""revision"":""ac3daf0ecd37be3b6957764a9179ab2b07fa9d6a"",""seed"":20260912,""torch_version"":""2.14.0+cpu""}"
record:c80ba2c9685c0ecb8d59ee841ae4ef516e3d93b73d62d22fa29a54142ac538bb,630210256627474432,indictrans2,ai4bharat/indictrans2-indic-en-1B,ai4bharat/indictrans2-indic-en-1B,Traffic Alert Traffic is now normal from Ajmeri Gate towards Paharganj Chowk.,SUCCESS,2026-09-12T19:34:08.631458+00:00,20260912_blind_v5,8d8f5fcab9e03c6a1dfc90d5a2bfc7a3f92959df7f202b8e9bd65a169f2d9337,9b12a20adeaf74a8c1b8d8d9aa52aacbdb2750914140f460f8b63a47688ff590,a30a0f01547881da1395739917a8190abdda3337922a08626884e2dbdca243b8,True,12.825726,,"{""actual_model"":""ai4bharat/indictrans2-indic-en-1B"",""decoding"":""beam search, no sampling; reproducibility limited to pinned environment/hardware"",""device"":""cpu"",""revision"":""ac3daf0ecd37be3b6957764a9179ab2b07fa9d6a"",""seed"":20260912,""torch_version"":""2.14.0+cpu""}"
record:c83b0d30128e25dea66cb1fa62046b78c1b18001e286cbd4890fcb4792ee8935,1077593922459717634,indictrans2,ai4bharat/indictrans2-indic-en-1B,ai4bharat/indictrans2-indic-en-1B,Traffic Alert Traffic is normal on Nelson Mandela Road.,SUCCESS,2026-09-12T19:34:21.461005+00:00,20260912_blind_v5,8d8f5fcab9e03c6a1dfc90d5a2bfc7a3f92959df7f202b8e9bd65a169f2d9337,be2615082524137fb8d8b989c83636866d56d60b9011f0a39481e974f37db4e0,024bb701399e033ded3a2a67194973c8a563bc92ddcb6684e16967f1b5f6f64b,True,10.778638,,"{""actual_model"":""ai4bharat/indictrans2-indic-en-1B"",""decoding"":""beam search, no sampling; reproducibility limited to pinned environment/hardware"",""device"":""cpu"",""revision"":""ac3daf0ecd37be3b6957764a9179ab2b07fa9d6a"",""seed"":20260912,""torch_version"":""2.14.0+cpu""}"
record:c858d492f582e2e504e4acac6796cfcf4859a91c335bb79221f9d877267c03a7,933937452150005760,indictrans2,ai4bharat/indictrans2-indic-en-1B,ai4bharat/indictrans2-indic-en-1B,Traffic Alert Traffic on the route from Chandigram Akhara to ISBT is blocked from Chandigram Akhara to Nigam Bodh Ghat.,SUCCESS,2026-09-12T19:34:32.243680+00:00,20260912_blind_v5,8d8f5fcab9e03c6a1dfc90d5a2bfc7a3f92959df7f202b8e9bd65a169f2d9337,2fecebd943c316bdd76570f603b03fc457b37b3c1a6e0c3bdb0f986e1b7aa5c6,ca5d46d15bd67ff77fb0a8f77da0d77ea7934fe7ac6e224c4ec18101caaf85a3,True,28.334193,,"{""actual_model"":""ai4bharat/indictrans2-indic-en-1B"",""decoding"":""beam search, no sampling; reproducibility limited to pinned environment/hardware"",""device"":""cpu"",""revision"":""ac3daf0ecd37be3b6957764a9179ab2b07fa9d6a"",""seed"":20260912,""torch_version"":""2.14.0+cpu""}"
record:c8893d10c5dc06703ab7414becf44193aa7307d7635bde79dbe126a676302590,1071045731237224448,indictrans2,ai4bharat/indictrans2-indic-en-1B,ai4bharat/indictrans2-indic-en-1B,Traffic Alert A car has hit a divider near RTR Flyover due to which traffic from Munirka to Airport and Moti Bagh to Airport is affected.,SUCCESS,2026-09-12T19:35:00.576542+00:00,20260912_blind_v5,8d8f5fcab9e03c6a1dfc90d5a2bfc7a3f92959df7f202b8e9bd65a169f2d9337,0daed788612c60939741518d70678f892efff1d312b4a03c73f25a604cbb6272,8a127dcf8384a09ca6b614053096da02cec8518ad87b5910fc7216a88b8d3e2d,True,14.58947,,"{""actual_model"":""ai4bharat/indictrans2-indic-en-1B"",""decoding"":""beam search, no sampling; reproducibility limited to pinned environment/hardware"",""device"":""cpu"",""revision"":""ac3daf0ecd37be3b6957764a9179ab2b07fa9d6a"",""seed"":20260912,""torch_version"":""2.14.0+cpu""}"
record:c88b625a1a4eac7c89ddd4fd8f4858bed4c5b25984ecb9e7aba8103f2a14fde4,1125432195701587968,indictrans2,ai4bharat/indictrans2-indic-en-1B,ai4bharat/indictrans2-indic-en-1B,"Traffic Alert A vehicle has caught fire near Satbir Petrol Pump ahead of Mahipalpur Flyover en route from Gurugram to Delhi, disrupting traffic.",SUCCESS,2026-09-12T19:35:15.168712+00:00,20260912_blind_v5,8d8f5fcab9e03c6a1dfc90d5a2bfc7a3f92959df7f202b8e9bd65a169f2d9337,23356cc252040da80d5b7e6db8bb0d3e5da44528b739937ec63f306a601aba1d,d1d9e6e9a8cd7cf852d63f9f89cce3a9e1259d0bf94b1fe815119b3c9a5891bd,True,9.350398,,"{""actual_model"":""ai4bharat/indictrans2-indic-en-1B"",""decoding"":""beam search, no sampling; reproducibility limited to pinned environment/hardware"",""device"":""cpu"",""revision"":""ac3daf0ecd37be3b6957764a9179ab2b07fa9d6a"",""seed"":20260912,""torch_version"":""2.14.0+cpu""}"
record:c8db9402fe900a0342475653ee16cd3b411c112b752fb8b8a41a01924ef9af78,937541395723698176,indictrans2,ai4bharat/indictrans2-indic-en-1B,ai4bharat/indictrans2-indic-en-1B,"Traffic Alert I / P Flyover towards A Point ITO is being worked by Delhi Jal Board, due to which traffic is running in two lanes.",SUCCESS,2026-09-12T19:35:24.514936+00:00,20260912_blind_v5,8d8f5fcab9e03c6a1dfc90d5a2bfc7a3f92959df7f202b8e9bd65a169f2d9337,9a4520757b8c860b402c81802fcc327e4fe6479ddd1d8540b448031feb09f9af,708a81c0256eef2080c0912499313c76c3046ede034333a8cc3d29afb82b4606,True,11.708164,,"{""actual_model"":""ai4bharat/indictrans2-indic-en-1B"",""decoding"":""beam search, no sampling; reproducibility limited to pinned environment/hardware"",""device"":""cpu"",""revision"":""ac3daf0ecd37be3b6957764a9179ab2b07fa9d6a"",""seed"":20260912,""torch_version"":""2.14.0+cpu""}"
record:c8ee78610c0de7d71cdf22e75653245f39b7c6096a2ef0c1133831fc47ed0e94,1022677166297894912,indictrans2,ai4bharat/indictrans2-indic-en-1B,ai4bharat/indictrans2-indic-en-1B,Traffic Alert Traffic is affected due to waterlogging at Badarpur railway crossing underpass on the way from Badarpur to Mehrauli Please avoid using this route!,SUCCESS,2026-09-12T19:35:36.218890+00:00,20260912_blind_v5,8d8f5fcab9e03c6a1dfc90d5a2bfc7a3f92959df7f202b8e9bd65a169f2d9337,458ac1ba75a5d5328982c8b67f0cc08579345d188ada4e6499eaeb7aa623ea6f,3b7fb0a82c03c900ef1f5d08e7e98686dd75fa2c018a21383f6a03432d93b3a3,True,31.295229,,"{""actual_model"":""ai4bharat/indictrans2-indic-en-1B"",""decoding"":""beam search, no sampling; reproducibility limited to pinned environment/hardware"",""device"":""cpu"",""revision"":""ac3daf0ecd37be3b6957764a9179ab2b07fa9d6a"",""seed"":20260912,""torch_version"":""2.14.0+cpu""}"
record:c951096899d28e84a8d7375080528c8f69d60d500909292a7007b159b9ca60de,812963367816003584,indictrans2,ai4bharat/indictrans2-indic-en-1B,ai4bharat/indictrans2-indic-en-1B,Traffic Alert: There is heavy traffic on Pusa Road due to metro breakdown at Karol Bagh metro station.,SUCCESS,2026-09-12T19:36:07.521381+00:00,20260912_blind_v5,8d8f5fcab9e03c6a1dfc90d5a2bfc7a3f92959df7f202b8e9bd65a169f2d9337,9ce149386d70a8bfdf61d013a01ed4c7e09a7bb5fc71e3f9d89e258df0227321,cb2b34cac46dfc88c82de32f12c3407aeaee58e13dd2b298e2d8456af9f13823,True,20.309368,,"{""actual_model"":""ai4bharat/indictrans2-indic-en-1B"",""decoding"":""beam search, no sampling; reproducibility limited to pinned environment/hardware"",""device"":""cpu"",""revision"":""ac3daf0ecd37be3b6957764a9179ab2b07fa9d6a"",""seed"":20260912,""torch_version"":""2.14.0+cpu""}"
record:c960d87b375fcea8b1349b4b8783ebdc7411c617aa05c9bda39b6f51c4719767,1017732188563857408,indictrans2,ai4bharat/indictrans2-indic-en-1B,ai4bharat/indictrans2-indic-en-1B,"Traffic Alert A tree has fallen on Gujarati Samaj Club Road, traffic is affected.",SUCCESS,2026-09-12T19:36:27.832681+00:00,20260912_blind_v5,8d8f5fcab9e03c6a1dfc90d5a2bfc7a3f92959df7f202b8e9bd65a169f2d9337,2a5bb4c88111dd95cf6a0c0e3271d53963ba328174f44c6c5612d5955a2cee7c,fcd0ae3632dd60356bd64fc41f1e7e82a231a8817d67245ba0e4ac41a319070e,True,16.356038,,"{""actual_model"":""ai4bharat/indictrans2-indic-en-1B"",""decoding"":""beam search, no sampling; reproducibility limited to pinned environment/hardware"",""device"":""cpu"",""revision"":""ac3daf0ecd37be3b6957764a9179ab2b07fa9d6a"",""seed"":20260912,""torch_version"":""2.14.0+cpu""}"
record:c998603172cfae845a46cdc2bd33ee4bb08189b75455bdb95c0530fd56f89caf,933203208347910145,indictrans2,ai4bharat/indictrans2-indic-en-1B,ai4bharat/indictrans2-indic-en-1B,"Traffic Alert Due to PWD work, traffic will be disrupted on RTR Flyover. People going to Airport and Gurugram please use Nelson Mandela Marg.",SUCCESS,2026-09-12T19:36:44.188723+00:00,20260912_blind_v5,8d8f5fcab9e03c6a1dfc90d5a2bfc7a3f92959df7f202b8e9bd65a169f2d9337,04e1a874d53745fffbb200daf17f2869358208b08a82043f3c879e323c411d68,b87725cc48c595ec998e643ce4c9a0ba93d7b71241c6aa68d6c603f86f5e32eb,True,14.3386,,"{""actual_model"":""ai4bharat/indictrans2-indic-en-1B"",""decoding"":""beam search, no sampling; reproducibility limited to pinned environment/hardware"",""device"":""cpu"",""revision"":""ac3daf0ecd37be3b6957764a9179ab2b07fa9d6a"",""seed"":20260912,""torch_version"":""2.14.0+cpu""}"
record:ca2dfb9e18c92c66ee03e7a265ac9eec114648d05f021adb6cd734675a2988a0,995877922811473920,indictrans2,ai4bharat/indictrans2-indic-en-1B,ai4bharat/indictrans2-indic-en-1B,Traffic Alert A tree has fallen near Bird Sanctuary on the route from Okhla to Noida which is being removed. Traffic is affected.,SUCCESS,2026-09-12T19:36:58.526688+00:00,20260912_blind_v5,8d8f5fcab9e03c6a1dfc90d5a2bfc7a3f92959df7f202b8e9bd65a169f2d9337,26abc6e866dd978de2f7e31653f3d33ee9e3546ba949c8d391a770c89e247f9a,a182da0543ae29267be2fc50f70d32a823c015bbd1b5243835eff2d8b085f523,True,7.449771,,"{""actual_model"":""ai4bharat/indictrans2-indic-en-1B"",""decoding"":""beam search, no sampling; reproducibility limited to pinned environment/hardware"",""device"":""cpu"",""revision"":""ac3daf0ecd37be3b6957764a9179ab2b07fa9d6a"",""seed"":20260912,""torch_version"":""2.14.0+cpu""}"
record:ca780abe8e0d62010c4be32a61cb4a21cc4f1f1503efe15a46b60c903688ff22,592025116118261760,indictrans2,ai4bharat/indictrans2-indic-en-1B,ai4bharat/indictrans2-indic-en-1B,"Traffic Alert Traffic going towards Narela has been diverted by DSIDC due to a truck overturning at Khampur, inconvenience is regretted.",SUCCESS,2026-09-12T19:37:05.976766+00:00,20260912_blind_v5,8d8f5fcab9e03c6a1dfc90d5a2bfc7a3f92959df7f202b8e9bd65a169f2d9337,166db6660428ae05752c730213931487cde6fcc7805683a904add93301e7be0f,19bb8a9738e4ad5e994779bfc72e500a67bf4f38f28d3ee3e37ce3201232ed41,True,25.924954,,"{""actual_model"":""ai4bharat/indictrans2-indic-en-1B"",""decoding"":""beam search, no sampling; reproducibility limited to pinned environment/hardware"",""device"":""cpu"",""revision"":""ac3daf0ecd37be3b6957764a9179ab2b07fa9d6a"",""seed"":20260912,""torch_version"":""2.14.0+cpu""}"
record:ca786c44a1f93bf8b44447fb4b25f9c4101effc4cee234cd327432139b0a66d6,877748754543132672,indictrans2,ai4bharat/indictrans2-indic-en-1B,ai4bharat/indictrans2-indic-en-1B,Traffic Alert Traffic is affected due to a fallen tree at Faiz Road Chowk.,SUCCESS,2026-09-12T19:37:31.904887+00:00,20260912_blind_v5,8d8f5fcab9e03c6a1dfc90d5a2bfc7a3f92959df7f202b8e9bd65a169f2d9337,21a4b379c3a291d2bc8ec9a6d15907c402bf084fa79feaf01ae2e924ae157a73,58aa3dad80ebf7a6abd64ddd87d35107cfabdc81d58bd53add271badc250a019,True,14.447274,,"{""actual_model"":""ai4bharat/indictrans2-indic-en-1B"",""decoding"":""beam search, no sampling; reproducibility limited to pinned environment/hardware"",""device"":""cpu"",""revision"":""ac3daf0ecd37be3b6957764a9179ab2b07fa9d6a"",""seed"":20260912,""torch_version"":""2.14.0+cpu""}"
record:ca7c98b3d59bda429b879668104bcfab734a758a513fae2267de211b9d60fe5b,552463362177908737,indictrans2,ai4bharat/indictrans2-indic-en-1B,ai4bharat/indictrans2-indic-en-1B,TRAFFIC ALERT Sorry for the heavy traffic due to Metro work on Ring Road and Mathura Road near Ashram.,SUCCESS,2026-09-12T19:37:46.338543+00:00,20260912_blind_v5,8d8f5fcab9e03c6a1dfc90d5a2bfc7a3f92959df7f202b8e9bd65a169f2d9337,601df64f47a8a1e56b9e781e6e0c2cfc68de60ea70656ee4f81987cb645c2fd8,0c14fb0efe4eba0d3289f89b1b5160939caecd26650f4b4bf203415db58e2199,True,23.847373,,"{""actual_model"":""ai4bharat/indictrans2-indic-en-1B"",""decoding"":""beam search, no sampling; reproducibility limited to pinned environment/hardware"",""device"":""cpu"",""revision"":""ac3daf0ecd37be3b6957764a9179ab2b07fa9d6a"",""seed"":20260912,""torch_version"":""2.14.0+cpu""}"
record:cab405732d30dea2df288f8464cddfb5d13572ea2ee8a75c42f1d620c71ca7ee,620639107383959553,indictrans2,ai4bharat/indictrans2-indic-en-1B,ai4bharat/indictrans2-indic-en-1B,Traffic Alert Traffic is now normal at Azad Market Chowk.,SUCCESS,2026-09-12T19:38:10.195405+00:00,20260912_blind_v5,8d8f5fcab9e03c6a1dfc90d5a2bfc7a3f92959df7f202b8e9bd65a169f2d9337,0d20e8a38cfb1a9d1949b36b781f8993011ad9b57cff75bb59186337f483d6b7,0326b8f87db1ab5e660da5f675e445bce54b35f0c203343b5058b92a3d411d9c,True,3.303642,,"{""actual_model"":""ai4bharat/indictrans2-indic-en-1B"",""decoding"":""beam search, no sampling; reproducibility limited to pinned environment/hardware"",""device"":""cpu"",""revision"":""ac3daf0ecd37be3b6957764a9179ab2b07fa9d6a"",""seed"":20260912,""torch_version"":""2.14.0+cpu""}"
record:cac9a17c6c4dfaee417f011f478d2cbc15cb68311c1f9e48a8e2fdea29669bd9,922096698956099588,indictrans2,ai4bharat/indictrans2-indic-en-1B,ai4bharat/indictrans2-indic-en-1B,Traffic Alert Kotla Road Shashi Garden which leads to Road Kalyanpuri Traffic has been diverted from Patparganj towards NH-24 due to the protest.,SUCCESS,2026-09-12T19:38:13.502331+00:00,20260912_blind_v5,8d8f5fcab9e03c6a1dfc90d5a2bfc7a3f92959df7f202b8e9bd65a169f2d9337,1f19acacbdb6f7a82ab138b865f49da315d465ecd6e0c34a3f6d27bb403252d7,8be5b50ba8177106a7d266b7274e1026b778a7567f917b029c3b0332870a0023,True,7.463248,,"{""actual_model"":""ai4bharat/indictrans2-indic-en-1B"",""decoding"":""beam search, no sampling; reproducibility limited to pinned environment/hardware"",""device"":""cpu"",""revision"":""ac3daf0ecd37be3b6957764a9179ab2b07fa9d6a"",""seed"":20260912,""torch_version"":""2.14.0+cpu""}"
record:ccb118b0cf2957451d0362e91b8e62982c781b89b05e0483afd56eed4ff35b98,1034290659107188736,indictrans2,ai4bharat/indictrans2-indic-en-1B,ai4bharat/indictrans2-indic-en-1B,Traffic Alert Traffic is affected due to waterlogging on the route from Mundka to Rajdhani Park!,SUCCESS,2026-09-12T19:38:20.964613+00:00,20260912_blind_v5,8d8f5fcab9e03c6a1dfc90d5a2bfc7a3f92959df7f202b8e9bd65a169f2d9337,47b094b208b81c50d4e083bd93bd5072037e3394add1c8c026e6a66398e085a3,ae89df5c3daa12b75cdf7cd080c445501f853549db2e9f86631ad4b754931e8e,True,15.85807,,"{""actual_model"":""ai4bharat/indictrans2-indic-en-1B"",""decoding"":""beam search, no sampling; reproducibility limited to pinned environment/hardware"",""device"":""cpu"",""revision"":""ac3daf0ecd37be3b6957764a9179ab2b07fa9d6a"",""seed"":20260912,""torch_version"":""2.14.0+cpu""}"
record:cdc29d352556378233c348df70d16b34e722aeb59423217929c5e175226bb41b,865389997792178177,indictrans2,ai4bharat/indictrans2-indic-en-1B,ai4bharat/indictrans2-indic-en-1B,"Traffic Alert An HTV on the Noida-bound carriageway near Kalindi Kunj is out of order, disrupting traffic. 1 / 2",SUCCESS,2026-09-12T19:38:36.824448+00:00,20260912_blind_v5,8d8f5fcab9e03c6a1dfc90d5a2bfc7a3f92959df7f202b8e9bd65a169f2d9337,ef196f2874080923f2273ea53e01cc73881580441d8b7cc3514997b44db0f6fd,739354c1d5e54b8ca38d3556c749b8f1d89db03bcfbc307f7e45aede483c8bc1,True,26.703778,,"{""actual_model"":""ai4bharat/indictrans2-indic-en-1B"",""decoding"":""beam search, no sampling; reproducibility limited to pinned environment/hardware"",""device"":""cpu"",""revision"":""ac3daf0ecd37be3b6957764a9179ab2b07fa9d6a"",""seed"":20260912,""torch_version"":""2.14.0+cpu""}"
record:cdd80870981c64d1a4cdabb895051d6e65b6283f505ab2c90f4f3797b493ea53,879170214511886336,indictrans2,ai4bharat/indictrans2-indic-en-1B,ai4bharat/indictrans2-indic-en-1B,Traffic Alert Traffic has been diverted from R D Marg and MG Road towards Alaknanda due to overcrowding near Hamdard Masjid!,SUCCESS,2026-09-12T19:39:03.521369+00:00,20260912_blind_v5,8d8f5fcab9e03c6a1dfc90d5a2bfc7a3f92959df7f202b8e9bd65a169f2d9337,3abb1d594dc441569bef2f317237aad68ea4a6e6cb5a3b1ac66eb93c62b48061,9b07346e4ba21f316224890d870cf8794c67d629759176908c23b75887d6deae,True,23.126183,,"{""actual_model"":""ai4bharat/indictrans2-indic-en-1B"",""decoding"":""beam search, no sampling; reproducibility limited to pinned environment/hardware"",""device"":""cpu"",""revision"":""ac3daf0ecd37be3b6957764a9179ab2b07fa9d6a"",""seed"":20260912,""torch_version"":""2.14.0+cpu""}"
record:ce2f2a79dc6a01e3b5b186b388b6c1a5d41629a11c0f185ec50124235fc30248,786066581461798913,indictrans2,ai4bharat/indictrans2-indic-en-1B,ai4bharat/indictrans2-indic-en-1B,"Traffic Alert 1. Indra Lok to 7 Tajiya will run around 1800HRS routed via, Zakhira Flyover, Karol Bagh, Mandir Marg, R / A RML,",SUCCESS,2026-09-12T19:39:26.645343+00:00,20260912_blind_v5,8d8f5fcab9e03c6a1dfc90d5a2bfc7a3f92959df7f202b8e9bd65a169f2d9337,41d482383cabceb9f9b0065f025ff4497869e62372b65dc3102e3917ed96694f,953028e0b1dc353d2f9b8229d530d0cee683c8eb20ff187ca22c144f0dbd4f56,True,10.469967,,"{""actual_model"":""ai4bharat/indictrans2-indic-en-1B"",""decoding"":""beam search, no sampling; reproducibility limited to pinned environment/hardware"",""device"":""cpu"",""revision"":""ac3daf0ecd37be3b6957764a9179ab2b07fa9d6a"",""seed"":20260912,""torch_version"":""2.14.0+cpu""}"
record:ce4e82f8a72f7b717c9451314f9250e975b7b2c6f7f4b70198ef023b55499722,1022496717621477377,indictrans2,ai4bharat/indictrans2-indic-en-1B,ai4bharat/indictrans2-indic-en-1B,"Traffic Alert: PWD has dug a pit near metro pillar number 96 on the route from Mukarba Chowk to Azad Market, due to which traffic has been diverted.",SUCCESS,2026-09-12T19:39:37.126313+00:00,20260912_blind_v5,8d8f5fcab9e03c6a1dfc90d5a2bfc7a3f92959df7f202b8e9bd65a169f2d9337,b55b60b5c14e5b72827c570d02de953fdd22c663edd14764db72aa3bfbbf994a,137f4871f5e3d06e30fceeac36a021d3ca141e311992b557b05451c94dda0799,True,32.1114,,"{""actual_model"":""ai4bharat/indictrans2-indic-en-1B"",""decoding"":""beam search, no sampling; reproducibility limited to pinned environment/hardware"",""device"":""cpu"",""revision"":""ac3daf0ecd37be3b6957764a9179ab2b07fa9d6a"",""seed"":20260912,""torch_version"":""2.14.0+cpu""}"
record:cea60aa5bb348bec3975f3cb92d36e9650804d7eef062d2f0a96e35ee890d840,1023780376416804864,indictrans2,ai4bharat/indictrans2-indic-en-1B,ai4bharat/indictrans2-indic-en-1B,"Traffic Alert The route from Motibagh to Hayat is undergoing DMRC work, due to which the left turn is closed and traffic is affected.",SUCCESS,2026-09-12T19:40:09.232375+00:00,20260912_blind_v5,8d8f5fcab9e03c6a1dfc90d5a2bfc7a3f92959df7f202b8e9bd65a169f2d9337,d8974ce9bd09e8aa9ce438f043d811eb91b97a7ca7c53a76b9e99357163dbd4f,9ab8669cc7faabc2d0030ba6c0b4d1ba9e0383806d32f97673bb2a91b3fcb33c,True,26.03295,,"{""actual_model"":""ai4bharat/indictrans2-indic-en-1B"",""decoding"":""beam search, no sampling; reproducibility limited to pinned environment/hardware"",""device"":""cpu"",""revision"":""ac3daf0ecd37be3b6957764a9179ab2b07fa9d6a"",""seed"":20260912,""torch_version"":""2.14.0+cpu""}"
record:cead9bd350e9e1ae5eb67b0970f45fc5a01783cd9ad8b7ae5ac9528715002cf8,805409022987751424,indictrans2,ai4bharat/indictrans2-indic-en-1B,ai4bharat/indictrans2-indic-en-1B,Traffic Alert Traffic coming from 1.विंडसर Place on Baba Kharak Singh Marg has been diverted on Ashoka Road.,SUCCESS,2026-09-12T19:40:35.263620+00:00,20260912_blind_v5,8d8f5fcab9e03c6a1dfc90d5a2bfc7a3f92959df7f202b8e9bd65a169f2d9337,d87043eca507e05f45ccadae194a8f68cb8933fb94774e7570873fa190d58dc8,dab59d6074816fc9a39839f166711e7ac516047ab042dae7a4981fff706e4401,True,9.879923,,"{""actual_model"":""ai4bharat/indictrans2-indic-en-1B"",""decoding"":""beam search, no sampling; reproducibility limited to pinned environment/hardware"",""device"":""cpu"",""revision"":""ac3daf0ecd37be3b6957764a9179ab2b07fa9d6a"",""seed"":20260912,""torch_version"":""2.14.0+cpu""}"
record:ced5889e5dcefe8db0c4d40632a9e8116a6d63c394085f05cf87fcc0d57b3e26,906814248684208129,indictrans2,ai4bharat/indictrans2-indic-en-1B,ai4bharat/indictrans2-indic-en-1B,Traffic Alert Traffic is disrupted on the route from Deepali Chowk to Madhuban Chowk due to an accident before Madhuban underpass.,SUCCESS,2026-09-12T19:40:45.150262+00:00,20260912_blind_v5,8d8f5fcab9e03c6a1dfc90d5a2bfc7a3f92959df7f202b8e9bd65a169f2d9337,895ac253262c328508ac76b51b45f2e92bf9332910d20fd6b5e64be15a248b18,c07dcdca6ed90770975f7d9d70d7f6b0ca9497d2cf520c0d2e24ff163e321c64,True,7.197647,,"{""actual_model"":""ai4bharat/indictrans2-indic-en-1B"",""decoding"":""beam search, no sampling; reproducibility limited to pinned environment/hardware"",""device"":""cpu"",""revision"":""ac3daf0ecd37be3b6957764a9179ab2b07fa9d6a"",""seed"":20260912,""torch_version"":""2.14.0+cpu""}"
record:cedeae9eb3f7b60670ccea56e9fd24421386febd5d069547bcaa8ca1f3ece486,1031116805543055361,indictrans2,ai4bharat/indictrans2-indic-en-1B,ai4bharat/indictrans2-indic-en-1B,Traffic Alert Traffic is affected due to waterlogging on Captain Gaur Marg in front of Okhla Mandi Gate No. 1!,SUCCESS,2026-09-12T19:40:52.348473+00:00,20260912_blind_v5,8d8f5fcab9e03c6a1dfc90d5a2bfc7a3f92959df7f202b8e9bd65a169f2d9337,2a839bf4ed295146cbc0551ecf66cf66cb65339faa3d60521cd1691c0d1d4b39,ce952a8234b98d933ecfad34b2297c34d07134b53248b9af5152b0a2bed80725,True,22.845195,,"{""actual_model"":""ai4bharat/indictrans2-indic-en-1B"",""decoding"":""beam search, no sampling; reproducibility limited to pinned environment/hardware"",""device"":""cpu"",""revision"":""ac3daf0ecd37be3b6957764a9179ab2b07fa9d6a"",""seed"":20260912,""torch_version"":""2.14.0+cpu""}"
record:ceea167d29566fa8b8d9bf6c13e0044461a53df23e6acec7a3822a82f3346a1f,918318448089841665,indictrans2,ai4bharat/indictrans2-indic-en-1B,ai4bharat/indictrans2-indic-en-1B,"Traffic Alert Due to NHAI work, Mayur Vihar Phase 2 underpass has been closed, due to which traffic will come from Ghazipur side.",SUCCESS,2026-09-12T19:41:15.189938+00:00,20260912_blind_v5,8d8f5fcab9e03c6a1dfc90d5a2bfc7a3f92959df7f202b8e9bd65a169f2d9337,c14aaf5868fb108ce694c764e96c0c913712dc0f291bbe19be74c6d3d4bca56a,f5ea9940905a50c259cafb3c4d2323d14117d9bbccb4655d1b928cd86e11b03a,True,30.550769,,"{""actual_model"":""ai4bharat/indictrans2-indic-en-1B"",""decoding"":""beam search, no sampling; reproducibility limited to pinned environment/hardware"",""device"":""cpu"",""revision"":""ac3daf0ecd37be3b6957764a9179ab2b07fa9d6a"",""seed"":20260912,""torch_version"":""2.14.0+cpu""}"
record:ceedeafc06cb4406189cedefdae36f02bfd0e5880fb010ef3379d561c87d9a69,590928734133297152,indictrans2,ai4bharat/indictrans2-indic-en-1B,ai4bharat/indictrans2-indic-en-1B,"Traffic Alert Traffic going from ISBT to Shastri Park has been diverted from ISBT due to jams, inconvenience is regretted.",SUCCESS,2026-09-12T19:41:45.742792+00:00,20260912_blind_v5,8d8f5fcab9e03c6a1dfc90d5a2bfc7a3f92959df7f202b8e9bd65a169f2d9337,e77151817222e0764b711241f0387e534fea2cc4be098cfc3abc9813206d91f8,288239554c7e6ea5a77aa7934d82599e80483258355c952c8920d9ee717f6c42,True,11.53324,,"{""actual_model"":""ai4bharat/indictrans2-indic-en-1B"",""decoding"":""beam search, no sampling; reproducibility limited to pinned environment/hardware"",""device"":""cpu"",""revision"":""ac3daf0ecd37be3b6957764a9179ab2b07fa9d6a"",""seed"":20260912,""torch_version"":""2.14.0+cpu""}"
record:cf877244b3a680a0679f628e548bfbbc1929ae937768116991c52973030fec92,849073335761817600,indictrans2,ai4bharat/indictrans2-indic-en-1B,ai4bharat/indictrans2-indic-en-1B,Part 1 / 2.. Traffic Alert The work of the elevated road at Barapullah in the carriage way from Nizamuddin to Mayur Vihar is underway.,SUCCESS,2026-09-12T19:41:57.276786+00:00,20260912_blind_v5,8d8f5fcab9e03c6a1dfc90d5a2bfc7a3f92959df7f202b8e9bd65a169f2d9337,4a520b6f67b55a4ebdda360fa854201d3412ed1a4fe9ab8ff8987b84c91551b8,1f7a4aa43dec71a5ac15c932015b1dc57a75eea95371726b3e4226affba29a38,True,15.463386,,"{""actual_model"":""ai4bharat/indictrans2-indic-en-1B"",""decoding"":""beam search, no sampling; reproducibility limited to pinned environment/hardware"",""device"":""cpu"",""revision"":""ac3daf0ecd37be3b6957764a9179ab2b07fa9d6a"",""seed"":20260912,""torch_version"":""2.14.0+cpu""}"
record:d005a82ecb6ad48c2ad333b9fabd628878be1088f4a368d9d5f8749f8e19b6e5,1017732619402907649,indictrans2,ai4bharat/indictrans2-indic-en-1B,ai4bharat/indictrans2-indic-en-1B,"Traffic Alert A tree has fallen on the Mahipalpur to Andheria Mod road, traffic is affected.",SUCCESS,2026-09-12T19:42:12.739321+00:00,20260912_blind_v5,8d8f5fcab9e03c6a1dfc90d5a2bfc7a3f92959df7f202b8e9bd65a169f2d9337,d48e766cb60007425ba99caab519d06e5e3cbb9711f1feb2926ddf9e246e4ccc,5ecfef8b30811f572f8fba3e67953ded0775f7fd433365216e92d5534bf69a23,True,18.82796,,"{""actual_model"":""ai4bharat/indictrans2-indic-en-1B"",""decoding"":""beam search, no sampling; reproducibility limited to pinned environment/hardware"",""device"":""cpu"",""revision"":""ac3daf0ecd37be3b6957764a9179ab2b07fa9d6a"",""seed"":20260912,""torch_version"":""2.14.0+cpu""}"
record:d00658935124b45812566126073d741b7a5957785fabc783fb104ce2f339db13,875900696201019394,indictrans2,ai4bharat/indictrans2-indic-en-1B,ai4bharat/indictrans2-indic-en-1B,Traffic Alert A truck that overturned on Naraina Flyover en route from Dhaula Kuan to Punjabi Bagh has now been removed.,SUCCESS,2026-09-12T19:42:31.568302+00:00,20260912_blind_v5,8d8f5fcab9e03c6a1dfc90d5a2bfc7a3f92959df7f202b8e9bd65a169f2d9337,827c297a528f39336d996f177540015a3fbfaf1bd0c63b583e266d58d48b9185,a8636c23232b969399daf5b37319f3255efb15652caddfb0432aaa1b0f4e8cf1,True,23.815165,,"{""actual_model"":""ai4bharat/indictrans2-indic-en-1B"",""decoding"":""beam search, no sampling; reproducibility limited to pinned environment/hardware"",""device"":""cpu"",""revision"":""ac3daf0ecd37be3b6957764a9179ab2b07fa9d6a"",""seed"":20260912,""torch_version"":""2.14.0+cpu""}"
record:d0a36e0607e59f357d5e0b3a339770d6eb743149b7a8751a0245b6105d09ff9e,1044187027279761408,indictrans2,ai4bharat/indictrans2-indic-en-1B,ai4bharat/indictrans2-indic-en-1B,"Traffic Alert A car has caught fire on the way from Geeta Colony to Shanti Van, due to which traffic is affected.",SUCCESS,2026-09-12T19:42:55.380186+00:00,20260912_blind_v5,8d8f5fcab9e03c6a1dfc90d5a2bfc7a3f92959df7f202b8e9bd65a169f2d9337,055ae1adc55b0f69d5c1eeec39ac72016f86539d2b9d0b611e7b384eefb20164,ad0db01faab1f24de6ce6df0fd9b95de492f98bd81318b6756f15d735028d8ef,True,17.272613,,"{""actual_model"":""ai4bharat/indictrans2-indic-en-1B"",""decoding"":""beam search, no sampling; reproducibility limited to pinned environment/hardware"",""device"":""cpu"",""revision"":""ac3daf0ecd37be3b6957764a9179ab2b07fa9d6a"",""seed"":20260912,""torch_version"":""2.14.0+cpu""}"
record:d0f9e0c9c0b2e00d4dfbe6a395bb9e7286bc166950e17a249b8e82dabaf5e5c5,1089416425804976128,indictrans2,ai4bharat/indictrans2-indic-en-1B,ai4bharat/indictrans2-indic-en-1B,"School children have come to see the Traffic Alert Police Memorial, so school buses were parked on Kautilya Marg, due to which traffic is disrupted here.",SUCCESS,2026-09-12T19:43:12.659876+00:00,20260912_blind_v5,8d8f5fcab9e03c6a1dfc90d5a2bfc7a3f92959df7f202b8e9bd65a169f2d9337,dfd5d6ae4c4879b9d7b043a7f9625b31a283d2ed0cfee85f6aabeff39779459f,0506fab31ecf86b26d1b3bb01a2afed2c787710efa494d725de4eb8524414877,True,8.577163,,"{""actual_model"":""ai4bharat/indictrans2-indic-en-1B"",""decoding"":""beam search, no sampling; reproducibility limited to pinned environment/hardware"",""device"":""cpu"",""revision"":""ac3daf0ecd37be3b6957764a9179ab2b07fa9d6a"",""seed"":20260912,""torch_version"":""2.14.0+cpu""}"
record:d11db7c016062073c8080e3dcb335db9c166551a0979b0ec840e34889e55923e,582780438046982145,indictrans2,ai4bharat/indictrans2-indic-en-1B,ai4bharat/indictrans2-indic-en-1B,Traffic Alert The MCD workers who were sitting on a dharna at the Loni under-flyover have now been lifted from the sit-in. Traffic will be back to normal soon.,SUCCESS,2026-09-12T19:43:21.235059+00:00,20260912_blind_v5,8d8f5fcab9e03c6a1dfc90d5a2bfc7a3f92959df7f202b8e9bd65a169f2d9337,cde7aafcaa1a161dfd937df620865988bfba46851f6586a51a04902bc55b136d,8cba1d65ef90cc405c900d9893e944235ad934c3f53a1e6fbcf85e02bb790e73,True,28.438629,,"{""actual_model"":""ai4bharat/indictrans2-indic-en-1B"",""decoding"":""beam search, no sampling; reproducibility limited to pinned environment/hardware"",""device"":""cpu"",""revision"":""ac3daf0ecd37be3b6957764a9179ab2b07fa9d6a"",""seed"":20260912,""torch_version"":""2.14.0+cpu""}"
record:d1bbbee00fbb9b3a8a5a8d588d0e0ed7b58622c7645562d3080339b623294618,1089461350424702976,indictrans2,ai4bharat/indictrans2-indic-en-1B,ai4bharat/indictrans2-indic-en-1B,"Traffic Alert The road has been broken during the construction of the subway in Mahipalpur, which is under repair, due to which traffic is disrupted.",SUCCESS,2026-09-12T19:43:49.675934+00:00,20260912_blind_v5,8d8f5fcab9e03c6a1dfc90d5a2bfc7a3f92959df7f202b8e9bd65a169f2d9337,d5d220647d6188e4a4ca8a71c55bb01c64e39a2357f5f51b993962c05c551bba,30e530e3baaa775196e7f9f2219adc13390af46f5f375d9a2e478f0516ad8076,True,26.504343,,"{""actual_model"":""ai4bharat/indictrans2-indic-en-1B"",""decoding"":""beam search, no sampling; reproducibility limited to pinned environment/hardware"",""device"":""cpu"",""revision"":""ac3daf0ecd37be3b6957764a9179ab2b07fa9d6a"",""seed"":20260912,""torch_version"":""2.14.0+cpu""}"
record:d2341ca2c0d1cfd83aa037a2fd41f11166fbccd9e8ef0cb54feae34809618d15,1069458405004197888,indictrans2,ai4bharat/indictrans2-indic-en-1B,ai4bharat/indictrans2-indic-en-1B,"Traffic Alert A truck full of rods has overturned on the way from Lado Sarai to Saket, scattered on the rody road, disrupting traffic on the onward route. pic.twitter.com/B7570K81cc",SUCCESS,2026-09-12T19:44:16.180447+00:00,20260912_blind_v5,8d8f5fcab9e03c6a1dfc90d5a2bfc7a3f92959df7f202b8e9bd65a169f2d9337,fb934677510259a90fdd8f52d380b0682562c3f5f6efe5966b50ad56296947bf,93d668ec4a84a3e03ffae2f32d8722f138791ec25a54d55dd144ecd8fda1b1c9,True,12.141351,,"{""actual_model"":""ai4bharat/indictrans2-indic-en-1B"",""decoding"":""beam search, no sampling; reproducibility limited to pinned environment/hardware"",""device"":""cpu"",""revision"":""ac3daf0ecd37be3b6957764a9179ab2b07fa9d6a"",""seed"":20260912,""torch_version"":""2.14.0+cpu""}"
record:d268a9e9000a2317fca9c40beb7ec878df92111cee8294a4a51233e0c4059507,917632302854709248,indictrans2,ai4bharat/indictrans2-indic-en-1B,ai4bharat/indictrans2-indic-en-1B,Traffic Alert 1 / 2 Veer Singh Marg has been closed from both sides due to the rally which will pass from Gole Market to Kalibari T-point and Bhagat Singh Marg.,SUCCESS,2026-09-12T19:44:28.322000+00:00,20260912_blind_v5,8d8f5fcab9e03c6a1dfc90d5a2bfc7a3f92959df7f202b8e9bd65a169f2d9337,ccbbac1e063baf18f7916bc1ef1b8b7e12f8f84dbf712a969532dc19a41ce9da,baf8faa558b654c8e8de51db5e387adb2bc553ca5b11d5d2f2293011b5335d84,True,26.559055,,"{""actual_model"":""ai4bharat/indictrans2-indic-en-1B"",""decoding"":""beam search, no sampling; reproducibility limited to pinned environment/hardware"",""device"":""cpu"",""revision"":""ac3daf0ecd37be3b6957764a9179ab2b07fa9d6a"",""seed"":20260912,""torch_version"":""2.14.0+cpu""}"
record:d3251440f669454e71d6d4674a1c7982019feed91e924d49ad898fc04dc53f57,1068506038016471041,indictrans2,ai4bharat/indictrans2-indic-en-1B,ai4bharat/indictrans2-indic-en-1B,Traffic Alert A tree that had fallen on Bawana Road en route from Narela Sabzi Mandi to Anaj Mandi has been removed.,SUCCESS,2026-09-12T19:44:54.882247+00:00,20260912_blind_v5,8d8f5fcab9e03c6a1dfc90d5a2bfc7a3f92959df7f202b8e9bd65a169f2d9337,a5afe809fc4cf65a9eb0294aa6c3c1b910ecf49617b0851d959c27acc622e033,49bd424a2e50df9debfdc1c1804e1a1f03d046637aff6fa52135d0c6fae77d6b,True,24.749759,,"{""actual_model"":""ai4bharat/indictrans2-indic-en-1B"",""decoding"":""beam search, no sampling; reproducibility limited to pinned environment/hardware"",""device"":""cpu"",""revision"":""ac3daf0ecd37be3b6957764a9179ab2b07fa9d6a"",""seed"":20260912,""torch_version"":""2.14.0+cpu""}"
record:d35b9fd32edb0e1cb1be42217194a4df3d8132699865d0ae174fa97eeaa2250e,850181907492950017,indictrans2,ai4bharat/indictrans2-indic-en-1B,ai4bharat/indictrans2-indic-en-1B,"Traffic Alert MCD's road repair work at Barf Khana Chowk will last for 15 days, due to which 1 / 2 on Sarai Phoos Road going from Khanna Market to Barf Khana",SUCCESS,2026-09-12T19:45:19.628499+00:00,20260912_blind_v5,8d8f5fcab9e03c6a1dfc90d5a2bfc7a3f92959df7f202b8e9bd65a169f2d9337,8ece1bfade19025ab1e2a5c8e1a20618f9ea5eb06edb7eeb15b8de5adb9200b6,b057eda44057b6277ff6ba8df63185243744fd6c119a9ddd075d31b6c61565c0,True,24.403547,,"{""actual_model"":""ai4bharat/indictrans2-indic-en-1B"",""decoding"":""beam search, no sampling; reproducibility limited to pinned environment/hardware"",""device"":""cpu"",""revision"":""ac3daf0ecd37be3b6957764a9179ab2b07fa9d6a"",""seed"":20260912,""torch_version"":""2.14.0+cpu""}"
record:d36f8d5489626f2edf0e21589a1f83aae990f491206ca5b310095c8e19c14f38,931195745733980160,indictrans2,ai4bharat/indictrans2-indic-en-1B,ai4bharat/indictrans2-indic-en-1B,Traffic Alert Traffic is affected on NH-8 Toll Tax due to long queue of vehicles on Haryana side.,SUCCESS,2026-09-12T19:45:44.028732+00:00,20260912_blind_v5,8d8f5fcab9e03c6a1dfc90d5a2bfc7a3f92959df7f202b8e9bd65a169f2d9337,1c4648b8122a6cb476f0a1a355c188af082cb91a998cba88fe972cc0ab1fbce7,ae457c918d98203f4d9165b6e536140b4f6a98141c27e821288039db6f928424,True,5.773872,,"{""actual_model"":""ai4bharat/indictrans2-indic-en-1B"",""decoding"":""beam search, no sampling; reproducibility limited to pinned environment/hardware"",""device"":""cpu"",""revision"":""ac3daf0ecd37be3b6957764a9179ab2b07fa9d6a"",""seed"":20260912,""torch_version"":""2.14.0+cpu""}"
record:d44ad95da012828a351d188e95061e458f32938ad94fc49a867c3410a4e8df04,1096606228011204608,indictrans2,ai4bharat/indictrans2-indic-en-1B,ai4bharat/indictrans2-indic-en-1B,"Traffic Alert Wazirabad Bridge has been closed for repair work which will last for three months, motorists going towards Wazirabad, ISBT Kashmere Gate, Civil Lines are requested to take Signature Bridge or Shastri Park.",SUCCESS,2026-09-12T19:45:49.810109+00:00,20260912_blind_v5,8d8f5fcab9e03c6a1dfc90d5a2bfc7a3f92959df7f202b8e9bd65a169f2d9337,7deaea4741b351b7b6a64a4405c9e22e2cd972e74fe16d72292ec14a8d01c98e,71797975ecf5c792529259c4431ceaf4399821cb39850ea20533f1aa3c4ca77c,True,40.651005,,"{""actual_model"":""ai4bharat/indictrans2-indic-en-1B"",""decoding"":""beam search, no sampling; reproducibility limited to pinned environment/hardware"",""device"":""cpu"",""revision"":""ac3daf0ecd37be3b6957764a9179ab2b07fa9d6a"",""seed"":20260912,""torch_version"":""2.14.0+cpu""}"
record:d4aae78733e25968867a400ed9fc4976e26c9454bea851dd74fa2083df6aecc7,907803214048747521,indictrans2,ai4bharat/indictrans2-indic-en-1B,ai4bharat/indictrans2-indic-en-1B,"Traffic Alert A tree has fallen near Satya Niketan bus stop on the route from Vasant Vihar to Moti Bagh, disrupting traffic.",SUCCESS,2026-09-12T19:46:30.459967+00:00,20260912_blind_v5,8d8f5fcab9e03c6a1dfc90d5a2bfc7a3f92959df7f202b8e9bd65a169f2d9337,9fa3cab598eb806e68367c8b0c97b0046962e7e329d09c3b01de71ad14a60579,7ee7c752d19b6b947165dd66043347a7ce695bab8b4ca31a52d0fde493656589,True,25.582136,,"{""actual_model"":""ai4bharat/indictrans2-indic-en-1B"",""decoding"":""beam search, no sampling; reproducibility limited to pinned environment/hardware"",""device"":""cpu"",""revision"":""ac3daf0ecd37be3b6957764a9179ab2b07fa9d6a"",""seed"":20260912,""torch_version"":""2.14.0+cpu""}"
record:d4ab965ec297dbcc506ce229549eca89599f16c34d675409a2394d89dc44fc67,1087577464639877121,indictrans2,ai4bharat/indictrans2-indic-en-1B,ai4bharat/indictrans2-indic-en-1B,Traffic Alert Traffic is blocked on the road from Barapullah towards INA due to road caving in. Please avoid using this route.,SUCCESS,2026-09-12T19:46:56.043555+00:00,20260912_blind_v5,8d8f5fcab9e03c6a1dfc90d5a2bfc7a3f92959df7f202b8e9bd65a169f2d9337,ad2cb9fdeaebbf9c19b2482c2c7e75a4c169c6bbc19d2becc5be8f3ab9dd17e8,eb0382348865672e715692ac2eda8d51ca13dcf793598f35abbd3785524830c3,True,8.803393,,"{""actual_model"":""ai4bharat/indictrans2-indic-en-1B"",""decoding"":""beam search, no sampling; reproducibility limited to pinned environment/hardware"",""device"":""cpu"",""revision"":""ac3daf0ecd37be3b6957764a9179ab2b07fa9d6a"",""seed"":20260912,""torch_version"":""2.14.0+cpu""}"
record:d59c252656ce41313fea3d07418a22f65a0cc3a3ac85847d75f80f92ed147311,780655515328188416,indictrans2,ai4bharat/indictrans2-indic-en-1B,ai4bharat/indictrans2-indic-en-1B,Traffic Alert Traffic on the road from Peeragarhi to Nagloi is disrupted due to a sit-in protest near Surajmal Stadium.,SUCCESS,2026-09-12T19:47:04.844891+00:00,20260912_blind_v5,8d8f5fcab9e03c6a1dfc90d5a2bfc7a3f92959df7f202b8e9bd65a169f2d9337,b784522aff18c6e139d0c06bc36b34f3a3de746a9ed8adb961a998600b0f301b,b862e7d1931b6261fcb8add1dba9c0cf4e5859e638d210e0d9d808bc1e4b1d8c,True,8.50112,,"{""actual_model"":""ai4bharat/indictrans2-indic-en-1B"",""decoding"":""beam search, no sampling; reproducibility limited to pinned environment/hardware"",""device"":""cpu"",""revision"":""ac3daf0ecd37be3b6957764a9179ab2b07fa9d6a"",""seed"":20260912,""torch_version"":""2.14.0+cpu""}"
record:d642dde34793d2c6396f07eb8f202b37c5b22052c142756a8db3913cfdaa15e8,544738659027537920,indictrans2,ai4bharat/indictrans2-indic-en-1B,ai4bharat/indictrans2-indic-en-1B,Traffic Alert Today\ u093Cad Market towards Eidgah which was waterlogged yesterday has been cleared.,SUCCESS,2026-09-12T19:47:13.347979+00:00,20260912_blind_v5,8d8f5fcab9e03c6a1dfc90d5a2bfc7a3f92959df7f202b8e9bd65a169f2d9337,e354fad47c7c76f1708ee6db9dcdf2c6677f5ea5097df6a8ae2e81d787cae1f6,880911babafb4f25ec068eefa148c26144852ebe40ab6d59ad94d4b6f28f7321,True,6.384574,,"{""actual_model"":""ai4bharat/indictrans2-indic-en-1B"",""decoding"":""beam search, no sampling; reproducibility limited to pinned environment/hardware"",""device"":""cpu"",""revision"":""ac3daf0ecd37be3b6957764a9179ab2b07fa9d6a"",""seed"":20260912,""torch_version"":""2.14.0+cpu""}"
record:d6c991350b25a5eef3d31c6bfc26a7c83190976a42eb0bb6b60f3c4f22db6658,1036507271302340609,indictrans2,ai4bharat/indictrans2-indic-en-1B,ai4bharat/indictrans2-indic-en-1B,Traffic Alert: Traffic on Indramohan Bhardwaj Marg Kalindi Kunj is disrupted due to waterlogging!,SUCCESS,2026-09-12T19:47:19.733656+00:00,20260912_blind_v5,8d8f5fcab9e03c6a1dfc90d5a2bfc7a3f92959df7f202b8e9bd65a169f2d9337,ac8bbb3edefde3f21fc62bf4aad8b0460783acc07d2d23fe2a602b054023ba51,455b88dfeeed2a953ebdc1ecd922bc1c65a162ab20e97a61f5504ec2c1cecd0d,True,18.562255,,"{""actual_model"":""ai4bharat/indictrans2-indic-en-1B"",""decoding"":""beam search, no sampling; reproducibility limited to pinned environment/hardware"",""device"":""cpu"",""revision"":""ac3daf0ecd37be3b6957764a9179ab2b07fa9d6a"",""seed"":20260912,""torch_version"":""2.14.0+cpu""}"
record:d6d6a30d060bb30fc0b756f510eb5c1b9057c3f62a278e787c91d24ab7f90803,1039426099724214272,indictrans2,ai4bharat/indictrans2-indic-en-1B,ai4bharat/indictrans2-indic-en-1B,"Traffic Alert A water pipeline has burst on Baba Kharak Singh Marg going from Gol Dakhana to Connaught Place, NDMC officials are working, due to which traffic is heavy.",SUCCESS,2026-09-12T19:47:38.295186+00:00,20260912_blind_v5,8d8f5fcab9e03c6a1dfc90d5a2bfc7a3f92959df7f202b8e9bd65a169f2d9337,c127a83b53c4e1264d6e9a5e875e56c00de9bba6bde17c34e1a1743338ac716b,89a76508a5db063875874588657ac5eba29f55f3396e6f5c8cc15747c04e66cb,True,37.416368,,"{""actual_model"":""ai4bharat/indictrans2-indic-en-1B"",""decoding"":""beam search, no sampling; reproducibility limited to pinned environment/hardware"",""device"":""cpu"",""revision"":""ac3daf0ecd37be3b6957764a9179ab2b07fa9d6a"",""seed"":20260912,""torch_version"":""2.14.0+cpu""}"
record:d6e20b0fbf3938142eccfa2880d7833fd6a334a6ea7214b118949321c587b929,619803104549163008,indictrans2,ai4bharat/indictrans2-indic-en-1B,ai4bharat/indictrans2-indic-en-1B,Traffic Alert Traffic affected at Archana T-Point due to falling of Ped\ u093C. Sorry for the inconvenience.,SUCCESS,2026-09-12T19:48:15.712960+00:00,20260912_blind_v5,8d8f5fcab9e03c6a1dfc90d5a2bfc7a3f92959df7f202b8e9bd65a169f2d9337,f6777d0c27446b1cbf8137f2778a24981e897f28f47fcf8a14020becf1886ff2,76adab8eace1becda2c68c8970702c24f61f094a9ef10b2a78def5015502d85e,True,20.500993,,"{""actual_model"":""ai4bharat/indictrans2-indic-en-1B"",""decoding"":""beam search, no sampling; reproducibility limited to pinned environment/hardware"",""device"":""cpu"",""revision"":""ac3daf0ecd37be3b6957764a9179ab2b07fa9d6a"",""seed"":20260912,""torch_version"":""2.14.0+cpu""}"
record:d7670c2c5e03cb5c4e8b6a862972570f3a709b8fa8c1c8c97b4ab39f82c7ff5f,1034290389530726401,indictrans2,ai4bharat/indictrans2-indic-en-1B,ai4bharat/indictrans2-indic-en-1B,Traffic Alert Traffic is affected due to waterlogging on the route from Mundka to Rajdhani Park.,SUCCESS,2026-09-12T19:48:36.211991+00:00,20260912_blind_v5,8d8f5fcab9e03c6a1dfc90d5a2bfc7a3f92959df7f202b8e9bd65a169f2d9337,ca7cfa7e8aad02d159aff314f766cfdf355db17788e4d009f5d4a8e6ef22a911,1a5948e80b3dda1e15373c3654227d0c72ffd8b98d9b2f6a6a6dcb59132196f9,True,6.132183,,"{""actual_model"":""ai4bharat/indictrans2-indic-en-1B"",""decoding"":""beam search, no sampling; reproducibility limited to pinned environment/hardware"",""device"":""cpu"",""revision"":""ac3daf0ecd37be3b6957764a9179ab2b07fa9d6a"",""seed"":20260912,""torch_version"":""2.14.0+cpu""}"
record:d77532c43273580a09bc9094c0f30660fa5dcbce90fb7e836155de1e817a465c,853947915655458816,indictrans2,ai4bharat/indictrans2-indic-en-1B,ai4bharat/indictrans2-indic-en-1B,Traffic Alert There is a traffic obstruction on the way from Madhuban Chowk to Ashiana Chowk due to a car on fire!,SUCCESS,2026-09-12T19:48:42.343543+00:00,20260912_blind_v5,8d8f5fcab9e03c6a1dfc90d5a2bfc7a3f92959df7f202b8e9bd65a169f2d9337,2e463e333f1337120d9a40de898c3e8f3e50d67debd2313105d1fbf8ad0583cb,a623fc0649460d30e7b0ef6f297d5e9753af70f6cf7973f9f737250fd1d029e1,True,7.626967,,"{""actual_model"":""ai4bharat/indictrans2-indic-en-1B"",""decoding"":""beam search, no sampling; reproducibility limited to pinned environment/hardware"",""device"":""cpu"",""revision"":""ac3daf0ecd37be3b6957764a9179ab2b07fa9d6a"",""seed"":20260912,""torch_version"":""2.14.0+cpu""}"
record:d7ae97307e0483f815452054f4cbd2b7b0815986259355be04e93ded583faf5f,580353935526899712,indictrans2,ai4bharat/indictrans2-indic-en-1B,ai4bharat/indictrans2-indic-en-1B,"Traffic Alert A DTC bus on Mother Teresa contest road from RML towards 11 Murti is faulty due to which there is heavy traffic, sorry for the inconvenience.",SUCCESS,2026-09-12T19:48:49.960183+00:00,20260912_blind_v5,8d8f5fcab9e03c6a1dfc90d5a2bfc7a3f92959df7f202b8e9bd65a169f2d9337,109b221e4fbe63afbbf7445ca4253620b378ab87b378df468b8b5ee0d5c357f4,516dc5e59fe17dcfb56f3a8fb7eebb150290fb5e1976f77feae70e9e41875dfc,True,15.783082,,"{""actual_model"":""ai4bharat/indictrans2-indic-en-1B"",""decoding"":""beam search, no sampling; reproducibility limited to pinned environment/hardware"",""device"":""cpu"",""revision"":""ac3daf0ecd37be3b6957764a9179ab2b07fa9d6a"",""seed"":20260912,""torch_version"":""2.14.0+cpu""}"
record:d7e71b1df0386620fd9c81ec4144399677925f48debbbf13ce3c466bb4e93faf,613932865206792192,indictrans2,ai4bharat/indictrans2-indic-en-1B,ai4bharat/indictrans2-indic-en-1B,Traffic Alert Traffic has been diverted between Aurobindo Chowk and R / A Tughlaq Road. Sorry for the inconvenience.,SUCCESS,2026-09-12T19:49:05.756973+00:00,20260912_blind_v5,8d8f5fcab9e03c6a1dfc90d5a2bfc7a3f92959df7f202b8e9bd65a169f2d9337,6436c137a9fce37f517e0d3ed3359bf4b5ecdf9b52289a8cf2317aa3789627bb,c3eec090002b5634168a7b996c59f5f6a24d96c7479a995ea6a1c1c50f473947,True,27.326594,,"{""actual_model"":""ai4bharat/indictrans2-indic-en-1B"",""decoding"":""beam search, no sampling; reproducibility limited to pinned environment/hardware"",""device"":""cpu"",""revision"":""ac3daf0ecd37be3b6957764a9179ab2b07fa9d6a"",""seed"":20260912,""torch_version"":""2.14.0+cpu""}"
record:d7ea177930b2fde0578b515fb5498c1feda61f56e7c914879d342c41924dd8d7,1095022552915730432,indictrans2,ai4bharat/indictrans2-indic-en-1B,ai4bharat/indictrans2-indic-en-1B,Traffic Alert Traffic has been diverted from Mayapuri Chowk towards Kirti Nagar due to the collapse of High Mast Lighting Pole en route from Mayapuri Metro Station to Dhaula Kuan.,SUCCESS,2026-09-12T19:49:33.072341+00:00,20260912_blind_v5,8d8f5fcab9e03c6a1dfc90d5a2bfc7a3f92959df7f202b8e9bd65a169f2d9337,d57e42e0a7a3dd343f46f97d5ab25d0e1e3321ca343552e6627172c0bb1f4198,e0e9c1521c3a2977e283ccd3c0ae1f5e156fb81e000fef2b5fa15094bc08a590,True,41.783363,,"{""actual_model"":""ai4bharat/indictrans2-indic-en-1B"",""decoding"":""beam search, no sampling; reproducibility limited to pinned environment/hardware"",""device"":""cpu"",""revision"":""ac3daf0ecd37be3b6957764a9179ab2b07fa9d6a"",""seed"":20260912,""torch_version"":""2.14.0+cpu""}"
record:d8014cb186be38d9a731299384065fb168cc680d77538f685f5cfdcd750ce157,1069567571270164480,indictrans2,ai4bharat/indictrans2-indic-en-1B,ai4bharat/indictrans2-indic-en-1B,"Traffic Alert A truck full of rods had overturned on the way from Lado Sarai to Saket, the rods were scattered on the road which has been removed and traffic is normal now.",SUCCESS,2026-09-12T19:50:14.861423+00:00,20260912_blind_v5,8d8f5fcab9e03c6a1dfc90d5a2bfc7a3f92959df7f202b8e9bd65a169f2d9337,29325e8aa324e0e973bc63386bd0ea512ed07f174ceca37a644a75983cd5be86,b46ca30577dc8ea6ef2fa0402aaf64d7066eddaa8f6ad52bdcd994ca7745e38f,True,15.884807,,"{""actual_model"":""ai4bharat/indictrans2-indic-en-1B"",""decoding"":""beam search, no sampling; reproducibility limited to pinned environment/hardware"",""device"":""cpu"",""revision"":""ac3daf0ecd37be3b6957764a9179ab2b07fa9d6a"",""seed"":20260912,""torch_version"":""2.14.0+cpu""}"
record:d82acdbb1ef4de57904987636c49b02e448f2ee014d5e03a1d1d0bdf472f9cc9,1059273611884654592,indictrans2,ai4bharat/indictrans2-indic-en-1B,ai4bharat/indictrans2-indic-en-1B,"Traffic Alert A truck has overturned on the way from Sarita Vihar to Kalindi Kunj, due to which traffic is disrupted.",SUCCESS,2026-09-12T19:50:30.746479+00:00,20260912_blind_v5,8d8f5fcab9e03c6a1dfc90d5a2bfc7a3f92959df7f202b8e9bd65a169f2d9337,d457d4b80831cacdc2075668013655ee2a7dd93b4af91f61412829da45d59e94,dc853ef299543544f02c05892e9dea0d301dbcd04a7c5c9e80404f2afa892b11,True,7.722004,,"{""actual_model"":""ai4bharat/indictrans2-indic-en-1B"",""decoding"":""beam search, no sampling; reproducibility limited to pinned environment/hardware"",""device"":""cpu"",""revision"":""ac3daf0ecd37be3b6957764a9179ab2b07fa9d6a"",""seed"":20260912,""torch_version"":""2.14.0+cpu""}"
record:d846a757c5ebc7a7f41ab62b221fba91c6d7903f633aa9f12633f463e252cdb7,863974410314579973,indictrans2,ai4bharat/indictrans2-indic-en-1B,ai4bharat/indictrans2-indic-en-1B,"Traffic Alert A tree has fallen near Royal Plaza on the route from Windsor Place to Ashoka Road, disrupting traffic.",SUCCESS,2026-09-12T19:50:38.473983+00:00,20260912_blind_v5,8d8f5fcab9e03c6a1dfc90d5a2bfc7a3f92959df7f202b8e9bd65a169f2d9337,00e89571cc2412e530019bf8a04e8124c5829514ffc6eac68ed79b7cae88c0a1,9fc622d1665b8e4285b8ae6cdf23840a19310acd0ec1d496a8a8e71bdcdb4a97,True,11.422312,,"{""actual_model"":""ai4bharat/indictrans2-indic-en-1B"",""decoding"":""beam search, no sampling; reproducibility limited to pinned environment/hardware"",""device"":""cpu"",""revision"":""ac3daf0ecd37be3b6957764a9179ab2b07fa9d6a"",""seed"":20260912,""torch_version"":""2.14.0+cpu""}"
record:d86ad5e1a56014ae835eee3993f85e01db72932f4808eb0f9b581ce470227a56,832034997053775872,indictrans2,ai4bharat/indictrans2-indic-en-1B,ai4bharat/indictrans2-indic-en-1B,"Traffic Alert PWD's sewer cleaning work on the route from Hamdard to Khanpur will last for 15 days, due to which traffic will be high on this route!",SUCCESS,2026-09-12T19:50:49.891580+00:00,20260912_blind_v5,8d8f5fcab9e03c6a1dfc90d5a2bfc7a3f92959df7f202b8e9bd65a169f2d9337,f5a04f1efbf6efabb7ff9a08570765327b5a138d71455fc3457345a895070b89,08a70c2abcade5c46ea49fd9f03c4c24726f193ac73b626258d3c0a6b58a46a8,True,36.060178,,"{""actual_model"":""ai4bharat/indictrans2-indic-en-1B"",""decoding"":""beam search, no sampling; reproducibility limited to pinned environment/hardware"",""device"":""cpu"",""revision"":""ac3daf0ecd37be3b6957764a9179ab2b07fa9d6a"",""seed"":20260912,""torch_version"":""2.14.0+cpu""}"
record:d8e88605dd0a8f68759e1d5ad509d7e838137df2126b624aeebb7815b2fa796e,574176940954796032,indictrans2,ai4bharat/indictrans2-indic-en-1B,ai4bharat/indictrans2-indic-en-1B,"Traffic Alert Jagatpuri Red Light to Kad\ u093Cd\ u093Cd The road to and from Dumma Court is waterlogged, traffic is heavy.",SUCCESS,2026-09-12T19:51:25.954199+00:00,20260912_blind_v5,8d8f5fcab9e03c6a1dfc90d5a2bfc7a3f92959df7f202b8e9bd65a169f2d9337,ba8d46941666800841a899d7b1e056d8dee33d7822d45441dd6ad7f95eb4409c,6995789bcb8b1f46bb0fb387734e0159eaf15253d72387c158ec89e9c4247cfb,True,37.992136,,"{""actual_model"":""ai4bharat/indictrans2-indic-en-1B"",""decoding"":""beam search, no sampling; reproducibility limited to pinned environment/hardware"",""device"":""cpu"",""revision"":""ac3daf0ecd37be3b6957764a9179ab2b07fa9d6a"",""seed"":20260912,""torch_version"":""2.14.0+cpu""}"
record:d980ff6f1eeb28528641e5d73b4ace5cbcac10e510fbbea50183e96f25b0c8ce,961782061408206849,indictrans2,ai4bharat/indictrans2-indic-en-1B,ai4bharat/indictrans2-indic-en-1B,Traffic Alert A truck has overturned on Parade Road Gurgaon Road (GGR PDR) en route from Vasant Vihar to Gurugram.,SUCCESS,2026-09-12T19:52:03.949049+00:00,20260912_blind_v5,8d8f5fcab9e03c6a1dfc90d5a2bfc7a3f92959df7f202b8e9bd65a169f2d9337,86b5e6bd743a4b1d63d56cab37d490de474a37a3437f9650d58715e901e90aae,3e623fd67db62717c28b5333e3c10954465e25c7c9d9b1e50132e721148961fc,True,7.938331,,"{""actual_model"":""ai4bharat/indictrans2-indic-en-1B"",""decoding"":""beam search, no sampling; reproducibility limited to pinned environment/hardware"",""device"":""cpu"",""revision"":""ac3daf0ecd37be3b6957764a9179ab2b07fa9d6a"",""seed"":20260912,""torch_version"":""2.14.0+cpu""}"
record:da3080d5e3470665380cba698472507c7290479c4db7aff5f60a38e59468d36d,1077457765822414853,indictrans2,ai4bharat/indictrans2-indic-en-1B,ai4bharat/indictrans2-indic-en-1B,"Traffic Alert: Shobha Yatra will be taken out from Ajmeri Gate Chowk to Ramlila Maidan, due to which there will be more traffic.",SUCCESS,2026-09-12T19:52:11.880423+00:00,20260912_blind_v5,8d8f5fcab9e03c6a1dfc90d5a2bfc7a3f92959df7f202b8e9bd65a169f2d9337,c1d1cb0195877ff78979b25b8d5df6dad5f17becfdf77657ff29593cea3a62fd,5cacc3b5ea53bae108c98c3aaefe93c2692b5109c8ba4301335c229a627ed482,True,7.991327,,"{""actual_model"":""ai4bharat/indictrans2-indic-en-1B"",""decoding"":""beam search, no sampling; reproducibility limited to pinned environment/hardware"",""device"":""cpu"",""revision"":""ac3daf0ecd37be3b6957764a9179ab2b07fa9d6a"",""seed"":20260912,""torch_version"":""2.14.0+cpu""}"
record:dc95e7d97ecda6e81936d216a75363a2dcee00944e0faa675889306dbc470ab1,1085467746601705472,indictrans2,ai4bharat/indictrans2-indic-en-1B,ai4bharat/indictrans2-indic-en-1B,Traffic Alert: Raja Garden Flyover en route from Mayapuri to Punjabi Bagh is under repair due to which traffic is affected.,SUCCESS,2026-09-12T19:52:19.876889+00:00,20260912_blind_v5,8d8f5fcab9e03c6a1dfc90d5a2bfc7a3f92959df7f202b8e9bd65a169f2d9337,0455d626d7fc44ed9304ea346e381c27d56c3863989d054a0111293ed5152842,23753b67872076a4e5368219f1d0e1759d15ed0a94725998513b756d1f37507b,True,7.941922,,"{""actual_model"":""ai4bharat/indictrans2-indic-en-1B"",""decoding"":""beam search, no sampling; reproducibility limited to pinned environment/hardware"",""device"":""cpu"",""revision"":""ac3daf0ecd37be3b6957764a9179ab2b07fa9d6a"",""seed"":20260912,""torch_version"":""2.14.0+cpu""}"
record:ddc0dad9da271a6f1f5298b06e48e75897baea688b1cc306e3f10a8998584aa8,579544338511822848,indictrans2,ai4bharat/indictrans2-indic-en-1B,ai4bharat/indictrans2-indic-en-1B,"Traffic Alert Traffic is heavy between Khanpur to Saket metro station due to DTC bus fire, sorry for the inconvenience.",SUCCESS,2026-09-12T19:52:27.821268+00:00,20260912_blind_v5,8d8f5fcab9e03c6a1dfc90d5a2bfc7a3f92959df7f202b8e9bd65a169f2d9337,36fbb992a62f5f5e1b0c2a87b151d930c307605128ff9f6e64da3a9d25c5b1e5,bebcead286dba4de5e5698dc8cd438a0b22198dfd2fc1258ea758d9290460fef,True,25.84021,,"{""actual_model"":""ai4bharat/indictrans2-indic-en-1B"",""decoding"":""beam search, no sampling; reproducibility limited to pinned environment/hardware"",""device"":""cpu"",""revision"":""ac3daf0ecd37be3b6957764a9179ab2b07fa9d6a"",""seed"":20260912,""torch_version"":""2.14.0+cpu""}"
record:de34d6978f61adac998267f610715175decc64cb3bd13bbb76cb7a8aa5ef88fc,590746754104057856,indictrans2,ai4bharat/indictrans2-indic-en-1B,ai4bharat/indictrans2-indic-en-1B,"Traffic Alert Both carriageways of Jasola Road to Sain Bagh Road No. 13 have been blocked by the general public, sorry for the inconvenience.",SUCCESS,2026-09-12T19:52:53.658157+00:00,20260912_blind_v5,8d8f5fcab9e03c6a1dfc90d5a2bfc7a3f92959df7f202b8e9bd65a169f2d9337,27a736e7e69059d8888110f84952040a6e3bfd92565a82063ecc8c4ed689462e,5f2dc20579220b55e75cd171a868205c92c02cc87d42625d1b17411fd7af6cfa,True,56.920911,,"{""actual_model"":""ai4bharat/indictrans2-indic-en-1B"",""decoding"":""beam search, no sampling; reproducibility limited to pinned environment/hardware"",""device"":""cpu"",""revision"":""ac3daf0ecd37be3b6957764a9179ab2b07fa9d6a"",""seed"":20260912,""torch_version"":""2.14.0+cpu""}"
record:de7b752c5182bb0c7e49265e8cb29c9180fca34028222d84eddc9d6fedfe51ac,1072346356365316096,indictrans2,ai4bharat/indictrans2-indic-en-1B,ai4bharat/indictrans2-indic-en-1B,Traffic Alert The truck that was defective at the New Friends Colony red light has been removed. Traffic is now normal.,SUCCESS,2026-09-12T19:53:50.583623+00:00,20260912_blind_v5,8d8f5fcab9e03c6a1dfc90d5a2bfc7a3f92959df7f202b8e9bd65a169f2d9337,53a60eea868eab8a4cdb2bc5c2eaa59cde05d73d8da837d82449f45c78d57cef,785d9dde77aaceda9eee2330ca1f0fc68ef2594d1d58aeff3695884c50d75590,True,7.522621,,"{""actual_model"":""ai4bharat/indictrans2-indic-en-1B"",""decoding"":""beam search, no sampling; reproducibility limited to pinned environment/hardware"",""device"":""cpu"",""revision"":""ac3daf0ecd37be3b6957764a9179ab2b07fa9d6a"",""seed"":20260912,""torch_version"":""2.14.0+cpu""}"
record:de9ae5115b563ec8737fb8a58ed4e23d38e9d6a60279cd6236b1bea58ea3a9d8,564375894144585729,indictrans2,ai4bharat/indictrans2-indic-en-1B,ai4bharat/indictrans2-indic-en-1B,"Traffic Alert There will be heavy traffic near Palla Red Light, Bawana this evening due to weddings.",SUCCESS,2026-09-12T19:53:58.106101+00:00,20260912_blind_v5,8d8f5fcab9e03c6a1dfc90d5a2bfc7a3f92959df7f202b8e9bd65a169f2d9337,4a381aac546b1122be2f4eefbcd225970cba372f07fa827004dd3f996a38f7cc,0805490f4acc02a989277209d4ef6a19a7a4c76c9c7a3ae9012029d2225320c2,True,8.017813,,"{""actual_model"":""ai4bharat/indictrans2-indic-en-1B"",""decoding"":""beam search, no sampling; reproducibility limited to pinned environment/hardware"",""device"":""cpu"",""revision"":""ac3daf0ecd37be3b6957764a9179ab2b07fa9d6a"",""seed"":20260912,""torch_version"":""2.14.0+cpu""}"
record:df23191d8b73dfbbaf03b29ae43a41d72cddbed42ce0ccd74eddc09aa743353b,1123092791070879744,indictrans2,ai4bharat/indictrans2-indic-en-1B,ai4bharat/indictrans2-indic-en-1B,"Traffic Alert Use the route from Welcome to Dharmpura via Seelampur and Shastri Park Flyover work is in progress, due to which traffic is disrupted.",SUCCESS,2026-09-12T19:54:06.118724+00:00,20260912_blind_v5,8d8f5fcab9e03c6a1dfc90d5a2bfc7a3f92959df7f202b8e9bd65a169f2d9337,1d395b72e17ea69a4d4689f533af18d8c1e1c1d5c5453d91b044115c9c9b39c5,e0821c3905764fa6ee105fb1354e6dfbc2934d839892a4ef7f3cb58ff9e617e8,True,11.54027,,"{""actual_model"":""ai4bharat/indictrans2-indic-en-1B"",""decoding"":""beam search, no sampling; reproducibility limited to pinned environment/hardware"",""device"":""cpu"",""revision"":""ac3daf0ecd37be3b6957764a9179ab2b07fa9d6a"",""seed"":20260912,""torch_version"":""2.14.0+cpu""}"
record:df8ad61816073f0629f33d910c492214c8361c6d8852c7edd3d925e85895d753,910364679301681153,indictrans2,ai4bharat/indictrans2-indic-en-1B,ai4bharat/indictrans2-indic-en-1B,Traffic Alert: Vehicles that want to go from Vasant Vihar towards Gurugram or the airport can take the Nelson Mandela Road.,SUCCESS,2026-09-12T19:54:17.660133+00:00,20260912_blind_v5,8d8f5fcab9e03c6a1dfc90d5a2bfc7a3f92959df7f202b8e9bd65a169f2d9337,13c840caf38b58d6d787d6361cede9c32ef0b8de00d83b35fe3362a8d29d379e,c1493a517bd3f80500ae49beb250fbdc63f6b81ab5a9fbc90e6883b33d5e22b1,True,31.588497,,"{""actual_model"":""ai4bharat/indictrans2-indic-en-1B"",""decoding"":""beam search, no sampling; reproducibility limited to pinned environment/hardware"",""device"":""cpu"",""revision"":""ac3daf0ecd37be3b6957764a9179ab2b07fa9d6a"",""seed"":20260912,""torch_version"":""2.14.0+cpu""}"
record:dfa9e62e9d4dc20aae3cdb141504ed000adfe81c715a08e22f73a9b41ba1e961,872292398184910848,indictrans2,ai4bharat/indictrans2-indic-en-1B,ai4bharat/indictrans2-indic-en-1B,"Traffic Alert Q-POINT towards India Gate The tree that broke and fell near the UPSC lane has been removed, traffic is normal now!",SUCCESS,2026-09-12T19:54:49.252276+00:00,20260912_blind_v5,8d8f5fcab9e03c6a1dfc90d5a2bfc7a3f92959df7f202b8e9bd65a169f2d9337,b4461ead8d6c03d92b7a9434e6fe53857a6ea339d43cf3ea566337441ca36967,5a900f833b31473620dac7e989c715ea68dfbe1f82f590a19b691afe4ab3643e,True,40.643287,,"{""actual_model"":""ai4bharat/indictrans2-indic-en-1B"",""decoding"":""beam search, no sampling; reproducibility limited to pinned environment/hardware"",""device"":""cpu"",""revision"":""ac3daf0ecd37be3b6957764a9179ab2b07fa9d6a"",""seed"":20260912,""torch_version"":""2.14.0+cpu""}"
record:e01eee5e197a05a8f9a65bc68b843a4888fbc03ff3ffe51d8a644db5b923c8d5,565790032146231296,indictrans2,ai4bharat/indictrans2-indic-en-1B,ai4bharat/indictrans2-indic-en-1B,Traffic Alert Traffic has been diverted from Madhuban Chowk to Peeragarh\ u093C Chowk further right. Sorry for the inconvenience.,SUCCESS,2026-09-12T19:55:29.896619+00:00,20260912_blind_v5,8d8f5fcab9e03c6a1dfc90d5a2bfc7a3f92959df7f202b8e9bd65a169f2d9337,df093763ff35ef310291e9bf727211aca99f16e64ac082df84224cac0be22c4d,e49fe3160603b52a923dc6f6980c77088ca2434e439d25844ba2dd7bfd203a01,True,14.218089,,"{""actual_model"":""ai4bharat/indictrans2-indic-en-1B"",""decoding"":""beam search, no sampling; reproducibility limited to pinned environment/hardware"",""device"":""cpu"",""revision"":""ac3daf0ecd37be3b6957764a9179ab2b07fa9d6a"",""seed"":20260912,""torch_version"":""2.14.0+cpu""}"
record:e03f74c713a2a59a4f48e2ff1bc3c049f9cc33f1a5d5937f26acd2f9030a6961,1047316429706604544,indictrans2,ai4bharat/indictrans2-indic-en-1B,ai4bharat/indictrans2-indic-en-1B,Traffic Alert Some tractor-trolleys are parked on the road coming from UP border to Ghazipur due to which traffic is slightly affected. Motorists coming towards Ghazipur are requested to come via Maharajpur.,SUCCESS,2026-09-12T19:55:44.114767+00:00,20260912_blind_v5,8d8f5fcab9e03c6a1dfc90d5a2bfc7a3f92959df7f202b8e9bd65a169f2d9337,a2cd76e4c55cf8e4ed418baa6c1f4a36878bca5befecfb20be9539689ca64b6f,e99f45f95048c27f200a3a9ba71ea7386b9a51cba06dcb17e4b408b8c95811ad,True,12.286628,,"{""actual_model"":""ai4bharat/indictrans2-indic-en-1B"",""decoding"":""beam search, no sampling; reproducibility limited to pinned environment/hardware"",""device"":""cpu"",""revision"":""ac3daf0ecd37be3b6957764a9179ab2b07fa9d6a"",""seed"":20260912,""torch_version"":""2.14.0+cpu""}"
record:e0966279ef120cc3b91236b5a29068f1a8a38ef1cdbc5be7a727b609e7869472,954320347691597824,indictrans2,ai4bharat/indictrans2-indic-en-1B,ai4bharat/indictrans2-indic-en-1B,"Traffic Alert Krishna Nagar, Vishwas Nagar culvert is broken due to which traffic is affected.",SUCCESS,2026-09-12T19:55:56.401990+00:00,20260912_blind_v5,8d8f5fcab9e03c6a1dfc90d5a2bfc7a3f92959df7f202b8e9bd65a169f2d9337,85e4915fccad02e155fa6dbc63d2df9987c71a12aa82c4bd1f5cf87f3c6a251a,76af36d55834f4ecbaa5d15fe9fb18b7d3b231302835683d309c35fcf2d34cbd,True,21.750331,,"{""actual_model"":""ai4bharat/indictrans2-indic-en-1B"",""decoding"":""beam search, no sampling; reproducibility limited to pinned environment/hardware"",""device"":""cpu"",""revision"":""ac3daf0ecd37be3b6957764a9179ab2b07fa9d6a"",""seed"":20260912,""torch_version"":""2.14.0+cpu""}"
record:e0c911e79a0a9505c3fa8b6793438b27a26db003df93a832e39df19a067bfafa,847452769703272448,indictrans2,ai4bharat/indictrans2-indic-en-1B,ai4bharat/indictrans2-indic-en-1B,Traffic Alert The work of the elevated road at Barapullah in the carriage way from Nizamuddin to Mayur Vihar is underway.,SUCCESS,2026-09-12T19:56:18.143508+00:00,20260912_blind_v5,8d8f5fcab9e03c6a1dfc90d5a2bfc7a3f92959df7f202b8e9bd65a169f2d9337,3f75dd1046c931c3a04420dd7e826871f3f464548b3c9a511379e57f28e4afeb,f8c9a712bcc70a30019b22a3fb2b1e0efb50739beff042bbf2ac37efc7e24077,True,43.317654,,"{""actual_model"":""ai4bharat/indictrans2-indic-en-1B"",""decoding"":""beam search, no sampling; reproducibility limited to pinned environment/hardware"",""device"":""cpu"",""revision"":""ac3daf0ecd37be3b6957764a9179ab2b07fa9d6a"",""seed"":20260912,""torch_version"":""2.14.0+cpu""}"
record:e10710a1bfe5780481f72fa45ea615cdff0708dd4327179682ecd6f850242be8,1025229228667596801,indictrans2,ai4bharat/indictrans2-indic-en-1B,ai4bharat/indictrans2-indic-en-1B,"Traffic Alert At Adhchini Chowk, traffic has been stopped on both carriageways due to demonstration by people over water problem.",SUCCESS,2026-09-12T19:57:01.468177+00:00,20260912_blind_v5,8d8f5fcab9e03c6a1dfc90d5a2bfc7a3f92959df7f202b8e9bd65a169f2d9337,dc7fcf80d91061de0bb55ad2c7ecc972f41ab75c4b6d0adeada6dbf48b472339,56fa623c494a6674dea385e4e777b8763e19af7bddf143a9d41db1c6794f7442,True,25.374288,,"{""actual_model"":""ai4bharat/indictrans2-indic-en-1B"",""decoding"":""beam search, no sampling; reproducibility limited to pinned environment/hardware"",""device"":""cpu"",""revision"":""ac3daf0ecd37be3b6957764a9179ab2b07fa9d6a"",""seed"":20260912,""torch_version"":""2.14.0+cpu""}"
record:e1aae5be14fb4957b8065a6ebad7768b9e3001a677f79ae7fea9bf94c45e5615,1068082086051950593,indictrans2,ai4bharat/indictrans2-indic-en-1B,ai4bharat/indictrans2-indic-en-1B,Traffic Alert All India Kisan Sangharsh Coordination Committee march which is currently at Gagan Vihar Lalbati will reach Ramlila Maidan via Nala Road-SDM Office-Geeta Colony Flyover-Shanti Van-Rajghat due to which traffic will be affected on nearby routes.,SUCCESS,2026-09-12T19:57:26.845171+00:00,20260912_blind_v5,8d8f5fcab9e03c6a1dfc90d5a2bfc7a3f92959df7f202b8e9bd65a169f2d9337,b4dff263d029484e72b0ad82572a0818c1e77321cf661ec6b3d7d35e7b8f1f09,b3801e15ed1949cdfb49650826a0820f3bbfbab870b9f26ba512e94cb0ae22bc,True,24.409237,,"{""actual_model"":""ai4bharat/indictrans2-indic-en-1B"",""decoding"":""beam search, no sampling; reproducibility limited to pinned environment/hardware"",""device"":""cpu"",""revision"":""ac3daf0ecd37be3b6957764a9179ab2b07fa9d6a"",""seed"":20260912,""torch_version"":""2.14.0+cpu""}"
record:e1c7f77d60d750077146cd28a95de40a3a651ee84002c9d9e28d55eca3acc6a3,1101885310361845760,indictrans2,ai4bharat/indictrans2-indic-en-1B,ai4bharat/indictrans2-indic-en-1B,"Traffic Alert L & T will do road repair work on Mathura Road, Bhairon Road point to Ring Road on Bhairon Marg from 11 pm to 4 am. Please avoid using this route by taking a U turn at |यातायात.",SUCCESS,2026-09-12T19:57:51.250527+00:00,20260912_blind_v5,8d8f5fcab9e03c6a1dfc90d5a2bfc7a3f92959df7f202b8e9bd65a169f2d9337,64815daab5927765cd6b490061aaa480170759df7b32fbd9cf0e023ad4e2ab3f,cee96a284a098ac26d1d08397d388ea9c406c1df99e21e325405a23e37d4c808,True,46.955361,,"{""actual_model"":""ai4bharat/indictrans2-indic-en-1B"",""decoding"":""beam search, no sampling; reproducibility limited to pinned environment/hardware"",""device"":""cpu"",""revision"":""ac3daf0ecd37be3b6957764a9179ab2b07fa9d6a"",""seed"":20260912,""torch_version"":""2.14.0+cpu""}"
record:e1e9099ccfa7783aeb8f130af87ff994a67be2b76a276c7372804f06d3d398b9,1108949196357263360,indictrans2,ai4bharat/indictrans2-indic-en-1B,ai4bharat/indictrans2-indic-en-1B,"Traffic Alert: The road from Welcome to Seelampur is being worked by putting barricades with PWD above the flyover, due to which traffic will be heavy.",SUCCESS,2026-09-12T19:58:38.210141+00:00,20260912_blind_v5,8d8f5fcab9e03c6a1dfc90d5a2bfc7a3f92959df7f202b8e9bd65a169f2d9337,31b20586b29e1507493caf31aab397a315d7007abf453ea1236a04d210940f7b,f5a66cd7a1340f7ad961e5ac03d2bd1227223afee3fb0dec8fc6a94f9c8c8ea7,True,13.250255,,"{""actual_model"":""ai4bharat/indictrans2-indic-en-1B"",""decoding"":""beam search, no sampling; reproducibility limited to pinned environment/hardware"",""device"":""cpu"",""revision"":""ac3daf0ecd37be3b6957764a9179ab2b07fa9d6a"",""seed"":20260912,""torch_version"":""2.14.0+cpu""}"
record:e2bbdeb53d3731ce786aceb9f16ed1a96888078273fb6358e4e0ef6ecca6175f,1097379460033204224,indictrans2,ai4bharat/indictrans2-indic-en-1B,ai4bharat/indictrans2-indic-en-1B,Traffic Alert: Road caved in on Bhogal Flyover from Ashram Chowk to Nizamuddin which has been repaired.,SUCCESS,2026-09-12T19:58:51.461204+00:00,20260912_blind_v5,8d8f5fcab9e03c6a1dfc90d5a2bfc7a3f92959df7f202b8e9bd65a169f2d9337,e299ee9b5ec8653c68d7b751f59ce2b3db9e16df3776045e978912d28baed4e0,e26a18b81ad5405910d8744e3a9a1105e50ccf31607f8d5070b739680ca8f2b9,True,6.81799,,"{""actual_model"":""ai4bharat/indictrans2-indic-en-1B"",""decoding"":""beam search, no sampling; reproducibility limited to pinned environment/hardware"",""device"":""cpu"",""revision"":""ac3daf0ecd37be3b6957764a9179ab2b07fa9d6a"",""seed"":20260912,""torch_version"":""2.14.0+cpu""}"
record:e2efd45adf8dd090ea537db43a70f86ad95e764b0355283878519aea03fee574,555316876784304130,indictrans2,ai4bharat/indictrans2-indic-en-1B,ai4bharat/indictrans2-indic-en-1B,"Traffic Alert Traffic is normal on Noida link road, Delhi to Noida route (Noida Border).",SUCCESS,2026-09-12T19:58:58.267838+00:00,20260912_blind_v5,8d8f5fcab9e03c6a1dfc90d5a2bfc7a3f92959df7f202b8e9bd65a169f2d9337,50c6edb2a4e7bc4924911f4196fb20f7413dbbb1c08f60b3fd51705f2adfcf4f,bc4d3de59d748fbedfa76326ca449d1937094d776a7f078ddf8373b178d89049,True,5.2874,,"{""actual_model"":""ai4bharat/indictrans2-indic-en-1B"",""decoding"":""beam search, no sampling; reproducibility limited to pinned environment/hardware"",""device"":""cpu"",""revision"":""ac3daf0ecd37be3b6957764a9179ab2b07fa9d6a"",""seed"":20260912,""torch_version"":""2.14.0+cpu""}"
record:e3077f302cd4fb96a8311c0b5d108ee6b7c754f0e65cf702f76cd7e3db9da3a7,1023573681631584258,indictrans2,ai4bharat/indictrans2-indic-en-1B,ai4bharat/indictrans2-indic-en-1B,"Traffic Alert Due to the rising water level of the Yamuna River, the Iron Bridge has been closed for traffic from both sides.",SUCCESS,2026-09-12T19:59:03.562296+00:00,20260912_blind_v5,8d8f5fcab9e03c6a1dfc90d5a2bfc7a3f92959df7f202b8e9bd65a169f2d9337,0a9e5a98299de10344f42048945882525ed20cbc9eb3a6dd3c009ea2ed990a85,f14f3b67f7e86dcfee4dc3d0cf3b76e24da3365bf4d4665c5117f04969a10b1f,True,14.413151,,"{""actual_model"":""ai4bharat/indictrans2-indic-en-1B"",""decoding"":""beam search, no sampling; reproducibility limited to pinned environment/hardware"",""device"":""cpu"",""revision"":""ac3daf0ecd37be3b6957764a9179ab2b07fa9d6a"",""seed"":20260912,""torch_version"":""2.14.0+cpu""}"
record:e3ed95be6108b29ea66620b84f50cc8d3ef75fc0ccc55ad80b519c61c0e95799,1116557129085665280,indictrans2,ai4bharat/indictrans2-indic-en-1B,ai4bharat/indictrans2-indic-en-1B,Traffic Alert A mini bus has caught fire in the middle of Bhajanpura to Khajuri due to which traffic is disrupted.,SUCCESS,2026-09-12T19:59:17.978727+00:00,20260912_blind_v5,8d8f5fcab9e03c6a1dfc90d5a2bfc7a3f92959df7f202b8e9bd65a169f2d9337,47c289e1f0a4f137936bcefa37514a96123331abfc70d7615b8079f7e2b1da72,57f82de8ced67515360229a99b80311613efc73928a5a2e4237074cd4f5024c9,True,23.183854,,"{""actual_model"":""ai4bharat/indictrans2-indic-en-1B"",""decoding"":""beam search, no sampling; reproducibility limited to pinned environment/hardware"",""device"":""cpu"",""revision"":""ac3daf0ecd37be3b6957764a9179ab2b07fa9d6a"",""seed"":20260912,""torch_version"":""2.14.0+cpu""}"
record:e40213d9f1295a36c25bfcbe461ff5c2f73ef8733b146f9057ce76a41f584c72,1068358106105561089,indictrans2,ai4bharat/indictrans2-indic-en-1B,ai4bharat/indictrans2-indic-en-1B,"Traffic Alert 300 to 400 farmers are going to Ramlila Maidan from Ajmeri Gate, due to which traffic is affected.",SUCCESS,2026-09-12T19:59:41.163693+00:00,20260912_blind_v5,8d8f5fcab9e03c6a1dfc90d5a2bfc7a3f92959df7f202b8e9bd65a169f2d9337,285b2d5459043544098cb88e7c42f6f676f8d9fcd6b876dc0432c123160990e7,fea9b0b571045e041a8fc8cf54d548fbad54c7ee87112155320dc03f311c4fa8,True,42.736748,,"{""actual_model"":""ai4bharat/indictrans2-indic-en-1B"",""decoding"":""beam search, no sampling; reproducibility limited to pinned environment/hardware"",""device"":""cpu"",""revision"":""ac3daf0ecd37be3b6957764a9179ab2b07fa9d6a"",""seed"":20260912,""torch_version"":""2.14.0+cpu""}"
record:e47a37831fd4df039049e9b4106915ca8627f0c53f6758a1b87105c636a46497,870454485495144449,indictrans2,ai4bharat/indictrans2-indic-en-1B,ai4bharat/indictrans2-indic-en-1B,Traffic Alert A DMRC crane malfunctions on the Hyatt flyover disrupting traffic on the way to Moti Nagar!,SUCCESS,2026-09-12T20:00:23.902157+00:00,20260912_blind_v5,8d8f5fcab9e03c6a1dfc90d5a2bfc7a3f92959df7f202b8e9bd65a169f2d9337,4e45bd0a23780ea1e1023984a0374da72fb72eaa9a524d1e3cb35d4d69f4a8dc,7d54510375dc60e65e7f0917f73a7fc2e4419a66720b19ff494fd1e78df0f32c,True,13.510498,,"{""actual_model"":""ai4bharat/indictrans2-indic-en-1B"",""decoding"":""beam search, no sampling; reproducibility limited to pinned environment/hardware"",""device"":""cpu"",""revision"":""ac3daf0ecd37be3b6957764a9179ab2b07fa9d6a"",""seed"":20260912,""torch_version"":""2.14.0+cpu""}"
record:e49a4ecc203fbf053f314398e406576b3abb21aca9da37bb1253519ce7aa8a11,887899867401469952,indictrans2,ai4bharat/indictrans2-indic-en-1B,ai4bharat/indictrans2-indic-en-1B,"PART 1 / 2.. Traffic Alert: PWD work is going on RTR route, so from 5 pm to 8 pm, big vehicles and buses will not be allowed.",SUCCESS,2026-09-12T20:00:37.409731+00:00,20260912_blind_v5,8d8f5fcab9e03c6a1dfc90d5a2bfc7a3f92959df7f202b8e9bd65a169f2d9337,e0bc35ea700dcddaa61ca40da028773c81edcb0871af9e2dc004dbde42d28016,297ef46421915dd26f3b7f00d3500beda0099ca1a880a2b3f742370c3f89ad66,True,12.723264,,"{""actual_model"":""ai4bharat/indictrans2-indic-en-1B"",""decoding"":""beam search, no sampling; reproducibility limited to pinned environment/hardware"",""device"":""cpu"",""revision"":""ac3daf0ecd37be3b6957764a9179ab2b07fa9d6a"",""seed"":20260912,""torch_version"":""2.14.0+cpu""}"
record:e4e0da8967a1d9e3bd7f4e3529eefda6271e12e34b52391bd54cef3e5c596dc0,591264268751863809,indictrans2,ai4bharat/indictrans2-indic-en-1B,ai4bharat/indictrans2-indic-en-1B,"Traffic Alert: Traffic is heavy on the route from Loha Pul Shastri Park to Khajurii, sorry for the inconvenience.",SUCCESS,2026-09-12T20:00:50.136358+00:00,20260912_blind_v5,8d8f5fcab9e03c6a1dfc90d5a2bfc7a3f92959df7f202b8e9bd65a169f2d9337,44ec7a0d677eab14ec14b1ca570dbcc82df066c22d20244065caeebfbaf5f4a6,544f004066cc886176aafab6e3e1dbc21d29a098e686d1430b26d1b54716df3f,True,16.736552,,"{""actual_model"":""ai4bharat/indictrans2-indic-en-1B"",""decoding"":""beam search, no sampling; reproducibility limited to pinned environment/hardware"",""device"":""cpu"",""revision"":""ac3daf0ecd37be3b6957764a9179ab2b07fa9d6a"",""seed"":20260912,""torch_version"":""2.14.0+cpu""}"
record:e564ead05541fb434770e7f5be5684c3e97aa15e6e88c4dfec1f01487c1196e1,888341703492485120,indictrans2,ai4bharat/indictrans2-indic-en-1B,ai4bharat/indictrans2-indic-en-1B,"Traffic Alert: PWD work is going on on RTR route, so from 5 pm to 8 pm, big vehicles and buses will be diverted to Sector-8 and 1 / 2.",SUCCESS,2026-09-12T20:01:06.872112+00:00,20260912_blind_v5,8d8f5fcab9e03c6a1dfc90d5a2bfc7a3f92959df7f202b8e9bd65a169f2d9337,dd9cb18a9289d66f2d1d3ace9bc12594065ee45847d01cef43d7db406c323e79,1f34dbbf1f11eb520135311acca58510e47f235aceaced4a658a0bfef2684bb9,True,46.779193,,"{""actual_model"":""ai4bharat/indictrans2-indic-en-1B"",""decoding"":""beam search, no sampling; reproducibility limited to pinned environment/hardware"",""device"":""cpu"",""revision"":""ac3daf0ecd37be3b6957764a9179ab2b07fa9d6a"",""seed"":20260912,""torch_version"":""2.14.0+cpu""}"
record:e56c996ae06ee0d418f32c469cd333ad77ca0236497acb76e2564af1a230dbe5,1083585949454553094,indictrans2,ai4bharat/indictrans2-indic-en-1B,ai4bharat/indictrans2-indic-en-1B,"Traffic Alert Due to the breakdown of a truck, traffic from Punjabi Bagh going towards Anand Parbat has been diverted from Punjabi Bagh roundabout towards Moti Nagar and traffic from Rampura going towards Zakhira has been made to take a U-turn.",SUCCESS,2026-09-12T20:01:53.646558+00:00,20260912_blind_v5,8d8f5fcab9e03c6a1dfc90d5a2bfc7a3f92959df7f202b8e9bd65a169f2d9337,f76d6585c05e4e807a1cbdf0ff5c250335da2b433b79160bc6710e7c526950b2,10f659404c2e89d3da7c82dac1e46fbb31e83b2e97f0afd8b4b2038f796f405e,True,31.620103,,"{""actual_model"":""ai4bharat/indictrans2-indic-en-1B"",""decoding"":""beam search, no sampling; reproducibility limited to pinned environment/hardware"",""device"":""cpu"",""revision"":""ac3daf0ecd37be3b6957764a9179ab2b07fa9d6a"",""seed"":20260912,""torch_version"":""2.14.0+cpu""}"
record:e59306b265528ea3832b9c0503b2a287a42b2b5d700a5fddbbfca392b6613268,1075799844780994561,indictrans2,ai4bharat/indictrans2-indic-en-1B,ai4bharat/indictrans2-indic-en-1B,Traffic Alert The bus that was defective on the GTB crossing culvert has been removed.,SUCCESS,2026-09-12T20:02:25.271635+00:00,20260912_blind_v5,8d8f5fcab9e03c6a1dfc90d5a2bfc7a3f92959df7f202b8e9bd65a169f2d9337,20fb79dabb97067c543fb65eb0214627ae7b685a404cf3ab2777cfeb274161ee,089a0c2648ec34b82fbd4753cc7b959fc3e60ba50515c7606698f19d83dafc55,True,23.790576,,"{""actual_model"":""ai4bharat/indictrans2-indic-en-1B"",""decoding"":""beam search, no sampling; reproducibility limited to pinned environment/hardware"",""device"":""cpu"",""revision"":""ac3daf0ecd37be3b6957764a9179ab2b07fa9d6a"",""seed"":20260912,""torch_version"":""2.14.0+cpu""}"
record:e5e2d01fd1cb74dc374ec4eb406f165e5d63edb6ddef62e3f6eaca00478bfad4,1072336469686132736,indictrans2,ai4bharat/indictrans2-indic-en-1B,ai4bharat/indictrans2-indic-en-1B,Traffic Alert: PWD work is underway on Bhairon Marg due to which traffic going towards Mathura Road is affected.,SUCCESS,2026-09-12T20:02:49.059939+00:00,20260912_blind_v5,8d8f5fcab9e03c6a1dfc90d5a2bfc7a3f92959df7f202b8e9bd65a169f2d9337,3ddb7c57ccb1626fc813dac2d06a7841adb256ef74e0159779194cdc0de4eee5,0135623d607aeb2b8b0f60a66e715474e734a6c43bdf1d86f25c1cdb3ad02293,True,24.854747,,"{""actual_model"":""ai4bharat/indictrans2-indic-en-1B"",""decoding"":""beam search, no sampling; reproducibility limited to pinned environment/hardware"",""device"":""cpu"",""revision"":""ac3daf0ecd37be3b6957764a9179ab2b07fa9d6a"",""seed"":20260912,""torch_version"":""2.14.0+cpu""}"
record:e62d945b5d055f3cb2c295b38396f052452c150ca2ab951710f0fb63ad41358a,1090490043368648704,indictrans2,ai4bharat/indictrans2-indic-en-1B,ai4bharat/indictrans2-indic-en-1B,"Traffic Alert Subrahmanyam Bharti Marg to Zakir Hussain Marg and the road is flooded with sewage water, due to which traffic is disrupted.",SUCCESS,2026-09-12T20:03:13.912033+00:00,20260912_blind_v5,8d8f5fcab9e03c6a1dfc90d5a2bfc7a3f92959df7f202b8e9bd65a169f2d9337,cece5eed8115dae3137c5b4af7d21e410e593c60bc1c9799baa62ec5ccd7683c,505fdcfdb7acd484f91bdd0b4f80f3cd14ddb8a71f39741f3f971955d270fc7c,True,21.102469,,"{""actual_model"":""ai4bharat/indictrans2-indic-en-1B"",""decoding"":""beam search, no sampling; reproducibility limited to pinned environment/hardware"",""device"":""cpu"",""revision"":""ac3daf0ecd37be3b6957764a9179ab2b07fa9d6a"",""seed"":20260912,""torch_version"":""2.14.0+cpu""}"
record:e64ae090f9ec16353a341a4953579b04ad4843014514a02c77ad62726a4f8e3c,892932918993051648,indictrans2,ai4bharat/indictrans2-indic-en-1B,ai4bharat/indictrans2-indic-en-1B,"Traffic Alert On the way from Noida to Delhi, there was an accident of two trucks before the Yamuna bridge, due to which traffic is disrupted.",SUCCESS,2026-09-12T20:03:35.020844+00:00,20260912_blind_v5,8d8f5fcab9e03c6a1dfc90d5a2bfc7a3f92959df7f202b8e9bd65a169f2d9337,2956af295bd829c54bb49a18f95fe32c9e8bcce285aab2ca430709a10ebab8a8,74d6e8be25ef2c0bab5ef23251e10d275f6a90d920e2677f22c24786fee65045,True,9.104222,,"{""actual_model"":""ai4bharat/indictrans2-indic-en-1B"",""decoding"":""beam search, no sampling; reproducibility limited to pinned environment/hardware"",""device"":""cpu"",""revision"":""ac3daf0ecd37be3b6957764a9179ab2b07fa9d6a"",""seed"":20260912,""torch_version"":""2.14.0+cpu""}"
record:e65fdddff1124c20cc9aa4bd6de5bc54c026e89928ea80240b00f781d1d7b801,996555055841984512,indictrans2,ai4bharat/indictrans2-indic-en-1B,ai4bharat/indictrans2-indic-en-1B,Traffic Alert A large tree has fallen in front of Lado Sarai TB Hospital.,SUCCESS,2026-09-12T20:03:44.126009+00:00,20260912_blind_v5,8d8f5fcab9e03c6a1dfc90d5a2bfc7a3f92959df7f202b8e9bd65a169f2d9337,2b427f144c47bb30692148f65054e0ea01bd2fadb7497174db98cd24afd27c67,73c85472c7cda55ac53b6fb30eaf0335708d0421a0f8c5e46a59909ae0b07958,True,5.728426,,"{""actual_model"":""ai4bharat/indictrans2-indic-en-1B"",""decoding"":""beam search, no sampling; reproducibility limited to pinned environment/hardware"",""device"":""cpu"",""revision"":""ac3daf0ecd37be3b6957764a9179ab2b07fa9d6a"",""seed"":20260912,""torch_version"":""2.14.0+cpu""}"
record:e6617e1832aa34d257bf1b326d851d4c6bcf4b30f5a12eb049d714e6462dff5b,557910405423833089,indictrans2,ai4bharat/indictrans2-indic-en-1B,ai4bharat/indictrans2-indic-en-1B,"Traffic Alert A DTC bus near S P Mukherjee Marg Near Hanuman Mandir is faulty |जिससे Traffic is affected, sorry for the inconvenience.",SUCCESS,2026-09-12T20:03:49.854094+00:00,20260912_blind_v5,8d8f5fcab9e03c6a1dfc90d5a2bfc7a3f92959df7f202b8e9bd65a169f2d9337,24cc08bb674209a91b1290cc6a742242ecda14ae02f0a3b2719a45124ec1ec71,b13573e84fbb5157877096b28ad5565a6fd6faf910aa395f61188e741dcd257b,True,15.7126,,"{""actual_model"":""ai4bharat/indictrans2-indic-en-1B"",""decoding"":""beam search, no sampling; reproducibility limited to pinned environment/hardware"",""device"":""cpu"",""revision"":""ac3daf0ecd37be3b6957764a9179ab2b07fa9d6a"",""seed"":20260912,""torch_version"":""2.14.0+cpu""}"
record:e664525146886442e5e4a18885d46675d1c99ad87325c0822d74a5c782650c21,1013092708011962368,indictrans2,ai4bharat/indictrans2-indic-en-1B,ai4bharat/indictrans2-indic-en-1B,Traffic Alert BSES cable laying work is going on near Bharti College Janakpuri due to which traffic is obstructed.,SUCCESS,2026-09-12T20:04:05.565394+00:00,20260912_blind_v5,8d8f5fcab9e03c6a1dfc90d5a2bfc7a3f92959df7f202b8e9bd65a169f2d9337,c1028c68a64dc7224957c8098aeb58f56946520006f3b44cfd212002c920c3dc,52ef022a274f22fd311e25f442f63fb433820eea29a990b3afc766e35bb81551,True,29.555187,,"{""actual_model"":""ai4bharat/indictrans2-indic-en-1B"",""decoding"":""beam search, no sampling; reproducibility limited to pinned environment/hardware"",""device"":""cpu"",""revision"":""ac3daf0ecd37be3b6957764a9179ab2b07fa9d6a"",""seed"":20260912,""torch_version"":""2.14.0+cpu""}"
record:e70cd8349f5154048e5ceb018fd8a113fc9b723d2c9d518d0c56508d456e829c,1070365798592479232,indictrans2,ai4bharat/indictrans2-indic-en-1B,ai4bharat/indictrans2-indic-en-1B,"Traffic Alert Due to repair work of Raja Garden Flyover, the road from Dhaula Kuan to Punjabi Bagh will be closed for traffic from 11 pm to 6 am.",SUCCESS,2026-09-12T20:04:35.120101+00:00,20260912_blind_v5,8d8f5fcab9e03c6a1dfc90d5a2bfc7a3f92959df7f202b8e9bd65a169f2d9337,9155fa46887a25748dad4603e39f2d279da5fecf5b790a679d8f4dbe19dab9b2,bb79f8d96591b10dc55026ee5e6247bd93aa18e01d0b53509d45382ab36c97ce,True,42.453685,,"{""actual_model"":""ai4bharat/indictrans2-indic-en-1B"",""decoding"":""beam search, no sampling; reproducibility limited to pinned environment/hardware"",""device"":""cpu"",""revision"":""ac3daf0ecd37be3b6957764a9179ab2b07fa9d6a"",""seed"":20260912,""torch_version"":""2.14.0+cpu""}"
record:e70e63e32d8a9ee9fd022d6dfdbde96575cc4c169024909e2b2fb9c7b753e36c,927881713606262784,indictrans2,ai4bharat/indictrans2-indic-en-1B,ai4bharat/indictrans2-indic-en-1B,Traffic Alert Traffic will be disrupted on route to Punjabi Bagh under Ashok Park Main Metro Station due to bus breakdown!,SUCCESS,2026-09-12T20:05:17.576612+00:00,20260912_blind_v5,8d8f5fcab9e03c6a1dfc90d5a2bfc7a3f92959df7f202b8e9bd65a169f2d9337,fa6b865209de8c1a6f4d7f56ffae6dd6f238cda08ba828c525a73d5b2d87f1d7,44d4f1487cee4120c238927018b2f2cdca038a33f4baa11a83f11fa0ad5f96ab,True,9.52167,,"{""actual_model"":""ai4bharat/indictrans2-indic-en-1B"",""decoding"":""beam search, no sampling; reproducibility limited to pinned environment/hardware"",""device"":""cpu"",""revision"":""ac3daf0ecd37be3b6957764a9179ab2b07fa9d6a"",""seed"":20260912,""torch_version"":""2.14.0+cpu""}"
record:e7fa0117c2b6ecd1db3a71e8a81cb53ffa8069d5e43b2e471145edc1355c534d,1093402499594080256,indictrans2,ai4bharat/indictrans2-indic-en-1B,ai4bharat/indictrans2-indic-en-1B,"Traffic Alert Traffic is normal on Red Fort, Netaji Subhas Marg and Nishad Raj Marg.",SUCCESS,2026-09-12T20:05:27.097771+00:00,20260912_blind_v5,8d8f5fcab9e03c6a1dfc90d5a2bfc7a3f92959df7f202b8e9bd65a169f2d9337,c2733870b02d216b62706f4a6e08921fe40e80b5687c96c43051be30ac3d6826,6454f7d78443a129f811ebaf413acf4272d5c36a621d6bf0a38f83def8fe00e6,True,5.279766,,"{""actual_model"":""ai4bharat/indictrans2-indic-en-1B"",""decoding"":""beam search, no sampling; reproducibility limited to pinned environment/hardware"",""device"":""cpu"",""revision"":""ac3daf0ecd37be3b6957764a9179ab2b07fa9d6a"",""seed"":20260912,""torch_version"":""2.14.0+cpu""}"
record:e807adc5afdd313be4cf2071783d27c1b26b638e2c02d3f2ebbd8abbf5b0c5db,1097759611333992448,indictrans2,ai4bharat/indictrans2-indic-en-1B,ai4bharat/indictrans2-indic-en-1B,"Traffic Alert The procession of Ravidas Jayanti which will be going from Lahori Gate to Ravidas Temple at Baratuti-Pahari Dhiraj-Rani Jhansi Road-East Park Road-New Rohtak Road-Deshbandhu Gupta Road Karol Bagh, due to which traffic will be affected on these routes.",SUCCESS,2026-09-12T20:05:32.376526+00:00,20260912_blind_v5,8d8f5fcab9e03c6a1dfc90d5a2bfc7a3f92959df7f202b8e9bd65a169f2d9337,554dafcc5ff85c74feb305b73b8f10d4c494a08ce821568deeeb614767eee775,c897e032fbe34a2745cbeba928e4c33242e6bb046fe66de11aa0417c4e180d87,True,22.488374,,"{""actual_model"":""ai4bharat/indictrans2-indic-en-1B"",""decoding"":""beam search, no sampling; reproducibility limited to pinned environment/hardware"",""device"":""cpu"",""revision"":""ac3daf0ecd37be3b6957764a9179ab2b07fa9d6a"",""seed"":20260912,""torch_version"":""2.14.0+cpu""}"
record:e89f7e1571520fa762611868c175ab84dda59ea758f4a420766b8f3b3f61464e,1087366953973342208,indictrans2,ai4bharat/indictrans2-indic-en-1B,ai4bharat/indictrans2-indic-en-1B,Traffic Alert Malkaganj Chowk to Kranti Chowk carriageway is closed for traffic due to Delhi Jal Board work This work will last for 20 days Traffic movement on |इस route will be in a single carriageway.,SUCCESS,2026-09-12T20:05:54.862773+00:00,20260912_blind_v5,8d8f5fcab9e03c6a1dfc90d5a2bfc7a3f92959df7f202b8e9bd65a169f2d9337,21bb3f0d09878a1e2618977e56ba8c1d7ead576a70d8d7438eb946a8db4979e9,99146cebb633e0624a84c8305bf90518844d798abb0fa24d9314f07136bb2a70,True,55.782254,,"{""actual_model"":""ai4bharat/indictrans2-indic-en-1B"",""decoding"":""beam search, no sampling; reproducibility limited to pinned environment/hardware"",""device"":""cpu"",""revision"":""ac3daf0ecd37be3b6957764a9179ab2b07fa9d6a"",""seed"":20260912,""torch_version"":""2.14.0+cpu""}"
record:e8bae8ac9a13936f54b25b0d5d98384f16e13a4e4c7efa16a403088aae4e348d,1083721266060640258,indictrans2,ai4bharat/indictrans2-indic-en-1B,ai4bharat/indictrans2-indic-en-1B,Traffic Alert PWD work is going on RTR (Rao Tularam Marg). Avoid using RTR (Rao Tularam Marg) going to Gurugram and Airport.,SUCCESS,2026-09-12T20:06:50.643611+00:00,20260912_blind_v5,8d8f5fcab9e03c6a1dfc90d5a2bfc7a3f92959df7f202b8e9bd65a169f2d9337,d553a05181ad2a936190ecd8af7de32657e35b03fccb4b079411d6c6c7079c9f,23b591eadbf74ac0595cdc02d404a2041f54082cd0b50b275998665d0500bd48,True,13.153416,,"{""actual_model"":""ai4bharat/indictrans2-indic-en-1B"",""decoding"":""beam search, no sampling; reproducibility limited to pinned environment/hardware"",""device"":""cpu"",""revision"":""ac3daf0ecd37be3b6957764a9179ab2b07fa9d6a"",""seed"":20260912,""torch_version"":""2.14.0+cpu""}"
record:e8f0d7a474893b97ae0c7c9f841ed9e9d65a93496ee4b9fcd902c12eb4110fde,1076029376985149441,indictrans2,ai4bharat/indictrans2-indic-en-1B,ai4bharat/indictrans2-indic-en-1B,"Traffic Alert: The route from Malkaganj to Kirori Mal College is under work of Delhi Jal Board, due to which this route has been closed for traffic.",SUCCESS,2026-09-12T20:07:03.802505+00:00,20260912_blind_v5,8d8f5fcab9e03c6a1dfc90d5a2bfc7a3f92959df7f202b8e9bd65a169f2d9337,9b75b3a68cbe07fdcad435cd81fbacc6618173c0bb8a9fb950ab6df4231478fb,75d465404a5ff14d60329c797b5f83310dd25fabbec711fc64d644539338adfd,True,8.175276,,"{""actual_model"":""ai4bharat/indictrans2-indic-en-1B"",""decoding"":""beam search, no sampling; reproducibility limited to pinned environment/hardware"",""device"":""cpu"",""revision"":""ac3daf0ecd37be3b6957764a9179ab2b07fa9d6a"",""seed"":20260912,""torch_version"":""2.14.0+cpu""}"
record:e90f32722f4d1e7992a346206f58649a0aabeaef60963d8c0c4092dc79a6d337,1022686585723052039,indictrans2,ai4bharat/indictrans2-indic-en-1B,ai4bharat/indictrans2-indic-en-1B,Traffic Alert Traffic is affected due to waterlogging at Rajapuri Chowk Road No. 201 Please avoid using this route.,SUCCESS,2026-09-12T20:07:11.978436+00:00,20260912_blind_v5,8d8f5fcab9e03c6a1dfc90d5a2bfc7a3f92959df7f202b8e9bd65a169f2d9337,1df0f2ec12b6ccc62fdae455ff945ec548267c8c1556ff1db6e4a7fdeaaa6b88,6014c19d1e1cf2d6e7eab58b79ede6e950ad11650fe8cbe240d58711299a7744,True,5.746779,,"{""actual_model"":""ai4bharat/indictrans2-indic-en-1B"",""decoding"":""beam search, no sampling; reproducibility limited to pinned environment/hardware"",""device"":""cpu"",""revision"":""ac3daf0ecd37be3b6957764a9179ab2b07fa9d6a"",""seed"":20260912,""torch_version"":""2.14.0+cpu""}"
record:e94d8fcb484c8228e0ba1bc5ce3b83d79774334b4e78fb04d3d9eed0d46811c6,1084070646768820224,indictrans2,ai4bharat/indictrans2-indic-en-1B,ai4bharat/indictrans2-indic-en-1B,Traffic Alert Traffic is disrupted between Dhansa Bus Stand Najafgarh and Bahadurgarh Bus Stand Najafgarh due to a fallen tree.,SUCCESS,2026-09-12T20:07:17.725345+00:00,20260912_blind_v5,8d8f5fcab9e03c6a1dfc90d5a2bfc7a3f92959df7f202b8e9bd65a169f2d9337,a6d6566e5b30f340639896c6f3ba3c19a96ecfae4bd23a063bf53a921945d343,ad21453389f4eae9ce1b6a61cfb4f175ba2756fb0bde6a0b913123a4cc4a4c20,True,26.844329,,"{""actual_model"":""ai4bharat/indictrans2-indic-en-1B"",""decoding"":""beam search, no sampling; reproducibility limited to pinned environment/hardware"",""device"":""cpu"",""revision"":""ac3daf0ecd37be3b6957764a9179ab2b07fa9d6a"",""seed"":20260912,""torch_version"":""2.14.0+cpu""}"
record:e9e7bf264862b8dd92bed49ea545d82a1fd35603a637b930ff28ffa0440afed0,813558412055150592,indictrans2,ai4bharat/indictrans2-indic-en-1B,ai4bharat/indictrans2-indic-en-1B,Traffic Alert Traffic will be heavy at Azad Market due to water pipeline burst near Azad Market and Metro Flyover construction work going on.,SUCCESS,2026-09-12T20:07:44.560221+00:00,20260912_blind_v5,8d8f5fcab9e03c6a1dfc90d5a2bfc7a3f92959df7f202b8e9bd65a169f2d9337,1e51d5e9b92eba2c980a5f8a603f7e86b995c11bebb97a4f6fc00fd091b59b4d,fee32f2ebe67b39e92602808d551e9a9c8966f214ac577b04d59509d3f0bf815,True,30.499655,,"{""actual_model"":""ai4bharat/indictrans2-indic-en-1B"",""decoding"":""beam search, no sampling; reproducibility limited to pinned environment/hardware"",""device"":""cpu"",""revision"":""ac3daf0ecd37be3b6957764a9179ab2b07fa9d6a"",""seed"":20260912,""torch_version"":""2.14.0+cpu""}"
record:e9f27e24c2a2221bf870758ff60eba3dde619cdffbd09c1743c1842098f4b73c,1068102646714658816,indictrans2,ai4bharat/indictrans2-indic-en-1B,ai4bharat/indictrans2-indic-en-1B,Traffic Alert All India Kisan Sangharsh Coordination Committee march has reached Dhaula Kuan due to which traffic on Dhaula Kuan is affected.,SUCCESS,2026-09-12T20:08:15.064632+00:00,20260912_blind_v5,8d8f5fcab9e03c6a1dfc90d5a2bfc7a3f92959df7f202b8e9bd65a169f2d9337,78011710d602638b80733cd987952d2af907a73e4add1c1e0dd7cff3555aa96f,a2a71a22815a333427001f99023189e4e9b8eeb8c5d0d1ed41620ee566ce6853,True,29.935647,,"{""actual_model"":""ai4bharat/indictrans2-indic-en-1B"",""decoding"":""beam search, no sampling; reproducibility limited to pinned environment/hardware"",""device"":""cpu"",""revision"":""ac3daf0ecd37be3b6957764a9179ab2b07fa9d6a"",""seed"":20260912,""torch_version"":""2.14.0+cpu""}"
record:eb8c93e4655c473daafdf46c1aec9d30985b66830b54ddee89f8f24789c647e6,1122800018686001153,indictrans2,ai4bharat/indictrans2-indic-en-1B,ai4bharat/indictrans2-indic-en-1B,"Traffic Alert Due to ongoing PWD work on Rithala nullah, traffic will be disrupted on both carriageways towards Sector-24 and 25 Rohini.",SUCCESS,2026-09-12T20:08:45.005334+00:00,20260912_blind_v5,8d8f5fcab9e03c6a1dfc90d5a2bfc7a3f92959df7f202b8e9bd65a169f2d9337,acf3cfec1025ee023e9b0fd0d8055bf3b8b46a62745436e4176aa4e8794a5d33,acca5fce5713446cfcdca382b1abb03fa1ba3cb486d5750a127cf0aa6508b589,True,8.955836,,"{""actual_model"":""ai4bharat/indictrans2-indic-en-1B"",""decoding"":""beam search, no sampling; reproducibility limited to pinned environment/hardware"",""device"":""cpu"",""revision"":""ac3daf0ecd37be3b6957764a9179ab2b07fa9d6a"",""seed"":20260912,""torch_version"":""2.14.0+cpu""}"
record:ecc2432b1e01531d0d51963b2a9b753131f4fd13c2dc636e487678f57eb62e84,571334007528550400,indictrans2,ai4bharat/indictrans2-indic-en-1B,ai4bharat/indictrans2-indic-en-1B,Traffic Alert Traffic is not moving from Azadpur to Prem Bari Bridge. Traffic is heavy on Ring Road. Sorry for the inconvenience.,SUCCESS,2026-09-12T20:08:53.961549+00:00,20260912_blind_v5,8d8f5fcab9e03c6a1dfc90d5a2bfc7a3f92959df7f202b8e9bd65a169f2d9337,70f6360203666ee040833dbc99018684482e2b63fa85fabcf66c3370961e1b4a,6f33d8772923b84ae864f63b1fee7e2ddd5367d7ed2834ca68251b18126fa836,True,5.768434,,"{""actual_model"":""ai4bharat/indictrans2-indic-en-1B"",""decoding"":""beam search, no sampling; reproducibility limited to pinned environment/hardware"",""device"":""cpu"",""revision"":""ac3daf0ecd37be3b6957764a9179ab2b07fa9d6a"",""seed"":20260912,""torch_version"":""2.14.0+cpu""}"
record:ecd260f878eca3953053a0546a9d068fbe9d4c0109fd2b85c07addfc7d588ea9,996561284979032065,indictrans2,ai4bharat/indictrans2-indic-en-1B,ai4bharat/indictrans2-indic-en-1B,Traffic Alert A tree has fallen in front of ITBP en route from Hamdard to Khanpur on M.B Road.,SUCCESS,2026-09-12T20:08:59.730349+00:00,20260912_blind_v5,8d8f5fcab9e03c6a1dfc90d5a2bfc7a3f92959df7f202b8e9bd65a169f2d9337,333a066f58e5324957c8ee93b0f5e584c316df18c8e26fb82a204f389b10b62a,d429e2d81f87262a1fb54bf20cb301d6932aff62edf818d862a50832c60dcf57,True,5.9204,,"{""actual_model"":""ai4bharat/indictrans2-indic-en-1B"",""decoding"":""beam search, no sampling; reproducibility limited to pinned environment/hardware"",""device"":""cpu"",""revision"":""ac3daf0ecd37be3b6957764a9179ab2b07fa9d6a"",""seed"":20260912,""torch_version"":""2.14.0+cpu""}"
record:eda4204bf2d70fc092444ae21c8d0482f3ab9dff361acc1640d7c2d07617e608,1022696416584650752,indictrans2,ai4bharat/indictrans2-indic-en-1B,ai4bharat/indictrans2-indic-en-1B,"Traffic Alert Traffic is affected due to waterlogging near Meet Nagar on the route from Loni roundabout to Gagan Chowk, please avoid using this route.",SUCCESS,2026-09-12T20:09:05.650441+00:00,20260912_blind_v5,8d8f5fcab9e03c6a1dfc90d5a2bfc7a3f92959df7f202b8e9bd65a169f2d9337,4d3f79e01374ee9a8d7dcd9a6efec95352eb3660e497f01a0c7eb17056b47d53,e63a8c5a85451e3f2c210f5a1c995ac3b7811cd93d528491c48ba866a63698b8,True,14.383395,,"{""actual_model"":""ai4bharat/indictrans2-indic-en-1B"",""decoding"":""beam search, no sampling; reproducibility limited to pinned environment/hardware"",""device"":""cpu"",""revision"":""ac3daf0ecd37be3b6957764a9179ab2b07fa9d6a"",""seed"":20260912,""torch_version"":""2.14.0+cpu""}"
record:edada642477be40ce35d1c5e6581f9d214f52e917a88650f0d962050d7855d55,1067280101329592320,indictrans2,ai4bharat/indictrans2-indic-en-1B,ai4bharat/indictrans2-indic-en-1B,Traffic Alert A car that caught fire near Bhartiya Sadhu Samaj roundabout on Sardar Patel Marg has been removed. Traffic is normal.,SUCCESS,2026-09-12T20:09:20.032147+00:00,20260912_blind_v5,8d8f5fcab9e03c6a1dfc90d5a2bfc7a3f92959df7f202b8e9bd65a169f2d9337,9c3124ec02ccef0ffce44047af3866494dd24e6bbbc2225fb1e70fa41a71f2e2,12f235845f2ce5a7f67a9c35f4a582f2b2e2471dd2c78075a6d65f3673e7e34c,True,30.325285,,"{""actual_model"":""ai4bharat/indictrans2-indic-en-1B"",""decoding"":""beam search, no sampling; reproducibility limited to pinned environment/hardware"",""device"":""cpu"",""revision"":""ac3daf0ecd37be3b6957764a9179ab2b07fa9d6a"",""seed"":20260912,""torch_version"":""2.14.0+cpu""}"
record:edd67d517ba5dceb7534a040d4b57911dc7f9b3f1776d61d23f3af26667ea988,1085206033268703234,indictrans2,ai4bharat/indictrans2-indic-en-1B,ai4bharat/indictrans2-indic-en-1B,Traffic Alert Traffic has been opened on Mahatma Gandhi Marg from Shanti Van towards ISBT.,SUCCESS,2026-09-12T20:09:50.362012+00:00,20260912_blind_v5,8d8f5fcab9e03c6a1dfc90d5a2bfc7a3f92959df7f202b8e9bd65a169f2d9337,19868394fa63995722858dcdb9121279d6ce2280d8fc81b2cca56898c8bf3f0f,9a8a58aa984882a30e6130b616204436b4ffe92b24f34f2d302de045da00ace5,True,20.407465,,"{""actual_model"":""ai4bharat/indictrans2-indic-en-1B"",""decoding"":""beam search, no sampling; reproducibility limited to pinned environment/hardware"",""device"":""cpu"",""revision"":""ac3daf0ecd37be3b6957764a9179ab2b07fa9d6a"",""seed"":20260912,""torch_version"":""2.14.0+cpu""}"
record:edeb50ce173ee0e91f8aff11471132d1e9cbaa1d325f5e657fd62d15f3b3b4d6,1063811412810584066,indictrans2,ai4bharat/indictrans2-indic-en-1B,ai4bharat/indictrans2-indic-en-1B,Traffic Alert The procession of Lord Jagannath Yatra which started from 15th August Park Red Fort has reached back to 15th August Park Red Fort and the traffic is normal now.,SUCCESS,2026-09-12T20:10:10.768640+00:00,20260912_blind_v5,8d8f5fcab9e03c6a1dfc90d5a2bfc7a3f92959df7f202b8e9bd65a169f2d9337,6806447c6914c285ef24cc6c5d4c5dbf1d4289d6eab2232a8680df76eebd21cb,205785b43558de9cf06fde685c9b99247cc1f3907f46df6344fb670047cb097c,True,27.865188,,"{""actual_model"":""ai4bharat/indictrans2-indic-en-1B"",""decoding"":""beam search, no sampling; reproducibility limited to pinned environment/hardware"",""device"":""cpu"",""revision"":""ac3daf0ecd37be3b6957764a9179ab2b07fa9d6a"",""seed"":20260912,""torch_version"":""2.14.0+cpu""}"
record:ee6b9bf66dbd6cc0b279c62c96becca3157dae6b07ad5957b0bf86ea16fdcc81,1012190838569521157,indictrans2,ai4bharat/indictrans2-indic-en-1B,ai4bharat/indictrans2-indic-en-1B,Traffic Alert Nangloi to Najafgarh Road near Nangloi Crematorium and TVS Showroom is blocked. Please avoid using this route.,SUCCESS,2026-09-12T20:10:38.635367+00:00,20260912_blind_v5,8d8f5fcab9e03c6a1dfc90d5a2bfc7a3f92959df7f202b8e9bd65a169f2d9337,edce16bd0719d954377c7715764a0c8a59746094eda5d6de2c7c52d8e6a54d8f,cee0a93451f7fc40ee22e8cbdea4eea37a9407cabf6f0d075912f3e550a3a410,True,7.338269,,"{""actual_model"":""ai4bharat/indictrans2-indic-en-1B"",""decoding"":""beam search, no sampling; reproducibility limited to pinned environment/hardware"",""device"":""cpu"",""revision"":""ac3daf0ecd37be3b6957764a9179ab2b07fa9d6a"",""seed"":20260912,""torch_version"":""2.14.0+cpu""}"
record:ee7e01cad316b10227381240a3f3ed793392865f6a6208e7fc34c1de9a4dfde2,1066252812940533760,indictrans2,ai4bharat/indictrans2-indic-en-1B,ai4bharat/indictrans2-indic-en-1B,"Traffic Alert Due to Radha Soami Satsang, traffic will be disrupted on these routes: - Mehrauli to IIT, Aurobindo Marg to Lado Sarai, PTS Red Light to Adchini, Ahimsa Sthal to PTS Red Light. Avoid using these routes.",SUCCESS,2026-09-12T20:10:45.973937+00:00,20260912_blind_v5,8d8f5fcab9e03c6a1dfc90d5a2bfc7a3f92959df7f202b8e9bd65a169f2d9337,cca5e4cf45ec4afb9431dc4d12e30b5fbcb85f224bd449df034fba15274dabd9,6a9df190628cf2f60553398ff58f0367118b458a74ba28e4aff70f14cc1dd7c7,True,14.366822,,"{""actual_model"":""ai4bharat/indictrans2-indic-en-1B"",""decoding"":""beam search, no sampling; reproducibility limited to pinned environment/hardware"",""device"":""cpu"",""revision"":""ac3daf0ecd37be3b6957764a9179ab2b07fa9d6a"",""seed"":20260912,""torch_version"":""2.14.0+cpu""}"
record:ef1f6b241b2de3f84ce99e1ef76f7e3d420bd0ee75903dbaf37ab64b20ef93b0,1064742514752552960,indictrans2,ai4bharat/indictrans2-indic-en-1B,ai4bharat/indictrans2-indic-en-1B,Traffic Alert Traffic is disrupted due to a car breakdown on Loop Road en route from DND to Ashram Flyover.,SUCCESS,2026-09-12T20:11:00.340841+00:00,20260912_blind_v5,8d8f5fcab9e03c6a1dfc90d5a2bfc7a3f92959df7f202b8e9bd65a169f2d9337,c97dca46912258fec444d77fdc0a50153c5d6f912cc8b41eaa140423730ef0d3,68cca6bb88721f6f047ed01e2733c22153d907e2b361a2d307a98e739a4e1966,True,30.572184,,"{""actual_model"":""ai4bharat/indictrans2-indic-en-1B"",""decoding"":""beam search, no sampling; reproducibility limited to pinned environment/hardware"",""device"":""cpu"",""revision"":""ac3daf0ecd37be3b6957764a9179ab2b07fa9d6a"",""seed"":20260912,""torch_version"":""2.14.0+cpu""}"
record:efc7cafe71571ab1c61d837eb8d8631b30026acaa6fc86a35c6f7135bbbf1cb6,548887585352056834,indictrans2,ai4bharat/indictrans2-indic-en-1B,ai4bharat/indictrans2-indic-en-1B,Traffic Alert Traffic is now normal from Shyamlal College to Bihari Colony (Road No. 57).,SUCCESS,2026-09-12T20:11:30.912831+00:00,20260912_blind_v5,8d8f5fcab9e03c6a1dfc90d5a2bfc7a3f92959df7f202b8e9bd65a169f2d9337,013dbb578a96815e0620dc9c4af36b096ea5c9451243d17353fe78c59facf098,e90e5f901ac9a52eef6f4f53c068c8357bddc5cabb654862dd00fbe288c1aad7,True,22.298208,,"{""actual_model"":""ai4bharat/indictrans2-indic-en-1B"",""decoding"":""beam search, no sampling; reproducibility limited to pinned environment/hardware"",""device"":""cpu"",""revision"":""ac3daf0ecd37be3b6957764a9179ab2b07fa9d6a"",""seed"":20260912,""torch_version"":""2.14.0+cpu""}"
record:efef45054cb7e15a2d267bdf37c6cb5a834b6314ae46a750e2fdc6bed96ab11f,1067381284341567488,indictrans2,ai4bharat/indictrans2-indic-en-1B,ai4bharat/indictrans2-indic-en-1B,Traffic Alert A metro crane that broke down on National Highway 48 near Dhaula Kuan flyover has been removed.,SUCCESS,2026-09-12T20:11:53.209881+00:00,20260912_blind_v5,8d8f5fcab9e03c6a1dfc90d5a2bfc7a3f92959df7f202b8e9bd65a169f2d9337,cd72fd387a69bc0c3818eab070c1e755cc649d8d0c307c0a81bef21d6ca2b312,8258f795b890cef36e14ed2d00b0f09cdc0909e3acc82f8332c06e5e2089c1eb,True,31.67837,,"{""actual_model"":""ai4bharat/indictrans2-indic-en-1B"",""decoding"":""beam search, no sampling; reproducibility limited to pinned environment/hardware"",""device"":""cpu"",""revision"":""ac3daf0ecd37be3b6957764a9179ab2b07fa9d6a"",""seed"":20260912,""torch_version"":""2.14.0+cpu""}"
record:f055515bf77e10bbef45897581e243d1a0bdb409ab164d678866df62ed131763,1097812390983348224,indictrans2,ai4bharat/indictrans2-indic-en-1B,ai4bharat/indictrans2-indic-en-1B,Traffic Alert Ravidas Jayanti procession is currently going on Rani Jhansi Marg Traffic is affected in Paharganj area.,SUCCESS,2026-09-12T20:12:24.880759+00:00,20260912_blind_v5,8d8f5fcab9e03c6a1dfc90d5a2bfc7a3f92959df7f202b8e9bd65a169f2d9337,95151604234bf6f3d8dba7c6a8d0ceed1cf8c3bb2db8ec2d3e3925c3fa500e94,1c7226164bdfad5b53ee4740b65f19e6512a0daadecca64ac13fa92b2e4e5f6e,True,6.447164,,"{""actual_model"":""ai4bharat/indictrans2-indic-en-1B"",""decoding"":""beam search, no sampling; reproducibility limited to pinned environment/hardware"",""device"":""cpu"",""revision"":""ac3daf0ecd37be3b6957764a9179ab2b07fa9d6a"",""seed"":20260912,""torch_version"":""2.14.0+cpu""}"
record:f0946696dba8f6006bec76ef268bda166f067f0e6b4d8adb6e12c7b89c9f867f,1036504552676122624,indictrans2,ai4bharat/indictrans2-indic-en-1B,ai4bharat/indictrans2-indic-en-1B,Traffic Alert Nala Road Pusta Road SDM Office Geeta Colony near T-Point Traffic affected due to waterlogging!,SUCCESS,2026-09-12T20:12:31.336527+00:00,20260912_blind_v5,8d8f5fcab9e03c6a1dfc90d5a2bfc7a3f92959df7f202b8e9bd65a169f2d9337,d59b24b515f0ab5fea5a3e2a92a3ad1b0389dc4128beb9aab6128c9b35bed845,90a78b7ac29898d25e1d67e35b2fc4365264bc7ea5dd54bb6bbe25171b8313e1,True,6.568153,,"{""actual_model"":""ai4bharat/indictrans2-indic-en-1B"",""decoding"":""beam search, no sampling; reproducibility limited to pinned environment/hardware"",""device"":""cpu"",""revision"":""ac3daf0ecd37be3b6957764a9179ab2b07fa9d6a"",""seed"":20260912,""torch_version"":""2.14.0+cpu""}"
record:f09c8f71639ca5b3b9b5627a3d7bb467dfefcc7ec1a064e8bf5f492b77e4ee5e,993676002285862912,indictrans2,ai4bharat/indictrans2-indic-en-1B,ai4bharat/indictrans2-indic-en-1B,TRAFFIC ALERT A tree has fallen near Rohini Metro Station en route Madhuban Chowk to Rithala affecting traffic movement.,SUCCESS,2026-09-12T20:12:37.906263+00:00,20260912_blind_v5,8d8f5fcab9e03c6a1dfc90d5a2bfc7a3f92959df7f202b8e9bd65a169f2d9337,39c95bc55e1349d0dcd3459c55f7e14652b52460d65a6364e6f9b46239c07951,f5dd9c1a023b52ea16477b55ba855f5e65cbf5ef3512ea7728494c2fbe91494c,True,8.403106,,"{""actual_model"":""ai4bharat/indictrans2-indic-en-1B"",""decoding"":""beam search, no sampling; reproducibility limited to pinned environment/hardware"",""device"":""cpu"",""revision"":""ac3daf0ecd37be3b6957764a9179ab2b07fa9d6a"",""seed"":20260912,""torch_version"":""2.14.0+cpu""}"
record:f1d054035d70f99cdd3b96a866f64124483242cb61cbbd51def3581d6528f6fb,1088109493097906176,indictrans2,ai4bharat/indictrans2-indic-en-1B,ai4bharat/indictrans2-indic-en-1B,Traffic Alert Two cars were set on fire on Road No. 66 en route from Anand Vihar to Apsara Border which have now been removed Traffic is normal now.,SUCCESS,2026-09-12T20:12:46.309491+00:00,20260912_blind_v5,8d8f5fcab9e03c6a1dfc90d5a2bfc7a3f92959df7f202b8e9bd65a169f2d9337,b3d6d5f116fa983ae3f03c5c2493d47d77b8e289367e0109fe47c0c6cd2d2bc9,44a4af62975cfd1a075a7115d8e356ed44c6d97d54c7ff4176ab64101791d7ef,True,27.510989,,"{""actual_model"":""ai4bharat/indictrans2-indic-en-1B"",""decoding"":""beam search, no sampling; reproducibility limited to pinned environment/hardware"",""device"":""cpu"",""revision"":""ac3daf0ecd37be3b6957764a9179ab2b07fa9d6a"",""seed"":20260912,""torch_version"":""2.14.0+cpu""}"
record:f2853242ebe750da4be393493d758d9b5571778c4d2118ac0449a3bd662a0396,845127287288741889,indictrans2,ai4bharat/indictrans2-indic-en-1B,ai4bharat/indictrans2-indic-en-1B,"Traffic Alert Jal Board officials are working on Kashmere Gate Ring Road, due to which Hanuman Temple to Chandgi Ram Akhara 2 / 1",SUCCESS,2026-09-12T20:13:13.818970+00:00,20260912_blind_v5,8d8f5fcab9e03c6a1dfc90d5a2bfc7a3f92959df7f202b8e9bd65a169f2d9337,541b434831dcc229c7576bf54eb3769bcd7027ef147b11954b8bd67cf845bb81,2100ea40d37d3ad9acf4839c081ef34164b52d90dc96eb72cc8b937f8e91f280,True,33.591343,,"{""actual_model"":""ai4bharat/indictrans2-indic-en-1B"",""decoding"":""beam search, no sampling; reproducibility limited to pinned environment/hardware"",""device"":""cpu"",""revision"":""ac3daf0ecd37be3b6957764a9179ab2b07fa9d6a"",""seed"":20260912,""torch_version"":""2.14.0+cpu""}"
record:f2a9c1fb346024561f7ae802171ad676fea6e6d901e4cfe4dbbdd9d72e40983d,629616135097438208,indictrans2,ai4bharat/indictrans2-indic-en-1B,ai4bharat/indictrans2-indic-en-1B,Traffic Alert Traffic on Lala Lajpat Rai Marg (BRT Outer Ring Road) is heavy. Sorry for the inconvenience.,SUCCESS,2026-09-12T20:13:47.410058+00:00,20260912_blind_v5,8d8f5fcab9e03c6a1dfc90d5a2bfc7a3f92959df7f202b8e9bd65a169f2d9337,b41d942f91a651090d7f544c6f459b59cbdef0caad29c504c7d43afced3eaa45,56ea39805317415ba528f324527e3f0075ead2eb2770ad12de4c479ad26cfaa1,True,26.141941,,"{""actual_model"":""ai4bharat/indictrans2-indic-en-1B"",""decoding"":""beam search, no sampling; reproducibility limited to pinned environment/hardware"",""device"":""cpu"",""revision"":""ac3daf0ecd37be3b6957764a9179ab2b07fa9d6a"",""seed"":20260912,""torch_version"":""2.14.0+cpu""}"
record:f343f8be0863e903593bbb725d094c727c5772bcc1ae0b19d12f6aa65a084b51,1007945590368595968,indictrans2,ai4bharat/indictrans2-indic-en-1B,ai4bharat/indictrans2-indic-en-1B,"Traffic Alert A cluster bus en route from Moolchand to Ashram has a breakdown, please avoid using this route!",SUCCESS,2026-09-12T20:14:13.553295+00:00,20260912_blind_v5,8d8f5fcab9e03c6a1dfc90d5a2bfc7a3f92959df7f202b8e9bd65a169f2d9337,cf6a963c22345c3099ad48d361bfa92a0480658f12915f95241bf022933f64ff,ca240272766641575db8cc71ccf3342546b434d5be5b55077e8aa65b19ab9426,True,7.20813,,"{""actual_model"":""ai4bharat/indictrans2-indic-en-1B"",""decoding"":""beam search, no sampling; reproducibility limited to pinned environment/hardware"",""device"":""cpu"",""revision"":""ac3daf0ecd37be3b6957764a9179ab2b07fa9d6a"",""seed"":20260912,""torch_version"":""2.14.0+cpu""}"
record:f380dccc7516d7f7d3ae9c93f32ecd7f0d10d92a5dd945e11a3c5e84b7d58384,1054402327623327744,indictrans2,ai4bharat/indictrans2-indic-en-1B,ai4bharat/indictrans2-indic-en-1B,Traffic Alert Traffic is affected due to a pothole under Janakpuri West Metro Station on the route from Tilak Nagar to Uttam Nagar. Motorists are advised to avoid using this route.,SUCCESS,2026-09-12T20:14:20.762907+00:00,20260912_blind_v5,8d8f5fcab9e03c6a1dfc90d5a2bfc7a3f92959df7f202b8e9bd65a169f2d9337,6f4444c4db6daf1b735895496ddbcfb16e33c5c638c4a9cbcc5a28debbbe1943,c207f7e0ca1b57ca70b9535b15718c24e8b31fa64044fa6553b2424c2ffe4184,True,8.872749,,"{""actual_model"":""ai4bharat/indictrans2-indic-en-1B"",""decoding"":""beam search, no sampling; reproducibility limited to pinned environment/hardware"",""device"":""cpu"",""revision"":""ac3daf0ecd37be3b6957764a9179ab2b07fa9d6a"",""seed"":20260912,""torch_version"":""2.14.0+cpu""}"
record:f3c4f09a9f7f41d0460cf14322831b2c3690640a222b804d36473097a23d042c,786744743938039808,indictrans2,ai4bharat/indictrans2-indic-en-1B,ai4bharat/indictrans2-indic-en-1B,Traffic Alert Dwarka Sector 21 Railway Under Pass is in progress which will run from 08.10.2016 to 14.10.2016 due to which 1 / 2 am,SUCCESS,2026-09-12T20:14:29.635303+00:00,20260912_blind_v5,8d8f5fcab9e03c6a1dfc90d5a2bfc7a3f92959df7f202b8e9bd65a169f2d9337,113c8e7a53c42fe8ae2911ac477db825688eab267dc4f5be8b98a81c9496c4c1,f17238c9abe5edd1eafaef4043e6657bf300135540c170bfb019b6a3bdcb6adf,True,11.885083,,"{""actual_model"":""ai4bharat/indictrans2-indic-en-1B"",""decoding"":""beam search, no sampling; reproducibility limited to pinned environment/hardware"",""device"":""cpu"",""revision"":""ac3daf0ecd37be3b6957764a9179ab2b07fa9d6a"",""seed"":20260912,""torch_version"":""2.14.0+cpu""}"
record:f3f4b8fe791b2e297a3688bbaf5b0166f01c1f4fda91363fc13a7bbd2d43a922,1019136241403596805,indictrans2,ai4bharat/indictrans2-indic-en-1B,ai4bharat/indictrans2-indic-en-1B,Traffic Alert Traffic is affected due to a fire in a DTC bus en route to Munirka from RTR Flyover.,SUCCESS,2026-09-12T20:14:41.517542+00:00,20260912_blind_v5,8d8f5fcab9e03c6a1dfc90d5a2bfc7a3f92959df7f202b8e9bd65a169f2d9337,a869bbc7f79a5a9b1772b305f7e36d6fd8c9513b0f7e8fce9a4a64649b685098,5564a0aaf54708c9734e5d6216d5d545048aea2367588e4f3b61c8fbb0909975,True,30.464385,,"{""actual_model"":""ai4bharat/indictrans2-indic-en-1B"",""decoding"":""beam search, no sampling; reproducibility limited to pinned environment/hardware"",""device"":""cpu"",""revision"":""ac3daf0ecd37be3b6957764a9179ab2b07fa9d6a"",""seed"":20260912,""torch_version"":""2.14.0+cpu""}"
record:f439bc839e2ac6ecc2b0441b81d64acb0f3a0d43fd145b6c27c04309cbf216d2,882901211648712705,indictrans2,ai4bharat/indictrans2-indic-en-1B,ai4bharat/indictrans2-indic-en-1B,"Traffic Alert: Repair work underway at Seelampur flyover en route Seelampur to Shahdara, disrupting traffic.",SUCCESS,2026-09-12T20:15:11.976850+00:00,20260912_blind_v5,8d8f5fcab9e03c6a1dfc90d5a2bfc7a3f92959df7f202b8e9bd65a169f2d9337,14819060bfe6832f3e80481a47dcdfa935446bfcebad2667558be77d960abc9f,033b81f165b5a86c23c46ccf27dc81e3044e1344b3acd51650e952484d9e22b0,True,29.23634,,"{""actual_model"":""ai4bharat/indictrans2-indic-en-1B"",""decoding"":""beam search, no sampling; reproducibility limited to pinned environment/hardware"",""device"":""cpu"",""revision"":""ac3daf0ecd37be3b6957764a9179ab2b07fa9d6a"",""seed"":20260912,""torch_version"":""2.14.0+cpu""}"
record:f44528134398c7046673fb12d8c176c95de016ced4635922257f01bd78f1e7f7,1068371862017597440,indictrans2,ai4bharat/indictrans2-indic-en-1B,ai4bharat/indictrans2-indic-en-1B,Traffic Alert All India Kisan Sangharsh Coordination Committee march from Ramlila Maidan to Guru Nanak Chowk involving 7000 to 8000 people. Traffic affected.,SUCCESS,2026-09-12T20:15:41.222262+00:00,20260912_blind_v5,8d8f5fcab9e03c6a1dfc90d5a2bfc7a3f92959df7f202b8e9bd65a169f2d9337,f372c0e6117a7e0757fc9b0e5ccb36007051c7c83b085136b56e314eb46124be,8ff05d8b6b8a66af5bb51c338541d06c5d90f75a6493745ead8521eeeebdf7f0,True,20.249818,,"{""actual_model"":""ai4bharat/indictrans2-indic-en-1B"",""decoding"":""beam search, no sampling; reproducibility limited to pinned environment/hardware"",""device"":""cpu"",""revision"":""ac3daf0ecd37be3b6957764a9179ab2b07fa9d6a"",""seed"":20260912,""torch_version"":""2.14.0+cpu""}"
record:f451c26a1892d0287a219dad7cc236d42fe783a3e38837cf6e216b1ddbf62216,1034317438362443776,indictrans2,ai4bharat/indictrans2-indic-en-1B,ai4bharat/indictrans2-indic-en-1B,"Traffic Alert Traffic on Bhorgarh to Alipur route is disrupted due to breach in culvert and bending of two electric poles, please avoid using this route!",SUCCESS,2026-09-12T20:16:01.472257+00:00,20260912_blind_v5,8d8f5fcab9e03c6a1dfc90d5a2bfc7a3f92959df7f202b8e9bd65a169f2d9337,28a7c50a75b1c169e0551169cdf7536b9106750315ec5b9004478b87400bbbf7,c85c01ef99e1b831932e7d500290258249b2ab86c3ad99f1548bae5df0585579,True,8.105947,,"{""actual_model"":""ai4bharat/indictrans2-indic-en-1B"",""decoding"":""beam search, no sampling; reproducibility limited to pinned environment/hardware"",""device"":""cpu"",""revision"":""ac3daf0ecd37be3b6957764a9179ab2b07fa9d6a"",""seed"":20260912,""torch_version"":""2.14.0+cpu""}"
record:f46dd5e76b356229356c799029b9ab268a42c0b216d580a85aa92f1da0053601,1116608231080464386,indictrans2,ai4bharat/indictrans2-indic-en-1B,ai4bharat/indictrans2-indic-en-1B,Traffic Alert Traffic from Najafgarh to Nangloi is disrupted due to drain water overflowing on the road near Hanuman temple.,SUCCESS,2026-09-12T20:16:09.578334+00:00,20260912_blind_v5,8d8f5fcab9e03c6a1dfc90d5a2bfc7a3f92959df7f202b8e9bd65a169f2d9337,52dd29867d6a05f7a0af6d7779dc7823e07b8a8b95e1ad95cf5204a1f0f6b6df,3f59a97adf42c4dce059d148ef208289e5c3004ae8a0c9d690d6626071bafad0,True,6.819116,,"{""actual_model"":""ai4bharat/indictrans2-indic-en-1B"",""decoding"":""beam search, no sampling; reproducibility limited to pinned environment/hardware"",""device"":""cpu"",""revision"":""ac3daf0ecd37be3b6957764a9179ab2b07fa9d6a"",""seed"":20260912,""torch_version"":""2.14.0+cpu""}"
record:f5977755a823a3a5d9a8a605889be0ee67f17accc2026cca06e2c672dc3141f0,805405527169593344,indictrans2,ai4bharat/indictrans2-indic-en-1B,ai4bharat/indictrans2-indic-en-1B,Traffic Alert Outer Circle Traffic coming from Connaught Place on Baba Kharak Singh Marg has been diverted.,SUCCESS,2026-09-12T20:16:16.396679+00:00,20260912_blind_v5,8d8f5fcab9e03c6a1dfc90d5a2bfc7a3f92959df7f202b8e9bd65a169f2d9337,270f48b10e26c4540ebdc184909ceb62ef46c1941a1db1cd20f2e6d26446730d,4480345077749ea0131c459e5132a36f18e8391537a55b4b4535eb8297f67646,True,5.317121,,"{""actual_model"":""ai4bharat/indictrans2-indic-en-1B"",""decoding"":""beam search, no sampling; reproducibility limited to pinned environment/hardware"",""device"":""cpu"",""revision"":""ac3daf0ecd37be3b6957764a9179ab2b07fa9d6a"",""seed"":20260912,""torch_version"":""2.14.0+cpu""}"
record:f66cacb4a7688671fcf818707ef2cbacc55e1f566df0fa6d2a1508555a7426e5,851425425481908224,indictrans2,ai4bharat/indictrans2-indic-en-1B,ai4bharat/indictrans2-indic-en-1B,Traffic Alert Elevated road work is going on at Barapullah in the carriage way from Nizamuddin to Mayur Vihar.,SUCCESS,2026-09-12T20:16:21.715328+00:00,20260912_blind_v5,8d8f5fcab9e03c6a1dfc90d5a2bfc7a3f92959df7f202b8e9bd65a169f2d9337,bd143ec8c17942c1b9c89a2bf66d1527545d7aceac5e5173dac4dd4addedbac6,6a460da0cd100aec154de7c82f9c0a9630002224bf35efb956c6bc78d6b8086c,True,35.320553,,"{""actual_model"":""ai4bharat/indictrans2-indic-en-1B"",""decoding"":""beam search, no sampling; reproducibility limited to pinned environment/hardware"",""device"":""cpu"",""revision"":""ac3daf0ecd37be3b6957764a9179ab2b07fa9d6a"",""seed"":20260912,""torch_version"":""2.14.0+cpu""}"
record:f6fa701f89613cc65bf2244e82c21f9429ce8c9d7d973d5d0a7bb459f8cd260f,1021770596756148229,indictrans2,ai4bharat/indictrans2-indic-en-1B,ai4bharat/indictrans2-indic-en-1B,Traffic Alert A tree has fallen on the road leading from ITO to DDU Marg due to which traffic is affected. Please avoid using this route!,SUCCESS,2026-09-12T20:16:57.035853+00:00,20260912_blind_v5,8d8f5fcab9e03c6a1dfc90d5a2bfc7a3f92959df7f202b8e9bd65a169f2d9337,844feaa248c4ee17bb09ac9c0f12fbe6f5254ca11cf581f3757574f7e169b038,22f28f59043d52be1c611ac24878d11606a5d7c4e1dc24a8a7b6c9a9cd9fa512,True,30.642533,,"{""actual_model"":""ai4bharat/indictrans2-indic-en-1B"",""decoding"":""beam search, no sampling; reproducibility limited to pinned environment/hardware"",""device"":""cpu"",""revision"":""ac3daf0ecd37be3b6957764a9179ab2b07fa9d6a"",""seed"":20260912,""torch_version"":""2.14.0+cpu""}"
record:f74b7dc7c1aff017702317e3d07c7d63de6718c6f615bf00367ebf4dfd725c82,864856892882829312,indictrans2,ai4bharat/indictrans2-indic-en-1B,ai4bharat/indictrans2-indic-en-1B,Traffic Alert Traffic is heavy on the route from Patel Nagar to Punjabi Bagh Motorists who wish to go to Punjabi Bagh 1 / 2,SUCCESS,2026-09-12T20:17:27.677739+00:00,20260912_blind_v5,8d8f5fcab9e03c6a1dfc90d5a2bfc7a3f92959df7f202b8e9bd65a169f2d9337,359c61f813d97a7ef7291ea2e1e143df9c49989b67e9ef32c2e37a14ae5d796d,c65627dbc9813f71756af04b3e75357ca9bafc934d335089d5a29acd8e52cd33,True,19.492541,,"{""actual_model"":""ai4bharat/indictrans2-indic-en-1B"",""decoding"":""beam search, no sampling; reproducibility limited to pinned environment/hardware"",""device"":""cpu"",""revision"":""ac3daf0ecd37be3b6957764a9179ab2b07fa9d6a"",""seed"":20260912,""torch_version"":""2.14.0+cpu""}"
record:f74e39cc9e0bfcfdeccc33e0e3596ad424e18dbc9d9c9377e7b063e9ed496f36,1003094008422285312,indictrans2,ai4bharat/indictrans2-indic-en-1B,ai4bharat/indictrans2-indic-en-1B,Traffic Alert: Ashoka Road and Janpath Road are closed to traffic due to cycle race.,SUCCESS,2026-09-12T20:17:47.170377+00:00,20260912_blind_v5,8d8f5fcab9e03c6a1dfc90d5a2bfc7a3f92959df7f202b8e9bd65a169f2d9337,e31fdaa6bfed31b045f42568f06c07330eab219ff38fe345840136bf69e2b21d,17c691ba4165f73e63548a39ad55e9246393d930e68711d043cfc5343a671b35,True,3.890615,,"{""actual_model"":""ai4bharat/indictrans2-indic-en-1B"",""decoding"":""beam search, no sampling; reproducibility limited to pinned environment/hardware"",""device"":""cpu"",""revision"":""ac3daf0ecd37be3b6957764a9179ab2b07fa9d6a"",""seed"":20260912,""torch_version"":""2.14.0+cpu""}"
record:f75c654f7d4e6deb2224c57db1f35c63cefc19b33f7552ff335891f223e08708,619801226763444224,indictrans2,ai4bharat/indictrans2-indic-en-1B,ai4bharat/indictrans2-indic-en-1B,Traffic Alert Traffic on route from Ashram to Badarpur is affected due to a fallen tree at Okhla Mode\ u093C red light. Sorry for the inconvenience.,SUCCESS,2026-09-12T20:17:51.061766+00:00,20260912_blind_v5,8d8f5fcab9e03c6a1dfc90d5a2bfc7a3f92959df7f202b8e9bd65a169f2d9337,3a043602da81db46b793bd7d87bd54407e484ebd113a3897702aa7da73cccd91,3a24f9975ab4544a086f7d9594740054d7e578ab93b59269a38ce1f9bab2b7df,True,9.241822,,"{""actual_model"":""ai4bharat/indictrans2-indic-en-1B"",""decoding"":""beam search, no sampling; reproducibility limited to pinned environment/hardware"",""device"":""cpu"",""revision"":""ac3daf0ecd37be3b6957764a9179ab2b07fa9d6a"",""seed"":20260912,""torch_version"":""2.14.0+cpu""}"
record:f77ba8e471d12824cdeeb975d36ed5d06289b851b06909d8183dd8da20e6e14c,1067388758150938625,indictrans2,ai4bharat/indictrans2-indic-en-1B,ai4bharat/indictrans2-indic-en-1B,Traffic Alert Traffic from Shantivan to and from ISBT has been diverted towards Geeta Colony Flyover and traffic from Kotwali to and from ISBT has been further diverted towards Geeta Colony Flyover and Rajghat.,SUCCESS,2026-09-12T20:18:00.304762+00:00,20260912_blind_v5,8d8f5fcab9e03c6a1dfc90d5a2bfc7a3f92959df7f202b8e9bd65a169f2d9337,4367868ca5f9dabcbf7e6addec66a0cf2acc1b5687a9b381614ec7725b9081e4,b59978897a0a28d888455fa569bd571464bf4ac47724ca80ea105844402b94f4,True,19.854453,,"{""actual_model"":""ai4bharat/indictrans2-indic-en-1B"",""decoding"":""beam search, no sampling; reproducibility limited to pinned environment/hardware"",""device"":""cpu"",""revision"":""ac3daf0ecd37be3b6957764a9179ab2b07fa9d6a"",""seed"":20260912,""torch_version"":""2.14.0+cpu""}"
record:f789c3d26fc3db0533bfa99a6006b5ea1358aca4fc98d4b25b92079cd925d061,935360692340662273,indictrans2,ai4bharat/indictrans2-indic-en-1B,ai4bharat/indictrans2-indic-en-1B,"Traffic Alert Traffic is moving in one lane due to construction of bridge over Azad Market due to which traffic will be heavy in nearby areas Azad Market, Sadar Bazar, Barf Khana, Pul Bangash, Tis Hazari and I.S.B.T.",SUCCESS,2026-09-12T20:18:20.160310+00:00,20260912_blind_v5,8d8f5fcab9e03c6a1dfc90d5a2bfc7a3f92959df7f202b8e9bd65a169f2d9337,a66933cfac886baa1afd9e50a121cf01778756ed7db63ccd55f4f6e7c5b336a3,136ff71ea9b6e2a68f663b41036bf9e6ead054afc270cd626814eefe044cdc49,True,56.569144,,"{""actual_model"":""ai4bharat/indictrans2-indic-en-1B"",""decoding"":""beam search, no sampling; reproducibility limited to pinned environment/hardware"",""device"":""cpu"",""revision"":""ac3daf0ecd37be3b6957764a9179ab2b07fa9d6a"",""seed"":20260912,""torch_version"":""2.14.0+cpu""}"
record:f7a5ad430f8f10d79f7406cf46698a725c11a26f321ca561fab774fcae08bdd9,596925206033207297,indictrans2,ai4bharat/indictrans2-indic-en-1B,ai4bharat/indictrans2-indic-en-1B,"Traffic Alert Due to road caving under Chirag Delhi Flyover, there will be heavy traffic. Sorry for the inconvenience.",SUCCESS,2026-09-12T20:19:16.726905+00:00,20260912_blind_v5,8d8f5fcab9e03c6a1dfc90d5a2bfc7a3f92959df7f202b8e9bd65a169f2d9337,b8709e4784d6986d24b75c7a0812a64c33e42e1d6c059eb8f201258ed7f03eed,e2062cd0a1f42aa937a78c9f55ca127b5d2c9c0b4e1b35e0ed62288ddc55c3c4,True,18.595012,,"{""actual_model"":""ai4bharat/indictrans2-indic-en-1B"",""decoding"":""beam search, no sampling; reproducibility limited to pinned environment/hardware"",""device"":""cpu"",""revision"":""ac3daf0ecd37be3b6957764a9179ab2b07fa9d6a"",""seed"":20260912,""torch_version"":""2.14.0+cpu""}"
record:f81a698fb5a2ed59e08d77e299ddd936d2cb769f7d23f7cb271384050ab6f627,592875879644143619,indictrans2,ai4bharat/indictrans2-indic-en-1B,ai4bharat/indictrans2-indic-en-1B,Traffic Alert: A tree\ u093C which had fallen on the road leading to Khan Market from Max Mueller Marg has now been removed.,SUCCESS,2026-09-12T20:19:35.323887+00:00,20260912_blind_v5,8d8f5fcab9e03c6a1dfc90d5a2bfc7a3f92959df7f202b8e9bd65a169f2d9337,c41bc7d86633af8485529c2c268abffab4c97310a1bc7f89bb42c4a1b1d2d4a1,6a32ae5143e122270884e4d9ae37bc12cf84e8a8fe91822331249bd6e6305bb8,True,8.432528,,"{""actual_model"":""ai4bharat/indictrans2-indic-en-1B"",""decoding"":""beam search, no sampling; reproducibility limited to pinned environment/hardware"",""device"":""cpu"",""revision"":""ac3daf0ecd37be3b6957764a9179ab2b07fa9d6a"",""seed"":20260912,""torch_version"":""2.14.0+cpu""}"
record:f8a48c147c5171cc4bbd7991a9c21892ec0cc850246faf4c3bcab3074f13893a,1110555292146810880,indictrans2,ai4bharat/indictrans2-indic-en-1B,ai4bharat/indictrans2-indic-en-1B,"Traffic Alert Pavement construction work is going on in the route from Mathura Road to Mithapur Chowk, due to which traffic will be disrupted.",SUCCESS,2026-09-12T20:19:43.751244+00:00,20260912_blind_v5,8d8f5fcab9e03c6a1dfc90d5a2bfc7a3f92959df7f202b8e9bd65a169f2d9337,b07fabbe85ddf3c8fe011120dfcac7c6475447e792c94c2ba33b3e3ff8838cbe,0c28057574e7b488debbcede6e62f4d816f139b0542fd1a7208d730b6a465eac,True,5.876436,,"{""actual_model"":""ai4bharat/indictrans2-indic-en-1B"",""decoding"":""beam search, no sampling; reproducibility limited to pinned environment/hardware"",""device"":""cpu"",""revision"":""ac3daf0ecd37be3b6957764a9179ab2b07fa9d6a"",""seed"":20260912,""torch_version"":""2.14.0+cpu""}"
record:f903881a98dc1fc818e98ad0ae597a0d6275dc9cdd6c843c98b36f8ec9cae2fb,997118644034330624,indictrans2,ai4bharat/indictrans2-indic-en-1B,ai4bharat/indictrans2-indic-en-1B,Traffic Alert: The road from Kalindi Kunj to Noida has been closed due to a fallen tree in Noida. Motorists are advised to take the route via DND.,SUCCESS,2026-09-12T20:19:49.632930+00:00,20260912_blind_v5,8d8f5fcab9e03c6a1dfc90d5a2bfc7a3f92959df7f202b8e9bd65a169f2d9337,f1c40c8d8bee765669c06b3eda9f60e56bbd0ed1007a5a741a6b42a9b9fc908c,456a1017e6e3338ad0dac6b66e978f47307394139775fd09607eb1783037296a,True,13.355227,,"{""actual_model"":""ai4bharat/indictrans2-indic-en-1B"",""decoding"":""beam search, no sampling; reproducibility limited to pinned environment/hardware"",""device"":""cpu"",""revision"":""ac3daf0ecd37be3b6957764a9179ab2b07fa9d6a"",""seed"":20260912,""torch_version"":""2.14.0+cpu""}"
record:f97566f91fe5123e1a807558c113df7cd8edaae929df66b55538f09988afe975,565444907272527872,indictrans2,ai4bharat/indictrans2-indic-en-1B,ai4bharat/indictrans2-indic-en-1B,Traffic Alert Traffic on Naraina Flyover to Dhaula Kuan carriageway is back to normal.,SUCCESS,2026-09-12T20:20:02.989771+00:00,20260912_blind_v5,8d8f5fcab9e03c6a1dfc90d5a2bfc7a3f92959df7f202b8e9bd65a169f2d9337,88b9e2a533a99b3178bbb91de610cf0146aa181ad62c50ba6d8d144e33a0021f,d64b1ee90b64a424d18fe712478bc9031b09a4e1094b934191a074a3bc20cf06,True,28.33388,,"{""actual_model"":""ai4bharat/indictrans2-indic-en-1B"",""decoding"":""beam search, no sampling; reproducibility limited to pinned environment/hardware"",""device"":""cpu"",""revision"":""ac3daf0ecd37be3b6957764a9179ab2b07fa9d6a"",""seed"":20260912,""torch_version"":""2.14.0+cpu""}"
record:fa624e9969ff5e4a1590f3b3c92ae1176ee7ae8f3f7076e35b6c57d3d4df37b5,877731691984375808,indictrans2,ai4bharat/indictrans2-indic-en-1B,ai4bharat/indictrans2-indic-en-1B,Traffic Alert: PWD work is going on at Air Force Station. Traffic will be affected. Please avoid using this route.,SUCCESS,2026-09-12T20:20:31.315974+00:00,20260912_blind_v5,8d8f5fcab9e03c6a1dfc90d5a2bfc7a3f92959df7f202b8e9bd65a169f2d9337,8f1cf72bf79dd0482766e08f1abcd8b6e8a348ceb944a5097a19743f57e39c47,9b78b4ed5ee9f88c53ba8189bcb7f3315a583a105160ab71a925f495caa299a2,True,23.82246,,"{""actual_model"":""ai4bharat/indictrans2-indic-en-1B"",""decoding"":""beam search, no sampling; reproducibility limited to pinned environment/hardware"",""device"":""cpu"",""revision"":""ac3daf0ecd37be3b6957764a9179ab2b07fa9d6a"",""seed"":20260912,""torch_version"":""2.14.0+cpu""}"
record:fa92276bc37b0513e90c78771fcd68230b829a2e17f3b980a530d6da17dc983e,632170530494390273,indictrans2,ai4bharat/indictrans2-indic-en-1B,ai4bharat/indictrans2-indic-en-1B,Traffic Alert Water pipeline burst at Azad Market Chowk causing heavy traffic. Sorry for the inconvenience.,SUCCESS,2026-09-12T20:20:55.143185+00:00,20260912_blind_v5,8d8f5fcab9e03c6a1dfc90d5a2bfc7a3f92959df7f202b8e9bd65a169f2d9337,3768da409a7ab2f58fc01a5476ef22a0a79e3061dd146b3e32208feb11c77f4f,e19dfeb01350768d7ce595b87fd1a4718388e4a8df55d378ad427ff831274570,True,22.086695,,"{""actual_model"":""ai4bharat/indictrans2-indic-en-1B"",""decoding"":""beam search, no sampling; reproducibility limited to pinned environment/hardware"",""device"":""cpu"",""revision"":""ac3daf0ecd37be3b6957764a9179ab2b07fa9d6a"",""seed"":20260912,""torch_version"":""2.14.0+cpu""}"
record:fb216498d32c4e8d6f53fe89c41fdb1b36a04d7e48b3b63a63a0e091d9908ff6,1114519762204102667,indictrans2,ai4bharat/indictrans2-indic-en-1B,ai4bharat/indictrans2-indic-en-1B,"Traffic Alert Delhi Jal Board work is going on near Shamshan Ghat Gate No-1 (Lodhi Road) on the way from Moolchand to Lodhi Hotel, due to which traffic is disrupted.",SUCCESS,2026-09-12T20:21:17.234915+00:00,20260912_blind_v5,8d8f5fcab9e03c6a1dfc90d5a2bfc7a3f92959df7f202b8e9bd65a169f2d9337,5995e0bea3efdf233454d6d69547389beff8b965ccc557c52e6f9d865be70bff,937c64c6fe3a2422e32243887aa6187d75407b788157e6dfb51a296072240271,True,17.14407,,"{""actual_model"":""ai4bharat/indictrans2-indic-en-1B"",""decoding"":""beam search, no sampling; reproducibility limited to pinned environment/hardware"",""device"":""cpu"",""revision"":""ac3daf0ecd37be3b6957764a9179ab2b07fa9d6a"",""seed"":20260912,""torch_version"":""2.14.0+cpu""}"
record:fb3c98f4d0c057dab449212cbfbff16d55b1a147d8956ee6e27b4e84c09fa0a9,857992907869040642,indictrans2,ai4bharat/indictrans2-indic-en-1B,ai4bharat/indictrans2-indic-en-1B,Traffic Alert Traffic on the route from Zakhira to Moti Nagar is disrupted due to weddings. Please avoid using this route.,SUCCESS,2026-09-12T20:21:34.378404+00:00,20260912_blind_v5,8d8f5fcab9e03c6a1dfc90d5a2bfc7a3f92959df7f202b8e9bd65a169f2d9337,e70d05eafc540ee3bad592c2204517d90661807780a4f7740487e535977dd5d8,98b486b45f9f4e200fac3e2f34c18332d4473bcd75d9a0668fdd795ee11a820c,True,6.769601,,"{""actual_model"":""ai4bharat/indictrans2-indic-en-1B"",""decoding"":""beam search, no sampling; reproducibility limited to pinned environment/hardware"",""device"":""cpu"",""revision"":""ac3daf0ecd37be3b6957764a9179ab2b07fa9d6a"",""seed"":20260912,""torch_version"":""2.14.0+cpu""}"
record:fb97a220679f245c7e450d9e5ffb38ba7d2368666454d2396170338f0a016586,781754870340595712,indictrans2,ai4bharat/indictrans2-indic-en-1B,ai4bharat/indictrans2-indic-en-1B,Traffic Alert Shobha Yatra is taking out to commemorate Maharaja Agrasen Jayanti starting from Model Basti (Filmistan) to Pahari Dhiraj 1 / 2,SUCCESS,2026-09-12T20:21:41.147392+00:00,20260912_blind_v5,8d8f5fcab9e03c6a1dfc90d5a2bfc7a3f92959df7f202b8e9bd65a169f2d9337,840c550f2746a5df8f39e2d64bb619b946b56c1038b364efcac5d4c7fb3bae5e,75cf452cce148594410398896f198ee7d78032cdd58c15c6adfda3dbc4867dce,True,11.680596,,"{""actual_model"":""ai4bharat/indictrans2-indic-en-1B"",""decoding"":""beam search, no sampling; reproducibility limited to pinned environment/hardware"",""device"":""cpu"",""revision"":""ac3daf0ecd37be3b6957764a9179ab2b07fa9d6a"",""seed"":20260912,""torch_version"":""2.14.0+cpu""}"
record:fbab46cc08d36b7026b65e81e6dad10553c0c1c5b4ebfe57111d479e25e5cc1b,931397586958696449,indictrans2,ai4bharat/indictrans2-indic-en-1B,ai4bharat/indictrans2-indic-en-1B,"Traffic Alert A DTC bus en route from Noida to Delhi has broken down causing traffic disruption, motorists going from Noida to Sector 15 and Chilla village are requested to take DND!",SUCCESS,2026-09-12T20:21:52.828171+00:00,20260912_blind_v5,8d8f5fcab9e03c6a1dfc90d5a2bfc7a3f92959df7f202b8e9bd65a169f2d9337,3e6f486ff1db71bf317054f77ae296bd6a40db6b2f24a1e2abcb9cc45d8ebb9e,64118e78cdfabf36374b27a37e81278678faa16e31cafd519ffcb3947cdfd8a7,True,43.075517,,"{""actual_model"":""ai4bharat/indictrans2-indic-en-1B"",""decoding"":""beam search, no sampling; reproducibility limited to pinned environment/hardware"",""device"":""cpu"",""revision"":""ac3daf0ecd37be3b6957764a9179ab2b07fa9d6a"",""seed"":20260912,""torch_version"":""2.14.0+cpu""}"
record:fc366d678bdc7e4cf0b99719cd63238fe363c787eabb6d878f3bfb7feb1cdc17,911128752607727618,indictrans2,ai4bharat/indictrans2-indic-en-1B,ai4bharat/indictrans2-indic-en-1B,Traffic Alert: Demonstration underway at Dwarka Mor Metro Station en route from Uttam Nagar to Najafgarh.,SUCCESS,2026-09-12T20:22:35.905801+00:00,20260912_blind_v5,8d8f5fcab9e03c6a1dfc90d5a2bfc7a3f92959df7f202b8e9bd65a169f2d9337,e3362e12d5b8e9bf40d6d2160abfed8c7fbb230e88efe4359082495f783a0a93,04295681e8b81c99a55da0377696c3f20f215dfc257f2ade6668ad7e464743ee,True,26.808671,,"{""actual_model"":""ai4bharat/indictrans2-indic-en-1B"",""decoding"":""beam search, no sampling; reproducibility limited to pinned environment/hardware"",""device"":""cpu"",""revision"":""ac3daf0ecd37be3b6957764a9179ab2b07fa9d6a"",""seed"":20260912,""torch_version"":""2.14.0+cpu""}"
record:fcc41039bc2005f552b4db4d3a134bbfc852a5a7ba1fb89465c9f1295635b6e2,848751538805899264,indictrans2,ai4bharat/indictrans2-indic-en-1B,ai4bharat/indictrans2-indic-en-1B,Part 1 / 2... Traffic Alert Kondli to Dallupura road is under repair work due to which traffic coming from here will be diverted towards Dharamshila and Vasundhara.,SUCCESS,2026-09-12T20:23:02.709849+00:00,20260912_blind_v5,8d8f5fcab9e03c6a1dfc90d5a2bfc7a3f92959df7f202b8e9bd65a169f2d9337,8f3fe13782cdbfe8782de9af152e2aaa7c2c321ae16436789cf8b7713cb305ea,554617444cae96f024f2f4cdcc45acf4d5570bc60c751450b479bbbbae740c3b,True,21.796257,,"{""actual_model"":""ai4bharat/indictrans2-indic-en-1B"",""decoding"":""beam search, no sampling; reproducibility limited to pinned environment/hardware"",""device"":""cpu"",""revision"":""ac3daf0ecd37be3b6957764a9179ab2b07fa9d6a"",""seed"":20260912,""torch_version"":""2.14.0+cpu""}"
record:fcca0fe1c924bc0811d975db49c7031d270ae3bc393cd0fd2f8b9b40d9c9c532,919200127088132096,indictrans2,ai4bharat/indictrans2-indic-en-1B,ai4bharat/indictrans2-indic-en-1B,"Traffic Alert The road that leads to Maurya Enclave from Netaji Subhash Place has a fair on it, due to which traffic is high!",SUCCESS,2026-09-12T20:23:24.510081+00:00,20260912_blind_v5,8d8f5fcab9e03c6a1dfc90d5a2bfc7a3f92959df7f202b8e9bd65a169f2d9337,41d1f4621453c20384c066cbd1e8861cec768d066c3fb6ca48adf9f823d5cf7d,ba0f60afe9e063b4d628746957127e1417ef477548b42c7c87154f75d84516ac,True,6.389413,,"{""actual_model"":""ai4bharat/indictrans2-indic-en-1B"",""decoding"":""beam search, no sampling; reproducibility limited to pinned environment/hardware"",""device"":""cpu"",""revision"":""ac3daf0ecd37be3b6957764a9179ab2b07fa9d6a"",""seed"":20260912,""torch_version"":""2.14.0+cpu""}"
record:fdabe3b16786bdfcd7b47671bcd9402f0d8a6f9820b3971060380a7a7df4347e,594324269930258432,indictrans2,ai4bharat/indictrans2-indic-en-1B,ai4bharat/indictrans2-indic-en-1B,"Traffic Alert A Container Crashes on Mayapuri Flyover en route from Naraina to Rajouri Garden, Sorry for the inconvenience.",SUCCESS,2026-09-12T20:23:30.900273+00:00,20260912_blind_v5,8d8f5fcab9e03c6a1dfc90d5a2bfc7a3f92959df7f202b8e9bd65a169f2d9337,77a40953f5c354748e5f2b315238af85079273efd18b2fa2f6f817ee4e2196ec,d942018400d374336191fec60769112a708101e6f1a724137efef5bf3fccd7fa,True,6.068042,,"{""actual_model"":""ai4bharat/indictrans2-indic-en-1B"",""decoding"":""beam search, no sampling; reproducibility limited to pinned environment/hardware"",""device"":""cpu"",""revision"":""ac3daf0ecd37be3b6957764a9179ab2b07fa9d6a"",""seed"":20260912,""torch_version"":""2.14.0+cpu""}"
record:fdd87fd80af76c72a4f11e51c38fae8b61da78d6e45d26d1fe6ee86c86cbfc43,1068387797826887680,indictrans2,ai4bharat/indictrans2-indic-en-1B,ai4bharat/indictrans2-indic-en-1B,Traffic Alert All India Kisan Sangharsh Coordination Committee March is on Parliament Street. Traffic is affected here.,SUCCESS,2026-09-12T20:23:36.967938+00:00,20260912_blind_v5,8d8f5fcab9e03c6a1dfc90d5a2bfc7a3f92959df7f202b8e9bd65a169f2d9337,1f3873a758568fc51de893d5ef956bae33ec22642282d9e4c4564e4943297c23,c061bc8209a5c32b7ebd29d218659cab3005cb5db3efef1ac7a99690a1f1159a,True,4.429561,,"{""actual_model"":""ai4bharat/indictrans2-indic-en-1B"",""decoding"":""beam search, no sampling; reproducibility limited to pinned environment/hardware"",""device"":""cpu"",""revision"":""ac3daf0ecd37be3b6957764a9179ab2b07fa9d6a"",""seed"":20260912,""torch_version"":""2.14.0+cpu""}"
record:fdf922907944db15a0570454a003ff495693879cecd5ff76939a57932869f877,1104930770865586176,indictrans2,ai4bharat/indictrans2-indic-en-1B,ai4bharat/indictrans2-indic-en-1B,Traffic Alert An HTV at Shastri Park red light has overturned due to which traffic will be disrupted on the route from Khajuri to Zero Pusta and ISBT to Shahdara.,SUCCESS,2026-09-12T20:23:41.398177+00:00,20260912_blind_v5,8d8f5fcab9e03c6a1dfc90d5a2bfc7a3f92959df7f202b8e9bd65a169f2d9337,99753f35bf7cc0a98484bb0bbb26395365bb6ac148700d123ad0e71ea2d30069,205e0dae2a4131225c6d9d6b5f1cdff8468d5c4820d36338e742416c73cc0b62,True,43.825433,,"{""actual_model"":""ai4bharat/indictrans2-indic-en-1B"",""decoding"":""beam search, no sampling; reproducibility limited to pinned environment/hardware"",""device"":""cpu"",""revision"":""ac3daf0ecd37be3b6957764a9179ab2b07fa9d6a"",""seed"":20260912,""torch_version"":""2.14.0+cpu""}"
record:fe09a56f9d279d7c95235f0b2bf3f6f6c8741c640d8de65a45ccbff187c59db1,542007968389005312,indictrans2,ai4bharat/indictrans2-indic-en-1B,ai4bharat/indictrans2-indic-en-1B,"TRAFFIC ALERT Traffic is normal at Dariba Kalan Chandni Chowk, Fatehpuri Chowk, Khari Baoli, Sadar Bazar, Qutub Road, Bara Tooti Chowk.",SUCCESS,2026-09-12T20:24:25.223675+00:00,20260912_blind_v5,8d8f5fcab9e03c6a1dfc90d5a2bfc7a3f92959df7f202b8e9bd65a169f2d9337,6023d28b0182bac8b9e6f450de80c079d504eebef85b4168b411c57b56d2c373,43445f2bef1f889fa3beed16e8f052df8f487d0399934997af67dd4a92bb4dea,True,40.090419,,"{""actual_model"":""ai4bharat/indictrans2-indic-en-1B"",""decoding"":""beam search, no sampling; reproducibility limited to pinned environment/hardware"",""device"":""cpu"",""revision"":""ac3daf0ecd37be3b6957764a9179ab2b07fa9d6a"",""seed"":20260912,""torch_version"":""2.14.0+cpu""}"
record:fe1d64018f5e2fc4b507142435aada9946bf5ca77e5f464f7cd598ee39976a4e,1023817262648700930,indictrans2,ai4bharat/indictrans2-indic-en-1B,ai4bharat/indictrans2-indic-en-1B,Traffic Alert Traffic is affected due to waterlogging near Yusuf Sarai Market on the route from IIT to AIIMS.,SUCCESS,2026-09-12T20:25:05.314078+00:00,20260912_blind_v5,8d8f5fcab9e03c6a1dfc90d5a2bfc7a3f92959df7f202b8e9bd65a169f2d9337,dcfe49fb894ea05c0671c78ceb67c41e2005e721a63bf4eeb8bcb6e95f6893e1,3785d25db4e3571d11b86f87ed172e4ca4be37f36f900982244cc20f5d0a97d0,True,5.242403,,"{""actual_model"":""ai4bharat/indictrans2-indic-en-1B"",""decoding"":""beam search, no sampling; reproducibility limited to pinned environment/hardware"",""device"":""cpu"",""revision"":""ac3daf0ecd37be3b6957764a9179ab2b07fa9d6a"",""seed"":20260912,""torch_version"":""2.14.0+cpu""}"
record:fe1dc614b8b4a7b8563347bf2d6e3f83bfff99495a7301570ef08811312d113c,957970873436200960,indictrans2,ai4bharat/indictrans2-indic-en-1B,ai4bharat/indictrans2-indic-en-1B,Traffic Alert Bharat Parv program is going on in front of Red Fort due to which there is more movement of pedestrians. Vehicles going from Delhi Gate to Subhash Marg have been diverted towards Rajghat Shantivan.,SUCCESS,2026-09-12T20:25:10.556268+00:00,20260912_blind_v5,8d8f5fcab9e03c6a1dfc90d5a2bfc7a3f92959df7f202b8e9bd65a169f2d9337,3a6064991d6fb093856c5b7785744cbea781786ad2fe4fd9f581bd602c3ffa67,1ed78e561f430ea5b62931a22f9c927d0cf7f6b7ec4cbd3d297b2674544057d6,True,9.79698,,"{""actual_model"":""ai4bharat/indictrans2-indic-en-1B"",""decoding"":""beam search, no sampling; reproducibility limited to pinned environment/hardware"",""device"":""cpu"",""revision"":""ac3daf0ecd37be3b6957764a9179ab2b07fa9d6a"",""seed"":20260912,""torch_version"":""2.14.0+cpu""}"
record:fe6895d2d21049d486cbb45ffdccb17366d0eb8753b8ea5ef5161d6221355ec8,1088305856683229184,indictrans2,ai4bharat/indictrans2-indic-en-1B,ai4bharat/indictrans2-indic-en-1B,Traffic Alert A water pipeline has burst near Turkman Gate Delhi Stock Exchange due to which traffic will be disrupted.,SUCCESS,2026-09-12T20:25:20.353553+00:00,20260912_blind_v5,8d8f5fcab9e03c6a1dfc90d5a2bfc7a3f92959df7f202b8e9bd65a169f2d9337,3ea64dedbbf2afecee9756475546e1ea31fcfc82f3e992776ba38bea7c2599bd,a7696e7ea939b23f5d4a7401d4da20d1d8de672a41133f7abe1fc1a31f4135d6,True,5.915247,,"{""actual_model"":""ai4bharat/indictrans2-indic-en-1B"",""decoding"":""beam search, no sampling; reproducibility limited to pinned environment/hardware"",""device"":""cpu"",""revision"":""ac3daf0ecd37be3b6957764a9179ab2b07fa9d6a"",""seed"":20260912,""torch_version"":""2.14.0+cpu""}"
record:fe6abb0c93acb7285545c19e7460ef81937004f31cbb2a48f47769d97701f6e5,935907187896889344,indictrans2,ai4bharat/indictrans2-indic-en-1B,ai4bharat/indictrans2-indic-en-1B,Traffic Alert Traffic is now normal on the route from Chirag Delhi to Sheikh Sarai.,SUCCESS,2026-09-12T20:25:26.269858+00:00,20260912_blind_v5,8d8f5fcab9e03c6a1dfc90d5a2bfc7a3f92959df7f202b8e9bd65a169f2d9337,31148c93be5bdd3451f0c86781f554820132fcd4b6821eaa1e5fd99dc3ba9d01,9c3583ad030f1ab35cddc068d761b8e9f653b8fb3bb3f7e9a26907bc4816c4f5,True,13.182089,,"{""actual_model"":""ai4bharat/indictrans2-indic-en-1B"",""decoding"":""beam search, no sampling; reproducibility limited to pinned environment/hardware"",""device"":""cpu"",""revision"":""ac3daf0ecd37be3b6957764a9179ab2b07fa9d6a"",""seed"":20260912,""torch_version"":""2.14.0+cpu""}"
record:fe8c0396498acef964ab95384a22fa094668a635c5dd0aefc7f59f9e5d611924,776380645375303681,indictrans2,ai4bharat/indictrans2-indic-en-1B,ai4bharat/indictrans2-indic-en-1B,Traffic Alert Traffic on Wazirabad Bridge and Wazirabad Road is very slow due to immersion |श्याम People are very crowded for immersion at the ghat.,SUCCESS,2026-09-12T20:25:39.451563+00:00,20260912_blind_v5,8d8f5fcab9e03c6a1dfc90d5a2bfc7a3f92959df7f202b8e9bd65a169f2d9337,e22ef12417fe90ca7a1a98c54cb25981756917f6222d57eba1ccff4ccae73fe1,ce332439ba9ae5959f3d3e5970ce15d552a4719e5f14f8611646ea377cf142e5,True,37.739781,,"{""actual_model"":""ai4bharat/indictrans2-indic-en-1B"",""decoding"":""beam search, no sampling; reproducibility limited to pinned environment/hardware"",""device"":""cpu"",""revision"":""ac3daf0ecd37be3b6957764a9179ab2b07fa9d6a"",""seed"":20260912,""torch_version"":""2.14.0+cpu""}"
record:fe96d84f89f5c02bb461c8a9fa74d74dd17482dd67c7686b6472c68c5c298e9e,1026764033427300352,indictrans2,ai4bharat/indictrans2-indic-en-1B,ai4bharat/indictrans2-indic-en-1B,Traffic Alert Traffic on the route from Lal Kuan towards Mehrauli was disrupted due to a truck overturning which has been removed.,SUCCESS,2026-09-12T20:26:17.181577+00:00,20260912_blind_v5,8d8f5fcab9e03c6a1dfc90d5a2bfc7a3f92959df7f202b8e9bd65a169f2d9337,d26091a6d642469f3828e98b9770e68404ece0c051313ec5c35eb0aa27516263,9b879e5fde08f7cb3783dcd392859a60eda608938b2a10e709b5bc2f5e7bd039,True,26.384049,,"{""actual_model"":""ai4bharat/indictrans2-indic-en-1B"",""decoding"":""beam search, no sampling; reproducibility limited to pinned environment/hardware"",""device"":""cpu"",""revision"":""ac3daf0ecd37be3b6957764a9179ab2b07fa9d6a"",""seed"":20260912,""torch_version"":""2.14.0+cpu""}"
record:ffe519519f45512fcf863c02f9bef16392c11a0732f607bab4f46e8bc1d16e20,632874120347275264,indictrans2,ai4bharat/indictrans2-indic-en-1B,ai4bharat/indictrans2-indic-en-1B,Traffic Alert Traffic is diverted towards Katwaria Sarai due to water logging on route from AIIMS to IIT. Sorry for the inconvenience.,SUCCESS,2026-09-12T20:26:43.572427+00:00,20260912_blind_v5,8d8f5fcab9e03c6a1dfc90d5a2bfc7a3f92959df7f202b8e9bd65a169f2d9337,602d0e40b98914b823dbeddb0796e1fd89d559a9e6e760321afb7b5ba1f6f2b5,0bd4254bb05a602b94130a5acd2dfa4ca0e3a8f285de4cd626de4e0eee824cf7,True,11.44997,,"{""actual_model"":""ai4bharat/indictrans2-indic-en-1B"",""decoding"":""beam search, no sampling; reproducibility limited to pinned environment/hardware"",""device"":""cpu"",""revision"":""ac3daf0ecd37be3b6957764a9179ab2b07fa9d6a"",""seed"":20260912,""torch_version"":""2.14.0+cpu""}"
